"ACCIDENT_NO","ACCIDENTDATE","ACCIDENTTIME","Accident Type Desc","Day Week Description","Light Condition Desc","NO_OF_VEHICLES","NO_PERSONS","Road Geometry Desc","SEVERITY","SPEED_ZONE","VEHICLE_ID","VEHICLE_YEAR_MANUF","VEHICLE_BODY_STYLE","VEHICLE_MAKE","Vehicle Type Desc","SEX","AGE","Age Group","Road User Type Desc"
"T20190000481","9/1/19",11:30:00,"Collision with a fixed object","Wednesday","Day",1,5,"Not at intersection",3,100,"A",2010,"WAGON","NISSAN","Station Wagon","F",42,"40-49","Drivers"
"T20190000483","9/1/19",13:30:00,"Collision with vehicle","Wednesday","Day",3,3,"Cross intersection",3,60,"A",2013,"WAGON","HYNDAI","Station Wagon","F",39,"30-39","Drivers"
"T20190000483","9/1/19",13:30:00,"Collision with vehicle","Wednesday","Day",3,3,"Cross intersection",3,60,"B",2008,"SEDAN","VOLKS","Car","M",39,"30-39","Drivers"
"T20190000483","9/1/19",13:30:00,"Collision with vehicle","Wednesday","Day",3,3,"Cross intersection",3,60,"C",2018,"SEDAN","HYNDAI","Car","F",49,"40-49","Drivers"
"T20190000487","9/1/19",15:05:00,"Collision with a fixed object","Wednesday","Day",1,1,"Not at intersection",3,40,"A",2014,"SEDAN","HONDA","Car","F",75,"70+","Drivers"
"T20190000491","9/1/19",14:44:00,"Collision with vehicle","Wednesday","Day",2,2,"T intersection",3,60,"A",0,"G UNIT","IVECO","Heavy Vehicle (Rigid) > 4.5 Tonnes","M",25,"22-25","Drivers"
"T20190000491","9/1/19",14:44:00,"Collision with vehicle","Wednesday","Day",2,2,"T intersection",3,60,"B",2012,"COUPE","HYNDAI","Car","F",73,"70+","Drivers"
"T20190000495","9/1/19",15:15:00,"Collision with vehicle","Wednesday","Day",3,4,"Not at intersection",2,70,"A",2014,"SEDAN","TOYOTA","Car","M",25,"22-25","Drivers"
"T20190000495","9/1/19",15:15:00,"Collision with vehicle","Wednesday","Day",3,4,"Not at intersection",2,70,"B",2010,"SEDAN","TOYOTA","Car","M",73,"70+","Drivers"
"T20190000495","9/1/19",15:15:00,"Collision with vehicle","Wednesday","Day",3,4,"Not at intersection",2,70,"C",2005,"WAGON","HONDA","Station Wagon","M",63,"60-64","Drivers"
"T20190000496","9/1/19",17:20:00,"Collision with vehicle","Wednesday","Day",2,2,"Not at intersection",3,60,"A",2017,"SEDAN","HYNDAI","Car","M",51,"50-59","Drivers"
"T20190000497","9/1/19",17:45:00,"Collision with vehicle","Wednesday","Day",2,2,"Not at intersection",3,60,"A",2011,"SEDAN","TOYOTA","Car","F",26,"26-29","Drivers"
"T20190000497","9/1/19",17:45:00,"Collision with vehicle","Wednesday","Day",2,2,"Not at intersection",3,60,"B",2010,"SEDAN","HOLDEN","Car","F",41,"40-49","Drivers"
"T20190000498","9/1/19",16:30:00,"Collision with vehicle","Wednesday","Day",3,3,"Not at intersection",2,60,"A",2014,"WAGON","R ROV","Station Wagon","F",49,"40-49","Drivers"
"T20190000498","9/1/19",16:30:00,"Collision with vehicle","Wednesday","Day",3,3,"Not at intersection",2,60,"B",2003,"DC UTE","HOLDEN","Utility","F",59,"50-59","Drivers"
"T20190000498","9/1/19",16:30:00,"Collision with vehicle","Wednesday","Day",3,3,"Not at intersection",2,60,"C",2004,"S WAG","MAZDA","Station Wagon","F",51,"50-59","Drivers"
"T20190000500","9/1/19",16:20:00,"Collision with vehicle","Wednesday","Day",2,3,"T intersection",2,90,"A",2016,"WAGON","NISSAN","Station Wagon","F",44,"40-49","Drivers"
"T20190000500","9/1/19",16:20:00,"Collision with vehicle","Wednesday","Day",2,3,"T intersection",2,90,"B",2005,"SEDAN","TOYOTA","Car","F",54,"50-59","Drivers"
"T20190000511","9/1/19",19:10:00,"Collision with vehicle","Wednesday","Day",2,2,"T intersection",3,80,"A",2013,"SEDAN","SUZUKI","Car","F",31,"30-39","Drivers"
"T20190000511","9/1/19",19:10:00,"Collision with vehicle","Wednesday","Day",2,2,"T intersection",3,80,"B",2013,"SEDAN","MAZDA","Car","M",25,"22-25","Drivers"
"T20190000516","7/1/19",00:45:00,"Collision with a fixed object","Monday","Dark Street lights on",1,2,"Cross intersection",3,70,"A",2017,"SED","AUDI","Car","M",42,"40-49","Drivers"
"T20190000518","9/1/19",23:00:00,"Collision with vehicle","Wednesday","Dark Street lights on",2,2,"Cross intersection",3,70,"B",0,"TOURER","NISSAN","Car","M",28,"26-29","Drivers"
"T20190000521","4/1/19",15:39:00,"Collision with vehicle","Friday","Day",2,2,"Cross intersection",3,40,"A",2005,"SEDAN","TOYOTA","Car","F",23,"22-25","Drivers"
"T20190000521","4/1/19",15:39:00,"Collision with vehicle","Friday","Day",2,2,"Cross intersection",3,40,"B",2016,"WAGON","MERC B","Station Wagon","F",46,"40-49","Drivers"
"T20190000522","10/1/19",07:50:00,"Collision with vehicle","Thursday","Day",4,6,"Not at intersection",3,80,"A",2009,"VAN","MITSUB","Panel Van","M",28,"26-29","Drivers"
"T20190000522","10/1/19",07:50:00,"Collision with vehicle","Thursday","Day",4,6,"Not at intersection",3,80,"B",2010,"SED","FORD","Car","M",82,"70+","Drivers"
"T20190000522","10/1/19",07:50:00,"Collision with vehicle","Thursday","Day",4,6,"Not at intersection",3,80,"C",2014,"SEDAN","HYNDAI","Car","F",44,"40-49","Drivers"
"T20190000522","10/1/19",07:50:00,"Collision with vehicle","Thursday","Day",4,6,"Not at intersection",3,80,"D",2012,"SEDAN","SUZUKI","Car","F",55,"50-59","Drivers"
"T20190000526","10/1/19",10:36:00,"Struck Pedestrian","Thursday","Day",1,2,"Not at intersection",3,50,"A",2011,"SEDAN","TOYOTA","Car","M",62,"60-64","Drivers"
"T20190000527","5/1/19",17:50:00,"Collision with vehicle","Saturday","Day",2,2,"Cross intersection",3,60,"A",2004,"WAGON","MITSUB","Station Wagon","F",39,"30-39","Drivers"
"T20190000527","5/1/19",17:50:00,"Collision with vehicle","Saturday","Day",2,2,"Cross intersection",3,60,"B",2015,"TRAY","MAZDA","Light Commercial Vehicle (Rigid) <= 4.5 Tonnes GVM","F",50,"50-59","Drivers"
"T20190000529","10/1/19",01:30:00,"Collision with a fixed object","Thursday","Dark No street lights",1,1,"Cross intersection",3,80,"A",2008,"SEDAN","TOYOTA","Car","M",23,"22-25","Drivers"
"T20190000530","10/1/19",13:45:00,"Collision with vehicle","Thursday","Day",2,10,"Cross intersection",3,50,"A",2011,"SEDAN","NISSAN","Car","M",78,"70+","Drivers"
"T20190000530","10/1/19",13:45:00,"Collision with vehicle","Thursday","Day",2,10,"Cross intersection",3,50,"B",2016,"BUS","VOLVO","Bus/Coach","F",43,"40-49","Drivers"
"T20190000531","10/1/19",07:54:00,"Collision with vehicle","Thursday","Day",2,2,"T intersection",3,80,"A",2010,"SEDAN","FORD","Car","M",23,"22-25","Drivers"
"T20190000531","10/1/19",07:54:00,"Collision with vehicle","Thursday","Day",2,2,"T intersection",3,80,"B",2016,"WAGON","SUBARU","Station Wagon","M",63,"60-64","Drivers"
"T20190000534","10/1/19",13:09:00,"Collision with a fixed object","Thursday","Day",1,2,"Not at intersection",3,100,"A",2001,"SEDAN","TOYOTA","Car","F",26,"26-29","Drivers"
"T20190000537","10/1/19",11:48:00,"Collision with vehicle","Thursday","Day",2,3,"Cross intersection",3,80,"A",2003,"SEDAN","HOLDEN","Car","F",20,"17-21","Drivers"
"T20190000537","10/1/19",11:48:00,"Collision with vehicle","Thursday","Day",2,3,"Cross intersection",3,80,"B",2009,"UTIL","MITSUB","Utility","M",67,"64-69","Drivers"
"T20190000539","10/1/19",13:20:00,"Collision with vehicle","Thursday","Day",2,2,"Cross intersection",3,50,"A",2016,"SEDAN","KIA","Car","F",37,"30-39","Drivers"
"T20190000539","10/1/19",13:20:00,"Collision with vehicle","Thursday","Day",2,2,"Cross intersection",3,50,"B",2003,"SEDAN","MAZDA","Car","F",66,"64-69","Drivers"
"T20190000540","10/1/19",13:30:00,"Collision with vehicle","Thursday","Day",2,1,"Not at intersection",3,60,"A",2014,"SEDAN","VOLKS","Car","M",55,"50-59","Drivers"
"T20190000543","9/1/19",21:40:00,"Struck animal","Wednesday","Dark No street lights",1,2,"Not at intersection",2,100,"A",2010,"TRAY","FORD","Utility","F",32,"30-39","Drivers"
"T20190000544","10/1/19",15:30:00,"Struck Pedestrian","Thursday","Day",1,2,"Not at intersection",3,40,"A",0,"VAN","HONDA","Panel Van","F",53,"50-59","Drivers"
"T20190000545","10/1/19",16:07:00,"Collision with vehicle","Thursday","Day",2,2,"Not at intersection",3,60,"A",2011,"S WAG","MITSUB","Station Wagon","M",76,"70+","Drivers"
"T20190000546","10/1/19",14:50:00,"Collision with vehicle","Thursday","Day",2,2,"T intersection",3,50,"A",2011,"SEDAN","MAZDA","Car","M",49,"40-49","Drivers"
"T20190000546","10/1/19",14:50:00,"Collision with vehicle","Thursday","Day",2,2,"T intersection",3,50,"B",2015,"SEDAN","HOLDEN","Car","F",NA,"unknown","Drivers"
"T20190000547","10/1/19",15:57:00,"Collision with vehicle","Thursday","Day",4,5,"T intersection",2,70,"A",2017,"WAGON","MITSUB","Station Wagon","M",35,"30-39","Drivers"
"T20190000547","10/1/19",15:57:00,"Collision with vehicle","Thursday","Day",4,5,"T intersection",2,70,"B",2013,"WAGON","NISSAN","Station Wagon","F",42,"40-49","Drivers"
"T20190000547","10/1/19",15:57:00,"Collision with vehicle","Thursday","Day",4,5,"T intersection",2,70,"C",2005,"SEDAN","HOLDEN","Car","M",21,"17-21","Drivers"
"T20190000547","10/1/19",15:57:00,"Collision with vehicle","Thursday","Day",4,5,"T intersection",2,70,"D",2014,"SEDAN","MAZDA","Car","M",22,"22-25","Drivers"
"T20190000550","10/1/19",14:30:00,"Collision with vehicle","Thursday","Day",2,3,"Not at intersection",2,888,"A",2015,"DC UTE","ISUZU","Utility","M",37,"30-39","Drivers"
"T20190000551","10/1/19",17:20:00,"Collision with a fixed object","Thursday","Day",1,1,"Not at intersection",3,50,"A",2009,"SEDAN","FORD","Car","M",82,"70+","Drivers"
"T20190000552","10/1/19",17:05:00,"Collision with vehicle","Thursday","Day",2,4,"Not at intersection",3,80,"A",2011,"SEDAN","SKODA","Car","F",18,"17-21","Drivers"
"T20190000552","10/1/19",17:05:00,"Collision with vehicle","Thursday","Day",2,4,"Not at intersection",3,80,"B",2015,"DC UTE","FORD","Utility","M",41,"40-49","Drivers"
"T20190000553","10/1/19",17:30:00,"Collision with vehicle","Thursday","Day",2,2,"Cross intersection",3,50,"A",2006,"SEDAN","NISSAN","Car","F",60,"60-64","Drivers"
"T20190000553","10/1/19",17:30:00,"Collision with vehicle","Thursday","Day",2,2,"Cross intersection",3,50,"B",2001,"SEDAN","PEUG","Car","M",36,"30-39","Drivers"
"T20190000554","10/1/19",15:30:00,"Collision with vehicle","Thursday","Day",2,2,"Not at intersection",3,80,"A",2000,"S WAG","HONDA","Station Wagon","M",19,"17-21","Drivers"
"T20190000554","10/1/19",15:30:00,"Collision with vehicle","Thursday","Day",2,2,"Not at intersection",3,80,"B",2005,"VAN","KIA","Panel Van","M",62,"60-64","Drivers"
"T20190000556","10/1/19",19:45:00,"Collision with vehicle","Thursday","Day",3,2,"Not at intersection",3,40,"B",2011,"SEDAN","HOLDEN","Car","M",23,"22-25","Drivers"
"T20190000558","10/1/19",20:18:00,"Collision with vehicle","Thursday","Dark Street lights unknown",2,3,"T intersection",3,60,"A",1999,"SKIP C","VOLVO","Heavy Vehicle (Rigid) > 4.5 Tonnes","M",38,"30-39","Drivers"
"T20190000558","10/1/19",20:18:00,"Collision with vehicle","Thursday","Dark Street lights unknown",2,3,"T intersection",3,60,"B",2005,"COUPE","TOYOTA","Car","F",20,"17-21","Drivers"
"T20190000559","10/1/19",17:55:00,"Collision with a fixed object","Thursday","Day",1,1,"Not at intersection",2,70,"A",1999,"SEDAN","HOLDEN","Car","M",36,"30-39","Drivers"
"T20190000560","10/1/19",21:55:00,"Collision with vehicle","Thursday","Dark Street lights on",2,5,"Cross intersection",2,50,"A",2014,"SEDAN","MITSUB","Car","F",19,"17-21","Drivers"
"T20190000560","10/1/19",21:55:00,"Collision with vehicle","Thursday","Dark Street lights on",2,5,"Cross intersection",2,50,"B",2005,"WAGON","TOYOTA","Station Wagon","M",34,"30-39","Drivers"
"T20190000567","10/1/19",18:00:00,"Collision with vehicle","Thursday","Day",2,3,"Not at intersection",3,60,"A",2000,"SEDAN","MAZDA","Car","M",75,"70+","Drivers"
"T20190000567","10/1/19",18:00:00,"Collision with vehicle","Thursday","Day",2,3,"Not at intersection",3,60,"B",1994,"SEDAN","HONDA","Car","M",19,"17-21","Drivers"
"T20190000569","11/1/19",08:20:00,"Collision with vehicle","Friday","Day",2,2,"Cross intersection",3,60,"A",2013,"SEDAN","FORD","Car","F",34,"30-39","Drivers"
"T20190000571","11/1/19",07:20:00,"Collision with vehicle","Friday","Day",2,1,"Not at intersection",3,60,"A",2015,"WAGON","JEEP","Station Wagon","M",42,"40-49","Drivers"
"T20190000572","11/1/19",08:00:00,"Collision with a fixed object","Friday","Day",1,1,"Not at intersection",3,60,"A",1998,"SEDAN","MITSUB","Car","F",61,"60-64","Drivers"
"T20190000576","11/1/19",09:06:00,"Collision with vehicle","Friday","Day",2,2,"Cross intersection",3,60,"A",2009,"S WAG","PEUG","Station Wagon","F",76,"70+","Drivers"
"T20190000580","10/1/19",16:10:00,"Collision with vehicle","Thursday","Day",2,3,"Not at intersection",3,60,"A",2000,"SEDAN","TOYOTA","Car","M",29,"26-29","Drivers"
"T20190000580","10/1/19",16:10:00,"Collision with vehicle","Thursday","Day",2,3,"Not at intersection",3,60,"B",2011,"SEDAN","TOYOTA","Car","F",65,"64-69","Drivers"
"T20190000582","10/1/19",07:38:00,"Collision with vehicle","Thursday","Dusk/Dawn",2,2,"Not at intersection",2,80,"A",2008,"SEDAN","SUZUKI","Car","M",23,"22-25","Drivers"
"T20190000582","10/1/19",07:38:00,"Collision with vehicle","Thursday","Dusk/Dawn",2,2,"Not at intersection",2,80,"B",2012,"UTIL","HOLDEN","Utility","M",29,"26-29","Drivers"
"T20190000583","11/1/19",09:30:00,"Collision with vehicle","Friday","Day",2,2,"T intersection",3,60,"A",2017,"SEDAN","TOYOTA","Car","F",61,"60-64","Drivers"
"T20190000583","11/1/19",09:30:00,"Collision with vehicle","Friday","Day",2,2,"T intersection",3,60,"B",2012,"TRAY","ISUZU","Light Commercial Vehicle (Rigid) <= 4.5 Tonnes GVM","M",49,"40-49","Drivers"
"T20190000584","11/1/19",12:45:00,"Collision with vehicle","Friday","Day",2,2,"Not at intersection",3,40,"A",2010,"SEDAN","FORD","Car","F",28,"26-29","Drivers"
"T20190000585","10/1/19",15:33:00,"Collision with vehicle","Thursday","Day",2,2,"Cross intersection",3,80,"A",2000,"SEDAN","TOYOTA","Car","M",63,"60-64","Drivers"
"T20190000585","10/1/19",15:33:00,"Collision with vehicle","Thursday","Day",2,2,"Cross intersection",3,80,"B",2008,"SEDAN","HONDA","Car","M",36,"30-39","Drivers"
"T20190000586","11/1/19",11:15:00,"Collision with vehicle","Friday","Day",2,2,"Not at intersection",3,100,"A",2012,"S WAG","VOLKS","Station Wagon","M",67,"64-69","Drivers"
"T20190000586","11/1/19",11:15:00,"Collision with vehicle","Friday","Day",2,2,"Not at intersection",3,100,"B",2017,"P MVR","KENWTH","Prime Mover - Single Trailer","M",23,"22-25","Drivers"
"T20190000587","11/1/19",11:20:00,"Collision with vehicle","Friday","Day",2,3,"T intersection",3,60,"A",2003,"SEDAN","TOYOTA","Car","F",70,"70+","Drivers"
"T20190000587","11/1/19",11:20:00,"Collision with vehicle","Friday","Day",2,3,"T intersection",3,60,"B",2014,"S WAG","AUDI","Station Wagon","F",54,"50-59","Drivers"
"T20190000591","11/1/19",12:36:00,"Collision with vehicle","Friday","Day",2,7,"Not at intersection",2,40,"A",2014,"WAGON","MITSUB","Station Wagon","F",40,"40-49","Drivers"
"T20190000593","11/1/19",13:30:00,"Collision with vehicle","Friday","Day",2,2,"T intersection",3,60,"A",1999,"SEDAN","DAEWOO","Car","F",57,"50-59","Drivers"
"T20190000593","11/1/19",13:30:00,"Collision with vehicle","Friday","Day",2,2,"T intersection",3,60,"B",2011,"SEDAN","FORD","Car","M",47,"40-49","Drivers"
"T20190000595","11/1/19",13:28:00,"Collision with vehicle","Friday","Day",5,5,"Not at intersection",3,60,"A",1998,"UTIL","HOLDEN","Utility","M",22,"22-25","Drivers"
"T20190000595","11/1/19",13:28:00,"Collision with vehicle","Friday","Day",5,5,"Not at intersection",3,60,"B",2009,"SEDAN","HONDA","Car","F",56,"50-59","Drivers"
"T20190000595","11/1/19",13:28:00,"Collision with vehicle","Friday","Day",5,5,"Not at intersection",3,60,"C",2009,"SEDAN","HYNDAI","Car","F",19,"17-21","Drivers"
"T20190000595","11/1/19",13:28:00,"Collision with vehicle","Friday","Day",5,5,"Not at intersection",3,60,"D",2003,"SEDAN","HOLDEN","Car","M",38,"30-39","Drivers"
"T20190000595","11/1/19",13:28:00,"Collision with vehicle","Friday","Day",5,5,"Not at intersection",3,60,"E",1995,"SEDAN","FORD","Car","M",19,"17-21","Drivers"
"T20190000596","11/1/19",14:15:00,"Collision with a fixed object","Friday","Day",1,1,"T intersection",2,50,"A",2008,"SEDAN","TOYOTA","Car","M",22,"22-25","Drivers"
"T20190000599","7/1/19",17:15:00,"Collision with vehicle","Monday","Day",2,2,"T intersection",2,70,"A",1999,"S WAG","MITSUB","Station Wagon","F",73,"70+","Drivers"
"T20190000599","7/1/19",17:15:00,"Collision with vehicle","Monday","Day",2,2,"T intersection",2,70,"B",1999,"WAGON","TOYOTA","Station Wagon","M",66,"64-69","Drivers"
"T20190000603","11/1/19",11:50:00,"Collision with vehicle","Friday","Day",2,3,"Cross intersection",3,60,"A",2017,"SEDAN","HOLDEN","Car","U",NA,"unknown","Drivers"
"T20190000608","11/1/19",16:30:00,"Collision with a fixed object","Friday","Day",1,2,"Not at intersection",3,100,"A",2006,"SEDAN","SUZUKI","Car","F",18,"17-21","Drivers"
"T20190000609","11/1/19",16:05:00,"Collision with vehicle","Friday","Day",2,2,"T intersection",3,60,"A",2007,"SEDAN","NISSAN","Car","M",21,"17-21","Drivers"
"T20190000609","11/1/19",16:05:00,"Collision with vehicle","Friday","Day",2,2,"T intersection",3,60,"B",2003,"SEDAN","KIA","Car","F",56,"50-59","Drivers"
"T20190000610","11/1/19",15:58:00,"Collision with vehicle","Friday","Day",2,9,"Cross intersection",3,50,"A",2017,"WAGON","HYNDAI","Station Wagon","M",36,"30-39","Drivers"
"T20190000610","11/1/19",15:58:00,"Collision with vehicle","Friday","Day",2,9,"Cross intersection",3,50,"B",2017,"WAGON","AUDI","Station Wagon","M",38,"30-39","Drivers"
"T20190000611","9/1/19",16:00:00,"Collision with vehicle","Wednesday","Day",3,3,"Not at intersection",3,999,"A",2013,"SEDAN","TOYOTA","Car","M",58,"50-59","Drivers"
"T20190000611","9/1/19",16:00:00,"Collision with vehicle","Wednesday","Day",3,3,"Not at intersection",3,999,"B",2014,"SEDAN","MITSUB","Car","F",62,"60-64","Drivers"
"T20190000611","9/1/19",16:00:00,"Collision with vehicle","Wednesday","Day",3,3,"Not at intersection",3,999,"C",2004,"UTIL","TOYOTA","Utility","M",22,"22-25","Drivers"
"T20190000614","1/1/19",05:30:00,"Collision with a fixed object","Tuesday","Day",1,2,"Not at intersection",2,100,"A",2016,"UTIL","FORD","Utility","M",23,"22-25","Drivers"
"T20190000615","11/1/19",13:45:00,"Collision with vehicle","Friday","Day",2,2,"Not at intersection",3,70,"B",2002,"SEDAN","TOYOTA","Car","M",43,"40-49","Drivers"
"T20190000621","11/1/19",18:34:00,"Collision with vehicle","Friday","Day",2,2,"Not at intersection",3,70,"A",2015,"SEDAN","NISSAN","Car","M",24,"22-25","Drivers"
"T20190000621","11/1/19",18:34:00,"Collision with vehicle","Friday","Day",2,2,"Not at intersection",3,70,"B",2016,"SEDAN","VOLKS","Car","F",39,"30-39","Drivers"
"T20190000623","11/1/19",14:28:00,"Collision with vehicle","Friday","Day",3,4,"Cross intersection",3,60,"A",2014,"SEDAN","VOLKS","Car","U",64,"60-64","Drivers"
"T20190000623","11/1/19",14:28:00,"Collision with vehicle","Friday","Day",3,4,"Cross intersection",3,60,"B",2006,"SEDAN","NISSAN","Car","F",80,"70+","Drivers"
"T20190000623","11/1/19",14:28:00,"Collision with vehicle","Friday","Day",3,4,"Cross intersection",3,60,"C",2004,"SEDAN","FORD","Car","M",41,"40-49","Drivers"
"T20190000624","11/1/19",18:15:00,"Collision with vehicle","Friday","Day",2,2,"T intersection",2,60,"B",2016,"UTIL","MITSUB","Utility","F",29,"26-29","Drivers"
"T20190000626","11/1/19",19:50:00,"Struck Pedestrian","Friday","Day",1,4,"Not at intersection",3,70,"A",2006,"SEDAN","MAZDA","Car","M",42,"40-49","Drivers"
"T20190000627","11/1/19",17:15:00,"Collision with vehicle","Friday","Day",4,5,"Not at intersection",3,70,"A",2012,"SEDAN","NISSAN","Car","M",67,"64-69","Drivers"
"T20190000627","11/1/19",17:15:00,"Collision with vehicle","Friday","Day",4,5,"Not at intersection",3,70,"B",2014,"WAGON","SUBARU","Station Wagon","F",37,"30-39","Drivers"
"T20190000627","11/1/19",17:15:00,"Collision with vehicle","Friday","Day",4,5,"Not at intersection",3,70,"C",2015,"S WAG","HYNDAI","Station Wagon","F",37,"30-39","Drivers"
"T20190000627","11/1/19",17:15:00,"Collision with vehicle","Friday","Day",4,5,"Not at intersection",3,70,"D",2002,"UTIL","MITSUB","Utility","M",31,"30-39","Drivers"
"T20190000628","11/1/19",17:25:00,"Vehicle overturned (no collision)","Friday","Day",1,2,"Not at intersection",2,100,"A",2004,"DC UTE","MAZDA","Utility","F",59,"50-59","Drivers"
"T20190000629","11/1/19",17:55:00,"Collision with vehicle","Friday","Day",2,3,"Not at intersection",3,50,"A",2016,"UTIL","MITSUB","Utility","M",40,"40-49","Drivers"
"T20190000629","11/1/19",17:55:00,"Collision with vehicle","Friday","Day",2,3,"Not at intersection",3,50,"B",2015,"SEDAN","FORD","Car","M",47,"40-49","Drivers"
"T20190000630","11/1/19",15:51:00,"Collision with vehicle","Friday","Day",2,2,"Not at intersection",3,40,"A",2012,"WAGON","HYNDAI","Station Wagon","F",29,"26-29","Drivers"
"T20190000632","11/1/19",19:38:00,"Collision with vehicle","Friday","Day",2,3,"Cross intersection",3,50,"A",2004,"SEDAN","FORD","Car","M",25,"22-25","Drivers"
"T20190000632","11/1/19",19:38:00,"Collision with vehicle","Friday","Day",2,3,"Cross intersection",3,50,"B",2013,"WAGON","ISUZU","Station Wagon","F",47,"40-49","Drivers"
"T20190000633","11/1/19",19:15:00,"Collision with vehicle","Friday","Day",2,3,"T intersection",3,50,"A",2007,"SEDAN","HOLDEN","Car","M",20,"17-21","Drivers"
"T20190000634","11/1/19",16:00:00,"Collision with a fixed object","Friday","Day",1,2,"T intersection",2,50,"A",2006,"SEDAN","MITSUB","Car","F",28,"26-29","Drivers"
"T20190000635","11/1/19",01:25:00,"Collision with vehicle","Friday","Dark Street lights on",2,2,"T intersection",3,80,"A",2006,"SEDAN","PEUG","Car","M",24,"22-25","Drivers"
"T20190000635","11/1/19",01:25:00,"Collision with vehicle","Friday","Dark Street lights on",2,2,"T intersection",3,80,"B",2003,"SEDAN","MITSUB","Car","M",23,"22-25","Drivers"
"T20190000636","11/1/19",21:00:00,"Collision with a fixed object","Friday","Dark No street lights",1,1,"Not at intersection",2,60,"A",2008,"S WAG","MAZDA","Station Wagon","F",29,"26-29","Drivers"
"T20190000638","11/1/19",16:10:00,"Collision with a fixed object","Friday","Day",1,1,"Not at intersection",3,70,"A",2005,"SEDAN","HYNDAI","Car","F",25,"22-25","Drivers"
"T20190000639","11/1/19",19:15:00,"Collision with a fixed object","Friday","Day",1,1,"Not at intersection",3,100,"A",2006,"S WAG","FORD","Station Wagon","M",83,"70+","Drivers"
"T20190000640","11/1/19",00:35:00,"Collision with vehicle","Friday","Dark Street lights unknown",2,2,"Cross intersection",3,60,"A",2015,"SEDAN","TOYOTA","Car","M",23,"22-25","Drivers"
"T20190000640","11/1/19",00:35:00,"Collision with vehicle","Friday","Dark Street lights unknown",2,2,"Cross intersection",3,60,"B",2017,"WAGON","KIA","Station Wagon","F",49,"40-49","Drivers"
"T20190000642","11/1/19",16:07:00,"Collision with vehicle","Friday","Day",2,2,"Not at intersection",1,100,"A",2013,"DC UTE","TOYOTA","Utility","M",45,"40-49","Drivers"
"T20190000643","11/1/19",21:27:00,"Collision with a fixed object","Friday","Dark No street lights",1,2,"Multiple intersection",1,100,"A",1995,"SEDAN","HOLDEN","Car","M",20,"17-21","Drivers"
"T20190000644","12/1/19",01:42:00,"Collision with a fixed object","Saturday","Dark Street lights on",1,1,"Not at intersection",2,50,"A",2003,"WAGON","HONDA","Car","F",51,"50-59","Drivers"
"T20190000648","12/1/19",03:15:00,"Collision with a fixed object","Saturday","Dark Street lights on",1,1,"T intersection",3,60,"A",2010,"WAGON","KIA","Station Wagon","F",21,"17-21","Drivers"
"T20190000651","12/1/19",01:50:00,"Struck Pedestrian","Saturday","Dark Street lights on",1,2,"Cross intersection",3,50,"A",2012,"UTIL","FORD","Utility","M",24,"22-25","Drivers"
"T20190000653","11/1/19",23:50:00,"Collision with vehicle","Friday","Dark No street lights",2,2,"Not at intersection",3,100,"A",2003,"SEDAN","HOLDEN","Car","F",36,"30-39","Drivers"
"T20190000653","11/1/19",23:50:00,"Collision with vehicle","Friday","Dark No street lights",2,2,"Not at intersection",3,100,"B",2016,"WAGON","MAZDA","Station Wagon","F",21,"17-21","Drivers"
"T20190000655","12/1/19",08:20:00,"Collision with vehicle","Saturday","Day",2,2,"Cross intersection",3,80,"A",2001,"COUPE","TOYOTA","Car","F",25,"22-25","Drivers"
"T20190000655","12/1/19",08:20:00,"Collision with vehicle","Saturday","Day",2,2,"Cross intersection",3,80,"B",2003,"S WAG","FORD","Station Wagon","M",57,"50-59","Drivers"
"T20190000658","4/1/19",18:17:00,"Collision with vehicle","Friday","Day",2,2,"Not at intersection",3,60,"A",2001,"SEDAN","CHRYS","Car","M",54,"50-59","Drivers"
"T20190000658","4/1/19",18:17:00,"Collision with vehicle","Friday","Day",2,2,"Not at intersection",3,60,"B",2005,"SEDAN","HONDA","Car","F",60,"60-64","Drivers"
"T20190000660","11/1/19",10:20:00,"Collision with vehicle","Friday","Day",2,2,"Cross intersection",3,50,"A",2002,"S WAG","HOLDEN","Station Wagon","F",47,"40-49","Drivers"
"T20190000660","11/1/19",10:20:00,"Collision with vehicle","Friday","Day",2,2,"Cross intersection",3,50,"B",2013,"WAGON","HOLDEN","Station Wagon","M",43,"40-49","Drivers"
"T20190000661","12/1/19",10:54:00,"Collision with a fixed object","Saturday","Day",1,1,"Not at intersection",3,90,"A",2002,"SEDAN","HOLDEN","Car","M",23,"22-25","Drivers"
"T20190000662","12/1/19",11:25:00,"Collision with vehicle","Saturday","Day",2,3,"T intersection",3,60,"A",2017,"DC UTE","FORD","Utility","M",39,"30-39","Drivers"
"T20190000662","12/1/19",11:25:00,"Collision with vehicle","Saturday","Day",2,3,"T intersection",3,60,"B",1996,"SEDAN","SUBARU","Car","F",28,"26-29","Drivers"
"T20190000671","12/1/19",13:15:00,"Collision with vehicle","Saturday","Day",3,7,"T intersection",3,80,"A",2011,"WAGON","PEUG","Station Wagon","M",50,"50-59","Drivers"
"T20190000671","12/1/19",13:15:00,"Collision with vehicle","Saturday","Day",3,7,"T intersection",3,80,"B",2016,"SED","HYNDAI","Car","F",51,"50-59","Drivers"