"ACCIDENT_NO","ACCIDENTDATE","ACCIDENTTIME","Accident Type Desc","Day Week Description","Light Condition Desc","NO_OF_VEHICLES","NO_PERSONS","Road Geometry Desc","SEVERITY","SPEED_ZONE","VEHICLE_ID","VEHICLE_YEAR_MANUF","VEHICLE_BODY_STYLE","VEHICLE_MAKE","Vehicle Type Desc","SEX","AGE","Age Group","Road User Type Desc"
"T20190000674","12/1/19",09:05:00,"Collision with vehicle","Saturday","Day",4,4,"Not at intersection",2,80,"A",2003,"SEDAN","TOYOTA","Car","M",27,"26-29","Drivers"
"T20190000674","12/1/19",09:05:00,"Collision with vehicle","Saturday","Day",4,4,"Not at intersection",2,80,"B",2018,"SEDAN","KIA","Car","F",34,"30-39","Drivers"
"T20190000674","12/1/19",09:05:00,"Collision with vehicle","Saturday","Day",4,4,"Not at intersection",2,80,"C",2004,"WAGON","TOYOTA","Station Wagon","M",71,"70+","Drivers"
"T20190000674","12/1/19",09:05:00,"Collision with vehicle","Saturday","Day",4,4,"Not at intersection",2,80,"D",2003,"SEDAN","HOLDEN","Car","M",41,"40-49","Drivers"
"T20190000675","7/1/19",13:44:00,"Collision with vehicle","Monday","Day",3,3,"Cross intersection",3,60,"A",2008,"SEDAN","TOYOTA","Car","F",65,"64-69","Drivers"
"T20190000675","7/1/19",13:44:00,"Collision with vehicle","Monday","Day",3,3,"Cross intersection",3,60,"B",2012,"WAGON","SUBARU","Station Wagon","F",44,"40-49","Drivers"
"T20190000675","7/1/19",13:44:00,"Collision with vehicle","Monday","Day",3,3,"Cross intersection",3,60,"C",2014,"VAN","HYNDAI","Panel Van","M",65,"64-69","Drivers"
"T20190000676","12/1/19",10:00:00,"Collision with vehicle","Saturday","Day",2,2,"Not at intersection",2,100,"B",2016,"DC UTE","TOYOTA","Utility","M",56,"50-59","Drivers"
"T20190000678","12/1/19",14:51:00,"Struck Pedestrian","Saturday","Day",1,4,"T intersection",3,40,"A",2015,"WAGON","KIA","Station Wagon","F",62,"60-64","Drivers"
"T20190000679","12/1/19",14:50:00,"Collision with a fixed object","Saturday","Day",1,1,"Not at intersection",3,100,"A",2006,"S WAG","HOLDEN","Car","M",72,"70+","Drivers"
"T20190000682","12/1/19",16:04:00,"Collision with vehicle","Saturday","Day",3,7,"Not at intersection",3,60,"A",2008,"UTIL","TOYOTA","Utility","M",61,"60-64","Drivers"
"T20190000682","12/1/19",16:04:00,"Collision with vehicle","Saturday","Day",3,7,"Not at intersection",3,60,"B",2003,"SEDAN","FORD","Car","M",68,"64-69","Drivers"
"T20190000682","12/1/19",16:04:00,"Collision with vehicle","Saturday","Day",3,7,"Not at intersection",3,60,"C",2016,"WAGON","SUZUKI","Car","F",49,"40-49","Drivers"
"T20190000684","12/1/19",15:00:00,"Collision with vehicle","Saturday","Day",2,2,"Cross intersection",2,40,"A",2009,"SEDAN","FORD","Car","M",66,"64-69","Drivers"
"T20190000684","12/1/19",15:00:00,"Collision with vehicle","Saturday","Day",2,2,"Cross intersection",2,40,"B",2005,"SEDAN","MITSUB","Car","U",NA,"unknown","Drivers"
"T20190000685","12/1/19",07:00:00,"Collision with a fixed object","Saturday","Day",1,1,"Not at intersection",3,100,"A",2004,"SEDAN","AUDI","Car","M",35,"30-39","Drivers"
"T20190000686","12/1/19",16:36:00,"Collision with vehicle","Saturday","Day",2,4,"Cross intersection",2,80,"A",2008,"SEDAN","MITSUB","Car","M",35,"30-39","Drivers"
"T20190000686","12/1/19",16:36:00,"Collision with vehicle","Saturday","Day",2,4,"Cross intersection",2,80,"B",1988,"WAGON","NISSAN","Station Wagon","M",40,"40-49","Drivers"
"T20190000688","12/1/19",17:30:00,"Collision with vehicle","Saturday","Day",2,3,"Cross intersection",3,80,"A",2007,"SEDAN","HYNDAI","Car","M",23,"22-25","Drivers"
"T20190000688","12/1/19",17:30:00,"Collision with vehicle","Saturday","Day",2,3,"Cross intersection",3,80,"B",2015,"WAGON","NISSAN","Station Wagon","F",33,"30-39","Drivers"
"T20190000690","12/1/19",18:08:00,"Collision with vehicle","Saturday","Day",2,2,"Not at intersection",3,50,"A",2016,"SEDAN","TOYOTA","Car","F",39,"30-39","Drivers"
"T20190000692","12/1/19",19:45:00,"Collision with vehicle","Saturday","Day",2,2,"Not at intersection",3,80,"B",2014,"VAN","VOLKS","Panel Van","M",25,"22-25","Drivers"
"T20190000696","12/1/19",21:55:00,"Struck Pedestrian","Saturday","Dark Street lights on",1,3,"Not at intersection",2,60,"A",2012,"S WAG","HYNDAI","Station Wagon","M",31,"30-39","Drivers"
"T20190000697","12/1/19",22:15:00,"Collision with a fixed object","Saturday","Dark No street lights",1,2,"Not at intersection",3,100,"A",2001,"WAGON","L ROV","Station Wagon","F",17,"16-17","Drivers"
"T20190000698","12/1/19",22:30:00,"Collision with a fixed object","Saturday","Dark Street lights on",1,2,"Not at intersection",2,70,"A",2000,"SEDAN","HOLDEN","Car","F",34,"30-39","Drivers"
"T20190000699","13/1/19",00:14:00,"Collision with vehicle","Sunday","Dark No street lights",3,1,"Not at intersection",3,60,"A",2011,"SEDAN","FORD","Car","M",30,"30-39","Drivers"
"T20190000700","12/1/19",23:05:00,"Collision with a fixed object","Saturday","Dark Street lights on",1,4,"Cross intersection",3,50,"A",2005,"SEDAN","HOLDEN","Car","F",19,"17-21","Drivers"
"T20190000701","13/1/19",01:24:00,"Struck Pedestrian","Sunday","Dark Street lights on",1,2,"Cross intersection",3,60,"A",2012,"SEDAN","TOYOTA","Car","M",35,"30-39","Drivers"
"T20190000702","13/1/19",01:02:00,"Vehicle overturned (no collision)","Sunday","Dark Street lights on",1,4,"Not at intersection",2,80,"A",1996,"SEDAN","HOLDEN","Car","M",47,"40-49","Drivers"
"T20190000704","12/1/19",23:35:00,"Collision with a fixed object","Saturday","Dark No street lights",1,1,"Not at intersection",3,60,"A",2017,"VAN","TOYOTA","Panel Van","M",43,"40-49","Drivers"
"T20190000709","13/1/19",05:51:00,"Struck Pedestrian","Sunday","Dark Street lights on",1,2,"Not at intersection",2,40,"A",2014,"SEDAN","TOYOTA","Car","M",24,"22-25","Drivers"
"T20190000710","13/1/19",02:40:00,"Struck Pedestrian","Sunday","Dark Street lights on",1,2,"Not at intersection",3,60,"A",2015,"SEDAN","REN","Car","F",21,"17-21","Drivers"
"T20190000714","13/1/19",06:40:00,"No collision and no object struck","Sunday","Day",1,1,"Not at intersection",2,100,"A",2007,"WAGON","SUBARU","Station Wagon","M",24,"22-25","Drivers"
"T20190000715","8/1/19",14:45:00,"Struck Pedestrian","Tuesday","Day",1,2,"Not at intersection",3,50,"A",2014,"WAGON","MAZDA","Station Wagon","M",69,"64-69","Drivers"
"T20190000716","13/1/19",08:59:00,"Struck Pedestrian","Sunday","Day",1,2,"Cross intersection",3,60,"A",2013,"SEDAN","TOYOTA","Car","M",60,"60-64","Drivers"
"T20190000718","13/1/19",11:20:00,"Collision with a fixed object","Sunday","Day",1,1,"Not at intersection",3,100,"A",2005,"SEDAN","TOYOTA","Car","F",75,"70+","Drivers"
"T20190000721","13/1/19",10:01:00,"Collision with a fixed object","Sunday","Day",1,1,"Not at intersection",2,50,"A",2011,"SEDAN","HOLDEN","Car","M",68,"64-69","Drivers"
"T20190000722","13/1/19",11:47:00,"Collision with vehicle","Sunday","Day",3,3,"Not at intersection",3,100,"A",2016,"SEDAN","HYNDAI","Car","M",39,"30-39","Drivers"
"T20190000722","13/1/19",11:47:00,"Collision with vehicle","Sunday","Day",3,3,"Not at intersection",3,100,"B",2009,"SEDAN","TOYOTA","Car","F",25,"22-25","Drivers"
"T20190000722","13/1/19",11:47:00,"Collision with vehicle","Sunday","Day",3,3,"Not at intersection",3,100,"C",2011,"WAGON","VOLKS","Station Wagon","M",21,"17-21","Drivers"
"T20190000723","13/1/19",12:41:00,"Collision with vehicle","Sunday","Day",3,3,"T intersection",3,60,"A",2001,"SEDAN","FORD","Car","F",47,"40-49","Drivers"
"T20190000723","13/1/19",12:41:00,"Collision with vehicle","Sunday","Day",3,3,"T intersection",3,60,"B",2003,"S WAG","HOLDEN","Car","M",34,"30-39","Drivers"
"T20190000723","13/1/19",12:41:00,"Collision with vehicle","Sunday","Day",3,3,"T intersection",3,60,"C",2010,"SED","HOLDEN","Car","M",20,"17-21","Drivers"
"T20190000725","12/1/19",22:00:00,"Collision with vehicle","Saturday","Dark Street lights on",3,8,"T intersection",2,70,"A",2004,"S WAG","TOYOTA","Station Wagon","M",21,"17-21","Drivers"
"T20190000725","12/1/19",22:00:00,"Collision with vehicle","Saturday","Dark Street lights on",3,8,"T intersection",2,70,"B",2016,"WAGON","JEEP","Station Wagon","M",69,"64-69","Drivers"
"T20190000725","12/1/19",22:00:00,"Collision with vehicle","Saturday","Dark Street lights on",3,8,"T intersection",2,70,"C",2015,"WAGON","B M W","Station Wagon","M",33,"30-39","Drivers"
"T20190000726","13/1/19",11:35:00,"Collision with vehicle","Sunday","Day",3,6,"T intersection",3,100,"A",2012,"WAGON","HONDA","Station Wagon","F",42,"40-49","Drivers"
"T20190000726","13/1/19",11:35:00,"Collision with vehicle","Sunday","Day",3,6,"T intersection",3,100,"B",2005,"SEDAN","MITSUB","Car","M",35,"30-39","Drivers"
"T20190000726","13/1/19",11:35:00,"Collision with vehicle","Sunday","Day",3,6,"T intersection",3,100,"C",2016,"P MVR","SCANIA","Prime Mover - Single Trailer","M",62,"60-64","Drivers"
"T20190000729","13/1/19",13:10:00,"Collision with vehicle","Sunday","Day",2,6,"T intersection",3,60,"A",2011,"WAGON","KIA","Station Wagon","M",36,"30-39","Drivers"
"T20190000729","13/1/19",13:10:00,"Collision with vehicle","Sunday","Day",2,6,"T intersection",3,60,"B",2015,"WAGON","MAZDA","Station Wagon","M",40,"40-49","Drivers"
"T20190000730","13/1/19",12:05:00,"Collision with vehicle","Sunday","Day",2,7,"Cross intersection",3,80,"A",2010,"SEDAN","HYNDAI","Car","F",41,"40-49","Drivers"
"T20190000730","13/1/19",12:05:00,"Collision with vehicle","Sunday","Day",2,7,"Cross intersection",3,80,"B",2013,"SEDAN","HOLDEN","Car","F",71,"70+","Drivers"
"T20190000731","13/1/19",14:15:00,"Collision with vehicle","Sunday","Day",2,3,"Not at intersection",3,60,"A",2001,"SEDAN","TOYOTA","Car","U",NA,"unknown","Drivers"
"T20190000731","13/1/19",14:15:00,"Collision with vehicle","Sunday","Day",2,3,"Not at intersection",3,60,"B",2004,"SEDAN","HOLDEN","Car","F",18,"17-21","Drivers"
"T20190000732","13/1/19",11:10:00,"Collision with vehicle","Sunday","Day",2,2,"T intersection",3,60,"A",2010,"VAN","MERC B","Panel Van","M",69,"64-69","Drivers"
"T20190000733","13/1/19",14:42:00,"Collision with vehicle","Sunday","Day",2,3,"Not at intersection",3,100,"A",2016,"SEDAN","SUZUKI","Car","F",32,"30-39","Drivers"
"T20190000733","13/1/19",14:42:00,"Collision with vehicle","Sunday","Day",2,3,"Not at intersection",3,100,"B",2008,"SEDAN","JAGUAR","Car","M",82,"70+","Drivers"
"T20190000735","13/1/19",15:10:00,"Collision with vehicle","Sunday","Day",2,2,"T intersection",3,100,"A",2016,"S WAG","KIA","Station Wagon","F",26,"26-29","Drivers"
"T20190000735","13/1/19",15:10:00,"Collision with vehicle","Sunday","Day",2,2,"T intersection",3,100,"B",1988,"UTIL","SUBARU","Utility","F",67,"64-69","Drivers"
"T20190000737","13/1/19",15:20:00,"Collision with a fixed object","Sunday","Day",1,1,"T intersection",3,50,"A",2007,"SEDAN","TOYOTA","Car","M",78,"70+","Drivers"
"T20190000738","13/1/19",12:20:00,"Collision with vehicle","Sunday","Day",2,7,"Not at intersection",2,80,"A",2017,"WAGON","NISSAN","Station Wagon","F",49,"40-49","Drivers"
"T20190000738","13/1/19",12:20:00,"Collision with vehicle","Sunday","Day",2,7,"Not at intersection",2,80,"B",2014,"WAGON","AUDI","Station Wagon","M",64,"60-64","Drivers"
"T20190000740","13/1/19",14:00:00,"Collision with a fixed object","Sunday","Day",1,1,"Not at intersection",2,100,"A",1984,"TRAY","HINO","Heavy Vehicle (Rigid) > 4.5 Tonnes","F",50,"50-59","Drivers"
"T20190000745","13/1/19",13:15:00,"Collision with vehicle","Sunday","Day",3,10,"Not at intersection",2,80,"A",2003,"SEDAN","HOLDEN","Car","M",34,"30-39","Drivers"
"T20190000745","13/1/19",13:15:00,"Collision with vehicle","Sunday","Day",3,10,"Not at intersection",2,80,"B",2014,"WAGON","TOYOTA","Station Wagon","M",28,"26-29","Drivers"
"T20190000745","13/1/19",13:15:00,"Collision with vehicle","Sunday","Day",3,10,"Not at intersection",2,80,"C",2011,"WAGON","HOLDEN","Station Wagon","M",59,"50-59","Drivers"
"T20190000746","13/1/19",15:30:00,"Collision with vehicle","Sunday","Day",2,6,"Not at intersection",2,100,"B",2005,"S WAG","HOLDEN","Station Wagon","M",21,"17-21","Drivers"
"T20190000748","13/1/19",12:30:00,"Collision with vehicle","Sunday","Day",2,2,"T intersection",2,60,"A",2016,"UTIL","FORD","Utility","M",46,"40-49","Drivers"
"T20190000751","7/1/19",12:00:00,"Collision with vehicle","Monday","Day",2,2,"Not at intersection",3,50,"B",2012,"SEDAN","FORD","Car","M",64,"60-64","Drivers"
"T20190000752","13/1/19",18:40:00,"Collision with vehicle","Sunday","Day",2,2,"T intersection",2,80,"B",2014,"VAN","REN","Panel Van","M",29,"26-29","Drivers"
"T20190000753","13/1/19",19:45:00,"Collision with vehicle","Sunday","Dusk/Dawn",2,6,"Not at intersection",3,60,"A",2007,"WAGON","FORD","Station Wagon","M",39,"30-39","Drivers"
"T20190000753","13/1/19",19:45:00,"Collision with vehicle","Sunday","Dusk/Dawn",2,6,"Not at intersection",3,60,"B",2008,"WAGON","NISSAN","Station Wagon","M",33,"30-39","Drivers"
"T20190000758","13/1/19",20:07:00,"Collision with a fixed object","Sunday","Day",1,1,"Not at intersection",3,60,"A",2015,"SED","TOYOTA","Car","F",26,"26-29","Drivers"
"T20190000759","13/1/19",16:49:00,"Collision with vehicle","Sunday","Day",2,2,"T intersection",3,80,"A",2002,"WAGON","SUBARU","Station Wagon","F",24,"22-25","Drivers"
"T20190000759","13/1/19",16:49:00,"Collision with vehicle","Sunday","Day",2,2,"T intersection",3,80,"B",2014,"SEDAN","FORD","Car","F",41,"40-49","Drivers"
"T20190000760","13/1/19",20:50:00,"Collision with a fixed object","Sunday","Dark Street lights on",1,1,"Not at intersection",2,60,"A",2002,"SEDAN","MAZDA","Car","M",74,"70+","Drivers"
"T20190000761","13/1/19",17:30:00,"Collision with vehicle","Sunday","Day",3,5,"Not at intersection",1,60,"A",1990,"SEDAN","MAZDA","Car","M",87,"70+","Drivers"
"T20190000761","13/1/19",17:30:00,"Collision with vehicle","Sunday","Day",3,5,"Not at intersection",1,60,"B",2014,"SEDAN","TOYOTA","Car","M",38,"30-39","Drivers"
"T20190000761","13/1/19",17:30:00,"Collision with vehicle","Sunday","Day",3,5,"Not at intersection",1,60,"C",2006,"SEDAN","MITSUB","Car","M",25,"22-25","Drivers"
"T20190000762","13/1/19",15:30:00,"Collision with vehicle","Sunday","Day",2,2,"T intersection",3,60,"A",2018,"WAGON","FORD","Station Wagon","M",61,"60-64","Drivers"
"T20190000762","13/1/19",15:30:00,"Collision with vehicle","Sunday","Day",2,2,"T intersection",3,60,"B",2008,"WAGON","JEEP","Station Wagon","M",39,"30-39","Drivers"
"T20190000764","13/1/19",20:50:00,"Collision with vehicle","Sunday","Dusk/Dawn",3,7,"Cross intersection",3,80,"A",2007,"SEDAN","HOLDEN","Car","M",28,"26-29","Drivers"
"T20190000764","13/1/19",20:50:00,"Collision with vehicle","Sunday","Dusk/Dawn",3,7,"Cross intersection",3,80,"B",2012,"SEDAN","TOYOTA","Car","F",22,"22-25","Drivers"
"T20190000764","13/1/19",20:50:00,"Collision with vehicle","Sunday","Dusk/Dawn",3,7,"Cross intersection",3,80,"C",2007,"SEDAN","HONDA","Car","M",55,"50-59","Drivers"
"T20190000766","13/1/19",22:45:00,"Collision with a fixed object","Sunday","Dark No street lights",1,1,"Not at intersection",3,100,"A",2012,"WAGON","VOLVO","Station Wagon","M",36,"30-39","Drivers"
"T20190000767","14/1/19",00:35:00,"Collision with vehicle","Monday","Dark Street lights on",2,3,"Not at intersection",3,50,"A",2011,"WAGON","TOYOTA","Station Wagon","F",24,"22-25","Drivers"
"T20190000770","14/1/19",02:50:00,"collision with some other object","Monday","Dark Street lights on",1,1,"T intersection",3,60,"A",2016,"SEDAN","MAZDA","Car","M",25,"22-25","Drivers"
"T20190000773","14/1/19",04:45:00,"Collision with vehicle","Monday","Dusk/Dawn",2,7,"Cross intersection",2,80,"A",0,"SED","VOLKSW","Car","M",20,"17-21","Drivers"
"T20190000773","14/1/19",04:45:00,"Collision with vehicle","Monday","Dusk/Dawn",2,7,"Cross intersection",2,80,"B",2009,"SEDAN","TOYOTA","Car","M",44,"40-49","Drivers"
"T20190000775","14/1/19",09:10:00,"Collision with vehicle","Monday","Day",2,2,"Not at intersection",3,100,"A",2017,"SEDAN","MAZDA","Car","F",25,"22-25","Drivers"
"T20190000775","14/1/19",09:10:00,"Collision with vehicle","Monday","Day",2,2,"Not at intersection",3,100,"B",2005,"P MVR","KENWTH","Prime Mover - Single Trailer","M",43,"40-49","Drivers"
"T20190000776","14/1/19",06:10:00,"Collision with vehicle","Monday","Dusk/Dawn",2,2,"T intersection",2,60,"A",2013,"G UNIT","IVECO","Heavy Vehicle (Rigid) > 4.5 Tonnes","M",34,"30-39","Drivers"
"T20190000778","11/1/19",20:00:00,"Struck Pedestrian","Friday","Day",1,4,"Not at intersection",3,30,"A",2005,"SEDAN","FORD","Car","M",20,"17-21","Drivers"
"T20190000780","14/1/19",07:18:00,"Collision with vehicle","Monday","Day",4,4,"Cross intersection",2,60,"A",2015,"SEDAN","HYNDAI","Car","F",31,"30-39","Drivers"
"T20190000780","14/1/19",07:18:00,"Collision with vehicle","Monday","Day",4,4,"Cross intersection",2,60,"B",2017,"SEDAN","KIA","Car","U",NA,"unknown","Drivers"
"T20190000780","14/1/19",07:18:00,"Collision with vehicle","Monday","Day",4,4,"Cross intersection",2,60,"C",2011,"SEDAN","HONDA","Car","F",22,"22-25","Drivers"
"T20190000780","14/1/19",07:18:00,"Collision with vehicle","Monday","Day",4,4,"Cross intersection",2,60,"D",2012,"SEDAN","HOLDEN","Car","F",41,"40-49","Drivers"
"T20190000782","14/1/19",11:15:00,"Collision with vehicle","Monday","Day",2,3,"T intersection",2,80,"A",2014,"DC UTE","MITSUB","Utility","M",29,"26-29","Drivers"
"T20190000784","14/1/19",12:20:00,"Collision with a fixed object","Monday","Day",1,1,"Not at intersection",3,80,"A",2005,"WAGON","FORD","Station Wagon","M",25,"22-25","Drivers"
"T20190000787","14/1/19",07:40:00,"Collision with vehicle","Monday","Day",2,2,"T intersection",3,100,"A",2018,"TRAY","IVECO","Light Commercial Vehicle (Rigid) <= 4.5 Tonnes GVM","M",85,"70+","Drivers"
"T20190000787","14/1/19",07:40:00,"Collision with vehicle","Monday","Day",2,2,"T intersection",3,100,"B",2018,"DC UTE","MITSUB","Utility","M",51,"50-59","Drivers"
"T20190000791","14/1/19",10:10:00,"Collision with a fixed object","Monday","Day",1,2,"Multiple intersection",2,110,"A",2003,"SED","HOLDEN","Car","M",43,"40-49","Drivers"
"T20190000793","14/1/19",15:31:00,"Collision with a fixed object","Monday","Day",1,1,"Not at intersection",3,50,"A",2018,"WAGON","MAZDA","Station Wagon","F",24,"22-25","Drivers"
"T20190000794","14/1/19",14:00:00,"Collision with vehicle","Monday","Day",2,2,"Cross intersection",3,60,"A",2013,"SEDAN","TOYOTA","Car","F",22,"22-25","Drivers"
"T20190000794","14/1/19",14:00:00,"Collision with vehicle","Monday","Day",2,2,"Cross intersection",3,60,"B",2010,"SEDAN","TOYOTA","Car","F",24,"22-25","Drivers"
"T20190000799","14/1/19",11:28:00,"Collision with a fixed object","Monday","Day",1,1,"Not at intersection",2,50,"A",2016,"WAGON","FORD","Station Wagon","F",23,"22-25","Drivers"
"T20190000802","14/1/19",16:39:00,"Collision with vehicle","Monday","Day",3,3,"Not at intersection",3,100,"A",2001,"SEDAN","MITSUB","Car","M",21,"17-21","Drivers"
"T20190000802","14/1/19",16:39:00,"Collision with vehicle","Monday","Day",3,3,"Not at intersection",3,100,"B",2008,"SEDAN","HYNDAI","Car","F",20,"17-21","Drivers"
"T20190000802","14/1/19",16:39:00,"Collision with vehicle","Monday","Day",3,3,"Not at intersection",3,100,"C",2007,"WAGON","TOYOTA","Car","M",52,"50-59","Drivers"
"T20190000803","14/1/19",15:20:00,"Collision with vehicle","Monday","Day",2,2,"Cross intersection",2,50,"A",2018,"WAGON","SUBARU","Station Wagon","F",61,"60-64","Drivers"
"T20190000803","14/1/19",15:20:00,"Collision with vehicle","Monday","Day",2,2,"Cross intersection",2,50,"B",2014,"SEDAN","FIAT","Car","F",71,"70+","Drivers"
"T20190000804","14/1/19",16:25:00,"Collision with vehicle","Monday","Day",2,3,"Not at intersection",2,60,"A",2004,"SEDAN","PEUG","Car","F",49,"40-49","Drivers"
"T20190000804","14/1/19",16:25:00,"Collision with vehicle","Monday","Day",2,3,"Not at intersection",2,60,"B",1984,"S WAG","SUZUKI","Car","M",40,"40-49","Drivers"
"T20190000808","14/1/19",15:29:00,"Collision with vehicle","Monday","Day",3,2,"Not at intersection",3,50,"A",2001,"SEDAN","FORD","Car","M",75,"70+","Drivers"
"T20190000808","14/1/19",15:29:00,"Collision with vehicle","Monday","Day",3,2,"Not at intersection",3,50,"C",2017,"SEDAN","TOYOTA","Car","F",61,"60-64","Drivers"
"T20190000810","14/1/19",20:00:00,"Collision with a fixed object","Monday","Day",1,2,"Not at intersection",2,60,"A",2003,"CARVN","TOYOTA","Panel Van","F",39,"30-39","Drivers"
"T20190000811","14/1/19",19:45:00,"Collision with vehicle","Monday","Day",2,3,"Cross intersection",3,60,"B",2002,"SEDAN","HOLDEN","Car","F",24,"22-25","Drivers"
"T20190000813","11/1/19",11:20:00,"Collision with vehicle","Friday","Day",2,2,"T intersection",2,50,"A",2010,"SEDAN","MITSUB","Car","F",47,"40-49","Drivers"
"T20190000813","11/1/19",11:20:00,"Collision with vehicle","Friday","Day",2,2,"T intersection",2,50,"B",1994,"TANKER","MITSUB","Light Commercial Vehicle (Rigid) <= 4.5 Tonnes GVM","M",38,"30-39","Drivers"
"T20190000815","14/1/19",14:30:00,"Vehicle overturned (no collision)","Monday","Day",1,1,"Not at intersection",3,100,"A",2010,"TRAY","ISUZU","Heavy Vehicle (Rigid) > 4.5 Tonnes","M",48,"40-49","Drivers"
"T20190000817","14/1/19",22:00:00,"Collision with vehicle","Monday","Dark Street lights on",3,3,"T intersection",3,60,"A",2006,"SEDAN","HONDA","Car","M",42,"40-49","Drivers"
"T20190000817","14/1/19",22:00:00,"Collision with vehicle","Monday","Dark Street lights on",3,3,"T intersection",3,60,"B",2008,"SEDAN","TOYOTA","Car","F",25,"22-25","Drivers"
"T20190000817","14/1/19",22:00:00,"Collision with vehicle","Monday","Dark Street lights on",3,3,"T intersection",3,60,"C",2014,"WAGON","HOLDEN","Station Wagon","F",66,"64-69","Drivers"
"T20190000819","14/1/19",00:45:00,"Collision with a fixed object","Monday","Dark Street lights on",1,1,"Not at intersection",3,60,"A",2011,"WAGON","HOLDEN","Station Wagon","M",47,"40-49","Drivers"
"T20190000820","15/1/19",01:30:00,"Collision with vehicle","Tuesday","Dark Street lights on",2,2,"T intersection",2,70,"A",0,"SED","HOLDEN","Car","M",47,"40-49","Drivers"
"T20190000820","15/1/19",01:30:00,"Collision with vehicle","Tuesday","Dark Street lights on",2,2,"T intersection",2,70,"B",2005,"WAGON","HOLDEN","Station Wagon","F",35,"30-39","Drivers"
"T20190000822","15/1/19",01:00:00,"Collision with a fixed object","Tuesday","Dark Street lights unknown",1,1,"T intersection",2,50,"A",1997,"SEDAN","TOYOTA","Car","F",25,"22-25","Drivers"
"T20190000824","14/1/19",16:00:00,"Collision with a fixed object","Monday","Day",1,2,"Not at intersection",2,70,"A",2011,"SEDAN","HOLDEN","Car","F",47,"40-49","Drivers"
"T20190000827","15/1/19",08:45:00,"Collision with vehicle","Tuesday","Day",2,3,"T intersection",3,50,"A",2017,"WAGON","HONDA","Station Wagon","M",72,"70+","Drivers"
"T20190000827","15/1/19",08:45:00,"Collision with vehicle","Tuesday","Day",2,3,"T intersection",3,50,"B",2011,"SEDAN","MAZDA","Car","M",27,"26-29","Drivers"
"T20190000836","15/1/19",07:15:00,"Struck Pedestrian","Tuesday","Day",1,2,"Not at intersection",2,40,"A",1983,"TIPPER","MERC B","Heavy Vehicle (Rigid) > 4.5 Tonnes","M",33,"30-39","Drivers"
"T20190000839","15/1/19",10:15:00,"Collision with vehicle","Tuesday","Day",3,3,"Not at intersection",3,80,"A",2008,"T SDS","U D","Heavy Vehicle (Rigid) > 4.5 Tonnes","M",42,"40-49","Drivers"
"T20190000839","15/1/19",10:15:00,"Collision with vehicle","Tuesday","Day",3,3,"Not at intersection",3,80,"B",2011,"G UNIT","IVECO","Heavy Vehicle (Rigid) > 4.5 Tonnes","M",53,"50-59","Drivers"
"T20190000839","15/1/19",10:15:00,"Collision with vehicle","Tuesday","Day",3,3,"Not at intersection",3,80,"C",2015,"DC UTE","MAZDA","Utility","M",31,"30-39","Drivers"
"T20190000840","15/1/19",07:45:00,"Collision with a fixed object","Tuesday","Day",1,1,"Not at intersection",2,100,"A",2016,"SEDAN","KIA","Car","F",25,"22-25","Drivers"
"T20190000844","15/1/19",06:53:00,"Collision with vehicle","Tuesday","Dusk/Dawn",2,2,"Cross intersection",3,80,"A",2005,"SEDAN","NISSAN","Car","F",54,"50-59","Drivers"
"T20190000844","15/1/19",06:53:00,"Collision with vehicle","Tuesday","Dusk/Dawn",2,2,"Cross intersection",3,80,"B",2005,"TIPPER","SCANIA","Prime Mover Only","M",23,"22-25","Drivers"
"T20190000845","15/1/19",07:55:00,"Collision with vehicle","Tuesday","Unknown",2,2,"Not at intersection",3,999,"A",2018,"WAGON","VOLKS","Station Wagon","F",59,"50-59","Drivers"
"T20190000845","15/1/19",07:55:00,"Collision with vehicle","Tuesday","Unknown",2,2,"Not at intersection",3,999,"B",2018,"WAGON","MITSUB","Station Wagon","F",32,"30-39","Drivers"
"T20190000847","15/1/19",14:00:00,"collision with some other object","Tuesday","Day",1,1,"Not at intersection",3,100,"A",0,"S WAG","SUBARU","Station Wagon","F",68,"64-69","Drivers"
"T20190000851","15/1/19",15:10:00,"Collision with vehicle","Tuesday","Day",2,2,"Not at intersection",2,60,"A",2007,"SEDAN","MAZDA","Car","F",27,"26-29","Drivers"
"T20190000852","15/1/19",14:20:00,"Collision with vehicle","Tuesday","Day",2,3,"Cross intersection",3,60,"A",2007,"SEDAN","HOLDEN","Car","M",52,"50-59","Drivers"
"T20190000852","15/1/19",14:20:00,"Collision with vehicle","Tuesday","Day",2,3,"Cross intersection",3,60,"B",2018,"SEDAN","HYNDAI","Car","F",29,"26-29","Drivers"
"T20190000853","15/1/19",15:00:00,"Struck Pedestrian","Tuesday","Day",1,3,"Not at intersection",2,60,"A",1998,"SEDAN","TOYOTA","Car","F",78,"70+","Drivers"
"T20190000857","15/1/19",08:45:00,"Collision with vehicle","Tuesday","Day",2,2,"Not at intersection",2,80,"A",2000,"UTIL","FORD","Utility","M",79,"70+","Drivers"
"T20190000858","15/1/19",13:30:00,"Collision with vehicle","Tuesday","Day",2,7,"Not at intersection",2,60,"A",2017,"WAGON","NISSAN","Station Wagon","M",35,"30-39","Drivers"
"T20190000858","15/1/19",13:30:00,"Collision with vehicle","Tuesday","Day",2,7,"Not at intersection",2,60,"B",2017,"BUS","SCANIA","Bus/Coach","M",47,"40-49","Drivers"
"T20190000861","15/1/19",14:10:00,"Collision with vehicle","Tuesday","Day",2,4,"T intersection",3,60,"A",2014,"S WAG","HOLDEN","Station Wagon","F",40,"40-49","Drivers"