"ACCIDENT_NO","ACCIDENTDATE","ACCIDENTTIME","Accident Type Desc","Day Week Description","Light Condition Desc","NO_OF_VEHICLES","NO_PERSONS","Road Geometry Desc","SEVERITY","SPEED_ZONE","VEHICLE_ID","VEHICLE_YEAR_MANUF","VEHICLE_BODY_STYLE","VEHICLE_MAKE","Vehicle Type Desc","SEX","AGE","Age Group","Road User Type Desc"
"T20190000861","15/1/19",14:10:00,"Collision with vehicle","Tuesday","Day",2,4,"T intersection",3,60,"B",1998,"SEDAN","FORD","Car","M",60,"60-64","Drivers"
"T20190000862","15/1/19",18:50:00,"Collision with vehicle","Tuesday","Day",2,2,"Cross intersection",3,60,"A",2008,"SEDAN","TOYOTA","Car","F",19,"17-21","Drivers"
"T20190000862","15/1/19",18:50:00,"Collision with vehicle","Tuesday","Day",2,2,"Cross intersection",3,60,"B",0,"SED","B M W","Car","F",36,"30-39","Drivers"
"T20190000863","15/1/19",18:23:00,"Struck Pedestrian","Tuesday","Day",1,2,"Not at intersection",2,40,"A",2016,"SEDAN","PEUG","Car","F",56,"50-59","Drivers"
"T20190000864","15/1/19",18:30:00,"Collision with vehicle","Tuesday","Day",2,3,"T intersection",3,60,"A",2006,"SEDAN","HOLDEN","Car","M",52,"50-59","Drivers"
"T20190000864","15/1/19",18:30:00,"Collision with vehicle","Tuesday","Day",2,3,"T intersection",3,60,"B",2018,"SEDAN","SUZUKI","Car","F",37,"30-39","Drivers"
"T20190000865","15/1/19",17:18:00,"Collision with a fixed object","Tuesday","Day",2,3,"Not at intersection",3,100,"A",2003,"DC UTE","HOLDEN","Utility","M",17,"16-17","Drivers"
"T20190000865","15/1/19",17:18:00,"Collision with a fixed object","Tuesday","Day",2,3,"Not at intersection",3,100,"B",2001,"F UNIT","ISUZU","Heavy Vehicle (Rigid) > 4.5 Tonnes","M",35,"30-39","Drivers"
"T20190000867","15/1/19",10:15:00,"Collision with vehicle","Tuesday","Day",2,5,"Not at intersection",3,999,"A",2018,"WAGON","TOYOTA","Station Wagon","F",34,"30-39","Drivers"
"T20190000867","15/1/19",10:15:00,"Collision with vehicle","Tuesday","Day",2,5,"Not at intersection",3,999,"B",2018,"UTIL","MITSUB","Utility","M",23,"22-25","Drivers"
"T20190000869","15/1/19",19:25:00,"Collision with vehicle","Tuesday","Day",2,3,"Cross intersection",3,60,"A",2010,"WAGON","B M W","Station Wagon","M",60,"60-64","Drivers"
"T20190000869","15/1/19",19:25:00,"Collision with vehicle","Tuesday","Day",2,3,"Cross intersection",3,60,"B",2016,"WAGON","UNKN","Station Wagon","F",57,"50-59","Drivers"
"T20190000870","15/1/19",19:50:00,"Collision with vehicle","Tuesday","Day",2,2,"Cross intersection",2,60,"A",2008,"SED","AUDI","Car","M",29,"26-29","Drivers"
"T20190000874","15/1/19",12:15:00,"Vehicle overturned (no collision)","Tuesday","Day",1,1,"Not at intersection",3,100,"A",2015,"P MVR","SCANIA","Prime Mover B-Double","M",60,"60-64","Drivers"
"T20190000878","15/1/19",22:40:00,"Collision with a fixed object","Tuesday","Dark No street lights",1,2,"Not at intersection",3,100,"A",2008,"SEDAN","NISSAN","Car","M",41,"40-49","Drivers"
"T20190000881","16/1/19",07:45:00,"Collision with vehicle","Wednesday","Day",2,2,"Cross intersection",2,50,"A",2014,"SEDAN","SUZUKI","Car","F",27,"26-29","Drivers"
"T20190000882","16/1/19",07:55:00,"Collision with vehicle","Wednesday","Day",2,2,"Not at intersection",2,60,"C",2011,"SEDAN","MAZDA","Car","F",34,"30-39","Drivers"
"T20190000886","16/1/19",08:40:00,"Collision with vehicle","Wednesday","Day",2,2,"Cross intersection",3,60,"A",2018,"SEDAN","SUBARU","Car","F",51,"50-59","Drivers"
"T20190000887","16/1/19",08:15:00,"Struck Pedestrian","Wednesday","Day",1,2,"Not at intersection",2,999,"A",2017,"WAGON","HYNDAI","Station Wagon","F",58,"50-59","Drivers"
"T20190000896","16/1/19",09:35:00,"Collision with vehicle","Wednesday","Day",2,3,"T intersection",2,70,"A",2004,"TIPPER","F LINE","Heavy Vehicle (Rigid) > 4.5 Tonnes","M",53,"50-59","Drivers"
"T20190000896","16/1/19",09:35:00,"Collision with vehicle","Wednesday","Day",2,3,"T intersection",2,70,"B",2010,"SEDAN","HYNDAI","Car","M",76,"70+","Drivers"
"T20190000899","16/1/19",09:45:00,"Vehicle overturned (no collision)","Wednesday","Day",1,1,"Not at intersection",3,100,"A",2008,"SEDAN","HOLDEN","Car","F",25,"22-25","Drivers"
"T20190000900","16/1/19",12:04:00,"Collision with vehicle","Wednesday","Day",3,1,"Not at intersection",3,80,"A",2009,"SEDAN","FORD","Car","F",27,"26-29","Drivers"
"T20190000902","15/1/19",15:00:00,"Collision with vehicle","Tuesday","Day",2,2,"Not at intersection",2,100,"A",2006,"S WAG","SUBARU","Station Wagon","M",31,"30-39","Drivers"
"T20190000902","15/1/19",15:00:00,"Collision with vehicle","Tuesday","Day",2,2,"Not at intersection",2,100,"B",2017,"DC UTE","TOYOTA","Utility","M",56,"50-59","Drivers"
"T20190000903","16/1/19",11:40:00,"Struck Pedestrian","Wednesday","Day",1,2,"Cross intersection",3,60,"A",2007,"SEDAN","VOLKS","Car","M",72,"70+","Drivers"
"T20190000904","16/1/19",09:00:00,"Collision with vehicle","Wednesday","Day",3,3,"T intersection",2,60,"A",2011,"SEDAN","MITSUB","Car","F",37,"30-39","Drivers"
"T20190000904","16/1/19",09:00:00,"Collision with vehicle","Wednesday","Day",3,3,"T intersection",2,60,"B",2001,"SEDAN","HONDA","Car","F",40,"40-49","Drivers"
"T20190000904","16/1/19",09:00:00,"Collision with vehicle","Wednesday","Day",3,3,"T intersection",2,60,"C",1997,"SEDAN","CHRYS","Car","F",22,"22-25","Drivers"
"T20190000905","16/1/19",10:45:00,"Collision with vehicle","Wednesday","Day",5,6,"Not at intersection",3,80,"A",2014,"SEDAN","HOLDEN","Car","M",70,"70+","Drivers"
"T20190000905","16/1/19",10:45:00,"Collision with vehicle","Wednesday","Day",5,6,"Not at intersection",3,80,"B",2012,"WAGON","FORD","Station Wagon","M",21,"17-21","Drivers"
"T20190000905","16/1/19",10:45:00,"Collision with vehicle","Wednesday","Day",5,6,"Not at intersection",3,80,"C",2017,"WAGON","VOLKS","Station Wagon","M",33,"30-39","Drivers"
"T20190000905","16/1/19",10:45:00,"Collision with vehicle","Wednesday","Day",5,6,"Not at intersection",3,80,"D",2006,"SEDAN","TOYOTA","Car","F",41,"40-49","Drivers"
"T20190000905","16/1/19",10:45:00,"Collision with vehicle","Wednesday","Day",5,6,"Not at intersection",3,80,"E",2014,"SEDAN","MAZDA","Car","M",45,"40-49","Drivers"
"T20190000907","16/1/19",12:45:00,"Collision with vehicle","Wednesday","Day",2,2,"Not at intersection",2,70,"B",2009,"WAGON","VOLVO","Station Wagon","M",38,"30-39","Drivers"
"T20190000908","16/1/19",11:57:00,"Collision with vehicle","Wednesday","Day",2,2,"T intersection",2,60,"A",2007,"SEDAN","NISSAN","Car","F",82,"70+","Drivers"
"T20190000909","16/1/19",12:30:00,"Collision with vehicle","Wednesday","Day",2,2,"T intersection",2,60,"B",2017,"P MVR","W STAR","Prime Mover - Single Trailer","M",59,"50-59","Drivers"
"T20190000910","16/1/19",13:51:00,"Collision with vehicle","Wednesday","Day",2,2,"Cross intersection",2,70,"A",2006,"SEDAN","MAZDA","Car","F",36,"30-39","Drivers"
"T20190000910","16/1/19",13:51:00,"Collision with vehicle","Wednesday","Day",2,2,"Cross intersection",2,70,"B",2004,"SEDAN","TOYOTA","Car","F",87,"70+","Drivers"
"T20190000913","16/1/19",13:30:00,"Collision with vehicle","Wednesday","Day",2,3,"Cross intersection",3,100,"A",2003,"SEDAN","MAZDA","Car","F",21,"17-21","Drivers"
"T20190000913","16/1/19",13:30:00,"Collision with vehicle","Wednesday","Day",2,3,"Cross intersection",3,100,"B",2000,"SEDAN","HYNDAI","Car","F",18,"17-21","Drivers"
"T20190000915","15/1/19",19:04:00,"Collision with vehicle","Tuesday","Day",2,3,"Cross intersection",3,60,"A",2013,"UTIL","MITSUB","Utility","M",31,"30-39","Drivers"
"T20190000915","15/1/19",19:04:00,"Collision with vehicle","Tuesday","Day",2,3,"Cross intersection",3,60,"B",2008,"SEDAN","TOYOTA","Car","F",52,"50-59","Drivers"
"T20190000917","16/1/19",10:30:00,"Collision with vehicle","Wednesday","Unknown",2,2,"Not at intersection",3,50,"A",2017,"VAN","HYNDAI","Car","M",57,"50-59","Drivers"
"T20190000917","16/1/19",10:30:00,"Collision with vehicle","Wednesday","Unknown",2,2,"Not at intersection",3,50,"B",2017,"WAGON","HONDA","Panel Van","F",53,"50-59","Drivers"
"T20190000918","16/1/19",13:18:00,"Collision with vehicle","Wednesday","Day",3,3,"Cross intersection",3,40,"A",1995,"F UNIT","SCANIA","Heavy Vehicle (Rigid) > 4.5 Tonnes","M",58,"50-59","Drivers"
"T20190000918","16/1/19",13:18:00,"Collision with vehicle","Wednesday","Day",3,3,"Cross intersection",3,40,"B",2015,"COUPE","TOYOTA","Car","M",54,"50-59","Drivers"
"T20190000920","8/1/19",17:30:00,"Collision with vehicle","Tuesday","Day",3,3,"T intersection",3,80,"A",2000,"DC UTE","TOYOTA","Utility","M",34,"30-39","Drivers"
"T20190000920","8/1/19",17:30:00,"Collision with vehicle","Tuesday","Day",3,3,"T intersection",3,80,"B",2001,"SED","TOYOTA","Car","F",25,"22-25","Drivers"
"T20190000920","8/1/19",17:30:00,"Collision with vehicle","Tuesday","Day",3,3,"T intersection",3,80,"C",2009,"UTIL","FORD","Utility","U",NA,"unknown","Drivers"
"T20190000923","16/1/19",13:10:00,"Collision with a fixed object","Wednesday","Day",2,2,"Not at intersection",2,100,"A",2000,"SEDAN","MITSUB","Car","M",59,"50-59","Drivers"
"T20190000923","16/1/19",13:10:00,"Collision with a fixed object","Wednesday","Day",2,2,"Not at intersection",2,100,"B",2004,"SEDAN","HOLDEN","Car","F",61,"60-64","Drivers"
"T20190000925","16/1/19",14:50:00,"Collision with vehicle","Wednesday","Day",2,2,"Not at intersection",3,80,"A",1998,"WAGON","HONDA","Station Wagon","M",49,"40-49","Drivers"
"T20190000925","16/1/19",14:50:00,"Collision with vehicle","Wednesday","Day",2,2,"Not at intersection",3,80,"B",2014,"SEDAN","TOYOTA","Car","F",51,"50-59","Drivers"
"T20190000928","16/1/19",15:05:00,"Collision with a fixed object","Wednesday","Day",1,2,"Not at intersection",2,100,"A",2007,"UTIL","FORD","Utility","F",25,"22-25","Drivers"
"T20190000930","16/1/19",16:35:00,"Collision with vehicle","Wednesday","Day",2,2,"Not at intersection",3,80,"B",2000,"SEDAN","TOYOTA","Car","M",27,"26-29","Drivers"
"T20190000931","16/1/19",17:50:00,"Collision with vehicle","Wednesday","Day",2,2,"Cross intersection",2,40,"A",2016,"SEDAN","MAZDA","Car","F",24,"22-25","Drivers"
"T20190000938","16/1/19",17:50:00,"Collision with vehicle","Wednesday","Day",2,6,"Cross intersection",3,50,"A",2002,"SED","TOYOTA","Car","M",29,"26-29","Drivers"
"T20190000938","16/1/19",17:50:00,"Collision with vehicle","Wednesday","Day",2,6,"Cross intersection",3,50,"B",2013,"SEDAN","HOLDEN","Taxi","M",27,"26-29","Drivers"
"T20190000939","16/1/19",18:40:00,"Collision with vehicle","Wednesday","Day",2,3,"Cross intersection",3,80,"A",2017,"SEDAN","MAZDA","Car","F",40,"40-49","Drivers"
"T20190000939","16/1/19",18:40:00,"Collision with vehicle","Wednesday","Day",2,3,"Cross intersection",3,80,"B",2011,"SEDAN","HOLDEN","Car","M",38,"30-39","Drivers"
"T20190000942","16/1/19",20:21:00,"Struck Pedestrian","Wednesday","Dusk/Dawn",1,2,"Not at intersection",3,60,"A",2002,"SEDAN","HOLDEN","Car","M",24,"22-25","Drivers"
"T20190000943","16/1/19",21:10:00,"Struck Pedestrian","Wednesday","Dark Street lights on",1,2,"T intersection",3,40,"A",2005,"WAGON","FORD","Station Wagon","M",25,"22-25","Drivers"
"T20190000944","17/1/19",00:45:00,"Collision with vehicle","Thursday","Dark Street lights on",3,3,"Cross intersection",3,40,"A",2012,"WAGON","JEEP","Station Wagon","M",52,"50-59","Drivers"
"T20190000944","17/1/19",00:45:00,"Collision with vehicle","Thursday","Dark Street lights on",3,3,"Cross intersection",3,40,"B",2008,"COUPE","TOYOTA","Car","F",25,"22-25","Drivers"
"T20190000944","17/1/19",00:45:00,"Collision with vehicle","Thursday","Dark Street lights on",3,3,"Cross intersection",3,40,"C",2017,"DC UTE","TOYOTA","Utility","M",54,"50-59","Drivers"
"T20190000946","16/1/19",22:23:00,"Collision with vehicle","Wednesday","Dark Street lights on",2,1,"Not at intersection",2,70,"A",1989,"SEDAN","FORD","Car","F",23,"22-25","Drivers"
"T20190000947","1/1/19",01:15:00,"Collision with a fixed object","Tuesday","Dark Street lights on",1,1,"Not at intersection",3,80,"A",2013,"SEDAN","HOLDEN","Car","M",52,"50-59","Drivers"
"T20190000948","17/1/19",06:20:00,"Collision with a fixed object","Thursday","Day",1,1,"Not at intersection",2,60,"A",2007,"SEDAN","HOLDEN","Car","M",41,"40-49","Drivers"
"T20190000951","17/1/19",08:28:00,"Collision with vehicle","Thursday","Day",3,2,"Not at intersection",2,50,"B",2016,"SEDAN","HYNDAI","Car","M",46,"40-49","Drivers"
"T20190000953","16/1/19",20:50:00,"Collision with vehicle","Wednesday","Dark Street lights on",2,4,"Not at intersection",3,70,"A",0,"S WAG","UNKN","Station Wagon","U",NA,"unknown","Drivers"
"T20190000953","16/1/19",20:50:00,"Collision with vehicle","Wednesday","Dark Street lights on",2,4,"Not at intersection",3,70,"B",2013,"SEDAN","HYNDAI","Car","M",28,"26-29","Drivers"
"T20190000954","16/1/19",17:30:00,"Collision with a fixed object","Wednesday","Day",1,1,"Not at intersection",2,60,"A",2001,"WAGON","HONDA","Station Wagon","M",58,"50-59","Drivers"
"T20190000956","17/1/19",08:55:00,"Collision with vehicle","Thursday","Day",2,2,"Not at intersection",3,40,"B",2016,"UTIL","NISSAN","Utility","M",48,"40-49","Drivers"
"T20190000957","17/1/19",06:50:00,"Collision with vehicle","Thursday","Dusk/Dawn",2,2,"Cross intersection",2,60,"A",2008,"VAN","TOYOTA","Panel Van","M",36,"30-39","Drivers"
"T20190000959","16/1/19",16:50:00,"Collision with vehicle","Wednesday","Day",3,5,"T intersection",3,80,"A",2008,"SEDAN","FORD","Car","M",27,"26-29","Drivers"
"T20190000959","16/1/19",16:50:00,"Collision with vehicle","Wednesday","Day",3,5,"T intersection",3,80,"B",2005,"SEDAN","TOYOTA","Car","F",40,"40-49","Drivers"
"T20190000959","16/1/19",16:50:00,"Collision with vehicle","Wednesday","Day",3,5,"T intersection",3,80,"C",2004,"WAGON","FORD","Station Wagon","M",18,"17-21","Drivers"
"T20190000960","17/1/19",06:02:00,"Collision with vehicle","Thursday","Day",2,2,"Cross intersection",2,60,"A",2012,"DC UTE","HOLDEN","Utility","M",24,"22-25","Drivers"
"T20190000969","17/1/19",14:00:00,"Collision with vehicle","Thursday","Day",2,2,"Cross intersection",3,110,"A",2014,"SEDAN","MERC B","Car","M",68,"64-69","Drivers"
"T20190000969","17/1/19",14:00:00,"Collision with vehicle","Thursday","Day",2,2,"Cross intersection",3,110,"B",2007,"SEDAN","HOLDEN","Car","M",18,"17-21","Drivers"
"T20190000970","17/1/19",12:20:00,"Collision with vehicle","Thursday","Day",2,2,"Not at intersection",3,100,"A",2010,"TIPPER","W STAR","Heavy Vehicle (Rigid) > 4.5 Tonnes","M",31,"30-39","Drivers"
"T20190000970","17/1/19",12:20:00,"Collision with vehicle","Thursday","Day",2,2,"Not at intersection",3,100,"B",2015,"SEDAN","REN","Car","F",58,"50-59","Drivers"
"T20190000971","16/1/19",18:00:00,"Collision with vehicle","Wednesday","Day",3,3,"Not at intersection",3,80,"A",2014,"SEDAN","MAZDA","Car","F",25,"22-25","Drivers"
"T20190000971","16/1/19",18:00:00,"Collision with vehicle","Wednesday","Day",3,3,"Not at intersection",3,80,"B",2011,"WAGON","VOLKS","Station Wagon","F",28,"26-29","Drivers"
"T20190000971","16/1/19",18:00:00,"Collision with vehicle","Wednesday","Day",3,3,"Not at intersection",3,80,"C",2016,"SEDAN","TOYOTA","Car","F",48,"40-49","Drivers"
"T20190000972","17/1/19",12:00:00,"Collision with vehicle","Thursday","Day",2,4,"T intersection",3,60,"A",2018,"WAGON","MAZDA","Station Wagon","F",31,"30-39","Drivers"
"T20190000972","17/1/19",12:00:00,"Collision with vehicle","Thursday","Day",2,4,"T intersection",3,60,"B",1998,"WAGON","TOYOTA","Station Wagon","F",30,"30-39","Drivers"
"T20190000973","17/1/19",06:50:00,"Collision with vehicle","Thursday","Day",2,3,"Not at intersection",2,60,"A",2013,"SEDAN","TOYOTA","Car","M",44,"40-49","Drivers"
"T20190000973","17/1/19",06:50:00,"Collision with vehicle","Thursday","Day",2,3,"Not at intersection",2,60,"B",2013,"SEDAN","SUBARU","Car","M",57,"50-59","Drivers"
"T20190000975","17/1/19",13:42:00,"Collision with vehicle","Thursday","Day",2,2,"Not at intersection",2,80,"A",2004,"SEDAN","MERC B","Car","M",87,"70+","Drivers"
"T20190000975","17/1/19",13:42:00,"Collision with vehicle","Thursday","Day",2,2,"Not at intersection",2,80,"B",2017,"P MVR","KENWTH","Prime Mover Only","M",40,"40-49","Drivers"
"T20190000979","14/1/19",17:30:00,"Collision with vehicle","Monday","Day",2,2,"Not at intersection",3,60,"B",2005,"SEDAN","HOLDEN","Car","M",27,"26-29","Drivers"
"T20190000986","17/1/19",05:50:00,"Collision with vehicle","Thursday","Unknown",2,2,"T intersection",3,60,"A",2006,"WAGON","HYNDAI","Station Wagon","M",35,"30-39","Drivers"
"T20190000989","17/1/19",17:20:00,"Collision with vehicle","Thursday","Day",2,2,"T intersection",3,60,"A",2012,"COUPE","HYNDAI","Car","F",31,"30-39","Drivers"
"T20190000990","17/1/19",15:00:00,"Collision with vehicle","Thursday","Day",2,2,"Cross intersection",3,60,"A",2011,"UTIL","TOYOTA","Utility","M",49,"40-49","Drivers"
"T20190000991","17/1/19",17:43:00,"Collision with vehicle","Thursday","Day",2,2,"Not at intersection",3,60,"A",2009,"SEDAN","VOLKS","Car","F",56,"50-59","Drivers"
"T20190000993","17/1/19",16:15:00,"Collision with vehicle","Thursday","Day",2,2,"Multiple intersection",3,60,"A",2011,"DC UTE","NISSAN","Utility","M",30,"30-39","Drivers"
"T20190000993","17/1/19",16:15:00,"Collision with vehicle","Thursday","Day",2,2,"Multiple intersection",3,60,"B",2013,"SEDAN","SUZUKI","Car","M",69,"64-69","Drivers"
"T20190000995","17/1/19",17:50:00,"Collision with vehicle","Thursday","Day",4,5,"Cross intersection",3,60,"A",2005,"SEDAN","HONDA","Car","M",36,"30-39","Drivers"
"T20190000995","17/1/19",17:50:00,"Collision with vehicle","Thursday","Day",4,5,"Cross intersection",3,60,"B",1993,"DC UTE","NISSAN","Utility","M",30,"30-39","Drivers"
"T20190000995","17/1/19",17:50:00,"Collision with vehicle","Thursday","Day",4,5,"Cross intersection",3,60,"C",2016,"SEDAN","HOLDEN","Car","M",54,"50-59","Drivers"
"T20190000995","17/1/19",17:50:00,"Collision with vehicle","Thursday","Day",4,5,"Cross intersection",3,60,"D",2008,"SEDAN","HYNDAI","Car","M",20,"17-21","Drivers"
"T20190000996","17/1/19",16:45:00,"Collision with a fixed object","Thursday","Day",1,1,"Not at intersection",3,100,"A",2000,"BUS","MERC B","Bus/Coach","M",41,"40-49","Drivers"
"T20190001000","17/1/19",16:30:00,"Collision with vehicle","Thursday","Day",2,2,"Not at intersection",3,110,"A",2011,"S WAG","VOLKS","Station Wagon","F",57,"50-59","Drivers"
"T20190001000","17/1/19",16:30:00,"Collision with vehicle","Thursday","Day",2,2,"Not at intersection",3,110,"B",2013,"SEDAN","MAZDA","Car","F",27,"26-29","Drivers"
"T20190001001","17/1/19",19:48:00,"Collision with a fixed object","Thursday","Day",1,1,"Not at intersection",3,70,"A",2006,"SEDAN","HOLDEN","Car","F",78,"70+","Drivers"
"T20190001003","17/1/19",17:44:00,"Collision with vehicle","Thursday","Day",2,2,"Not at intersection",3,60,"A",1995,"SEDAN","HOLDEN","Car","M",88,"70+","Drivers"
"T20190001003","17/1/19",17:44:00,"Collision with vehicle","Thursday","Day",2,2,"Not at intersection",3,60,"B",2018,"WAGON","MAZDA","Station Wagon","F",43,"40-49","Drivers"
"T20190001004","17/1/19",18:00:00,"Collision with vehicle","Thursday","Day",3,3,"Cross intersection",2,60,"A",2003,"S WAG","HOLDEN","Station Wagon","M",54,"50-59","Drivers"
"T20190001004","17/1/19",18:00:00,"Collision with vehicle","Thursday","Day",3,3,"Cross intersection",2,60,"B",2003,"WAGON","HYNDAI","Station Wagon","F",59,"50-59","Drivers"
"T20190001010","17/1/19",17:20:00,"Collision with vehicle","Thursday","Day",2,2,"Not at intersection",3,50,"A",2016,"S WAG","HOLDEN","Car","F",34,"30-39","Drivers"
"T20190001016","15/1/19",15:50:00,"Collision with vehicle","Tuesday","Day",2,2,"Cross intersection",3,60,"A",2013,"WAGON","FORD","Station Wagon","F",32,"30-39","Drivers"
"T20190001016","15/1/19",15:50:00,"Collision with vehicle","Tuesday","Day",2,2,"Cross intersection",3,60,"B",2017,"WAGON","MAZDA","Station Wagon","F",60,"60-64","Drivers"
"T20190001017","17/1/19",13:00:00,"Collision with a fixed object","Thursday","Day",1,1,"Not at intersection",2,60,"A",2002,"SED","FORD","Car","F",69,"64-69","Drivers"
"T20190001018","18/1/19",06:45:00,"Collision with vehicle","Friday","Day",3,3,"Not at intersection",3,100,"A",2018,"TIPPER","ISUZU","Heavy Vehicle (Rigid) > 4.5 Tonnes","M",26,"26-29","Drivers"
"T20190001018","18/1/19",06:45:00,"Collision with vehicle","Friday","Day",3,3,"Not at intersection",3,100,"B",2005,"SEDAN","MAZDA","Car","F",61,"60-64","Drivers"
"T20190001018","18/1/19",06:45:00,"Collision with vehicle","Friday","Day",3,3,"Not at intersection",3,100,"C",2003,"DC UTE","HOLDEN","Utility","M",33,"30-39","Drivers"
"T20190001020","18/1/19",08:22:00,"Collision with vehicle","Friday","Day",2,2,"Cross intersection",3,60,"B",2003,"TRAY","MITSUB","Heavy Vehicle (Rigid) > 4.5 Tonnes","M",55,"50-59","Drivers"
"T20190001022","16/1/19",12:30:00,"Collision with vehicle","Wednesday","Day",2,4,"Not at intersection",3,80,"A",2010,"SEDAN","FORD","Car","M",74,"70+","Drivers"
"T20190001022","16/1/19",12:30:00,"Collision with vehicle","Wednesday","Day",2,4,"Not at intersection",3,80,"B",2015,"WAGON","MAZDA","Station Wagon","F",51,"50-59","Drivers"
"T20190001023","17/1/19",11:30:00,"Collision with vehicle","Thursday","Day",3,6,"Not at intersection",2,80,"A",2008,"TRAY","NISSAN","Light Commercial Vehicle (Rigid) <= 4.5 Tonnes GVM","M",25,"22-25","Drivers"
"T20190001023","17/1/19",11:30:00,"Collision with vehicle","Thursday","Day",3,6,"Not at intersection",2,80,"B",1997,"SEDAN","TOYOTA","Car","M",77,"70+","Drivers"
"T20190001023","17/1/19",11:30:00,"Collision with vehicle","Thursday","Day",3,6,"Not at intersection",2,80,"C",2006,"VAN","HOLDEN","Quad Bike","F",43,"40-49","Drivers"
"T20190001025","18/1/19",09:00:00,"Collision with vehicle","Friday","Day",2,2,"Cross intersection",3,60,"A",2003,"TRAY","HOLDEN","Utility","M",76,"70+","Drivers"
"T20190001025","18/1/19",09:00:00,"Collision with vehicle","Friday","Day",2,2,"Cross intersection",3,60,"B",2009,"SEDAN","HYNDAI","Car","F",74,"70+","Drivers"
"T20190001026","15/1/19",14:00:00,"Collision with a fixed object","Tuesday","Day",1,1,"T intersection",3,50,"A",2007,"VAN","TOYOTA","Panel Van","M",35,"30-39","Drivers"
"T20190001034","17/1/19",12:40:00,"Collision with vehicle","Thursday","Day",2,1,"Not at intersection",2,100,"A",2014,"VAN","TOYOTA","Panel Van","M",60,"60-64","Drivers"
"T20190001035","18/1/19",09:20:00,"Collision with vehicle","Friday","Day",2,2,"Cross intersection",2,80,"A",2018,"UTIL","TOYOTA","Utility","M",19,"17-21","Drivers"
"T20190001035","18/1/19",09:20:00,"Collision with vehicle","Friday","Day",2,2,"Cross intersection",2,80,"B",2011,"DC UTE","FORD","Utility","M",41,"40-49","Drivers"
"T20190001036","17/1/19",17:30:00,"Collision with vehicle","Thursday","Day",2,4,"Not at intersection",3,999,"A",1998,"SEDAN","HOLDEN","Car","M",69,"64-69","Drivers"
"T20190001036","17/1/19",17:30:00,"Collision with vehicle","Thursday","Day",2,4,"Not at intersection",3,999,"B",2017,"TILTER","HINO","Light Commercial Vehicle (Rigid) <= 4.5 Tonnes GVM","M",33,"30-39","Drivers"
"T20190001037","17/1/19",15:00:00,"Collision with vehicle","Thursday","Day",2,2,"Cross intersection",2,100,"A",2012,"DC UTE","MAZDA","Utility","M",52,"50-59","Drivers"
"T20190001037","17/1/19",15:00:00,"Collision with vehicle","Thursday","Day",2,2,"Cross intersection",2,100,"B",2013,"WAGON","VOLKS","Station Wagon","F",64,"60-64","Drivers"
"T20190001038","18/1/19",09:31:00,"Collision with a fixed object","Friday","Day",1,2,"Not at intersection",3,100,"A",1998,"SEDAN","MAZDA","Car","F",58,"50-59","Drivers"
"T20190001040","18/1/19",12:05:00,"Collision with vehicle","Friday","Day",2,3,"Not at intersection",3,60,"A",1999,"SEDAN","TOYOTA","Car","M",61,"60-64","Drivers"
"T20190001040","18/1/19",12:05:00,"Collision with vehicle","Friday","Day",2,3,"Not at intersection",3,60,"B",2015,"SEDAN","VOLKS","Car","F",41,"40-49","Drivers"
"T20190001041","18/1/19",10:00:00,"Collision with vehicle","Friday","Day",2,2,"T intersection",2,60,"A",2018,"WAGON","MERC B","Station Wagon","U",NA,"unknown","Drivers"
"T20190001043","18/1/19",11:50:00,"Collision with vehicle","Friday","Day",2,2,"Not at intersection",3,50,"A",2012,"SEDAN","HONDA","Car","F",34,"30-39","Drivers"
"T20190001043","18/1/19",11:50:00,"Collision with vehicle","Friday","Day",2,2,"Not at intersection",3,50,"B",2007,"SEDAN","TOYOTA","Car","F",58,"50-59","Drivers"
"T20190001051","18/1/19",13:55:00,"Collision with vehicle","Friday","Day",2,2,"T intersection",3,40,"A",2007,"SEDAN","MAZDA","Car","F",18,"17-21","Drivers"
"T20190001051","18/1/19",13:55:00,"Collision with vehicle","Friday","Day",2,2,"T intersection",3,40,"B",2005,"COUPE","HYNDAI","Car","F",25,"22-25","Drivers"
"T20190001053","18/1/19",11:41:00,"Collision with a fixed object","Friday","Day",1,2,"T intersection",3,70,"A",1999,"RDSTR","PORSCH","Car","M",26,"26-29","Drivers"
"T20190001054","18/1/19",13:15:00,"Collision with vehicle","Friday","Day",2,2,"T intersection",3,40,"A",2007,"TRAY","TOYOTA","Utility","M",57,"50-59","Drivers"
"T20190001057","18/1/19",14:00:00,"Vehicle overturned (no collision)","Friday","Day",2,3,"Multiple intersection",3,40,"A",2012,"VAN","HYNDAI","Panel Van","M",43,"40-49","Drivers"
"T20190001058","18/1/19",10:40:00,"Collision with vehicle","Friday","Day",2,2,"T intersection",2,50,"A",2003,"SEDAN","UNKN","Car","M",72,"70+","Drivers"
"T20190001060","17/1/19",07:27:00,"Collision with vehicle","Thursday","Day",2,2,"Cross intersection",3,80,"B",2008,"SEDAN","TOYOTA","Car","F",58,"50-59","Drivers"
"T20190001061","17/1/19",18:40:00,"Collision with vehicle","Thursday","Day",3,6,"Not at intersection",3,70,"A",2004,"UTIL","HOLDEN","Utility","M",38,"30-39","Drivers"
"T20190001061","17/1/19",18:40:00,"Collision with vehicle","Thursday","Day",3,6,"Not at intersection",3,70,"B",2015,"WAGON","MAZDA","Station Wagon","M",37,"30-39","Drivers"