"ACCIDENT_NO","ACCIDENTDATE","ACCIDENTTIME","Accident Type Desc","Day Week Description","Light Condition Desc","NO_OF_VEHICLES","NO_PERSONS","Road Geometry Desc","SEVERITY","SPEED_ZONE","VEHICLE_ID","VEHICLE_YEAR_MANUF","VEHICLE_BODY_STYLE","VEHICLE_MAKE","Vehicle Type Desc","SEX","AGE","Age Group","Road User Type Desc"
"T20190001061","17/1/19",18:40:00,"Collision with vehicle","Thursday","Day",3,6,"Not at intersection",3,70,"C",2015,"S WAG","HOLDEN","Station Wagon","M",26,"26-29","Drivers"
"T20190001065","18/1/19",13:40:00,"Collision with vehicle","Friday","Day",2,5,"Cross intersection",3,100,"A",1990,"TIPPER","NISSAN","Heavy Vehicle (Rigid) > 4.5 Tonnes","M",46,"40-49","Drivers"
"T20190001065","18/1/19",13:40:00,"Collision with vehicle","Friday","Day",2,5,"Cross intersection",3,100,"B",2017,"WAGON","MITSUB","Station Wagon","F",40,"40-49","Drivers"
"T20190001066","18/1/19",16:05:00,"Collision with vehicle","Friday","Day",2,5,"Cross intersection",3,100,"A",2011,"DC UTE","TOYOTA","Utility","M",62,"60-64","Drivers"
"T20190001066","18/1/19",16:05:00,"Collision with vehicle","Friday","Day",2,5,"Cross intersection",3,100,"B",2010,"WAGON","VOLVO","Station Wagon","M",38,"30-39","Drivers"
"T20190001071","18/1/19",18:00:00,"Vehicle overturned (no collision)","Friday","Day",1,1,"Not at intersection",3,80,"A",2005,"WAGON","MITSUB","Station Wagon","F",23,"22-25","Drivers"
"T20190001074","18/1/19",18:23:00,"Collision with vehicle","Friday","Day",2,2,"Cross intersection",2,50,"A",2001,"SEDAN","FORD","Car","F",84,"70+","Drivers"
"T20190001074","18/1/19",18:23:00,"Collision with vehicle","Friday","Day",2,2,"Cross intersection",2,50,"B",2005,"DC UTE","HOLDEN","Utility","M",26,"26-29","Drivers"
"T20190001077","18/1/19",18:30:00,"Collision with vehicle","Friday","Unknown",2,2,"Not at intersection",3,999,"A",1998,"SEDAN","TOYOTA","Car","M",30,"30-39","Drivers"
"T20190001079","16/1/19",17:00:00,"Collision with vehicle","Wednesday","Day",3,3,"Not at intersection",3,60,"A",2004,"SEDAN","VOLKS","Car","M",44,"40-49","Drivers"
"T20190001079","16/1/19",17:00:00,"Collision with vehicle","Wednesday","Day",3,3,"Not at intersection",3,60,"B",2008,"WAGON","HONDA","Car","F",40,"40-49","Drivers"
"T20190001079","16/1/19",17:00:00,"Collision with vehicle","Wednesday","Day",3,3,"Not at intersection",3,60,"C",2003,"SED","MAZDA","Car","U",NA,"unknown","Drivers"
"T20190001083","18/1/19",05:10:00,"Collision with vehicle","Friday","Dark Street lights on",2,1,"Not at intersection",2,60,"A",2005,"SEDAN","NISSAN","Car","M",47,"40-49","Drivers"
"T20190001089","19/1/19",00:57:00,"Collision with a fixed object","Saturday","Dark Street lights on",1,3,"Not at intersection",3,40,"A",2006,"SEDAN","MAZDA","Car","M",25,"22-25","Drivers"
"T20190001090","19/1/19",02:30:00,"Collision with vehicle","Saturday","Dark Street lights on",2,6,"T intersection",3,80,"A",2010,"SEDAN","FORD","Car","M",19,"17-21","Drivers"
"T20190001090","19/1/19",02:30:00,"Collision with vehicle","Saturday","Dark Street lights on",2,6,"T intersection",3,80,"B",2001,"WAGON","SUBARU","Station Wagon","F",24,"22-25","Drivers"
"T20190001091","19/1/19",00:25:00,"Collision with a fixed object","Saturday","Dark No street lights",1,1,"Not at intersection",2,70,"A",2005,"SEDAN","HOLDEN","Car","M",27,"26-29","Drivers"
"T20190001093","19/1/19",04:30:00,"Collision with a fixed object","Saturday","Dark No street lights",1,1,"Not at intersection",2,80,"A",2016,"SEDAN","HYNDAI","Car","M",38,"30-39","Drivers"
"T20190001095","19/1/19",00:39:00,"Collision with a fixed object","Saturday","Dark Street lights on",2,3,"Cross intersection",2,40,"B",2017,"UTIL","HOLDEN","Utility","U",NA,"unknown","Drivers"
"T20190001096","18/1/19",11:35:00,"Collision with vehicle","Friday","Day",2,2,"T intersection",3,999,"A",2014,"SEDAN","VOLKS","Car","M",34,"30-39","Drivers"
"T20190001096","18/1/19",11:35:00,"Collision with vehicle","Friday","Day",2,2,"T intersection",3,999,"B",2018,"SEDAN","MAZDA","Car","F",51,"50-59","Drivers"
"T20190001097","19/1/19",04:50:00,"Collision with a fixed object","Saturday","Dark Street lights on",1,2,"Not at intersection",3,70,"A",1990,"WAGON","FORD","Station Wagon","M",21,"17-21","Drivers"
"T20190001098","19/1/19",07:40:00,"Collision with a fixed object","Saturday","Day",1,2,"Not at intersection",3,60,"A",2018,"SEDAN","SUZUKI","Car","F",38,"30-39","Drivers"
"T20190001104","18/1/19",18:00:00,"Collision with vehicle","Friday","Day",2,2,"T intersection",3,999,"A",2018,"WAGON","MITSUB","Car","F",42,"40-49","Drivers"
"T20190001105","19/1/19",09:55:00,"Collision with a fixed object","Saturday","Day",1,1,"Not at intersection",2,100,"A",2010,"SEDAN","HYNDAI","Car","F",22,"22-25","Drivers"
"T20190001106","18/1/19",16:45:00,"Collision with vehicle","Friday","Day",2,3,"Not at intersection",3,40,"A",2005,"SEDAN","HOLDEN","Car","M",35,"30-39","Drivers"
"T20190001106","18/1/19",16:45:00,"Collision with vehicle","Friday","Day",2,3,"Not at intersection",3,40,"B",2007,"SED","TOYOTA","Car","F",23,"22-25","Drivers"
"T20190001109","19/1/19",09:55:00,"Collision with vehicle","Saturday","Day",3,3,"Not at intersection",3,60,"A",2006,"WAGON","TOYOTA","Station Wagon","M",51,"50-59","Drivers"
"T20190001109","19/1/19",09:55:00,"Collision with vehicle","Saturday","Day",3,3,"Not at intersection",3,60,"B",2013,"VAN","TOYOTA","Light Commercial Vehicle (Rigid) <= 4.5 Tonnes GVM","M",41,"40-49","Drivers"
"T20190001109","19/1/19",09:55:00,"Collision with vehicle","Saturday","Day",3,3,"Not at intersection",3,60,"C",2005,"SEDAN","MAZDA","Car","F",29,"26-29","Drivers"
"T20190001110","19/1/19",10:58:00,"Collision with vehicle","Saturday","Day",2,2,"T intersection",3,60,"A",2015,"WAGON","SKODA","Station Wagon","F",32,"30-39","Drivers"
"T20190001110","19/1/19",10:58:00,"Collision with vehicle","Saturday","Day",2,2,"T intersection",3,60,"B",2012,"SED","HOLDEN","Car","F",19,"17-21","Drivers"
"T20190001114","19/1/19",10:30:00,"Collision with vehicle","Saturday","Day",2,2,"Not at intersection",2,40,"A",2009,"SEDAN","TOYOTA","Car","F",40,"40-49","Drivers"
"T20190001114","19/1/19",10:30:00,"Collision with vehicle","Saturday","Day",2,2,"Not at intersection",2,40,"B",2015,"WAGON","HOLDEN","Station Wagon","M",29,"26-29","Drivers"
"T20190001115","16/1/19",08:30:00,"Struck Pedestrian","Wednesday","Unknown",1,2,"Cross intersection",3,60,"A",2012,"WAGON","HYNDAI","Station Wagon","M",26,"26-29","Drivers"
"T20190001116","19/1/19",11:40:00,"Collision with vehicle","Saturday","Day",2,4,"T intersection",3,60,"A",2017,"SEDAN","HYNDAI","Car","M",26,"26-29","Drivers"
"T20190001116","19/1/19",11:40:00,"Collision with vehicle","Saturday","Day",2,4,"T intersection",3,60,"B",2005,"SEDAN","NISSAN","Car","F",21,"17-21","Drivers"
"T20190001118","19/1/19",12:07:00,"Collision with vehicle","Saturday","Day",2,2,"Not at intersection",2,80,"A",2017,"DC UTE","HOLDEN","Utility","M",28,"26-29","Drivers"
"T20190001118","19/1/19",12:07:00,"Collision with vehicle","Saturday","Day",2,2,"Not at intersection",2,80,"B",1998,"WAGON","TOYOTA","Station Wagon","M",73,"70+","Drivers"
"T20190001119","19/1/19",11:50:00,"Collision with vehicle","Saturday","Day",2,3,"T intersection",3,60,"A",1998,"WAGON","SUZUKI","Station Wagon","F",72,"70+","Drivers"
"T20190001119","19/1/19",11:50:00,"Collision with vehicle","Saturday","Day",2,3,"T intersection",3,60,"B",2012,"SEDAN","FORD","Car","F",28,"26-29","Drivers"
"T20190001120","19/1/19",13:04:00,"Collision with vehicle","Saturday","Day",2,6,"T intersection",3,80,"A",2010,"WAGON","VOLKS","Station Wagon","F",20,"17-21","Drivers"
"T20190001120","19/1/19",13:04:00,"Collision with vehicle","Saturday","Day",2,6,"T intersection",3,80,"B",2011,"SEDAN","MAZDA","Car","F",25,"22-25","Drivers"
"T20190001123","19/1/19",15:10:00,"Collision with vehicle","Saturday","Day",2,1,"Not at intersection",3,60,"A",2008,"SEDAN","HONDA","Car","F",35,"30-39","Drivers"
"T20190001128","19/1/19",03:40:00,"Collision with vehicle","Saturday","Unknown",3,3,"T intersection",2,60,"A",1999,"WAGON","TOYOTA","Station Wagon","M",80,"70+","Drivers"
"T20190001128","19/1/19",03:40:00,"Collision with vehicle","Saturday","Unknown",3,3,"T intersection",2,60,"B",2015,"WAGON","FORD","Station Wagon","F",39,"30-39","Drivers"
"T20190001128","19/1/19",03:40:00,"Collision with vehicle","Saturday","Unknown",3,3,"T intersection",2,60,"C",2007,"WAGON","NISSAN","Station Wagon","M",75,"70+","Drivers"
"T20190001132","19/1/19",16:25:00,"Collision with vehicle","Saturday","Day",2,2,"Not at intersection",3,80,"A",2000,"COUPE","MITSUB","Car","M",29,"26-29","Drivers"
"T20190001134","19/1/19",11:30:00,"Collision with vehicle","Saturday","Day",2,2,"Not at intersection",3,50,"B",2013,"SEDAN","MAZDA","Car","F",52,"50-59","Drivers"
"T20190001135","18/1/19",12:56:00,"Collision with vehicle","Friday","Day",2,3,"Not at intersection",2,80,"A",2007,"UTIL","HOLDEN","Utility","M",40,"40-49","Drivers"
"T20190001135","18/1/19",12:56:00,"Collision with vehicle","Friday","Day",2,3,"Not at intersection",2,80,"B",2016,"SEDAN","REN","Car","M",70,"70+","Drivers"
"T20190001136","19/1/19",15:30:00,"Collision with a fixed object","Saturday","Day",1,1,"Not at intersection",3,50,"A",1998,"SEDAN","TOYOTA","Car","M",44,"40-49","Drivers"
"T20190001137","19/1/19",18:58:00,"Collision with vehicle","Saturday","Day",2,3,"T intersection",3,80,"A",2015,"S WAG","SUZUKI","Station Wagon","F",64,"60-64","Drivers"
"T20190001137","19/1/19",18:58:00,"Collision with vehicle","Saturday","Day",2,3,"T intersection",3,80,"B",2007,"SEDAN","SUBARU","Car","M",20,"17-21","Drivers"
"T20190001142","19/1/19",19:05:00,"Collision with vehicle","Saturday","Day",3,4,"T intersection",2,70,"A",2002,"SEDAN","TOYOTA","Car","F",37,"30-39","Drivers"
"T20190001142","19/1/19",19:05:00,"Collision with vehicle","Saturday","Day",3,4,"T intersection",2,70,"B",2007,"SEDAN","TOYOTA","Car","M",50,"50-59","Drivers"
"T20190001142","19/1/19",19:05:00,"Collision with vehicle","Saturday","Day",3,4,"T intersection",2,70,"C",2015,"SEDAN","B M W","Car","M",48,"40-49","Drivers"
"T20190001144","19/1/19",21:06:00,"Collision with a fixed object","Saturday","Dark Street lights on",1,1,"Cross intersection",3,50,"A",2015,"WAGON","MAZDA","Station Wagon","F",79,"70+","Drivers"
"T20190001145","19/1/19",15:10:00,"Collision with vehicle","Saturday","Day",2,2,"Cross intersection",2,50,"A",2007,"SEDAN","TOYOTA","Car","F",66,"64-69","Drivers"
"T20190001150","20/1/19",02:00:00,"Vehicle overturned (no collision)","Sunday","Dark No street lights",1,2,"Not at intersection",2,100,"A",2014,"SED","HYUNDA","Car","M",23,"22-25","Drivers"
"T20190001151","20/1/19",03:35:00,"Collision with vehicle","Sunday","Dark Street lights on",2,2,"Cross intersection",3,60,"A",2015,"SEDAN","TOYOTA","Taxi","M",64,"60-64","Drivers"
"T20190001151","20/1/19",03:35:00,"Collision with vehicle","Sunday","Dark Street lights on",2,2,"Cross intersection",3,60,"B",2017,"SEDAN","HYNDAI","Car","M",30,"30-39","Drivers"
"T20190001152","20/1/19",04:14:00,"Collision with a fixed object","Sunday","Dark Street lights unknown",1,1,"Not at intersection",3,70,"A",2017,"SEDAN","REN","Car","M",21,"17-21","Drivers"
"T20190001157","20/1/19",12:00:00,"Struck Pedestrian","Sunday","Day",1,2,"Not at intersection",2,50,"A",0,"SEDAN","UNKN","Car","U",NA,"unknown","Drivers"
"T20190001158","20/1/19",11:17:00,"Collision with a fixed object","Sunday","Day",1,2,"Not at intersection",2,100,"A",1997,"SEDAN","FORD","Car","F",71,"70+","Drivers"
"T20190001160","20/1/19",11:44:00,"Collision with a fixed object","Sunday","Day",1,2,"Not at intersection",3,50,"A",2003,"SEDAN","FORD","Car","F",21,"17-21","Drivers"
"T20190001162","20/1/19",09:14:00,"Collision with vehicle","Sunday","Day",3,4,"Not at intersection",3,60,"A",2002,"SEDAN","MITSUB","Car","M",18,"17-21","Drivers"
"T20190001162","20/1/19",09:14:00,"Collision with vehicle","Sunday","Day",3,4,"Not at intersection",3,60,"B",2001,"SEDAN","SUBARU","Car","F",59,"50-59","Drivers"
"T20190001162","20/1/19",09:14:00,"Collision with vehicle","Sunday","Day",3,4,"Not at intersection",3,60,"C",2000,"DC UTE","FORD","Utility","M",24,"22-25","Drivers"
"T20190001163","20/1/19",08:49:00,"Struck Pedestrian","Sunday","Day",1,2,"T intersection",2,80,"A",2003,"SEDAN","HOLDEN","Car","M",24,"22-25","Drivers"
"T20190001164","20/1/19",09:30:00,"Collision with vehicle","Sunday","Day",2,7,"Cross intersection",2,100,"A",2007,"COUPE","FIAT","Car","M",60,"60-64","Drivers"
"T20190001164","20/1/19",09:30:00,"Collision with vehicle","Sunday","Day",2,7,"Cross intersection",2,100,"B",2016,"WAGON","TOYOTA","Station Wagon","M",17,"16-17","Drivers"
"T20190001167","20/1/19",12:28:00,"Struck Pedestrian","Sunday","Day",1,2,"Not at intersection",3,60,"A",2017,"SEDAN","ALFA R","Car","F",44,"40-49","Drivers"
"T20190001168","20/1/19",10:40:00,"No collision and no object struck","Sunday","Day",1,5,"Not at intersection",3,100,"A",2008,"WAGON","TOYOTA","Station Wagon","M",26,"26-29","Drivers"
"T20190001170","15/1/19",18:20:00,"Collision with vehicle","Tuesday","Day",4,1,"Not at intersection",2,50,"A",2018,"SEDAN","VOLKS","Car","M",35,"30-39","Drivers"
"T20190001172","20/1/19",15:40:00,"Collision with vehicle","Sunday","Day",2,2,"Not at intersection",3,100,"A",2005,"WAGON","TOYOTA","Station Wagon","F",47,"40-49","Drivers"
"T20190001172","20/1/19",15:40:00,"Collision with vehicle","Sunday","Day",2,2,"Not at intersection",3,100,"B",2003,"UTIL","NISSAN","Utility","M",50,"50-59","Drivers"
"T20190001173","20/1/19",15:41:00,"Collision with vehicle","Sunday","Day",2,2,"Not at intersection",2,100,"B",2009,"SEDAN","HOLDEN","Car","F",61,"60-64","Drivers"
"T20190001177","20/1/19",14:00:00,"Struck Pedestrian","Sunday","Day",1,2,"Cross intersection",3,60,"A",2011,"SEDAN","TOYOTA","Car","F",24,"22-25","Drivers"
"T20190001178","20/1/19",15:45:00,"Collision with vehicle","Sunday","Day",4,7,"Not at intersection",2,80,"A",2003,"COUPE","PEUG","Car","M",61,"60-64","Drivers"
"T20190001178","20/1/19",15:45:00,"Collision with vehicle","Sunday","Day",4,7,"Not at intersection",2,80,"B",2004,"S WAG","FORD","Station Wagon","M",75,"70+","Drivers"
"T20190001178","20/1/19",15:45:00,"Collision with vehicle","Sunday","Day",4,7,"Not at intersection",2,80,"C",2016,"WAGON","NISSAN","Station Wagon","F",34,"30-39","Drivers"
"T20190001178","20/1/19",15:45:00,"Collision with vehicle","Sunday","Day",4,7,"Not at intersection",2,80,"D",2015,"SEDAN","HYNDAI","Car","M",29,"26-29","Drivers"
"T20190001180","20/1/19",16:48:00,"Collision with vehicle","Sunday","Day",2,2,"Not at intersection",2,100,"A",1997,"SEDAN","HOLDEN","Car","M",46,"40-49","Drivers"
"T20190001181","20/1/19",17:06:00,"Collision with vehicle","Sunday","Day",3,3,"T intersection",3,60,"A",2000,"SEDAN","NISSAN","Car","M",84,"70+","Drivers"
"T20190001182","20/1/19",15:55:00,"Struck Pedestrian","Sunday","Day",1,3,"T intersection",2,80,"A",2006,"SEDAN","FORD","Car","M",43,"40-49","Drivers"
"T20190001183","19/1/19",18:20:00,"Collision with vehicle","Saturday","Day",4,14,"Not at intersection",3,80,"A",2002,"S WAG","MAZDA","Station Wagon","F",34,"30-39","Drivers"
"T20190001183","19/1/19",18:20:00,"Collision with vehicle","Saturday","Day",4,14,"Not at intersection",3,80,"B",2017,"WAGON","SUBARU","Station Wagon","M",41,"40-49","Drivers"
"T20190001183","19/1/19",18:20:00,"Collision with vehicle","Saturday","Day",4,14,"Not at intersection",3,80,"C",2018,"UTIL","MAZDA","Utility","M",34,"30-39","Drivers"
"T20190001183","19/1/19",18:20:00,"Collision with vehicle","Saturday","Day",4,14,"Not at intersection",3,80,"D",2005,"S WAG","FORD","Station Wagon","F",37,"30-39","Drivers"
"T20190001185","20/1/19",19:33:00,"Collision with vehicle","Sunday","Day",3,7,"Not at intersection",3,80,"A",2001,"UTIL","FORD","Utility","M",25,"22-25","Drivers"
"T20190001185","20/1/19",19:33:00,"Collision with vehicle","Sunday","Day",3,7,"Not at intersection",3,80,"B",1998,"S WAG","NISSAN","Station Wagon","M",46,"40-49","Drivers"
"T20190001185","20/1/19",19:33:00,"Collision with vehicle","Sunday","Day",3,7,"Not at intersection",3,80,"C",2006,"SEDAN","HOLDEN","Car","F",24,"22-25","Drivers"
"T20190001186","20/1/19",18:41:00,"Collision with vehicle","Sunday","Day",2,3,"Not at intersection",2,100,"A",2006,"SEDAN","NISSAN","Car","M",64,"60-64","Drivers"
"T20190001186","20/1/19",18:41:00,"Collision with vehicle","Sunday","Day",2,3,"Not at intersection",2,100,"B",2011,"TRAY","ISUZU","Light Commercial Vehicle (Rigid) <= 4.5 Tonnes GVM","M",65,"64-69","Drivers"
"T20190001187","20/1/19",15:22:00,"Collision with vehicle","Sunday","Day",2,3,"Not at intersection",3,999,"A",2008,"SEDAN","HOLDEN","Car","M",56,"50-59","Drivers"
"T20190001187","20/1/19",15:22:00,"Collision with vehicle","Sunday","Day",2,3,"Not at intersection",3,999,"B",1998,"UTIL","TOYOTA","Utility","M",40,"40-49","Drivers"
"T20190001188","20/1/19",20:32:00,"Collision with vehicle","Sunday","Day",2,2,"Cross intersection",3,70,"A",2009,"WAGON","TOYOTA","Station Wagon","F",29,"26-29","Drivers"
"T20190001189","20/1/19",16:50:00,"Collision with vehicle","Sunday","Day",2,7,"Not at intersection",3,80,"A",2000,"SEDAN","HOLDEN","Car","M",25,"22-25","Drivers"
"T20190001189","20/1/19",16:50:00,"Collision with vehicle","Sunday","Day",2,7,"Not at intersection",3,80,"B",2009,"WAGON","NISSAN","Station Wagon","M",37,"30-39","Drivers"
"T20190001190","20/1/19",16:30:00,"Collision with vehicle","Sunday","Day",5,6,"Not at intersection",2,80,"A",2018,"SEDAN","TOYOTA","Car","M",33,"30-39","Drivers"
"T20190001190","20/1/19",16:30:00,"Collision with vehicle","Sunday","Day",5,6,"Not at intersection",2,80,"B",2014,"SEDAN","TOYOTA","Car","M",29,"26-29","Drivers"
"T20190001190","20/1/19",16:30:00,"Collision with vehicle","Sunday","Day",5,6,"Not at intersection",2,80,"C",2009,"SEDAN","FORD","Car","F",32,"30-39","Drivers"
"T20190001190","20/1/19",16:30:00,"Collision with vehicle","Sunday","Day",5,6,"Not at intersection",2,80,"D",2018,"SEDAN","HOLDEN","Car","M",36,"30-39","Drivers"
"T20190001190","20/1/19",16:30:00,"Collision with vehicle","Sunday","Day",5,6,"Not at intersection",2,80,"E",2018,"WAGON","L ROV","Station Wagon","M",49,"40-49","Drivers"
"T20190001191","20/1/19",21:58:00,"Collision with vehicle","Sunday","Dark Street lights on",2,2,"Cross intersection",3,70,"A",2015,"SEDAN","VOLKS","Car","M",85,"70+","Drivers"
"T20190001191","20/1/19",21:58:00,"Collision with vehicle","Sunday","Dark Street lights on",2,2,"Cross intersection",3,70,"B",2005,"S WAG","FORD","Station Wagon","M",26,"26-29","Drivers"
"T20190001192","20/1/19",21:10:00,"collision with some other object","Sunday","Dark Street lights off",1,1,"Not at intersection",3,50,"A",2007,"WAGON","MERC B","Car","M",33,"30-39","Drivers"
"T20190001193","20/1/19",23:00:00,"Collision with vehicle","Sunday","Dark Street lights on",2,3,"Cross intersection",3,50,"A",2009,"WAGON","HOLDEN","Station Wagon","M",34,"30-39","Drivers"
"T20190001193","20/1/19",23:00:00,"Collision with vehicle","Sunday","Dark Street lights on",2,3,"Cross intersection",3,50,"B",2004,"WAGON","NISSAN","Station Wagon","M",27,"26-29","Drivers"
"T20190001195","20/1/19",23:25:00,"Collision with a fixed object","Sunday","Dark Street lights on",2,4,"Not at intersection",2,80,"A",2012,"WAGON","DODGE","Station Wagon","F",40,"40-49","Drivers"
"T20190001195","20/1/19",23:25:00,"Collision with a fixed object","Sunday","Dark Street lights on",2,4,"Not at intersection",2,80,"B",2009,"WAGON","SUBARU","Station Wagon","M",31,"30-39","Drivers"
"T20190001196","20/1/19",21:30:00,"Collision with vehicle","Sunday","Dark No street lights",2,2,"Not at intersection",1,100,"B",1993,"UTIL","HOLDEN","Utility","M",73,"70+","Drivers"
"T20190001198","14/1/19",15:00:00,"Collision with vehicle","Monday","Day",2,2,"T intersection",3,60,"A",2007,"WAGON","FORD","Station Wagon","M",23,"22-25","Drivers"
"T20190001198","14/1/19",15:00:00,"Collision with vehicle","Monday","Day",2,2,"T intersection",3,60,"B",2007,"SEDAN","NISSAN","Car","F",22,"22-25","Drivers"
"T20190001199","21/1/19",03:30:00,"Collision with a fixed object","Monday","Dark Street lights on",1,2,"Not at intersection",2,50,"A",1999,"WAGON","HONDA","Station Wagon","M",24,"22-25","Drivers"
"T20190001200","16/1/19",10:45:00,"Collision with vehicle","Wednesday","Day",2,2,"Not at intersection",3,80,"A",2010,"SEDAN","HOLDEN","Car","F",43,"40-49","Drivers"
"T20190001200","16/1/19",10:45:00,"Collision with vehicle","Wednesday","Day",2,2,"Not at intersection",3,80,"B",1990,"S WAG","TOYOTA","Station Wagon","M",66,"64-69","Drivers"
"T20190001203","21/1/19",06:44:00,"Collision with vehicle","Monday","Day",2,3,"Cross intersection",3,80,"A",2002,"WAGON","TOYOTA","Station Wagon","M",62,"60-64","Drivers"
"T20190001203","21/1/19",06:44:00,"Collision with vehicle","Monday","Day",2,3,"Cross intersection",3,80,"B",2018,"SEDAN","HYNDAI","Car","M",24,"22-25","Drivers"
"T20190001205","19/1/19",19:30:00,"Collision with vehicle","Saturday","Day",2,2,"T intersection",3,60,"B",2009,"SEDAN","HONDA","Car","F",48,"40-49","Drivers"
"T20190001206","21/1/19",08:22:00,"Collision with vehicle","Monday","Day",2,2,"Cross intersection",3,60,"A",2006,"SEDAN","MAZDA","Car","M",23,"22-25","Drivers"
"T20190001206","21/1/19",08:22:00,"Collision with vehicle","Monday","Day",2,2,"Cross intersection",3,60,"B",2002,"SEDAN","MAZDA","Car","F",32,"30-39","Drivers"
"T20190001207","21/1/19",07:45:00,"Collision with a fixed object","Monday","Day",1,1,"Not at intersection",2,70,"A",2000,"UTIL","FORD","Utility","M",57,"50-59","Drivers"
"T20190001210","21/1/19",06:30:00,"Collision with vehicle","Monday","Unknown",2,2,"Not at intersection",3,60,"A",2015,"SEDAN","TOYOTA","Car","M",34,"30-39","Drivers"
"T20190001210","21/1/19",06:30:00,"Collision with vehicle","Monday","Unknown",2,2,"Not at intersection",3,60,"B",2006,"WAGON","MERC B","Car","M",58,"50-59","Drivers"
"T20190001211","21/1/19",09:45:00,"Collision with vehicle","Monday","Day",2,1,"Not at intersection",3,50,"A",2012,"SEDAN","MAZDA","Car","M",70,"70+","Drivers"
"T20190001215","21/1/19",05:00:00,"Collision with vehicle","Monday","Dark Street lights unknown",2,2,"Not at intersection",2,60,"A",2017,"TRAY","TOYOTA","Car","M",33,"30-39","Drivers"
"T20190001216","21/1/19",10:15:00,"Collision with vehicle","Monday","Day",4,1,"Not at intersection",3,50,"A",2004,"WAGON","NISSAN","Station Wagon","M",41,"40-49","Drivers"
"T20190001217","19/1/19",18:52:00,"Collision with vehicle","Saturday","Day",2,3,"Not at intersection",3,50,"A",2016,"SEDAN","TOYOTA","Car","M",38,"30-39","Drivers"
"T20190001217","19/1/19",18:52:00,"Collision with vehicle","Saturday","Day",2,3,"Not at intersection",3,50,"B",2001,"SEDAN","MAZDA","Car","M",31,"30-39","Drivers"
"T20190001218","21/1/19",06:40:00,"Collision with vehicle","Monday","Day",2,3,"Not at intersection",3,80,"A",1995,"TIPPER","KENWTH","Heavy Vehicle (Rigid) > 4.5 Tonnes","M",52,"50-59","Drivers"
"T20190001218","21/1/19",06:40:00,"Collision with vehicle","Monday","Day",2,3,"Not at intersection",3,80,"B",2008,"SEDAN","MAZDA","Car","F",31,"30-39","Drivers"
"T20190001220","21/1/19",06:00:00,"Collision with a fixed object","Monday","Dark Street lights on",1,1,"T intersection",3,60,"A",2010,"WAGON","TOYOTA","Station Wagon","M",52,"50-59","Drivers"
"T20190001223","21/1/19",09:20:00,"Collision with vehicle","Monday","Day",2,2,"T intersection",3,70,"A",2010,"SED","HOLDEN","Car","M",21,"17-21","Drivers"
"T20190001223","21/1/19",09:20:00,"Collision with vehicle","Monday","Day",2,2,"T intersection",3,70,"B",2016,"SEDAN","HONDA","Car","F",61,"60-64","Drivers"
"T20190001227","21/1/19",13:03:00,"Collision with vehicle","Monday","Day",2,3,"Not at intersection",2,70,"A",2005,"SEDAN","HOLDEN","Car","F",61,"60-64","Drivers"
"T20190001227","21/1/19",13:03:00,"Collision with vehicle","Monday","Day",2,3,"Not at intersection",2,70,"B",2006,"WAGON","TOYOTA","Station Wagon","M",62,"60-64","Drivers"
"T20190001228","21/1/19",10:35:00,"Collision with vehicle","Monday","Day",2,3,"Cross intersection",2,60,"A",2003,"SEDAN","TOYOTA","Car","F",18,"17-21","Drivers"
"T20190001228","21/1/19",10:35:00,"Collision with vehicle","Monday","Day",2,3,"Cross intersection",2,60,"B",2003,"SEDAN","MITSUB","Car","F",70,"70+","Drivers"
"T20190001229","21/1/19",10:55:00,"Collision with vehicle","Monday","Day",3,3,"Not at intersection",3,80,"A",2007,"VAN","TOYOTA","Panel Van","M",48,"40-49","Drivers"
"T20190001229","21/1/19",10:55:00,"Collision with vehicle","Monday","Day",3,3,"Not at intersection",3,80,"B",2017,"SEDAN","HOLDEN","Car","M",33,"30-39","Drivers"
"T20190001229","21/1/19",10:55:00,"Collision with vehicle","Monday","Day",3,3,"Not at intersection",3,80,"C",1997,"TIPPER","VOLVO","Heavy Vehicle (Rigid) > 4.5 Tonnes","M",32,"30-39","Drivers"
"T20190001231","21/1/19",08:30:00,"Collision with vehicle","Monday","Day",2,2,"T intersection",3,70,"A",2012,"SEDAN","FORD","Car","U",NA,"unknown","Drivers"
"T20190001231","21/1/19",08:30:00,"Collision with vehicle","Monday","Day",2,2,"T intersection",3,70,"B",2010,"SEDAN","VOLKS","Car","M",63,"60-64","Drivers"
"T20190001234","21/1/19",13:01:00,"Vehicle overturned (no collision)","Monday","Day",1,1,"Not at intersection",3,80,"A",2014,"TIPPER","KENWTH","Heavy Vehicle (Rigid) > 4.5 Tonnes","M",53,"50-59","Drivers"
"T20190001237","20/1/19",08:30:00,"Collision with vehicle","Sunday","Day",2,2,"Multiple intersection",3,60,"B",2005,"WAGON","MITSUB","Car","M",42,"40-49","Drivers"
"T20190001241","21/1/19",15:00:00,"Collision with vehicle","Monday","Day",2,2,"Cross intersection",3,60,"A",2002,"S WAG","TOYOTA","Station Wagon","M",45,"40-49","Drivers"
"T20190001241","21/1/19",15:00:00,"Collision with vehicle","Monday","Day",2,2,"Cross intersection",3,60,"B",2004,"SEDAN","NISSAN","Car","F",54,"50-59","Drivers"