"ACCIDENT_NO","ACCIDENTDATE","ACCIDENTTIME","Accident Type Desc","Day Week Description","Light Condition Desc","NO_OF_VEHICLES","NO_PERSONS","Road Geometry Desc","SEVERITY","SPEED_ZONE","VEHICLE_ID","VEHICLE_YEAR_MANUF","VEHICLE_BODY_STYLE","VEHICLE_MAKE","Vehicle Type Desc","SEX","AGE","Age Group","Road User Type Desc"
"T20190001242","21/1/19",13:20:00,"Collision with vehicle","Monday","Day",2,2,"Not at intersection",2,60,"A",1998,"SEDAN","MAZDA","Car","M",53,"50-59","Drivers"
"T20190001246","21/1/19",15:20:00,"Struck Pedestrian","Monday","Day",1,2,"Not at intersection",3,50,"A",1987,"SEDAN","MERC B","Car","M",63,"60-64","Drivers"
"T20190001248","21/1/19",16:40:00,"Collision with vehicle","Monday","Day",2,2,"Not at intersection",3,999,"A",2016,"SEDAN","SUZUKI","Car","F",35,"30-39","Drivers"
"T20190001248","21/1/19",16:40:00,"Collision with vehicle","Monday","Day",2,2,"Not at intersection",3,999,"B",2001,"SEDAN","FORD","Car","M",36,"30-39","Drivers"
"T20190001249","21/1/19",16:47:00,"Collision with vehicle","Monday","Day",3,3,"Not at intersection",3,80,"A",2004,"WAGON","TOYOTA","Station Wagon","M",34,"30-39","Drivers"
"T20190001249","21/1/19",16:47:00,"Collision with vehicle","Monday","Day",3,3,"Not at intersection",3,80,"B",2011,"SEDAN","HYNDAI","Car","F",67,"64-69","Drivers"
"T20190001249","21/1/19",16:47:00,"Collision with vehicle","Monday","Day",3,3,"Not at intersection",3,80,"C",2014,"SEDAN","FORD","Car","F",64,"60-64","Drivers"
"T20190001250","21/1/19",15:34:00,"Collision with vehicle","Monday","Day",2,7,"T intersection",3,80,"A",1998,"WAGON","NISSAN","Station Wagon","F",26,"26-29","Drivers"
"T20190001250","21/1/19",15:34:00,"Collision with vehicle","Monday","Day",2,7,"T intersection",3,80,"B",2017,"SEDAN","TOYOTA","Car","F",37,"30-39","Drivers"
"T20190001252","15/1/19",15:06:00,"Collision with vehicle","Tuesday","Day",2,3,"T intersection",2,60,"A",2014,"SEDAN","MITSUB","Car","F",26,"26-29","Drivers"
"T20190001252","15/1/19",15:06:00,"Collision with vehicle","Tuesday","Day",2,3,"T intersection",2,60,"B",2008,"TRAY","ISUZU","Light Commercial Vehicle (Rigid) <= 4.5 Tonnes GVM","M",28,"26-29","Drivers"
"T20190001254","21/1/19",17:55:00,"Collision with vehicle","Monday","Day",4,5,"T intersection",3,60,"A",2014,"SEDAN","FORD","Car","M",35,"30-39","Drivers"
"T20190001254","21/1/19",17:55:00,"Collision with vehicle","Monday","Day",4,5,"T intersection",3,60,"B",2002,"SEDAN","FORD","Car","M",35,"30-39","Drivers"
"T20190001254","21/1/19",17:55:00,"Collision with vehicle","Monday","Day",4,5,"T intersection",3,60,"C",2012,"SEDAN","HOLDEN","Car","M",51,"50-59","Drivers"
"T20190001254","21/1/19",17:55:00,"Collision with vehicle","Monday","Day",4,5,"T intersection",3,60,"D",2010,"S WAG","TOYOTA","Station Wagon","M",29,"26-29","Drivers"
"T20190001255","21/1/19",16:14:00,"Collision with vehicle","Monday","Day",2,2,"Cross intersection",2,60,"A",2004,"SEDAN","FORD","Car","M",55,"50-59","Drivers"
"T20190001255","21/1/19",16:14:00,"Collision with vehicle","Monday","Day",2,2,"Cross intersection",2,60,"B",1999,"SEDAN","FORD","Car","F",69,"64-69","Drivers"
"T20190001256","21/1/19",18:20:00,"Collision with vehicle","Monday","Day",2,5,"Cross intersection",3,60,"A",2005,"VAN","FORD","Panel Van","M",45,"40-49","Drivers"
"T20190001256","21/1/19",18:20:00,"Collision with vehicle","Monday","Day",2,5,"Cross intersection",3,60,"B",0,"DC UTE","TOYOTA","Utility","M",17,"16-17","Drivers"
"T20190001257","21/1/19",17:10:00,"Collision with vehicle","Monday","Day",2,2,"Not at intersection",2,80,"A",2018,"TIPPER","HINO","Light Commercial Vehicle (Rigid) <= 4.5 Tonnes GVM","M",47,"40-49","Drivers"
"T20190001257","21/1/19",17:10:00,"Collision with vehicle","Monday","Day",2,2,"Not at intersection",2,80,"B",2013,"BUS","TOYOTA","Taxi","M",59,"50-59","Drivers"
"T20190001260","21/1/19",17:02:00,"Collision with vehicle","Monday","Day",3,3,"Cross intersection",2,100,"A",2014,"P MVR","MACK","Prime Mover Only","M",39,"30-39","Drivers"
"T20190001260","21/1/19",17:02:00,"Collision with vehicle","Monday","Day",3,3,"Cross intersection",2,100,"B",2009,"S WAG","HOLDEN","Station Wagon","M",28,"26-29","Drivers"
"T20190001260","21/1/19",17:02:00,"Collision with vehicle","Monday","Day",3,3,"Cross intersection",2,100,"C",1996,"P MVR","FORD","Prime Mover Only","M",26,"26-29","Drivers"
"T20190001264","21/1/19",20:04:00,"Collision with vehicle","Monday","Day",2,4,"T intersection",2,60,"A",2006,"SEDAN","B M W","Car","M",78,"70+","Drivers"
"T20190001264","21/1/19",20:04:00,"Collision with vehicle","Monday","Day",2,4,"T intersection",2,60,"B",2013,"SEDAN","TOYOTA","Car","F",21,"17-21","Drivers"
"T20190001267","21/1/19",22:25:00,"Collision with vehicle","Monday","Unknown",2,2,"Not at intersection",3,80,"A",2009,"COUPE","HOLDEN","Car","M",31,"30-39","Drivers"
"T20190001268","21/1/19",22:48:00,"Collision with vehicle","Monday","Dark Street lights on",2,2,"T intersection",2,60,"B",2011,"SEDAN","FORD","Car","M",71,"70+","Drivers"
"T20190001270","21/1/19",23:55:00,"Collision with a fixed object","Monday","Dark Street lights on",1,1,"T intersection",3,60,"A",2010,"SEDAN","B M W","Car","M",44,"40-49","Drivers"
"T20190001272","22/1/19",06:57:00,"Collision with vehicle","Tuesday","Day",2,3,"Not at intersection",2,60,"A",2013,"SEDAN","NISSAN","Car","M",85,"70+","Drivers"
"T20190001273","22/1/19",07:10:00,"Vehicle overturned (no collision)","Tuesday","Day",1,1,"Not at intersection",3,40,"A",2003,"SEDAN","FORD","Car","M",23,"22-25","Drivers"
"T20190001274","22/1/19",08:51:00,"Collision with vehicle","Tuesday","Day",2,4,"Cross intersection",2,60,"A",2013,"SEDAN","HOLDEN","Car","M",54,"50-59","Drivers"
"T20190001274","22/1/19",08:51:00,"Collision with vehicle","Tuesday","Day",2,4,"Cross intersection",2,60,"B",2016,"SEDAN","HOLDEN","Car","M",51,"50-59","Drivers"
"T20190001275","22/1/19",08:30:00,"Collision with vehicle","Tuesday","Day",2,2,"Not at intersection",3,50,"A",2018,"WAGON","HOLDEN","Station Wagon","M",28,"26-29","Drivers"
"T20190001275","22/1/19",08:30:00,"Collision with vehicle","Tuesday","Day",2,2,"Not at intersection",3,50,"B",2009,"SEDAN","MAZDA","Car","M",30,"30-39","Drivers"
"T20190001276","22/1/19",08:15:00,"Collision with vehicle","Tuesday","Day",5,3,"Cross intersection",3,50,"A",2005,"S WAG","SUBARU","Station Wagon","M",22,"22-25","Drivers"
"T20190001276","22/1/19",08:15:00,"Collision with vehicle","Tuesday","Day",5,3,"Cross intersection",3,50,"B",2012,"G UNIT","SCANIA","Heavy Vehicle (Rigid) > 4.5 Tonnes","M",43,"40-49","Drivers"
"T20190001283","21/1/19",16:25:00,"Collision with vehicle","Monday","Day",3,3,"Not at intersection",3,80,"A",2016,"UTIL","TOYOTA","Utility","F",28,"26-29","Drivers"
"T20190001283","21/1/19",16:25:00,"Collision with vehicle","Monday","Day",3,3,"Not at intersection",3,80,"B",2017,"SEDAN","HYNDAI","Car","F",35,"30-39","Drivers"
"T20190001283","21/1/19",16:25:00,"Collision with vehicle","Monday","Day",3,3,"Not at intersection",3,80,"C",2005,"SEDAN","VOLKS","Car","M",21,"17-21","Drivers"
"T20190001285","15/1/19",20:15:00,"Collision with vehicle","Tuesday","Day",2,2,"Cross intersection",3,60,"A",1999,"SEDAN","MITSUB","Car","F",22,"22-25","Drivers"
"T20190001286","22/1/19",11:30:00,"Collision with vehicle","Tuesday","Day",3,3,"Not at intersection",2,60,"A",2010,"TIPPER","MERC B","Heavy Vehicle (Rigid) > 4.5 Tonnes","M",40,"40-49","Drivers"
"T20190001286","22/1/19",11:30:00,"Collision with vehicle","Tuesday","Day",3,3,"Not at intersection",2,60,"B",2003,"T SDS","HOLDEN","Car","M",20,"17-21","Drivers"
"T20190001286","22/1/19",11:30:00,"Collision with vehicle","Tuesday","Day",3,3,"Not at intersection",2,60,"C",2016,"SEDAN","TOYOTA","Car","M",61,"60-64","Drivers"
"T20190001287","21/1/19",17:30:00,"Collision with vehicle","Monday","Unknown",2,5,"Not at intersection",2,50,"A",2017,"S WAG","TOYOTA","Station Wagon","F",27,"26-29","Drivers"
"T20190001288","22/1/19",09:05:00,"Collision with vehicle","Tuesday","Day",2,2,"Not at intersection",3,50,"A",2016,"SEDAN","SUBARU","Car","M",35,"30-39","Drivers"
"T20190001288","22/1/19",09:05:00,"Collision with vehicle","Tuesday","Day",2,2,"Not at intersection",3,50,"B",2018,"P MVR","SCANIA","Prime Mover B-Triple","M",62,"60-64","Drivers"
"T20190001289","21/1/19",13:00:00,"Collision with vehicle","Monday","Day",2,2,"Cross intersection",3,50,"A",1998,"SEDAN","TOYOTA","Car","F",35,"30-39","Drivers"
"T20190001289","21/1/19",13:00:00,"Collision with vehicle","Monday","Day",2,2,"Cross intersection",3,50,"B",0,"P MVR","UNKN","Prime Mover - Single Trailer","U",NA,"unknown","Drivers"
"T20190001290","18/1/19",18:30:00,"Collision with vehicle","Friday","Day",2,2,"T intersection",3,60,"A",2002,"SEDAN","HOLDEN","Car","F",23,"22-25","Drivers"
"T20190001292","22/1/19",13:05:00,"Struck Pedestrian","Tuesday","Day",1,3,"Cross intersection",3,60,"A",2008,"P MVR","KENWTH","Prime Mover - Single Trailer","M",33,"30-39","Drivers"
"T20190001295","22/1/19",10:40:00,"Collision with vehicle","Tuesday","Day",3,4,"Not at intersection",3,80,"A",2008,"S WAG","HOLDEN","Station Wagon","F",45,"40-49","Drivers"
"T20190001295","22/1/19",10:40:00,"Collision with vehicle","Tuesday","Day",3,4,"Not at intersection",3,80,"B",2018,"TRAY","FORD","Light Commercial Vehicle (Rigid) <= 4.5 Tonnes GVM","M",46,"40-49","Drivers"
"T20190001295","22/1/19",10:40:00,"Collision with vehicle","Tuesday","Day",3,4,"Not at intersection",3,80,"C",2018,"VAN","VOLKS","Panel Van","M",36,"30-39","Drivers"
"T20190001299","22/1/19",14:35:00,"Collision with vehicle","Tuesday","Day",2,3,"T intersection",2,60,"A",2012,"SEDAN","HOLDEN","Car","M",35,"30-39","Drivers"
"T20190001299","22/1/19",14:35:00,"Collision with vehicle","Tuesday","Day",2,3,"T intersection",2,60,"B",2004,"SEDAN","HOLDEN","Car","M",30,"30-39","Drivers"
"T20190001304","22/1/19",14:15:00,"Collision with a fixed object","Tuesday","Day",1,1,"Cross intersection",3,60,"A",2011,"SEDAN","HOLDEN","Car","M",38,"30-39","Drivers"
"T20190001305","22/1/19",16:00:00,"Struck Pedestrian","Tuesday","Day",1,2,"Not at intersection",2,80,"A",2010,"SEDAN","FORD","Car","M",22,"22-25","Drivers"
"T20190001309","22/1/19",16:30:00,"Collision with vehicle","Tuesday","Day",2,4,"Cross intersection",3,60,"A",2017,"WAGON","FORD","Station Wagon","F",47,"40-49","Drivers"
"T20190001309","22/1/19",16:30:00,"Collision with vehicle","Tuesday","Day",2,4,"Cross intersection",3,60,"B",2016,"DC UTE","FORD","Utility","M",42,"40-49","Drivers"
"T20190001310","22/1/19",16:25:00,"Vehicle overturned (no collision)","Tuesday","Day",1,2,"Not at intersection",2,100,"A",2001,"WAGON","TOYOTA","Station Wagon","M",56,"50-59","Drivers"
"T20190001314","22/1/19",17:56:00,"Collision with vehicle","Tuesday","Day",2,4,"T intersection",3,80,"A",2008,"UTIL","HOLDEN","Utility","F",21,"17-21","Drivers"
"T20190001314","22/1/19",17:56:00,"Collision with vehicle","Tuesday","Day",2,4,"T intersection",3,80,"B",2016,"BUS","VOLVO","Bus/Coach","M",33,"30-39","Drivers"
"T20190001315","22/1/19",17:36:00,"Collision with vehicle","Tuesday","Day",2,2,"T intersection",2,60,"A",2018,"SEDAN","HYNDAI","Car","F",23,"22-25","Drivers"
"T20190001318","22/1/19",17:45:00,"Collision with vehicle","Tuesday","Day",2,2,"T intersection",2,60,"B",2006,"SEDAN","VOLKS","Car","M",21,"17-21","Drivers"
"T20190001320","22/1/19",19:15:00,"Struck Pedestrian","Tuesday","Day",1,3,"T intersection",3,50,"A",2010,"SEDAN","MAZDA","Car","M",53,"50-59","Drivers"
"T20190001324","22/1/19",10:10:00,"Struck Pedestrian","Tuesday","Day",1,2,"Not at intersection",3,999,"A",2007,"TIPPER","ISUZU","Heavy Vehicle (Rigid) > 4.5 Tonnes","U",NA,"unknown","Drivers"
"T20190001326","22/1/19",16:34:00,"Collision with vehicle","Tuesday","Day",2,2,"Not at intersection",2,80,"B",2005,"DC UTE","FORD","Utility","M",27,"26-29","Drivers"
"T20190001328","22/1/19",16:20:00,"Collision with vehicle","Tuesday","Day",2,2,"Cross intersection",3,60,"A",2013,"SEDAN","FORD","Car","F",22,"22-25","Drivers"
"T20190001328","22/1/19",16:20:00,"Collision with vehicle","Tuesday","Day",2,2,"Cross intersection",3,60,"B",2006,"VAN","MERC B","Light Commercial Vehicle (Rigid) <= 4.5 Tonnes GVM","M",75,"70+","Drivers"
"T20190001330","22/1/19",23:50:00,"Collision with vehicle","Tuesday","Dark Street lights on",2,2,"Not at intersection",3,60,"A",2014,"SEDAN","HYNDAI","Car","F",23,"22-25","Drivers"
"T20190001331","22/1/19",21:41:00,"Collision with vehicle","Tuesday","Dark Street lights on",3,1,"Cross intersection",3,50,"A",2001,"SEDAN","HOLDEN","Car","M",75,"70+","Drivers"
"T20190001335","23/1/19",06:35:00,"Vehicle overturned (no collision)","Wednesday","Dusk/Dawn",1,1,"Not at intersection",3,100,"A",2009,"SEDAN","FORD","Car","F",21,"17-21","Drivers"
"T20190001336","23/1/19",08:45:00,"Collision with vehicle","Wednesday","Day",2,2,"Cross intersection",3,70,"B",2012,"UTIL","HOLDEN","Utility","M",19,"17-21","Drivers"
"T20190001337","23/1/19",07:45:00,"Collision with a fixed object","Wednesday","Day",2,2,"Not at intersection",3,100,"A",2017,"WAGON","MITSUB","Station Wagon","M",58,"50-59","Drivers"
"T20190001338","15/1/19",14:00:00,"Collision with vehicle","Tuesday","Day",2,2,"Cross intersection",3,80,"A",2015,"S WAG","HOLDEN","Car","F",46,"40-49","Drivers"
"T20190001338","15/1/19",14:00:00,"Collision with vehicle","Tuesday","Day",2,2,"Cross intersection",3,80,"B",2010,"DC UTE","HOLDEN","Utility","M",37,"30-39","Drivers"
"T20190001341","23/1/19",07:20:00,"Struck Pedestrian","Wednesday","Day",1,2,"Cross intersection",3,80,"A",2012,"SEDAN","B M W","Car","F",45,"40-49","Drivers"
"T20190001342","21/1/19",06:00:00,"Collision with vehicle","Monday","Day",4,4,"Not at intersection",3,999,"A",2001,"S WAG","HOLDEN","Station Wagon","F",61,"60-64","Drivers"
"T20190001342","21/1/19",06:00:00,"Collision with vehicle","Monday","Day",4,4,"Not at intersection",3,999,"B",1973,"COUPE","TOYOTA","Car","F",20,"17-21","Drivers"
"T20190001342","21/1/19",06:00:00,"Collision with vehicle","Monday","Day",4,4,"Not at intersection",3,999,"C",2011,"SEDAN","FORD","Car","F",35,"30-39","Drivers"
"T20190001342","21/1/19",06:00:00,"Collision with vehicle","Monday","Day",4,4,"Not at intersection",3,999,"D",2018,"S WAG","MITSUB","Station Wagon","M",68,"64-69","Drivers"
"T20190001345","22/1/19",17:39:00,"Collision with vehicle","Tuesday","Day",2,3,"Cross intersection",2,50,"A",2011,"WAGON","NISSAN","Station Wagon","F",71,"70+","Drivers"
"T20190001345","22/1/19",17:39:00,"Collision with vehicle","Tuesday","Day",2,3,"Cross intersection",2,50,"B",2003,"SEDAN","TOYOTA","Car","M",21,"17-21","Drivers"
"T20190001346","21/1/19",08:10:00,"Collision with vehicle","Monday","Day",3,3,"Not at intersection",3,80,"A",2011,"SEDAN","VOLKS","Car","F",58,"50-59","Drivers"
"T20190001346","21/1/19",08:10:00,"Collision with vehicle","Monday","Day",3,3,"Not at intersection",3,80,"B",2017,"WAGON","HONDA","Station Wagon","U",NA,"unknown","Drivers"
"T20190001346","21/1/19",08:10:00,"Collision with vehicle","Monday","Day",3,3,"Not at intersection",3,80,"C",2006,"SEDAN","TOYOTA","Car","M",52,"50-59","Drivers"
"T20190001347","23/1/19",11:55:00,"Collision with a fixed object","Wednesday","Day",1,1,"Not at intersection",3,50,"A",2004,"SEDAN","SUZUKI","Car","F",32,"30-39","Drivers"
"T20190001348","23/1/19",12:27:00,"Struck Pedestrian","Wednesday","Day",1,2,"Not at intersection",3,50,"A",2014,"WAGON","L ROV","Station Wagon","F",64,"60-64","Drivers"
"T20190001350","23/1/19",12:40:00,"Collision with vehicle","Wednesday","Day",2,2,"Cross intersection",3,80,"A",2011,"S WAG","FORD","Station Wagon","F",36,"30-39","Drivers"
"T20190001352","23/1/19",13:00:00,"Collision with vehicle","Wednesday","Day",2,2,"T intersection",2,60,"A",2016,"SED","TOYOTA","Taxi","M",65,"64-69","Drivers"
"T20190001355","23/1/19",07:30:00,"collision with some other object","Wednesday","Day",1,1,"Not at intersection",3,40,"A",2016,"P MVR","KENWOR","Prime Mover B-Double","M",52,"50-59","Drivers"
"T20190001358","23/1/19",07:28:00,"Collision with a fixed object","Wednesday","Day",1,1,"Not at intersection",2,60,"A",2014,"SEDAN","HYNDAI","Car","F",19,"17-21","Drivers"
"T20190001364","23/1/19",15:30:00,"Collision with vehicle","Wednesday","Day",2,5,"T intersection",3,60,"A",2004,"WAGON","HONDA","Station Wagon","F",38,"30-39","Drivers"
"T20190001364","23/1/19",15:30:00,"Collision with vehicle","Wednesday","Day",2,5,"T intersection",3,60,"B",2007,"SEDAN","SUBARU","Car","M",36,"30-39","Drivers"
"T20190001365","23/1/19",14:25:00,"Collision with vehicle","Wednesday","Day",2,2,"Not at intersection",2,60,"A",0,"DC UTE","MITSUB","Utility","M",36,"30-39","Drivers"
"T20190001367","23/1/19",12:50:00,"Collision with a fixed object","Wednesday","Day",1,1,"Not at intersection",2,100,"A",2006,"SEDAN","FORD","Car","M",69,"64-69","Drivers"
"T20190001368","23/1/19",14:48:00,"Collision with vehicle","Wednesday","Day",2,7,"Cross intersection",3,80,"A",2015,"SEDAN","HOLDEN","Car","F",24,"22-25","Drivers"
"T20190001368","23/1/19",14:48:00,"Collision with vehicle","Wednesday","Day",2,7,"Cross intersection",3,80,"B",2017,"WAGON","TOYOTA","Station Wagon","F",32,"30-39","Drivers"
"T20190001371","23/1/19",14:35:00,"Collision with vehicle","Wednesday","Day",2,2,"T intersection",1,80,"A",2003,"SEDAN","HYNDAI","Car","M",78,"70+","Drivers"
"T20190001371","23/1/19",14:35:00,"Collision with vehicle","Wednesday","Day",2,2,"T intersection",1,80,"B",2012,"TILTER","MITSUB","Heavy Vehicle (Rigid) > 4.5 Tonnes","M",47,"40-49","Drivers"
"T20190001372","23/1/19",16:45:00,"Collision with vehicle","Wednesday","Day",2,5,"Not at intersection",2,100,"A",2006,"SEDAN","FORD","Car","M",24,"22-25","Drivers"
"T20190001373","23/1/19",17:55:00,"Collision with vehicle","Wednesday","Day",2,2,"Cross intersection",3,60,"A",2012,"SEDAN","HYNDAI","Car","F",21,"17-21","Drivers"
"T20190001373","23/1/19",17:55:00,"Collision with vehicle","Wednesday","Day",2,2,"Cross intersection",3,60,"B",2010,"UTIL","NISSAN","Utility","M",28,"26-29","Drivers"
"T20190001374","5/1/19",01:00:00,"Struck Pedestrian","Saturday","Dark Street lights unknown",1,2,"Not at intersection",2,999,"A",0,"SEDAN","UNKN","Car","U",NA,"unknown","Drivers"
"T20190001376","23/1/19",19:00:00,"Struck Pedestrian","Wednesday","Day",1,3,"Not at intersection",3,50,"A",2017,"SEDAN","TOYOTA","Car","M",49,"40-49","Drivers"
"T20190001379","23/1/19",18:00:00,"Collision with vehicle","Wednesday","Day",4,8,"Cross intersection",3,40,"A",2018,"WAGON","TOYOTA","Station Wagon","U",NA,"unknown","Drivers"
"T20190001379","23/1/19",18:00:00,"Collision with vehicle","Wednesday","Day",4,8,"Cross intersection",3,40,"B",2007,"SED","HOLDEN","Car","F",46,"40-49","Drivers"
"T20190001379","23/1/19",18:00:00,"Collision with vehicle","Wednesday","Day",4,8,"Cross intersection",3,40,"C",2007,"SEDAN","HONDA","Car","F",37,"30-39","Drivers"
"T20190001379","23/1/19",18:00:00,"Collision with vehicle","Wednesday","Day",4,8,"Cross intersection",3,40,"D",2008,"SEDAN","VOLKS","Car","F",22,"22-25","Drivers"
"T20190001380","23/1/19",14:00:00,"Vehicle overturned (no collision)","Wednesday","Day",1,2,"Not at intersection",3,999,"A",2005,"WAGON","FORD","Station Wagon","M",20,"17-21","Drivers"
"T20190001381","23/1/19",18:10:00,"Collision with vehicle","Wednesday","Day",4,5,"Not at intersection",3,100,"A",2012,"SEDAN","HOLDEN","Car","M",33,"30-39","Drivers"
"T20190001381","23/1/19",18:10:00,"Collision with vehicle","Wednesday","Day",4,5,"Not at intersection",3,100,"B",2009,"VAN","ISUZU","Light Commercial Vehicle (Rigid) <= 4.5 Tonnes GVM","M",27,"26-29","Drivers"
"T20190001381","23/1/19",18:10:00,"Collision with vehicle","Wednesday","Day",4,5,"Not at intersection",3,100,"C",2008,"VAN","ISUZU","Light Commercial Vehicle (Rigid) <= 4.5 Tonnes GVM","M",23,"22-25","Drivers"
"T20190001381","23/1/19",18:10:00,"Collision with vehicle","Wednesday","Day",4,5,"Not at intersection",3,100,"D",2005,"TOURER","M MOVE","Car","M",27,"26-29","Drivers"
"T20190001383","23/1/19",17:30:00,"Collision with vehicle","Wednesday","Day",2,2,"T intersection",3,60,"B",2011,"WAGON","TOYOTA","Station Wagon","M",72,"70+","Drivers"
"T20190001384","23/1/19",18:23:00,"Collision with vehicle","Wednesday","Day",3,3,"Not at intersection",3,100,"A",2007,"SEDAN","FORD","Car","F",36,"30-39","Drivers"
"T20190001384","23/1/19",18:23:00,"Collision with vehicle","Wednesday","Day",3,3,"Not at intersection",3,100,"C",2010,"SEDAN","AUDI","Car","M",37,"30-39","Drivers"
"T20190001385","23/1/19",18:40:00,"Collision with vehicle","Wednesday","Day",2,2,"Not at intersection",3,50,"A",2003,"COUPE","MITSUB","Car","M",23,"22-25","Drivers"
"T20190001385","23/1/19",18:40:00,"Collision with vehicle","Wednesday","Day",2,2,"Not at intersection",3,50,"B",2014,"SEDAN","MAZDA","Car","F",22,"22-25","Drivers"
"T20190001386","23/1/19",19:45:00,"Collision with vehicle","Wednesday","Dusk/Dawn",3,3,"Cross intersection",2,60,"A",2002,"COUPE","M MOVE","Car","F",19,"17-21","Drivers"
"T20190001386","23/1/19",19:45:00,"Collision with vehicle","Wednesday","Dusk/Dawn",3,3,"Cross intersection",2,60,"B",2007,"BUS","SCANIA","Bus/Coach","F",50,"50-59","Drivers"
"T20190001386","23/1/19",19:45:00,"Collision with vehicle","Wednesday","Dusk/Dawn",3,3,"Cross intersection",2,60,"C",2007,"WAGON","TOYOTA","Station Wagon","M",59,"50-59","Drivers"
"T20190001387","23/1/19",20:30:00,"Collision with a fixed object","Wednesday","Day",1,2,"T intersection",3,60,"A",2004,"SEDAN","MASER","Car","M",26,"26-29","Drivers"
"T20190001390","23/1/19",19:09:00,"Collision with a fixed object","Wednesday","Day",1,2,"Not at intersection",2,70,"A",2000,"SEDAN","HOLDEN","Car","M",23,"22-25","Drivers"
"T20190001391","23/1/19",20:15:00,"Vehicle overturned (no collision)","Wednesday","Day",1,2,"Not at intersection",2,50,"A",1997,"TRAY","NISSAN","Utility","M",48,"40-49","Drivers"
"T20190001394","23/1/19",19:30:00,"Collision with vehicle","Wednesday","Dusk/Dawn",2,5,"Not at intersection",1,100,"A",2006,"SEDAN","FORD","Car","F",42,"40-49","Drivers"
"T20190001394","23/1/19",19:30:00,"Collision with vehicle","Wednesday","Dusk/Dawn",2,5,"Not at intersection",1,100,"B",2016,"P MVR","KENWTH","Prime Mover B-Double","M",38,"30-39","Drivers"
"T20190001397","24/1/19",03:20:00,"Collision with a fixed object","Thursday","Dark No street lights",1,2,"Not at intersection",2,80,"A",2001,"SEDAN","FORD","Car","M",24,"22-25","Drivers"
"T20190001398","23/1/19",05:28:00,"Vehicle overturned (no collision)","Wednesday","Dark No street lights",1,1,"Not at intersection",2,80,"A",1998,"SEDAN","HOLDEN","Car","M",58,"50-59","Drivers"
"T20190001399","24/1/19",06:00:00,"Collision with vehicle","Thursday","Dusk/Dawn",2,2,"Cross intersection",2,60,"A",2017,"TRAY","TOYOTA","Utility","M",25,"22-25","Drivers"
"T20190001400","24/1/19",05:55:00,"Collision with vehicle","Thursday","Day",2,2,"Not at intersection",3,110,"A",2018,"WAGON","MITSUB","Station Wagon","F",24,"22-25","Drivers"
"T20190001401","23/1/19",16:30:00,"Collision with a fixed object","Wednesday","Day",1,1,"Not at intersection",3,80,"A",2004,"SEDAN","FORD","Car","F",33,"30-39","Drivers"
"T20190001402","23/1/19",15:45:00,"Collision with vehicle","Wednesday","Day",3,4,"Not at intersection",2,60,"A",2018,"DC UTE","TOYOTA","Utility","M",32,"30-39","Drivers"
"T20190001402","23/1/19",15:45:00,"Collision with vehicle","Wednesday","Day",3,4,"Not at intersection",2,60,"B",2003,"SEDAN","TOYOTA","Car","M",31,"30-39","Drivers"
"T20190001402","23/1/19",15:45:00,"Collision with vehicle","Wednesday","Day",3,4,"Not at intersection",2,60,"C",2006,"SEDAN","MAZDA","Car","M",51,"50-59","Drivers"
"T20190001406","24/1/19",09:05:00,"Collision with vehicle","Thursday","Day",2,2,"Not at intersection",3,40,"A",2015,"SEDAN","HYNDAI","Car","F",29,"26-29","Drivers"
"T20190001407","22/1/19",14:15:00,"Collision with vehicle","Tuesday","Day",2,2,"Not at intersection",2,80,"A",2001,"SEDAN","TOYOTA","Car","F",44,"40-49","Drivers"
"T20190001407","22/1/19",14:15:00,"Collision with vehicle","Tuesday","Day",2,2,"Not at intersection",2,80,"B",2018,"WAGON","MERC B","Station Wagon","M",32,"30-39","Drivers"
"T20190001413","24/1/19",07:15:00,"Collision with vehicle","Thursday","Day",2,2,"Cross intersection",3,50,"A",2008,"SEDAN","FORD","Car","M",40,"40-49","Drivers"
"T20190001413","24/1/19",07:15:00,"Collision with vehicle","Thursday","Day",2,2,"Cross intersection",3,50,"B",2018,"SEDAN","TOYOTA","Car","M",31,"30-39","Drivers"
"T20190001414","24/1/19",11:35:00,"Collision with vehicle","Thursday","Day",2,2,"T intersection",3,70,"A",2012,"WAGON","MAZDA","Station Wagon","M",61,"60-64","Drivers"
"T20190001415","24/1/19",09:55:00,"Collision with vehicle","Thursday","Day",2,2,"Dead end",2,50,"A",2015,"SEDAN","MAZDA","Car","M",70,"70+","Drivers"
"T20190001415","24/1/19",09:55:00,"Collision with vehicle","Thursday","Day",2,2,"Dead end",2,50,"B",2011,"SEDAN","SUBARU","Car","F",40,"40-49","Drivers"
"T20190001417","23/1/19",19:35:00,"Collision with vehicle","Wednesday","Day",2,2,"T intersection",3,60,"A",2006,"SEDAN","TOYOTA","Car","M",29,"26-29","Drivers"
"T20190001417","23/1/19",19:35:00,"Collision with vehicle","Wednesday","Day",2,2,"T intersection",3,60,"B",2018,"WAGON","HOLDEN","Station Wagon","F",44,"40-49","Drivers"
"T20190001418","14/1/19",11:50:00,"Collision with vehicle","Monday","Day",2,2,"Cross intersection",3,60,"A",2013,"VAN","VOLKS","Panel Van","F",29,"26-29","Drivers"
"T20190001418","14/1/19",11:50:00,"Collision with vehicle","Monday","Day",2,2,"Cross intersection",3,60,"B",2014,"WAGON","TOYOTA","Station Wagon","F",52,"50-59","Drivers"
"T20190001422","4/1/19",08:30:00,"Collision with vehicle","Friday","Day",2,2,"Multiple intersection",3,999,"A",2007,"WAGON","HOLDEN","Station Wagon","M",27,"26-29","Drivers"