"ACCIDENT_NO","ACCIDENTDATE","ACCIDENTTIME","Accident Type Desc","Day Week Description","Light Condition Desc","NO_OF_VEHICLES","NO_PERSONS","Road Geometry Desc","SEVERITY","SPEED_ZONE","VEHICLE_ID","VEHICLE_YEAR_MANUF","VEHICLE_BODY_STYLE","VEHICLE_MAKE","Vehicle Type Desc","SEX","AGE","Age Group","Road User Type Desc"
"T20190001422","4/1/19",08:30:00,"Collision with vehicle","Friday","Day",2,2,"Multiple intersection",3,999,"B",2013,"G UNIT","D EAGL","Heavy Vehicle (Rigid) > 4.5 Tonnes","M",46,"40-49","Drivers"
"T20190001423","15/1/19",14:00:00,"Struck Pedestrian","Tuesday","Day",1,4,"Not at intersection",2,999,"A",2007,"SEDAN","HONDA","Car","F",53,"50-59","Drivers"
"T20190001424","24/1/19",11:04:00,"Collision with vehicle","Thursday","Day",2,2,"Not at intersection",3,100,"A",2012,"WAGON","SUBARU","Station Wagon","F",74,"70+","Drivers"
"T20190001424","24/1/19",11:04:00,"Collision with vehicle","Thursday","Day",2,2,"Not at intersection",3,100,"B",2008,"UTIL","TOYOTA","Utility","M",24,"22-25","Drivers"
"T20190001426","24/1/19",13:10:00,"Struck Pedestrian","Thursday","Day",1,2,"Not at intersection",2,50,"A",2016,"WAGON","SUBARU","Station Wagon","F",59,"50-59","Drivers"
"T20190001429","24/1/19",11:25:00,"Vehicle overturned (no collision)","Thursday","Day",1,2,"Not at intersection",1,110,"A",1998,"WAGON","HOLDEN","Station Wagon","F",18,"17-21","Drivers"
"T20190001430","24/1/19",13:40:00,"Collision with vehicle","Thursday","Day",2,2,"Cross intersection",2,80,"B",2003,"SEDAN","MAZDA","Car","M",25,"22-25","Drivers"
"T20190001431","23/1/19",16:00:00,"Collision with vehicle","Wednesday","Unknown",2,2,"Not at intersection",3,80,"A",2014,"VAN","VOLKS","Panel Van","M",50,"50-59","Drivers"
"T20190001431","23/1/19",16:00:00,"Collision with vehicle","Wednesday","Unknown",2,2,"Not at intersection",3,80,"B",2008,"TRAY","HINO","Light Commercial Vehicle (Rigid) <= 4.5 Tonnes GVM","M",43,"40-49","Drivers"
"T20190001432","24/1/19",15:39:00,"Collision with vehicle","Thursday","Day",4,5,"Not at intersection",3,60,"A",2007,"SEDAN","TOYOTA","Car","F",24,"22-25","Drivers"
"T20190001432","24/1/19",15:39:00,"Collision with vehicle","Thursday","Day",4,5,"Not at intersection",3,60,"B",2013,"SEDAN","TOYOTA","Car","F",32,"30-39","Drivers"
"T20190001432","24/1/19",15:39:00,"Collision with vehicle","Thursday","Day",4,5,"Not at intersection",3,60,"C",2018,"SEDAN","HYNDAI","Car","F",55,"50-59","Drivers"
"T20190001432","24/1/19",15:39:00,"Collision with vehicle","Thursday","Day",4,5,"Not at intersection",3,60,"D",2002,"BUS","MERC B","Bus/Coach","M",43,"40-49","Drivers"
"T20190001433","24/1/19",11:20:00,"Collision with vehicle","Thursday","Day",2,2,"T intersection",3,60,"A",2005,"S WAG","B M W","Station Wagon","F",48,"40-49","Drivers"
"T20190001433","24/1/19",11:20:00,"Collision with vehicle","Thursday","Day",2,2,"T intersection",3,60,"B",1997,"COUPE","NISSAN","Car","M",21,"17-21","Drivers"
"T20190001434","24/1/19",15:50:00,"Collision with vehicle","Thursday","Day",2,4,"T intersection",2,80,"A",2007,"SEDAN","HYNDAI","Car","F",73,"70+","Drivers"
"T20190001434","24/1/19",15:50:00,"Collision with vehicle","Thursday","Day",2,4,"T intersection",2,80,"B",2017,"UTIL","NISSAN","Utility","M",43,"40-49","Drivers"
"T20190001435","24/1/19",16:47:00,"Collision with vehicle","Thursday","Day",3,3,"Not at intersection",3,100,"A",2006,"SEDAN","FORD","Car","F",38,"30-39","Drivers"
"T20190001435","24/1/19",16:47:00,"Collision with vehicle","Thursday","Day",3,3,"Not at intersection",3,100,"B",2009,"SEDAN","FORD","Car","M",36,"30-39","Drivers"
"T20190001435","24/1/19",16:47:00,"Collision with vehicle","Thursday","Day",3,3,"Not at intersection",3,100,"C",2013,"SEDAN","UNKN","Car","M",28,"26-29","Drivers"
"T20190001438","24/1/19",17:00:00,"Collision with vehicle","Thursday","Day",2,2,"Cross intersection",3,60,"A",2016,"WAGON","NISSAN","Station Wagon","F",46,"40-49","Drivers"
"T20190001444","24/1/19",16:40:00,"Collision with a fixed object","Thursday","Day",1,1,"Not at intersection",3,60,"A",0,"SED","HOLDEN","Car","M",43,"40-49","Drivers"
"T20190001446","23/1/19",14:30:00,"Collision with vehicle","Wednesday","Day",2,3,"Cross intersection",3,60,"A",2014,"SEDAN","TOYOTA","Car","F",35,"30-39","Drivers"
"T20190001449","24/1/19",17:30:00,"Collision with vehicle","Thursday","Day",2,3,"Not at intersection",3,80,"A",2018,"WAGON","KIA","Station Wagon","M",29,"26-29","Drivers"
"T20190001449","24/1/19",17:30:00,"Collision with vehicle","Thursday","Day",2,3,"Not at intersection",3,80,"B",2006,"COUPE","B M W","Car","M",26,"26-29","Drivers"
"T20190001450","24/1/19",18:53:00,"Collision with vehicle","Thursday","Day",2,4,"Cross intersection",3,60,"A",0,"SED","HOLDEN","Car","F",23,"22-25","Drivers"
"T20190001450","24/1/19",18:53:00,"Collision with vehicle","Thursday","Day",2,4,"Cross intersection",3,60,"B",2018,"SEDAN","TOYOTA","Car","M",20,"17-21","Drivers"
"T20190001452","24/1/19",22:01:00,"Collision with vehicle","Thursday","Dark Street lights on",2,3,"T intersection",3,70,"A",2009,"SEDAN","HOLDEN","Car","M",61,"60-64","Drivers"
"T20190001452","24/1/19",22:01:00,"Collision with vehicle","Thursday","Dark Street lights on",2,3,"T intersection",3,70,"B",2011,"S WAG","HOLDEN","Station Wagon","F",36,"30-39","Drivers"
"T20190001453","24/1/19",16:22:00,"Struck Pedestrian","Thursday","Day",1,2,"Cross intersection",2,50,"A",2013,"WAGON","HONDA","Station Wagon","F",56,"50-59","Drivers"
"T20190001462","25/1/19",07:30:00,"Collision with a fixed object","Friday","Day",1,1,"Not at intersection",3,110,"A",2012,"SEDAN","MAZDA","Car","F",21,"17-21","Drivers"
"T20190001463","16/1/19",09:00:00,"Collision with vehicle","Wednesday","Day",2,2,"Cross intersection",2,70,"A",2007,"WAGON","VOLVO","Station Wagon","M",78,"70+","Drivers"
"T20190001463","16/1/19",09:00:00,"Collision with vehicle","Wednesday","Day",2,2,"Cross intersection",2,70,"B",1997,"SEDAN","HONDA","Car","F",33,"30-39","Drivers"
"T20190001464","24/1/19",13:34:00,"Collision with vehicle","Thursday","Day",2,2,"Not at intersection",3,60,"A",2011,"S WAG","HOLDEN","Station Wagon","M",36,"30-39","Drivers"
"T20190001468","25/1/19",03:30:00,"Vehicle overturned (no collision)","Friday","Dark No street lights",1,1,"Not at intersection",1,100,"A",2010,"UTIL","HOLDEN","Utility","F",26,"26-29","Drivers"
"T20190001469","25/1/19",07:50:00,"Collision with vehicle","Friday","Day",2,2,"Cross intersection",3,60,"A",2006,"DC UTE","HOLDEN","Utility","M",64,"60-64","Drivers"
"T20190001470","24/1/19",11:25:00,"Collision with vehicle","Thursday","Day",2,2,"Not at intersection",3,80,"B",0,NA,"HOLDEN","Car","U",NA,"unknown","Drivers"
"T20190001472","25/1/19",11:08:00,"Collision with vehicle","Friday","Day",2,3,"Cross intersection",3,40,"A",2015,"SEDAN","TOYOTA","Car","U",NA,"unknown","Drivers"
"T20190001472","25/1/19",11:08:00,"Collision with vehicle","Friday","Day",2,3,"Cross intersection",3,40,"B",2017,"WAGON","B M W","Station Wagon","M",61,"60-64","Drivers"
"T20190001473","25/1/19",11:46:00,"Collision with vehicle","Friday","Day",2,2,"Multiple intersection",3,60,"A",2008,"SEDAN","TOYOTA","Car","F",28,"26-29","Drivers"
"T20190001473","25/1/19",11:46:00,"Collision with vehicle","Friday","Day",2,2,"Multiple intersection",3,60,"B",2014,"WAGON","JEEP","Station Wagon","F",60,"60-64","Drivers"
"T20190001474","23/1/19",09:40:00,"Collision with vehicle","Wednesday","Day",2,2,"T intersection",3,999,"B",0,"SEDAN","UNKN","Car","U",NA,"unknown","Drivers"
"T20190001476","25/1/19",11:57:00,"Collision with a fixed object","Friday","Day",1,2,"Not at intersection",2,100,"A",2000,"SEDAN","TOYOTA","Car","F",48,"40-49","Drivers"
"T20190001482","25/1/19",06:20:00,"Collision with vehicle","Friday","Day",2,2,"Cross intersection",3,999,"A",2012,"DC UTE","TOYOTA","Utility","M",50,"50-59","Drivers"
"T20190001482","25/1/19",06:20:00,"Collision with vehicle","Friday","Day",2,2,"Cross intersection",3,999,"B",2001,"TRAY","TOYOTA","Light Commercial Vehicle (Rigid) <= 4.5 Tonnes GVM","M",32,"30-39","Drivers"
"T20190001486","25/1/19",12:05:00,"Collision with a fixed object","Friday","Day",1,1,"Not at intersection",2,100,"A",2014,"DC UTE","ISUZU","Utility","M",33,"30-39","Drivers"
"T20190001487","25/1/19",13:50:00,"Collision with vehicle","Friday","Day",2,3,"Not at intersection",3,60,"A",2003,"S WAG","HOLDEN","Station Wagon","M",55,"50-59","Drivers"
"T20190001487","25/1/19",13:50:00,"Collision with vehicle","Friday","Day",2,3,"Not at intersection",3,60,"B",2016,"WAGON","SUZUKI","Station Wagon","F",33,"30-39","Drivers"
"T20190001488","25/1/19",14:00:00,"Collision with vehicle","Friday","Day",2,3,"T intersection",2,100,"A",2005,"SEDAN","MAZDA","Car","M",72,"70+","Drivers"
"T20190001488","25/1/19",14:00:00,"Collision with vehicle","Friday","Day",2,3,"T intersection",2,100,"B",1996,"SED","HONDA","Car","M",51,"50-59","Drivers"
"T20190001489","25/1/19",12:40:00,"Vehicle overturned (no collision)","Friday","Day",1,2,"Not at intersection",3,100,"A",2017,"F UNIT","MERC B","Light Commercial Vehicle (Rigid) <= 4.5 Tonnes GVM","F",28,"26-29","Drivers"
"T20190001491","25/1/19",12:00:00,"Collision with vehicle","Friday","Day",2,2,"Cross intersection",3,60,"A",2014,"SEDAN","MERC B","Car","F",74,"70+","Drivers"
"T20190001491","25/1/19",12:00:00,"Collision with vehicle","Friday","Day",2,2,"Cross intersection",3,60,"B",2016,"WAGON","REN","Station Wagon","M",62,"60-64","Drivers"
"T20190001492","25/1/19",13:07:00,"Collision with vehicle","Friday","Day",2,3,"Cross intersection",3,60,"A",2003,"SEDAN","TOYOTA","Car","M",25,"22-25","Drivers"
"T20190001492","25/1/19",13:07:00,"Collision with vehicle","Friday","Day",2,3,"Cross intersection",3,60,"B",1999,"WAGON","HONDA","Car","M",25,"22-25","Drivers"
"T20190001493","25/1/19",12:43:00,"Collision with vehicle","Friday","Day",2,2,"Not at intersection",2,60,"A",2011,"SEDAN","UNKN","Car","F",29,"26-29","Drivers"
"T20190001499","17/1/19",14:50:00,"Collision with vehicle","Thursday","Day",3,3,"T intersection",3,70,"B",2007,"WAGON","VOLVO","Car","F",43,"40-49","Drivers"
"T20190001499","17/1/19",14:50:00,"Collision with vehicle","Thursday","Day",3,3,"T intersection",3,70,"C",2013,"VAN","HYNDAI","Panel Van","F",55,"50-59","Drivers"
"T20190001499","17/1/19",14:50:00,"Collision with vehicle","Thursday","Day",3,3,"T intersection",3,70,"D",2015,"SEDAN","HYNDAI","Car","F",58,"50-59","Drivers"
"T20190001505","25/1/19",15:58:00,"Collision with vehicle","Friday","Day",2,4,"Cross intersection",2,80,"A",2014,"WAGON","FORD","Station Wagon","F",65,"64-69","Drivers"
"T20190001505","25/1/19",15:58:00,"Collision with vehicle","Friday","Day",2,4,"Cross intersection",2,80,"B",2005,"WAGON","TOYOTA","Station Wagon","F",39,"30-39","Drivers"
"T20190001507","25/1/19",17:25:00,"Collision with vehicle","Friday","Day",3,4,"Not at intersection",3,60,"A",2011,"UTIL","FORD","Utility","M",61,"60-64","Drivers"
"T20190001507","25/1/19",17:25:00,"Collision with vehicle","Friday","Day",3,4,"Not at intersection",3,60,"B",2018,"WAGON","HYNDAI","Station Wagon","F",46,"40-49","Drivers"
"T20190001507","25/1/19",17:25:00,"Collision with vehicle","Friday","Day",3,4,"Not at intersection",3,60,"C",2017,"WAGON","TESLA","Station Wagon","M",37,"30-39","Drivers"
"T20190001508","25/1/19",16:49:00,"Collision with a fixed object","Friday","Day",2,1,"Cross intersection",3,60,"A",2013,"SEDAN","HYNDAI","Car","F",23,"22-25","Drivers"
"T20190001513","25/1/19",16:42:00,"Collision with vehicle","Friday","Day",2,2,"Cross intersection",3,50,"A",2012,"WAGON","TOYOTA","Station Wagon","F",48,"40-49","Drivers"
"T20190001513","25/1/19",16:42:00,"Collision with vehicle","Friday","Day",2,2,"Cross intersection",3,50,"B",2004,"WAGON","SUBARU","Station Wagon","F",35,"30-39","Drivers"
"T20190001516","25/1/19",19:08:00,"Struck Pedestrian","Friday","Day",1,2,"Not at intersection",3,40,"A",2011,"SEDAN","HOLDEN","Taxi","M",48,"40-49","Drivers"
"T20190001520","25/1/19",17:00:00,"Collision with vehicle","Friday","Day",2,2,"Not at intersection",3,60,"A",2014,"WAGON","HOLDEN","Station Wagon","F",48,"40-49","Drivers"
"T20190001520","25/1/19",17:00:00,"Collision with vehicle","Friday","Day",2,2,"Not at intersection",3,60,"B",2002,"TRAY","FORD","Utility","M",20,"17-21","Drivers"
"T20190001522","25/1/19",15:13:00,"Collision with a fixed object","Friday","Day",2,2,"Not at intersection",3,60,"B",2011,"P MVR","VOLVO","Prime Mover - Single Trailer","M",32,"30-39","Drivers"
"T20190001523","25/1/19",17:40:00,"Collision with a fixed object","Friday","Day",1,1,"Not at intersection",3,80,"A",2001,"SEDAN","FORD","Car","F",58,"50-59","Drivers"
"T20190001525","25/1/19",21:53:00,"Collision with vehicle","Friday","Dark Street lights on",2,2,"Cross intersection",2,40,"A",2002,"SED","HOLDEN","Car","M",60,"60-64","Drivers"
"T20190001526","25/1/19",20:24:00,"Collision with vehicle","Friday","Dusk/Dawn",2,3,"Cross intersection",2,999,"A",2017,"SEDAN","HYNDAI","Car","F",73,"70+","Drivers"
"T20190001526","25/1/19",20:24:00,"Collision with vehicle","Friday","Dusk/Dawn",2,3,"Cross intersection",2,999,"B",1989,"SEDAN","HOLDEN","Car","F",54,"50-59","Drivers"
"T20190001530","26/1/19",00:10:00,"Collision with vehicle","Saturday","Dark No street lights",2,2,"Not at intersection",2,80,"A",2007,"SEDAN","TOYOTA","Car","M",22,"22-25","Drivers"
"T20190001530","26/1/19",00:10:00,"Collision with vehicle","Saturday","Dark No street lights",2,2,"Not at intersection",2,80,"B",2010,"WAGON","HOLDEN","Car","F",36,"30-39","Drivers"
"T20190001532","25/1/19",05:45:00,"Collision with vehicle","Friday","Dusk/Dawn",2,2,"Not at intersection",3,60,"A",1999,"COUPE","MITSUB","Car","M",41,"40-49","Drivers"
"T20190001532","25/1/19",05:45:00,"Collision with vehicle","Friday","Dusk/Dawn",2,2,"Not at intersection",3,60,"B",2003,"TRAY","HOLDEN","Light Commercial Vehicle (Rigid) <= 4.5 Tonnes GVM","M",52,"50-59","Drivers"
"T20190001536","26/1/19",01:50:00,"Collision with a fixed object","Saturday","Dark Street lights on",1,1,"T intersection",2,80,"A",1999,"WAGON","NISSAN","Station Wagon","M",59,"50-59","Drivers"
"T20190001539","25/1/19",23:30:00,"Collision with vehicle","Friday","Dark Street lights on",2,4,"Cross intersection",3,60,"A",2013,"SEDAN","HOLDEN","Car","M",25,"22-25","Drivers"
"T20190001539","25/1/19",23:30:00,"Collision with vehicle","Friday","Dark Street lights on",2,4,"Cross intersection",3,60,"B",2010,"UTIL","NISSAN","Utility","F",25,"22-25","Drivers"
"T20190001545","26/1/19",07:55:00,"Collision with a fixed object","Saturday","Day",1,1,"Not at intersection",2,100,"A",2001,"SEDAN","HOLDEN","Car","F",18,"17-21","Drivers"
"T20190001551","26/1/19",11:45:00,"Collision with vehicle","Saturday","Day",3,3,"Not at intersection",3,60,"A",2005,"SEDAN","HOLDEN","Car","M",25,"22-25","Drivers"
"T20190001551","26/1/19",11:45:00,"Collision with vehicle","Saturday","Day",3,3,"Not at intersection",3,60,"B",2007,"SEDAN","SUZUKI","Car","F",22,"22-25","Drivers"
"T20190001551","26/1/19",11:45:00,"Collision with vehicle","Saturday","Day",3,3,"Not at intersection",3,60,"C",2001,"S WAG","HOLDEN","Station Wagon","F",29,"26-29","Drivers"
"T20190001553","25/1/19",19:20:00,"Collision with vehicle","Friday","Day",2,3,"Cross intersection",3,50,"A",1999,"WAGON","TOYOTA","Station Wagon","M",81,"70+","Drivers"
"T20190001553","25/1/19",19:20:00,"Collision with vehicle","Friday","Day",2,3,"Cross intersection",3,50,"B",1999,"S WAG","SUBARU","Station Wagon","M",56,"50-59","Drivers"
"T20190001554","26/1/19",11:50:00,"Collision with vehicle","Saturday","Day",3,4,"Not at intersection",2,60,"A",2001,"SEDAN","FORD","Car","M",36,"30-39","Drivers"
"T20190001554","26/1/19",11:50:00,"Collision with vehicle","Saturday","Day",3,4,"Not at intersection",2,60,"B",2004,"SEDAN","M MOVE","Car","M",49,"40-49","Drivers"
"T20190001554","26/1/19",11:50:00,"Collision with vehicle","Saturday","Day",3,4,"Not at intersection",2,60,"C",2004,"SEDAN","MAZDA","Car","F",32,"30-39","Drivers"
"T20190001555","26/1/19",13:33:00,"Struck Pedestrian","Saturday","Day",1,2,"Not at intersection",3,999,"A",2012,"SEDAN","TOYOTA","Car","F",31,"30-39","Drivers"
"T20190001556","26/1/19",12:28:00,"Collision with vehicle","Saturday","Day",2,2,"Not at intersection",2,60,"A",2013,"COUPE","MERC B","Car","F",73,"70+","Drivers"
"T20190001556","26/1/19",12:28:00,"Collision with vehicle","Saturday","Day",2,2,"Not at intersection",2,60,"B",2013,"P MVR","VOLVO","Prime Mover - Single Trailer","M",31,"30-39","Drivers"
"T20190001558","26/1/19",10:33:00,"Collision with vehicle","Saturday","Day",2,3,"Not at intersection",3,100,"A",2010,"SEDAN","MITSUB","Car","M",48,"40-49","Drivers"
"T20190001558","26/1/19",10:33:00,"Collision with vehicle","Saturday","Day",2,3,"Not at intersection",3,100,"B",2013,"SEDAN","KIA","Car","M",30,"30-39","Drivers"
"T20190001561","26/1/19",14:05:00,"Collision with vehicle","Saturday","Day",2,3,"Cross intersection",2,80,"A",1993,"MULTI","TOYOTA","Car","M",73,"70+","Drivers"
"T20190001561","26/1/19",14:05:00,"Collision with vehicle","Saturday","Day",2,3,"Cross intersection",2,80,"B",2015,"SEDAN","TOYOTA","Car","F",56,"50-59","Drivers"
"T20190001563","26/1/19",15:15:00,"Collision with vehicle","Saturday","Day",2,2,"T intersection",3,60,"A",2005,"SEDAN","REN","Car","F",49,"40-49","Drivers"
"T20190001563","26/1/19",15:15:00,"Collision with vehicle","Saturday","Day",2,2,"T intersection",3,60,"B",2017,"TRAY","ISUZU","Light Commercial Vehicle (Rigid) <= 4.5 Tonnes GVM","M",30,"30-39","Drivers"
"T20190001564","26/1/19",13:40:00,"Collision with vehicle","Saturday","Day",2,4,"Cross intersection",3,60,"A",2007,"SEDAN","NISSAN","Car","F",36,"30-39","Drivers"
"T20190001564","26/1/19",13:40:00,"Collision with vehicle","Saturday","Day",2,4,"Cross intersection",3,60,"B",2011,"SEDAN","MAZDA","Car","F",43,"40-49","Drivers"
"T20190001565","24/1/19",14:15:00,"Collision with vehicle","Thursday","Unknown",2,2,"Cross intersection",3,80,"A",2008,"SEDAN","MAZDA","Car","F",56,"50-59","Drivers"
"T20190001565","24/1/19",14:15:00,"Collision with vehicle","Thursday","Unknown",2,2,"Cross intersection",3,80,"B",2011,"DC UTE","NISSAN","Utility","M",25,"22-25","Drivers"
"T20190001566","26/1/19",15:15:00,"Collision with vehicle","Saturday","Day",2,2,"Cross intersection",3,60,"A",2004,"UTIL","FORD","Utility","M",47,"40-49","Drivers"
"T20190001568","24/1/19",07:20:00,"Collision with vehicle","Thursday","Day",2,2,"T intersection",3,60,"A",2006,"SEDAN","MAZDA","Car","M",22,"22-25","Drivers"
"T20190001569","25/1/19",15:55:00,"Collision with vehicle","Friday","Day",2,2,"T intersection",3,100,"A",2011,"WAGON","G WALL","Station Wagon","F",18,"17-21","Drivers"
"T20190001569","25/1/19",15:55:00,"Collision with vehicle","Friday","Day",2,2,"T intersection",3,100,"B",2009,"SEDAN","MAZDA","Car","F",55,"50-59","Drivers"
"T20190001570","26/1/19",15:25:00,"Struck Pedestrian","Saturday","Day",1,2,"Not at intersection",3,60,"A",2012,"WAGON","TOYOTA","Station Wagon","F",45,"40-49","Drivers"
"T20190001571","26/1/19",16:30:00,"Collision with vehicle","Saturday","Day",2,3,"Cross intersection",3,50,"A",2008,"WAGON","TOYOTA","Station Wagon","M",59,"50-59","Drivers"
"T20190001571","26/1/19",16:30:00,"Collision with vehicle","Saturday","Day",2,3,"Cross intersection",3,50,"B",1998,"SEDAN","HONDA","Car","M",29,"26-29","Drivers"
"T20190001572","26/1/19",16:29:00,"Collision with vehicle","Saturday","Day",2,1,"Not at intersection",3,60,"A",2002,"S WAG","SUBARU","Station Wagon","F",19,"17-21","Drivers"
"T20190001573","23/1/19",15:00:00,"Collision with vehicle","Wednesday","Unknown",2,2,"T intersection",3,50,"A",2016,"SEDAN","HOLDEN","Car","F",20,"17-21","Drivers"
"T20190001573","23/1/19",15:00:00,"Collision with vehicle","Wednesday","Unknown",2,2,"T intersection",3,50,"B",1998,"SEDAN","HOLDEN","Car","F",44,"40-49","Drivers"
"T20190001575","26/1/19",11:35:00,"Collision with vehicle","Saturday","Day",2,2,"T intersection",2,60,"A",2017,"WAGON","NISSAN","Station Wagon","M",72,"70+","Drivers"
"T20190001577","26/1/19",13:40:00,"Collision with a fixed object","Saturday","Day",1,2,"Not at intersection",2,100,"A",1998,"WAGON","TOYOTA","Station Wagon","M",19,"17-21","Drivers"
"T20190001579","26/1/19",18:30:00,"Collision with vehicle","Saturday","Day",2,3,"T intersection",3,70,"A",2008,"SEDAN","HONDA","Car","M",28,"26-29","Drivers"
"T20190001579","26/1/19",18:30:00,"Collision with vehicle","Saturday","Day",2,3,"T intersection",3,70,"B",1982,"S WAG","HOLDEN","Station Wagon","M",64,"60-64","Drivers"
"T20190001584","26/1/19",17:45:00,"Vehicle overturned (no collision)","Saturday","Day",3,3,"Not at intersection",2,100,"A",2012,"S WAG","HOLDEN","Station Wagon","F",18,"17-21","Drivers"
"T20190001584","26/1/19",17:45:00,"Vehicle overturned (no collision)","Saturday","Day",3,3,"Not at intersection",2,100,"B",1998,"WAGON","R ROV","Station Wagon","F",28,"26-29","Drivers"
"T20190001584","26/1/19",17:45:00,"Vehicle overturned (no collision)","Saturday","Day",3,3,"Not at intersection",2,100,"C",2019,"SEDAN","B M W","Car","M",24,"22-25","Drivers"
"T20190001586","26/1/19",16:20:00,"Collision with a fixed object","Saturday","Day",1,1,"Not at intersection",3,100,"A",2010,"TRAY","MAZDA","Car","M",30,"30-39","Drivers"
"T20190001587","26/1/19",21:15:00,"Vehicle overturned (no collision)","Saturday","Dark No street lights",1,2,"Not at intersection",2,999,"A",1989,"UTIL","TOYOTA","Utility","M",20,"17-21","Drivers"
"T20190001591","26/1/19",23:23:00,"Collision with vehicle","Saturday","Dark Street lights on",3,2,"Not at intersection",2,60,"A",2013,"WAGON","HYNDAI","Station Wagon","M",67,"64-69","Drivers"
"T20190001592","26/1/19",04:35:00,"Collision with vehicle","Saturday","Dark Street lights on",2,2,"Cross intersection",2,60,"A",2017,"WAGON","TOYOTA","Station Wagon","F",26,"26-29","Drivers"
"T20190001592","26/1/19",04:35:00,"Collision with vehicle","Saturday","Dark Street lights on",2,2,"Cross intersection",2,60,"B",2012,"UTIL","FORD","Utility","M",20,"17-21","Drivers"
"T20190001599","26/1/19",22:24:00,"Collision with vehicle","Saturday","Dark Street lights on",2,3,"T intersection",3,60,"A",2013,"SEDAN","HONDA","Car","M",41,"40-49","Drivers"
"T20190001599","26/1/19",22:24:00,"Collision with vehicle","Saturday","Dark Street lights on",2,3,"T intersection",3,60,"B",2012,"SEDAN","HONDA","Car","M",29,"26-29","Drivers"
"T20190001602","27/1/19",01:50:00,"Collision with a fixed object","Sunday","Dark Street lights on",1,2,"Not at intersection",2,50,"A",2012,"UTIL","FORD","Utility","M",24,"22-25","Drivers"
"T20190001603","14/1/19",10:25:00,"Collision with vehicle","Monday","Day",2,3,"Not at intersection",3,50,"A",2012,"G UNIT","IVECO","Heavy Vehicle (Rigid) > 4.5 Tonnes","M",41,"40-49","Drivers"
"T20190001603","14/1/19",10:25:00,"Collision with vehicle","Monday","Day",2,3,"Not at intersection",3,50,"B",1992,"SEDAN","MITSUB","Car","M",17,"16-17","Drivers"
"T20190001611","27/1/19",07:50:00,"Collision with a fixed object","Sunday","Day",1,1,"Not at intersection",3,60,"A",2006,"UTIL","FORD","Utility","M",28,"26-29","Drivers"
"T20190001613","27/1/19",11:50:00,"Collision with vehicle","Sunday","Day",2,3,"Cross intersection",3,50,"A",2012,"WAGON","SUZUKI","Station Wagon","M",73,"70+","Drivers"
"T20190001615","27/1/19",11:40:00,"Collision with vehicle","Sunday","Day",2,5,"Not at intersection",2,60,"A",2013,"DC UTE","TOYOTA","Utility","M",65,"64-69","Drivers"
"T20190001615","27/1/19",11:40:00,"Collision with vehicle","Sunday","Day",2,5,"Not at intersection",2,60,"B",2018,"S WAG","SKODA","Station Wagon","F",42,"40-49","Drivers"
"T20190001618","27/1/19",14:30:00,"Collision with a fixed object","Sunday","Day",1,1,"Not at intersection",3,50,"A",1999,"SEDAN","FORD","Car","M",23,"22-25","Drivers"
"T20190001620","27/1/19",13:45:00,"Collision with vehicle","Sunday","Day",3,6,"T intersection",3,60,"A",2010,"SED","HOLDEN","Car","F",32,"30-39","Drivers"
"T20190001620","27/1/19",13:45:00,"Collision with vehicle","Sunday","Day",3,6,"T intersection",3,60,"B",2011,"UTIL","HOLDEN","Utility","M",49,"40-49","Drivers"
"T20190001620","27/1/19",13:45:00,"Collision with vehicle","Sunday","Day",3,6,"T intersection",3,60,"C",2016,"WAGON","MITSUB","Car","F",40,"40-49","Drivers"
"T20190001621","24/1/19",20:15:00,"Collision with vehicle","Thursday","Day",2,2,"Not at intersection",3,40,"A",2003,"SED","HOLDEN","Car","F",22,"22-25","Drivers"
"T20190001621","24/1/19",20:15:00,"Collision with vehicle","Thursday","Day",2,2,"Not at intersection",3,40,"B",0,NA,"HOLDEN","Car","U",NA,"unknown","Drivers"
"T20190001626","27/1/19",16:34:00,"Collision with vehicle","Sunday","Day",4,5,"Cross intersection",3,60,"A",2001,"WAGON","TOYOTA","Station Wagon","M",29,"26-29","Drivers"
"T20190001626","27/1/19",16:34:00,"Collision with vehicle","Sunday","Day",4,5,"Cross intersection",3,60,"B",2008,"SEDAN","HOLDEN","Car","M",32,"30-39","Drivers"
"T20190001626","27/1/19",16:34:00,"Collision with vehicle","Sunday","Day",4,5,"Cross intersection",3,60,"C",2008,"COUPE","HYNDAI","Car","F",34,"30-39","Drivers"
"T20190001626","27/1/19",16:34:00,"Collision with vehicle","Sunday","Day",4,5,"Cross intersection",3,60,"D",2009,"SEDAN","KIA","Car","M",33,"30-39","Drivers"
"T20190001627","27/1/19",16:45:00,"Collision with vehicle","Sunday","Day",2,3,"T intersection",3,60,"A",2010,"SEDAN","FORD","Car","M",78,"70+","Drivers"
"T20190001627","27/1/19",16:45:00,"Collision with vehicle","Sunday","Day",2,3,"T intersection",3,60,"B",2006,"SEDAN","FORD","Car","F",69,"64-69","Drivers"
"T20190001631","27/1/19",16:35:00,"Collision with vehicle","Sunday","Day",2,8,"Cross intersection",3,80,"A",2016,"SEDAN","TOYOTA","Car","F",59,"50-59","Drivers"
"T20190001631","27/1/19",16:35:00,"Collision with vehicle","Sunday","Day",2,8,"Cross intersection",3,80,"B",2013,"WAGON","TOYOTA","Station Wagon","M",47,"40-49","Drivers"