"ACCIDENT_NO","ACCIDENTDATE","ACCIDENTTIME","Accident Type Desc","Day Week Description","Light Condition Desc","NO_OF_VEHICLES","NO_PERSONS","Road Geometry Desc","SEVERITY","SPEED_ZONE","VEHICLE_ID","VEHICLE_YEAR_MANUF","VEHICLE_BODY_STYLE","VEHICLE_MAKE","Vehicle Type Desc","SEX","AGE","Age Group","Road User Type Desc"
"T20190001633","27/1/19",18:10:00,"Struck Pedestrian","Sunday","Day",1,2,"Not at intersection",1,50,"A",2009,"UTIL","FORD","Utility","M",29,"26-29","Drivers"
"T20190001636","27/1/19",18:45:00,"Collision with vehicle","Sunday","Day",2,2,"T intersection",3,80,"A",2012,"DC UTE","FORD","Utility","M",21,"17-21","Drivers"
"T20190001636","27/1/19",18:45:00,"Collision with vehicle","Sunday","Day",2,2,"T intersection",3,80,"B",2014,"SEDAN","MAZDA","Car","F",56,"50-59","Drivers"
"T20190001638","27/1/19",20:15:00,"Collision with vehicle","Sunday","Day",2,3,"Cross intersection",3,60,"A",2015,"WAGON","SUBARU","Station Wagon","M",81,"70+","Drivers"
"T20190001638","27/1/19",20:15:00,"Collision with vehicle","Sunday","Day",2,3,"Cross intersection",3,60,"B",2008,"UTIL","HOLDEN","Utility","M",33,"30-39","Drivers"
"T20190001640","27/1/19",17:50:00,"Collision with vehicle","Sunday","Day",2,6,"Not at intersection",2,80,"A",2008,"S WAG","HOLDEN","Station Wagon","M",62,"60-64","Drivers"
"T20190001640","27/1/19",17:50:00,"Collision with vehicle","Sunday","Day",2,6,"Not at intersection",2,80,"B",2000,"SEDAN","HONDA","Car","M",71,"70+","Drivers"
"T20190001641","27/1/19",19:50:00,"Vehicle overturned (no collision)","Sunday","Day",1,1,"Not at intersection",3,100,"A",2004,"SEDAN","FORD","Car","M",29,"26-29","Drivers"
"T20190001642","27/1/19",17:20:00,"Collision with vehicle","Sunday","Day",2,2,"T intersection",2,50,"A",2002,"SEDAN","HOLDEN","Car","F",24,"22-25","Drivers"
"T20190001642","27/1/19",17:20:00,"Collision with vehicle","Sunday","Day",2,2,"T intersection",2,50,"B",2010,"SEDAN","HONDA","Car","M",85,"70+","Drivers"
"T20190001645","27/1/19",22:11:00,"Collision with vehicle","Sunday","Dark Street lights on",2,3,"Cross intersection",3,60,"A",1997,"SEDAN","NISSAN","Car","F",19,"17-21","Drivers"
"T20190001645","27/1/19",22:11:00,"Collision with vehicle","Sunday","Dark Street lights on",2,3,"Cross intersection",3,60,"B",1997,"DC UTE","NISSAN","Utility","F",18,"17-21","Drivers"
"T20190001649","28/1/19",00:15:00,"Collision with vehicle","Monday","Dark Street lights on",2,2,"Not at intersection",3,60,"A",2004,"WAGON","NISSAN","Station Wagon","F",22,"22-25","Drivers"
"T20190001650","28/1/19",00:50:00,"Collision with a fixed object","Monday","Dark Street lights on",1,1,"T intersection",2,50,"A",2004,"WAGON","FORD","Station Wagon","M",32,"30-39","Drivers"
"T20190001654","28/1/19",03:15:00,"Collision with vehicle","Monday","Dark Street lights on",2,2,"Not at intersection",3,60,"A",2012,"SED","VOLKSW","Car","M",30,"30-39","Drivers"
"T20190001656","28/1/19",08:15:00,"Collision with vehicle","Monday","Day",4,4,"T intersection",3,60,"A",2007,"SEDAN","VOLKS","Car","F",22,"22-25","Drivers"
"T20190001657","26/1/19",10:02:00,"Collision with a fixed object","Saturday","Day",1,3,"Not at intersection",3,80,"A",2012,"WAGON","M MOVE","Station Wagon","F",49,"40-49","Drivers"
"T20190001658","28/1/19",06:40:00,"Collision with vehicle","Monday","Day",2,2,"Cross intersection",2,100,"A",2014,"SEDAN","TOYOTA","Car","M",62,"60-64","Drivers"
"T20190001658","28/1/19",06:40:00,"Collision with vehicle","Monday","Day",2,2,"Cross intersection",2,100,"B",2009,"SEDAN","HYNDAI","Car","F",83,"70+","Drivers"
"T20190001659","27/1/19",14:00:00,"Collision with vehicle","Sunday","Day",2,7,"Cross intersection",2,100,"A",2003,"SED","HOLDEN","Car","M",22,"22-25","Drivers"
"T20190001659","27/1/19",14:00:00,"Collision with vehicle","Sunday","Day",2,7,"Cross intersection",2,100,"B",2015,"WAGON","NISSAN","Station Wagon","M",41,"40-49","Drivers"
"T20190001660","28/1/19",09:48:00,"Collision with vehicle","Monday","Day",2,3,"Cross intersection",3,40,"A",2015,"SEDAN","HOLDEN","Car","U",NA,"unknown","Drivers"
"T20190001662","28/1/19",10:00:00,"Collision with vehicle","Monday","Day",2,2,"Not at intersection",3,80,"A",2006,"SEDAN","TOYOTA","Car","F",31,"30-39","Drivers"
"T20190001664","28/1/19",11:40:00,"Collision with a fixed object","Monday","Day",1,2,"Not at intersection",2,60,"A",2006,"SEDAN","HONDA","Car","F",33,"30-39","Drivers"
"T20190001665","28/1/19",10:58:00,"Collision with vehicle","Monday","Day",2,2,"Cross intersection",2,60,"A",2001,"SEDAN","MITSUB","Car","F",18,"17-21","Drivers"
"T20190001665","28/1/19",10:58:00,"Collision with vehicle","Monday","Day",2,2,"Cross intersection",2,60,"B",2005,"S WAG","HOLDEN","Station Wagon","M",25,"22-25","Drivers"
"T20190001667","28/1/19",10:45:00,"Collision with vehicle","Monday","Day",2,2,"T intersection",3,60,"A",2016,"SEDAN","HYNDAI","Car","F",51,"50-59","Drivers"
"T20190001667","28/1/19",10:45:00,"Collision with vehicle","Monday","Day",2,2,"T intersection",3,60,"B",2016,"COUPE","HYNDAI","Car","U",NA,"unknown","Drivers"
"T20190001671","28/1/19",10:37:00,"Struck Pedestrian","Monday","Day",1,2,"T intersection",2,999,"A",2010,"SEDAN","TOYOTA","Car","M",27,"26-29","Drivers"
"T20190001676","28/1/19",09:56:00,"Collision with vehicle","Monday","Day",2,5,"T intersection",3,80,"A",2013,"WAGON","FORD","Station Wagon","F",40,"40-49","Drivers"
"T20190001676","28/1/19",09:56:00,"Collision with vehicle","Monday","Day",2,5,"T intersection",3,80,"B",2009,"SEDAN","HONDA","Car","F",46,"40-49","Drivers"
"T20190001679","28/1/19",13:55:00,"Collision with vehicle","Monday","Day",2,4,"Cross intersection",3,80,"A",2002,"SEDAN","HOLDEN","Car","M",78,"70+","Drivers"
"T20190001679","28/1/19",13:55:00,"Collision with vehicle","Monday","Day",2,4,"Cross intersection",3,80,"B",1994,"SEDAN","HONDA","Car","F",52,"50-59","Drivers"
"T20190001680","28/1/19",13:43:00,"Collision with vehicle","Monday","Day",2,2,"T intersection",2,80,"B",2009,"UTIL","MITSUB","Utility","M",23,"22-25","Drivers"
"T20190001681","28/1/19",13:48:00,"Collision with vehicle","Monday","Day",2,2,"T intersection",2,80,"A",2017,"SEDAN","HONDA","Car","M",34,"30-39","Drivers"
"T20190001681","28/1/19",13:48:00,"Collision with vehicle","Monday","Day",2,2,"T intersection",2,80,"B",2015,"SEDAN","TOYOTA","Car","F",59,"50-59","Drivers"
"T20190001684","28/1/19",14:05:00,"Vehicle overturned (no collision)","Monday","Day",1,1,"Not at intersection",3,80,"A",1996,"WAGON","TOYOTA","Station Wagon","M",57,"50-59","Drivers"
"T20190001687","28/1/19",16:00:00,"Collision with vehicle","Monday","Day",2,2,"T intersection",3,60,"A",2006,"SEDAN","TOYOTA","Car","F",68,"64-69","Drivers"
"T20190001687","28/1/19",16:00:00,"Collision with vehicle","Monday","Day",2,2,"T intersection",3,60,"B",2013,"SEDAN","HOLDEN","Car","M",19,"17-21","Drivers"
"T20190001691","28/1/19",12:50:00,"Collision with vehicle","Monday","Day",2,9,"Not at intersection",3,60,"A",2010,"WAGON","FORD","Station Wagon","F",48,"40-49","Drivers"
"T20190001691","28/1/19",12:50:00,"Collision with vehicle","Monday","Day",2,9,"Not at intersection",3,60,"B",2016,"WAGON","REN","Station Wagon","F",28,"26-29","Drivers"
"T20190001692","28/1/19",12:50:00,"Collision with vehicle","Monday","Day",2,3,"Not at intersection",1,100,"A",2010,"WAGON","HOLDEN","Station Wagon","M",43,"40-49","Drivers"
"T20190001692","28/1/19",12:50:00,"Collision with vehicle","Monday","Day",2,3,"Not at intersection",1,100,"B",2001,"SEDAN","TOYOTA","Car","M",81,"70+","Drivers"
"T20190001694","28/1/19",16:58:00,"Collision with vehicle","Monday","Day",2,2,"Not at intersection",2,60,"A",2017,"SEDAN","HONDA","Car","F",85,"70+","Drivers"
"T20190001694","28/1/19",16:58:00,"Collision with vehicle","Monday","Day",2,2,"Not at intersection",2,60,"B",2018,"WAGON","VOLKS","Station Wagon","M",21,"17-21","Drivers"
"T20190001695","28/1/19",17:26:00,"Collision with vehicle","Monday","Day",2,5,"Not at intersection",2,50,"A",2008,"SEDAN","NISSAN","Car","F",56,"50-59","Drivers"
"T20190001697","28/1/19",16:15:00,"Collision with vehicle","Monday","Day",2,3,"Cross intersection",2,80,"A",0,"S WAG","KIA","Station Wagon","F",24,"22-25","Drivers"
"T20190001697","28/1/19",16:15:00,"Collision with vehicle","Monday","Day",2,3,"Cross intersection",2,80,"B",2007,"WAGON","MITSUB","Car","M",34,"30-39","Drivers"
"T20190001698","28/1/19",16:55:00,"Collision with a fixed object","Monday","Day",1,2,"Multiple intersection",3,60,"A",2016,"SEDAN","HYNDAI","Car","M",19,"17-21","Drivers"
"T20190001700","28/1/19",16:35:00,"Collision with a fixed object","Monday","Day",1,4,"Not at intersection",3,80,"A",2007,"WAGON","MITSUB","Station Wagon","M",39,"30-39","Drivers"
"T20190001702","28/1/19",19:14:00,"Collision with vehicle","Monday","Day",3,5,"Cross intersection",2,80,"A",2000,"SEDAN","MITSUB","Car","F",31,"30-39","Drivers"
"T20190001702","28/1/19",19:14:00,"Collision with vehicle","Monday","Day",3,5,"Cross intersection",2,80,"B",2003,"SEDAN","TOYOTA","Car","U",NA,"unknown","Drivers"
"T20190001702","28/1/19",19:14:00,"Collision with vehicle","Monday","Day",3,5,"Cross intersection",2,80,"C",2003,"WAGON","SUZUKI","Station Wagon","F",49,"40-49","Drivers"
"T20190001704","28/1/19",15:44:00,"Collision with vehicle","Monday","Day",2,3,"Cross intersection",2,70,"A",2017,"JEEP","JEEP","Station Wagon","M",60,"60-64","Drivers"
"T20190001704","28/1/19",15:44:00,"Collision with vehicle","Monday","Day",2,3,"Cross intersection",2,70,"B",2000,"SEDAN","VOLKS","Car","F",79,"70+","Drivers"
"T20190001705","28/1/19",20:55:00,"Collision with a fixed object","Monday","Dusk/Dawn",1,1,"Not at intersection",2,100,"A",2006,"SEDAN","HOLDEN","Car","F",20,"17-21","Drivers"
"T20190001706","21/1/19",09:15:00,"Collision with vehicle","Monday","Day",2,2,"Cross intersection",3,50,"A",2008,"SEDAN","KIA","Car","F",25,"22-25","Drivers"
"T20190001706","21/1/19",09:15:00,"Collision with vehicle","Monday","Day",2,2,"Cross intersection",3,50,"B",2017,"SEDAN","MAZDA","Car","M",27,"26-29","Drivers"
"T20190001707","28/1/19",21:20:00,"Collision with a fixed object","Monday","Dark No street lights",1,2,"Not at intersection",2,100,"A",2007,"SEDAN","TOYOTA","Car","F",18,"17-21","Drivers"
"T20190001708","28/1/19",20:15:00,"Collision with vehicle","Monday","Dusk/Dawn",2,2,"T intersection",3,50,"A",2012,"WAGON","MITSUB","Car","M",23,"22-25","Drivers"
"T20190001709","28/1/19",23:00:00,"Collision with vehicle","Monday","Dark Street lights on",2,5,"Cross intersection",3,80,"A",2012,"S WAG","UNKN","Station Wagon","F",42,"40-49","Drivers"
"T20190001709","28/1/19",23:00:00,"Collision with vehicle","Monday","Dark Street lights on",2,5,"Cross intersection",3,80,"B",2014,"SEDAN","FORD","Car","M",30,"30-39","Drivers"
"T20190001716","28/1/19",13:10:00,"Collision with vehicle","Monday","Day",3,5,"Not at intersection",3,60,"A",2011,"G UNIT","IVECO","Heavy Vehicle (Rigid) > 4.5 Tonnes","M",63,"60-64","Drivers"
"T20190001716","28/1/19",13:10:00,"Collision with vehicle","Monday","Day",3,5,"Not at intersection",3,60,"B",2013,"SEDAN","MAZDA","Car","F",54,"50-59","Drivers"
"T20190001716","28/1/19",13:10:00,"Collision with vehicle","Monday","Day",3,5,"Not at intersection",3,60,"C",2016,"WAGON","NISSAN","Station Wagon","M",22,"22-25","Drivers"
"T20190001718","29/1/19",08:06:00,"Collision with vehicle","Tuesday","Day",2,2,"T intersection",2,80,"A",2017,"SEDAN","KIA","Car","F",57,"50-59","Drivers"
"T20190001719","29/1/19",09:45:00,"Struck Pedestrian","Tuesday","Day",1,2,"Not at intersection",3,30,"A",2018,"S WAG","HYNDAI","Station Wagon","M",61,"60-64","Drivers"
"T20190001720","29/1/19",06:20:00,"Collision with a fixed object","Tuesday","Dusk/Dawn",2,2,"Not at intersection",2,100,"A",2000,"S WAG","FORD","Station Wagon","M",24,"22-25","Drivers"
"T20190001720","29/1/19",06:20:00,"Collision with a fixed object","Tuesday","Dusk/Dawn",2,2,"Not at intersection",2,100,"B",2010,"TRAY","TOYOTA","Light Commercial Vehicle (Rigid) <= 4.5 Tonnes GVM","M",26,"26-29","Drivers"
"T20190001721","29/1/19",07:00:00,"Collision with vehicle","Tuesday","Dusk/Dawn",2,4,"T intersection",2,60,"A",2010,"SEDAN","HOLDEN","Car","M",23,"22-25","Drivers"
"T20190001721","29/1/19",07:00:00,"Collision with vehicle","Tuesday","Dusk/Dawn",2,4,"T intersection",2,60,"B",2013,"UTIL","FORD","Utility","M",34,"30-39","Drivers"
"T20190001725","29/1/19",09:25:00,"Collision with vehicle","Tuesday","Day",2,2,"T intersection",3,50,"A",1999,"SEDAN","NISSAN","Car","F",21,"17-21","Drivers"
"T20190001725","29/1/19",09:25:00,"Collision with vehicle","Tuesday","Day",2,2,"T intersection",3,50,"B",2016,"WAGON","HONDA","Station Wagon","M",78,"70+","Drivers"
"T20190001732","23/1/19",15:30:00,"Collision with vehicle","Wednesday","Day",2,2,"T intersection",3,50,"B",2015,"SEDAN","TOYOTA","Car","M",20,"17-21","Drivers"
"T20190001735","29/1/19",10:00:00,"Collision with vehicle","Tuesday","Day",2,3,"Not at intersection",2,60,"A",2016,"WAGON","VOLVO","Station Wagon","F",57,"50-59","Drivers"
"T20190001735","29/1/19",10:00:00,"Collision with vehicle","Tuesday","Day",2,3,"Not at intersection",2,60,"B",2007,"WAGON","LEXUS","Station Wagon","M",42,"40-49","Drivers"
"T20190001736","25/1/19",19:00:00,"Collision with vehicle","Friday","Day",2,2,"T intersection",3,60,"B",2001,"SEDAN","CHRYS","Car","F",61,"60-64","Drivers"
"T20190001738","27/1/19",14:30:00,"Struck Pedestrian","Sunday","Day",1,2,"Not at intersection",3,999,"A",2007,"COUPE","FORD","Car","F",67,"64-69","Drivers"
"T20190001742","29/1/19",14:17:00,"Collision with vehicle","Tuesday","Day",3,6,"T intersection",3,40,"A",2010,"WAGON","HYNDAI","Station Wagon","F",26,"26-29","Drivers"
"T20190001742","29/1/19",14:17:00,"Collision with vehicle","Tuesday","Day",3,6,"T intersection",3,40,"B",2013,"SEDAN","HYNDAI","Car","M",71,"70+","Drivers"
"T20190001742","29/1/19",14:17:00,"Collision with vehicle","Tuesday","Day",3,6,"T intersection",3,40,"C",2009,"BUS","IVECO","Bus/Coach","M",62,"60-64","Drivers"
"T20190001745","22/1/19",18:30:00,"Collision with vehicle","Tuesday","Day",2,2,"T intersection",3,60,"A",2017,"SEDAN","ALFA R","Car","F",38,"30-39","Drivers"
"T20190001745","22/1/19",18:30:00,"Collision with vehicle","Tuesday","Day",2,2,"T intersection",3,60,"B",2009,"SEDAN","AUDI","Car","M",32,"30-39","Drivers"
"T20190001746","29/1/19",07:40:00,"Collision with vehicle","Tuesday","Day",2,3,"Not at intersection",2,70,"A",2010,"WAGON","NISSAN","Car","F",24,"22-25","Drivers"
"T20190001746","29/1/19",07:40:00,"Collision with vehicle","Tuesday","Day",2,3,"Not at intersection",2,70,"B",2005,"SEDAN","TOYOTA","Car","F",78,"70+","Drivers"
"T20190001748","29/1/19",15:00:00,"Collision with vehicle","Tuesday","Day",2,2,"Not at intersection",3,50,"A",2006,"SEDAN","HONDA","Car","M",22,"22-25","Drivers"
"T20190001748","29/1/19",15:00:00,"Collision with vehicle","Tuesday","Day",2,2,"Not at intersection",3,50,"B",2017,"SEDAN","TOYOTA","Car","U",NA,"unknown","Drivers"
"T20190001751","29/1/19",12:33:00,"Collision with vehicle","Tuesday","Day",2,2,"Not at intersection",2,60,"A",2015,"WAGON","TOYOTA","Station Wagon","M",79,"70+","Drivers"
"T20190001754","29/1/19",16:40:00,"Collision with vehicle","Tuesday","Day",2,2,"Not at intersection",2,60,"A",2015,"SEDAN","VOLKS","Car","M",41,"40-49","Drivers"
"T20190001755","29/1/19",16:50:00,"Collision with vehicle","Tuesday","Day",2,3,"T intersection",2,60,"A",1997,"SEDAN","TOYOTA","Car","M",35,"30-39","Drivers"
"T20190001755","29/1/19",16:50:00,"Collision with vehicle","Tuesday","Day",2,3,"T intersection",2,60,"B",2016,"WAGON","B M W","Car","F",49,"40-49","Drivers"
"T20190001758","29/1/19",16:30:00,"Collision with a fixed object","Tuesday","Day",1,2,"Not at intersection",3,100,"A",1997,"SEDAN","HONDA","Car","M",18,"17-21","Drivers"
"T20190001761","29/1/19",17:58:00,"Collision with vehicle","Tuesday","Day",3,4,"Cross intersection",3,60,"A",2011,"WAGON","MAZDA","Station Wagon","F",30,"30-39","Drivers"
"T20190001761","29/1/19",17:58:00,"Collision with vehicle","Tuesday","Day",3,4,"Cross intersection",3,60,"B",2005,"WAGON","HONDA","Station Wagon","M",52,"50-59","Drivers"
"T20190001761","29/1/19",17:58:00,"Collision with vehicle","Tuesday","Day",3,4,"Cross intersection",3,60,"C",2010,"SEDAN","TOYOTA","Car","M",39,"30-39","Drivers"
"T20190001764","29/1/19",15:50:00,"Collision with vehicle","Tuesday","Day",2,2,"Not at intersection",2,50,"A",2013,"WAGON","TOYOTA","Station Wagon","M",34,"30-39","Drivers"
"T20190001767","29/1/19",17:15:00,"Struck Pedestrian","Tuesday","Day",2,3,"Not at intersection",2,50,"A",2017,"VAN","TOYOTA","Panel Van","U",NA,"unknown","Drivers"
"T20190001767","29/1/19",17:15:00,"Struck Pedestrian","Tuesday","Day",2,3,"Not at intersection",2,50,"B",2015,"SEDAN","TOYOTA","Car","U",NA,"unknown","Drivers"
"T20190001769","29/1/19",19:45:00,"Collision with a fixed object","Tuesday","Day",1,1,"Not at intersection",2,100,"A",2010,"SEDAN","TOYOTA","Car","F",43,"40-49","Drivers"
"T20190001770","29/1/19",20:05:00,"Vehicle overturned (no collision)","Tuesday","Dusk/Dawn",1,1,"Not at intersection",3,50,"A",2008,"DC UTE","MITSUB","Utility","M",18,"17-21","Drivers"
"T20190001772","29/1/19",15:45:00,"Collision with a fixed object","Tuesday","Day",1,1,"Not at intersection",2,60,"A",2016,"WAGON","HYNDAI","Station Wagon","M",54,"50-59","Drivers"
"T20190001779","30/1/19",04:35:00,"Collision with a fixed object","Wednesday","Dark No street lights",1,1,"T intersection",3,100,"A",2006,"UTIL","FORD","Utility","M",54,"50-59","Drivers"
"T20190001786","30/1/19",08:34:00,"Collision with vehicle","Wednesday","Day",2,2,"T intersection",3,60,"A",2016,"SEDAN","KIA","Car","F",58,"50-59","Drivers"
"T20190001786","30/1/19",08:34:00,"Collision with vehicle","Wednesday","Day",2,2,"T intersection",3,60,"B",2012,"SEDAN","HYNDAI","Car","M",81,"70+","Drivers"
"T20190001791","30/1/19",11:00:00,"Collision with vehicle","Wednesday","Day",3,4,"Cross intersection",3,50,"A",2016,"SEDAN","MAZDA","Car","F",20,"17-21","Drivers"
"T20190001791","30/1/19",11:00:00,"Collision with vehicle","Wednesday","Day",3,4,"Cross intersection",3,50,"B",2007,"COUPE","HONDA","Car","M",42,"40-49","Drivers"
"T20190001791","30/1/19",11:00:00,"Collision with vehicle","Wednesday","Day",3,4,"Cross intersection",3,50,"C",2015,"UTIL","VOLKS","Utility","M",36,"30-39","Drivers"
"T20190001793","30/1/19",08:20:00,"Collision with vehicle","Wednesday","Day",2,2,"T intersection",3,60,"B",2011,"SEDAN","SUBARU","Car","M",62,"60-64","Drivers"
"T20190001795","15/1/19",07:00:00,"Struck Pedestrian","Tuesday","Unknown",1,2,"T intersection",3,50,"A",1997,"SED","LEXUS","Car","M",55,"50-59","Drivers"
"T20190001796","30/1/19",12:47:00,"Collision with vehicle","Wednesday","Day",2,2,"T intersection",3,60,"A",2007,"SEDAN","MAZDA","Car","M",26,"26-29","Drivers"
"T20190001797","25/1/19",11:30:00,"Collision with vehicle","Friday","Day",2,2,"Not at intersection",3,80,"A",2014,"SEDAN","HONDA","Car","F",59,"50-59","Drivers"
"T20190001797","25/1/19",11:30:00,"Collision with vehicle","Friday","Day",2,2,"Not at intersection",3,80,"B",0,NA,"SCANIA","Heavy Vehicle (Rigid) > 4.5 Tonnes","M",26,"26-29","Drivers"
"T20190001799","27/1/19",13:17:00,"Collision with vehicle","Sunday","Day",2,2,"Cross intersection",3,40,"A",2009,"SEDAN","MAZDA","Car","F",36,"30-39","Drivers"
"T20190001799","27/1/19",13:17:00,"Collision with vehicle","Sunday","Day",2,2,"Cross intersection",3,40,"B",2007,"SEDAN","TOYOTA","Car","M",25,"22-25","Drivers"
"T20190001800","30/1/19",11:50:00,"Collision with vehicle","Wednesday","Day",2,2,"T intersection",2,70,"A",2008,"COUPE","HYNDAI","Car","F",21,"17-21","Drivers"
"T20190001800","30/1/19",11:50:00,"Collision with vehicle","Wednesday","Day",2,2,"T intersection",2,70,"B",2017,"WAGON","B M W","Station Wagon","F",42,"40-49","Drivers"
"T20190001801","30/1/19",11:30:00,"Struck Pedestrian","Wednesday","Day",1,3,"T intersection",2,60,"A",2009,"WAGON","FORD","Station Wagon","F",48,"40-49","Drivers"
"T20190001802","26/1/19",17:00:00,"Collision with vehicle","Saturday","Day",2,2,"Cross intersection",3,70,"A",2007,"WAGON","B M W","Car","F",22,"22-25","Drivers"
"T20190001802","26/1/19",17:00:00,"Collision with vehicle","Saturday","Day",2,2,"Cross intersection",3,70,"B",2016,"WAGON","MAZDA","Station Wagon","F",63,"60-64","Drivers"
"T20190001805","30/1/19",15:09:00,"Collision with vehicle","Wednesday","Day",2,2,"T intersection",3,60,"A",1998,"SEDAN","TOYOTA","Car","M",66,"64-69","Drivers"
"T20190001807","28/1/19",12:00:00,"Collision with vehicle","Monday","Day",2,2,"Multiple intersection",3,999,"B",2012,"SEDAN","HYNDAI","Car","F",62,"60-64","Drivers"
"T20190001811","30/1/19",16:15:00,"Struck Pedestrian","Wednesday","Day",1,2,"Not at intersection",3,777,"A",2006,"SEDAN","MAZDA","Car","M",30,"30-39","Drivers"
"T20190001813","29/1/19",19:00:00,"Collision with vehicle","Tuesday","Dusk/Dawn",2,3,"Not at intersection",3,50,"A",2001,"SED","HYNDAI","Car","M",22,"22-25","Drivers"
"T20190001814","30/1/19",14:50:00,"Collision with vehicle","Wednesday","Day",2,3,"Not at intersection",3,100,"A",2018,"SEDAN","MAZDA","Car","F",25,"22-25","Drivers"
"T20190001814","30/1/19",14:50:00,"Collision with vehicle","Wednesday","Day",2,3,"Not at intersection",3,100,"B",2006,"SEDAN","HOLDEN","Car","M",51,"50-59","Drivers"
"T20190001819","30/1/19",17:57:00,"Collision with vehicle","Wednesday","Day",4,5,"Not at intersection",3,60,"A",2002,"SEDAN","SUZUKI","Car","F",30,"30-39","Drivers"
"T20190001819","30/1/19",17:57:00,"Collision with vehicle","Wednesday","Day",4,5,"Not at intersection",3,60,"B",1999,"SEDAN","NISSAN","Car","F",24,"22-25","Drivers"
"T20190001819","30/1/19",17:57:00,"Collision with vehicle","Wednesday","Day",4,5,"Not at intersection",3,60,"C",2016,"SED","NISSAN","Car","F",21,"17-21","Drivers"
"T20190001819","30/1/19",17:57:00,"Collision with vehicle","Wednesday","Day",4,5,"Not at intersection",3,60,"D",2008,"SEDAN","MERC B","Car","M",22,"22-25","Drivers"
"T20190001820","30/1/19",17:15:00,"Collision with vehicle","Wednesday","Day",2,2,"Cross intersection",3,70,"A",2012,"SEDAN","TOYOTA","Car","F",29,"26-29","Drivers"
"T20190001820","30/1/19",17:15:00,"Collision with vehicle","Wednesday","Day",2,2,"Cross intersection",3,70,"B",1997,"SED","HOLDEN","Car","M",64,"60-64","Drivers"
"T20190001821","30/1/19",17:40:00,"Collision with vehicle","Wednesday","Day",2,2,"Not at intersection",2,80,"A",2016,"TRAY","ISUZU","Light Commercial Vehicle (Rigid) <= 4.5 Tonnes GVM","M",20,"17-21","Drivers"
"T20190001821","30/1/19",17:40:00,"Collision with vehicle","Wednesday","Day",2,2,"Not at intersection",2,80,"B",1999,"UTIL","HOLDEN","Utility","F",23,"22-25","Drivers"
"T20190001822","30/1/19",17:30:00,"Collision with vehicle","Wednesday","Day",2,2,"Cross intersection",3,60,"B",2007,"SEDAN","HOLDEN","Car","F",20,"17-21","Drivers"
"T20190001828","30/1/19",18:00:00,"Collision with vehicle","Wednesday","Day",2,2,"Cross intersection",3,50,"A",2010,"SED","FORD","Car","M",23,"22-25","Drivers"
"T20190001828","30/1/19",18:00:00,"Collision with vehicle","Wednesday","Day",2,2,"Cross intersection",3,50,"B",2012,"SEDAN","HOLDEN","Car","F",22,"22-25","Drivers"
"T20190001829","30/1/19",14:35:00,"Collision with vehicle","Wednesday","Day",2,4,"T intersection",3,60,"A",2008,"SEDAN","MAZDA","Car","F",76,"70+","Drivers"
"T20190001829","30/1/19",14:35:00,"Collision with vehicle","Wednesday","Day",2,4,"T intersection",3,60,"B",2010,"S WAG","HOLDEN","Station Wagon","M",32,"30-39","Drivers"
"T20190001830","30/1/19",19:52:00,"Collision with a fixed object","Wednesday","Dusk/Dawn",1,1,"Not at intersection",2,60,"A",2018,"SEDAN","KIA","Car","F",58,"50-59","Drivers"
"T20190001831","30/1/19",08:10:00,"Collision with vehicle","Wednesday","Day",2,3,"Cross intersection",3,40,"A",2012,"COUPE","HOLDEN","Car","F",25,"22-25","Drivers"
"T20190001837","30/1/19",22:29:00,"Collision with vehicle","Wednesday","Dark Street lights on",2,3,"T intersection",3,50,"A",2018,"SEDAN","B M W","Car","U",NA,"unknown","Drivers"
"T20190001838","30/1/19",23:30:00,"Collision with vehicle","Wednesday","Dark Street lights on",3,3,"Cross intersection",3,999,"A",2018,"SEDAN","HONDA","Car","F",41,"40-49","Drivers"
"T20190001838","30/1/19",23:30:00,"Collision with vehicle","Wednesday","Dark Street lights on",3,3,"Cross intersection",3,999,"B",2015,"SEDAN","TOYOTA","Car","F",57,"50-59","Drivers"
"T20190001838","30/1/19",23:30:00,"Collision with vehicle","Wednesday","Dark Street lights on",3,3,"Cross intersection",3,999,"C",2006,"SEDAN","KIA","Car","F",33,"30-39","Drivers"
"T20190001839","30/1/19",18:30:00,"Collision with vehicle","Wednesday","Day",2,2,"Cross intersection",2,80,"A",2016,"WAGON","TOYOTA","Station Wagon","F",42,"40-49","Drivers"
"T20190001839","30/1/19",18:30:00,"Collision with vehicle","Wednesday","Day",2,2,"Cross intersection",2,80,"B",2007,"SEDAN","FORD","Car","F",22,"22-25","Drivers"
"T20190001845","18/1/19",10:08:00,"Collision with vehicle","Friday","Day",2,3,"Cross intersection",3,60,"A",2006,"VAN","MITSUB","Heavy Vehicle (Rigid) > 4.5 Tonnes","M",32,"30-39","Drivers"
"T20190001845","18/1/19",10:08:00,"Collision with vehicle","Friday","Day",2,3,"Cross intersection",3,60,"B",2018,"SEDAN","KIA","Car","F",28,"26-29","Drivers"
"T20190001846","30/1/19",14:22:00,"Collision with vehicle","Wednesday","Day",2,2,"T intersection",3,60,"A",0,"P MVR","KENWOR","Prime Mover - Single Trailer","M",26,"26-29","Drivers"
"T20190001846","30/1/19",14:22:00,"Collision with vehicle","Wednesday","Day",2,2,"T intersection",3,60,"B",1997,"S WAG","FORD","Station Wagon","M",79,"70+","Drivers"
"T20190001849","31/1/19",07:45:00,"Struck Pedestrian","Thursday","Day",1,2,"Not at intersection",2,40,"A",2018,"SEDAN","MERC B","Car","M",42,"40-49","Drivers"
"T20190001850","31/1/19",00:01:00,"Collision with vehicle","Thursday","Dark Street lights on",3,7,"T intersection",3,70,"A",2018,"SEDAN","HYNDAI","Car","M",29,"26-29","Drivers"