"ACCIDENT_NO","ACCIDENTDATE","ACCIDENTTIME","Accident Type Desc","Day Week Description","Light Condition Desc","NO_OF_VEHICLES","NO_PERSONS","Road Geometry Desc","SEVERITY","SPEED_ZONE","VEHICLE_ID","VEHICLE_YEAR_MANUF","VEHICLE_BODY_STYLE","VEHICLE_MAKE","Vehicle Type Desc","SEX","AGE","Age Group","Road User Type Desc"
"T20190001850","31/1/19",00:01:00,"Collision with vehicle","Thursday","Dark Street lights on",3,7,"T intersection",3,70,"B",2006,"SEDAN","HYNDAI","Car","F",46,"40-49","Drivers"
"T20190001850","31/1/19",00:01:00,"Collision with vehicle","Thursday","Dark Street lights on",3,7,"T intersection",3,70,"C",2015,"UTIL","FORD","Utility","M",66,"64-69","Drivers"
"T20190001853","31/1/19",09:30:00,"Collision with vehicle","Thursday","Day",2,2,"Cross intersection",3,40,"A",1999,"COUPE","TOYOTA","Car","M",36,"30-39","Drivers"
"T20190001853","31/1/19",09:30:00,"Collision with vehicle","Thursday","Day",2,2,"Cross intersection",3,40,"B",2001,"SEDAN","NISSAN","Car","M",55,"50-59","Drivers"
"T20190001854","31/1/19",10:18:00,"Collision with vehicle","Thursday","Day",2,2,"Not at intersection",3,60,"A",2001,"DC UTE","HOLDEN","Utility","F",43,"40-49","Drivers"
"T20190001854","31/1/19",10:18:00,"Collision with vehicle","Thursday","Day",2,2,"Not at intersection",3,60,"B",2018,"TRAY","TOYOTA","Light Commercial Vehicle (Rigid) <= 4.5 Tonnes GVM","M",23,"22-25","Drivers"
"T20190001856","15/1/19",12:00:00,"Struck Pedestrian","Tuesday","Day",1,2,"Cross intersection",2,50,"A",2007,"WAGON","FORD","Station Wagon","F",73,"70+","Drivers"
"T20190001858","31/1/19",10:20:00,"Collision with vehicle","Thursday","Day",4,5,"Cross intersection",3,999,"A",2013,"WAGON","SUBARU","Station Wagon","F",65,"64-69","Drivers"
"T20190001858","31/1/19",10:20:00,"Collision with vehicle","Thursday","Day",4,5,"Cross intersection",3,999,"B",2018,"WAGON","MAZDA","Station Wagon","M",74,"70+","Drivers"
"T20190001858","31/1/19",10:20:00,"Collision with vehicle","Thursday","Day",4,5,"Cross intersection",3,999,"C",2009,"SEDAN","TOYOTA","Car","M",28,"26-29","Drivers"
"T20190001858","31/1/19",10:20:00,"Collision with vehicle","Thursday","Day",4,5,"Cross intersection",3,999,"D",2016,"SEDAN","SUZUKI","Car","F",36,"30-39","Drivers"
"T20190001860","31/1/19",11:47:00,"Collision with vehicle","Thursday","Day",2,2,"Not at intersection",2,40,"A",2003,"SEDAN","UNKN","Car","M",52,"50-59","Drivers"
"T20190001860","31/1/19",11:47:00,"Collision with vehicle","Thursday","Day",2,2,"Not at intersection",2,40,"B",2013,"WAGON","HONDA","Station Wagon","F",44,"40-49","Drivers"
"T20190001866","31/1/19",12:27:00,"Collision with vehicle","Thursday","Day",3,3,"T intersection",2,60,"A",2003,"WAGON","VOLKS","Station Wagon","F",51,"50-59","Drivers"
"T20190001866","31/1/19",12:27:00,"Collision with vehicle","Thursday","Day",3,3,"T intersection",2,60,"B",2013,"WAGON","SUBARU","Station Wagon","M",59,"50-59","Drivers"
"T20190001866","31/1/19",12:27:00,"Collision with vehicle","Thursday","Day",3,3,"T intersection",2,60,"C",2011,"WAGON","MAZDA","Station Wagon","F",19,"17-21","Drivers"
"T20190001870","31/1/19",12:14:00,"Collision with vehicle","Thursday","Day",3,5,"T intersection",2,60,"A",2015,"WAGON","SUBARU","Station Wagon","F",73,"70+","Drivers"
"T20190001870","31/1/19",12:14:00,"Collision with vehicle","Thursday","Day",3,5,"T intersection",2,60,"B",2014,"DC UTE","FORD","Utility","M",27,"26-29","Drivers"
"T20190001870","31/1/19",12:14:00,"Collision with vehicle","Thursday","Day",3,5,"T intersection",2,60,"C",2015,"WAGON","MITSUB","Car","F",47,"40-49","Drivers"
"T20190001871","31/1/19",07:02:00,"Collision with vehicle","Thursday","Day",2,2,"T intersection",2,999,"A",2016,"SEDAN","TOYOTA","Car","F",52,"50-59","Drivers"
"T20190001871","31/1/19",07:02:00,"Collision with vehicle","Thursday","Day",2,2,"T intersection",2,999,"B",2007,"WAGON","JEEP","Station Wagon","M",53,"50-59","Drivers"
"T20190001872","31/1/19",13:26:00,"Collision with vehicle","Thursday","Day",2,3,"Cross intersection",2,80,"A",2003,"SEDAN","JAGUAR","Car","F",71,"70+","Drivers"
"T20190001872","31/1/19",13:26:00,"Collision with vehicle","Thursday","Day",2,3,"Cross intersection",2,80,"B",2010,"UTIL","HOLDEN","Utility","M",41,"40-49","Drivers"
"T20190001877","31/1/19",13:00:00,"Collision with vehicle","Thursday","Day",3,2,"Cross intersection",3,80,"A",2004,"SEDAN","HOLDEN","Car","M",37,"30-39","Drivers"
"T20190001877","31/1/19",13:00:00,"Collision with vehicle","Thursday","Day",3,2,"Cross intersection",3,80,"B",2012,"SEDAN","HOLDEN","Car","F",26,"26-29","Drivers"
"T20190001878","31/1/19",12:58:00,"Collision with vehicle","Thursday","Day",2,3,"T intersection",2,80,"A",2014,"UTIL","TOYOTA","Utility","M",46,"40-49","Drivers"
"T20190001878","31/1/19",12:58:00,"Collision with vehicle","Thursday","Day",2,3,"T intersection",2,80,"B",2010,"SEDAN","MERC B","Car","F",71,"70+","Drivers"
"T20190001879","31/1/19",14:53:00,"Collision with vehicle","Thursday","Day",2,2,"Not at intersection",3,40,"A",2005,"UTIL","TOYOTA","Utility","M",62,"60-64","Drivers"
"T20190001881","31/1/19",14:50:00,"Collision with vehicle","Thursday","Day",2,2,"T intersection",3,60,"A",2006,"WAGON","TOYOTA","Station Wagon","M",40,"40-49","Drivers"
"T20190001881","31/1/19",14:50:00,"Collision with vehicle","Thursday","Day",2,2,"T intersection",3,60,"B",2015,"SEDAN","HONDA","Car","F",65,"64-69","Drivers"
"T20190001885","30/1/19",16:05:00,"Collision with vehicle","Wednesday","Day",2,2,"Not at intersection",3,999,"A",2013,"SEDAN","TOYOTA","Car","F",55,"50-59","Drivers"
"T20190001888","29/1/19",14:30:00,"Collision with vehicle","Tuesday","Day",2,2,"T intersection",2,999,"A",2007,"S WAG","SUBARU","Station Wagon","F",28,"26-29","Drivers"
"T20190001888","29/1/19",14:30:00,"Collision with vehicle","Tuesday","Day",2,2,"T intersection",2,999,"B",2005,"S WAG","JEEP","Station Wagon","M",32,"30-39","Drivers"
"T20190001889","31/1/19",16:00:00,"Collision with vehicle","Thursday","Day",3,6,"Not at intersection",2,60,"A",2014,"DC UTE","ISUZU","Utility","M",47,"40-49","Drivers"
"T20190001889","31/1/19",16:00:00,"Collision with vehicle","Thursday","Day",3,6,"Not at intersection",2,60,"B",2015,"SEDAN","TOYOTA","Car","M",60,"60-64","Drivers"
"T20190001889","31/1/19",16:00:00,"Collision with vehicle","Thursday","Day",3,6,"Not at intersection",2,60,"C",2007,"SEDAN","HOLDEN","Car","F",38,"30-39","Drivers"
"T20190001890","31/1/19",16:00:00,"Collision with vehicle","Thursday","Day",3,3,"Not at intersection",2,100,"A",2007,"TIPPER","MACK","Heavy Vehicle (Rigid) > 4.5 Tonnes","M",68,"64-69","Drivers"
"T20190001890","31/1/19",16:00:00,"Collision with vehicle","Thursday","Day",3,3,"Not at intersection",2,100,"B",2008,"COUPE","HOLDEN","Car","F",65,"64-69","Drivers"
"T20190001890","31/1/19",16:00:00,"Collision with vehicle","Thursday","Day",3,3,"Not at intersection",2,100,"C",1999,"SEDAN","HOLDEN","Car","M",63,"60-64","Drivers"
"T20190001891","31/1/19",17:15:00,"Collision with vehicle","Thursday","Day",3,3,"Not at intersection",3,70,"A",2018,"SEDAN","SUBARU","Car","F",30,"30-39","Drivers"
"T20190001891","31/1/19",17:15:00,"Collision with vehicle","Thursday","Day",3,3,"Not at intersection",3,70,"B",2007,"SEDAN","HOLDEN","Car","M",30,"30-39","Drivers"
"T20190001891","31/1/19",17:15:00,"Collision with vehicle","Thursday","Day",3,3,"Not at intersection",3,70,"C",2011,"WAGON","AUDI","Station Wagon","F",43,"40-49","Drivers"
"T20190001892","31/1/19",17:10:00,"Collision with vehicle","Thursday","Day",2,2,"Not at intersection",2,60,"A",2018,"SEDAN","VOLKS","Car","F",22,"22-25","Drivers"
"T20190001897","31/1/19",18:25:00,"Collision with vehicle","Thursday","Day",2,2,"Not at intersection",3,50,"A",2008,"SEDAN","VOLKS","Car","F",25,"22-25","Drivers"
"T20190001898","31/1/19",16:38:00,"Collision with a fixed object","Thursday","Day",1,1,"Not at intersection",2,50,"A",2016,"SEDAN","HONDA","Car","F",34,"30-39","Drivers"
"T20190001901","31/1/19",11:45:00,"Collision with vehicle","Thursday","Day",2,2,"T intersection",2,60,"A",2001,"UTIL","HOLDEN","Utility","M",28,"26-29","Drivers"
"T20190001901","31/1/19",11:45:00,"Collision with vehicle","Thursday","Day",2,2,"T intersection",2,60,"B",2013,"SEDAN","FORD","Car","F",61,"60-64","Drivers"
"T20190001906","31/1/19",15:55:00,"Collision with a fixed object","Thursday","Day",1,1,"Not at intersection",1,80,"A",2006,"SEDAN","HOLDEN","Car","M",38,"30-39","Drivers"
"T20190001908","31/1/19",05:25:00,"Struck Pedestrian","Thursday","Day",1,2,"Not at intersection",3,60,"A",2017,"SEDAN","TOYOTA","Car","F",45,"40-49","Drivers"
"T20190001909","31/1/19",20:00:00,"Collision with a fixed object","Thursday","Day",1,1,"T intersection",2,50,"A",2004,"SEDAN","HYNDAI","Car","F",84,"70+","Drivers"
"T20190001910","31/1/19",15:10:00,"Collision with vehicle","Thursday","Day",2,2,"Cross intersection",3,60,"A",2007,"SEDAN","TOYOTA","Car","F",29,"26-29","Drivers"
"T20190001910","31/1/19",15:10:00,"Collision with vehicle","Thursday","Day",2,2,"Cross intersection",3,60,"B",1999,"SEDAN","NISSAN","Car","F",64,"60-64","Drivers"
"T20190001912","31/1/19",02:40:00,"Collision with vehicle","Thursday","Dark Street lights on",2,2,"Not at intersection",3,50,"A",2010,"VAN","TOYOTA","Panel Van","M",38,"30-39","Drivers"
"T20190001913","31/1/19",21:00:00,"Collision with vehicle","Thursday","Dark Street lights on",2,3,"Cross intersection",3,60,"A",2003,"SEDAN","TOYOTA","Car","M",25,"22-25","Drivers"
"T20190001914","31/1/19",03:00:00,"Struck Pedestrian","Thursday","Dark No street lights",1,2,"Not at intersection",1,80,"A",2008,"P MVR","KENWTH","Prime Mover B-Double","M",76,"70+","Drivers"
"T20190001915","31/1/19",18:48:00,"Collision with vehicle","Thursday","Day",2,3,"Not at intersection",3,60,"A",2016,"SEDAN","HOLDEN","Car","M",85,"70+","Drivers"
"T20190001915","31/1/19",18:48:00,"Collision with vehicle","Thursday","Day",2,3,"Not at intersection",3,60,"B",2012,"WAGON","MAZDA","Station Wagon","F",39,"30-39","Drivers"
"T20190001920","31/1/19",18:50:00,"Collision with vehicle","Thursday","Day",3,3,"Not at intersection",2,100,"A",2018,"WAGON","MERC B","Station Wagon","M",36,"30-39","Drivers"
"T20190001920","31/1/19",18:50:00,"Collision with vehicle","Thursday","Day",3,3,"Not at intersection",2,100,"B",2012,"WAGON","KIA","Station Wagon","M",57,"50-59","Drivers"
"T20190001920","31/1/19",18:50:00,"Collision with vehicle","Thursday","Day",3,3,"Not at intersection",2,100,"C",2016,"P MVR","MERC B","Prime Mover B-Double","M",58,"50-59","Drivers"
"T20190001926","1/2/19",07:45:00,"Collision with vehicle","Friday","Day",2,2,"Cross intersection",3,60,"A",2006,"WAGON","SUBARU","Station Wagon","M",39,"30-39","Drivers"
"T20190001927","1/2/19",08:00:00,"Collision with a fixed object","Friday","Day",1,2,"Not at intersection",3,50,"A",2005,"SEDAN","NISSAN","Car","M",80,"70+","Drivers"
"T20190001928","1/2/19",07:30:00,"Collision with vehicle","Friday","Day",2,2,"Not at intersection",3,60,"A",2007,"C MIX","MACK","Heavy Vehicle (Rigid) > 4.5 Tonnes","M",44,"40-49","Drivers"
"T20190001929","1/2/19",07:45:00,"Collision with vehicle","Friday","Day",2,2,"Cross intersection",3,50,"A",2008,"SEDAN","TOYOTA","Car","F",50,"50-59","Drivers"
"T20190001929","1/2/19",07:45:00,"Collision with vehicle","Friday","Day",2,2,"Cross intersection",3,50,"B",2015,"SEDAN","VOLKS","Car","M",34,"30-39","Drivers"
"T20190001930","1/2/19",08:35:00,"Collision with vehicle","Friday","Day",2,2,"Cross intersection",3,60,"A",2014,"SEDAN","HYNDAI","Car","F",23,"22-25","Drivers"
"T20190001930","1/2/19",08:35:00,"Collision with vehicle","Friday","Day",2,2,"Cross intersection",3,60,"B",2017,"SEDAN","VOLKS","Car","M",26,"26-29","Drivers"
"T20190001931","1/2/19",09:13:00,"Collision with vehicle","Friday","Day",2,2,"T intersection",3,50,"A",1989,"SEDAN","MERC B","Car","F",86,"70+","Drivers"
"T20190001932","1/2/19",08:35:00,"Collision with vehicle","Friday","Day",2,2,"T intersection",2,999,"A",2016,"SEDAN","KIA","Car","F",56,"50-59","Drivers"
"T20190001932","1/2/19",08:35:00,"Collision with vehicle","Friday","Day",2,2,"T intersection",2,999,"B",2001,"VAN","MITSUB","Light Commercial Vehicle (Rigid) <= 4.5 Tonnes GVM","M",26,"26-29","Drivers"
"T20190001933","1/2/19",09:07:00,"Collision with vehicle","Friday","Day",2,2,"Cross intersection",2,50,"A",2013,"SEDAN","TOYOTA","Taxi","M",36,"30-39","Drivers"
"T20190001934","31/1/19",10:30:00,"Collision with vehicle","Thursday","Day",2,3,"T intersection",3,60,"A",2000,"SEDAN","NISSAN","Car","F",45,"40-49","Drivers"
"T20190001934","31/1/19",10:30:00,"Collision with vehicle","Thursday","Day",2,3,"T intersection",3,60,"B",2005,"SEDAN","HOLDEN","Car","M",18,"17-21","Drivers"
"T20190001935","1/2/19",09:00:00,"Collision with vehicle","Friday","Day",2,2,"T intersection",3,40,"A",2014,"WAGON","NISSAN","Station Wagon","F",36,"30-39","Drivers"
"T20190001939","18/1/19",15:25:00,"Collision with vehicle","Friday","Day",2,2,"Cross intersection",3,60,"B",2011,"SEDAN","MAZDA","Car","F",54,"50-59","Drivers"
"T20190001943","1/2/19",06:30:00,"Collision with vehicle","Friday","Day",2,2,"T intersection",3,60,"A",2002,"DC UTE","HOLDEN","Utility","M",62,"60-64","Drivers"
"T20190001943","1/2/19",06:30:00,"Collision with vehicle","Friday","Day",2,2,"T intersection",3,60,"B",2008,"SEDAN","FORD","Car","M",19,"17-21","Drivers"
"T20190001945","1/2/19",12:00:00,"Collision with vehicle","Friday","Unknown",2,2,"Cross intersection",3,999,"A",2003,"S WAG","FORD","Station Wagon","M",39,"30-39","Drivers"
"T20190001945","1/2/19",12:00:00,"Collision with vehicle","Friday","Unknown",2,2,"Cross intersection",3,999,"B",2012,"DC UTE","HOLDEN","Utility","M",45,"40-49","Drivers"
"T20190001949","1/2/19",13:07:00,"Collision with vehicle","Friday","Day",2,2,"T intersection",3,60,"A",2017,"WAGON","AUDI","Station Wagon","F",62,"60-64","Drivers"
"T20190001949","1/2/19",13:07:00,"Collision with vehicle","Friday","Day",2,2,"T intersection",3,60,"B",2005,"SEDAN","MAZDA","Car","M",20,"17-21","Drivers"
"T20190001953","1/2/19",11:15:00,"Collision with vehicle","Friday","Day",4,5,"Not at intersection",2,60,"A",2010,"WAGON","JEEP","Station Wagon","M",66,"64-69","Drivers"
"T20190001953","1/2/19",11:15:00,"Collision with vehicle","Friday","Day",4,5,"Not at intersection",2,60,"B",2014,"VAN","TOYOTA","Panel Van","M",27,"26-29","Drivers"
"T20190001953","1/2/19",11:15:00,"Collision with vehicle","Friday","Day",4,5,"Not at intersection",2,60,"C",2010,"WAGON","FORD","Station Wagon","F",33,"30-39","Drivers"
"T20190001953","1/2/19",11:15:00,"Collision with vehicle","Friday","Day",4,5,"Not at intersection",2,60,"D",2007,"DC UTE","FORD","Utility","M",21,"17-21","Drivers"
"T20190001954","1/2/19",11:20:00,"Collision with vehicle","Friday","Day",2,4,"Cross intersection",3,60,"A",2011,"S WAG","HOLDEN","Station Wagon","F",39,"30-39","Drivers"
"T20190001954","1/2/19",11:20:00,"Collision with vehicle","Friday","Day",2,4,"Cross intersection",3,60,"B",2013,"DC UTE","MITSUB","Utility","M",26,"26-29","Drivers"
"T20190001957","1/2/19",09:06:00,"Collision with vehicle","Friday","Day",3,4,"Cross intersection",3,60,"A",0,"SED","HYU","Car","M",38,"30-39","Drivers"
"T20190001957","1/2/19",09:06:00,"Collision with vehicle","Friday","Day",3,4,"Cross intersection",3,60,"B",2003,"SEDAN","HOLDEN","Car","F",31,"30-39","Drivers"
"T20190001957","1/2/19",09:06:00,"Collision with vehicle","Friday","Day",3,4,"Cross intersection",3,60,"C",2006,"S WAG","HOLDEN","Station Wagon","F",36,"30-39","Drivers"
"T20190001958","29/1/19",12:00:00,"Collision with a fixed object","Tuesday","Unknown",1,1,"Not at intersection",3,100,"A",2006,"WAGON","FORD","Station Wagon","M",54,"50-59","Drivers"
"T20190001961","1/2/19",15:00:00,"Collision with vehicle","Friday","Day",2,2,"Not at intersection",3,70,"A",2009,"P MVR","MERC B","Prime Mover Only","M",35,"30-39","Drivers"
"T20190001961","1/2/19",15:00:00,"Collision with vehicle","Friday","Day",2,2,"Not at intersection",3,70,"B",2005,"SEDAN","TOYOTA","Car","F",46,"40-49","Drivers"
"T20190001963","1/2/19",13:55:00,"Collision with vehicle","Friday","Day",4,7,"T intersection",3,80,"A",2011,"WAGON","FORD","Station Wagon","F",52,"50-59","Drivers"
"T20190001963","1/2/19",13:55:00,"Collision with vehicle","Friday","Day",4,7,"T intersection",3,80,"B",2006,"SEDAN","MAZDA","Car","M",48,"40-49","Drivers"
"T20190001963","1/2/19",13:55:00,"Collision with vehicle","Friday","Day",4,7,"T intersection",3,80,"C",2015,"VAN","REN","Panel Van","M",27,"26-29","Drivers"
"T20190001963","1/2/19",13:55:00,"Collision with vehicle","Friday","Day",4,7,"T intersection",3,80,"D",2018,"VAN","FUSO","Heavy Vehicle (Rigid) > 4.5 Tonnes","M",46,"40-49","Drivers"
"T20190001972","1/2/19",17:00:00,"Collision with vehicle","Friday","Day",3,5,"Not at intersection",3,70,"A",2015,"COUPE","VOLKS","Car","F",57,"50-59","Drivers"
"T20190001972","1/2/19",17:00:00,"Collision with vehicle","Friday","Day",3,5,"Not at intersection",3,70,"B",2011,"SEDAN","HOLDEN","Car","M",50,"50-59","Drivers"
"T20190001972","1/2/19",17:00:00,"Collision with vehicle","Friday","Day",3,5,"Not at intersection",3,70,"C",2017,"DC UTE","HOLDEN","Utility","M",50,"50-59","Drivers"
"T20190001974","30/1/19",16:40:00,"Collision with vehicle","Wednesday","Unknown",2,2,"T intersection",3,999,"A",2006,"UTIL","FORD","Utility","M",65,"64-69","Drivers"
"T20190001974","30/1/19",16:40:00,"Collision with vehicle","Wednesday","Unknown",2,2,"T intersection",3,999,"B",2000,"SEDAN","HOLDEN","Car","M",25,"22-25","Drivers"
"T20190001978","1/2/19",17:28:00,"Collision with vehicle","Friday","Day",3,3,"Not at intersection",2,80,"A",2007,"SED","MAZDA","Car","F",26,"26-29","Drivers"
"T20190001978","1/2/19",17:28:00,"Collision with vehicle","Friday","Day",3,3,"Not at intersection",2,80,"B",2006,"DC UTE","NISSAN","Utility","M",35,"30-39","Drivers"
"T20190001978","1/2/19",17:28:00,"Collision with vehicle","Friday","Day",3,3,"Not at intersection",2,80,"C",2015,"SEDAN","HOLDEN","Car","M",49,"40-49","Drivers"
"T20190001981","1/2/19",18:44:00,"Collision with a fixed object","Friday","Day",1,4,"Not at intersection",3,100,"A",2011,"SEDAN","HYNDAI","Car","F",27,"26-29","Drivers"
"T20190001982","1/2/19",21:10:00,"Collision with a fixed object","Friday","Dark No street lights",1,1,"Not at intersection",2,50,"A",2009,"DC UTE","NISSAN","Utility","M",18,"17-21","Drivers"
"T20190001983","1/2/19",17:11:00,"Collision with a fixed object","Friday","Day",1,1,"Not at intersection",3,80,"A",2008,"SEDAN","HONDA","Car","F",26,"26-29","Drivers"
"T20190001987","1/2/19",20:52:00,"Collision with a fixed object","Friday","Dusk/Dawn",1,1,"Not at intersection",3,50,"A",1996,"SEDAN","TOYOTA","Car","M",53,"50-59","Drivers"
"T20190001988","1/2/19",21:15:00,"Fall from or in moving vehicle","Friday","Dark Street lights on",2,3,"Not at intersection",3,60,"B",2017,"SEDAN","HOLDEN","Car","U",NA,"unknown","Drivers"
"T20190001989","1/2/19",19:45:00,"Struck Pedestrian","Friday","Dusk/Dawn",1,2,"Cross intersection",3,50,"A",2010,"SEDAN","MAZDA","Car","M",84,"70+","Drivers"
"T20190001990","1/2/19",17:19:00,"Collision with vehicle","Friday","Day",2,4,"Cross intersection",3,50,"A",2001,"SEDAN","TOYOTA","Car","M",19,"17-21","Drivers"
"T20190001990","1/2/19",17:19:00,"Collision with vehicle","Friday","Day",2,4,"Cross intersection",3,50,"B",2014,"SEDAN","NISSAN","Car","F",30,"30-39","Drivers"
"T20190001991","1/2/19",15:45:00,"Struck Pedestrian","Friday","Day",1,2,"Not at intersection",3,40,"A",2016,"SEDAN","TOYOTA","Taxi","M",28,"26-29","Drivers"
"T20190001992","1/2/19",19:47:00,"Collision with vehicle","Friday","Day",2,2,"T intersection",1,80,"A",2010,"SEDAN","HONDA","Car","M",85,"70+","Drivers"
"T20190001992","1/2/19",19:47:00,"Collision with vehicle","Friday","Day",2,2,"T intersection",1,80,"B",2003,"T SDS","HOLDEN","Light Commercial Vehicle (Rigid) <= 4.5 Tonnes GVM","M",18,"17-21","Drivers"
"T20190001996","1/2/19",22:41:00,"Collision with vehicle","Friday","Dark Street lights on",3,3,"T intersection",3,60,"A",2011,"SEDAN","HOLDEN","Car","M",27,"26-29","Drivers"
"T20190001996","1/2/19",22:41:00,"Collision with vehicle","Friday","Dark Street lights on",3,3,"T intersection",3,60,"B",2015,"SEDAN","HONDA","Car","M",37,"30-39","Drivers"
"T20190001996","1/2/19",22:41:00,"Collision with vehicle","Friday","Dark Street lights on",3,3,"T intersection",3,60,"C",2006,"SEDAN","HOLDEN","Car","M",37,"30-39","Drivers"
"T20190001998","2/2/19",00:35:00,"Collision with vehicle","Saturday","Dark Street lights on",2,2,"Not at intersection",3,40,"A",2012,"SEDAN","TOYOTA","Car","M",34,"30-39","Drivers"
"T20190002000","2/2/19",04:00:00,"Collision with a fixed object","Saturday","Dark Street lights on",1,1,"Not at intersection",2,70,"A",2017,"SEDAN","HYNDAI","Car","M",41,"40-49","Drivers"
"T20190002003","2/2/19",07:10:00,"Collision with vehicle","Saturday","Day",4,4,"T intersection",2,50,"A",2007,"SEDAN","MAZDA","Car","F",83,"70+","Drivers"
"T20190002005","2/2/19",07:25:00,"Collision with a fixed object","Saturday","Dusk/Dawn",1,1,"Not at intersection",3,100,"A",2000,"WAGON","TOYOTA","Station Wagon","M",18,"17-21","Drivers"
"T20190002006","2/2/19",07:55:00,"Collision with a fixed object","Saturday","Day",1,1,"Not at intersection",3,100,"A",2007,"UTIL","FORD","Utility","F",51,"50-59","Drivers"
"T20190002010","2/2/19",08:45:00,"Struck Pedestrian","Saturday","Day",1,2,"Not at intersection",3,50,"A",0,"DC UTE","UNKN","Utility","U",NA,"unknown","Drivers"
"T20190002013","2/2/19",11:05:00,"Struck Pedestrian","Saturday","Day",1,3,"Cross intersection",3,40,"A",2017,"WAGON","MITSUB","Station Wagon","M",27,"26-29","Drivers"
"T20190002015","2/2/19",12:00:00,"Collision with vehicle","Saturday","Day",2,3,"T intersection",3,60,"A",2009,"SEDAN","B M W","Car","M",60,"60-64","Drivers"
"T20190002015","2/2/19",12:00:00,"Collision with vehicle","Saturday","Day",2,3,"T intersection",3,60,"B",2018,"SEDAN","TOYOTA","Car","M",45,"40-49","Drivers"
"T20190002017","2/2/19",03:00:00,"Vehicle overturned (no collision)","Saturday","Dark No street lights",1,1,"Not at intersection",1,100,"A",1998,"SEDAN","HOLDEN","Car","M",40,"40-49","Drivers"
"T20190002018","2/2/19",12:20:00,"Collision with vehicle","Saturday","Day",2,2,"T intersection",3,60,"A",2017,"WAGON","HONDA","Station Wagon","M",43,"40-49","Drivers"
"T20190002023","2/2/19",11:21:00,"Collision with vehicle","Saturday","Day",2,2,"T intersection",2,80,"A",2010,"SEDAN","NISSAN","Car","F",30,"30-39","Drivers"
"T20190002026","2/2/19",11:07:00,"Collision with a fixed object","Saturday","Day",1,3,"T intersection",2,60,"A",1994,"SEDAN","HONDA","Car","M",35,"30-39","Drivers"
"T20190002027","2/2/19",10:45:00,"Collision with vehicle","Saturday","Day",2,3,"Not at intersection",2,60,"A",2008,"SEDAN","FORD","Car","M",40,"40-49","Drivers"
"T20190002027","2/2/19",10:45:00,"Collision with vehicle","Saturday","Day",2,3,"Not at intersection",2,60,"B",2018,"WAGON","MAZDA","Station Wagon","F",34,"30-39","Drivers"
"T20190002030","2/2/19",13:40:00,"Collision with vehicle","Saturday","Day",3,4,"Not at intersection",3,60,"A",2007,"SEDAN","MAZDA","Car","F",25,"22-25","Drivers"
"T20190002030","2/2/19",13:40:00,"Collision with vehicle","Saturday","Day",3,4,"Not at intersection",3,60,"B",2007,"SEDAN","NISSAN","Car","M",56,"50-59","Drivers"
"T20190002030","2/2/19",13:40:00,"Collision with vehicle","Saturday","Day",3,4,"Not at intersection",3,60,"C",1999,"SEDAN","FORD","Car","M",50,"50-59","Drivers"
"T20190002031","1/2/19",15:30:00,"Collision with vehicle","Friday","Day",2,2,"Cross intersection",3,999,"A",2016,"SEDAN","MAZDA","Car","M",22,"22-25","Drivers"
"T20190002031","1/2/19",15:30:00,"Collision with vehicle","Friday","Day",2,2,"Cross intersection",3,999,"B",2011,"SED","TOYOTA","Car","M",18,"17-21","Drivers"
"T20190002034","2/2/19",16:00:00,"Collision with vehicle","Saturday","Day",2,2,"T intersection",3,60,"A",2003,"WAGON","TOYOTA","Station Wagon","M",55,"50-59","Drivers"
"T20190002034","2/2/19",16:00:00,"Collision with vehicle","Saturday","Day",2,2,"T intersection",3,60,"B",2018,"SEDAN","KIA","Car","F",31,"30-39","Drivers"
"T20190002042","2/2/19",18:04:00,"Collision with vehicle","Saturday","Day",2,3,"Y intersection",3,50,"A",2018,"WAGON","NISSAN","Station Wagon","F",55,"50-59","Drivers"
"T20190002042","2/2/19",18:04:00,"Collision with vehicle","Saturday","Day",2,3,"Y intersection",3,50,"B",2004,"SEDAN","HONDA","Car","M",19,"17-21","Drivers"
"T20190002043","29/1/19",22:45:00,"Collision with vehicle","Tuesday","Dark Street lights on",2,2,"Not at intersection",3,40,"A",2002,"SEDAN","TOYOTA","Car","M",65,"64-69","Drivers"
"T20190002043","29/1/19",22:45:00,"Collision with vehicle","Tuesday","Dark Street lights on",2,2,"Not at intersection",3,40,"B",2012,"UTIL","NISSAN","Utility","U",NA,"unknown","Drivers"
"T20190002045","2/2/19",18:07:00,"Collision with a fixed object","Saturday","Day",1,2,"Not at intersection",2,60,"A",2013,"TRAY","TOYOTA","Utility","M",62,"60-64","Drivers"
"T20190002046","2/2/19",01:00:00,"Collision with a fixed object","Saturday","Dark No street lights",1,1,"Not at intersection",2,40,"A",2000,"SEDAN","TOYOTA","Car","M",34,"30-39","Drivers"
"T20190002047","2/2/19",18:09:00,"Collision with vehicle","Saturday","Day",2,2,"Cross intersection",3,50,"A",2006,"SEDAN","HOLDEN","Car","F",38,"30-39","Drivers"
"T20190002047","2/2/19",18:09:00,"Collision with vehicle","Saturday","Day",2,2,"Cross intersection",3,50,"B",2007,"SEDAN","SUBARU","Car","F",24,"22-25","Drivers"
"T20190002048","2/2/19",15:45:00,"Vehicle overturned (no collision)","Saturday","Day",1,1,"Not at intersection",3,80,"A",2003,"DC UTE","NISSAN","Utility","M",29,"26-29","Drivers"