"ACCIDENT_NO","ACCIDENTDATE","ACCIDENTTIME","Accident Type Desc","Day Week Description","Light Condition Desc","NO_OF_VEHICLES","NO_PERSONS","Road Geometry Desc","SEVERITY","SPEED_ZONE","VEHICLE_ID","VEHICLE_YEAR_MANUF","VEHICLE_BODY_STYLE","VEHICLE_MAKE","Vehicle Type Desc","SEX","AGE","Age Group","Road User Type Desc"
"T20190002051","2/2/19",19:00:00,"Collision with a fixed object","Saturday","Day",2,6,"Not at intersection",3,100,"A",2006,"SEDAN","FORD","Car","F",48,"40-49","Drivers"
"T20190002051","2/2/19",19:00:00,"Collision with a fixed object","Saturday","Day",2,6,"Not at intersection",3,100,"B",1998,"UTIL","FORD","Utility","M",47,"40-49","Drivers"
"T20190002055","2/2/19",21:25:00,"Collision with vehicle","Saturday","Dark Street lights on",3,5,"Not at intersection",2,100,"A",2012,"SEDAN","TOYOTA","Car","M",62,"60-64","Drivers"
"T20190002055","2/2/19",21:25:00,"Collision with vehicle","Saturday","Dark Street lights on",3,5,"Not at intersection",2,100,"B",2016,"SEDAN","MERC B","Car","M",22,"22-25","Drivers"
"T20190002055","2/2/19",21:25:00,"Collision with vehicle","Saturday","Dark Street lights on",3,5,"Not at intersection",2,100,"C",2007,"SEDAN","HOLDEN","Car","M",24,"22-25","Drivers"
"T20190002057","2/2/19",18:15:00,"Collision with vehicle","Saturday","Day",2,3,"Cross intersection",3,60,"A",2005,"SEDAN","HONDA","Car","M",35,"30-39","Drivers"
"T20190002057","2/2/19",18:15:00,"Collision with vehicle","Saturday","Day",2,3,"Cross intersection",3,60,"B",2006,"SEDAN","NISSAN","Car","M",26,"26-29","Drivers"
"T20190002059","2/2/19",18:00:00,"Collision with a fixed object","Saturday","Day",1,1,"Not at intersection",2,100,"A",1997,"SEDAN","TOYOTA","Car","M",63,"60-64","Drivers"
"T20190002060","2/2/19",23:05:00,"Collision with vehicle","Saturday","Dark Street lights on",2,3,"Cross intersection",3,999,"A",2005,"SEDAN","TOYOTA","Car","M",27,"26-29","Drivers"
"T20190002060","2/2/19",23:05:00,"Collision with vehicle","Saturday","Dark Street lights on",2,3,"Cross intersection",3,999,"B",2003,"WAGON","TOYOTA","Station Wagon","M",36,"30-39","Drivers"
"T20190002061","2/2/19",23:15:00,"Collision with vehicle","Saturday","Dark Street lights on",2,3,"Not at intersection",3,60,"A",2013,"SEDAN","TOYOTA","Car","M",23,"22-25","Drivers"
"T20190002066","2/2/19",23:00:00,"Struck Pedestrian","Saturday","Dark Street lights on",1,2,"Multiple intersection",3,60,"A",2007,"SEDAN","HYNDAI","Car","F",73,"70+","Drivers"
"T20190002068","3/2/19",04:56:00,"Collision with a fixed object","Sunday","Dark No street lights",1,1,"Not at intersection",3,80,"A",2016,"SEDAN","HOLDEN","Car","M",19,"17-21","Drivers"
"T20190002071","2/2/19",23:38:00,"Collision with vehicle","Saturday","Dark Street lights on",2,2,"T intersection",2,60,"A",1999,"SED","HYNDAI","Car","M",30,"30-39","Drivers"
"T20190002073","24/1/19",16:25:00,"Collision with vehicle","Thursday","Day",2,3,"T intersection",3,999,"A",2015,"SEDAN","SUBARU","Car","M",39,"30-39","Drivers"
"T20190002073","24/1/19",16:25:00,"Collision with vehicle","Thursday","Day",2,3,"T intersection",3,999,"B",2008,"SEDAN","MAZDA","Car","M",32,"30-39","Drivers"
"T20190002075","2/2/19",09:43:00,"Collision with vehicle","Saturday","Day",2,2,"Not at intersection",3,60,"A",2006,"S WAG","HOLDEN","Station Wagon","M",37,"30-39","Drivers"
"T20190002078","3/2/19",09:15:00,"Collision with a fixed object","Sunday","Day",1,1,"Cross intersection",3,50,"A",1998,"SEDAN","FORD","Car","F",84,"70+","Drivers"
"T20190002081","3/2/19",01:00:00,"Collision with a fixed object","Sunday","Dark No street lights",1,1,"Not at intersection",2,100,"A",1995,"TRAY","TOYOTA","Light Commercial Vehicle (Rigid) <= 4.5 Tonnes GVM","M",42,"40-49","Drivers"
"T20190002084","3/2/19",09:45:00,"Collision with vehicle","Sunday","Day",2,3,"Cross intersection",2,60,"A",2010,"SEDAN","HONDA","Car","M",59,"50-59","Drivers"
"T20190002084","3/2/19",09:45:00,"Collision with vehicle","Sunday","Day",2,3,"Cross intersection",2,60,"B",2008,"SEDAN","AUDI","Car","F",48,"40-49","Drivers"
"T20190002086","3/2/19",10:14:00,"Struck Pedestrian","Sunday","Day",1,2,"Not at intersection",2,60,"A",2002,"WAGON","HYNDAI","Station Wagon","F",51,"50-59","Drivers"
"T20190002087","3/2/19",10:20:00,"Collision with vehicle","Sunday","Day",2,4,"Cross intersection",3,100,"A",2010,"SEDAN","MITSUB","Car","M",58,"50-59","Drivers"
"T20190002088","3/2/19",11:20:00,"Collision with vehicle","Sunday","Day",2,5,"T intersection",3,80,"A",2017,"SEDAN","SUBARU","Car","M",21,"17-21","Drivers"
"T20190002088","3/2/19",11:20:00,"Collision with vehicle","Sunday","Day",2,5,"T intersection",3,80,"B",2002,"SEDAN","HOLDEN","Car","M",44,"40-49","Drivers"
"T20190002091","1/2/19",11:05:00,"Struck Pedestrian","Friday","Day",1,2,"Not at intersection",3,888,"A",2003,"SED","HOLDEN","Car","M",65,"64-69","Drivers"
"T20190002093","3/2/19",13:01:00,"Collision with vehicle","Sunday","Day",3,6,"Not at intersection",3,50,"A",2013,"SEDAN","VOLKS","Car","F",38,"30-39","Drivers"
"T20190002093","3/2/19",13:01:00,"Collision with vehicle","Sunday","Day",3,6,"Not at intersection",3,50,"B",2015,"WAGON","VOLKS","Station Wagon","M",31,"30-39","Drivers"
"T20190002093","3/2/19",13:01:00,"Collision with vehicle","Sunday","Day",3,6,"Not at intersection",3,50,"C",2011,"BUS","MITSUB","Bus/Coach","M",58,"50-59","Drivers"
"T20190002094","3/2/19",13:55:00,"Collision with vehicle","Sunday","Day",2,3,"Not at intersection",3,60,"A",2003,"SEDAN","TOYOTA","Car","M",27,"26-29","Drivers"
"T20190002094","3/2/19",13:55:00,"Collision with vehicle","Sunday","Day",2,3,"Not at intersection",3,60,"B",2017,"DC UTE","TOYOTA","Utility","M",27,"26-29","Drivers"
"T20190002097","3/2/19",14:50:00,"Collision with vehicle","Sunday","Day",2,5,"Cross intersection",3,70,"A",2010,"SEDAN","HONDA","Car","M",68,"64-69","Drivers"
"T20190002097","3/2/19",14:50:00,"Collision with vehicle","Sunday","Day",2,5,"Cross intersection",3,70,"B",2011,"SEDAN","HOLDEN","Car","F",31,"30-39","Drivers"
"T20190002099","2/2/19",23:30:00,"Vehicle overturned (no collision)","Saturday","Dark No street lights",1,1,"Not at intersection",3,80,"A",2010,"SEDAN","MAZDA","Car","M",37,"30-39","Drivers"
"T20190002100","31/1/19",10:30:00,"Collision with a fixed object","Thursday","Day",1,1,"T intersection",2,60,"A",2002,"SEDAN","HYNDAI","Car","F",101,"70+","Drivers"
"T20190002101","2/2/19",13:00:00,"Collision with vehicle","Saturday","Day",2,2,"T intersection",2,60,"B",2011,"SED","MAZDA","Car","F",25,"22-25","Drivers"
"T20190002102","3/2/19",07:00:00,"Collision with vehicle","Sunday","Day",2,2,"Cross intersection",2,100,"A",1998,"SEDAN","TOYOTA","Car","F",58,"50-59","Drivers"
"T20190002102","3/2/19",07:00:00,"Collision with vehicle","Sunday","Day",2,2,"Cross intersection",2,100,"B",2003,"P MVR","KENWTH","Prime Mover - Single Trailer","M",49,"40-49","Drivers"
"T20190002110","3/2/19",18:25:00,"Collision with vehicle","Sunday","Day",2,2,"Not at intersection",3,80,"A",2014,"SEDAN","TOYOTA","Car","F",19,"17-21","Drivers"
"T20190002110","3/2/19",18:25:00,"Collision with vehicle","Sunday","Day",2,2,"Not at intersection",3,80,"B",2007,"DC UTE","TOYOTA","Utility","F",74,"70+","Drivers"
"T20190002111","3/2/19",14:40:00,"Collision with vehicle","Sunday","Day",2,2,"T intersection",3,60,"A",2012,"WAGON","MAZDA","Station Wagon","M",87,"70+","Drivers"
"T20190002111","3/2/19",14:40:00,"Collision with vehicle","Sunday","Day",2,2,"T intersection",3,60,"B",2018,"SEDAN","KIA","Car","M",50,"50-59","Drivers"
"T20190002112","3/2/19",14:35:00,"Collision with vehicle","Sunday","Day",2,6,"Cross intersection",2,999,"A",1998,"WAGON","HONDA","Station Wagon","F",22,"22-25","Drivers"
"T20190002112","3/2/19",14:35:00,"Collision with vehicle","Sunday","Day",2,6,"Cross intersection",2,999,"B",2011,"SEDAN","HONDA","Car","F",60,"60-64","Drivers"
"T20190002113","2/2/19",10:30:00,"Collision with a fixed object","Saturday","Day",1,1,"Not at intersection",3,80,"A",1998,"SEDAN","HYNDAI","Car","F",71,"70+","Drivers"
"T20190002116","3/2/19",19:33:00,"Struck Pedestrian","Sunday","Day",1,2,"Not at intersection",2,50,"A",2011,"DC UTE","ISUZU","Utility","M",21,"17-21","Drivers"
"T20190002117","3/2/19",19:28:00,"Collision with vehicle","Sunday","Day",2,2,"Cross intersection",3,999,"B",2011,"SEDAN","TOYOTA","Car","M",22,"22-25","Drivers"
"T20190002120","3/2/19",19:00:00,"Collision with vehicle","Sunday","Day",3,2,"Not at intersection",3,50,"A",1997,"COUPE","B M W","Car","M",38,"30-39","Drivers"
"T20190002121","3/2/19",22:50:00,"Collision with vehicle","Sunday","Dark Street lights on",2,5,"Multiple intersection",2,80,"A",2012,"SEDAN","HONDA","Car","M",16,"16-17","Drivers"
"T20190002121","3/2/19",22:50:00,"Collision with vehicle","Sunday","Dark Street lights on",2,5,"Multiple intersection",2,80,"B",2010,"COUPE","PORSCH","Car","M",68,"64-69","Drivers"
"T20190002122","3/2/19",21:56:00,"Collision with vehicle","Sunday","Dark Street lights on",2,1,"Not at intersection",2,60,"A",2013,"SEDAN","FIAT","Car","F",36,"30-39","Drivers"
"T20190002133","3/2/19",12:30:00,"Collision with a fixed object","Sunday","Day",2,3,"Not at intersection",2,60,"A",2013,"SEDAN","HOLDEN","Car","U",NA,"unknown","Drivers"
"T20190002134","4/2/19",06:00:00,"Collision with vehicle","Monday","Dusk/Dawn",2,3,"Cross intersection",2,80,"A",2005,"UTIL","HOLDEN","Utility","M",15,"13-15","Drivers"
"T20190002134","4/2/19",06:00:00,"Collision with vehicle","Monday","Dusk/Dawn",2,3,"Cross intersection",2,80,"B",2014,"WAGON","HONDA","Station Wagon","F",47,"40-49","Drivers"
"T20190002135","3/2/19",16:40:00,"Collision with vehicle","Sunday","Day",2,3,"Not at intersection",3,110,"A",2008,"DC UTE","TOYOTA","Utility","M",38,"30-39","Drivers"
"T20190002135","3/2/19",16:40:00,"Collision with vehicle","Sunday","Day",2,3,"Not at intersection",3,110,"B",2009,"SEDAN","MITSUB","Car","M",59,"50-59","Drivers"
"T20190002138","4/2/19",08:45:00,"Struck Pedestrian","Monday","Day",1,2,"Not at intersection",3,50,"A",2012,"S WAG","FORD","Station Wagon","F",43,"40-49","Drivers"
"T20190002143","4/2/19",08:25:00,"Collision with vehicle","Monday","Day",2,2,"T intersection",3,70,"A",2014,"WAGON","FORD","Station Wagon","F",39,"30-39","Drivers"
"T20190002145","4/2/19",13:08:00,"Collision with vehicle","Monday","Day",2,2,"Not at intersection",2,40,"A",2000,"SEDAN","NISSAN","Car","F",59,"50-59","Drivers"
"T20190002145","4/2/19",13:08:00,"Collision with vehicle","Monday","Day",2,2,"Not at intersection",2,40,"B",2016,"WAGON","HYNDAI","Station Wagon","M",39,"30-39","Drivers"
"T20190002146","4/2/19",10:20:00,"Collision with vehicle","Monday","Day",2,2,"Not at intersection",3,50,"A",2010,"SEDAN","TOYOTA","Car","F",41,"40-49","Drivers"
"T20190002146","4/2/19",10:20:00,"Collision with vehicle","Monday","Day",2,2,"Not at intersection",3,50,"B",1999,"SEDAN","TOYOTA","Car","F",45,"40-49","Drivers"
"T20190002151","4/2/19",12:40:00,"Collision with vehicle","Monday","Day",3,3,"Cross intersection",3,60,"A",2012,"SED","MAZDA","Car","F",26,"26-29","Drivers"
"T20190002151","4/2/19",12:40:00,"Collision with vehicle","Monday","Day",3,3,"Cross intersection",3,60,"B",2005,"SEDAN","MAZDA","Car","M",85,"70+","Drivers"
"T20190002151","4/2/19",12:40:00,"Collision with vehicle","Monday","Day",3,3,"Cross intersection",3,60,"C",2015,"SEDAN","B M W","Car","M",45,"40-49","Drivers"
"T20190002154","12/1/19",13:50:00,"Collision with vehicle","Saturday","Unknown",2,2,"T intersection",3,70,"A",2010,"WAGON","TOYOTA","Station Wagon","F",55,"50-59","Drivers"
"T20190002159","4/2/19",17:10:00,"Collision with vehicle","Monday","Day",2,3,"Multiple intersection",3,60,"A",2014,"SEDAN","MAZDA","Car","M",28,"26-29","Drivers"
"T20190002159","4/2/19",17:10:00,"Collision with vehicle","Monday","Day",2,3,"Multiple intersection",3,60,"B",2001,"SEDAN","FORD","Car","F",41,"40-49","Drivers"
"T20190002162","4/2/19",15:29:00,"Collision with vehicle","Monday","Day",2,2,"T intersection",3,60,"A",2003,"SEDAN","TOYOTA","Car","F",54,"50-59","Drivers"
"T20190002162","4/2/19",15:29:00,"Collision with vehicle","Monday","Day",2,2,"T intersection",3,60,"B",2010,"VAN","TOYOTA","Panel Van","M",47,"40-49","Drivers"
"T20190002165","4/2/19",18:34:00,"Collision with vehicle","Monday","Day",2,2,"Not at intersection",2,100,"A",2016,"DC UTE","HOLDEN","Utility","M",20,"17-21","Drivers"
"T20190002168","4/2/19",15:48:00,"Collision with vehicle","Monday","Day",4,5,"Not at intersection",3,80,"A",2007,"SEDAN","KIA","Car","F",54,"50-59","Drivers"
"T20190002168","4/2/19",15:48:00,"Collision with vehicle","Monday","Day",4,5,"Not at intersection",3,80,"B",2011,"SEDAN","KIA","Car","F",19,"17-21","Drivers"
"T20190002168","4/2/19",15:48:00,"Collision with vehicle","Monday","Day",4,5,"Not at intersection",3,80,"C",2013,"SEDAN","VOLKS","Car","F",27,"26-29","Drivers"
"T20190002168","4/2/19",15:48:00,"Collision with vehicle","Monday","Day",4,5,"Not at intersection",3,80,"D",2008,"WAGON","FORD","Station Wagon","M",53,"50-59","Drivers"
"T20190002171","1/2/19",21:00:00,"Struck Pedestrian","Friday","Dusk/Dawn",1,2,"T intersection",3,50,"A",2016,"UTIL","HOLDEN","Utility","U",NA,"unknown","Drivers"
"T20190002174","4/2/19",17:50:00,"Collision with vehicle","Monday","Day",2,2,"T intersection",3,40,"A",2018,"SEDAN","MAZDA","Car","F",27,"26-29","Drivers"
"T20190002175","4/2/19",20:15:00,"Collision with vehicle","Monday","Day",2,2,"Not at intersection",2,100,"A",1996,"S WAG","TOYOTA","Station Wagon","M",50,"50-59","Drivers"
"T20190002175","4/2/19",20:15:00,"Collision with vehicle","Monday","Day",2,2,"Not at intersection",2,100,"B",1989,"TRAY","MITSUB","Light Commercial Vehicle (Rigid) <= 4.5 Tonnes GVM","M",63,"60-64","Drivers"
"T20190002177","4/2/19",19:45:00,"Collision with a fixed object","Monday","Day",1,1,"Not at intersection",3,50,"A",2013,"SEDAN","HOLDEN","Car","M",18,"17-21","Drivers"
"T20190002180","4/2/19",17:25:00,"Collision with vehicle","Monday","Day",4,7,"Not at intersection",2,100,"A",2009,"SED","TOYOTA","Car","M",34,"30-39","Drivers"
"T20190002180","4/2/19",17:25:00,"Collision with vehicle","Monday","Day",4,7,"Not at intersection",2,100,"B",2015,"SEDAN","HYNDAI","Car","F",39,"30-39","Drivers"
"T20190002180","4/2/19",17:25:00,"Collision with vehicle","Monday","Day",4,7,"Not at intersection",2,100,"C",2013,"SEDAN","TOYOTA","Car","M",47,"40-49","Drivers"
"T20190002180","4/2/19",17:25:00,"Collision with vehicle","Monday","Day",4,7,"Not at intersection",2,100,"D",2016,"SEDAN","HOLDEN","Car","M",31,"30-39","Drivers"
"T20190002182","4/2/19",16:10:00,"Collision with vehicle","Monday","Day",3,3,"T intersection",2,60,"A",2002,"SEDAN","TOYOTA","Car","M",27,"26-29","Drivers"
"T20190002182","4/2/19",16:10:00,"Collision with vehicle","Monday","Day",3,3,"T intersection",2,60,"B",2006,"SEDAN","MITSUB","Car","M",68,"64-69","Drivers"
"T20190002182","4/2/19",16:10:00,"Collision with vehicle","Monday","Day",3,3,"T intersection",2,60,"C",2008,"SEDAN","HOLDEN","Car","M",45,"40-49","Drivers"
"T20190002186","4/2/19",12:03:00,"Collision with vehicle","Monday","Day",2,3,"Cross intersection",2,60,"A",2018,"WAGON","MAZDA","Station Wagon","F",36,"30-39","Drivers"
"T20190002186","4/2/19",12:03:00,"Collision with vehicle","Monday","Day",2,3,"Cross intersection",2,60,"B",2013,"SEDAN","SUZUKI","Car","F",76,"70+","Drivers"
"T20190002187","5/2/19",05:36:00,"Collision with vehicle","Tuesday","Dark Street lights on",2,2,"T intersection",2,60,"A",2011,"SEDAN","KIA","Car","M",31,"30-39","Drivers"
"T20190002187","5/2/19",05:36:00,"Collision with vehicle","Tuesday","Dark Street lights on",2,2,"T intersection",2,60,"B",2017,"TRAY","TOYOTA","Utility","M",45,"40-49","Drivers"
"T20190002189","4/2/19",21:23:00,"Collision with a fixed object","Monday","Dark No street lights",1,4,"Not at intersection",1,80,"A",2002,"SEDAN","HOLDEN","Car","M",45,"40-49","Drivers"
"T20190002193","5/2/19",09:00:00,"Collision with vehicle","Tuesday","Day",2,2,"Cross intersection",2,50,"B",2010,"WAGON","HYNDAI","Station Wagon","F",59,"50-59","Drivers"
"T20190002198","5/2/19",09:04:00,"Collision with vehicle","Tuesday","Day",3,4,"T intersection",3,999,"A",2012,"WAGON","HOLDEN","Station Wagon",NA,NA,"unknown","Drivers"
"T20190002198","5/2/19",09:04:00,"Collision with vehicle","Tuesday","Day",3,4,"T intersection",3,999,"C",2004,"SEDAN","HOLDEN","Car",NA,NA,"unknown","Drivers"
"T20190002203","1/2/19",20:12:00,"Collision with vehicle","Friday","Dusk/Dawn",3,3,"Not at intersection",3,60,"A",2018,"WAGON","R ROV","Station Wagon","M",38,"30-39","Drivers"
"T20190002203","1/2/19",20:12:00,"Collision with vehicle","Friday","Dusk/Dawn",3,3,"Not at intersection",3,60,"B",0,"SED","HOLDEN","Car","M",66,"64-69","Drivers"
"T20190002203","1/2/19",20:12:00,"Collision with vehicle","Friday","Dusk/Dawn",3,3,"Not at intersection",3,60,"C",2007,"SEDAN","HYNDAI","Car","M",24,"22-25","Drivers"
"T20190002207","5/2/19",09:50:00,"Collision with vehicle","Tuesday","Day",2,2,"Not at intersection",3,60,"A",2010,"SEDAN","FORD","Car","F",32,"30-39","Drivers"
"T20190002207","5/2/19",09:50:00,"Collision with vehicle","Tuesday","Day",2,2,"Not at intersection",3,60,"B",2000,"WAGON","JEEP","Car","F",74,"70+","Drivers"
"T20190002214","1/2/19",17:15:00,"Collision with vehicle","Friday","Day",5,6,"Not at intersection",3,60,"A",2018,"UTIL","ISUZU","Utility","M",38,"30-39","Drivers"
"T20190002214","1/2/19",17:15:00,"Collision with vehicle","Friday","Day",5,6,"Not at intersection",3,60,"B",2017,"SEDAN","UNKN","Car","M",NA,"unknown","Drivers"
"T20190002214","1/2/19",17:15:00,"Collision with vehicle","Friday","Day",5,6,"Not at intersection",3,60,"C",2011,"SEDAN","TOYOTA","Car","M",28,"26-29","Drivers"
"T20190002214","1/2/19",17:15:00,"Collision with vehicle","Friday","Day",5,6,"Not at intersection",3,60,"D",2002,"SEDAN","HOLDEN","Car","M",28,"26-29","Drivers"
"T20190002214","1/2/19",17:15:00,"Collision with vehicle","Friday","Day",5,6,"Not at intersection",3,60,"E",2017,"WAGON","B M W","Station Wagon","F",31,"30-39","Drivers"
"T20190002215","5/2/19",15:35:00,"Collision with vehicle","Tuesday","Day",3,3,"Cross intersection",2,80,"A",2005,"SEDAN","HONDA","Car","M",22,"22-25","Drivers"
"T20190002215","5/2/19",15:35:00,"Collision with vehicle","Tuesday","Day",3,3,"Cross intersection",2,80,"B",2010,"SEDAN","AUDI","Car","F",48,"40-49","Drivers"
"T20190002215","5/2/19",15:35:00,"Collision with vehicle","Tuesday","Day",3,3,"Cross intersection",2,80,"C",2016,"SEDAN","MAZDA","Car","M",31,"30-39","Drivers"
"T20190002216","5/2/19",16:00:00,"Collision with vehicle","Tuesday","Day",2,6,"Not at intersection",3,60,"A",2018,"WAGON","JEEP","Car","F",36,"30-39","Drivers"
"T20190002216","5/2/19",16:00:00,"Collision with vehicle","Tuesday","Day",2,6,"Not at intersection",3,60,"B",2013,"SEDAN","TOYOTA","Station Wagon","F",44,"40-49","Drivers"
"T20190002217","5/2/19",15:58:00,"Collision with vehicle","Tuesday","Day",2,4,"Not at intersection",3,80,"A",2013,"WAGON","LEXUS","Station Wagon","M",25,"22-25","Drivers"
"T20190002217","5/2/19",15:58:00,"Collision with vehicle","Tuesday","Day",2,4,"Not at intersection",3,80,"B",2017,"WAGON","NISSAN","Station Wagon","F",32,"30-39","Drivers"
"T20190002219","5/2/19",18:10:00,"Collision with vehicle","Tuesday","Day",2,2,"Cross intersection",3,60,"A",2014,"COUPE","M MOVE","Car","F",51,"50-59","Drivers"
"T20190002219","5/2/19",18:10:00,"Collision with vehicle","Tuesday","Day",2,2,"Cross intersection",3,60,"B",2004,"TOURER","MERC B","Car","F",61,"60-64","Drivers"
"T20190002223","5/2/19",17:08:00,"Collision with vehicle","Tuesday","Day",2,3,"Not at intersection",3,60,"A",2016,"WAGON","L ROV","Car","F",28,"26-29","Drivers"
"T20190002223","5/2/19",17:08:00,"Collision with vehicle","Tuesday","Day",2,3,"Not at intersection",3,60,"B",2018,"WAGON","TOYOTA","Car","F",35,"30-39","Drivers"
"T20190002224","5/2/19",17:45:00,"Collision with a fixed object","Tuesday","Day",1,1,"Not at intersection",2,100,"A",2007,"TRAY","MITSUB","Light Commercial Vehicle (Rigid) <= 4.5 Tonnes GVM","M",19,"17-21","Drivers"
"T20190002225","5/2/19",19:15:00,"Collision with vehicle","Tuesday","Dusk/Dawn",3,4,"Cross intersection",3,60,"A",2003,"WAGON","FORD","Station Wagon","F",49,"40-49","Drivers"
"T20190002225","5/2/19",19:15:00,"Collision with vehicle","Tuesday","Dusk/Dawn",3,4,"Cross intersection",3,60,"B",2017,"WAGON","MAZDA","Station Wagon","F",23,"22-25","Drivers"
"T20190002225","5/2/19",19:15:00,"Collision with vehicle","Tuesday","Dusk/Dawn",3,4,"Cross intersection",3,60,"C",2005,"SEDAN","MAZDA","Car","F",60,"60-64","Drivers"
"T20190002226","5/2/19",19:19:00,"Collision with a fixed object","Tuesday","Dusk/Dawn",1,1,"Not at intersection",3,999,"A",2018,"SEDAN","HOLDEN","Car","F",70,"70+","Drivers"
"T20190002231","5/2/19",14:41:00,"Collision with vehicle","Tuesday","Day",2,2,"T intersection",2,60,"A",2016,"SEDAN","KIA","Car","F",61,"60-64","Drivers"
"T20190002231","5/2/19",14:41:00,"Collision with vehicle","Tuesday","Day",2,2,"T intersection",2,60,"B",2008,"SEDAN","VOLKS","Car","F",81,"70+","Drivers"
"T20190002233","5/2/19",21:11:00,"Collision with vehicle","Tuesday","Dark Street lights off",2,2,"Cross intersection",2,60,"B",2014,"SEDAN","FORD","Car","M",19,"17-21","Drivers"
"T20190002234","5/2/19",22:25:00,"Collision with vehicle","Tuesday","Dark No street lights",2,2,"Cross intersection",1,100,"A",2012,"SEDAN","FORD","Car","M",34,"30-39","Drivers"
"T20190002234","5/2/19",22:25:00,"Collision with vehicle","Tuesday","Dark No street lights",2,2,"Cross intersection",1,100,"B",2001,"WAGON","MITSUB","Station Wagon","F",63,"60-64","Drivers"
"T20190002237","5/2/19",23:50:00,"Collision with a fixed object","Tuesday","Dark No street lights",1,1,"Not at intersection",1,999,"A",2007,"UTIL","TOYOTA","Utility","M",39,"30-39","Drivers"
"T20190002239","5/2/19",18:15:00,"Collision with vehicle","Tuesday","Unknown",2,2,"T intersection",2,60,"A",2010,"SEDAN","FORD","Car","F",45,"40-49","Drivers"
"T20190002239","5/2/19",18:15:00,"Collision with vehicle","Tuesday","Unknown",2,2,"T intersection",2,60,"B",2009,"WAGON","SUBARU","Station Wagon","U",NA,"unknown","Drivers"
"T20190002242","6/2/19",08:55:00,"Collision with vehicle","Wednesday","Day",2,2,"Not at intersection",3,60,"B",1999,"SEDAN","HONDA","Car","M",63,"60-64","Drivers"
"T20190002243","6/2/19",07:50:00,"Collision with vehicle","Wednesday","Day",2,3,"T intersection",3,60,"A",1985,"COUPE","PORSCH","Car","M",75,"70+","Drivers"
"T20190002243","6/2/19",07:50:00,"Collision with vehicle","Wednesday","Day",2,3,"T intersection",3,60,"B",2014,"SEDAN","TOYOTA","Car","M",31,"30-39","Drivers"
"T20190002246","27/1/19",15:00:00,"Collision with vehicle","Sunday","Day",2,3,"Not at intersection",3,80,"A",2005,"UTIL","FORD","Utility","M",23,"22-25","Drivers"
"T20190002246","27/1/19",15:00:00,"Collision with vehicle","Sunday","Day",2,3,"Not at intersection",3,80,"B",2018,"SEDAN","KIA","Car","F",44,"40-49","Drivers"
"T20190002247","6/2/19",07:50:00,"Struck Pedestrian","Wednesday","Day",1,2,"T intersection",3,40,"A",2010,"WAGON","FORD","Station Wagon","M",54,"50-59","Drivers"
"T20190002249","6/2/19",09:06:00,"Collision with a fixed object","Wednesday","Day",1,1,"Not at intersection",3,80,"A",2004,"SEDAN","TOYOTA","Car","M",19,"17-21","Drivers"
"T20190002250","6/2/19",08:00:00,"Collision with vehicle","Wednesday","Day",4,6,"Not at intersection",3,70,"A",2005,"WAGON","B M W","Station Wagon","M",34,"30-39","Drivers"
"T20190002250","6/2/19",08:00:00,"Collision with vehicle","Wednesday","Day",4,6,"Not at intersection",3,70,"B",2008,"SEDAN","MAZDA","Car","F",43,"40-49","Drivers"
"T20190002250","6/2/19",08:00:00,"Collision with vehicle","Wednesday","Day",4,6,"Not at intersection",3,70,"C",2013,"SEDAN","SUZUKI","Car","F",25,"22-25","Drivers"
"T20190002250","6/2/19",08:00:00,"Collision with vehicle","Wednesday","Day",4,6,"Not at intersection",3,70,"D",2008,"UTIL","FORD","Utility","M",21,"17-21","Drivers"
"T20190002252","5/2/19",11:00:00,"Collision with a fixed object","Tuesday","Day",1,1,"Not at intersection",3,100,"A",2000,"SED","HYUNDA","Car","F",49,"40-49","Drivers"
"T20190002254","6/2/19",10:05:00,"Collision with vehicle","Wednesday","Day",2,2,"T intersection",2,80,"A",2017,"DC UTE","HOLDEN","Utility","F",42,"40-49","Drivers"
"T20190002254","6/2/19",10:05:00,"Collision with vehicle","Wednesday","Day",2,2,"T intersection",2,80,"B",1997,"SEDAN","SUBARU","Car","M",52,"50-59","Drivers"
"T20190002255","6/2/19",07:45:00,"Collision with vehicle","Wednesday","Day",4,4,"Not at intersection",3,40,"A",2014,"SEDAN","MAZDA","Car","F",26,"26-29","Drivers"
"T20190002255","6/2/19",07:45:00,"Collision with vehicle","Wednesday","Day",4,4,"Not at intersection",3,40,"B",2016,"WAGON","FORD","Station Wagon","F",33,"30-39","Drivers"
"T20190002255","6/2/19",07:45:00,"Collision with vehicle","Wednesday","Day",4,4,"Not at intersection",3,40,"C",2001,"COUPE","CITRN","Car","M",54,"50-59","Drivers"
"T20190002255","6/2/19",07:45:00,"Collision with vehicle","Wednesday","Day",4,4,"Not at intersection",3,40,"D",2002,"VAN","ISUZU","Heavy Vehicle (Rigid) > 4.5 Tonnes","M",45,"40-49","Drivers"
"T20190002256","6/2/19",08:00:00,"Collision with vehicle","Wednesday","Day",3,3,"Not at intersection",1,100,"B",2017,"P MVR","M A N","Prime Mover B-Double","M",59,"50-59","Drivers"
"T20190002256","6/2/19",08:00:00,"Collision with vehicle","Wednesday","Day",3,3,"Not at intersection",1,100,"C",2018,"UTIL","VOLKS","Utility","M",35,"30-39","Drivers"
"T20190002258","5/2/19",16:10:00,"Collision with vehicle","Tuesday","Unknown",2,4,"T intersection",3,999,"A",2014,"SEDAN","KIA","Car","F",65,"64-69","Drivers"
"T20190002258","5/2/19",16:10:00,"Collision with vehicle","Tuesday","Unknown",2,4,"T intersection",3,999,"B",2004,"SEDAN","HONDA","Car","F",59,"50-59","Drivers"