"ACCIDENT_NO","ACCIDENTDATE","ACCIDENTTIME","Accident Type Desc","Day Week Description","Light Condition Desc","NO_OF_VEHICLES","NO_PERSONS","Road Geometry Desc","SEVERITY","SPEED_ZONE","VEHICLE_ID","VEHICLE_YEAR_MANUF","VEHICLE_BODY_STYLE","VEHICLE_MAKE","Vehicle Type Desc","SEX","AGE","Age Group","Road User Type Desc"
"T20190002261","6/2/19",12:30:00,"Collision with vehicle","Wednesday","Day",2,3,"Not at intersection",3,50,"A",2018,"VAN","VOLVO","Heavy Vehicle (Rigid) > 4.5 Tonnes","M",69,"64-69","Drivers"
"T20190002261","6/2/19",12:30:00,"Collision with vehicle","Wednesday","Day",2,3,"Not at intersection",3,50,"B",2001,"SEDAN","HOLDEN","Car","M",83,"70+","Drivers"
"T20190002262","6/2/19",11:55:00,"Collision with vehicle","Wednesday","Day",4,4,"Not at intersection",3,60,"A",2017,"VAN","HYNDAI","Panel Van","M",24,"22-25","Drivers"
"T20190002262","6/2/19",11:55:00,"Collision with vehicle","Wednesday","Day",4,4,"Not at intersection",3,60,"B",2007,"SEDAN","HONDA","Car","F",24,"22-25","Drivers"
"T20190002262","6/2/19",11:55:00,"Collision with vehicle","Wednesday","Day",4,4,"Not at intersection",3,60,"C",2018,"WAGON","SUBARU","Station Wagon","F",46,"40-49","Drivers"
"T20190002262","6/2/19",11:55:00,"Collision with vehicle","Wednesday","Day",4,4,"Not at intersection",3,60,"D",2011,"SEDAN","HONDA","Car","M",32,"30-39","Drivers"
"T20190002264","4/2/19",16:20:00,"Collision with vehicle","Monday","Day",2,2,"Not at intersection",3,40,"A",2002,"SEDAN","MAZDA","Car","F",53,"50-59","Drivers"
"T20190002264","4/2/19",16:20:00,"Collision with vehicle","Monday","Day",2,2,"Not at intersection",3,40,"B",2007,"SEDAN","MITSUB","Car","M",19,"17-21","Drivers"
"T20190002266","26/1/19",11:00:00,"Collision with vehicle","Saturday","Day",2,5,"Not at intersection",2,80,"A",2012,"WAGON","MAZDA","Station Wagon","M",77,"70+","Drivers"
"T20190002266","26/1/19",11:00:00,"Collision with vehicle","Saturday","Day",2,5,"Not at intersection",2,80,"B",2014,"SEDAN","HONDA","Car","M",48,"40-49","Drivers"
"T20190002269","28/1/19",06:30:00,"Struck animal","Monday","Dusk/Dawn",1,1,"Not at intersection",2,100,"A",2015,"SEDAN","SUZUKI","Car","F",30,"30-39","Drivers"
"T20190002270","6/2/19",12:50:00,"Collision with vehicle","Wednesday","Day",2,4,"Not at intersection",3,60,"A",2015,"TRAY","TOYOTA","Light Commercial Vehicle (Rigid) <= 4.5 Tonnes GVM","M",46,"40-49","Drivers"
"T20190002270","6/2/19",12:50:00,"Collision with vehicle","Wednesday","Day",2,4,"Not at intersection",3,60,"B",1990,"SEDAN","TOYOTA","Car","F",36,"30-39","Drivers"
"T20190002275","28/1/19",16:04:00,"Collision with vehicle","Monday","Day",2,2,"T intersection",3,50,"B",2004,"S WAG","MITSUB","Station Wagon","M",20,"17-21","Drivers"
"T20190002281","6/2/19",14:30:00,"Collision with vehicle","Wednesday","Day",2,2,"Not at intersection",2,70,"A",2008,"SEDAN","HOLDEN","Car","F",24,"22-25","Drivers"
"T20190002281","6/2/19",14:30:00,"Collision with vehicle","Wednesday","Day",2,2,"Not at intersection",2,70,"B",2001,"SEDAN","TOYOTA","Car","M",58,"50-59","Drivers"
"T20190002283","6/2/19",15:18:00,"Collision with vehicle","Wednesday","Day",3,3,"Not at intersection",2,100,"A",1999,"DC UTE","HOLDEN","Utility","F",23,"22-25","Drivers"
"T20190002283","6/2/19",15:18:00,"Collision with vehicle","Wednesday","Day",3,3,"Not at intersection",2,100,"B",2003,"TRAY","HINO","Heavy Vehicle (Rigid) > 4.5 Tonnes","M",47,"40-49","Drivers"
"T20190002283","6/2/19",15:18:00,"Collision with vehicle","Wednesday","Day",3,3,"Not at intersection",2,100,"C",2017,"WAGON","HONDA","Station Wagon","F",73,"70+","Drivers"
"T20190002285","6/2/19",12:32:00,"Collision with vehicle","Wednesday","Day",2,2,"Cross intersection",3,60,"A",2011,"WAGON","VOLKS","Station Wagon","M",73,"70+","Drivers"
"T20190002285","6/2/19",12:32:00,"Collision with vehicle","Wednesday","Day",2,2,"Cross intersection",3,60,"B",2009,"P MVR","VOLVO","Prime Mover - Single Trailer","M",37,"30-39","Drivers"
"T20190002287","6/2/19",17:45:00,"Collision with vehicle","Wednesday","Day",2,2,"T intersection",2,60,"B",2018,"WAGON","NISSAN","Station Wagon","F",48,"40-49","Drivers"
"T20190002291","6/2/19",16:10:00,"Vehicle overturned (no collision)","Wednesday","Day",1,4,"T intersection",2,80,"A",1998,"WAGON","SUBARU","Station Wagon","F",23,"22-25","Drivers"
"T20190002292","6/2/19",17:51:00,"Collision with vehicle","Wednesday","Day",2,2,"Cross intersection",3,40,"A",2017,"WAGON","REN","Station Wagon","F",50,"50-59","Drivers"
"T20190002292","6/2/19",17:51:00,"Collision with vehicle","Wednesday","Day",2,2,"Cross intersection",3,40,"B",2015,"WAGON","KIA","Station Wagon","F",42,"40-49","Drivers"
"T20190002293","6/2/19",17:57:00,"Collision with a fixed object","Wednesday","Day",1,3,"Not at intersection",3,40,"A",2008,"SEDAN","HOLDEN","Car","M",20,"17-21","Drivers"
"T20190002295","6/2/19",18:15:00,"Collision with vehicle","Wednesday","Day",2,2,"Not at intersection",3,50,"A",2013,"SEDAN","SUZUKI","Car","F",24,"22-25","Drivers"
"T20190002295","6/2/19",18:15:00,"Collision with vehicle","Wednesday","Day",2,2,"Not at intersection",3,50,"B",2014,"WAGON","VOLKS","Car","F",53,"50-59","Drivers"
"T20190002300","6/2/19",13:24:00,"Collision with vehicle","Wednesday","Day",3,2,"T intersection",3,60,"A",2003,"SEDAN","MAZDA","Car","F",67,"64-69","Drivers"
"T20190002300","6/2/19",13:24:00,"Collision with vehicle","Wednesday","Day",3,2,"T intersection",3,60,"B",2006,"WAGON","TOYOTA","Station Wagon","F",62,"60-64","Drivers"
"T20190002301","6/2/19",20:00:00,"Collision with vehicle","Wednesday","Dark Street lights on",2,1,"Not at intersection",3,60,"B",2012,"UTIL","TOYOTA","Utility","M",62,"60-64","Drivers"
"T20190002305","6/2/19",15:52:00,"Vehicle overturned (no collision)","Wednesday","Day",1,1,"Not at intersection",3,100,"A",2008,"DC UTE","FORD","Utility","F",55,"50-59","Drivers"
"T20190002307","6/2/19",17:15:00,"Vehicle overturned (no collision)","Wednesday","Day",1,1,"Not at intersection",3,100,"A",2010,"SEDAN","TOYOTA","Car","M",46,"40-49","Drivers"
"T20190002309","6/2/19",20:49:00,"Vehicle overturned (no collision)","Wednesday","Dark No street lights",1,1,"Not at intersection",2,100,"A",2010,"UTIL","TOYOTA","Utility","M",34,"30-39","Drivers"
"T20190002310","6/2/19",21:45:00,"Collision with vehicle","Wednesday","Dark Street lights on",2,2,"Cross intersection",3,40,"A",2015,"SEDAN","TOYOTA","Car","M",43,"40-49","Drivers"
"T20190002311","6/2/19",14:20:00,"Collision with vehicle","Wednesday","Day",3,4,"Not at intersection",2,70,"A",2006,"T TRK","VOLVO","Heavy Vehicle (Rigid) > 4.5 Tonnes","M",32,"30-39","Drivers"
"T20190002311","6/2/19",14:20:00,"Collision with vehicle","Wednesday","Day",3,4,"Not at intersection",2,70,"B",2010,"SEDAN","HOLDEN","Car","M",20,"17-21","Drivers"
"T20190002311","6/2/19",14:20:00,"Collision with vehicle","Wednesday","Day",3,4,"Not at intersection",2,70,"C",2004,"SEDAN","HOLDEN","Car","M",70,"70+","Drivers"
"T20190002313","5/2/19",22:30:00,"Collision with a fixed object","Tuesday","Dark Street lights on",1,1,"Cross intersection",3,60,"A",1995,"SEDAN","TOYOTA","Car","M",55,"50-59","Drivers"
"T20190002317","1/2/19",07:23:00,"Collision with vehicle","Friday","Day",2,2,"Not at intersection",3,60,"A",2013,"UTIL","MAZDA","Utility","M",54,"50-59","Drivers"
"T20190002318","6/2/19",16:45:00,"Collision with vehicle","Wednesday","Day",2,3,"Not at intersection",1,100,"A",2009,"P MVR","KENWTH","Prime Mover B-Double","M",22,"22-25","Drivers"
"T20190002318","6/2/19",16:45:00,"Collision with vehicle","Wednesday","Day",2,3,"Not at intersection",1,100,"B",2008,"WAGON","KIA","Station Wagon","F",34,"30-39","Drivers"
"T20190002324","6/2/19",21:39:00,"Collision with vehicle","Wednesday","Dark No street lights",2,3,"Not at intersection",1,110,"A",2003,"S WAG","TOYOTA","Station Wagon","M",84,"70+","Drivers"
"T20190002324","6/2/19",21:39:00,"Collision with vehicle","Wednesday","Dark No street lights",2,3,"Not at intersection",1,110,"B",2009,"BUS","TOYOTA","Taxi","M",53,"50-59","Drivers"
"T20190002326","23/1/19",17:20:00,"Collision with vehicle","Wednesday","Day",2,2,"Not at intersection",3,70,"A",2017,"SEDAN","KIA","Car","F",55,"50-59","Drivers"
"T20190002326","23/1/19",17:20:00,"Collision with vehicle","Wednesday","Day",2,2,"Not at intersection",3,70,"B",2001,"S WAG","FORD","Station Wagon","F",53,"50-59","Drivers"
"T20190002327","7/2/19",05:13:00,"Collision with vehicle","Thursday","Dark Street lights on",2,3,"Not at intersection",3,60,"B",2001,"SEDAN","MITSUB","Car","F",25,"22-25","Drivers"
"T20190002331","5/2/19",15:50:00,"Collision with vehicle","Tuesday","Day",2,3,"T intersection",3,60,"A",2005,"S WAG","HOLDEN","Station Wagon","M",20,"17-21","Drivers"
"T20190002331","5/2/19",15:50:00,"Collision with vehicle","Tuesday","Day",2,3,"T intersection",3,60,"B",2011,"SEDAN","FORD","Car","F",23,"22-25","Drivers"
"T20190002334","7/2/19",07:50:00,"Collision with vehicle","Thursday","Day",2,2,"Not at intersection",3,60,"A",2015,"UTIL","FORD","Utility","M",30,"30-39","Drivers"
"T20190002335","6/2/19",17:40:00,"Collision with vehicle","Wednesday","Dusk/Dawn",3,3,"T intersection",3,70,"A",2016,"TIPPER","KENWTH","Heavy Vehicle (Rigid) > 4.5 Tonnes","M",43,"40-49","Drivers"
"T20190002335","6/2/19",17:40:00,"Collision with vehicle","Wednesday","Dusk/Dawn",3,3,"T intersection",3,70,"B",2012,"S WAG","HOLDEN","Station Wagon","F",34,"30-39","Drivers"
"T20190002335","6/2/19",17:40:00,"Collision with vehicle","Wednesday","Dusk/Dawn",3,3,"T intersection",3,70,"C",2012,"VAN","HYNDAI","Panel Van","M",44,"40-49","Drivers"
"T20190002336","6/2/19",18:02:00,"Collision with a fixed object","Wednesday","Day",1,1,"Not at intersection",2,100,"A",2002,"WAGON","SUBARU","Station Wagon","F",62,"60-64","Drivers"
"T20190002340","7/2/19",10:00:00,"Collision with a fixed object","Thursday","Day",1,1,"Not at intersection",3,60,"A",1990,"SED","TOYOTA","Car","F",31,"30-39","Drivers"
"T20190002342","7/2/19",11:14:00,"Collision with vehicle","Thursday","Day",2,3,"Not at intersection",3,70,"A",2005,"WAGON","FORD","Station Wagon","M",19,"17-21","Drivers"
"T20190002342","7/2/19",11:14:00,"Collision with vehicle","Thursday","Day",2,3,"Not at intersection",3,70,"B",2015,"SEDAN","B M W","Car","F",34,"30-39","Drivers"
"T20190002343","7/2/19",07:30:00,"Collision with vehicle","Thursday","Day",2,2,"Not at intersection",3,60,"B",2015,"SEDAN","HONDA","Car","M",53,"50-59","Drivers"
"T20190002349","7/2/19",08:15:00,"Collision with vehicle","Thursday","Day",2,2,"Cross intersection",2,80,"A",2014,"SEDAN","REN","Car","M",48,"40-49","Drivers"
"T20190002349","7/2/19",08:15:00,"Collision with vehicle","Thursday","Day",2,2,"Cross intersection",2,80,"B",2004,"UTIL","HOLDEN","Utility","M",58,"50-59","Drivers"
"T20190002351","7/2/19",10:18:00,"Collision with vehicle","Thursday","Day",2,2,"Not at intersection",2,70,"A",2012,"UTIL","FORD","Utility","F",47,"40-49","Drivers"
"T20190002351","7/2/19",10:18:00,"Collision with vehicle","Thursday","Day",2,2,"Not at intersection",2,70,"B",2010,"SEDAN","HONDA","Car","F",55,"50-59","Drivers"
"T20190002356","7/2/19",12:15:00,"Collision with vehicle","Thursday","Day",2,2,"Not at intersection",3,80,"A",2003,"VAN","FORD","Panel Van","M",36,"30-39","Drivers"
"T20190002356","7/2/19",12:15:00,"Collision with vehicle","Thursday","Day",2,2,"Not at intersection",3,80,"B",2009,"SEDAN","NISSAN","Car","M",28,"26-29","Drivers"
"T20190002357","7/2/19",09:18:00,"Collision with vehicle","Thursday","Day",2,2,"Not at intersection",3,80,"A",2004,"UTIL","FORD","Utility","F",27,"26-29","Drivers"
"T20190002357","7/2/19",09:18:00,"Collision with vehicle","Thursday","Day",2,2,"Not at intersection",3,80,"B",2011,"SEDAN","KIA","Car","M",32,"30-39","Drivers"
"T20190002360","7/2/19",10:00:00,"Collision with vehicle","Thursday","Day",2,2,"Cross intersection",3,50,"B",2017,"SEDAN","TOYOTA","Car","M",53,"50-59","Drivers"
"T20190002362","7/2/19",12:30:00,"Collision with vehicle","Thursday","Day",2,3,"Cross intersection",2,110,"A",2013,"SEDAN","SUZUKI","Car","M",38,"30-39","Drivers"
"T20190002362","7/2/19",12:30:00,"Collision with vehicle","Thursday","Day",2,3,"Cross intersection",2,110,"B",2017,"WAGON","TOYOTA","Station Wagon","F",50,"50-59","Drivers"
"T20190002365","7/2/19",15:25:00,"Collision with vehicle","Thursday","Day",2,2,"Not at intersection",3,60,"A",2002,"SEDAN","TOYOTA","Car","F",27,"26-29","Drivers"
"T20190002365","7/2/19",15:25:00,"Collision with vehicle","Thursday","Day",2,2,"Not at intersection",3,60,"B",2010,"DC UTE","TOYOTA","Utility","M",23,"22-25","Drivers"
"T20190002367","7/2/19",15:25:00,"Collision with vehicle","Thursday","Day",2,2,"Not at intersection",2,50,"A",1992,"TRAY","NISSAN","Car","M",24,"22-25","Drivers"
"T20190002368","30/1/19",11:00:00,"Collision with vehicle","Wednesday","Day",2,2,"Cross intersection",3,50,"A",2006,"WAGON","HOLDEN","Station Wagon","M",52,"50-59","Drivers"
"T20190002368","30/1/19",11:00:00,"Collision with vehicle","Wednesday","Day",2,2,"Cross intersection",3,50,"B",2001,"SEDAN","MITSUB","Car","M",35,"30-39","Drivers"
"T20190002373","7/2/19",06:20:00,"Collision with vehicle","Thursday","Dusk/Dawn",2,2,"T intersection",3,70,"A",2005,"UTIL","FORD","Utility","M",56,"50-59","Drivers"
"T20190002373","7/2/19",06:20:00,"Collision with vehicle","Thursday","Dusk/Dawn",2,2,"T intersection",3,70,"B",2007,"WAGON","SUZUKI","Station Wagon","F",43,"40-49","Drivers"
"T20190002375","7/2/19",15:56:00,"Struck Pedestrian","Thursday","Day",1,2,"Cross intersection",2,60,"A",2005,"SED","AUDI","Car","M",42,"40-49","Drivers"
"T20190002376","25/1/19",16:15:00,"Collision with vehicle","Friday","Day",2,2,"Cross intersection",3,70,"A",2009,"S WAG","HOLDEN","Station Wagon","F",34,"30-39","Drivers"
"T20190002376","25/1/19",16:15:00,"Collision with vehicle","Friday","Day",2,2,"Cross intersection",3,70,"B",2018,"WAGON","PEUG","Station Wagon","F",26,"26-29","Drivers"
"T20190002378","7/2/19",17:25:00,"Collision with vehicle","Thursday","Day",2,3,"Not at intersection",3,30,"A",2016,"WAGON","MAZDA","Station Wagon","F",31,"30-39","Drivers"
"T20190002378","7/2/19",17:25:00,"Collision with vehicle","Thursday","Day",2,3,"Not at intersection",3,30,"B",2010,"WAGON","HOLDEN","Station Wagon","F",28,"26-29","Drivers"
"T20190002379","7/2/19",08:30:00,"Collision with vehicle","Thursday","Day",3,3,"T intersection",3,60,"B",2004,"COUPE","HYNDAI","Car","M",29,"26-29","Drivers"
"T20190002379","7/2/19",08:30:00,"Collision with vehicle","Thursday","Day",3,3,"T intersection",3,60,"C",2013,"SEDAN","HONDA","Car","M",65,"64-69","Drivers"
"T20190002380","7/2/19",17:50:00,"Collision with vehicle","Thursday","Day",2,2,"Not at intersection",3,60,"A",2018,"WAGON","MERC B","Station Wagon","M",50,"50-59","Drivers"
"T20190002380","7/2/19",17:50:00,"Collision with vehicle","Thursday","Day",2,2,"Not at intersection",3,60,"B",2005,"SEDAN","HOLDEN","Car","F",20,"17-21","Drivers"
"T20190002381","7/2/19",17:30:00,"Collision with vehicle","Thursday","Day",2,4,"Not at intersection",2,110,"A",2016,"SEDAN","HYNDAI","Car","M",18,"17-21","Drivers"
"T20190002381","7/2/19",17:30:00,"Collision with vehicle","Thursday","Day",2,4,"Not at intersection",2,110,"B",1998,"WAGON","HONDA","Station Wagon","F",47,"40-49","Drivers"
"T20190002382","7/2/19",15:15:00,"Collision with a fixed object","Thursday","Day",1,1,"Not at intersection",3,100,"A",2014,"DC UTE","TOYOTA","Utility","F",50,"50-59","Drivers"
"T20190002383","7/2/19",15:00:00,"Collision with vehicle","Thursday","Day",2,2,"Cross intersection",3,50,"A",2010,"WAGON","SUBARU","Station Wagon","F",41,"40-49","Drivers"
"T20190002386","4/2/19",08:30:00,"Collision with vehicle","Monday","Day",2,2,"T intersection",3,50,"A",2010,"SEDAN","HOLDEN","Car","F",20,"17-21","Drivers"
"T20190002386","4/2/19",08:30:00,"Collision with vehicle","Monday","Day",2,2,"T intersection",3,50,"B",2014,"SEDAN","FORD","Car","F",42,"40-49","Drivers"
"T20190002387","7/2/19",18:49:00,"Collision with vehicle","Thursday","Day",3,3,"Not at intersection",3,100,"A",2016,"SEDAN","HOLDEN","Car","M",23,"22-25","Drivers"
"T20190002387","7/2/19",18:49:00,"Collision with vehicle","Thursday","Day",3,3,"Not at intersection",3,100,"C",2018,"WAGON","TOYOTA","Station Wagon","M",42,"40-49","Drivers"
"T20190002388","7/2/19",18:37:00,"Collision with vehicle","Thursday","Day",2,2,"Cross intersection",3,40,"B",2013,"SEDAN","TOYOTA","Taxi","M",72,"70+","Drivers"
"T20190002389","7/2/19",18:32:00,"Collision with vehicle","Thursday","Dark No street lights",2,4,"Not at intersection",3,80,"A",2016,"SEDAN","B M W","Car","M",72,"70+","Drivers"
"T20190002389","7/2/19",18:32:00,"Collision with vehicle","Thursday","Dark No street lights",2,4,"Not at intersection",3,80,"B",2006,"SEDAN","SUZUKI","Car","F",39,"30-39","Drivers"
"T20190002392","7/2/19",18:25:00,"Collision with vehicle","Thursday","Day",3,2,"Not at intersection",2,60,"A",2016,"WAGON","B M W","Station Wagon","F",38,"30-39","Drivers"
"T20190002392","7/2/19",18:25:00,"Collision with vehicle","Thursday","Day",3,2,"Not at intersection",2,60,"B",2012,"SEDAN","TOYOTA","Car","F",28,"26-29","Drivers"
"T20190002395","7/2/19",16:50:00,"Collision with vehicle","Thursday","Day",2,2,"T intersection",3,70,"A",2009,"SEDAN","NISSAN","Car","F",21,"17-21","Drivers"
"T20190002395","7/2/19",16:50:00,"Collision with vehicle","Thursday","Day",2,2,"T intersection",3,70,"B",2018,"DC UTE","MITSUB","Utility","M",51,"50-59","Drivers"
"T20190002396","7/2/19",19:45:00,"Struck Pedestrian","Thursday","Day",1,2,"Not at intersection",3,50,"A",2004,"S WAG","MITSUB","Station Wagon","M",17,"16-17","Drivers"
"T20190002398","7/2/19",18:50:00,"Collision with vehicle","Thursday","Day",2,3,"Not at intersection",3,100,"A",2012,"SEDAN","HONDA","Car","M",20,"17-21","Drivers"
"T20190002398","7/2/19",18:50:00,"Collision with vehicle","Thursday","Day",2,3,"Not at intersection",3,100,"B",2012,"P MVR","KENWTH","Prime Mover - Single Trailer","M",40,"40-49","Drivers"
"T20190002401","7/2/19",22:40:00,"Collision with vehicle","Thursday","Dark Street lights on",2,2,"Cross intersection",2,60,"A",2004,"WAGON","AUDI","Station Wagon","M",22,"22-25","Drivers"
"T20190002403","7/2/19",16:19:00,"Collision with a fixed object","Thursday","Day",1,3,"Not at intersection",2,80,"A",1998,"SEDAN","FORD","Car","M",28,"26-29","Drivers"
"T20190002405","8/2/19",00:35:00,"Collision with a fixed object","Friday","Dark No street lights",1,2,"Not at intersection",3,80,"A",2002,"SEDAN","HOLDEN","Car","M",20,"17-21","Drivers"
"T20190002406","4/2/19",03:45:00,"Collision with a fixed object","Monday","Dark No street lights",1,1,"T intersection",3,100,"A",2002,"S WAG","HOLDEN","Station Wagon","F",18,"17-21","Drivers"
"T20190002408","8/2/19",03:30:00,"Collision with vehicle","Friday","Dark Street lights on",2,5,"Cross intersection",2,80,"A",2014,"SEDAN","TOYOTA","Car","U",NA,"unknown","Drivers"
"T20190002408","8/2/19",03:30:00,"Collision with vehicle","Friday","Dark Street lights on",2,5,"Cross intersection",2,80,"B",2015,"WAGON","MITSUB","Station Wagon","U",NA,"unknown","Drivers"
"T20190002411","7/2/19",09:25:00,"Collision with vehicle","Thursday","Day",2,2,"Cross intersection",3,80,"A",2016,"DC UTE","FORD","Utility","M",43,"40-49","Drivers"
"T20190002411","7/2/19",09:25:00,"Collision with vehicle","Thursday","Day",2,2,"Cross intersection",3,80,"B",2006,"SEDAN","AUDI","Car","M",47,"40-49","Drivers"
"T20190002415","8/2/19",06:30:00,"Collision with vehicle","Friday","Dusk/Dawn",2,2,"T intersection",2,80,"A",2000,"SEDAN","MITSUB","Car","U",NA,"unknown","Drivers"
"T20190002415","8/2/19",06:30:00,"Collision with vehicle","Friday","Dusk/Dawn",2,2,"T intersection",2,80,"B",2012,"SEDAN","TOYOTA","Car","M",28,"26-29","Drivers"
"T20190002416","8/2/19",07:47:00,"Collision with vehicle","Friday","Day",2,2,"Cross intersection",3,60,"A",2012,"WAGON","HOLDEN","Station Wagon","M",70,"70+","Drivers"
"T20190002416","8/2/19",07:47:00,"Collision with vehicle","Friday","Day",2,2,"Cross intersection",3,60,"B",2014,"SEDAN","VOLKS","Car","M",27,"26-29","Drivers"
"T20190002417","8/2/19",07:45:00,"Collision with vehicle","Friday","Day",2,3,"T intersection",3,80,"A",2005,"WAGON","HYNDAI","Station Wagon","F",80,"70+","Drivers"
"T20190002418","8/2/19",08:12:00,"Collision with vehicle","Friday","Day",2,2,"Cross intersection",3,60,"A",2009,"SEDAN","SUZUKI","Car","F",64,"60-64","Drivers"
"T20190002418","8/2/19",08:12:00,"Collision with vehicle","Friday","Day",2,2,"Cross intersection",3,60,"B",2006,"UTIL","NISSAN","Utility","M",67,"64-69","Drivers"
"T20190002423","29/1/19",13:48:00,"Collision with a fixed object","Tuesday","Day",1,2,"Not at intersection",3,100,"A",2010,"SEDAN","MAZDA","Car","F",29,"26-29","Drivers"
"T20190002426","6/2/19",17:18:00,"Collision with vehicle","Wednesday","Unknown",2,2,"Not at intersection",3,999,"A",2016,"WAGON","NISSAN","Station Wagon","F",31,"30-39","Drivers"
"T20190002426","6/2/19",17:18:00,"Collision with vehicle","Wednesday","Unknown",2,2,"Not at intersection",3,999,"B",2005,"SEDAN","HOLDEN","Car","M",44,"40-49","Drivers"
"T20190002427","4/2/19",06:45:00,"Collision with vehicle","Monday","Dusk/Dawn",2,2,"Not at intersection",2,50,"A",2007,"SEDAN","MAZDA","Car","M",50,"50-59","Drivers"
"T20190002429","8/2/19",11:02:00,"Collision with a fixed object","Friday","Day",2,1,"Not at intersection",2,888,"A",2004,"BUS","TOYOTA","Station Wagon","M",53,"50-59","Drivers"
"T20190002430","8/2/19",10:05:00,"Collision with a fixed object","Friday","Day",1,1,"Not at intersection",2,90,"A",1999,"SEDAN","FORD","Car","M",76,"70+","Drivers"
"T20190002435","8/2/19",12:10:00,"Collision with vehicle","Friday","Day",2,2,"Cross intersection",1,60,"A",1993,"SEDAN","MAZDA","Car","M",88,"70+","Drivers"
"T20190002435","8/2/19",12:10:00,"Collision with vehicle","Friday","Day",2,2,"Cross intersection",1,60,"B",2005,"SEDAN","HOLDEN","Car","M",19,"17-21","Drivers"
"T20190002436","7/2/19",16:00:00,"Collision with vehicle","Thursday","Day",3,3,"T intersection",3,60,"A",2004,"COUPE","FORD","Car","F",30,"30-39","Drivers"
"T20190002436","7/2/19",16:00:00,"Collision with vehicle","Thursday","Day",3,3,"T intersection",3,60,"B",2015,"SEDAN","TOYOTA","Car","F",64,"60-64","Drivers"
"T20190002436","7/2/19",16:00:00,"Collision with vehicle","Thursday","Day",3,3,"T intersection",3,60,"C",2008,"SEDAN","TOYOTA","Car","F",22,"22-25","Drivers"
"T20190002438","8/2/19",12:12:00,"Collision with vehicle","Friday","Day",2,2,"T intersection",2,60,"A",2002,"SEDAN","FORD","Car","M",59,"50-59","Drivers"
"T20190002439","8/2/19",10:25:00,"Collision with vehicle","Friday","Day",2,3,"Not at intersection",3,100,"A",2009,"P MVR","F LINE","Prime Mover B-Triple","M",33,"30-39","Drivers"
"T20190002439","8/2/19",10:25:00,"Collision with vehicle","Friday","Day",2,3,"Not at intersection",3,100,"B",2016,"COUPE","SUBARU","Car","M",63,"60-64","Drivers"
"T20190002440","18/1/19",14:00:00,"Collision with a fixed object","Friday","Day",1,1,"Not at intersection",2,100,"A",2000,"SEDAN","AUDI","Car","M",49,"40-49","Drivers"
"T20190002441","8/2/19",12:03:00,"Collision with vehicle","Friday","Day",2,2,"Cross intersection",3,80,"A",2008,"SEDAN","NISSAN","Car","M",24,"22-25","Drivers"
"T20190002441","8/2/19",12:03:00,"Collision with vehicle","Friday","Day",2,2,"Cross intersection",3,80,"B",2008,"SEDAN","SAAB","Car","U",NA,"unknown","Drivers"
"T20190002443","8/2/19",12:10:00,"Collision with vehicle","Friday","Day",4,6,"Not at intersection",3,80,"A",2013,"VAN","TOYOTA","Car","M",60,"60-64","Drivers"
"T20190002443","8/2/19",12:10:00,"Collision with vehicle","Friday","Day",4,6,"Not at intersection",3,80,"B",2017,"UTIL","NISSAN","Utility","M",73,"70+","Drivers"
"T20190002443","8/2/19",12:10:00,"Collision with vehicle","Friday","Day",4,6,"Not at intersection",3,80,"C",2009,"UTIL","FORD","Utility","M",60,"60-64","Drivers"
"T20190002443","8/2/19",12:10:00,"Collision with vehicle","Friday","Day",4,6,"Not at intersection",3,80,"D",2012,"BUS","TOYOTA","Mini Bus(9-13 seats)","F",20,"17-21","Drivers"
"T20190002444","8/2/19",12:40:00,"Collision with vehicle","Friday","Day",2,2,"Not at intersection",3,60,"A",2006,"SEDAN","MAZDA","Car","F",53,"50-59","Drivers"
"T20190002445","8/2/19",08:25:00,"Collision with vehicle","Friday","Day",2,2,"Not at intersection",3,50,"B",2017,"SEDAN","MERC B","Car","F",54,"50-59","Drivers"
"T20190002447","8/2/19",10:10:00,"Collision with vehicle","Friday","Day",2,5,"Not at intersection",2,100,"A",2013,"SEDAN","FORD","Car","F",31,"30-39","Drivers"
"T20190002447","8/2/19",10:10:00,"Collision with vehicle","Friday","Day",2,5,"Not at intersection",2,100,"B",2001,"S WAG","HOLDEN","Station Wagon","F",20,"17-21","Drivers"
"T20190002450","8/2/19",14:45:00,"Collision with vehicle","Friday","Day",2,4,"T intersection",3,100,"A",2017,"WAGON","REN","Station Wagon","M",60,"60-64","Drivers"
"T20190002450","8/2/19",14:45:00,"Collision with vehicle","Friday","Day",2,4,"T intersection",3,100,"B",2017,"SEDAN","HYNDAI","Car","M",30,"30-39","Drivers"
"T20190002453","8/2/19",14:45:00,"Collision with vehicle","Friday","Day",2,2,"Not at intersection",3,80,"A",2013,"SEDAN","TOYOTA","Car","M",34,"30-39","Drivers"
"T20190002453","8/2/19",14:45:00,"Collision with vehicle","Friday","Day",2,2,"Not at intersection",3,80,"B",2014,"WAGON","JEEP","Station Wagon","F",56,"50-59","Drivers"
"T20190002457","7/2/19",08:20:00,"Struck Pedestrian","Thursday","Day",1,2,"T intersection",3,40,"A",2010,"SED","MERCED","Car","F",43,"40-49","Drivers"
"T20190002459","8/2/19",19:25:00,"Collision with vehicle","Friday","Day",2,2,"Cross intersection",3,60,"A",2009,"SEDAN","SUBARU","Car","M",36,"30-39","Drivers"
"T20190002459","8/2/19",19:25:00,"Collision with vehicle","Friday","Day",2,2,"Cross intersection",3,60,"B",2005,"SEDAN","HONDA","Car","F",47,"40-49","Drivers"