"ACCIDENT_NO","ACCIDENTDATE","ACCIDENTTIME","Accident Type Desc","Day Week Description","Light Condition Desc","NO_OF_VEHICLES","NO_PERSONS","Road Geometry Desc","SEVERITY","SPEED_ZONE","VEHICLE_ID","VEHICLE_YEAR_MANUF","VEHICLE_BODY_STYLE","VEHICLE_MAKE","Vehicle Type Desc","SEX","AGE","Age Group","Road User Type Desc"
"T20190002461","8/2/19",18:50:00,"Collision with vehicle","Friday","Day",4,4,"Cross intersection",3,60,"A",1999,"SEDAN","MAZDA","Car","M",20,"17-21","Drivers"
"T20190002461","8/2/19",18:50:00,"Collision with vehicle","Friday","Day",4,4,"Cross intersection",3,60,"B",2002,"WAGON","TOYOTA","Station Wagon","F",20,"17-21","Drivers"
"T20190002461","8/2/19",18:50:00,"Collision with vehicle","Friday","Day",4,4,"Cross intersection",3,60,"C",2006,"SEDAN","AUDI","Car","M",37,"30-39","Drivers"
"T20190002461","8/2/19",18:50:00,"Collision with vehicle","Friday","Day",4,4,"Cross intersection",3,60,"D",2004,"SEDAN","MITSUB","Car","M",28,"26-29","Drivers"
"T20190002463","8/2/19",15:20:00,"Collision with vehicle","Friday","Day",2,2,"Not at intersection",3,70,"A",2010,"SEDAN","SUBARU","Car","F",52,"50-59","Drivers"
"T20190002463","8/2/19",15:20:00,"Collision with vehicle","Friday","Day",2,2,"Not at intersection",3,70,"B",2009,"SEDAN","VOLKS","Car","M",55,"50-59","Drivers"
"T20190002465","8/2/19",14:10:00,"Collision with vehicle","Friday","Day",2,3,"Not at intersection",2,60,"A",2015,"WAGON","MITSUB","Station Wagon","F",36,"30-39","Drivers"
"T20190002465","8/2/19",14:10:00,"Collision with vehicle","Friday","Day",2,3,"Not at intersection",2,60,"B",2012,"DC UTE","FORD","Utility","M",20,"17-21","Drivers"
"T20190002466","8/2/19",16:48:00,"Collision with vehicle","Friday","Day",2,2,"Not at intersection",3,70,"A",2013,"SEDAN","TOYOTA","Car","M",28,"26-29","Drivers"
"T20190002466","8/2/19",16:48:00,"Collision with vehicle","Friday","Day",2,2,"Not at intersection",3,70,"B",2009,"SEDAN","SUZUKI","Car","M",18,"17-21","Drivers"
"T20190002470","8/2/19",19:46:00,"Collision with vehicle","Friday","Day",2,2,"T intersection",3,60,"A",2016,"WAGON","TOYOTA","Station Wagon","F",46,"40-49","Drivers"
"T20190002472","8/2/19",17:25:00,"Collision with vehicle","Friday","Day",2,8,"Cross intersection",2,60,"A",2016,"WAGON","KIA","Station Wagon","F",32,"30-39","Drivers"
"T20190002472","8/2/19",17:25:00,"Collision with vehicle","Friday","Day",2,8,"Cross intersection",2,60,"B",2016,"VAN","MERC B","Panel Van","M",47,"40-49","Drivers"
"T20190002475","8/2/19",16:21:00,"Collision with vehicle","Friday","Day",3,4,"Not at intersection",2,100,"A",2016,"DC UTE","VOLKS","Utility","M",25,"22-25","Drivers"
"T20190002475","8/2/19",16:21:00,"Collision with vehicle","Friday","Day",3,4,"Not at intersection",2,100,"B",2005,"COUPE","MERC B","Car","M",66,"64-69","Drivers"
"T20190002475","8/2/19",16:21:00,"Collision with vehicle","Friday","Day",3,4,"Not at intersection",2,100,"C",2008,"COUPE","MITSUB","Car","M",46,"40-49","Drivers"
"T20190002480","8/2/19",21:15:00,"Collision with vehicle","Friday","Dark Street lights on",2,3,"Not at intersection",3,60,"A",2000,"WAGON","NISSAN","Car","M",59,"50-59","Drivers"
"T20190002480","8/2/19",21:15:00,"Collision with vehicle","Friday","Dark Street lights on",2,3,"Not at intersection",3,60,"B",2008,"WAGON","TOYOTA","Car","F",51,"50-59","Drivers"
"T20190002482","8/2/19",23:10:00,"Collision with a fixed object","Friday","Dark No street lights",1,1,"Not at intersection",3,60,"A",2016,"UTIL","VOLKS","Utility","M",49,"40-49","Drivers"
"T20190002483","8/2/19",23:30:00,"Struck Pedestrian","Friday","Dark Street lights on",1,3,"Cross intersection",3,40,"A",2007,"SEDAN","HONDA","Car","M",28,"26-29","Drivers"
"T20190002484","8/2/19",23:30:00,"Collision with a fixed object","Friday","Dark No street lights",1,1,"Not at intersection",2,60,"A",2011,"DC UTE","NISSAN","Utility","M",21,"17-21","Drivers"
"T20190002485","8/2/19",22:20:00,"Collision with vehicle","Friday","Dark Street lights on",2,2,"Not at intersection",3,40,"A",2007,"SEDAN","TOYOTA","Car","F",27,"26-29","Drivers"
"T20190002485","8/2/19",22:20:00,"Collision with vehicle","Friday","Dark Street lights on",2,2,"Not at intersection",3,40,"B",2018,"WAGON","HOLDEN","Station Wagon","M",47,"40-49","Drivers"
"T20190002487","8/2/19",19:30:00,"Struck Pedestrian","Friday","Day",1,2,"Cross intersection",3,40,"A",2014,"SEDAN","TOYOTA","Taxi","M",29,"26-29","Drivers"
"T20190002491","30/1/19",17:28:00,"Collision with vehicle","Wednesday","Day",2,2,"Not at intersection",3,999,"A",2002,"VAN","ISUZU","Panel Van","M",47,"40-49","Drivers"
"T20190002494","9/2/19",09:19:00,"Collision with vehicle","Saturday","Day",2,2,"Cross intersection",3,50,"A",2002,"SEDAN","FORD","Car","F",66,"64-69","Drivers"
"T20190002494","9/2/19",09:19:00,"Collision with vehicle","Saturday","Day",2,2,"Cross intersection",3,50,"B",1997,"SEDAN","HOLDEN","Car","M",52,"50-59","Drivers"
"T20190002495","9/2/19",09:35:00,"Collision with vehicle","Saturday","Day",2,3,"Cross intersection",3,50,"A",0,"SED","VLK","Car","F",18,"17-21","Drivers"
"T20190002495","9/2/19",09:35:00,"Collision with vehicle","Saturday","Day",2,3,"Cross intersection",3,50,"B",2011,"SEDAN","MAZDA","Car","F",28,"26-29","Drivers"
"T20190002496","9/2/19",10:45:00,"Collision with vehicle","Saturday","Day",2,2,"Cross intersection",3,60,"A",2003,"SEDAN","HOLDEN","Car","M",63,"60-64","Drivers"
"T20190002496","9/2/19",10:45:00,"Collision with vehicle","Saturday","Day",2,2,"Cross intersection",3,60,"B",2016,"SEDAN","HYNDAI","Car","M",32,"30-39","Drivers"
"T20190002498","9/2/19",12:00:00,"Collision with vehicle","Saturday","Day",2,2,"Not at intersection",3,80,"A",2013,"TRAY","TOYOTA","Light Commercial Vehicle (Rigid) <= 4.5 Tonnes GVM","M",44,"40-49","Drivers"
"T20190002498","9/2/19",12:00:00,"Collision with vehicle","Saturday","Day",2,2,"Not at intersection",3,80,"B",2014,"SEDAN","MITSUB","Car","F",61,"60-64","Drivers"
"T20190002499","9/2/19",08:30:00,"Collision with vehicle","Saturday","Day",2,1,"Not at intersection",2,50,"A",2015,"SEDAN","TOYOTA","Car","M",81,"70+","Drivers"
"T20190002501","9/2/19",10:00:00,"Collision with vehicle","Saturday","Day",2,2,"T intersection",3,60,"A",2018,"SEDAN","MAZDA","Car","F",59,"50-59","Drivers"
"T20190002501","9/2/19",10:00:00,"Collision with vehicle","Saturday","Day",2,2,"T intersection",3,60,"B",2014,"UTIL","VOLKS","Utility","M",41,"40-49","Drivers"
"T20190002503","9/2/19",08:20:00,"Collision with a fixed object","Saturday","Day",1,1,"Not at intersection",3,100,"A",2008,"TRAY","ISUZU","Light Commercial Vehicle (Rigid) <= 4.5 Tonnes GVM","M",53,"50-59","Drivers"
"T20190002504","9/2/19",13:15:00,"Collision with vehicle","Saturday","Day",2,4,"Not at intersection",2,80,"A",2004,"IND/CN","L ROV","Car","M",77,"70+","Drivers"
"T20190002504","9/2/19",13:15:00,"Collision with vehicle","Saturday","Day",2,4,"Not at intersection",2,80,"B",2001,"SEDAN","HYNDAI","Car","F",19,"17-21","Drivers"
"T20190002508","8/2/19",15:25:00,"No collision and no object struck","Friday","Day",2,2,"Cross intersection",3,60,"B",2011,"SEDAN","FORD","Car","F",47,"40-49","Drivers"
"T20190002509","9/2/19",12:00:00,"Collision with vehicle","Saturday","Day",2,3,"Cross intersection",3,100,"A",2018,"S WAG","MAZDA","Station Wagon","F",69,"64-69","Drivers"
"T20190002509","9/2/19",12:00:00,"Collision with vehicle","Saturday","Day",2,3,"Cross intersection",3,100,"B",2014,"S WAG","TOYOTA","Station Wagon","M",34,"30-39","Drivers"
"T20190002512","5/2/19",15:20:00,"Collision with vehicle","Tuesday","Day",2,3,"Cross intersection",3,50,"A",2004,"DC UTE","NISSAN","Utility","M",29,"26-29","Drivers"
"T20190002512","5/2/19",15:20:00,"Collision with vehicle","Tuesday","Day",2,3,"Cross intersection",3,50,"B",2007,"SEDAN","HOLDEN","Car","F",25,"22-25","Drivers"
"T20190002513","9/2/19",14:51:00,"Collision with vehicle","Saturday","Day",2,2,"Cross intersection",2,60,"A",2018,"UTIL","FORD","Utility","M",39,"30-39","Drivers"
"T20190002514","9/2/19",11:27:00,"Collision with vehicle","Saturday","Day",2,3,"Not at intersection",2,60,"A",1998,"UTIL","HOLDEN","Utility","M",19,"17-21","Drivers"
"T20190002514","9/2/19",11:27:00,"Collision with vehicle","Saturday","Day",2,3,"Not at intersection",2,60,"B",2007,"WAGON","SUBARU","Station Wagon","M",31,"30-39","Drivers"
"T20190002517","9/2/19",12:05:00,"Collision with vehicle","Saturday","Day",2,6,"Multiple intersection",3,80,"A",2002,"S WAG","TOYOTA","Station Wagon","F",21,"17-21","Drivers"
"T20190002517","9/2/19",12:05:00,"Collision with vehicle","Saturday","Day",2,6,"Multiple intersection",3,80,"B",2012,"WAGON","TOYOTA","Station Wagon","F",46,"40-49","Drivers"
"T20190002519","9/2/19",15:00:00,"Struck Pedestrian","Saturday","Day",1,2,"Cross intersection",3,60,"A",2014,"SEDAN","MAZDA","Car","M",76,"70+","Drivers"
"T20190002520","9/2/19",15:14:00,"Collision with vehicle","Saturday","Day",2,2,"T intersection",3,80,"A",2008,"SEDAN","TOYOTA","Car","F",82,"70+","Drivers"
"T20190002520","9/2/19",15:14:00,"Collision with vehicle","Saturday","Day",2,2,"T intersection",3,80,"B",1994,"SEDAN","TOYOTA","Car","M",20,"17-21","Drivers"
"T20190002521","8/2/19",21:25:00,"Struck Pedestrian","Friday","Dark Street lights on",1,3,"Cross intersection",2,40,"A",2014,"SED","TOYOTA","Car","F",72,"70+","Drivers"
"T20190002524","9/2/19",18:30:00,"Struck Pedestrian","Saturday","Day",1,2,"T intersection",3,50,"A",2005,"VAN","HOLDEN","Panel Van","M",27,"26-29","Drivers"
"T20190002525","5/2/19",08:30:00,"Fall from or in moving vehicle","Tuesday","Day",2,2,"T intersection",3,40,"A",2010,"SED","VOLKS","Car","F",28,"26-29","Drivers"
"T20190002526","24/1/19",12:10:00,"Collision with vehicle","Thursday","Day",2,2,"Cross intersection",3,60,"A",2014,"SEDAN","HOLDEN","Car","M",53,"50-59","Drivers"
"T20190002526","24/1/19",12:10:00,"Collision with vehicle","Thursday","Day",2,2,"Cross intersection",3,60,"B",2013,"SEDAN","TOYOTA","Car","M",36,"30-39","Drivers"
"T20190002527","9/2/19",17:42:00,"Collision with vehicle","Saturday","Day",2,3,"T intersection",3,60,"A",2013,"SEDAN","FORD","Car","M",21,"17-21","Drivers"
"T20190002527","9/2/19",17:42:00,"Collision with vehicle","Saturday","Day",2,3,"T intersection",3,60,"B",2005,"UTIL","FORD","Utility","M",51,"50-59","Drivers"
"T20190002531","29/1/19",16:20:00,"Struck Pedestrian","Tuesday","Day",1,2,"Not at intersection",3,60,"A",2015,"WAGON","SUBARU","Station Wagon","F",67,"64-69","Drivers"
"T20190002532","9/2/19",18:11:00,"Collision with vehicle","Saturday","Day",2,2,"Cross intersection",3,80,"A",2000,"SEDAN","FORD","Car","M",39,"30-39","Drivers"
"T20190002532","9/2/19",18:11:00,"Collision with vehicle","Saturday","Day",2,2,"Cross intersection",3,80,"B",2016,"WAGON","MAZDA","Car","F",56,"50-59","Drivers"
"T20190002536","9/2/19",19:40:00,"Collision with vehicle","Saturday","Day",2,4,"Cross intersection",2,75,"A",2009,"SEDAN","HONDA","Car","M",22,"22-25","Drivers"
"T20190002536","9/2/19",19:40:00,"Collision with vehicle","Saturday","Day",2,4,"Cross intersection",2,75,"B",2002,"VAN","TOYOTA","Panel Van","M",35,"30-39","Drivers"
"T20190002539","9/2/19",17:30:00,"Struck Pedestrian","Saturday","Day",1,2,"Not at intersection",2,60,"A",1989,"UTIL","HOLDEN","Utility","M",24,"22-25","Drivers"
"T20190002540","10/2/19",01:00:00,"Collision with a fixed object","Sunday","Dark No street lights",1,1,"T intersection",2,100,"A",2009,"SEDAN","TOYOTA","Car","M",27,"26-29","Drivers"
"T20190002542","9/2/19",22:08:00,"Collision with vehicle","Saturday","Dark Street lights on",3,8,"Cross intersection",3,50,"A",2007,"SEDAN","HONDA","Car","M",21,"17-21","Drivers"
"T20190002542","9/2/19",22:08:00,"Collision with vehicle","Saturday","Dark Street lights on",3,8,"Cross intersection",3,50,"B",2011,"UTIL","TOYOTA","Utility","F",40,"40-49","Drivers"
"T20190002542","9/2/19",22:08:00,"Collision with vehicle","Saturday","Dark Street lights on",3,8,"Cross intersection",3,50,"C",2011,"SEDAN","TOYOTA","Car","M",61,"60-64","Drivers"
"T20190002543","10/2/19",00:45:00,"Collision with vehicle","Sunday","Dark Street lights on",2,2,"Cross intersection",2,50,"A",2016,"TOURER","B M W","Car","F",21,"17-21","Drivers"
"T20190002547","10/2/19",05:00:00,"Collision with a fixed object","Sunday","Dark Street lights on",1,1,"T intersection",3,60,"A",2001,"WAGON","MITSUB","Station Wagon","F",35,"30-39","Drivers"
"T20190002552","9/2/19",16:28:00,"Collision with vehicle","Saturday","Day",2,3,"Not at intersection",2,110,"A",2017,"SEDAN","FORD","Car","F",16,"16-17","Drivers"
"T20190002552","9/2/19",16:28:00,"Collision with vehicle","Saturday","Day",2,3,"Not at intersection",2,110,"B",1988,"TRAY","MERC B","Light Commercial Vehicle (Rigid) <= 4.5 Tonnes GVM","M",41,"40-49","Drivers"
"T20190002554","10/2/19",09:35:00,"Collision with vehicle","Sunday","Day",2,3,"T intersection",2,100,"A",1995,"SEDAN","TOYOTA","Car","F",23,"22-25","Drivers"
"T20190002554","10/2/19",09:35:00,"Collision with vehicle","Sunday","Day",2,3,"T intersection",2,100,"B",2018,"SEDAN","FORD","Car","F",35,"30-39","Drivers"
"T20190002555","10/2/19",10:50:00,"Collision with vehicle","Sunday","Day",2,2,"T intersection",3,60,"A",2016,"SEDAN","TOYOTA","Car","F",66,"64-69","Drivers"
"T20190002555","10/2/19",10:50:00,"Collision with vehicle","Sunday","Day",2,2,"T intersection",3,60,"B",2018,"SEDAN","TOYOTA","Car","F",19,"17-21","Drivers"
"T20190002558","10/2/19",10:30:00,"Collision with vehicle","Sunday","Day",2,3,"Cross intersection",2,80,"A",2007,"SEDAN","VOLKS","Car","F",19,"17-21","Drivers"
"T20190002558","10/2/19",10:30:00,"Collision with vehicle","Sunday","Day",2,3,"Cross intersection",2,80,"B",2004,"WAGON","TOYOTA","Station Wagon","F",47,"40-49","Drivers"
"T20190002559","10/2/19",12:30:00,"Collision with vehicle","Sunday","Day",3,3,"T intersection",2,60,"A",2011,"WAGON","B M W","Station Wagon","F",51,"50-59","Drivers"
"T20190002559","10/2/19",12:30:00,"Collision with vehicle","Sunday","Day",3,3,"T intersection",2,60,"B",2012,"SEDAN","HONDA","Car","F",77,"70+","Drivers"
"T20190002563","10/2/19",09:40:00,"Collision with vehicle","Sunday","Day",2,2,"T intersection",2,60,"A",2017,"SEDAN","HOLDEN","Car","M",74,"70+","Drivers"
"T20190002563","10/2/19",09:40:00,"Collision with vehicle","Sunday","Day",2,2,"T intersection",2,60,"B",2002,"SEDAN","KIA","Car","M",28,"26-29","Drivers"
"T20190002564","9/2/19",23:00:00,"Collision with a fixed object","Saturday","Dark No street lights",1,1,"Not at intersection",2,100,"A",2003,"SEDAN","HONDA","Car","F",20,"17-21","Drivers"
"T20190002565","10/2/19",08:00:00,"Collision with vehicle","Sunday","Day",2,2,"Cross intersection",3,70,"A",1954,"RDSTR","AUSTIN","Car","M",76,"70+","Drivers"
"T20190002565","10/2/19",08:00:00,"Collision with vehicle","Sunday","Day",2,2,"Cross intersection",3,70,"B",2018,"SEDAN","MAZDA","Car","M",24,"22-25","Drivers"
"T20190002568","10/2/19",14:00:00,"Collision with vehicle","Sunday","Day",2,3,"Cross intersection",3,60,"A",2016,"WAGON","NISSAN","Car","M",29,"26-29","Drivers"
"T20190002568","10/2/19",14:00:00,"Collision with vehicle","Sunday","Day",2,3,"Cross intersection",3,60,"B",2015,"WAGON","TOYOTA","Car","M",39,"30-39","Drivers"
"T20190002569","10/2/19",12:20:00,"Struck Pedestrian","Sunday","Day",1,3,"T intersection",2,50,"A",2014,"WAGON","TOYOTA","Station Wagon","F",44,"40-49","Drivers"
"T20190002571","9/2/19",15:40:00,"Collision with vehicle","Saturday","Day",2,6,"Not at intersection",3,40,"A",0,"S WAG","UNKN","Station Wagon","M",42,"40-49","Drivers"
"T20190002571","9/2/19",15:40:00,"Collision with vehicle","Saturday","Day",2,6,"Not at intersection",3,40,"B",2015,"WAGON","MAZDA","Station Wagon","M",37,"30-39","Drivers"
"T20190002574","10/2/19",15:15:00,"Collision with vehicle","Sunday","Day",2,4,"T intersection",3,100,"A",2002,"VAN","TOYOTA","Panel Van","M",54,"50-59","Drivers"
"T20190002574","10/2/19",15:15:00,"Collision with vehicle","Sunday","Day",2,4,"T intersection",3,100,"B",1967,"SEDAN","FORD","Car","M",50,"50-59","Drivers"
"T20190002576","10/2/19",10:50:00,"Collision with vehicle","Sunday","Day",5,7,"T intersection",1,100,"B",2015,"WAGON","MITSUB","Station Wagon","M",54,"50-59","Drivers"
"T20190002576","10/2/19",10:50:00,"Collision with vehicle","Sunday","Day",5,7,"T intersection",1,100,"C",2009,"SEDAN","SUZUKI","Car","M",19,"17-21","Drivers"
"T20190002576","10/2/19",10:50:00,"Collision with vehicle","Sunday","Day",5,7,"T intersection",1,100,"D",2003,"SEDAN","MITSUB","Car","F",19,"17-21","Drivers"
"T20190002576","10/2/19",10:50:00,"Collision with vehicle","Sunday","Day",5,7,"T intersection",1,100,"E",2012,"WAGON","TOYOTA","Station Wagon","F",57,"50-59","Drivers"
"T20190002579","10/2/19",17:45:00,"Struck Pedestrian","Sunday","Day",1,2,"Not at intersection",2,60,"A",2009,"SEDAN","HOLDEN","Car","F",22,"22-25","Drivers"
"T20190002581","10/2/19",18:00:00,"Collision with vehicle","Sunday","Dusk/Dawn",2,4,"T intersection",3,70,"A",2007,"SEDAN","HONDA","Car","M",37,"30-39","Drivers"
"T20190002581","10/2/19",18:00:00,"Collision with vehicle","Sunday","Dusk/Dawn",2,4,"T intersection",3,70,"B",2015,"S WAG","HOLDEN","Station Wagon","F",50,"50-59","Drivers"
"T20190002586","10/2/19",18:15:00,"Collision with vehicle","Sunday","Day",2,3,"T intersection",3,60,"A",2015,"BUS","TOYOTA","Bus/Coach","U",NA,"unknown","Drivers"
"T20190002586","10/2/19",18:15:00,"Collision with vehicle","Sunday","Day",2,3,"T intersection",3,60,"B",2015,"UTIL","NISSAN","Utility","U",NA,"unknown","Drivers"
"T20190002587","10/2/19",02:45:00,"Vehicle overturned (no collision)","Sunday","Dark No street lights",1,3,"Not at intersection",3,100,"A",2015,"UTIL","MITSUB","Utility","M",20,"17-21","Drivers"
"T20190002590","10/2/19",18:00:00,"Collision with a fixed object","Sunday","Day",1,1,"Not at intersection",3,100,"A",2006,"DC UTE","NISSAN","Utility","F",20,"17-21","Drivers"
"T20190002591","10/2/19",18:40:00,"Vehicle overturned (no collision)","Sunday","Day",1,2,"Not at intersection",2,60,"A",2009,"DC UTE","FORD","Utility","M",17,"16-17","Drivers"
"T20190002592","10/2/19",20:00:00,"Collision with a fixed object","Sunday","Day",1,5,"Cross intersection",2,100,"A",2001,"SEDAN","KIA","Car","M",70,"70+","Drivers"
"T20190002593","10/2/19",21:30:00,"Collision with vehicle","Sunday","Dark Street lights on",2,4,"Cross intersection",3,60,"A",2017,"WAGON","MAZDA","Station Wagon","F",22,"22-25","Drivers"
"T20190002593","10/2/19",21:30:00,"Collision with vehicle","Sunday","Dark Street lights on",2,4,"Cross intersection",3,60,"B",2000,"SEDAN","FORD","Car","F",21,"17-21","Drivers"
"T20190002598","6/2/19",21:50:00,"Collision with a fixed object","Wednesday","Dark Street lights on",1,1,"Not at intersection",2,70,"A",2011,"SEDAN","NISSAN","Car","M",74,"70+","Drivers"
"T20190002600","11/2/19",06:00:00,"Collision with vehicle","Monday","Dusk/Dawn",2,2,"Not at intersection",2,80,"A",2007,"SEDAN","HOLDEN","Car","M",54,"50-59","Drivers"
"T20190002600","11/2/19",06:00:00,"Collision with vehicle","Monday","Dusk/Dawn",2,2,"Not at intersection",2,80,"B",0,"P MVR","UNKN","Prime Mover - Single Trailer","U",NA,"unknown","Drivers"
"T20190002601","11/2/19",06:40:00,"Collision with vehicle","Monday","Dusk/Dawn",2,2,"Cross intersection",3,60,"A",2015,"WAGON","NISSAN","Station Wagon","F",67,"64-69","Drivers"
"T20190002604","11/2/19",08:00:00,"Collision with vehicle","Monday","Day",4,4,"Not at intersection",2,100,"A",2009,"S WAG","HOLDEN","Station Wagon","F",31,"30-39","Drivers"
"T20190002604","11/2/19",08:00:00,"Collision with vehicle","Monday","Day",4,4,"Not at intersection",2,100,"B",2016,"SEDAN","TOYOTA","Car","F",56,"50-59","Drivers"
"T20190002604","11/2/19",08:00:00,"Collision with vehicle","Monday","Day",4,4,"Not at intersection",2,100,"C",2006,"RDSTR","PEUG","Car","F",60,"60-64","Drivers"
"T20190002604","11/2/19",08:00:00,"Collision with vehicle","Monday","Day",4,4,"Not at intersection",2,100,"D",2001,"SEDAN","HOLDEN","Car","M",43,"40-49","Drivers"
"T20190002605","10/2/19",19:30:00,"Collision with vehicle","Sunday","Day",2,4,"Not at intersection",2,60,"A",0,"SEDAN","FORD","Car","F",51,"50-59","Drivers"
"T20190002605","10/2/19",19:30:00,"Collision with vehicle","Sunday","Day",2,4,"Not at intersection",2,60,"B",1999,"SEDAN","HOLDEN","Car","M",46,"40-49","Drivers"
"T20190002606","11/2/19",07:45:00,"Struck Pedestrian","Monday","Dusk/Dawn",1,2,"Not at intersection",3,50,"A",2013,"SEDAN","HOLDEN","Car","F",62,"60-64","Drivers"
"T20190002607","5/2/19",16:03:00,"Collision with vehicle","Tuesday","Day",2,3,"T intersection",3,60,"A",2017,"WAGON","FORD","Station Wagon","M",66,"64-69","Drivers"
"T20190002607","5/2/19",16:03:00,"Collision with vehicle","Tuesday","Day",2,3,"T intersection",3,60,"B",1997,"SEDAN","HONDA","Car","F",26,"26-29","Drivers"
"T20190002609","11/2/19",08:40:00,"Collision with vehicle","Monday","Day",2,2,"Cross intersection",2,60,"A",2000,"UTIL","TOYOTA","Utility","M",82,"70+","Drivers"
"T20190002609","11/2/19",08:40:00,"Collision with vehicle","Monday","Day",2,2,"Cross intersection",2,60,"B",2000,"WAGON","NISSAN","Station Wagon","M",63,"60-64","Drivers"
"T20190002610","11/2/19",09:55:00,"Struck Pedestrian","Monday","Day",1,3,"Not at intersection",2,50,"A",2013,"SEDAN","FORD","Taxi","M",59,"50-59","Drivers"
"T20190002611","11/2/19",06:55:00,"Collision with vehicle","Monday","Day",2,2,"T intersection",3,100,"B",1996,"TRAY","TOYOTA","Light Commercial Vehicle (Rigid) <= 4.5 Tonnes GVM","F",56,"50-59","Drivers"
"T20190002611","11/2/19",06:55:00,"Collision with vehicle","Monday","Day",2,2,"T intersection",3,100,"C",1998,"UTIL","HOLDEN","Utility","M",18,"17-21","Drivers"
"T20190002612","11/2/19",08:25:00,"Collision with vehicle","Monday","Day",2,4,"Not at intersection",3,90,"A",2001,"WAGON","MAZDA","Station Wagon","F",52,"50-59","Drivers"
"T20190002612","11/2/19",08:25:00,"Collision with vehicle","Monday","Day",2,4,"Not at intersection",3,90,"B",2011,"WAGON","TOYOTA","Car","M",39,"30-39","Drivers"
"T20190002613","11/2/19",08:50:00,"Collision with vehicle","Monday","Day",2,2,"T intersection",2,60,"A",2016,"VAN","MERC B","Panel Van","M",66,"64-69","Drivers"
"T20190002613","11/2/19",08:50:00,"Collision with vehicle","Monday","Day",2,2,"T intersection",2,60,"B",2011,"DC UTE","MAZDA","Utility","M",41,"40-49","Drivers"
"T20190002614","11/2/19",08:38:00,"Collision with vehicle","Monday","Day",2,6,"Not at intersection",3,60,"A",2014,"WAGON","NISSAN","Station Wagon","F",30,"30-39","Drivers"
"T20190002614","11/2/19",08:38:00,"Collision with vehicle","Monday","Day",2,6,"Not at intersection",3,60,"B",2001,"SEDAN","HOLDEN","Car","M",46,"40-49","Drivers"
"T20190002615","11/2/19",08:22:00,"Collision with a fixed object","Monday","Day",1,2,"Not at intersection",3,100,"A",1995,"SEDAN","FORD","Car","F",37,"30-39","Drivers"
"T20190002618","11/2/19",10:05:00,"Collision with vehicle","Monday","Day",2,3,"Cross intersection",3,80,"A",2009,"WAGON","HOLDEN","Station Wagon","F",52,"50-59","Drivers"
"T20190002618","11/2/19",10:05:00,"Collision with vehicle","Monday","Day",2,3,"Cross intersection",3,80,"B",0,"DC UTE","MITSUB","Utility","M",46,"40-49","Drivers"
"T20190002623","11/2/19",08:50:00,"Collision with vehicle","Monday","Day",2,2,"Not at intersection",3,60,"A",2015,"P CARR","FORD","Station Wagon","M",42,"40-49","Drivers"
"T20190002623","11/2/19",08:50:00,"Collision with vehicle","Monday","Day",2,2,"Not at intersection",3,60,"B",2007,"WAGON","KIA","Station Wagon","F",39,"30-39","Drivers"
"T20190002627","11/2/19",10:50:00,"Collision with vehicle","Monday","Day",2,2,"T intersection",3,60,"A",2005,"SEDAN","FORD","Car","M",27,"26-29","Drivers"
"T20190002628","7/2/19",15:35:00,"Collision with vehicle","Thursday","Day",2,2,"Cross intersection",3,40,"A",2005,"WAGON","KIA","Mini Bus(9-13 seats)","F",65,"64-69","Drivers"
"T20190002629","11/2/19",12:45:00,"Collision with vehicle","Monday","Day",2,2,"T intersection",2,60,"A",2018,"SEDAN","TOYOTA","Car","F",35,"30-39","Drivers"
"T20190002630","11/2/19",10:45:00,"Collision with vehicle","Monday","Day",3,3,"Not at intersection",3,40,"A",2015,"SEDAN","HOLDEN","Taxi","M",33,"30-39","Drivers"
"T20190002630","11/2/19",10:45:00,"Collision with vehicle","Monday","Day",3,3,"Not at intersection",3,40,"B",2016,"SEDAN","KIA","Car","M",42,"40-49","Drivers"
"T20190002630","11/2/19",10:45:00,"Collision with vehicle","Monday","Day",3,3,"Not at intersection",3,40,"C",2010,"VAN","MERC B","Panel Van","M",65,"64-69","Drivers"
"T20190002631","11/2/19",12:20:00,"Collision with vehicle","Monday","Day",2,3,"Not at intersection",3,100,"A",2018,"WAGON","NISSAN","Station Wagon","M",47,"40-49","Drivers"
"T20190002631","11/2/19",12:20:00,"Collision with vehicle","Monday","Day",2,3,"Not at intersection",3,100,"B",2003,"WAGON","HOLDEN","Station Wagon","M",80,"70+","Drivers"
"T20190002635","11/2/19",07:00:00,"Collision with vehicle","Monday","Day",2,2,"Not at intersection",3,100,"A",2003,"SED","SMART","Car","M",40,"40-49","Drivers"
"T20190002635","11/2/19",07:00:00,"Collision with vehicle","Monday","Day",2,2,"Not at intersection",3,100,"B",2017,"WAGON","HYNDAI","Station Wagon","F",57,"50-59","Drivers"
"T20190002637","11/2/19",06:30:00,"Collision with vehicle","Monday","Day",2,2,"T intersection",3,999,"A",2014,"COUPE","NISSAN","Car","M",33,"30-39","Drivers"
"T20190002638","11/2/19",12:30:00,"Vehicle overturned (no collision)","Monday","Day",1,1,"Not at intersection",2,100,"A",2009,"DC UTE","ISUZU","Utility","F",43,"40-49","Drivers"
"T20190002639","11/2/19",15:30:00,"Collision with vehicle","Monday","Day",2,3,"Not at intersection",3,40,"A",2015,"WAGON","HYNDAI","Station Wagon","F",43,"40-49","Drivers"
"T20190002639","11/2/19",15:30:00,"Collision with vehicle","Monday","Day",2,3,"Not at intersection",3,40,"B",2015,"WAGON","MAZDA","Station Wagon","F",48,"40-49","Drivers"