"ACCIDENT_NO","ACCIDENTDATE","ACCIDENTTIME","Accident Type Desc","Day Week Description","Light Condition Desc","NO_OF_VEHICLES","NO_PERSONS","Road Geometry Desc","SEVERITY","SPEED_ZONE","VEHICLE_ID","VEHICLE_YEAR_MANUF","VEHICLE_BODY_STYLE","VEHICLE_MAKE","Vehicle Type Desc","SEX","AGE","Age Group","Road User Type Desc"
"T20190002640","11/2/19",14:40:00,"Collision with vehicle","Monday","Day",2,2,"T intersection",3,60,"A",2015,"WAGON","HYNDAI","Car","F",39,"30-39","Drivers"
"T20190002646","11/2/19",16:00:00,"Collision with vehicle","Monday","Day",2,2,"Not at intersection",3,50,"A",2018,"WAGON","NISSAN","Station Wagon","F",35,"30-39","Drivers"
"T20190002647","30/1/19",16:10:00,"Collision with vehicle","Wednesday","Day",2,2,"Not at intersection",3,60,"B",2004,"SEDAN","HOLDEN","Car","F",50,"50-59","Drivers"
"T20190002649","11/2/19",16:40:00,"Collision with vehicle","Monday","Day",2,2,"T intersection",2,60,"A",2014,"COUPE","HYNDAI","Car","M",72,"70+","Drivers"
"T20190002650","11/2/19",16:05:00,"Collision with vehicle","Monday","Day",3,7,"Cross intersection",3,70,"A",2005,"WAGON","MITSUB","Station Wagon","F",44,"40-49","Drivers"
"T20190002650","11/2/19",16:05:00,"Collision with vehicle","Monday","Day",3,7,"Cross intersection",3,70,"B",2012,"SEDAN","FORD","Taxi","M",27,"26-29","Drivers"
"T20190002650","11/2/19",16:05:00,"Collision with vehicle","Monday","Day",3,7,"Cross intersection",3,70,"C",2004,"WAGON","KIA","Station Wagon","F",40,"40-49","Drivers"
"T20190002651","11/2/19",15:34:00,"Collision with vehicle","Monday","Day",2,2,"Cross intersection",2,70,"A",1998,"SEDAN","TOYOTA","Car","M",85,"70+","Drivers"
"T20190002651","11/2/19",15:34:00,"Collision with vehicle","Monday","Day",2,2,"Cross intersection",2,70,"B",1997,"SEDAN","FORD","Car","M",60,"60-64","Drivers"
"T20190002658","11/2/19",23:19:00,"Collision with vehicle","Monday","Dark Street lights on",2,3,"Cross intersection",3,60,"A",1998,"SEDAN","FORD","Car","M",48,"40-49","Drivers"
"T20190002658","11/2/19",23:19:00,"Collision with vehicle","Monday","Dark Street lights on",2,3,"Cross intersection",3,60,"B",2006,"SED","B M W","Car","F",19,"17-21","Drivers"
"T20190002661","12/2/19",00:50:00,"Collision with a fixed object","Tuesday","Dark No street lights",1,1,"Not at intersection",2,80,"A",1997,"SEDAN","MAZDA","Car","M",30,"30-39","Drivers"
"T20190002663","11/2/19",16:20:00,"Collision with vehicle","Monday","Day",4,4,"T intersection",3,50,"A",2002,"SEDAN","HOLDEN","Car","F",20,"17-21","Drivers"
"T20190002663","11/2/19",16:20:00,"Collision with vehicle","Monday","Day",4,4,"T intersection",3,50,"B",2008,"SEDAN","TOYOTA","Car","F",26,"26-29","Drivers"
"T20190002663","11/2/19",16:20:00,"Collision with vehicle","Monday","Day",4,4,"T intersection",3,50,"C",2004,"WAGON","NISSAN","Station Wagon","M",26,"26-29","Drivers"
"T20190002668","12/2/19",08:15:00,"Collision with vehicle","Tuesday","Day",2,2,"Cross intersection",3,60,"A",2017,"WAGON","HOLDEN","Station Wagon","F",64,"60-64","Drivers"
"T20190002668","12/2/19",08:15:00,"Collision with vehicle","Tuesday","Day",2,2,"Cross intersection",3,60,"B",2007,"WAGON","KIA","Station Wagon","M",28,"26-29","Drivers"
"T20190002670","12/2/19",08:55:00,"Collision with vehicle","Tuesday","Day",2,4,"T intersection",3,60,"A",1997,"SEDAN","NISSAN","Car","M",17,"16-17","Drivers"
"T20190002670","12/2/19",08:55:00,"Collision with vehicle","Tuesday","Day",2,4,"T intersection",3,60,"B",2012,"S WAG","FORD","Station Wagon","F",39,"30-39","Drivers"
"T20190002671","12/2/19",09:15:00,"Struck Pedestrian","Tuesday","Day",1,2,"Not at intersection",3,40,"A",2018,"DC UTE","NISSAN","Utility","F",50,"50-59","Drivers"
"T20190002672","12/2/19",07:24:00,"Collision with vehicle","Tuesday","Day",2,2,"T intersection",3,60,"A",2012,"SEDAN","MAZDA","Car","F",35,"30-39","Drivers"
"T20190002676","12/2/19",09:25:00,"Collision with vehicle","Tuesday","Day",2,2,"Cross intersection",2,60,"A",2015,"SEDAN","HYNDAI","Car","F",41,"40-49","Drivers"
"T20190002677","12/2/19",07:45:00,"Collision with vehicle","Tuesday","Day",2,3,"Cross intersection",2,110,"A",1992,"S WAG","TOYOTA","Station Wagon","M",58,"50-59","Drivers"
"T20190002677","12/2/19",07:45:00,"Collision with vehicle","Tuesday","Day",2,3,"Cross intersection",2,110,"B",2000,"UTIL","HOLDEN","Utility","M",88,"70+","Drivers"
"T20190002678","12/2/19",09:00:00,"Collision with vehicle","Tuesday","Day",3,4,"Not at intersection",2,80,"A",2004,"P MVR","KENWTH","Prime Mover - Single Trailer","M",61,"60-64","Drivers"
"T20190002678","12/2/19",09:00:00,"Collision with vehicle","Tuesday","Day",3,4,"Not at intersection",2,80,"B",2013,"SEDAN","B M W","Car","M",37,"30-39","Drivers"
"T20190002678","12/2/19",09:00:00,"Collision with vehicle","Tuesday","Day",3,4,"Not at intersection",2,80,"C",2016,"SEDAN","FORD","Car","M",39,"30-39","Drivers"
"T20190002680","12/2/19",09:10:00,"Collision with vehicle","Tuesday","Day",2,2,"Not at intersection",3,80,"A",2004,"SEDAN","HOLDEN","Car","F",60,"60-64","Drivers"
"T20190002680","12/2/19",09:10:00,"Collision with vehicle","Tuesday","Day",2,2,"Not at intersection",3,80,"B",2001,"SEDAN","HOLDEN","Car","F",NA,"unknown","Drivers"
"T20190002681","12/2/19",06:30:00,"Struck Pedestrian","Tuesday","Dark Street lights on",1,2,"Not at intersection",2,50,"A",2013,"SEDAN","FORD","Car","M",37,"30-39","Drivers"
"T20190002682","9/1/19",16:21:00,"Collision with vehicle","Wednesday","Day",2,3,"Not at intersection",3,60,"A",2012,"WAGON","HOLDEN","Station Wagon","F",51,"50-59","Drivers"
"T20190002682","9/1/19",16:21:00,"Collision with vehicle","Wednesday","Day",2,3,"Not at intersection",3,60,"B",2004,"TRAY","TOYOTA","Light Commercial Vehicle (Rigid) <= 4.5 Tonnes GVM","M",36,"30-39","Drivers"
"T20190002683","12/2/19",10:58:00,"Collision with vehicle","Tuesday","Day",2,3,"Not at intersection",2,60,"A",2002,"UTIL","FORD","Utility","M",52,"50-59","Drivers"
"T20190002683","12/2/19",10:58:00,"Collision with vehicle","Tuesday","Day",2,3,"Not at intersection",2,60,"B",2014,"SEDAN","TOYOTA","Taxi","M",37,"30-39","Drivers"
"T20190002685","12/2/19",11:05:00,"Collision with a fixed object","Tuesday","Day",1,2,"Not at intersection",3,80,"A",2005,"WAGON","HYNDAI","Station Wagon","M",28,"26-29","Drivers"
"T20190002688","12/2/19",11:35:00,"Collision with vehicle","Tuesday","Day",2,2,"T intersection",3,70,"A",2009,"SEDAN","LEXUS","Car","F",20,"17-21","Drivers"
"T20190002689","12/2/19",08:00:00,"Vehicle overturned (no collision)","Tuesday","Day",1,1,"Not at intersection",3,60,"A",2014,"SEDAN","SUBARU","Car","F",40,"40-49","Drivers"
"T20190002690","12/2/19",13:20:00,"Collision with vehicle","Tuesday","Day",2,3,"T intersection",3,60,"A",2006,"SEDAN","TOYOTA","Car","M",81,"70+","Drivers"
"T20190002690","12/2/19",13:20:00,"Collision with vehicle","Tuesday","Day",2,3,"T intersection",3,60,"B",2010,"UTIL","FORD","Utility","M",59,"50-59","Drivers"
"T20190002695","10/2/19",12:00:00,"Collision with vehicle","Sunday","Day",2,2,"Not at intersection",3,999,"A",2005,"SEDAN","MAZDA","Car","F",20,"17-21","Drivers"
"T20190002695","10/2/19",12:00:00,"Collision with vehicle","Sunday","Day",2,2,"Not at intersection",3,999,"B",1999,"SEDAN","NISSAN","Car","M",32,"30-39","Drivers"
"T20190002696","12/2/19",13:10:00,"Collision with vehicle","Tuesday","Day",2,3,"T intersection",3,70,"A",2012,"P MVR","KENWTH","Prime Mover Only","M",31,"30-39","Drivers"
"T20190002696","12/2/19",13:10:00,"Collision with vehicle","Tuesday","Day",2,3,"T intersection",3,70,"B",2009,"SEDAN","HYNDAI","Car","F",32,"30-39","Drivers"
"T20190002697","14/1/19",17:30:00,"Collision with a fixed object","Monday","Day",1,2,"Not at intersection",3,100,"A",2009,"DC UTE","TOYOTA","Utility","M",26,"26-29","Drivers"
"T20190002699","12/2/19",11:45:00,"Collision with a fixed object","Tuesday","Day",1,1,"Not at intersection",3,100,"A",2006,"S WAG","FORD","Station Wagon","F",48,"40-49","Drivers"
"T20190002700","12/2/19",15:30:00,"Collision with vehicle","Tuesday","Day",2,2,"T intersection",3,60,"A",2008,"SEDAN","TOYOTA","Car","F",20,"17-21","Drivers"
"T20190002700","12/2/19",15:30:00,"Collision with vehicle","Tuesday","Day",2,2,"T intersection",3,60,"B",1996,"SEDAN","TOYOTA","Car","F",29,"26-29","Drivers"
"T20190002702","12/2/19",14:30:00,"Collision with a fixed object","Tuesday","Day",1,1,"Not at intersection",3,60,"A",1999,"SEDAN","TOYOTA","Car","F",66,"64-69","Drivers"
"T20190002703","12/2/19",14:05:00,"Collision with a fixed object","Tuesday","Day",1,2,"Not at intersection",2,80,"A",2008,"UTIL","HOLDEN","Utility","M",24,"22-25","Drivers"
"T20190002704","12/2/19",15:51:00,"Collision with vehicle","Tuesday","Day",3,9,"Not at intersection",3,50,"A",2015,"WAGON","NISSAN","Station Wagon","F",38,"30-39","Drivers"
"T20190002704","12/2/19",15:51:00,"Collision with vehicle","Tuesday","Day",3,9,"Not at intersection",3,50,"B",2015,"WAGON","L ROV","Station Wagon","F",43,"40-49","Drivers"
"T20190002704","12/2/19",15:51:00,"Collision with vehicle","Tuesday","Day",3,9,"Not at intersection",3,50,"C",2018,"SEDAN","HYNDAI","Car","F",35,"30-39","Drivers"
"T20190002706","12/2/19",14:25:00,"Collision with vehicle","Tuesday","Day",3,4,"Not at intersection",2,80,"A",2002,"SEDAN","FORD","Car","F",45,"40-49","Drivers"
"T20190002706","12/2/19",14:25:00,"Collision with vehicle","Tuesday","Day",3,4,"Not at intersection",2,80,"B",2011,"SEDAN","FORD","Car","F",40,"40-49","Drivers"
"T20190002706","12/2/19",14:25:00,"Collision with vehicle","Tuesday","Day",3,4,"Not at intersection",2,80,"C",2008,"SEDAN","MAZDA","Car","M",48,"40-49","Drivers"
"T20190002707","12/2/19",16:30:00,"Collision with vehicle","Tuesday","Day",2,2,"Not at intersection",3,80,"A",1997,"VAN","VOLKS","Panel Van","M",73,"70+","Drivers"
"T20190002707","12/2/19",16:30:00,"Collision with vehicle","Tuesday","Day",2,2,"Not at intersection",3,80,"B",2017,"SEDAN","MERC B","Car","M",61,"60-64","Drivers"
"T20190002708","12/2/19",15:47:00,"Collision with vehicle","Tuesday","Day",3,6,"T intersection",2,60,"A",1991,"S WAG","L ROV","Station Wagon","M",58,"50-59","Drivers"
"T20190002708","12/2/19",15:47:00,"Collision with vehicle","Tuesday","Day",3,6,"T intersection",2,60,"B",1996,"WAGON","TOYOTA","Station Wagon","M",27,"26-29","Drivers"
"T20190002708","12/2/19",15:47:00,"Collision with vehicle","Tuesday","Day",3,6,"T intersection",2,60,"C",2006,"SEDAN","TOYOTA","Car","M",37,"30-39","Drivers"
"T20190002711","12/2/19",17:34:00,"Collision with vehicle","Tuesday","Day",2,3,"T intersection",3,60,"A",2012,"SEDAN","MERC B","Car","M",82,"70+","Drivers"
"T20190002711","12/2/19",17:34:00,"Collision with vehicle","Tuesday","Day",2,3,"T intersection",3,60,"B",2009,"SEDAN","HONDA","Car","M",23,"22-25","Drivers"
"T20190002712","12/2/19",16:54:00,"Collision with vehicle","Tuesday","Day",3,3,"T intersection",2,50,"A",2012,"SEDAN","HOLDEN","Car","M",42,"40-49","Drivers"
"T20190002712","12/2/19",16:54:00,"Collision with vehicle","Tuesday","Day",3,3,"T intersection",2,50,"B",2018,"TIPPER","VOLVO","Heavy Vehicle (Rigid) > 4.5 Tonnes","M",42,"40-49","Drivers"
"T20190002712","12/2/19",16:54:00,"Collision with vehicle","Tuesday","Day",3,3,"T intersection",2,50,"C",1991,"UTIL","FORD","Utility","M",62,"60-64","Drivers"
"T20190002713","12/2/19",17:33:00,"Collision with vehicle","Tuesday","Day",3,4,"Not at intersection",3,70,"A",2014,"SEDAN","TOYOTA","Car","M",23,"22-25","Drivers"
"T20190002713","12/2/19",17:33:00,"Collision with vehicle","Tuesday","Day",3,4,"Not at intersection",3,70,"B",2012,"SEDAN","TOYOTA","Car","F",33,"30-39","Drivers"
"T20190002713","12/2/19",17:33:00,"Collision with vehicle","Tuesday","Day",3,4,"Not at intersection",3,70,"D",2013,"VAN","TOYOTA","Panel Van","M",35,"30-39","Drivers"
"T20190002717","12/2/19",17:31:00,"Collision with vehicle","Tuesday","Day",3,3,"T intersection",3,70,"A",2013,"WAGON","SUZUKI","Station Wagon","F",33,"30-39","Drivers"
"T20190002717","12/2/19",17:31:00,"Collision with vehicle","Tuesday","Day",3,3,"T intersection",3,70,"B",2011,"P VAN","TOYOTA","Panel Van","M",22,"22-25","Drivers"
"T20190002717","12/2/19",17:31:00,"Collision with vehicle","Tuesday","Day",3,3,"T intersection",3,70,"C",2003,"SEDAN","TOYOTA","Car","F",41,"40-49","Drivers"
"T20190002721","12/2/19",18:53:00,"Collision with vehicle","Tuesday","Day",2,2,"Not at intersection",2,80,"A",2003,"SEDAN","B M W","Car","M",18,"17-21","Drivers"
"T20190002721","12/2/19",18:53:00,"Collision with vehicle","Tuesday","Day",2,2,"Not at intersection",2,80,"B",2008,"SEDAN","HYNDAI","Car","F",23,"22-25","Drivers"
"T20190002722","12/2/19",06:40:00,"Collision with vehicle","Tuesday","Day",2,2,"T intersection",3,60,"A",2011,"VAN","TOYOTA","Panel Van","M",53,"50-59","Drivers"
"T20190002722","12/2/19",06:40:00,"Collision with vehicle","Tuesday","Day",2,2,"T intersection",3,60,"B",2006,"SEDAN","SUZUKI","Car","F",29,"26-29","Drivers"
"T20190002724","12/2/19",20:55:00,"Struck Pedestrian","Tuesday","Dark Street lights on",1,2,"Not at intersection",3,80,"A",2004,"SED","MITSUB","Car","M",56,"50-59","Drivers"
"T20190002726","12/2/19",17:50:00,"Collision with vehicle","Tuesday","Day",2,2,"T intersection",2,60,"A",2008,"UTIL","HOLDEN","Utility","F",35,"30-39","Drivers"
"T20190002726","12/2/19",17:50:00,"Collision with vehicle","Tuesday","Day",2,2,"T intersection",2,60,"B",2003,"SEDAN","TOYOTA","Car","M",31,"30-39","Drivers"
"T20190002727","12/2/19",20:34:00,"Collision with vehicle","Tuesday","Dark Street lights on",3,4,"Cross intersection",3,50,"A",2008,"SEDAN","HOLDEN","Car","F",31,"30-39","Drivers"
"T20190002727","12/2/19",20:34:00,"Collision with vehicle","Tuesday","Dark Street lights on",3,4,"Cross intersection",3,50,"B",2008,"WAGON","HOLDEN","Station Wagon","M",19,"17-21","Drivers"
"T20190002727","12/2/19",20:34:00,"Collision with vehicle","Tuesday","Dark Street lights on",3,4,"Cross intersection",3,50,"C",2017,"SEDAN","HONDA","Car","F",69,"64-69","Drivers"
"T20190002735","12/2/19",13:00:00,"Collision with vehicle","Tuesday","Day",2,3,"Not at intersection",2,50,"A",2006,"SEDAN","HOLDEN","Car","M",45,"40-49","Drivers"
"T20190002735","12/2/19",13:00:00,"Collision with vehicle","Tuesday","Day",2,3,"Not at intersection",2,50,"B",2017,"SEDAN","VOLKS","Car","F",27,"26-29","Drivers"
"T20190002737","13/2/19",05:59:00,"Collision with vehicle","Wednesday","Dark Street lights unknown",2,2,"Not at intersection",2,70,"A",2016,"WAGON","HONDA","Station Wagon","M",38,"30-39","Drivers"
"T20190002738","30/1/19",17:40:00,"Collision with vehicle","Wednesday","Dusk/Dawn",2,5,"Y intersection",3,100,"A",2017,"SEDAN","SUZUKI","Car","M",19,"17-21","Drivers"
"T20190002738","30/1/19",17:40:00,"Collision with vehicle","Wednesday","Dusk/Dawn",2,5,"Y intersection",3,100,"B",1995,"S WAG","HOLDEN","Station Wagon","M",21,"17-21","Drivers"
"T20190002740","13/2/19",08:30:00,"Struck Pedestrian","Wednesday","Day",1,2,"Not at intersection",2,50,"A",2008,"SEDAN","TOYOTA","Car","F",22,"22-25","Drivers"
"T20190002742","13/2/19",06:17:00,"Collision with vehicle","Wednesday","Dusk/Dawn",2,2,"Cross intersection",3,60,"B",2006,"VAN","TOYOTA","Panel Van","M",57,"50-59","Drivers"
"T20190002744","13/2/19",08:15:00,"Collision with vehicle","Wednesday","Day",3,4,"Not at intersection",2,100,"A",2010,"SEDAN","KIA","Car","F",22,"22-25","Drivers"
"T20190002744","13/2/19",08:15:00,"Collision with vehicle","Wednesday","Day",3,4,"Not at intersection",2,100,"B",1994,"UTIL","HOLDEN","Utility","M",67,"64-69","Drivers"
"T20190002744","13/2/19",08:15:00,"Collision with vehicle","Wednesday","Day",3,4,"Not at intersection",2,100,"C",2007,"SEDAN","HYNDAI","Car","M",39,"30-39","Drivers"
"T20190002745","13/2/19",07:30:00,"Collision with vehicle","Wednesday","Dusk/Dawn",2,2,"Not at intersection",2,60,"A",2017,"WAGON","HOLDEN","Station Wagon","F",38,"30-39","Drivers"
"T20190002746","13/2/19",09:25:00,"Collision with vehicle","Wednesday","Day",2,2,"T intersection",2,100,"A",1960,"RDSTR","TRIUMP","Car","M",62,"60-64","Drivers"
"T20190002746","13/2/19",09:25:00,"Collision with vehicle","Wednesday","Day",2,2,"T intersection",2,100,"B",2006,"SEDAN","KIA","Car","F",75,"70+","Drivers"
"T20190002748","13/2/19",07:57:00,"Collision with vehicle","Wednesday","Day",2,2,"Cross intersection",1,100,"A",2009,"WAGON","HOLDEN","Station Wagon","F",61,"60-64","Drivers"
"T20190002748","13/2/19",07:57:00,"Collision with vehicle","Wednesday","Day",2,2,"Cross intersection",1,100,"B",2006,"DC UTE","NISSAN","Utility","M",22,"22-25","Drivers"
"T20190002750","13/2/19",10:45:00,"Collision with vehicle","Wednesday","Day",2,2,"Cross intersection",3,50,"A",2002,"SEDAN","FORD","Car","F",20,"17-21","Drivers"
"T20190002750","13/2/19",10:45:00,"Collision with vehicle","Wednesday","Day",2,2,"Cross intersection",3,50,"B",1993,"WAGON","NISSAN","Station Wagon","M",68,"64-69","Drivers"
"T20190002752","13/2/19",08:55:00,"Collision with vehicle","Wednesday","Day",2,3,"Cross intersection",3,60,"A",2003,"S WAG","HONDA","Station Wagon","F",66,"64-69","Drivers"
"T20190002752","13/2/19",08:55:00,"Collision with vehicle","Wednesday","Day",2,3,"Cross intersection",3,60,"B",2003,"SEDAN","TOYOTA","Car","M",72,"70+","Drivers"
"T20190002756","4/2/19",18:00:00,"Struck Pedestrian","Monday","Day",1,2,"Not at intersection",3,50,"A",2009,"SEDAN","TOYOTA","Car","M",48,"40-49","Drivers"
"T20190002759","12/2/19",21:30:00,"Collision with vehicle","Tuesday","Dark Street lights on",2,2,"T intersection",3,60,"A",2014,"SEDAN","HOLDEN","Car","M",21,"17-21","Drivers"
"T20190002759","12/2/19",21:30:00,"Collision with vehicle","Tuesday","Dark Street lights on",2,2,"T intersection",3,60,"B",2009,"WAGON","HOLDEN","Station Wagon","M",27,"26-29","Drivers"
"T20190002760","8/1/19",02:20:00,"Collision with vehicle","Tuesday","Dark Street lights on",2,3,"Multiple intersection",2,80,"A",2011,"DC UTE","NISSAN","Utility","F",20,"17-21","Drivers"
"T20190002760","8/1/19",02:20:00,"Collision with vehicle","Tuesday","Dark Street lights on",2,3,"Multiple intersection",2,80,"B",2010,"SEDAN","HYNDAI","Car","F",19,"17-21","Drivers"
"T20190002762","13/2/19",12:43:00,"Collision with vehicle","Wednesday","Day",2,1,"Not at intersection",2,60,"A",2017,"S WAG","VOLKS","Station Wagon","F",74,"70+","Drivers"
"T20190002764","13/2/19",11:00:00,"Collision with vehicle","Wednesday","Day",2,2,"Cross intersection",3,50,"A",2007,"UTIL","FORD","Utility","M",51,"50-59","Drivers"
"T20190002764","13/2/19",11:00:00,"Collision with vehicle","Wednesday","Day",2,2,"Cross intersection",3,50,"B",2011,"SEDAN","MAZDA","Car","M",89,"70+","Drivers"
"T20190002767","3/2/19",16:00:00,"Collision with vehicle","Sunday","Day",2,2,"Not at intersection",3,100,"A",1999,"SEDAN","AUDI","Car","F",24,"22-25","Drivers"
"T20190002767","3/2/19",16:00:00,"Collision with vehicle","Sunday","Day",2,2,"Not at intersection",3,100,"B",2009,"S WAG","FORD","Taxi","M",62,"60-64","Drivers"
"T20190002768","12/2/19",16:45:00,"Collision with vehicle","Tuesday","Day",2,2,"T intersection",3,100,"A",2005,"VAN","VOLKS","Car","M",51,"50-59","Drivers"
"T20190002768","12/2/19",16:45:00,"Collision with vehicle","Tuesday","Day",2,2,"T intersection",3,100,"B",2012,"T SDS","MITSUB","Light Commercial Vehicle (Rigid) <= 4.5 Tonnes GVM","M",29,"26-29","Drivers"
"T20190002769","12/2/19",18:45:00,"Collision with a fixed object","Tuesday","Dusk/Dawn",2,2,"Not at intersection",3,100,"A",1995,"SEDAN","FORD","Car","F",50,"50-59","Drivers"
"T20190002771","13/2/19",15:00:00,"Collision with vehicle","Wednesday","Day",2,2,"Not at intersection",3,40,"A",2006,"SEDAN","HONDA","Car","M",21,"17-21","Drivers"
"T20190002774","30/1/19",15:00:00,"Collision with vehicle","Wednesday","Day",2,2,"T intersection",3,60,"A",2004,"SEDAN","HOLDEN","Car","F",28,"26-29","Drivers"
"T20190002774","30/1/19",15:00:00,"Collision with vehicle","Wednesday","Day",2,2,"T intersection",3,60,"B",2004,"VAN","ISUZU","Light Commercial Vehicle (Rigid) <= 4.5 Tonnes GVM","M",58,"50-59","Drivers"
"T20190002776","14/1/19",08:00:00,"Collision with vehicle","Monday","Day",2,2,"Cross intersection",3,60,"A",2007,"SEDAN","FORD","Car","F",42,"40-49","Drivers"
"T20190002776","14/1/19",08:00:00,"Collision with vehicle","Monday","Day",2,2,"Cross intersection",3,60,"B",2009,"SED","LEXUS","Car","M",31,"30-39","Drivers"
"T20190002777","13/2/19",14:30:00,"Collision with vehicle","Wednesday","Day",2,2,"T intersection",2,60,"A",2018,"VAN","FORD","Panel Van","M",36,"30-39","Drivers"
"T20190002777","13/2/19",14:30:00,"Collision with vehicle","Wednesday","Day",2,2,"T intersection",2,60,"B",1992,"TRAY","MITSUB","Light Commercial Vehicle (Rigid) <= 4.5 Tonnes GVM","M",40,"40-49","Drivers"
"T20190002778","13/2/19",16:40:00,"Collision with vehicle","Wednesday","Day",3,4,"Cross intersection",3,60,"A",2018,"WAGON","SUBARU","Station Wagon","F",37,"30-39","Drivers"
"T20190002778","13/2/19",16:40:00,"Collision with vehicle","Wednesday","Day",3,4,"Cross intersection",3,60,"B",2008,"SEDAN","TOYOTA","Car","F",60,"60-64","Drivers"
"T20190002778","13/2/19",16:40:00,"Collision with vehicle","Wednesday","Day",3,4,"Cross intersection",3,60,"C",2008,"TRAY","TOYOTA","Light Commercial Vehicle (Rigid) <= 4.5 Tonnes GVM","M",38,"30-39","Drivers"
"T20190002779","13/2/19",16:27:00,"Collision with vehicle","Wednesday","Day",2,2,"Not at intersection",2,60,"A",2008,"WAGON","L ROV","Station Wagon","F",67,"64-69","Drivers"
"T20190002780","13/2/19",16:00:00,"Struck Pedestrian","Wednesday","Day",1,2,"T intersection",3,50,"A",2015,"WAGON","FORD","Station Wagon","M",44,"40-49","Drivers"
"T20190002783","13/2/19",15:30:00,"Collision with a fixed object","Wednesday","Day",1,1,"Not at intersection",1,100,"A",2017,"SEDAN","HOLDEN","Car","F",49,"40-49","Drivers"
"T20190002784","12/2/19",18:15:00,"Collision with vehicle","Tuesday","Unknown",2,2,"Cross intersection",3,999,"A",2004,"SEDAN","TOYOTA","Car","F",37,"30-39","Drivers"
"T20190002784","12/2/19",18:15:00,"Collision with vehicle","Tuesday","Unknown",2,2,"Cross intersection",3,999,"B",2017,"SEDAN","AUDI","Car","F",57,"50-59","Drivers"
"T20190002785","13/2/19",15:00:00,"Struck Pedestrian","Wednesday","Day",1,2,"Cross intersection",3,60,"A",2015,"DC UTE","HOLDEN","Utility","M",50,"50-59","Drivers"
"T20190002786","13/2/19",19:00:00,"Collision with vehicle","Wednesday","Day",2,2,"Not at intersection",3,100,"A",2015,"WAGON","PORSCH","Station Wagon","F",66,"64-69","Drivers"
"T20190002786","13/2/19",19:00:00,"Collision with vehicle","Wednesday","Day",2,2,"Not at intersection",3,100,"B",2004,"COUPE","NISSAN","Car","M",62,"60-64","Drivers"
"T20190002790","13/2/19",16:05:00,"Collision with vehicle","Wednesday","Day",2,3,"Cross intersection",1,100,"A",2012,"WAGON","SUBARU","Station Wagon","F",27,"26-29","Drivers"
"T20190002790","13/2/19",16:05:00,"Collision with vehicle","Wednesday","Day",2,3,"Cross intersection",1,100,"B",1984,"P MVR","SCANIA","Prime Mover - Single Trailer","M",45,"40-49","Drivers"
"T20190002791","13/2/19",14:15:00,"Collision with a fixed object","Wednesday","Day",1,2,"Not at intersection",1,100,"A",2015,"SEDAN","HYNDAI","Car","M",87,"70+","Drivers"
"T20190002794","13/2/19",18:10:00,"Collision with vehicle","Wednesday","Day",2,3,"Cross intersection",2,80,"A",2018,"WAGON","MITSUB","Station Wagon","M",30,"30-39","Drivers"
"T20190002794","13/2/19",18:10:00,"Collision with vehicle","Wednesday","Day",2,3,"Cross intersection",2,80,"B",2005,"SEDAN","HOLDEN","Car","M",24,"22-25","Drivers"
"T20190002795","13/2/19",19:55:00,"Collision with vehicle","Wednesday","Day",2,1,"Not at intersection",3,60,"A",2005,"WAGON","FORD","Station Wagon","F",47,"40-49","Drivers"
"T20190002796","13/2/19",20:15:00,"Collision with a fixed object","Wednesday","Dusk/Dawn",1,1,"Not at intersection",3,999,"A",2004,"SEDAN","MAZDA","Car","F",18,"17-21","Drivers"
"T20190002799","13/2/19",06:30:00,"Collision with vehicle","Wednesday","Dusk/Dawn",2,4,"Not at intersection",2,100,"A",2016,"WAGON","SUBARU","Station Wagon","M",55,"50-59","Drivers"
"T20190002799","13/2/19",06:30:00,"Collision with vehicle","Wednesday","Dusk/Dawn",2,4,"Not at intersection",2,100,"B",2014,"UTIL","TOYOTA","Utility","M",18,"17-21","Drivers"
"T20190002800","13/2/19",16:35:00,"Collision with vehicle","Wednesday","Day",2,4,"Not at intersection",2,60,"A",2016,"WAGON","AUDI","Station Wagon","M",49,"40-49","Drivers"
"T20190002800","13/2/19",16:35:00,"Collision with vehicle","Wednesday","Day",2,4,"Not at intersection",2,60,"B",2006,"SEDAN","HOLDEN","Car","F",46,"40-49","Drivers"
"T20190002803","13/2/19",22:48:00,"Collision with a fixed object","Wednesday","Dark No street lights",1,1,"Not at intersection",2,100,"A",2001,"WAGON","KIA","Station Wagon","F",60,"60-64","Drivers"
"T20190002804","13/2/19",23:14:00,"Vehicle overturned (no collision)","Wednesday","Dark Street lights on",1,2,"Not at intersection",3,80,"A",2006,"WAGON","TOYOTA","Station Wagon","M",19,"17-21","Drivers"
"T20190002807","14/2/19",05:10:00,"Collision with vehicle","Thursday","Dark Street lights on",2,3,"Cross intersection",3,80,"A",2015,"UTIL","FORD","Utility","M",36,"30-39","Drivers"
"T20190002807","14/2/19",05:10:00,"Collision with vehicle","Thursday","Dark Street lights on",2,3,"Cross intersection",3,80,"B",0,"TRAY","ISUZU","Light Commercial Vehicle (Rigid) <= 4.5 Tonnes GVM","M",26,"26-29","Drivers"
"T20190002809","13/2/19",21:25:00,"Struck Pedestrian","Wednesday","Dark Street lights on",1,2,"T intersection",2,40,"A",2018,"S WAG","MAZDA","Station Wagon","M",32,"30-39","Drivers"
"T20190002810","14/2/19",06:45:00,"Collision with a fixed object","Thursday","Dusk/Dawn",1,1,"T intersection",3,60,"A",2018,"SEDAN","HONDA","Car","F",60,"60-64","Drivers"
"T20190002811","13/2/19",21:04:00,"Collision with vehicle","Wednesday","Dark No street lights",2,4,"Not at intersection",2,110,"A",2000,"WAGON","MITSUB","Station Wagon","M",42,"40-49","Drivers"