"ACCIDENT_NO","ACCIDENTDATE","ACCIDENTTIME","Accident Type Desc","Day Week Description","Light Condition Desc","NO_OF_VEHICLES","NO_PERSONS","Road Geometry Desc","SEVERITY","SPEED_ZONE","VEHICLE_ID","VEHICLE_YEAR_MANUF","VEHICLE_BODY_STYLE","VEHICLE_MAKE","Vehicle Type Desc","SEX","AGE","Age Group","Road User Type Desc"
"T20190002811","13/2/19",21:04:00,"Collision with vehicle","Wednesday","Dark No street lights",2,4,"Not at intersection",2,110,"B",2004,"UTIL","MAZDA","Utility","M",35,"30-39","Drivers"
"T20190002813","14/2/19",08:28:00,"Collision with vehicle","Thursday","Day",2,2,"Not at intersection",3,50,"A",2017,"WAGON","HYNDAI","Station Wagon","F",29,"26-29","Drivers"
"T20190002815","14/2/19",09:15:00,"Collision with vehicle","Thursday","Day",2,2,"T intersection",3,60,"A",2011,"WAGON","NISSAN","Station Wagon","M",68,"64-69","Drivers"
"T20190002816","14/2/19",07:22:00,"Collision with vehicle","Thursday","Day",2,2,"Not at intersection",3,60,"A",2001,"COUPE","DAEWOO","Car","M",26,"26-29","Drivers"
"T20190002816","14/2/19",07:22:00,"Collision with vehicle","Thursday","Day",2,2,"Not at intersection",3,60,"B",1987,"TIPPER","SCANIA","Heavy Vehicle (Rigid) > 4.5 Tonnes","M",25,"22-25","Drivers"
"T20190002817","14/2/19",07:55:00,"Collision with vehicle","Thursday","Day",2,1,"Cross intersection",3,50,"A",2014,"DC UTE","TOYOTA","Utility","M",49,"40-49","Drivers"
"T20190002818","14/2/19",09:12:00,"Collision with vehicle","Thursday","Day",4,4,"Not at intersection",3,100,"A",2017,"VAN","FUSO","Panel Van","M",34,"30-39","Drivers"
"T20190002818","14/2/19",09:12:00,"Collision with vehicle","Thursday","Day",4,4,"Not at intersection",3,100,"B",2011,"TRAY","IVECO","Heavy Vehicle (Rigid) > 4.5 Tonnes","M",52,"50-59","Drivers"
"T20190002818","14/2/19",09:12:00,"Collision with vehicle","Thursday","Day",4,4,"Not at intersection",3,100,"C",2000,"SEDAN","HOLDEN","Car","F",28,"26-29","Drivers"
"T20190002818","14/2/19",09:12:00,"Collision with vehicle","Thursday","Day",4,4,"Not at intersection",3,100,"D",2011,"WAGON","HONDA","Station Wagon","F",52,"50-59","Drivers"
"T20190002820","14/2/19",10:00:00,"Collision with vehicle","Thursday","Day",3,5,"Not at intersection",3,80,"A",2011,"WAGON","MAZDA","Car","F",27,"26-29","Drivers"
"T20190002820","14/2/19",10:00:00,"Collision with vehicle","Thursday","Day",3,5,"Not at intersection",3,80,"B",2017,"SEDAN","TOYOTA","Car","F",19,"17-21","Drivers"
"T20190002820","14/2/19",10:00:00,"Collision with vehicle","Thursday","Day",3,5,"Not at intersection",3,80,"C",2009,"WAGON","NISSAN","Car","F",25,"22-25","Drivers"
"T20190002821","14/2/19",10:30:00,"Collision with a fixed object","Thursday","Day",1,1,"Cross intersection",2,50,"A",2009,"SEDAN","NISSAN","Car","M",72,"70+","Drivers"
"T20190002822","14/2/19",08:38:00,"Collision with vehicle","Thursday","Day",3,7,"Cross intersection",3,50,"A",2016,"WAGON","HOLDEN","Station Wagon","F",67,"64-69","Drivers"
"T20190002822","14/2/19",08:38:00,"Collision with vehicle","Thursday","Day",3,7,"Cross intersection",3,50,"B",2016,"WAGON","TOYOTA","Station Wagon","F",37,"30-39","Drivers"
"T20190002822","14/2/19",08:38:00,"Collision with vehicle","Thursday","Day",3,7,"Cross intersection",3,50,"C",2012,"SEDAN","HYNDAI","Car","M",30,"30-39","Drivers"
"T20190002823","14/2/19",07:47:00,"Collision with vehicle","Thursday","Day",5,5,"Not at intersection",2,100,"A",2011,"SEDAN","TOYOTA","Car","F",20,"17-21","Drivers"
"T20190002823","14/2/19",07:47:00,"Collision with vehicle","Thursday","Day",5,5,"Not at intersection",2,100,"B",2017,"DC UTE","HOLDEN","Utility","M",53,"50-59","Drivers"
"T20190002823","14/2/19",07:47:00,"Collision with vehicle","Thursday","Day",5,5,"Not at intersection",2,100,"C",2018,"SEDAN","TOYOTA","Car","F",29,"26-29","Drivers"
"T20190002823","14/2/19",07:47:00,"Collision with vehicle","Thursday","Day",5,5,"Not at intersection",2,100,"D",2015,"SEDAN","TOYOTA","Car","M",38,"30-39","Drivers"
"T20190002823","14/2/19",07:47:00,"Collision with vehicle","Thursday","Day",5,5,"Not at intersection",2,100,"E",2008,"S WAG","FORD","Station Wagon","M",55,"50-59","Drivers"
"T20190002824","14/2/19",10:55:00,"Collision with vehicle","Thursday","Day",2,3,"T intersection",3,100,"A",2014,"WAGON","TOYOTA","Station Wagon","F",34,"30-39","Drivers"
"T20190002824","14/2/19",10:55:00,"Collision with vehicle","Thursday","Day",2,3,"T intersection",3,100,"B",2018,"WAGON","MITSUB","Station Wagon","M",37,"30-39","Drivers"
"T20190002827","14/2/19",10:05:00,"Collision with vehicle","Thursday","Day",2,2,"T intersection",2,100,"A",2011,"DC UTE","FORD","Utility","M",63,"60-64","Drivers"
"T20190002827","14/2/19",10:05:00,"Collision with vehicle","Thursday","Day",2,2,"T intersection",2,100,"B",2005,"TIPPER","KENWTH","Heavy Vehicle (Rigid) > 4.5 Tonnes","M",26,"26-29","Drivers"
"T20190002828","14/2/19",07:51:00,"Collision with vehicle","Thursday","Day",5,7,"T intersection",3,60,"A",2018,"VAN","TOYOTA","Panel Van","M",68,"64-69","Drivers"
"T20190002828","14/2/19",07:51:00,"Collision with vehicle","Thursday","Day",5,7,"T intersection",3,60,"B",2018,"WAGON","HONDA","Station Wagon","F",33,"30-39","Drivers"
"T20190002828","14/2/19",07:51:00,"Collision with vehicle","Thursday","Day",5,7,"T intersection",3,60,"C",2006,"WAGON","FORD","Station Wagon","F",46,"40-49","Drivers"
"T20190002828","14/2/19",07:51:00,"Collision with vehicle","Thursday","Day",5,7,"T intersection",3,60,"D",2018,"S WAG","HOLDEN","Station Wagon","M",42,"40-49","Drivers"
"T20190002828","14/2/19",07:51:00,"Collision with vehicle","Thursday","Day",5,7,"T intersection",3,60,"E",2013,"SEDAN","TOYOTA","Car","M",41,"40-49","Drivers"
"T20190002829","14/2/19",13:00:00,"Collision with vehicle","Thursday","Day",2,2,"T intersection",3,60,"A",2004,"COUPE","TOYOTA","Car","F",32,"30-39","Drivers"
"T20190002830","14/2/19",10:30:00,"Collision with vehicle","Thursday","Day",3,4,"Not at intersection",3,70,"A",2009,"SED","VOLKS","Car","M",37,"30-39","Drivers"
"T20190002830","14/2/19",10:30:00,"Collision with vehicle","Thursday","Day",3,4,"Not at intersection",3,70,"B",2000,"SEDAN","HOLDEN","Car","M",28,"26-29","Drivers"
"T20190002830","14/2/19",10:30:00,"Collision with vehicle","Thursday","Day",3,4,"Not at intersection",3,70,"C",2012,"COUPE","MAZDA","Car","F",46,"40-49","Drivers"
"T20190002832","14/2/19",06:55:00,"Collision with vehicle","Thursday","Day",2,2,"Cross intersection",2,60,"A",2004,"SEDAN","HOLDEN","Car","M",24,"22-25","Drivers"
"T20190002832","14/2/19",06:55:00,"Collision with vehicle","Thursday","Day",2,2,"Cross intersection",2,60,"B",2007,"SEDAN","KIA","Car","M",24,"22-25","Drivers"
"T20190002833","9/2/19",16:40:00,"Collision with a fixed object","Saturday","Day",1,1,"Not at intersection",3,80,"A",2002,"WAGON","TOYOTA","Station Wagon","F",21,"17-21","Drivers"
"T20190002835","14/2/19",09:44:00,"Collision with vehicle","Thursday","Day",2,3,"T intersection",3,60,"A",2013,"WAGON","JEEP","Station Wagon","F",21,"17-21","Drivers"
"T20190002835","14/2/19",09:44:00,"Collision with vehicle","Thursday","Day",2,3,"T intersection",3,60,"B",1990,"SEDAN","TOYOTA","Car","M",76,"70+","Drivers"
"T20190002842","14/2/19",13:54:00,"Collision with vehicle","Thursday","Day",2,2,"T intersection",2,60,"A",2002,"WAGON","HONDA","Station Wagon","F",58,"50-59","Drivers"
"T20190002842","14/2/19",13:54:00,"Collision with vehicle","Thursday","Day",2,2,"T intersection",2,60,"B",2015,"TIPPER","W STAR","Heavy Vehicle (Rigid) > 4.5 Tonnes","M",61,"60-64","Drivers"
"T20190002843","14/2/19",15:00:00,"Collision with vehicle","Thursday","Day",2,4,"T intersection",3,50,"A",2012,"SEDAN","TOYOTA","Car","F",46,"40-49","Drivers"
"T20190002843","14/2/19",15:00:00,"Collision with vehicle","Thursday","Day",2,4,"T intersection",3,50,"B",2005,"SEDAN","TOYOTA","Car","F",51,"50-59","Drivers"
"T20190002844","14/2/19",13:09:00,"Collision with a fixed object","Thursday","Day",1,1,"Not at intersection",3,50,"A",1993,"COUPE","TOYOTA","Car","M",26,"26-29","Drivers"
"T20190002845","14/2/19",11:45:00,"Struck Pedestrian","Thursday","Day",1,2,"Not at intersection",3,50,"A",0,"SEDAN","UNKN","Car","U",NA,"unknown","Drivers"
"T20190002849","14/2/19",16:18:00,"Collision with vehicle","Thursday","Day",3,3,"Not at intersection",3,100,"A",2009,"TRAY","TOYOTA","Light Commercial Vehicle (Rigid) <= 4.5 Tonnes GVM","M",26,"26-29","Drivers"
"T20190002849","14/2/19",16:18:00,"Collision with vehicle","Thursday","Day",3,3,"Not at intersection",3,100,"B",2006,"WAGON","HOLDEN","Station Wagon","M",45,"40-49","Drivers"
"T20190002849","14/2/19",16:18:00,"Collision with vehicle","Thursday","Day",3,3,"Not at intersection",3,100,"C",2003,"SEDAN","VOLKS","Car","M",30,"30-39","Drivers"
"T20190002856","14/2/19",17:04:00,"Collision with vehicle","Thursday","Day",2,3,"T intersection",3,60,"A",2012,"SEDAN","MITSUB","Car","M",23,"22-25","Drivers"
"T20190002856","14/2/19",17:04:00,"Collision with vehicle","Thursday","Day",2,3,"T intersection",3,60,"B",2013,"WAGON","NISSAN","Station Wagon","F",40,"40-49","Drivers"
"T20190002857","14/2/19",16:40:00,"Collision with vehicle","Thursday","Day",4,5,"Not at intersection",3,100,"A",2006,"SEDAN","KIA","Car","F",30,"30-39","Drivers"
"T20190002857","14/2/19",16:40:00,"Collision with vehicle","Thursday","Day",4,5,"Not at intersection",3,100,"B",2015,"WAGON","REN","Station Wagon","M",44,"40-49","Drivers"
"T20190002857","14/2/19",16:40:00,"Collision with vehicle","Thursday","Day",4,5,"Not at intersection",3,100,"C",2007,"SEDAN","HYNDAI","Car","F",24,"22-25","Drivers"
"T20190002857","14/2/19",16:40:00,"Collision with vehicle","Thursday","Day",4,5,"Not at intersection",3,100,"D",2014,"UTIL","TOYOTA","Utility","M",32,"30-39","Drivers"
"T20190002862","14/2/19",18:25:00,"Collision with vehicle","Thursday","Day",3,7,"Cross intersection",3,80,"A",2012,"SEDAN","VOLKS","Car","U",NA,"unknown","Drivers"
"T20190002862","14/2/19",18:25:00,"Collision with vehicle","Thursday","Day",3,7,"Cross intersection",3,80,"B",2016,"SEDAN","HOLDEN","Car","M",23,"22-25","Drivers"
"T20190002862","14/2/19",18:25:00,"Collision with vehicle","Thursday","Day",3,7,"Cross intersection",3,80,"C",2008,"S WAG","TOYOTA","Station Wagon","F",40,"40-49","Drivers"
"T20190002868","14/2/19",18:44:00,"Collision with vehicle","Thursday","Day",2,2,"Cross intersection",3,60,"A",2016,"VAN","HYNDAI","Panel Van","M",47,"40-49","Drivers"
"T20190002868","14/2/19",18:44:00,"Collision with vehicle","Thursday","Day",2,2,"Cross intersection",3,60,"B",2006,"SEDAN","FORD","Car","F",20,"17-21","Drivers"
"T20190002870","14/2/19",19:06:00,"Collision with vehicle","Thursday","Day",2,3,"Cross intersection",3,60,"A",2004,"S WAG","HOLDEN","Station Wagon","M",24,"22-25","Drivers"
"T20190002870","14/2/19",19:06:00,"Collision with vehicle","Thursday","Day",2,3,"Cross intersection",3,60,"B",2011,"BUS","TOYOTA","Mini Bus(9-13 seats)","M",35,"30-39","Drivers"
"T20190002871","14/2/19",20:57:00,"Struck Pedestrian","Thursday","Dark Street lights on",1,2,"T intersection",2,60,"A",2014,"SEDAN","FORD","Taxi","M",69,"64-69","Drivers"
"T20190002872","14/2/19",17:31:00,"Collision with vehicle","Thursday","Day",2,2,"Cross intersection",3,40,"B",2016,"SEDAN","MAZDA","Car","F",29,"26-29","Drivers"
"T20190002873","14/2/19",18:00:00,"Collision with vehicle","Thursday","Day",2,2,"T intersection",1,70,"B",2016,"SEDAN","HOLDEN","Car","F",57,"50-59","Drivers"
"T20190002874","14/2/19",19:55:00,"Collision with vehicle","Thursday","Dusk/Dawn",2,5,"Cross intersection",2,100,"A",0,"VAN","NISSAN","Panel Van","F",22,"22-25","Drivers"
"T20190002874","14/2/19",19:55:00,"Collision with vehicle","Thursday","Dusk/Dawn",2,5,"Cross intersection",2,100,"B",2015,"WAGON","MAZDA","Station Wagon","F",24,"22-25","Drivers"
"T20190002876","14/2/19",16:50:00,"Collision with vehicle","Thursday","Day",3,3,"Multiple intersection",1,100,"A",2015,"WAGON","TOYOTA","Station Wagon","F",32,"30-39","Drivers"
"T20190002876","14/2/19",16:50:00,"Collision with vehicle","Thursday","Day",3,3,"Multiple intersection",1,100,"C",2003,"C MIX","IVECO","Heavy Vehicle (Rigid) > 4.5 Tonnes","M",66,"64-69","Drivers"
"T20190002877","14/2/19",21:31:00,"Collision with vehicle","Thursday","Dark Street lights on",3,4,"T intersection",3,60,"A",2007,"WAGON","HOLDEN","Station Wagon","M",34,"30-39","Drivers"
"T20190002877","14/2/19",21:31:00,"Collision with vehicle","Thursday","Dark Street lights on",3,4,"T intersection",3,60,"B",2008,"SEDAN","FORD","Car","F",31,"30-39","Drivers"
"T20190002879","14/2/19",21:39:00,"Collision with vehicle","Thursday","Dark Street lights on",2,2,"Cross intersection",2,60,"B",2009,"WAGON","HOLDEN","Station Wagon","M",59,"50-59","Drivers"
"T20190002881","14/2/19",21:30:00,"Collision with a fixed object","Thursday","Dark Street lights on",1,1,"Not at intersection",3,60,"A",1994,"DC UTE","TOYOTA","Utility","M",48,"40-49","Drivers"
"T20190002883","14/2/19",22:05:00,"Collision with vehicle","Thursday","Dark Street lights on",2,2,"Not at intersection",2,50,"A",2002,"UTIL","FORD","Utility","M",39,"30-39","Drivers"
"T20190002885","14/2/19",19:57:00,"Struck Pedestrian","Thursday","Dusk/Dawn",1,2,"Not at intersection",1,60,"A",2007,"WAGON","FORD","Station Wagon","M",23,"22-25","Drivers"
"T20190002887","15/2/19",03:30:00,"Collision with a fixed object","Friday","Dark Street lights on",1,2,"Not at intersection",2,60,"A",2012,"WAGON","HYNDAI","Station Wagon","M",21,"17-21","Drivers"
"T20190002889","14/2/19",08:13:00,"Struck Pedestrian","Thursday","Day",1,2,"Cross intersection",3,50,"A",2011,"SEDAN","MAZDA","Car","F",53,"50-59","Drivers"
"T20190002893","15/1/19",11:15:00,"Collision with vehicle","Tuesday","Day",2,2,"Not at intersection",3,50,"A",2015,"SEDAN","TOYOTA","Car","F",29,"26-29","Drivers"
"T20190002893","15/1/19",11:15:00,"Collision with vehicle","Tuesday","Day",2,2,"Not at intersection",3,50,"B",1998,"SEDAN","FORD","Car","F",53,"50-59","Drivers"
"T20190002895","14/2/19",07:55:00,"Struck Pedestrian","Thursday","Day",1,2,"T intersection",3,80,"A",0,"SEDAN","UNKN","Car","U",NA,"unknown","Drivers"
"T20190002896","15/2/19",08:15:00,"Collision with vehicle","Friday","Day",2,2,"Not at intersection",3,999,"B",2007,"SEDAN","FORD","Car","F",70,"70+","Drivers"
"T20190002897","15/2/19",07:30:00,"Collision with vehicle","Friday","Day",2,2,"Not at intersection",3,60,"A",2012,"SEDAN","TOYOTA","Car","F",38,"30-39","Drivers"
"T20190002897","15/2/19",07:30:00,"Collision with vehicle","Friday","Day",2,2,"Not at intersection",3,60,"B",1996,"S WAG","HOLDEN","Station Wagon","F",57,"50-59","Drivers"
"T20190002900","13/2/19",17:50:00,"Collision with vehicle","Wednesday","Day",3,3,"Not at intersection",3,80,"A",2005,"SEDAN","FORD","Car","M",36,"30-39","Drivers"
"T20190002900","13/2/19",17:50:00,"Collision with vehicle","Wednesday","Day",3,3,"Not at intersection",3,80,"B",2015,"SEDAN","TOYOTA","Car","F",25,"22-25","Drivers"
"T20190002900","13/2/19",17:50:00,"Collision with vehicle","Wednesday","Day",3,3,"Not at intersection",3,80,"C",2012,"SEDAN","HOLDEN","Car","M",63,"60-64","Drivers"
"T20190002904","12/2/19",11:55:00,"Collision with vehicle","Tuesday","Day",2,3,"Not at intersection",2,60,"A",2007,"SEDAN","SUZUKI","Car","F",22,"22-25","Drivers"
"T20190002904","12/2/19",11:55:00,"Collision with vehicle","Tuesday","Day",2,3,"Not at intersection",2,60,"B",2007,"SEDAN","HYNDAI","Car","M",39,"30-39","Drivers"
"T20190002907","15/2/19",04:00:00,"Collision with a fixed object","Friday","Dark No street lights",1,1,"Not at intersection",3,100,"A",2005,"TRAY","FORD","Light Commercial Vehicle (Rigid) <= 4.5 Tonnes GVM","M",23,"22-25","Drivers"
"T20190002913","15/2/19",08:55:00,"Collision with vehicle","Friday","Day",3,3,"T intersection",2,50,"A",2009,"SEDAN","MAZDA","Car","F",37,"30-39","Drivers"
"T20190002913","15/2/19",08:55:00,"Collision with vehicle","Friday","Day",3,3,"T intersection",2,50,"B",2002,"SEDAN","PEUG","Car","F",21,"17-21","Drivers"
"T20190002913","15/2/19",08:55:00,"Collision with vehicle","Friday","Day",3,3,"T intersection",2,50,"C",2017,"SEDAN","HYNDAI","Car","M",47,"40-49","Drivers"
"T20190002915","14/2/19",18:35:00,"Collision with vehicle","Thursday","Dusk/Dawn",2,2,"Not at intersection",3,60,"A",2013,"SEDAN","FORD","Car","F",77,"70+","Drivers"
"T20190002919","15/2/19",09:05:00,"Collision with vehicle","Friday","Day",3,3,"T intersection",3,60,"A",2014,"SEDAN","MAZDA","Car","M",43,"40-49","Drivers"
"T20190002919","15/2/19",09:05:00,"Collision with vehicle","Friday","Day",3,3,"T intersection",3,60,"B",2010,"WAGON","MAZDA","Station Wagon","F",38,"30-39","Drivers"
"T20190002919","15/2/19",09:05:00,"Collision with vehicle","Friday","Day",3,3,"T intersection",3,60,"C",2007,"SEDAN","MERC B","Car","F",38,"30-39","Drivers"
"T20190002922","15/2/19",10:31:00,"Collision with vehicle","Friday","Day",3,3,"Not at intersection",2,50,"A",2016,"SEDAN","FORD","Car","M",44,"40-49","Drivers"
"T20190002922","15/2/19",10:31:00,"Collision with vehicle","Friday","Day",3,3,"Not at intersection",2,50,"B",2016,"SEDAN","SUZUKI","Car","F",33,"30-39","Drivers"
"T20190002922","15/2/19",10:31:00,"Collision with vehicle","Friday","Day",3,3,"Not at intersection",2,50,"C",2014,"SEDAN","HOLDEN","Car","F",23,"22-25","Drivers"
"T20190002926","15/2/19",07:40:00,"Collision with vehicle","Friday","Day",3,3,"Not at intersection",3,60,"A",2006,"SEDAN","MITSUB","Car","F",56,"50-59","Drivers"
"T20190002926","15/2/19",07:40:00,"Collision with vehicle","Friday","Day",3,3,"Not at intersection",3,60,"B",2012,"UTIL","MITSUB","Utility","M",59,"50-59","Drivers"
"T20190002926","15/2/19",07:40:00,"Collision with vehicle","Friday","Day",3,3,"Not at intersection",3,60,"C",1988,"TRAY","DAIHAT","Light Commercial Vehicle (Rigid) <= 4.5 Tonnes GVM","M",23,"22-25","Drivers"
"T20190002929","12/2/19",16:45:00,"Collision with vehicle","Tuesday","Day",2,2,"Not at intersection",2,80,"A",2013,"P MVR","F LINE","Prime Mover B-Double","M",45,"40-49","Drivers"
"T20190002929","12/2/19",16:45:00,"Collision with vehicle","Tuesday","Day",2,2,"Not at intersection",2,80,"B",2013,"SEDAN","FORD","Car","M",58,"50-59","Drivers"
"T20190002932","15/2/19",14:40:00,"Collision with vehicle","Friday","Day",2,2,"Not at intersection",2,100,"A",2012,"TRAY","TOYOTA","Utility","M",22,"22-25","Drivers"
"T20190002932","15/2/19",14:40:00,"Collision with vehicle","Friday","Day",2,2,"Not at intersection",2,100,"B",2000,"SEDAN","HYNDAI","Car","F",52,"50-59","Drivers"
"T20190002933","15/2/19",14:05:00,"Collision with vehicle","Friday","Day",2,2,"Not at intersection",3,80,"A",2001,"WAGON","TOYOTA","Station Wagon","M",35,"30-39","Drivers"
"T20190002933","15/2/19",14:05:00,"Collision with vehicle","Friday","Day",2,2,"Not at intersection",3,80,"B",2008,"TRAY","TOYOTA","Light Commercial Vehicle (Rigid) <= 4.5 Tonnes GVM","M",24,"22-25","Drivers"
"T20190002934","15/2/19",09:10:00,"Collision with vehicle","Friday","Day",3,3,"Not at intersection",3,60,"A",2015,"SEDAN","KIA","Car","M",21,"17-21","Drivers"
"T20190002934","15/2/19",09:10:00,"Collision with vehicle","Friday","Day",3,3,"Not at intersection",3,60,"B",2007,"SEDAN","AUDI","Car","F",49,"40-49","Drivers"
"T20190002934","15/2/19",09:10:00,"Collision with vehicle","Friday","Day",3,3,"Not at intersection",3,60,"C",2013,"WAGON","SUBARU","Car","F",38,"30-39","Drivers"
"T20190002938","15/2/19",16:10:00,"Struck Pedestrian","Friday","Day",1,2,"Cross intersection",2,40,"A",2008,"SEDAN","FORD","Car","M",19,"17-21","Drivers"
"T20190002941","15/2/19",15:20:00,"Collision with vehicle","Friday","Day",2,3,"T intersection",3,40,"A",2008,"S WAG","NISSAN","Station Wagon","M",45,"40-49","Drivers"
"T20190002942","15/2/19",15:30:00,"Collision with vehicle","Friday","Day",2,2,"Not at intersection",3,40,"A",2012,"VAN","MERC B","Panel Van","M",50,"50-59","Drivers"
"T20190002943","15/2/19",17:45:00,"Collision with vehicle","Friday","Day",2,3,"Cross intersection",3,60,"A",2008,"SEDAN","HOLDEN","Car","F",24,"22-25","Drivers"
"T20190002945","15/2/19",18:15:00,"Collision with vehicle","Friday","Day",2,4,"Not at intersection",3,60,"B",2005,"WAGON","FORD","Station Wagon","M",25,"22-25","Drivers"
"T20190002945","15/2/19",18:15:00,"Collision with vehicle","Friday","Day",2,4,"Not at intersection",3,60,"C",2012,"S WAG","MAZDA","Station Wagon","F",24,"22-25","Drivers"
"T20190002949","14/2/19",04:40:00,"Collision with vehicle","Thursday","Dark Street lights on",2,2,"Not at intersection",2,100,"A",2017,"WAGON","NISSAN","Station Wagon","M",17,"16-17","Drivers"
"T20190002949","14/2/19",04:40:00,"Collision with vehicle","Thursday","Dark Street lights on",2,2,"Not at intersection",2,100,"B",0,"P MVR","UNKN","Prime Mover Only","U",NA,"unknown","Drivers"
"T20190002950","15/2/19",19:25:00,"Collision with vehicle","Friday","Day",2,3,"Cross intersection",3,80,"A",2015,"WAGON","KIA","Station Wagon","M",52,"50-59","Drivers"
"T20190002950","15/2/19",19:25:00,"Collision with vehicle","Friday","Day",2,3,"Cross intersection",3,80,"B",1989,"SEDAN","MAZDA","Car","M",27,"26-29","Drivers"
"T20190002952","15/2/19",16:00:00,"Collision with vehicle","Friday","Unknown",2,3,"T intersection",3,50,"A",2002,"SEDAN","HOLDEN","Car","M",55,"50-59","Drivers"
"T20190002952","15/2/19",16:00:00,"Collision with vehicle","Friday","Unknown",2,3,"T intersection",3,50,"B",2012,"SEDAN","TOYOTA","Car","M",22,"22-25","Drivers"
"T20190002954","15/2/19",17:09:00,"Collision with vehicle","Friday","Day",2,3,"Not at intersection",3,80,"A",2000,"SEDAN","DAEWOO","Car","M",43,"40-49","Drivers"
"T20190002954","15/2/19",17:09:00,"Collision with vehicle","Friday","Day",2,3,"Not at intersection",3,80,"B",2014,"WAGON","NISSAN","Station Wagon","F",33,"30-39","Drivers"
"T20190002956","15/2/19",21:15:00,"Collision with vehicle","Friday","Dark Street lights on",2,5,"Not at intersection",3,50,"A",2010,"SEDAN","TOYOTA","Car","M",37,"30-39","Drivers"
"T20190002956","15/2/19",21:15:00,"Collision with vehicle","Friday","Dark Street lights on",2,5,"Not at intersection",3,50,"B",2005,"WAGON","HONDA","Station Wagon","M",42,"40-49","Drivers"
"T20190002958","15/2/19",20:22:00,"Struck Pedestrian","Friday","Day",1,4,"Cross intersection",2,60,"A",2009,"SEDAN","HONDA","Car","M",25,"22-25","Drivers"
"T20190002961","15/2/19",22:35:00,"Collision with vehicle","Friday","Dark Street lights on",2,5,"Cross intersection",2,60,"A",2006,"COUPE","MERC B","Car","M",76,"70+","Drivers"
"T20190002961","15/2/19",22:35:00,"Collision with vehicle","Friday","Dark Street lights on",2,5,"Cross intersection",2,60,"B",2017,"SEDAN","HONDA","Car","F",24,"22-25","Drivers"
"T20190002962","15/2/19",22:05:00,"Collision with vehicle","Friday","Dark Street lights on",2,3,"Not at intersection",3,60,"A",2002,"SEDAN","HOLDEN","Car","M",67,"64-69","Drivers"
"T20190002962","15/2/19",22:05:00,"Collision with vehicle","Friday","Dark Street lights on",2,3,"Not at intersection",3,60,"B",0,NA,"TOYOTA","Utility","U",NA,"unknown","Drivers"
"T20190002963","15/2/19",21:35:00,"Collision with vehicle","Friday","Dark Street lights on",2,2,"Cross intersection",3,60,"A",2003,"WAGON","NISSAN","Station Wagon","M",74,"70+","Drivers"
"T20190002963","15/2/19",21:35:00,"Collision with vehicle","Friday","Dark Street lights on",2,2,"Cross intersection",3,60,"B",1999,"SEDAN","HOLDEN","Car","F",49,"40-49","Drivers"
"T20190002964","15/2/19",02:53:00,"Collision with vehicle","Friday","Dark Street lights on",2,2,"Not at intersection",2,40,"A",2008,"DC UTE","NISSAN","Utility","M",39,"30-39","Drivers"
"T20190002964","15/2/19",02:53:00,"Collision with vehicle","Friday","Dark Street lights on",2,2,"Not at intersection",2,40,"B",2003,"CONVRT","INTERN","Prime Mover - Single Trailer","M",47,"40-49","Drivers"
"T20190002965","15/2/19",21:40:00,"Collision with vehicle","Friday","Dark Street lights on",2,2,"Cross intersection",3,40,"A",2009,"SEDAN","HYNDAI","Car","M",NA,"unknown","Drivers"
"T20190002965","15/2/19",21:40:00,"Collision with vehicle","Friday","Dark Street lights on",2,2,"Cross intersection",3,40,"B",2015,"SEDAN","REN","Car","F",23,"22-25","Drivers"
"T20190002966","15/2/19",23:20:00,"Collision with vehicle","Friday","Dark Street lights on",2,6,"Cross intersection",3,80,"A",2017,"WAGON","FORD","Station Wagon","F",44,"40-49","Drivers"
"T20190002966","15/2/19",23:20:00,"Collision with vehicle","Friday","Dark Street lights on",2,6,"Cross intersection",3,80,"B",2011,"SEDAN","HYNDAI","Car","M",29,"26-29","Drivers"
"T20190002968","6/2/19",02:30:00,"No collision and no object struck","Wednesday","Unknown",1,1,"T intersection",3,60,"A",2006,"SEDAN","TOYOTA","Car","M",17,"16-17","Drivers"
"T20190002971","15/2/19",23:31:00,"Collision with vehicle","Friday","Dark Street lights on",4,1,"Not at intersection",2,50,"A",2008,"SEDAN","SUBARU","Car","M",41,"40-49","Drivers"
"T20190002977","16/2/19",02:08:00,"Struck Pedestrian","Saturday","Dark No street lights",1,3,"T intersection",1,80,"A",2010,"DC UTE","FORD","Utility","M",27,"26-29","Drivers"
"T20190002978","15/2/19",22:11:00,"Collision with vehicle","Friday","Dark No street lights",2,2,"Not at intersection",2,110,"B",2015,"WAGON","MAZDA","Station Wagon","F",36,"30-39","Drivers"
"T20190002982","16/2/19",07:27:00,"Collision with vehicle","Saturday","Day",2,2,"Cross intersection",2,60,"A",2015,"SEDAN","MAZDA","Car","F",60,"60-64","Drivers"
"T20190002983","16/2/19",07:28:00,"Struck Pedestrian","Saturday","Day",1,2,"Not at intersection",2,50,"A",2002,"UTIL","FORD","Utility","M",48,"40-49","Drivers"
"T20190002985","16/2/19",09:00:00,"Collision with vehicle","Saturday","Day",2,2,"Not at intersection",3,999,"A",2016,"S WAG","VOLVO","Car","M",48,"40-49","Drivers"
"T20190002985","16/2/19",09:00:00,"Collision with vehicle","Saturday","Day",2,2,"Not at intersection",3,999,"B",2012,"SEDAN","HOLDEN","Car","M",34,"30-39","Drivers"