"ACCIDENT_NO","ACCIDENTDATE","ACCIDENTTIME","Accident Type Desc","Day Week Description","Light Condition Desc","NO_OF_VEHICLES","NO_PERSONS","Road Geometry Desc","SEVERITY","SPEED_ZONE","VEHICLE_ID","VEHICLE_YEAR_MANUF","VEHICLE_BODY_STYLE","VEHICLE_MAKE","Vehicle Type Desc","SEX","AGE","Age Group","Road User Type Desc"
"T20190002986","16/2/19",07:55:00,"Collision with vehicle","Saturday","Day",5,1,"Not at intersection",3,50,"A",2017,"SWV2","KUBOTA","Quad Bike","M",25,"22-25","Drivers"
"T20190002987","16/2/19",10:40:00,"Collision with vehicle","Saturday","Day",2,2,"T intersection",3,50,"A",2010,"UTIL","HOLDEN","Utility","M",30,"30-39","Drivers"
"T20190002993","16/2/19",11:08:00,"Vehicle overturned (no collision)","Saturday","Day",1,1,"Not at intersection",3,60,"A",2003,"SKIP C","SCANIA","Heavy Vehicle (Rigid) > 4.5 Tonnes","M",51,"50-59","Drivers"
"T20190002994","16/2/19",12:25:00,"Collision with vehicle","Saturday","Day",2,8,"Cross intersection",3,60,"A",2016,"DC UTE","FOTON","Utility","M",46,"40-49","Drivers"
"T20190002994","16/2/19",12:25:00,"Collision with vehicle","Saturday","Day",2,8,"Cross intersection",3,60,"B",2012,"SEDAN","TOYOTA","Car","F",30,"30-39","Drivers"
"T20190002996","16/2/19",08:45:00,"Collision with vehicle","Saturday","Day",2,2,"Cross intersection",3,60,"A",1990,"WAGON","MITSUB","Station Wagon","M",76,"70+","Drivers"
"T20190002998","16/2/19",11:50:00,"Collision with vehicle","Saturday","Day",2,3,"T intersection",3,60,"A",2013,"S WAG","VOLKS","Station Wagon","M",65,"64-69","Drivers"
"T20190002998","16/2/19",11:50:00,"Collision with vehicle","Saturday","Day",2,3,"T intersection",3,60,"B",2004,"SEDAN","FORD","Car","M",22,"22-25","Drivers"
"T20190003002","16/2/19",14:15:00,"Collision with vehicle","Saturday","Day",2,3,"Cross intersection",3,40,"A",1992,"UTIL","TOYOTA","Utility","M",36,"30-39","Drivers"
"T20190003002","16/2/19",14:15:00,"Collision with vehicle","Saturday","Day",2,3,"Cross intersection",3,40,"B",2009,"S WAG","TOYOTA","Station Wagon","F",43,"40-49","Drivers"
"T20190003007","16/2/19",16:11:00,"Collision with vehicle","Saturday","Day",2,2,"T intersection",2,50,"A",2015,"COUPE","B M W","Car","M",25,"22-25","Drivers"
"T20190003007","16/2/19",16:11:00,"Collision with vehicle","Saturday","Day",2,2,"T intersection",2,50,"B",2014,"WAGON","TOYOTA","Station Wagon","F",30,"30-39","Drivers"
"T20190003010","16/2/19",15:05:00,"Collision with vehicle","Saturday","Day",2,2,"T intersection",3,60,"A",2018,"SEDAN","TOYOTA","Car","F",77,"70+","Drivers"
"T20190003010","16/2/19",15:05:00,"Collision with vehicle","Saturday","Day",2,2,"T intersection",3,60,"B",2011,"WAGON","VOLKS","Station Wagon","F",41,"40-49","Drivers"
"T20190003011","16/2/19",00:14:00,"Collision with vehicle","Saturday","Dark Street lights on",3,4,"T intersection",3,80,"A",2009,"S WAG","HOLDEN","Station Wagon","M",38,"30-39","Drivers"
"T20190003011","16/2/19",00:14:00,"Collision with vehicle","Saturday","Dark Street lights on",3,4,"T intersection",3,80,"B",2005,"SED","TOYOTA","Car","M",23,"22-25","Drivers"
"T20190003011","16/2/19",00:14:00,"Collision with vehicle","Saturday","Dark Street lights on",3,4,"T intersection",3,80,"C",2017,"SEDAN","HYNDAI","Car","M",41,"40-49","Drivers"
"T20190003014","16/2/19",15:00:00,"Collision with vehicle","Saturday","Day",2,2,"T intersection",2,60,"A",2017,"SEDAN","MAZDA","Car","F",67,"64-69","Drivers"
"T20190003018","16/2/19",16:40:00,"Struck Pedestrian","Saturday","Day",1,3,"T intersection",3,40,"A",2010,"WAGON","MERC B","Car","F",52,"50-59","Drivers"
"T20190003021","15/2/19",21:40:00,"Collision with vehicle","Friday","Dark Street lights on",2,2,"Not at intersection",3,50,"A",2000,"TRAY","NISSAN","Light Commercial Vehicle (Rigid) <= 4.5 Tonnes GVM","M",38,"30-39","Drivers"
"T20190003021","15/2/19",21:40:00,"Collision with vehicle","Friday","Dark Street lights on",2,2,"Not at intersection",3,50,"B",2001,"TRAY","NISSAN","Light Commercial Vehicle (Rigid) <= 4.5 Tonnes GVM","M",51,"50-59","Drivers"
"T20190003022","16/2/19",19:55:00,"Struck Pedestrian","Saturday","Dusk/Dawn",1,3,"Not at intersection",3,40,"A",2018,"WAGON","NISSAN","Station Wagon","M",43,"40-49","Drivers"
"T20190003023","15/2/19",23:29:00,"Collision with vehicle","Friday","Dark Street lights on",2,2,"Cross intersection",3,60,"A",2016,NA,"MAZDA","Car","M",30,"30-39","Drivers"
"T20190003023","15/2/19",23:29:00,"Collision with vehicle","Friday","Dark Street lights on",2,2,"Cross intersection",3,60,"B",2018,"SEDAN","HONDA","Car","M",20,"17-21","Drivers"
"T20190003025","16/2/19",05:35:00,"Collision with vehicle","Saturday","Dark Street lights on",2,3,"Cross intersection",3,80,"A",2003,"SEDAN","TOYOTA","Car","M",50,"50-59","Drivers"
"T20190003025","16/2/19",05:35:00,"Collision with vehicle","Saturday","Dark Street lights on",2,3,"Cross intersection",3,80,"B",2011,"SEDAN","MAZDA","Car","M",33,"30-39","Drivers"
"T20190003028","16/2/19",23:00:00,"Vehicle overturned (no collision)","Saturday","Dark No street lights",1,2,"Not at intersection",3,50,"A",2005,"SEDAN","TOYOTA","Car","F",17,"16-17","Drivers"
"T20190003030","16/2/19",23:30:00,"Collision with a fixed object","Saturday","Dark Street lights on",1,3,"T intersection",2,60,"A",2002,"SEDAN","HOLDEN","Car","M",30,"30-39","Drivers"
"T20190003032","16/2/19",23:10:00,"Collision with vehicle","Saturday","Dark Street lights on",2,3,"Cross intersection",2,50,"A",2017,"SEDAN","TOYOTA","Car","M",50,"50-59","Drivers"
"T20190003032","16/2/19",23:10:00,"Collision with vehicle","Saturday","Dark Street lights on",2,3,"Cross intersection",2,50,"B",1996,"SEDAN","MAZDA","Car","M",18,"17-21","Drivers"
"T20190003040","16/2/19",23:50:00,"Collision with a fixed object","Saturday","Dark No street lights",1,1,"Not at intersection",3,60,"A",2010,"DC UTE","NISSAN","Utility","M",31,"30-39","Drivers"
"T20190003042","17/2/19",03:30:00,"Collision with a fixed object","Sunday","Dark Street lights on",1,1,"Not at intersection",3,100,"A",2011,"SED","TOYOTA","Car","F",19,"17-21","Drivers"
"T20190003047","17/2/19",05:31:00,"Collision with vehicle","Sunday","Dark Street lights on",2,2,"Not at intersection",3,50,"A",2004,"RDSTR","B M W","Car","M",18,"17-21","Drivers"
"T20190003048","17/2/19",05:44:00,"Collision with vehicle","Sunday","Dark Street lights on",2,4,"T intersection",3,60,"A",2004,"WAGON","MAZDA","Station Wagon","M",61,"60-64","Drivers"
"T20190003048","17/2/19",05:44:00,"Collision with vehicle","Sunday","Dark Street lights on",2,4,"T intersection",3,60,"B",2004,"SEDAN","HOLDEN","Car","M",24,"22-25","Drivers"
"T20190003052","16/2/19",12:26:00,"Collision with vehicle","Saturday","Day",2,3,"Cross intersection",3,50,"A",2008,"SEDAN","NISSAN","Car","M",49,"40-49","Drivers"
"T20190003052","16/2/19",12:26:00,"Collision with vehicle","Saturday","Day",2,3,"Cross intersection",3,50,"B",2010,"UTIL","MITSUB","Utility","M",26,"26-29","Drivers"
"T20190003055","6/2/19",18:37:00,"Collision with vehicle","Wednesday","Day",3,4,"Not at intersection",3,60,"A",1996,"SEDAN","MITSUB","Car","F",51,"50-59","Drivers"
"T20190003055","6/2/19",18:37:00,"Collision with vehicle","Wednesday","Day",3,4,"Not at intersection",3,60,"B",1995,"SEDAN","TOYOTA","Car","F",68,"64-69","Drivers"
"T20190003055","6/2/19",18:37:00,"Collision with vehicle","Wednesday","Day",3,4,"Not at intersection",3,60,"C",2007,"SEDAN","FORD","Car","M",31,"30-39","Drivers"
"T20190003057","17/2/19",12:05:00,"Collision with vehicle","Sunday","Day",2,3,"T intersection",3,80,"A",2004,"DC UTE","HOLDEN","Utility","M",31,"30-39","Drivers"
"T20190003059","17/2/19",12:05:00,"Collision with vehicle","Sunday","Day",2,2,"Not at intersection",3,80,"A",2009,"S WAG","HOLDEN","Station Wagon","M",41,"40-49","Drivers"
"T20190003059","17/2/19",12:05:00,"Collision with vehicle","Sunday","Day",2,2,"Not at intersection",3,80,"B",2007,"WAGON","MAZDA","Station Wagon","M",37,"30-39","Drivers"
"T20190003065","16/2/19",20:07:00,"Collision with vehicle","Saturday","Dusk/Dawn",2,2,"Cross intersection",3,60,"A",2002,"SEDAN","FORD","Car","M",30,"30-39","Drivers"
"T20190003065","16/2/19",20:07:00,"Collision with vehicle","Saturday","Dusk/Dawn",2,2,"Cross intersection",3,60,"B",2009,"SEDAN","HONDA","Car","M",27,"26-29","Drivers"
"T20190003070","17/2/19",14:30:00,"Fall from or in moving vehicle","Sunday","Day",1,2,"Not at intersection",2,80,"A",2011,"BUS","TOYOTA","Mini Bus(9-13 seats)","F",53,"50-59","Drivers"
"T20190003071","12/2/19",07:55:00,"Collision with vehicle","Tuesday","Day",4,4,"T intersection",3,80,"A",1999,"SEDAN","TOYOTA","Car","M",27,"26-29","Drivers"
"T20190003071","12/2/19",07:55:00,"Collision with vehicle","Tuesday","Day",4,4,"T intersection",3,80,"B",2017,"WAGON","HYNDAI","Station Wagon","M",31,"30-39","Drivers"
"T20190003071","12/2/19",07:55:00,"Collision with vehicle","Tuesday","Day",4,4,"T intersection",3,80,"C",2011,"SEDAN","HOLDEN","Car","M",40,"40-49","Drivers"
"T20190003071","12/2/19",07:55:00,"Collision with vehicle","Tuesday","Day",4,4,"T intersection",3,80,"D",2012,"WAGON","NISSAN","Station Wagon","F",29,"26-29","Drivers"
"T20190003074","17/2/19",12:00:00,"Collision with vehicle","Sunday","Day",2,6,"Not at intersection",1,80,"A",2004,"SED","HOLDEN","Car","F",20,"17-21","Drivers"
"T20190003074","17/2/19",12:00:00,"Collision with vehicle","Sunday","Day",2,6,"Not at intersection",1,80,"B",2001,"SEDAN","HOLDEN","Car","M",27,"26-29","Drivers"
"T20190003075","17/2/19",08:55:00,"Collision with vehicle","Sunday","Day",2,2,"T intersection",3,60,"A",2001,"SEDAN","HOLDEN","Car","F",88,"70+","Drivers"
"T20190003075","17/2/19",08:55:00,"Collision with vehicle","Sunday","Day",2,2,"T intersection",3,60,"B",2018,"SEDAN","HOLDEN","Car","M",64,"60-64","Drivers"
"T20190003076","17/2/19",17:25:00,"Struck Pedestrian","Sunday","Day",1,2,"Cross intersection",3,60,"A",2016,"SEDAN","MITSUB","Car","M",22,"22-25","Drivers"
"T20190003078","17/2/19",13:22:00,"Collision with a fixed object","Sunday","Day",1,1,"Not at intersection",2,60,"A",1999,"SEDAN","NISSAN","Car","F",34,"30-39","Drivers"
"T20190003082","17/2/19",15:45:00,"Collision with vehicle","Sunday","Day",2,4,"Not at intersection",2,60,"A",2010,"SEDAN","FORD","Car","M",21,"17-21","Drivers"
"T20190003082","17/2/19",15:45:00,"Collision with vehicle","Sunday","Day",2,4,"Not at intersection",2,60,"B",2008,"SEDAN","TOYOTA","Car","M",47,"40-49","Drivers"
"T20190003083","17/2/19",18:25:00,"Collision with vehicle","Sunday","Day",2,5,"T intersection",3,80,"A",2002,"SEDAN","NISSAN","Car","F",24,"22-25","Drivers"
"T20190003083","17/2/19",18:25:00,"Collision with vehicle","Sunday","Day",2,5,"T intersection",3,80,"B",2013,"SEDAN","HOLDEN","Car","F",23,"22-25","Drivers"
"T20190003084","17/2/19",19:45:00,"Collision with a fixed object","Sunday","Dusk/Dawn",1,1,"Not at intersection",2,100,"A",2001,"SEDAN","HOLDEN","Car","F",18,"17-21","Drivers"
"T20190003085","17/2/19",20:05:00,"Collision with vehicle","Sunday","Dark Street lights on",2,2,"Cross intersection",3,60,"A",2015,"SEDAN","KIA","Car","F",27,"26-29","Drivers"
"T20190003085","17/2/19",20:05:00,"Collision with vehicle","Sunday","Dark Street lights on",2,2,"Cross intersection",3,60,"B",2013,"SED","MAZDA","Car","F",35,"30-39","Drivers"
"T20190003090","17/2/19",18:08:00,"Collision with a fixed object","Sunday","Day",4,4,"Not at intersection",2,50,"A",2005,"SEDAN","FORD","Car","F",28,"26-29","Drivers"
"T20190003091","17/2/19",20:16:00,"Collision with a fixed object","Sunday","Dark No street lights",1,1,"Not at intersection",1,100,"A",2007,"DC UTE","NISSAN","Utility","M",25,"22-25","Drivers"
"T20190003093","18/2/19",02:30:00,"Collision with vehicle","Monday","Dark Street lights on",2,2,"Not at intersection",2,40,"A",2014,"SEDAN","TOYOTA","Car","M",38,"30-39","Drivers"
"T20190003093","18/2/19",02:30:00,"Collision with vehicle","Monday","Dark Street lights on",2,2,"Not at intersection",2,40,"B",2012,"SEDAN","B M W","Car","M",28,"26-29","Drivers"
"T20190003095","16/2/19",00:22:00,"Collision with a fixed object","Saturday","Dark Street lights on",1,2,"Not at intersection",2,50,"A",2005,"WAGON","MAZDA","Station Wagon","M",20,"17-21","Drivers"
"T20190003096","18/2/19",05:30:00,"Collision with a fixed object","Monday","Dark Street lights on",1,1,"T intersection",2,60,"A",2010,"TRAY","MAZDA","Utility","M",77,"70+","Drivers"
"T20190003097","17/2/19",19:50:00,"Collision with a fixed object","Sunday","Day",1,1,"Not at intersection",3,40,"A",1990,"UTIL","MAZDA","Utility","M",27,"26-29","Drivers"
"T20190003100","18/2/19",06:33:00,"Collision with vehicle","Monday","Dark Street lights on",3,5,"Cross intersection",3,80,"A",2007,"UTIL","FORD","Utility","M",18,"17-21","Drivers"
"T20190003100","18/2/19",06:33:00,"Collision with vehicle","Monday","Dark Street lights on",3,5,"Cross intersection",3,80,"B",2003,"SEDAN","NISSAN","Car","M",35,"30-39","Drivers"
"T20190003100","18/2/19",06:33:00,"Collision with vehicle","Monday","Dark Street lights on",3,5,"Cross intersection",3,80,"C",2000,"SEDAN","FORD","Car","M",25,"22-25","Drivers"
"T20190003102","18/2/19",08:25:00,"Collision with vehicle","Monday","Day",2,2,"Not at intersection",3,40,"A",2016,"SEDAN","HYNDAI","Car","F",18,"17-21","Drivers"
"T20190003108","2/2/19",14:00:00,"Collision with vehicle","Saturday","Day",2,2,"Cross intersection",3,80,"A",2016,"WAGON","TOYOTA","Station Wagon","F",42,"40-49","Drivers"
"T20190003108","2/2/19",14:00:00,"Collision with vehicle","Saturday","Day",2,2,"Cross intersection",3,80,"B",2007,"WAGON","TOYOTA","Station Wagon","F",58,"50-59","Drivers"
"T20190003109","18/2/19",01:00:00,"Struck animal","Monday","Dark No street lights",1,1,"Not at intersection",2,100,"A",1996,"DC UTE","TOYOTA","Utility","F",38,"30-39","Drivers"
"T20190003111","18/2/19",12:20:00,"Collision with vehicle","Monday","Day",3,6,"Cross intersection",2,60,"A",2011,"COUPE","LEXUS","Car","F",37,"30-39","Drivers"
"T20190003111","18/2/19",12:20:00,"Collision with vehicle","Monday","Day",3,6,"Cross intersection",2,60,"B",2004,"SEDAN","TOYOTA","Car","F",58,"50-59","Drivers"
"T20190003111","18/2/19",12:20:00,"Collision with vehicle","Monday","Day",3,6,"Cross intersection",2,60,"C",2009,"VAN","HINO","Panel Van","M",59,"50-59","Drivers"
"T20190003112","12/2/19",16:16:00,"Collision with vehicle","Tuesday","Day",2,2,"T intersection",2,70,"A",2010,"SEDAN","TOYOTA","Car","F",34,"30-39","Drivers"
"T20190003112","12/2/19",16:16:00,"Collision with vehicle","Tuesday","Day",2,2,"T intersection",2,70,"B",2013,"SEDAN","LEXUS","Car","M",52,"50-59","Drivers"
"T20190003114","17/2/19",21:30:00,"Collision with vehicle","Sunday","Dark Street lights on",2,1,"Not at intersection",3,50,"A",2013,"SEDAN","FORD","Car","M",35,"30-39","Drivers"
"T20190003115","18/2/19",08:30:00,"Collision with vehicle","Monday","Day",2,2,"Cross intersection",2,999,"A",2005,"SEDAN","HOLDEN","Car","F",25,"22-25","Drivers"
"T20190003115","18/2/19",08:30:00,"Collision with vehicle","Monday","Day",2,2,"Cross intersection",2,999,"B",2016,"JEEP","JEEP","Station Wagon","F",29,"26-29","Drivers"
"T20190003122","18/2/19",15:10:00,"Struck Pedestrian","Monday","Day",1,2,"Not at intersection",2,40,"A",2018,"WAGON","MAZDA","Station Wagon","F",34,"30-39","Drivers"
"T20190003127","18/2/19",16:00:00,"Collision with vehicle","Monday","Day",3,4,"Not at intersection",2,60,"A",2005,"WAGON","FORD","Station Wagon","F",25,"22-25","Drivers"
"T20190003127","18/2/19",16:00:00,"Collision with vehicle","Monday","Day",3,4,"Not at intersection",2,60,"B",2011,"SEDAN","TOYOTA","Taxi","M",58,"50-59","Drivers"
"T20190003128","18/2/19",16:20:00,"Collision with vehicle","Monday","Day",2,2,"Cross intersection",2,999,"B",2004,"SEDAN","MITSUB","Car","M",33,"30-39","Drivers"
"T20190003129","18/2/19",13:30:00,"Collision with a fixed object","Monday","Day",1,1,"Not at intersection",2,50,"A",1997,"SEDAN","FORD","Car","M",22,"22-25","Drivers"
"T20190003130","18/2/19",17:12:00,"Collision with vehicle","Monday","Day",2,3,"Cross intersection",2,80,"A",2002,"COUPE","HONDA","Car","F",63,"60-64","Drivers"
"T20190003130","18/2/19",17:12:00,"Collision with vehicle","Monday","Day",2,3,"Cross intersection",2,80,"B",2005,"SEDAN","TOYOTA","Car","M",36,"30-39","Drivers"
"T20190003131","18/2/19",15:00:00,"Collision with vehicle","Monday","Day",2,2,"Cross intersection",3,60,"A",2017,"S WAG","FORD","Station Wagon","M",49,"40-49","Drivers"
"T20190003133","18/2/19",17:50:00,"Collision with vehicle","Monday","Day",2,3,"T intersection",2,50,"A",2003,"WAGON","TOYOTA","Station Wagon","F",34,"30-39","Drivers"
"T20190003133","18/2/19",17:50:00,"Collision with vehicle","Monday","Day",2,3,"T intersection",2,50,"B",2011,"SEDAN","HOLDEN","Car","F",49,"40-49","Drivers"
"T20190003137","18/2/19",15:50:00,"Collision with vehicle","Monday","Day",2,3,"Not at intersection",3,60,"A",2015,"S WAG","HOLDEN","Station Wagon","M",71,"70+","Drivers"
"T20190003137","18/2/19",15:50:00,"Collision with vehicle","Monday","Day",2,3,"Not at intersection",3,60,"B",2002,"SEDAN","FORD","Car","F",67,"64-69","Drivers"
"T20190003138","18/2/19",16:23:00,"Struck Pedestrian","Monday","Day",1,2,"T intersection",3,40,"A",2011,"WAGON","FORD","Station Wagon","F",43,"40-49","Drivers"
"T20190003139","18/2/19",16:00:00,"Struck Pedestrian","Monday","Day",1,2,"T intersection",2,80,"A",2008,"WAGON","FORD","Car","F",38,"30-39","Drivers"
"T20190003141","18/2/19",15:15:00,"Collision with vehicle","Monday","Day",2,2,"Not at intersection",3,50,"A",2011,"WAGON","VOLVO","Station Wagon","M",65,"64-69","Drivers"
"T20190003142","14/2/19",14:20:00,"Collision with vehicle","Thursday","Day",2,1,"Not at intersection",3,60,"A",2016,"SEDAN","HOLDEN","Car","F",75,"70+","Drivers"
"T20190003144","18/2/19",19:50:00,"Collision with vehicle","Monday","Day",2,3,"T intersection",3,60,"A",2012,"UTIL","ISUZU","Utility","M",30,"30-39","Drivers"
"T20190003144","18/2/19",19:50:00,"Collision with vehicle","Monday","Day",2,3,"T intersection",3,60,"B",2015,"SEDAN","TOYOTA","Car","M",69,"64-69","Drivers"
"T20190003146","18/2/19",14:55:00,"Collision with vehicle","Monday","Day",2,3,"T intersection",2,60,"A",2017,"TRAY","ISUZU","Heavy Vehicle (Rigid) > 4.5 Tonnes","M",32,"30-39","Drivers"
"T20190003146","18/2/19",14:55:00,"Collision with vehicle","Monday","Day",2,3,"T intersection",2,60,"B",2015,"SEDAN","TOYOTA","Car","M",79,"70+","Drivers"
"T20190003148","15/2/19",13:35:00,"Collision with vehicle","Friday","Day",3,3,"Not at intersection",3,100,"B",2000,"TIPPER","STERLI","Heavy Vehicle (Rigid) > 4.5 Tonnes","M",42,"40-49","Drivers"
"T20190003148","15/2/19",13:35:00,"Collision with vehicle","Friday","Day",3,3,"Not at intersection",3,100,"C",2015,"P MVR","KENWTH","Prime Mover B-Triple","M",29,"26-29","Drivers"
"T20190003149","18/2/19",20:20:00,"Collision with vehicle","Monday","Dark Street lights on",2,3,"Not at intersection",3,100,"A",0,"P VAN","TOYOTA","Panel Van","M",43,"40-49","Drivers"
"T20190003149","18/2/19",20:20:00,"Collision with vehicle","Monday","Dark Street lights on",2,3,"Not at intersection",3,100,"B",2016,"SEDAN","HOLDEN","Car","U",NA,"unknown","Drivers"
"T20190003150","18/2/19",19:05:00,"Collision with vehicle","Monday","Day",2,2,"Cross intersection",2,60,"B",2004,"SED","HOLDEN","Car","F",24,"22-25","Drivers"
"T20190003154","18/2/19",21:40:00,"Struck Pedestrian","Monday","Dark Street lights on",1,2,"T intersection",2,70,"A",2018,"SEDAN","UNKN","Car","F",46,"40-49","Drivers"
"T20190003157","18/2/19",23:33:00,"Collision with a fixed object","Monday","Dark No street lights",1,1,"Not at intersection",2,110,"A",2004,"SEDAN","HOLDEN","Car","F",54,"50-59","Drivers"
"T20190003160","18/2/19",16:10:00,"Collision with a fixed object","Monday","Day",2,2,"Not at intersection",3,70,"A",2012,"SEDAN","SUBARU","Car","F",74,"70+","Drivers"
"T20190003160","18/2/19",16:10:00,"Collision with a fixed object","Monday","Day",2,2,"Not at intersection",3,70,"B",2000,"SEDAN","FORD","Car","F",64,"60-64","Drivers"
"T20190003161","19/2/19",06:20:00,"Struck Pedestrian","Tuesday","Dusk/Dawn",1,2,"T intersection",2,60,"A",2018,"UTIL","FORD","Utility","M",66,"64-69","Drivers"
"T20190003163","17/2/19",17:10:00,"Collision with vehicle","Sunday","Day",2,3,"T intersection",3,60,"A",2008,"WAGON","HYNDAI","Station Wagon","F",37,"30-39","Drivers"
"T20190003163","17/2/19",17:10:00,"Collision with vehicle","Sunday","Day",2,3,"T intersection",3,60,"B",2015,"SEDAN","VOLKS","Car","F",23,"22-25","Drivers"
"T20190003166","18/2/19",22:15:00,"Collision with vehicle","Monday","Dark No street lights",2,2,"Cross intersection",3,100,"A",2001,"SEDAN","HOLDEN","Car","M",19,"17-21","Drivers"
"T20190003166","18/2/19",22:15:00,"Collision with vehicle","Monday","Dark No street lights",2,2,"Cross intersection",3,100,"B",2001,"SEDAN","MITSUB","Car","M",18,"17-21","Drivers"
"T20190003167","19/2/19",00:00:00,"Collision with vehicle","Tuesday","Dark Street lights on",2,2,"Not at intersection",3,50,"A",2011,"SEDAN","HYNDAI","Car","F",19,"17-21","Drivers"
"T20190003169","17/2/19",11:50:00,"Collision with a fixed object","Sunday","Day",1,3,"Not at intersection",2,60,"A",2011,"SEDAN","NISSAN","Car","F",41,"40-49","Drivers"
"T20190003171","18/2/19",07:19:00,"Collision with vehicle","Monday","Day",2,2,"T intersection",3,80,"A",2006,"SEDAN","TOYOTA","Car","M",21,"17-21","Drivers"
"T20190003171","18/2/19",07:19:00,"Collision with vehicle","Monday","Day",2,2,"T intersection",3,80,"B",2007,"S WAG","FORD","Station Wagon","M",45,"40-49","Drivers"
"T20190003173","19/2/19",06:30:00,"Struck animal","Tuesday","Dusk/Dawn",1,1,"Not at intersection",3,100,"A",2000,"SEDAN","NISSAN","Car","M",35,"30-39","Drivers"
"T20190003174","18/2/19",20:08:00,"Collision with a fixed object","Monday","Dusk/Dawn",1,1,"Not at intersection",3,100,"A",2018,"P MVR","SCANIA","Prime Mover B-Double","M",37,"30-39","Drivers"
"T20190003175","19/2/19",08:50:00,"Collision with vehicle","Tuesday","Day",2,5,"T intersection",3,50,"B",2008,"WAGON","TOYOTA","Station Wagon","F",37,"30-39","Drivers"
"T20190003176","19/2/19",06:40:00,"Collision with vehicle","Tuesday","Dusk/Dawn",3,3,"T intersection",2,80,"A",2006,"SEDAN","NISSAN","Car","F",25,"22-25","Drivers"
"T20190003176","19/2/19",06:40:00,"Collision with vehicle","Tuesday","Dusk/Dawn",3,3,"T intersection",2,80,"B",1998,"SEDAN","HYNDAI","Car","M",43,"40-49","Drivers"
"T20190003176","19/2/19",06:40:00,"Collision with vehicle","Tuesday","Dusk/Dawn",3,3,"T intersection",2,80,"C",2017,"DC UTE","HOLDEN","Utility","M",32,"30-39","Drivers"
"T20190003178","29/1/19",19:30:00,"Collision with vehicle","Tuesday","Unknown",2,2,"Not at intersection",3,60,"A",2013,"SEDAN","HOLDEN","Car","M",62,"60-64","Drivers"
"T20190003181","19/2/19",11:20:00,"Collision with vehicle","Tuesday","Day",2,3,"Cross intersection",3,50,"A",2015,"WAGON","MITSUB","Station Wagon","M",66,"64-69","Drivers"
"T20190003181","19/2/19",11:20:00,"Collision with vehicle","Tuesday","Day",2,3,"Cross intersection",3,50,"B",2016,"SEDAN","HOLDEN","Car","F",23,"22-25","Drivers"
"T20190003183","18/2/19",12:30:00,"Vehicle overturned (no collision)","Monday","Day",1,1,"Not at intersection",3,80,"A",2004,"DC UTE","TOYOTA","Utility","M",70,"70+","Drivers"
"T20190003184","19/2/19",10:12:00,"Collision with a fixed object","Tuesday","Day",1,4,"Not at intersection",2,100,"A",2007,"WAGON","KIA","Station Wagon","F",49,"40-49","Drivers"
"T20190003185","17/2/19",13:10:00,"Collision with vehicle","Sunday","Day",2,2,"T intersection",3,60,"B",2009,"WAGON","L ROV","Station Wagon","M",50,"50-59","Drivers"
"T20190003186","19/2/19",07:30:00,"Collision with vehicle","Tuesday","Day",2,2,"T intersection",3,50,"A",2010,"WAGON","MAZDA","Station Wagon","M",38,"30-39","Drivers"
"T20190003187","5/2/19",16:00:00,"Collision with vehicle","Tuesday","Day",2,3,"T intersection",3,60,"A",2013,"SEDAN","KIA","Car","M",39,"30-39","Drivers"
"T20190003187","5/2/19",16:00:00,"Collision with vehicle","Tuesday","Day",2,3,"T intersection",3,60,"B",2006,"WAGON","TOYOTA","Station Wagon","M",37,"30-39","Drivers"
"T20190003189","19/2/19",10:38:00,"Collision with vehicle","Tuesday","Day",3,4,"Not at intersection",2,70,"A",2015,"UTIL","FORD","Utility","M",30,"30-39","Drivers"
"T20190003189","19/2/19",10:38:00,"Collision with vehicle","Tuesday","Day",3,4,"Not at intersection",2,70,"B",2011,"WAGON","NISSAN","Station Wagon","F",83,"70+","Drivers"
"T20190003189","19/2/19",10:38:00,"Collision with vehicle","Tuesday","Day",3,4,"Not at intersection",2,70,"C",2014,"WAGON","FORD","Station Wagon","F",27,"26-29","Drivers"
"T20190003193","15/2/19",12:45:00,"Struck Pedestrian","Friday","Day",1,2,"Not at intersection",3,40,"A",2005,"SEDAN","REN","Car","F",81,"70+","Drivers"
"T20190003201","19/2/19",13:17:00,"Collision with vehicle","Tuesday","Day",2,2,"Cross intersection",3,60,"A",2017,"WAGON","B M W","Station Wagon","F",22,"22-25","Drivers"
"T20190003201","19/2/19",13:17:00,"Collision with vehicle","Tuesday","Day",2,2,"Cross intersection",3,60,"B",2002,"SEDAN","HYNDAI","Car","F",55,"50-59","Drivers"
"T20190003204","17/2/19",06:50:00,"Collision with vehicle","Sunday","Dusk/Dawn",2,2,"Cross intersection",2,80,"A",2000,"TRAY","SCANIA","Heavy Vehicle (Rigid) > 4.5 Tonnes","M",50,"50-59","Drivers"
"T20190003204","17/2/19",06:50:00,"Collision with vehicle","Sunday","Dusk/Dawn",2,2,"Cross intersection",2,80,"B",2014,"WAGON","KIA","Station Wagon","F",36,"30-39","Drivers"
"T20190003206","19/2/19",08:05:00,"Collision with a fixed object","Tuesday","Day",1,3,"Not at intersection",3,80,"A",2001,"WAGON","TOYOTA","Station Wagon","F",49,"40-49","Drivers"
"T20190003208","19/2/19",15:30:00,"Collision with vehicle","Tuesday","Day",3,7,"Not at intersection",2,80,"A",2016,"VAN","TOYOTA","Panel Van","M",53,"50-59","Drivers"