"ACCIDENT_NO","ACCIDENTDATE","ACCIDENTTIME","Accident Type Desc","Day Week Description","Light Condition Desc","NO_OF_VEHICLES","NO_PERSONS","Road Geometry Desc","SEVERITY","SPEED_ZONE","VEHICLE_ID","VEHICLE_YEAR_MANUF","VEHICLE_BODY_STYLE","VEHICLE_MAKE","Vehicle Type Desc","SEX","AGE","Age Group","Road User Type Desc"
"T20190003208","19/2/19",15:30:00,"Collision with vehicle","Tuesday","Day",3,7,"Not at intersection",2,80,"B",2008,"WAGON","TOYOTA","Station Wagon","F",38,"30-39","Drivers"
"T20190003208","19/2/19",15:30:00,"Collision with vehicle","Tuesday","Day",3,7,"Not at intersection",2,80,"C",2015,"T SDS","MAZDA","Light Commercial Vehicle (Rigid) <= 4.5 Tonnes GVM","M",32,"30-39","Drivers"
"T20190003209","2/2/19",10:45:00,"Collision with vehicle","Saturday","Day",2,2,"T intersection",3,60,"A",2009,"VAN","TOYOTA","Panel Van","M",35,"30-39","Drivers"
"T20190003209","2/2/19",10:45:00,"Collision with vehicle","Saturday","Day",2,2,"T intersection",3,60,"B",2016,"WAGON","MAZDA","Station Wagon","M",51,"50-59","Drivers"
"T20190003210","19/2/19",13:55:00,"Collision with vehicle","Tuesday","Day",3,4,"Not at intersection",3,70,"A",2015,"SEDAN","VOLKS","Car","M",26,"26-29","Drivers"
"T20190003210","19/2/19",13:55:00,"Collision with vehicle","Tuesday","Day",3,4,"Not at intersection",3,70,"B",2009,"WAGON","LEXUS","Station Wagon","F",54,"50-59","Drivers"
"T20190003210","19/2/19",13:55:00,"Collision with vehicle","Tuesday","Day",3,4,"Not at intersection",3,70,"C",2009,"SEDAN","HONDA","Car","F",54,"50-59","Drivers"
"T20190003213","19/2/19",13:45:00,"Collision with vehicle","Tuesday","Day",2,2,"Not at intersection",3,60,"B",2011,"WAGON","HOLDEN","Station Wagon","U",NA,"unknown","Drivers"
"T20190003214","19/2/19",17:22:00,"Collision with vehicle","Tuesday","Day",2,1,"Not at intersection",3,50,"A",2013,"SEDAN","MAZDA","Car","F",88,"70+","Drivers"
"T20190003216","19/2/19",14:07:00,"Collision with vehicle","Tuesday","Day",3,3,"Not at intersection",2,60,"A",2009,"SEDAN","HONDA","Car","F",46,"40-49","Drivers"
"T20190003216","19/2/19",14:07:00,"Collision with vehicle","Tuesday","Day",3,3,"Not at intersection",2,60,"B",2018,"VAN","VOLKS","Panel Van","M",31,"30-39","Drivers"
"T20190003216","19/2/19",14:07:00,"Collision with vehicle","Tuesday","Day",3,3,"Not at intersection",2,60,"C",2011,"SEDAN","TOYOTA","Car","M",53,"50-59","Drivers"
"T20190003221","19/2/19",18:50:00,"Collision with vehicle","Tuesday","Day",2,2,"Not at intersection",3,60,"B",2010,"WAGON","HOLDEN","Station Wagon","M",19,"17-21","Drivers"
"T20190003222","19/2/19",17:45:00,"Collision with vehicle","Tuesday","Day",2,2,"Not at intersection",3,888,"A",2003,"UTIL","HOLDEN","Utility","M",62,"60-64","Drivers"
"T20190003224","19/2/19",08:53:00,"No collision and no object struck","Tuesday","Day",2,2,"Not at intersection",2,40,"B",2005,"SEDAN","PEUG","Car","M",39,"30-39","Drivers"
"T20190003225","19/2/19",16:05:00,"Collision with vehicle","Tuesday","Day",2,2,"Not at intersection",3,999,"A",2010,"DC UTE","TOYOTA","Utility","M",56,"50-59","Drivers"
"T20190003225","19/2/19",16:05:00,"Collision with vehicle","Tuesday","Day",2,2,"Not at intersection",3,999,"B",2017,"SEDAN","VOLKS","Car","M",18,"17-21","Drivers"
"T20190003227","19/2/19",17:50:00,"Collision with vehicle","Tuesday","Day",5,5,"Not at intersection",3,100,"A",2000,"P MVR","F LINE","Prime Mover - Single Trailer","M",62,"60-64","Drivers"
"T20190003227","19/2/19",17:50:00,"Collision with vehicle","Tuesday","Day",5,5,"Not at intersection",3,100,"B",2009,"UTIL","NISSAN","Utility","M",25,"22-25","Drivers"
"T20190003227","19/2/19",17:50:00,"Collision with vehicle","Tuesday","Day",5,5,"Not at intersection",3,100,"C",2015,"WAGON","MITSUB","Station Wagon","F",29,"26-29","Drivers"
"T20190003227","19/2/19",17:50:00,"Collision with vehicle","Tuesday","Day",5,5,"Not at intersection",3,100,"D",2014,"WAGON","JEEP","Station Wagon","F",57,"50-59","Drivers"
"T20190003227","19/2/19",17:50:00,"Collision with vehicle","Tuesday","Day",5,5,"Not at intersection",3,100,"E",2017,"WAGON","TOYOTA","Station Wagon","M",45,"40-49","Drivers"
"T20190003229","19/2/19",21:00:00,"Struck Pedestrian","Tuesday","Dark Street lights on",1,7,"T intersection",3,50,"A",2007,"WAGON","HOLDEN","Station Wagon","F",31,"30-39","Drivers"
"T20190003230","19/2/19",17:00:00,"Collision with vehicle","Tuesday","Day",3,3,"Cross intersection",3,70,"A",2014,"WAGON","MERC B","Station Wagon","F",38,"30-39","Drivers"
"T20190003230","19/2/19",17:00:00,"Collision with vehicle","Tuesday","Day",3,3,"Cross intersection",3,70,"B",2018,"UTIL","FORD","Utility","M",60,"60-64","Drivers"
"T20190003230","19/2/19",17:00:00,"Collision with vehicle","Tuesday","Day",3,3,"Cross intersection",3,70,"C",2018,"DC UTE","FORD","Utility","M",37,"30-39","Drivers"
"T20190003231","19/2/19",20:45:00,"Collision with a fixed object","Tuesday","Dark No street lights",1,1,"Not at intersection",3,60,"A",1985,"WAGON","TOYOTA","Station Wagon","M",25,"22-25","Drivers"
"T20190003235","19/2/19",15:15:00,"Collision with vehicle","Tuesday","Day",2,2,"T intersection",3,80,"A",2018,"SEDAN","HYNDAI","Car","M",63,"60-64","Drivers"
"T20190003235","19/2/19",15:15:00,"Collision with vehicle","Tuesday","Day",2,2,"T intersection",3,80,"B",2009,"WAGON","HOLDEN","Station Wagon","F",78,"70+","Drivers"
"T20190003237","19/2/19",22:20:00,"Collision with vehicle","Tuesday","Dark No street lights",2,4,"Not at intersection",2,100,"A",2013,"WAGON","HOLDEN","Station Wagon","M",60,"60-64","Drivers"
"T20190003237","19/2/19",22:20:00,"Collision with vehicle","Tuesday","Dark No street lights",2,4,"Not at intersection",2,100,"B",2016,"S WAG","MAZDA","Car","M",32,"30-39","Drivers"
"T20190003238","19/2/19",23:02:00,"Collision with a fixed object","Tuesday","Dark Street lights on",1,1,"Not at intersection",2,60,"A",2005,"SEDAN","HOLDEN","Car","M",22,"22-25","Drivers"
"T20190003239","20/2/19",00:25:00,"Collision with vehicle","Wednesday","Dark No street lights",2,2,"Not at intersection",3,60,"A",2003,"UTIL","FORD","Utility","M",43,"40-49","Drivers"
"T20190003239","20/2/19",00:25:00,"Collision with vehicle","Wednesday","Dark No street lights",2,2,"Not at intersection",3,60,"B",2007,"P MVR","VOLVO","Prime Mover - Single Trailer","M",66,"64-69","Drivers"
"T20190003240","19/2/19",22:51:00,"Collision with vehicle","Tuesday","Dark Street lights on",2,3,"Cross intersection",3,50,"A",2000,"SEDAN","MITSUB","Car","U",NA,"unknown","Drivers"
"T20190003240","19/2/19",22:51:00,"Collision with vehicle","Tuesday","Dark Street lights on",2,3,"Cross intersection",3,50,"B",2018,"WAGON","L ROV","Station Wagon","F",42,"40-49","Drivers"
"T20190003241","20/2/19",01:10:00,"Collision with a fixed object","Wednesday","Dark Street lights on",1,4,"Not at intersection",3,60,"A",2007,"SEDAN","B M W","Car","M",18,"17-21","Drivers"
"T20190003243","20/2/19",03:45:00,"Collision with a fixed object","Wednesday","Dark Street lights on",1,2,"T intersection",2,80,"A",2006,"SEDAN","KIA","Car","F",NA,"unknown","Drivers"
"T20190003244","19/2/19",13:50:00,"Collision with vehicle","Tuesday","Day",3,3,"Not at intersection",2,100,"A",2013,"SEDAN","NISSAN","Car","F",64,"60-64","Drivers"
"T20190003244","19/2/19",13:50:00,"Collision with vehicle","Tuesday","Day",3,3,"Not at intersection",2,100,"B",2016,"TRAY","ISUZU","Heavy Vehicle (Rigid) > 4.5 Tonnes","M",27,"26-29","Drivers"
"T20190003244","19/2/19",13:50:00,"Collision with vehicle","Tuesday","Day",3,3,"Not at intersection",2,100,"C",2009,"SEDAN","HYNDAI","Car","M",42,"40-49","Drivers"
"T20190003248","13/2/19",10:00:00,"Collision with vehicle","Wednesday","Day",2,3,"Not at intersection",3,80,"A",2007,"SEDAN","HOLDEN","Car","F",28,"26-29","Drivers"
"T20190003248","13/2/19",10:00:00,"Collision with vehicle","Wednesday","Day",2,3,"Not at intersection",3,80,"B",2001,"WAGON","HONDA","Station Wagon","M",79,"70+","Drivers"
"T20190003252","15/2/19",16:20:00,"Struck Pedestrian","Friday","Day",1,2,"T intersection",3,40,"A",2011,"WAGON","NISSAN","Station Wagon","F",40,"40-49","Drivers"
"T20190003254","19/2/19",16:00:00,"Collision with vehicle","Tuesday","Day",4,4,"Not at intersection",3,80,"A",2018,"WAGON","NISSAN","Station Wagon","M",35,"30-39","Drivers"
"T20190003254","19/2/19",16:00:00,"Collision with vehicle","Tuesday","Day",4,4,"Not at intersection",3,80,"B",2005,"WAGON","NISSAN","Station Wagon","F",57,"50-59","Drivers"
"T20190003254","19/2/19",16:00:00,"Collision with vehicle","Tuesday","Day",4,4,"Not at intersection",3,80,"C",1996,"WAGON","TOYOTA","Station Wagon","M",48,"40-49","Drivers"
"T20190003254","19/2/19",16:00:00,"Collision with vehicle","Tuesday","Day",4,4,"Not at intersection",3,80,"D",2006,"SEDAN","HONDA","Car","M",22,"22-25","Drivers"
"T20190003257","22/1/19",15:58:00,"Collision with a fixed object","Tuesday","Day",1,1,"Not at intersection",3,100,"A",2016,"WAGON","FORD","Station Wagon","F",62,"60-64","Drivers"
"T20190003261","20/2/19",10:00:00,"Struck Pedestrian","Wednesday","Day",1,5,"Cross intersection",2,60,"A",2010,"SEDAN","HONDA","Car","M",19,"17-21","Drivers"
"T20190003263","20/2/19",09:27:00,"Collision with vehicle","Wednesday","Day",2,2,"Cross intersection",3,80,"A",2009,"SEDAN","HONDA","Car","F",41,"40-49","Drivers"
"T20190003263","20/2/19",09:27:00,"Collision with vehicle","Wednesday","Day",2,2,"Cross intersection",3,80,"B",2011,"DC UTE","TOYOTA","Utility","F",32,"30-39","Drivers"
"T20190003264","20/2/19",07:00:00,"Collision with vehicle","Wednesday","Day",2,2,"Not at intersection",3,60,"A",2016,"SEDAN","MAZDA","Car","M",22,"22-25","Drivers"
"T20190003264","20/2/19",07:00:00,"Collision with vehicle","Wednesday","Day",2,2,"Not at intersection",3,60,"B",1999,"SEDAN","TOYOTA","Car","F",19,"17-21","Drivers"
"T20190003267","20/2/19",09:27:00,"Collision with vehicle","Wednesday","Day",2,4,"Multiple intersection",3,50,"A",2007,"SEDAN","MAZDA","Car","M",27,"26-29","Drivers"
"T20190003267","20/2/19",09:27:00,"Collision with vehicle","Wednesday","Day",2,4,"Multiple intersection",3,50,"B",2001,"TRAY","NISSAN","Light Commercial Vehicle (Rigid) <= 4.5 Tonnes GVM","M",74,"70+","Drivers"
"T20190003268","20/2/19",11:45:00,"Collision with vehicle","Wednesday","Day",2,2,"Cross intersection",2,60,"A",2011,"SEDAN","HONDA","Car","F",67,"64-69","Drivers"
"T20190003268","20/2/19",11:45:00,"Collision with vehicle","Wednesday","Day",2,2,"Cross intersection",2,60,"B",2008,"SEDAN","TOYOTA","Car","F",79,"70+","Drivers"
"T20190003270","20/2/19",10:25:00,"Collision with vehicle","Wednesday","Day",3,3,"T intersection",2,60,"A",2015,"COUPE","B M W","Car","M",35,"30-39","Drivers"
"T20190003270","20/2/19",10:25:00,"Collision with vehicle","Wednesday","Day",3,3,"T intersection",2,60,"B",2013,"SEDAN","MAZDA","Car","F",70,"70+","Drivers"
"T20190003270","20/2/19",10:25:00,"Collision with vehicle","Wednesday","Day",3,3,"T intersection",2,60,"C",2018,"WAGON","HYNDAI","Station Wagon","F",65,"64-69","Drivers"
"T20190003271","20/2/19",10:40:00,"Collision with vehicle","Wednesday","Day",2,2,"Not at intersection",3,999,"B",2003,"SEDAN","FORD","Car","U",32,"30-39","Drivers"
"T20190003275","20/2/19",12:22:00,"Collision with vehicle","Wednesday","Day",3,3,"Not at intersection",2,80,"A",2016,"DC UTE","MAZDA","Utility","M",49,"40-49","Drivers"
"T20190003275","20/2/19",12:22:00,"Collision with vehicle","Wednesday","Day",3,3,"Not at intersection",2,80,"B",2009,"TRAY","U D","Light Commercial Vehicle (Rigid) <= 4.5 Tonnes GVM","M",33,"30-39","Drivers"
"T20190003275","20/2/19",12:22:00,"Collision with vehicle","Wednesday","Day",3,3,"Not at intersection",2,80,"C",2013,"DC UTE","HOLDEN","Utility","F",51,"50-59","Drivers"
"T20190003278","20/2/19",13:49:00,"Collision with vehicle","Wednesday","Day",2,2,"Not at intersection",3,40,"A",2011,"SEDAN","HOLDEN","Car","F",72,"70+","Drivers"
"T20190003279","8/2/19",15:15:00,"Collision with vehicle","Friday","Day",2,2,"T intersection",3,60,"A",2010,"SEDAN","FORD","Car","F",43,"40-49","Drivers"
"T20190003279","8/2/19",15:15:00,"Collision with vehicle","Friday","Day",2,2,"T intersection",3,60,"B",2002,"SEDAN","REN","Car","M",77,"70+","Drivers"
"T20190003281","20/2/19",11:20:00,"Fall from or in moving vehicle","Wednesday","Day",1,4,"Not at intersection",3,50,"A",2011,"SED","TOYOTA","Car","M",77,"70+","Drivers"
"T20190003285","17/2/19",16:55:00,"collision with some other object","Sunday","Day",1,1,"Not at intersection",2,110,"A",2005,"SEDAN","MAZDA","Car","M",18,"17-21","Drivers"
"T20190003288","20/2/19",11:50:00,"Collision with vehicle","Wednesday","Day",2,3,"Not at intersection",3,100,"A",2014,"BD/PMR","KENWTH","Prime Mover Only","F",33,"30-39","Drivers"
"T20190003288","20/2/19",11:50:00,"Collision with vehicle","Wednesday","Day",2,3,"Not at intersection",3,100,"B",2000,"SEDAN","FORD","Car","M",58,"50-59","Drivers"
"T20190003289","20/2/19",12:53:00,"Collision with a fixed object","Wednesday","Day",1,2,"Not at intersection",3,80,"A",2018,"DC UTE","FORD","Utility","M",34,"30-39","Drivers"
"T20190003290","2/2/19",11:30:00,"Collision with vehicle","Saturday","Day",2,6,"Cross intersection",3,50,"A",2016,"WAGON","MAZDA","Station Wagon","M",52,"50-59","Drivers"
"T20190003290","2/2/19",11:30:00,"Collision with vehicle","Saturday","Day",2,6,"Cross intersection",3,50,"B",2010,"WAGON","HOLDEN","Station Wagon","M",40,"40-49","Drivers"
"T20190003291","20/2/19",16:15:00,"Collision with vehicle","Wednesday","Day",2,2,"T intersection",3,60,"A",2007,"SEDAN","TOYOTA","Car","F",76,"70+","Drivers"
"T20190003292","20/2/19",17:23:00,"Collision with vehicle","Wednesday","Day",2,2,"Not at intersection",3,100,"A",2013,"WAGON","HONDA","Car","F",44,"40-49","Drivers"
"T20190003292","20/2/19",17:23:00,"Collision with vehicle","Wednesday","Day",2,2,"Not at intersection",3,100,"B",2009,"WAGON","JEEP","Car","F",25,"22-25","Drivers"
"T20190003293","20/2/19",18:10:00,"Collision with vehicle","Wednesday","Day",3,4,"Not at intersection",3,60,"A",2013,"WAGON","KIA","Station Wagon","F",40,"40-49","Drivers"
"T20190003293","20/2/19",18:10:00,"Collision with vehicle","Wednesday","Day",3,4,"Not at intersection",3,60,"B",2005,"SEDAN","MAZDA","Car","F",31,"30-39","Drivers"
"T20190003293","20/2/19",18:10:00,"Collision with vehicle","Wednesday","Day",3,4,"Not at intersection",3,60,"C",2000,"SEDAN","FORD","Car","M",41,"40-49","Drivers"
"T20190003295","20/2/19",18:00:00,"Collision with vehicle","Wednesday","Day",3,5,"Not at intersection",2,80,"A",1997,"SEDAN","HOLDEN","Car","F",54,"50-59","Drivers"
"T20190003295","20/2/19",18:00:00,"Collision with vehicle","Wednesday","Day",3,5,"Not at intersection",2,80,"B",2005,"WAGON","KIA","Station Wagon","M",79,"70+","Drivers"
"T20190003295","20/2/19",18:00:00,"Collision with vehicle","Wednesday","Day",3,5,"Not at intersection",2,80,"C",2008,"WAGON","AUDI","Station Wagon","F",29,"26-29","Drivers"
"T20190003296","20/2/19",15:35:00,"Collision with vehicle","Wednesday","Day",4,3,"Cross intersection",2,50,"A",2005,"SEDAN","FORD","Car","M",48,"40-49","Drivers"
"T20190003296","20/2/19",15:35:00,"Collision with vehicle","Wednesday","Day",4,3,"Cross intersection",2,50,"B",2014,"SEDAN","MAZDA","Car","F",56,"50-59","Drivers"
"T20190003296","20/2/19",15:35:00,"Collision with vehicle","Wednesday","Day",4,3,"Cross intersection",2,50,"C",2018,"VAN","TOYOTA","Panel Van","M",31,"30-39","Drivers"
"T20190003298","20/2/19",18:40:00,"Collision with vehicle","Wednesday","Day",3,3,"T intersection",3,60,"B",2013,"SEDAN","MERC B","Car","F",43,"40-49","Drivers"
"T20190003298","20/2/19",18:40:00,"Collision with vehicle","Wednesday","Day",3,3,"T intersection",3,60,"C",0,"SED","HYU","Car","M",35,"30-39","Drivers"
"T20190003299","20/2/19",16:08:00,"Struck Pedestrian","Wednesday","Day",2,2,"Cross intersection",3,50,"A",2005,"SEDAN","HOLDEN","Car","M",19,"17-21","Drivers"
"T20190003300","20/2/19",17:06:00,"Collision with a fixed object","Wednesday","Day",1,1,"T intersection",2,50,"A",2005,"SEDAN","MITSUB","Car","F",68,"64-69","Drivers"
"T20190003301","20/2/19",17:53:00,"Collision with vehicle","Wednesday","Day",5,7,"Not at intersection",3,60,"A",2011,"SEDAN","TOYOTA","Car","F",36,"30-39","Drivers"
"T20190003301","20/2/19",17:53:00,"Collision with vehicle","Wednesday","Day",5,7,"Not at intersection",3,60,"B",2008,"SEDAN","NISSAN","Car","M",69,"64-69","Drivers"
"T20190003301","20/2/19",17:53:00,"Collision with vehicle","Wednesday","Day",5,7,"Not at intersection",3,60,"C",2001,"S WAG","HOLDEN","Station Wagon","M",47,"40-49","Drivers"
"T20190003301","20/2/19",17:53:00,"Collision with vehicle","Wednesday","Day",5,7,"Not at intersection",3,60,"D",2016,"SEDAN","MERC B","Car","F",41,"40-49","Drivers"
"T20190003303","20/2/19",18:45:00,"Struck Pedestrian","Wednesday","Day",1,3,"Not at intersection",2,60,"A",2004,"WAGON","B M W","Station Wagon","M",45,"40-49","Drivers"
"T20190003305","19/2/19",22:05:00,"Collision with vehicle","Tuesday","Dark Street lights on",2,2,"T intersection",3,70,"A",2008,"UTIL","MITSUB","Utility","U",NA,"unknown","Drivers"
"T20190003305","19/2/19",22:05:00,"Collision with vehicle","Tuesday","Dark Street lights on",2,2,"T intersection",3,70,"B",2002,"SEDAN","JAGUAR","Car","F",32,"30-39","Drivers"
"T20190003307","20/2/19",22:15:00,"Collision with vehicle","Wednesday","Dark Street lights on",2,2,"T intersection",2,60,"A",2005,"SEDAN","TOYOTA","Car","F",74,"70+","Drivers"
"T20190003307","20/2/19",22:15:00,"Collision with vehicle","Wednesday","Dark Street lights on",2,2,"T intersection",2,60,"B",2017,"WAGON","MAZDA","Station Wagon","M",36,"30-39","Drivers"
"T20190003308","20/2/19",05:19:00,"Collision with a fixed object","Wednesday","Dark No street lights",1,3,"Not at intersection",2,100,"A",2008,"S WAG","FORD","Station Wagon","M",32,"30-39","Drivers"
"T20190003309","20/2/19",22:53:00,"Collision with vehicle","Wednesday","Dark Street lights on",2,2,"T intersection",2,60,"B",2008,"SEDAN","FORD","Car","M",21,"17-21","Drivers"
"T20190003311","20/2/19",22:22:00,"Collision with vehicle","Wednesday","Dark Street lights on",3,3,"Not at intersection",2,80,"A",2018,"WAGON","MITSUB","Station Wagon","F",55,"50-59","Drivers"
"T20190003311","20/2/19",22:22:00,"Collision with vehicle","Wednesday","Dark Street lights on",3,3,"Not at intersection",2,80,"B",2017,"WAGON","SUBARU","Station Wagon","M",66,"64-69","Drivers"
"T20190003311","20/2/19",22:22:00,"Collision with vehicle","Wednesday","Dark Street lights on",3,3,"Not at intersection",2,80,"C",2002,"SEDAN","NISSAN","Car","F",27,"26-29","Drivers"
"T20190003312","20/2/19",23:33:00,"Collision with vehicle","Wednesday","Dark Street lights on",2,2,"T intersection",3,60,"A",0,"SED","HOLDEN","Car","M",28,"26-29","Drivers"
"T20190003312","20/2/19",23:33:00,"Collision with vehicle","Wednesday","Dark Street lights on",2,2,"T intersection",3,60,"B",2012,"VAN","MERC B","Panel Van","F",46,"40-49","Drivers"
"T20190003320","21/2/19",06:00:00,"Collision with vehicle","Thursday","Dark No street lights",3,3,"Not at intersection",3,100,"A",2009,"UTIL","TOYOTA","Utility","M",24,"22-25","Drivers"
"T20190003320","21/2/19",06:00:00,"Collision with vehicle","Thursday","Dark No street lights",3,3,"Not at intersection",3,100,"B",2012,"SEDAN","HOLDEN","Car","M",46,"40-49","Drivers"
"T20190003320","21/2/19",06:00:00,"Collision with vehicle","Thursday","Dark No street lights",3,3,"Not at intersection",3,100,"C",2011,"SEDAN","HOLDEN","Car","M",22,"22-25","Drivers"
"T20190003321","20/2/19",13:20:00,"Collision with vehicle","Wednesday","Day",2,3,"Not at intersection",2,70,"A",2002,"DC UTE","TOYOTA","Utility","M",32,"30-39","Drivers"
"T20190003321","20/2/19",13:20:00,"Collision with vehicle","Wednesday","Day",2,3,"Not at intersection",2,70,"B",2018,"WAGON","HOLDEN","Station Wagon","M",57,"50-59","Drivers"
"T20190003325","19/2/19",13:15:00,"Collision with vehicle","Tuesday","Day",2,2,"Cross intersection",3,50,"A",2013,"SEDAN","CHRYS","Car","M",42,"40-49","Drivers"
"T20190003325","19/2/19",13:15:00,"Collision with vehicle","Tuesday","Day",2,2,"Cross intersection",3,50,"B",2005,"VAN","CITRN","Light Commercial Vehicle (Rigid) <= 4.5 Tonnes GVM","M",30,"30-39","Drivers"
"T20190003330","21/2/19",06:20:00,"Collision with vehicle","Thursday","Dusk/Dawn",2,2,"T intersection",3,60,"A",2017,"SEDAN","KIA","Car","F",52,"50-59","Drivers"
"T20190003332","21/2/19",07:15:00,"Vehicle overturned (no collision)","Thursday","Day",1,1,"Not at intersection",3,100,"A",2005,"SEDAN","FORD","Car","M",18,"17-21","Drivers"
"T20190003333","21/2/19",10:40:00,"Collision with vehicle","Thursday","Day",2,2,"T intersection",3,50,"A",2014,"SEDAN","HYNDAI","Car","F",82,"70+","Drivers"
"T20190003337","20/2/19",10:30:00,"Collision with vehicle","Wednesday","Day",2,2,"Not at intersection",3,40,"A",2013,"VAN","TOYOTA","Panel Van","M",38,"30-39","Drivers"
"T20190003341","20/2/19",21:30:00,"Collision with vehicle","Wednesday","Dark Street lights on",2,2,"T intersection",3,70,"A",2003,"SEDAN","TOYOTA","Car","F",47,"40-49","Drivers"
"T20190003341","20/2/19",21:30:00,"Collision with vehicle","Wednesday","Dark Street lights on",2,2,"T intersection",3,70,"B",2015,"SEDAN","HYNDAI","Car","F",29,"26-29","Drivers"
"T20190003345","20/2/19",19:50:00,"Collision with vehicle","Wednesday","Day",2,3,"T intersection",3,50,"A",2003,"WAGON","NISSAN","Station Wagon","F",38,"30-39","Drivers"
"T20190003345","20/2/19",19:50:00,"Collision with vehicle","Wednesday","Day",2,3,"T intersection",3,50,"B",1997,"COUPE","TOYOTA","Car","M",21,"17-21","Drivers"
"T20190003348","21/2/19",11:45:00,"Collision with vehicle","Thursday","Day",2,3,"Not at intersection",3,60,"A",2001,"SEDAN","FORD","Car","M",46,"40-49","Drivers"
"T20190003348","21/2/19",11:45:00,"Collision with vehicle","Thursday","Day",2,3,"Not at intersection",3,60,"B",2013,"SEDAN","TOYOTA","Car","M",74,"70+","Drivers"
"T20190003349","21/2/19",12:49:00,"Collision with vehicle","Thursday","Day",2,2,"Cross intersection",2,60,"B",2006,"C MIX","KENWTH","Heavy Vehicle (Rigid) > 4.5 Tonnes","M",48,"40-49","Drivers"
"T20190003352","21/2/19",13:09:00,"collision with some other object","Thursday","Day",1,1,"Not at intersection",3,60,"A",2002,"SEDAN","HOLDEN","Car","F",51,"50-59","Drivers"
"T20190003354","20/2/19",16:48:00,"Collision with vehicle","Wednesday","Day",2,2,"T intersection",3,80,"A",2004,"SEDAN","TOYOTA","Car","F",24,"22-25","Drivers"
"T20190003360","21/2/19",08:30:00,"Collision with vehicle","Thursday","Day",2,2,"Cross intersection",2,60,"B",2018,"WAGON","KIA","Station Wagon","F",46,"40-49","Drivers"
"T20190003365","20/2/19",11:53:00,"Struck Pedestrian","Wednesday","Day",1,3,"Cross intersection",2,60,"A",0,"SEDAN","UNKN","Car","U",NA,"unknown","Drivers"
"T20190003368","21/2/19",16:30:00,"Struck Pedestrian","Thursday","Day",1,2,"Not at intersection",2,60,"A",1990,"SEDAN","NISSAN","Car","M",25,"22-25","Drivers"
"T20190003369","21/2/19",15:16:00,"Collision with vehicle","Thursday","Day",3,4,"T intersection",2,100,"A",2010,"SEDAN","HYNDAI","Car","F",21,"17-21","Drivers"
"T20190003369","21/2/19",15:16:00,"Collision with vehicle","Thursday","Day",3,4,"T intersection",2,100,"B",2014,"TRAY","TOYOTA","Light Commercial Vehicle (Rigid) <= 4.5 Tonnes GVM","F",24,"22-25","Drivers"
"T20190003369","21/2/19",15:16:00,"Collision with vehicle","Thursday","Day",3,4,"T intersection",2,100,"C",2008,"WAGON","MITSUB","Station Wagon","M",62,"60-64","Drivers"
"T20190003370","21/2/19",16:15:00,"Collision with a fixed object","Thursday","Day",1,1,"Not at intersection",2,80,"A",2003,"S WAG","HONDA","Station Wagon","F",21,"17-21","Drivers"
"T20190003371","21/2/19",15:00:00,"Collision with vehicle","Thursday","Day",2,2,"Cross intersection",3,60,"A",2017,"SEDAN","HYNDAI","Car","F",24,"22-25","Drivers"
"T20190003371","21/2/19",15:00:00,"Collision with vehicle","Thursday","Day",2,2,"Cross intersection",3,60,"B",2013,"SEDAN","TOYOTA","Car","F",76,"70+","Drivers"
"T20190003372","21/2/19",10:00:00,"Collision with vehicle","Thursday","Day",2,3,"Cross intersection",3,60,"A",2016,"SEDAN","KIA","Car","F",31,"30-39","Drivers"
"T20190003372","21/2/19",10:00:00,"Collision with vehicle","Thursday","Day",2,3,"Cross intersection",3,60,"B",2003,"SEDAN","B M W","Car","M",76,"70+","Drivers"
"T20190003374","21/2/19",16:45:00,"Collision with vehicle","Thursday","Day",2,2,"Cross intersection",3,50,"A",2010,"SED","LEXUS","Car","F",56,"50-59","Drivers"
"T20190003374","21/2/19",16:45:00,"Collision with vehicle","Thursday","Day",2,2,"Cross intersection",3,50,"B",2001,"WAGON","B M W","Station Wagon","M",62,"60-64","Drivers"
"T20190003376","21/2/19",16:45:00,"Collision with a fixed object","Thursday","Day",1,3,"Not at intersection",2,110,"A",2001,"SEDAN","HOLDEN","Car","F",51,"50-59","Drivers"
"T20190003378","21/2/19",16:05:00,"Collision with vehicle","Thursday","Day",2,2,"T intersection",3,50,"A",2004,"WAGON","HOLDEN","Station Wagon","F",45,"40-49","Drivers"
"T20190003378","21/2/19",16:05:00,"Collision with vehicle","Thursday","Day",2,2,"T intersection",3,50,"B",2005,"UTIL","HOLDEN","Utility","M",21,"17-21","Drivers"
"T20190003379","21/2/19",17:40:00,"Collision with vehicle","Thursday","Day",2,2,"Cross intersection",3,60,"A",2007,"RDSTR","VOLKS","Car","M",62,"60-64","Drivers"
"T20190003380","16/2/19",15:01:00,"Collision with vehicle","Saturday","Day",2,2,"Cross intersection",3,999,"A",2016,"SEDAN","B M W","Car","M",48,"40-49","Drivers"
"T20190003381","21/2/19",17:16:00,"Collision with vehicle","Thursday","Day",3,6,"Not at intersection",3,80,"A",2010,"WAGON","FORD","Station Wagon","F",50,"50-59","Drivers"
"T20190003381","21/2/19",17:16:00,"Collision with vehicle","Thursday","Day",3,6,"Not at intersection",3,80,"B",2015,"SEDAN","VOLKS","Car","M",59,"50-59","Drivers"
"T20190003381","21/2/19",17:16:00,"Collision with vehicle","Thursday","Day",3,6,"Not at intersection",3,80,"C",2001,"WAGON","MITSUB","Station Wagon","M",29,"26-29","Drivers"