"ACCIDENT_NO","ACCIDENTDATE","ACCIDENTTIME","Accident Type Desc","Day Week Description","Light Condition Desc","NO_OF_VEHICLES","NO_PERSONS","Road Geometry Desc","SEVERITY","SPEED_ZONE","VEHICLE_ID","VEHICLE_YEAR_MANUF","VEHICLE_BODY_STYLE","VEHICLE_MAKE","Vehicle Type Desc","SEX","AGE","Age Group","Road User Type Desc"
"T20190003383","21/2/19",18:23:00,"Collision with vehicle","Thursday","Day",2,2,"Cross intersection",3,50,"A",1996,"UTIL","FORD","Utility","M",40,"40-49","Drivers"
"T20190003387","21/2/19",14:20:00,"Collision with vehicle","Thursday","Day",2,2,"T intersection",2,60,"A",2013,"SEDAN","TOYOTA","Car","F",71,"70+","Drivers"
"T20190003387","21/2/19",14:20:00,"Collision with vehicle","Thursday","Day",2,2,"T intersection",2,60,"B",2009,"SEDAN","VOLKS","Car","F",64,"60-64","Drivers"
"T20190003388","21/2/19",19:05:00,"Collision with vehicle","Thursday","Dusk/Dawn",2,3,"Cross intersection",3,60,"A",2013,"SEDAN","HOLDEN","Car","M",24,"22-25","Drivers"
"T20190003388","21/2/19",19:05:00,"Collision with vehicle","Thursday","Dusk/Dawn",2,3,"Cross intersection",3,60,"B",2004,"SEDAN","MAZDA","Car","F",37,"30-39","Drivers"
"T20190003389","21/2/19",15:33:00,"Collision with a fixed object","Thursday","Day",2,3,"Not at intersection",3,40,"A",2002,"SEDAN","TOYOTA","Car","F",51,"50-59","Drivers"
"T20190003390","21/2/19",16:00:00,"Collision with vehicle","Thursday","Day",2,2,"Cross intersection",2,50,"A",2016,"SEDAN","HOLDEN","Car","F",49,"40-49","Drivers"
"T20190003392","19/2/19",16:44:00,"Collision with vehicle","Tuesday","Day",3,3,"T intersection",2,100,"A",2013,"SEDAN","MERC B","Car","M",77,"70+","Drivers"
"T20190003392","19/2/19",16:44:00,"Collision with vehicle","Tuesday","Day",3,3,"T intersection",2,100,"B",2018,"SEDAN","FORD","Car","M",53,"50-59","Drivers"
"T20190003392","19/2/19",16:44:00,"Collision with vehicle","Tuesday","Day",3,3,"T intersection",2,100,"C",2010,"WAGON","TOYOTA","Station Wagon","M",42,"40-49","Drivers"
"T20190003393","21/2/19",18:04:00,"Collision with vehicle","Thursday","Day",5,6,"Not at intersection",3,100,"A",2002,"SEDAN","TOYOTA","Car","M",24,"22-25","Drivers"
"T20190003393","21/2/19",18:04:00,"Collision with vehicle","Thursday","Day",5,6,"Not at intersection",3,100,"B",2007,"SEDAN","HYNDAI","Car","F",65,"64-69","Drivers"
"T20190003393","21/2/19",18:04:00,"Collision with vehicle","Thursday","Day",5,6,"Not at intersection",3,100,"C",2007,"TRAY","ISUZU","Heavy Vehicle (Rigid) > 4.5 Tonnes","M",28,"26-29","Drivers"
"T20190003393","21/2/19",18:04:00,"Collision with vehicle","Thursday","Day",5,6,"Not at intersection",3,100,"D",2017,"SEDAN","SUZUKI","Car","M",44,"40-49","Drivers"
"T20190003393","21/2/19",18:04:00,"Collision with vehicle","Thursday","Day",5,6,"Not at intersection",3,100,"E",2017,"SEDAN","AUDI","Car","M",41,"40-49","Drivers"
"T20190003395","21/2/19",15:37:00,"Collision with vehicle","Thursday","Day",4,4,"Not at intersection",3,60,"A",2004,"WAGON","MITSUB","Station Wagon","F",48,"40-49","Drivers"
"T20190003395","21/2/19",15:37:00,"Collision with vehicle","Thursday","Day",4,4,"Not at intersection",3,60,"B",2010,"COUPE","VOLKS","Car","F",44,"40-49","Drivers"
"T20190003395","21/2/19",15:37:00,"Collision with vehicle","Thursday","Day",4,4,"Not at intersection",3,60,"C",1998,"WAGON","L ROV","Station Wagon","M",50,"50-59","Drivers"
"T20190003395","21/2/19",15:37:00,"Collision with vehicle","Thursday","Day",4,4,"Not at intersection",3,60,"D",2001,"WAGON","TOYOTA","Station Wagon","M",45,"40-49","Drivers"
"T20190003397","21/2/19",20:34:00,"Collision with vehicle","Thursday","Dark Street lights on",2,2,"Cross intersection",2,80,"A",2012,"SEDAN","UNKN","Car","M",77,"70+","Drivers"
"T20190003397","21/2/19",20:34:00,"Collision with vehicle","Thursday","Dark Street lights on",2,2,"Cross intersection",2,80,"B",2017,"T SDS","FORD","Light Commercial Vehicle (Rigid) <= 4.5 Tonnes GVM","M",53,"50-59","Drivers"
"T20190003398","21/2/19",20:50:00,"Collision with vehicle","Thursday","Dark Street lights on",2,4,"Cross intersection",3,80,"A",2008,"UTIL","HOLDEN","Utility","M",18,"17-21","Drivers"
"T20190003398","21/2/19",20:50:00,"Collision with vehicle","Thursday","Dark Street lights on",2,4,"Cross intersection",3,80,"B",2015,"SEDAN","HYNDAI","Car","M",32,"30-39","Drivers"
"T20190003399","21/2/19",16:45:00,"Collision with vehicle","Thursday","Day",3,3,"Not at intersection",2,80,"A",2015,"SEDAN","SUZUKI","Car","M",79,"70+","Drivers"
"T20190003399","21/2/19",16:45:00,"Collision with vehicle","Thursday","Day",3,3,"Not at intersection",2,80,"B",2008,"SEDAN","FORD","Car","M",44,"40-49","Drivers"
"T20190003399","21/2/19",16:45:00,"Collision with vehicle","Thursday","Day",3,3,"Not at intersection",2,80,"C",2016,"SEDAN","TOYOTA","Car","F",53,"50-59","Drivers"
"T20190003400","21/2/19",19:45:00,"Collision with vehicle","Thursday","Dusk/Dawn",4,4,"Cross intersection",2,60,"A",2005,"SEDAN","HOLDEN","Car","F",45,"40-49","Drivers"
"T20190003400","21/2/19",19:45:00,"Collision with vehicle","Thursday","Dusk/Dawn",4,4,"Cross intersection",2,60,"B",1995,"SEDAN","TOYOTA","Car","F",38,"30-39","Drivers"
"T20190003400","21/2/19",19:45:00,"Collision with vehicle","Thursday","Dusk/Dawn",4,4,"Cross intersection",2,60,"C",2011,"WAGON","VOLVO","Station Wagon","F",56,"50-59","Drivers"
"T20190003400","21/2/19",19:45:00,"Collision with vehicle","Thursday","Dusk/Dawn",4,4,"Cross intersection",2,60,"D",2017,"TRAY","TOYOTA","Car","M",25,"22-25","Drivers"
"T20190003408","22/2/19",07:10:00,"Collision with vehicle","Friday","Day",2,2,"T intersection",3,60,"A",2012,"WAGON","KIA","Station Wagon","M",29,"26-29","Drivers"
"T20190003412","22/2/19",08:30:00,"Collision with vehicle","Friday","Day",2,2,"Cross intersection",3,60,"A",2015,"S WAG","SUBARU","Station Wagon","F",28,"26-29","Drivers"
"T20190003413","22/2/19",06:20:00,"Collision with vehicle","Friday","Dark No street lights",3,3,"T intersection",2,60,"A",2009,"UTIL","TOYOTA","Utility","M",49,"40-49","Drivers"
"T20190003413","22/2/19",06:20:00,"Collision with vehicle","Friday","Dark No street lights",3,3,"T intersection",2,60,"B",2006,"SEDAN","FORD","Car","M",40,"40-49","Drivers"
"T20190003413","22/2/19",06:20:00,"Collision with vehicle","Friday","Dark No street lights",3,3,"T intersection",2,60,"C",2017,"SEDAN","HOLDEN","Car","F",53,"50-59","Drivers"
"T20190003414","22/2/19",08:48:00,"Collision with vehicle","Friday","Day",2,2,"T intersection",2,60,"A",2005,"SEDAN","HONDA","Car","M",53,"50-59","Drivers"
"T20190003414","22/2/19",08:48:00,"Collision with vehicle","Friday","Day",2,2,"T intersection",2,60,"B",2010,"SEDAN","TOYOTA","Car","M",40,"40-49","Drivers"
"T20190003415","22/2/19",08:40:00,"Collision with a fixed object","Friday","Day",1,1,"Not at intersection",2,100,"A",2000,"SEDAN","TOYOTA","Car","M",57,"50-59","Drivers"
"T20190003416","22/2/19",10:00:00,"Collision with vehicle","Friday","Day",2,9,"Not at intersection",2,60,"A",2012,"BUS","TOYOTA","Mini Bus(9-13 seats)","M",36,"30-39","Drivers"
"T20190003417","22/2/19",08:42:00,"Collision with vehicle","Friday","Day",2,4,"Cross intersection",2,50,"A",2013,"WAGON","TOYOTA","Station Wagon","F",65,"64-69","Drivers"
"T20190003417","22/2/19",08:42:00,"Collision with vehicle","Friday","Day",2,4,"Cross intersection",2,50,"B",2009,"SEDAN","SUZUKI","Car","F",21,"17-21","Drivers"
"T20190003419","22/2/19",08:45:00,"Collision with vehicle","Friday","Day",2,2,"Cross intersection",3,50,"A",2009,"VAN","HYNDAI","Panel Van","F",29,"26-29","Drivers"
"T20190003419","22/2/19",08:45:00,"Collision with vehicle","Friday","Day",2,2,"Cross intersection",3,50,"B",1994,"SEDAN","FORD","Car","M",31,"30-39","Drivers"
"T20190003420","22/2/19",08:30:00,"Collision with vehicle","Friday","Day",2,2,"Cross intersection",3,50,"A",2004,"SEDAN","TOYOTA","Car","F",46,"40-49","Drivers"
"T20190003420","22/2/19",08:30:00,"Collision with vehicle","Friday","Day",2,2,"Cross intersection",3,50,"B",2018,"SEDAN","TOYOTA","Car","F",27,"26-29","Drivers"
"T20190003430","22/2/19",07:45:00,"Collision with vehicle","Friday","Day",2,2,"Not at intersection",3,60,"A",2015,"P MVR","VOLVO","Prime Mover - Single Trailer","M",68,"64-69","Drivers"
"T20190003430","22/2/19",07:45:00,"Collision with vehicle","Friday","Day",2,2,"Not at intersection",3,60,"B",2016,"VAN","TOYOTA","Panel Van","M",32,"30-39","Drivers"
"T20190003432","11/2/19",07:45:00,"Collision with vehicle","Monday","Day",2,2,"Cross intersection",3,50,"A",2016,"UTIL","FORD","Utility","M",25,"22-25","Drivers"
"T20190003434","21/2/19",08:00:00,"Collision with vehicle","Thursday","Day",2,2,"Cross intersection",3,50,"A",2013,"SEDAN","FORD","Car","F",48,"40-49","Drivers"
"T20190003435","22/2/19",10:40:00,"Collision with vehicle","Friday","Day",2,4,"T intersection",3,60,"A",2011,"SEDAN","HONDA","Car","F",60,"60-64","Drivers"
"T20190003435","22/2/19",10:40:00,"Collision with vehicle","Friday","Day",2,4,"T intersection",3,60,"B",2003,"SEDAN","FORD","Car","F",57,"50-59","Drivers"
"T20190003436","22/2/19",05:45:00,"Vehicle overturned (no collision)","Friday","Dark No street lights",1,1,"Not at intersection",3,100,"A",2014,"UTIL","FOTON","Utility","F",20,"17-21","Drivers"
"T20190003437","22/2/19",10:45:00,"Collision with a fixed object","Friday","Day",1,1,"Not at intersection",3,100,"A",2003,"SEDAN","NISSAN","Car","M",39,"30-39","Drivers"
"T20190003438","22/2/19",11:45:00,"Collision with vehicle","Friday","Day",2,3,"T intersection",2,50,"A",2016,"WAGON","HOLDEN","Station Wagon","F",48,"40-49","Drivers"
"T20190003438","22/2/19",11:45:00,"Collision with vehicle","Friday","Day",2,3,"T intersection",2,50,"B",2018,"WAGON","TOYOTA","Station Wagon","F",55,"50-59","Drivers"
"T20190003442","22/2/19",07:30:00,"Collision with vehicle","Friday","Day",2,3,"Not at intersection",3,999,"A",2012,"SEDAN","MAZDA","Car","M",27,"26-29","Drivers"
"T20190003442","22/2/19",07:30:00,"Collision with vehicle","Friday","Day",2,3,"Not at intersection",3,999,"B",2011,"WAGON","HOLDEN","Station Wagon","M",25,"22-25","Drivers"
"T20190003443","22/2/19",13:13:00,"Collision with vehicle","Friday","Day",2,5,"T intersection",3,80,"A",2013,"SED","MAZDA","Car","M",72,"70+","Drivers"
"T20190003443","22/2/19",13:13:00,"Collision with vehicle","Friday","Day",2,5,"T intersection",3,80,"B",2015,"WAGON","MERC B","Station Wagon","M",51,"50-59","Drivers"
"T20190003444","22/2/19",13:15:00,"Collision with vehicle","Friday","Day",2,3,"Cross intersection",2,70,"A",2002,"SEDAN","MAZDA","Car","F",75,"70+","Drivers"
"T20190003449","22/2/19",15:00:00,"Collision with vehicle","Friday","Day",2,3,"T intersection",3,50,"A",2014,"WAGON","HONDA","Station Wagon","M",43,"40-49","Drivers"
"T20190003449","22/2/19",15:00:00,"Collision with vehicle","Friday","Day",2,3,"T intersection",3,50,"B",2016,"SEDAN","NISSAN","Car","F",79,"70+","Drivers"
"T20190003450","22/2/19",10:10:00,"Collision with a fixed object","Friday","Day",1,1,"Not at intersection",3,100,"A",2006,"SEDAN","FORD","Car","F",19,"17-21","Drivers"
"T20190003452","22/2/19",14:10:00,"Collision with vehicle","Friday","Day",2,2,"Not at intersection",2,100,"A",2004,"SEDAN","FORD","Car","M",46,"40-49","Drivers"
"T20190003452","22/2/19",14:10:00,"Collision with vehicle","Friday","Day",2,2,"Not at intersection",2,100,"B",2016,"DC UTE","TOYOTA","Utility","M",52,"50-59","Drivers"
"T20190003456","22/2/19",15:20:00,"Collision with vehicle","Friday","Day",3,7,"Not at intersection",2,60,"A",2013,"DC UTE","ISUZU","Utility","M",59,"50-59","Drivers"
"T20190003456","22/2/19",15:20:00,"Collision with vehicle","Friday","Day",3,7,"Not at intersection",2,60,"B",2010,"SEDAN","HOLDEN","Car","M",27,"26-29","Drivers"
"T20190003457","22/2/19",14:36:00,"Collision with a fixed object","Friday","Day",1,1,"Not at intersection",3,100,"A",2002,"SEDAN","HOLDEN","Car","F",40,"40-49","Drivers"
"T20190003459","22/2/19",15:40:00,"Collision with vehicle","Friday","Day",2,3,"Multiple intersection",3,80,"A",2009,"SEDAN","MAZDA","Car","F",21,"17-21","Drivers"
"T20190003459","22/2/19",15:40:00,"Collision with vehicle","Friday","Day",2,3,"Multiple intersection",3,80,"B",2016,"SEDAN","FORD","Car","F",53,"50-59","Drivers"
"T20190003460","22/2/19",14:45:00,"Struck Pedestrian","Friday","Day",1,2,"Cross intersection",2,40,"A",0,"SEDAN","UNKN","Car","U",NA,"unknown","Drivers"
"T20190003464","22/2/19",11:06:00,"Collision with vehicle","Friday","Day",2,2,"Not at intersection",3,70,"A",2009,"SEDAN","HYNDAI","Car","F",23,"22-25","Drivers"
"T20190003465","22/2/19",16:25:00,"Struck Pedestrian","Friday","Day",1,2,"T intersection",2,40,"A",1999,"SEDAN","SUBARU","Car","M",22,"22-25","Drivers"
"T20190003468","22/2/19",16:40:00,"Collision with vehicle","Friday","Day",2,3,"Cross intersection",2,50,"A",2001,"SEDAN","NISSAN","Car","M",18,"17-21","Drivers"
"T20190003468","22/2/19",16:40:00,"Collision with vehicle","Friday","Day",2,3,"Cross intersection",2,50,"B",2014,"WAGON","JEEP","Station Wagon","F",81,"70+","Drivers"
"T20190003469","22/2/19",16:35:00,"Collision with vehicle","Friday","Day",3,2,"Cross intersection",3,60,"A",2015,"WAGON","NISSAN","Station Wagon","F",81,"70+","Drivers"
"T20190003469","22/2/19",16:35:00,"Collision with vehicle","Friday","Day",3,2,"Cross intersection",3,60,"B",1992,"SEDAN","HOLDEN","Car","M",63,"60-64","Drivers"
"T20190003470","22/2/19",15:45:00,"Collision with vehicle","Friday","Day",2,3,"Cross intersection",2,50,"A",2018,"WAGON","MAZDA","Car","F",52,"50-59","Drivers"
"T20190003476","22/2/19",19:00:00,"Collision with vehicle","Friday","Day",2,2,"Not at intersection",3,80,"A",2013,"SEDAN","FORD","Car","F",19,"17-21","Drivers"
"T20190003476","22/2/19",19:00:00,"Collision with vehicle","Friday","Day",2,2,"Not at intersection",3,80,"B",2018,"S WAG","NISSAN","Station Wagon","F",27,"26-29","Drivers"
"T20190003478","22/2/19",19:30:00,"Collision with vehicle","Friday","Day",2,2,"T intersection",3,80,"A",2017,"WAGON","HYNDAI","Station Wagon","F",31,"30-39","Drivers"
"T20190003478","22/2/19",19:30:00,"Collision with vehicle","Friday","Day",2,2,"T intersection",3,80,"B",2005,"COUPE","TOYOTA","Car","M",50,"50-59","Drivers"
"T20190003481","22/2/19",16:00:00,"Collision with vehicle","Friday","Day",2,2,"T intersection",2,80,"A",2010,"SEDAN","VOLKS","Car","M",19,"17-21","Drivers"
"T20190003482","22/2/19",18:45:00,"Collision with vehicle","Friday","Day",3,4,"Cross intersection",3,40,"A",2005,"SEDAN","VOLKS","Car","M",19,"17-21","Drivers"
"T20190003482","22/2/19",18:45:00,"Collision with vehicle","Friday","Day",3,4,"Cross intersection",3,40,"B",2011,"WAGON","SKODA","Station Wagon","F",55,"50-59","Drivers"
"T20190003482","22/2/19",18:45:00,"Collision with vehicle","Friday","Day",3,4,"Cross intersection",3,40,"D",2018,"BUS","SCANIA","Bus/Coach","M",74,"70+","Drivers"
"T20190003483","22/2/19",18:12:00,"Collision with vehicle","Friday","Day",4,6,"Not at intersection",3,80,"A",2012,"UTIL","HOLDEN","Utility","M",21,"17-21","Drivers"
"T20190003483","22/2/19",18:12:00,"Collision with vehicle","Friday","Day",4,6,"Not at intersection",3,80,"B",2016,"WAGON","HYNDAI","Station Wagon","F",32,"30-39","Drivers"
"T20190003483","22/2/19",18:12:00,"Collision with vehicle","Friday","Day",4,6,"Not at intersection",3,80,"C",2011,"COUPE","AUDI","Car","F",18,"17-21","Drivers"
"T20190003483","22/2/19",18:12:00,"Collision with vehicle","Friday","Day",4,6,"Not at intersection",3,80,"D",2013,"SEDAN","HYNDAI","Car","F",30,"30-39","Drivers"
"T20190003486","22/2/19",18:02:00,"Collision with vehicle","Friday","Day",2,3,"Not at intersection",2,60,"A",1996,"UTIL","HOLDEN","Utility","M",26,"26-29","Drivers"
"T20190003486","22/2/19",18:02:00,"Collision with vehicle","Friday","Day",2,3,"Not at intersection",2,60,"B",2007,"UTIL","NISSAN","Utility","M",29,"26-29","Drivers"
"T20190003487","22/2/19",19:05:00,"Collision with vehicle","Friday","Day",2,4,"Cross intersection",3,50,"A",2018,"SEDAN","TOYOTA","Car","M",52,"50-59","Drivers"
"T20190003487","22/2/19",19:05:00,"Collision with vehicle","Friday","Day",2,4,"Cross intersection",3,50,"B",2010,"WAGON","MAZDA","Station Wagon","F",37,"30-39","Drivers"
"T20190003492","22/2/19",21:30:00,"Collision with vehicle","Friday","Dark Street lights off",2,2,"Cross intersection",2,80,"A",2016,"SEDAN","HONDA","Car","F",75,"70+","Drivers"
"T20190003492","22/2/19",21:30:00,"Collision with vehicle","Friday","Dark Street lights off",2,2,"Cross intersection",2,80,"B",2017,"SEDAN","MERC B","Taxi","M",24,"22-25","Drivers"
"T20190003494","22/2/19",23:00:00,"Collision with vehicle","Friday","Dark Street lights on",2,4,"Cross intersection",3,40,"A",2018,"S WAG","HOLDEN","Station Wagon","M",43,"40-49","Drivers"
"T20190003500","22/2/19",23:30:00,"Collision with vehicle","Friday","Dark Street lights on",2,2,"T intersection",2,60,"A",2012,"SEDAN","HOLDEN","Car","M",50,"50-59","Drivers"
"T20190003502","23/2/19",06:00:00,"Collision with a fixed object","Saturday","Dark Street lights on",1,1,"Not at intersection",3,80,"A",2014,"P VAN","RENAUL","Panel Van","M",20,"17-21","Drivers"
"T20190003503","23/2/19",08:00:00,"Collision with vehicle","Saturday","Day",2,2,"Not at intersection",3,50,"A",2005,"S WAG","FORD","Station Wagon","M",67,"64-69","Drivers"
"T20190003504","23/2/19",07:50:00,"Collision with vehicle","Saturday","Day",2,2,"Not at intersection",3,60,"A",2002,"WAGON","TOYOTA","Station Wagon","M",48,"40-49","Drivers"
"T20190003504","23/2/19",07:50:00,"Collision with vehicle","Saturday","Day",2,2,"Not at intersection",3,60,"B",1999,"S WAG","HOLDEN","Station Wagon","M",25,"22-25","Drivers"
"T20190003506","19/2/19",12:30:00,"Collision with vehicle","Tuesday","Day",3,3,"Cross intersection",2,80,"A",2007,"SEDAN","B M W","Car","U",NA,"unknown","Drivers"
"T20190003506","19/2/19",12:30:00,"Collision with vehicle","Tuesday","Day",3,3,"Cross intersection",2,80,"B",2001,"WAGON","HONDA","Station Wagon","M",82,"70+","Drivers"
"T20190003506","19/2/19",12:30:00,"Collision with vehicle","Tuesday","Day",3,3,"Cross intersection",2,80,"C",2015,"VAN","FORD","Panel Van","M",45,"40-49","Drivers"
"T20190003509","23/2/19",10:00:00,"Collision with vehicle","Saturday","Day",2,2,"T intersection",2,100,"A",2008,"WAGON","NISSAN","Station Wagon","M",66,"64-69","Drivers"
"T20190003510","23/2/19",02:57:00,"Collision with vehicle","Saturday","Dark Street lights on",3,2,"Not at intersection",1,50,"A",2008,"SEDAN","HOLDEN","Car","M",31,"30-39","Drivers"
"T20190003511","21/2/19",17:30:00,"Collision with vehicle","Thursday","Day",2,3,"Not at intersection",3,60,"A",2003,"WAGON","MAZDA","Car","F",67,"64-69","Drivers"
"T20190003511","21/2/19",17:30:00,"Collision with vehicle","Thursday","Day",2,3,"Not at intersection",3,60,"B",2007,"SEDAN","HYNDAI","Car","F",18,"17-21","Drivers"
"T20190003512","23/2/19",10:45:00,"Collision with vehicle","Saturday","Day",2,14,"Not at intersection",2,100,"A",2002,"BUS","TOYOTA","Mini Bus(9-13 seats)","M",45,"40-49","Drivers"
"T20190003512","23/2/19",10:45:00,"Collision with vehicle","Saturday","Day",2,14,"Not at intersection",2,100,"B",2018,"T SDS","ISUZU","Light Commercial Vehicle (Rigid) <= 4.5 Tonnes GVM","M",32,"30-39","Drivers"
"T20190003513","22/2/19",16:30:00,"Collision with vehicle","Friday","Unknown",2,2,"Multiple intersection",3,50,"B",2013,"WAGON","HYNDAI","Car","F",65,"64-69","Drivers"
"T20190003516","11/2/19",15:15:00,"Collision with vehicle","Monday","Day",2,2,"T intersection",3,999,"A",2008,"WAGON","FORD","Station Wagon","F",21,"17-21","Drivers"
"T20190003516","11/2/19",15:15:00,"Collision with vehicle","Monday","Day",2,2,"T intersection",3,999,"B",2012,"SEDAN","FORD","Car","F",48,"40-49","Drivers"
"T20190003521","21/2/19",17:30:00,"Collision with vehicle","Thursday","Day",2,2,"Multiple intersection",3,60,"A",2004,"SEDAN","NISSAN","Car","F",59,"50-59","Drivers"
"T20190003521","21/2/19",17:30:00,"Collision with vehicle","Thursday","Day",2,2,"Multiple intersection",3,60,"B",2006,"UTIL","FORD","Utility","M",39,"30-39","Drivers"
"T20190003522","23/2/19",11:08:00,"Struck Pedestrian","Saturday","Day",1,2,"Not at intersection",2,60,"A",2017,"WAGON","AUDI","Station Wagon","M",67,"64-69","Drivers"
"T20190003523","23/2/19",13:00:00,"Collision with vehicle","Saturday","Day",2,6,"Cross intersection",3,60,"A",2018,"WAGON","TOYOTA","Station Wagon","U",NA,"unknown","Drivers"
"T20190003523","23/2/19",13:00:00,"Collision with vehicle","Saturday","Day",2,6,"Cross intersection",3,60,"B",2015,"WAGON","TOYOTA","Station Wagon","F",36,"30-39","Drivers"
"T20190003526","23/2/19",14:00:00,"Collision with vehicle","Saturday","Day",2,3,"Not at intersection",2,80,"A",2008,"SEDAN","SUBARU","Car","F",22,"22-25","Drivers"
"T20190003526","23/2/19",14:00:00,"Collision with vehicle","Saturday","Day",2,3,"Not at intersection",2,80,"B",2005,"SED","TOYOTA","Car","M",19,"17-21","Drivers"
"T20190003529","23/2/19",16:04:00,"Collision with vehicle","Saturday","Day",3,5,"T intersection",2,100,"A",2005,"SEDAN","HYNDAI","Car","F",88,"70+","Drivers"
"T20190003529","23/2/19",16:04:00,"Collision with vehicle","Saturday","Day",3,5,"T intersection",2,100,"B",1991,"SEDAN","MAZDA","Car","F",42,"40-49","Drivers"
"T20190003534","23/2/19",15:40:00,"Collision with vehicle","Saturday","Day",2,2,"T intersection",2,70,"A",2007,"DC UTE","FORD","Utility","M",35,"30-39","Drivers"
"T20190003534","23/2/19",15:40:00,"Collision with vehicle","Saturday","Day",2,2,"T intersection",2,70,"B",2018,"WAGON","JAGUAR","Station Wagon","F",55,"50-59","Drivers"
"T20190003535","23/2/19",15:08:00,"Collision with a fixed object","Saturday","Day",1,1,"Not at intersection",3,70,"A",2013,"WAGON","HOLDEN","Station Wagon","M",46,"40-49","Drivers"
"T20190003536","23/2/19",15:05:00,"Collision with vehicle","Saturday","Day",2,3,"Not at intersection",2,70,"A",2015,"SEDAN","VOLKS","Car","F",20,"17-21","Drivers"
"T20190003536","23/2/19",15:05:00,"Collision with vehicle","Saturday","Day",2,3,"Not at intersection",2,70,"B",2009,"UTIL","MITSUB","Utility","M",47,"40-49","Drivers"
"T20190003537","18/2/19",08:10:00,"Struck Pedestrian","Monday","Unknown",1,2,"Not at intersection",3,999,"A",2009,"S WAG","HOLDEN","Station Wagon","F",39,"30-39","Drivers"
"T20190003538","23/2/19",18:09:00,"Collision with vehicle","Saturday","Day",2,2,"T intersection",2,60,"A",1990,"WAGON","NISSAN","Station Wagon","M",22,"22-25","Drivers"
"T20190003538","23/2/19",18:09:00,"Collision with vehicle","Saturday","Day",2,2,"T intersection",2,60,"B",0,"SEDAN","HOLDEN","Car","M",16,"16-17","Drivers"
"T20190003540","23/2/19",15:23:00,"Collision with vehicle","Saturday","Day",3,5,"T intersection",1,80,"A",2002,"SEDAN","HOLDEN","Car","F",89,"70+","Drivers"
"T20190003540","23/2/19",15:23:00,"Collision with vehicle","Saturday","Day",3,5,"T intersection",1,80,"B",1990,"WAGON","MITSUB","Station Wagon","M",18,"17-21","Drivers"
"T20190003540","23/2/19",15:23:00,"Collision with vehicle","Saturday","Day",3,5,"T intersection",1,80,"C",2001,"TRAY","NISSAN","Light Commercial Vehicle (Rigid) <= 4.5 Tonnes GVM","M",19,"17-21","Drivers"
"T20190003541","23/2/19",16:35:00,"Collision with vehicle","Saturday","Day",2,2,"T intersection",1,60,"B",1998,"WAGON","HONDA","Station Wagon","M",27,"26-29","Drivers"
"T20190003542","23/2/19",18:47:00,"Collision with a fixed object","Saturday","Day",1,1,"T intersection",2,60,"A",2011,"WAGON","FORD","Station Wagon","M",77,"70+","Drivers"
"T20190003544","23/2/19",16:00:00,"Collision with vehicle","Saturday","Day",2,3,"Not at intersection",3,50,"A",2017,"UTIL","HOLDEN","Utility","U",NA,"unknown","Drivers"
"T20190003544","23/2/19",16:00:00,"Collision with vehicle","Saturday","Day",2,3,"Not at intersection",3,50,"B",2004,"SEDAN","TOYOTA","Car","F",55,"50-59","Drivers"
"T20190003545","23/2/19",18:10:00,"Collision with vehicle","Saturday","Day",2,4,"T intersection",3,50,"A",2014,"WAGON","MAZDA","Station Wagon","F",32,"30-39","Drivers"
"T20190003545","23/2/19",18:10:00,"Collision with vehicle","Saturday","Day",2,4,"T intersection",3,50,"B",2005,"WAGON","NISSAN","Station Wagon","F",22,"22-25","Drivers"
"T20190003546","23/2/19",14:30:00,"Collision with vehicle","Saturday","Day",2,3,"Not at intersection",3,70,"A",2016,"SEDAN","VOLKS","Car","M",69,"64-69","Drivers"
"T20190003546","23/2/19",14:30:00,"Collision with vehicle","Saturday","Day",2,3,"Not at intersection",3,70,"B",2007,"DC UTE","NISSAN","Utility","M",29,"26-29","Drivers"
"T20190003547","23/2/19",17:24:00,"Collision with vehicle","Saturday","Day",2,2,"Cross intersection",1,80,"A",2018,"P MVR","KENWOR","Prime Mover B-Double","M",42,"40-49","Drivers"
"T20190003548","23/2/19",18:45:00,"Collision with vehicle","Saturday","Day",2,6,"Not at intersection",2,100,"A",2015,"WAGON","NISSAN","Station Wagon","F",20,"17-21","Drivers"
"T20190003548","23/2/19",18:45:00,"Collision with vehicle","Saturday","Day",2,6,"Not at intersection",2,100,"B",2015,"TRAY","FORD","Light Commercial Vehicle (Rigid) <= 4.5 Tonnes GVM","M",22,"22-25","Drivers"
"T20190003551","23/2/19",20:58:00,"Collision with a fixed object","Saturday","Dark Street lights on",1,1,"Not at intersection",3,80,"A",2008,"SEDAN","VOLKS","Car","F",26,"26-29","Drivers"
"T20190003552","23/2/19",19:25:00,"Collision with vehicle","Saturday","Dusk/Dawn",2,2,"T intersection",3,50,"A",2011,"UTIL","HOLDEN","Utility","M",20,"17-21","Drivers"
"T20190003552","23/2/19",19:25:00,"Collision with vehicle","Saturday","Dusk/Dawn",2,2,"T intersection",3,50,"B",2007,"SEDAN","HOLDEN","Car","M",21,"17-21","Drivers"
"T20190003562","23/2/19",22:10:00,"Collision with vehicle","Saturday","Dark Street lights on",2,2,"Not at intersection",2,80,"A",2009,"UTIL","NISSAN","Utility","M",20,"17-21","Drivers"
"T20190003562","23/2/19",22:10:00,"Collision with vehicle","Saturday","Dark Street lights on",2,2,"Not at intersection",2,80,"B",2004,"COUPE","HYNDAI","Car","U",NA,"unknown","Drivers"