"ACCIDENT_NO","ACCIDENTDATE","ACCIDENTTIME","Accident Type Desc","Day Week Description","Light Condition Desc","NO_OF_VEHICLES","NO_PERSONS","Road Geometry Desc","SEVERITY","SPEED_ZONE","VEHICLE_ID","VEHICLE_YEAR_MANUF","VEHICLE_BODY_STYLE","VEHICLE_MAKE","Vehicle Type Desc","SEX","AGE","Age Group","Road User Type Desc"
"T20190003563","24/2/19",03:03:00,"Collision with vehicle","Sunday","Dark No street lights",2,3,"Not at intersection",3,999,"A",2018,"WAGON","HYNDAI","Station Wagon","U",NA,"unknown","Drivers"
"T20190003563","24/2/19",03:03:00,"Collision with vehicle","Sunday","Dark No street lights",2,3,"Not at intersection",3,999,"B",2003,"DC UTE","HOLDEN","Utility","U",NA,"unknown","Drivers"
"T20190003567","23/2/19",23:40:00,"Fall from or in moving vehicle","Saturday","Dark No street lights",1,3,"Not at intersection",3,888,"A",2000,"UTIL","FORD","Utility","F",19,"17-21","Drivers"
"T20190003568","24/2/19",03:00:00,"Collision with a fixed object","Sunday","Dark Street lights on",1,1,"T intersection",3,60,"A",2002,"WAGON","HONDA","Station Wagon","F",23,"22-25","Drivers"
"T20190003569","23/2/19",00:20:00,"Collision with vehicle","Saturday","Dark Street lights on",2,3,"Cross intersection",2,60,"A",2015,"SEDAN","MAZDA","Car","M",22,"22-25","Drivers"
"T20190003569","23/2/19",00:20:00,"Collision with vehicle","Saturday","Dark Street lights on",2,3,"Cross intersection",2,60,"B",1990,"SEDAN","NISSAN","Car","M",27,"26-29","Drivers"
"T20190003570","24/2/19",07:30:00,"Collision with vehicle","Sunday","Dusk/Dawn",2,2,"T intersection",3,60,"A",1997,"SEDAN","TOYOTA","Car","M",48,"40-49","Drivers"
"T20190003571","24/2/19",06:34:00,"Collision with a fixed object","Sunday","Dusk/Dawn",1,2,"Not at intersection",3,100,"A",1998,"WAGON","NISSAN","Station Wagon","M",25,"22-25","Drivers"
"T20190003575","24/2/19",06:30:00,"Collision with a fixed object","Sunday","Dark Street lights on",1,1,"Not at intersection",3,100,"A",2015,"SEDAN","B M W","Car","M",26,"26-29","Drivers"
"T20190003577","24/2/19",10:30:00,"Collision with vehicle","Sunday","Day",2,2,"T intersection",2,60,"A",2018,"SEDAN","KIA","Car","M",69,"64-69","Drivers"
"T20190003578","24/2/19",11:15:00,"Collision with vehicle","Sunday","Day",2,5,"Cross intersection",2,60,"A",2009,"SEDAN","TOYOTA","Car","M",40,"40-49","Drivers"
"T20190003580","24/2/19",12:00:00,"Collision with vehicle","Sunday","Day",2,3,"Cross intersection",3,60,"A",2013,"SED","HYNDAI","Car","F",71,"70+","Drivers"
"T20190003580","24/2/19",12:00:00,"Collision with vehicle","Sunday","Day",2,3,"Cross intersection",3,60,"B",2016,"WAGON","B M W","Station Wagon","F",64,"60-64","Drivers"
"T20190003585","24/2/19",09:50:00,"Struck Pedestrian","Sunday","Day",1,2,"Cross intersection",3,40,"A",2012,"SEDAN","HOLDEN","Car","F",80,"70+","Drivers"
"T20190003590","24/2/19",12:02:00,"Collision with vehicle","Sunday","Day",2,2,"Not at intersection",2,60,"A",2003,"SEDAN","TOYOTA","Car","F",35,"30-39","Drivers"
"T20190003594","24/2/19",15:00:00,"Collision with vehicle","Sunday","Day",2,5,"Not at intersection",3,60,"A",2011,"WAGON","NISSAN","Station Wagon","F",38,"30-39","Drivers"
"T20190003594","24/2/19",15:00:00,"Collision with vehicle","Sunday","Day",2,5,"Not at intersection",3,60,"B",2015,"SEDAN","SUZUKI","Car","F",26,"26-29","Drivers"
"T20190003598","24/2/19",11:30:00,"Collision with vehicle","Sunday","Day",2,3,"Not at intersection",2,50,"A",2015,"SEDAN","MAZDA","Car","F",36,"30-39","Drivers"
"T20190003599","23/2/19",18:05:00,"Collision with vehicle","Saturday","Day",2,3,"Cross intersection",3,60,"A",2016,"SEDAN","HONDA","Car","F",51,"50-59","Drivers"
"T20190003599","23/2/19",18:05:00,"Collision with vehicle","Saturday","Day",2,3,"Cross intersection",3,60,"B",2007,"SEDAN","FORD","Car","F",68,"64-69","Drivers"
"T20190003600","23/2/19",12:45:00,"Collision with vehicle","Saturday","Day",2,3,"Not at intersection",3,50,"A",2010,"SEDAN","TOYOTA","Car","F",24,"22-25","Drivers"
"T20190003602","24/2/19",13:54:00,"Collision with vehicle","Sunday","Day",2,2,"Cross intersection",3,60,"A",2009,"SEDAN","FORD","Car","F",32,"30-39","Drivers"
"T20190003603","24/2/19",14:39:00,"Collision with vehicle","Sunday","Day",4,4,"T intersection",3,60,"A",2005,"DC UTE","TOYOTA","Utility","M",22,"22-25","Drivers"
"T20190003603","24/2/19",14:39:00,"Collision with vehicle","Sunday","Day",4,4,"T intersection",3,60,"B",2011,"SEDAN","NISSAN","Car","F",27,"26-29","Drivers"
"T20190003603","24/2/19",14:39:00,"Collision with vehicle","Sunday","Day",4,4,"T intersection",3,60,"C",2007,"WAGON","HONDA","Station Wagon","M",66,"64-69","Drivers"
"T20190003603","24/2/19",14:39:00,"Collision with vehicle","Sunday","Day",4,4,"T intersection",3,60,"D",2008,"WAGON","SUBARU","Station Wagon","F",51,"50-59","Drivers"
"T20190003606","24/2/19",15:20:00,"Collision with vehicle","Sunday","Day",2,6,"Not at intersection",2,80,"A",2017,"S WAG","MERC B","Station Wagon","F",17,"16-17","Drivers"
"T20190003608","24/2/19",16:00:00,"Collision with a fixed object","Sunday","Day",1,2,"Not at intersection",3,100,"A",1998,"SED","HOLDEN","Car","M",20,"17-21","Drivers"
"T20190003609","22/2/19",18:05:00,"Collision with vehicle","Friday","Day",2,3,"T intersection",2,999,"A",2013,"UTIL","NISSAN","Utility","M",63,"60-64","Drivers"
"T20190003609","22/2/19",18:05:00,"Collision with vehicle","Friday","Day",2,3,"T intersection",2,999,"B",2005,"WAGON","FORD","Station Wagon","M",29,"26-29","Drivers"
"T20190003610","24/2/19",15:00:00,"Collision with vehicle","Sunday","Day",2,2,"T intersection",3,40,"A",2016,"WAGON","HOLDEN","Station Wagon","M",37,"30-39","Drivers"
"T20190003612","24/2/19",19:20:00,"Collision with vehicle","Sunday","Day",3,3,"Not at intersection",3,60,"A",1999,"S WAG","SUBARU","Station Wagon","M",28,"26-29","Drivers"
"T20190003612","24/2/19",19:20:00,"Collision with vehicle","Sunday","Day",3,3,"Not at intersection",3,60,"B",2004,"SEDAN","NISSAN","Car","M",56,"50-59","Drivers"
"T20190003612","24/2/19",19:20:00,"Collision with vehicle","Sunday","Day",3,3,"Not at intersection",3,60,"C",2007,"SEDAN","B M W","Car","F",36,"30-39","Drivers"
"T20190003613","24/2/19",19:10:00,"Collision with a fixed object","Sunday","Day",1,1,"Not at intersection",2,100,"A",1998,"COUPE","HYNDAI","Car","F",55,"50-59","Drivers"
"T20190003615","24/2/19",18:30:00,"Collision with vehicle","Sunday","Day",2,2,"Not at intersection",3,40,"A",2011,"SEDAN","MITSUB","Car","M",25,"22-25","Drivers"
"T20190003616","24/2/19",18:55:00,"Collision with a fixed object","Sunday","Day",1,3,"Not at intersection",3,100,"A",2001,"S WAG","TOYOTA","Station Wagon","M",68,"64-69","Drivers"
"T20190003619","24/2/19",21:40:00,"Collision with a fixed object","Sunday","Dark No street lights",1,1,"Not at intersection",2,100,"A",2003,"SEDAN","MITSUB","Car","F",21,"17-21","Drivers"
"T20190003620","24/2/19",20:40:00,"Collision with vehicle","Sunday","Dark Street lights on",2,2,"T intersection",1,50,"A",2006,"SEDAN","B M W","Car","U",NA,"unknown","Drivers"
"T20190003621","24/2/19",23:55:00,"Collision with vehicle","Sunday","Dark Street lights on",2,2,"T intersection",2,80,"A",2017,"UTIL","HOLDEN","Utility","M",30,"30-39","Drivers"
"T20190003621","24/2/19",23:55:00,"Collision with vehicle","Sunday","Dark Street lights on",2,2,"T intersection",2,80,"B",2007,"SEDAN","NISSAN","Car","F",23,"22-25","Drivers"
"T20190003628","25/2/19",07:55:00,"Collision with vehicle","Monday","Day",2,2,"Cross intersection",2,40,"A",2014,"SEDAN","HOLDEN","Car","F",27,"26-29","Drivers"
"T20190003629","25/2/19",07:50:00,"Collision with vehicle","Monday","Day",2,2,"Not at intersection",3,50,"A",2012,"SEDAN","HYNDAI","Car","F",35,"30-39","Drivers"
"T20190003630","25/2/19",07:16:00,"Collision with vehicle","Monday","Day",2,2,"T intersection",2,50,"A",1995,"TRAY","FORD","Light Commercial Vehicle (Rigid) <= 4.5 Tonnes GVM","M",66,"64-69","Drivers"
"T20190003635","25/2/19",07:00:00,"Collision with a fixed object","Monday","Day",1,1,"Not at intersection",3,100,"A",2002,"VAN","MITSUB","Panel Van","M",26,"26-29","Drivers"
"T20190003636","25/2/19",08:00:00,"Collision with vehicle","Monday","Day",2,2,"Cross intersection",2,60,"B",2015,"SEDAN","AUDI","Car","M",41,"40-49","Drivers"
"T20190003637","25/2/19",08:30:00,"Collision with vehicle","Monday","Day",3,9,"Not at intersection",2,60,"A",2016,"S WAG","HOLDEN","Station Wagon","F",28,"26-29","Drivers"
"T20190003637","25/2/19",08:30:00,"Collision with vehicle","Monday","Day",3,9,"Not at intersection",2,60,"B",2016,"UTIL","ISUZU","Utility","M",57,"50-59","Drivers"
"T20190003637","25/2/19",08:30:00,"Collision with vehicle","Monday","Day",3,9,"Not at intersection",2,60,"C",2007,"WAGON","MITSUB","Station Wagon","M",46,"40-49","Drivers"
"T20190003639","25/2/19",07:40:00,"Collision with vehicle","Monday","Day",2,2,"Not at intersection",2,60,"A",2010,"WAGON","L ROV","Station Wagon","F",56,"50-59","Drivers"
"T20190003639","25/2/19",07:40:00,"Collision with vehicle","Monday","Day",2,2,"Not at intersection",2,60,"B",2018,"VAN","LDV","Panel Van","M",24,"22-25","Drivers"
"T20190003641","25/2/19",06:02:00,"Struck Pedestrian","Monday","Dark Street lights on",1,2,"Not at intersection",1,50,"A",2012,"G UNIT","INTERN","Heavy Vehicle (Rigid) > 4.5 Tonnes","M",32,"30-39","Drivers"
"T20190003642","25/2/19",09:00:00,"Collision with vehicle","Monday","Day",3,3,"Not at intersection",2,60,"A",2014,"SEDAN","VOLKS","Car","F",23,"22-25","Drivers"
"T20190003642","25/2/19",09:00:00,"Collision with vehicle","Monday","Day",3,3,"Not at intersection",2,60,"B",2008,"WAGON","JEEP","Station Wagon","F",40,"40-49","Drivers"
"T20190003642","25/2/19",09:00:00,"Collision with vehicle","Monday","Day",3,3,"Not at intersection",2,60,"C",2006,"WAGON","TOYOTA","Station Wagon","M",55,"50-59","Drivers"
"T20190003646","25/2/19",08:20:00,"Collision with vehicle","Monday","Day",2,2,"Not at intersection",3,100,"B",2013,"P MVR","KENWTH","Prime Mover - Single Trailer","M",31,"30-39","Drivers"
"T20190003647","25/2/19",12:05:00,"Collision with vehicle","Monday","Day",2,2,"Cross intersection",2,80,"A",2010,"S WAG","SUBARU","Station Wagon","M",69,"64-69","Drivers"
"T20190003648","25/2/19",08:25:00,"Struck Pedestrian","Monday","Day",1,2,"T intersection",3,40,"A",2017,"SEDAN","TOYOTA","Car","F",42,"40-49","Drivers"
"T20190003650","25/2/19",08:00:00,"Struck Pedestrian","Monday","Day",1,2,"Not at intersection",2,40,"A",2004,"WAGON","TOYOTA","Station Wagon","F",36,"30-39","Drivers"
"T20190003651","25/2/19",07:25:00,"Collision with vehicle","Monday","Day",3,3,"Not at intersection",2,80,"A",2002,"SEDAN","HONDA","Car","F",35,"30-39","Drivers"
"T20190003651","25/2/19",07:25:00,"Collision with vehicle","Monday","Day",3,3,"Not at intersection",2,80,"B",1997,"SEDAN","TOYOTA","Car","M",31,"30-39","Drivers"
"T20190003651","25/2/19",07:25:00,"Collision with vehicle","Monday","Day",3,3,"Not at intersection",2,80,"C",2012,"SEDAN","TOYOTA","Car","F",73,"70+","Drivers"
"T20190003654","25/2/19",12:04:00,"Collision with vehicle","Monday","Day",2,4,"Cross intersection",3,100,"A",2002,"S WAG","HOLDEN","Station Wagon","M",29,"26-29","Drivers"
"T20190003654","25/2/19",12:04:00,"Collision with vehicle","Monday","Day",2,4,"Cross intersection",3,100,"B",0,"P MVR","UNKN","Prime Mover B-Double","M",47,"40-49","Drivers"
"T20190003657","25/2/19",15:50:00,"Collision with a fixed object","Monday","Day",1,1,"Not at intersection",3,100,"A",2015,"ST TRK","VOLVO","Heavy Vehicle (Rigid) > 4.5 Tonnes","M",64,"60-64","Drivers"
"T20190003658","25/2/19",13:30:00,"Collision with vehicle","Monday","Day",4,5,"T intersection",2,60,"A",2002,"WAGON","TOYOTA","Car","M",53,"50-59","Drivers"
"T20190003658","25/2/19",13:30:00,"Collision with vehicle","Monday","Day",4,5,"T intersection",2,60,"B",2018,"DC UTE","MITSUB","Utility","M",36,"30-39","Drivers"
"T20190003658","25/2/19",13:30:00,"Collision with vehicle","Monday","Day",4,5,"T intersection",2,60,"C",2016,"WAGON","NISSAN","Station Wagon","F",43,"40-49","Drivers"
"T20190003658","25/2/19",13:30:00,"Collision with vehicle","Monday","Day",4,5,"T intersection",2,60,"D",2014,"WAGON","NISSAN","Station Wagon","M",38,"30-39","Drivers"
"T20190003659","25/2/19",15:30:00,"Collision with vehicle","Monday","Day",2,2,"Not at intersection",2,60,"A",2018,"WAGON","TOYOTA","Station Wagon","F",66,"64-69","Drivers"
"T20190003659","25/2/19",15:30:00,"Collision with vehicle","Monday","Day",2,2,"Not at intersection",2,60,"B",2000,"DC UTE","NISSAN","Utility","F",52,"50-59","Drivers"
"T20190003661","25/2/19",13:15:00,"Collision with vehicle","Monday","Day",2,4,"Cross intersection",2,60,"A",2017,"WAGON","MAZDA","Station Wagon","M",88,"70+","Drivers"
"T20190003661","25/2/19",13:15:00,"Collision with vehicle","Monday","Day",2,4,"Cross intersection",2,60,"B",2000,"F UNIT","INTERN","Heavy Vehicle (Rigid) > 4.5 Tonnes","M",40,"40-49","Drivers"
"T20190003664","25/2/19",15:55:00,"Collision with vehicle","Monday","Day",2,5,"T intersection",2,80,"A",1997,"SEDAN","MAZDA","Car","F",77,"70+","Drivers"
"T20190003664","25/2/19",15:55:00,"Collision with vehicle","Monday","Day",2,5,"T intersection",2,80,"B",2016,"SEDAN","FORD","Car","M",26,"26-29","Drivers"
"T20190003665","25/2/19",13:15:00,"Collision with vehicle","Monday","Day",3,1,"Not at intersection",2,40,"A",2011,"UTIL","TOYOTA","Utility","M",62,"60-64","Drivers"
"T20190003667","23/2/19",21:45:00,"Collision with vehicle","Saturday","Dark Street lights unknown",2,2,"Not at intersection",3,999,"A",2001,"VAN","TOYOTA","Panel Van","M",29,"26-29","Drivers"
"T20190003667","23/2/19",21:45:00,"Collision with vehicle","Saturday","Dark Street lights unknown",2,2,"Not at intersection",3,999,"B",2016,"SEDAN","HONDA","Car","M",24,"22-25","Drivers"
"T20190003669","25/2/19",16:25:00,"Collision with vehicle","Monday","Day",2,4,"Cross intersection",3,60,"A",2018,"WAGON","HOLDEN","Station Wagon","F",75,"70+","Drivers"
"T20190003669","25/2/19",16:25:00,"Collision with vehicle","Monday","Day",2,4,"Cross intersection",3,60,"B",2006,"WAGON","FORD","Station Wagon","M",48,"40-49","Drivers"
"T20190003670","25/2/19",16:00:00,"Collision with vehicle","Monday","Day",2,4,"T intersection",3,60,"A",2018,"SEDAN","TOYOTA","Car","M",53,"50-59","Drivers"
"T20190003670","25/2/19",16:00:00,"Collision with vehicle","Monday","Day",2,4,"T intersection",3,60,"B",2001,"SEDAN","HONDA","Car","M",34,"30-39","Drivers"
"T20190003671","25/2/19",17:05:00,"Collision with vehicle","Monday","Day",2,2,"Not at intersection",3,80,"A",2009,"SEDAN","FORD","Car","F",83,"70+","Drivers"
"T20190003671","25/2/19",17:05:00,"Collision with vehicle","Monday","Day",2,2,"Not at intersection",3,80,"B",1982,"SEDAN","TOYOTA","Car","M",26,"26-29","Drivers"
"T20190003672","25/2/19",17:30:00,"Struck Pedestrian","Monday","Day",1,2,"Not at intersection",2,60,"A",2010,"SEDAN","SUBARU","Car","M",18,"17-21","Drivers"
"T20190003674","25/2/19",16:45:00,"Collision with vehicle","Monday","Day",2,4,"Not at intersection",3,100,"A",2012,"S WAG","HOLDEN","Station Wagon","F",24,"22-25","Drivers"
"T20190003674","25/2/19",16:45:00,"Collision with vehicle","Monday","Day",2,4,"Not at intersection",3,100,"B",2002,"SEDAN","TOYOTA","Car","M",69,"64-69","Drivers"
"T20190003676","25/2/19",16:20:00,"Collision with vehicle","Monday","Day",2,2,"T intersection",3,80,"A",2018,"SEDAN","TOYOTA","Car","F",63,"60-64","Drivers"
"T20190003676","25/2/19",16:20:00,"Collision with vehicle","Monday","Day",2,2,"T intersection",3,80,"B",2016,"WAGON","NISSAN","Car","M",28,"26-29","Drivers"
"T20190003677","12/2/19",19:30:00,"Collision with vehicle","Tuesday","Unknown",2,2,"T intersection",3,70,"A",2009,"SEDAN","HOLDEN","Car","F",49,"40-49","Drivers"
"T20190003677","12/2/19",19:30:00,"Collision with vehicle","Tuesday","Unknown",2,2,"T intersection",3,70,"B",2005,"WAGON","FORD","Car","F",60,"60-64","Drivers"
"T20190003682","25/2/19",17:30:00,"Collision with vehicle","Monday","Day",4,4,"Not at intersection",3,60,"A",2005,"SEDAN","MAZDA","Car","F",30,"30-39","Drivers"
"T20190003682","25/2/19",17:30:00,"Collision with vehicle","Monday","Day",4,4,"Not at intersection",3,60,"B",2001,"S WAG","SUBARU","Station Wagon","F",41,"40-49","Drivers"
"T20190003682","25/2/19",17:30:00,"Collision with vehicle","Monday","Day",4,4,"Not at intersection",3,60,"C",2018,"SEDAN","VOLKS","Car","M",42,"40-49","Drivers"
"T20190003682","25/2/19",17:30:00,"Collision with vehicle","Monday","Day",4,4,"Not at intersection",3,60,"D",2003,"UTIL","FORD","Utility","M",41,"40-49","Drivers"
"T20190003683","25/2/19",17:25:00,"Collision with vehicle","Monday","Day",2,3,"Not at intersection",3,100,"A",1999,"SEDAN","NISSAN","Car","F",56,"50-59","Drivers"
"T20190003683","25/2/19",17:25:00,"Collision with vehicle","Monday","Day",2,3,"Not at intersection",3,100,"B",2010,"WAGON","VOLVO","Station Wagon","F",62,"60-64","Drivers"
"T20190003685","25/2/19",17:20:00,"Collision with a fixed object","Monday","Day",1,1,"Not at intersection",3,100,"A",2006,"DC UTE","TOYOTA","Utility","M",18,"17-21","Drivers"
"T20190003686","25/2/19",15:49:00,"Collision with vehicle","Monday","Day",2,3,"T intersection",2,60,"A",2009,"SEDAN","HYNDAI","Car","F",26,"26-29","Drivers"
"T20190003686","25/2/19",15:49:00,"Collision with vehicle","Monday","Day",2,3,"T intersection",2,60,"B",2008,"WAGON","MAZDA","Station Wagon","F",29,"26-29","Drivers"
"T20190003688","25/2/19",15:40:00,"Collision with vehicle","Monday","Day",4,5,"Not at intersection",3,50,"A",2008,"SEDAN","FORD","Car","M",31,"30-39","Drivers"
"T20190003688","25/2/19",15:40:00,"Collision with vehicle","Monday","Day",4,5,"Not at intersection",3,50,"B",2004,"SEDAN","TOYOTA","Car","M",30,"30-39","Drivers"
"T20190003688","25/2/19",15:40:00,"Collision with vehicle","Monday","Day",4,5,"Not at intersection",3,50,"C",1999,"SEDAN","MITSUB","Car","M",30,"30-39","Drivers"
"T20190003688","25/2/19",15:40:00,"Collision with vehicle","Monday","Day",4,5,"Not at intersection",3,50,"D",2004,"SEDAN","HOLDEN","Car","F",19,"17-21","Drivers"
"T20190003689","25/2/19",18:15:00,"Collision with vehicle","Monday","Day",2,2,"T intersection",2,80,"A",2003,"WAGON","NISSAN","Station Wagon","F",50,"50-59","Drivers"
"T20190003689","25/2/19",18:15:00,"Collision with vehicle","Monday","Day",2,2,"T intersection",2,80,"B",2017,"WAGON","HYNDAI","Station Wagon","F",40,"40-49","Drivers"
"T20190003690","25/2/19",17:00:00,"Collision with vehicle","Monday","Day",2,3,"T intersection",2,70,"A",2009,"SEDAN","HYNDAI","Car","F",48,"40-49","Drivers"
"T20190003690","25/2/19",17:00:00,"Collision with vehicle","Monday","Day",2,3,"T intersection",2,70,"B",1990,"VAN","MITSUB","Panel Van","F",61,"60-64","Drivers"
"T20190003691","22/2/19",18:00:00,"Collision with vehicle","Friday","Day",2,3,"Cross intersection",3,50,"A",2009,"SEDAN","FORD","Car","M",24,"22-25","Drivers"
"T20190003691","22/2/19",18:00:00,"Collision with vehicle","Friday","Day",2,3,"Cross intersection",3,50,"B",2005,"SEDAN","MAZDA","Car","F",50,"50-59","Drivers"
"T20190003693","25/2/19",22:20:00,"Collision with vehicle","Monday","Dark Street lights on",3,4,"T intersection",2,60,"A",2004,"WAGON","TOYOTA","Station Wagon","M",44,"40-49","Drivers"
"T20190003693","25/2/19",22:20:00,"Collision with vehicle","Monday","Dark Street lights on",3,4,"T intersection",2,60,"B",2007,"UTIL","FORD","Utility","M",26,"26-29","Drivers"
"T20190003693","25/2/19",22:20:00,"Collision with vehicle","Monday","Dark Street lights on",3,4,"T intersection",2,60,"C",2010,"WAGON","HOLDEN","Station Wagon","M",27,"26-29","Drivers"
"T20190003695","25/2/19",16:30:00,"Collision with vehicle","Monday","Day",4,4,"Not at intersection",1,100,"A",2002,"UTIL","HOLDEN","Utility","M",22,"22-25","Drivers"
"T20190003695","25/2/19",16:30:00,"Collision with vehicle","Monday","Day",4,4,"Not at intersection",1,100,"C",2011,"SEDAN","HOLDEN","Car","F",28,"26-29","Drivers"
"T20190003695","25/2/19",16:30:00,"Collision with vehicle","Monday","Day",4,4,"Not at intersection",1,100,"D",2005,"SEDAN","HOLDEN","Car","M",59,"50-59","Drivers"
"T20190003700","25/2/19",20:51:00,"Collision with a fixed object","Monday","Dark Street lights on",2,3,"Not at intersection",2,50,"B",2017,"SEDAN","HOLDEN","Car","U",NA,"unknown","Drivers"
"T20190003703","25/2/19",22:35:00,"Collision with vehicle","Monday","Dark Street lights on",3,4,"Multiple intersection",3,60,"A",2005,"SEDAN","TOYOTA","Car","F",49,"40-49","Drivers"
"T20190003703","25/2/19",22:35:00,"Collision with vehicle","Monday","Dark Street lights on",3,4,"Multiple intersection",3,60,"B",2013,"SEDAN","HYNDAI","Car","F",58,"50-59","Drivers"
"T20190003703","25/2/19",22:35:00,"Collision with vehicle","Monday","Dark Street lights on",3,4,"Multiple intersection",3,60,"C",2003,"WAGON","MITSUB","Station Wagon","M",20,"17-21","Drivers"
"T20190003708","26/2/19",06:53:00,"Collision with vehicle","Tuesday","Day",3,3,"Not at intersection",2,70,"A",2011,"SEDAN","HOLDEN","Car","M",48,"40-49","Drivers"
"T20190003708","26/2/19",06:53:00,"Collision with vehicle","Tuesday","Day",3,3,"Not at intersection",2,70,"B",2012,"UTIL","FORD","Utility","M",19,"17-21","Drivers"
"T20190003708","26/2/19",06:53:00,"Collision with vehicle","Tuesday","Day",3,3,"Not at intersection",2,70,"C",2002,"SEDAN","VOLKS","Car","M",21,"17-21","Drivers"
"T20190003710","24/2/19",14:22:00,"Vehicle overturned (no collision)","Sunday","Day",1,1,"Not at intersection",3,60,"A",2018,"ST TRK","U D","Heavy Vehicle (Rigid) > 4.5 Tonnes","M",43,"40-49","Drivers"
"T20190003713","26/2/19",08:45:00,"Collision with vehicle","Tuesday","Day",2,2,"T intersection",3,60,"A",1996,"SEDAN","FORD","Car","M",55,"50-59","Drivers"
"T20190003713","26/2/19",08:45:00,"Collision with vehicle","Tuesday","Day",2,2,"T intersection",3,60,"B",1997,"SEDAN","FORD","Car","F",19,"17-21","Drivers"
"T20190003717","26/2/19",07:15:00,"Collision with vehicle","Tuesday","Day",2,2,"Not at intersection",3,100,"A",2008,"SEDAN","HONDA","Car","F",18,"17-21","Drivers"
"T20190003719","26/2/19",07:30:00,"Collision with vehicle","Tuesday","Day",2,2,"T intersection",3,40,"A",2008,"SEDAN","REN","Car","F",61,"60-64","Drivers"
"T20190003721","26/2/19",09:50:00,"Struck Pedestrian","Tuesday","Day",1,2,"Not at intersection",2,70,"A",2015,"WAGON","HOLDEN","Station Wagon","M",34,"30-39","Drivers"
"T20190003725","26/2/19",07:00:00,"Vehicle overturned (no collision)","Tuesday","Day",1,1,"Not at intersection",3,100,"A",2004,"TRAY","TOYOTA","Utility","M",35,"30-39","Drivers"
"T20190003726","25/2/19",13:50:00,"Collision with vehicle","Monday","Day",3,3,"T intersection",3,60,"A",2004,"SEDAN","HONDA","Car","M",22,"22-25","Drivers"
"T20190003726","25/2/19",13:50:00,"Collision with vehicle","Monday","Day",3,3,"T intersection",3,60,"B",2009,"TRAY","TOYOTA","Light Commercial Vehicle (Rigid) <= 4.5 Tonnes GVM","M",23,"22-25","Drivers"
"T20190003726","25/2/19",13:50:00,"Collision with vehicle","Monday","Day",3,3,"T intersection",3,60,"C",1997,"SEDAN","SUZUKI","Car","M",53,"50-59","Drivers"
"T20190003728","26/2/19",09:45:00,"Collision with vehicle","Tuesday","Day",2,2,"T intersection",3,80,"A",2007,"SEDAN","SUZUKI","Car","F",77,"70+","Drivers"
"T20190003728","26/2/19",09:45:00,"Collision with vehicle","Tuesday","Day",2,2,"T intersection",3,80,"B",2005,"SED","UNKN","Car","M",47,"40-49","Drivers"
"T20190003732","26/2/19",08:52:00,"Struck Pedestrian","Tuesday","Day",1,2,"T intersection",3,40,"A",2014,"SEDAN","MAZDA","Car","F",36,"30-39","Drivers"
"T20190003736","26/2/19",12:30:00,"Collision with vehicle","Tuesday","Day",2,3,"Not at intersection",2,60,"A",2008,"WAGON","TOYOTA","Station Wagon","M",75,"70+","Drivers"
"T20190003736","26/2/19",12:30:00,"Collision with vehicle","Tuesday","Day",2,3,"Not at intersection",2,60,"C",2018,"DC UTE","FORD","Utility","M",57,"50-59","Drivers"
"T20190003737","26/2/19",11:52:00,"Struck Pedestrian","Tuesday","Day",1,2,"T intersection",1,60,"A",2003,"COUPE","VOLKS","Car","F",80,"70+","Drivers"
"T20190003738","26/2/19",10:15:00,"Collision with vehicle","Tuesday","Day",2,3,"Not at intersection",2,60,"B",2008,"UTIL","FORD","Utility","M",26,"26-29","Drivers"
"T20190003740","26/2/19",12:55:00,"Collision with vehicle","Tuesday","Day",2,2,"Not at intersection",3,40,"A",2013,"SEDAN","MERC B","Car","M",23,"22-25","Drivers"
"T20190003744","26/2/19",14:00:00,"Collision with vehicle","Tuesday","Day",2,1,"T intersection",3,50,"A",2015,"SEDAN","TOYOTA","Car","F",67,"64-69","Drivers"
"T20190003747","26/2/19",14:30:00,"Collision with vehicle","Tuesday","Day",2,3,"Cross intersection",2,60,"A",2017,"SEDAN","MERC B","Car","M",22,"22-25","Drivers"
"T20190003747","26/2/19",14:30:00,"Collision with vehicle","Tuesday","Day",2,3,"Cross intersection",2,60,"B",2015,"SEDAN","HOLDEN","Taxi","M",37,"30-39","Drivers"
"T20190003748","26/2/19",12:46:00,"Collision with vehicle","Tuesday","Day",2,3,"Cross intersection",2,80,"A",2004,"SEDAN","B M W","Car","F",18,"17-21","Drivers"
"T20190003748","26/2/19",12:46:00,"Collision with vehicle","Tuesday","Day",2,3,"Cross intersection",2,80,"B",2014,"SEDAN","HYNDAI","Car","F",29,"26-29","Drivers"
"T20190003749","26/2/19",15:05:00,"Collision with vehicle","Tuesday","Day",2,2,"Not at intersection",3,80,"A",2015,"JEEP","JEEP","Station Wagon","M",64,"60-64","Drivers"
"T20190003749","26/2/19",15:05:00,"Collision with vehicle","Tuesday","Day",2,2,"Not at intersection",3,80,"B",2009,"G UNIT","IVECO","Heavy Vehicle (Rigid) > 4.5 Tonnes","M",55,"50-59","Drivers"
"T20190003753","26/2/19",17:20:00,"Collision with vehicle","Tuesday","Day",2,2,"Cross intersection",3,50,"A",2008,"WAGON","MERC B","Station Wagon","M",51,"50-59","Drivers"
"T20190003753","26/2/19",17:20:00,"Collision with vehicle","Tuesday","Day",2,2,"Cross intersection",3,50,"B",2015,"UTIL","HOLDEN","Utility","M",51,"50-59","Drivers"