"ACCIDENT_NO","ACCIDENTDATE","ACCIDENTTIME","Accident Type Desc","Day Week Description","Light Condition Desc","NO_OF_VEHICLES","NO_PERSONS","Road Geometry Desc","SEVERITY","SPEED_ZONE","VEHICLE_ID","VEHICLE_YEAR_MANUF","VEHICLE_BODY_STYLE","VEHICLE_MAKE","Vehicle Type Desc","SEX","AGE","Age Group","Road User Type Desc"
"T20190003754","26/2/19",17:15:00,"Collision with vehicle","Tuesday","Day",2,2,"T intersection",2,80,"A",2005,"WAGON","L ROV","Station Wagon","M",31,"30-39","Drivers"
"T20190003754","26/2/19",17:15:00,"Collision with vehicle","Tuesday","Day",2,2,"T intersection",2,80,"B",2015,"WAGON","B M W","Station Wagon","M",83,"70+","Drivers"
"T20190003755","26/2/19",08:30:00,"Collision with vehicle","Tuesday","Day",2,2,"Cross intersection",3,60,"A",2016,"SEDAN","TOYOTA","Car","M",68,"64-69","Drivers"
"T20190003756","26/2/19",16:20:00,"Collision with vehicle","Tuesday","Day",2,2,"T intersection",2,60,"A",2005,"SEDAN","TOYOTA","Car","M",75,"70+","Drivers"
"T20190003762","26/2/19",16:35:00,"Collision with vehicle","Tuesday","Day",2,2,"Cross intersection",2,60,"A",2010,"WAGON","TOYOTA","Station Wagon","F",19,"17-21","Drivers"
"T20190003762","26/2/19",16:35:00,"Collision with vehicle","Tuesday","Day",2,2,"Cross intersection",2,60,"B",2012,"SEDAN","KIA","Car","F",61,"60-64","Drivers"
"T20190003763","26/2/19",17:15:00,"Vehicle overturned (no collision)","Tuesday","Day",2,2,"T intersection",3,40,"A",2018,"WAGON","HOLDEN","Station Wagon","M",37,"30-39","Drivers"
"T20190003764","24/2/19",13:45:00,"Collision with vehicle","Sunday","Day",2,2,"Cross intersection",3,80,"A",2007,"SEDAN","SUZUKI","Car","F",31,"30-39","Drivers"
"T20190003764","24/2/19",13:45:00,"Collision with vehicle","Sunday","Day",2,2,"Cross intersection",3,80,"B",2018,"SEDAN","TOYOTA","Car","M",22,"22-25","Drivers"
"T20190003766","26/2/19",17:30:00,"Collision with vehicle","Tuesday","Day",2,2,"T intersection",3,60,"B",2017,"SEDAN","HOLDEN","Car","M",24,"22-25","Drivers"
"T20190003767","26/2/19",20:30:00,"Collision with vehicle","Tuesday","Dark Street lights on",3,3,"Not at intersection",3,50,"A",2001,"SED","TOYOTA","Car","M",49,"40-49","Drivers"
"T20190003767","26/2/19",20:30:00,"Collision with vehicle","Tuesday","Dark Street lights on",3,3,"Not at intersection",3,50,"B",2002,"S WAG","TOYOTA","Station Wagon","F",53,"50-59","Drivers"
"T20190003767","26/2/19",20:30:00,"Collision with vehicle","Tuesday","Dark Street lights on",3,3,"Not at intersection",3,50,"C",1999,"WAGON","JEEP","Station Wagon","F",22,"22-25","Drivers"
"T20190003768","26/2/19",17:10:00,"Collision with vehicle","Tuesday","Day",3,3,"Not at intersection",3,80,"A",2010,"SEDAN","TOYOTA","Car","F",29,"26-29","Drivers"
"T20190003768","26/2/19",17:10:00,"Collision with vehicle","Tuesday","Day",3,3,"Not at intersection",3,80,"B",2003,"SEDAN","HOLDEN","Car","F",48,"40-49","Drivers"
"T20190003768","26/2/19",17:10:00,"Collision with vehicle","Tuesday","Day",3,3,"Not at intersection",3,80,"C",2015,"WAGON","NISSAN","Station Wagon","F",52,"50-59","Drivers"
"T20190003769","26/2/19",14:30:00,"Collision with vehicle","Tuesday","Day",4,2,"Not at intersection",3,60,"A",2008,"TOURER","PEUG","Car","M",26,"26-29","Drivers"
"T20190003769","26/2/19",14:30:00,"Collision with vehicle","Tuesday","Day",4,2,"Not at intersection",3,60,"B",2016,"SEDAN","UNKN","Car","F",25,"22-25","Drivers"
"T20190003774","26/2/19",06:15:00,"Collision with vehicle","Tuesday","Dusk/Dawn",2,3,"Cross intersection",2,60,"A",2004,"SEDAN","VOLKS","Car","M",35,"30-39","Drivers"
"T20190003774","26/2/19",06:15:00,"Collision with vehicle","Tuesday","Dusk/Dawn",2,3,"Cross intersection",2,60,"B",2006,"TRAY","HOLDEN","Light Commercial Vehicle (Rigid) <= 4.5 Tonnes GVM","M",48,"40-49","Drivers"
"T20190003777","27/2/19",04:30:00,"Collision with a fixed object","Wednesday","Dark Street lights on",1,2,"T intersection",2,60,"A",2014,"COUPE","TOYOTA","Car","M",22,"22-25","Drivers"
"T20190003778","12/2/19",15:26:00,"Struck Pedestrian","Tuesday","Day",1,2,"Not at intersection",3,40,"A",2001,"WAGON","HONDA","Station Wagon","F",23,"22-25","Drivers"
"T20190003781","22/2/19",17:25:00,"Collision with vehicle","Friday","Day",2,2,"T intersection",3,60,"A",1996,"SEDAN","TOYOTA","Car","M",34,"30-39","Drivers"
"T20190003785","27/2/19",08:01:00,"Collision with vehicle","Wednesday","Day",2,3,"Cross intersection",3,100,"A",0,"SED","FORD","Car","F",23,"22-25","Drivers"
"T20190003785","27/2/19",08:01:00,"Collision with vehicle","Wednesday","Day",2,3,"Cross intersection",3,100,"B",2007,"DC UTE","MITSUB","Utility","F",49,"40-49","Drivers"
"T20190003789","27/2/19",10:01:00,"Struck Pedestrian","Wednesday","Day",1,2,"Not at intersection",3,40,"A",2001,"VAN","TOYOTA","Panel Van","M",70,"70+","Drivers"
"T20190003795","27/2/19",06:33:00,"Collision with vehicle","Wednesday","Dusk/Dawn",2,2,"Cross intersection",2,80,"A",2007,"DC UTE","HOLDEN","Utility","M",20,"17-21","Drivers"
"T20190003795","27/2/19",06:33:00,"Collision with vehicle","Wednesday","Dusk/Dawn",2,2,"Cross intersection",2,80,"B",2007,"SEDAN","TOYOTA","Car","M",21,"17-21","Drivers"
"T20190003796","26/2/19",18:21:00,"Collision with vehicle","Tuesday","Day",2,2,"Cross intersection",3,60,"A",2011,"SEDAN","TOYOTA","Car","M",31,"30-39","Drivers"
"T20190003797","18/2/19",15:15:00,"Collision with vehicle","Monday","Day",2,2,"Multiple intersection",3,60,"B",2015,"SEDAN","MAZDA","Car","F",45,"40-49","Drivers"
"T20190003799","27/2/19",09:34:00,"Collision with a fixed object","Wednesday","Day",1,1,"Not at intersection",3,80,"A",2017,"WAGON","HONDA","Station Wagon","M",45,"40-49","Drivers"
"T20190003800","26/2/19",15:47:00,"Collision with a fixed object","Tuesday","Day",1,1,"Not at intersection",3,100,"A",2003,"SEDAN","TOYOTA","Car","F",78,"70+","Drivers"
"T20190003801","12/2/19",08:30:00,"Collision with vehicle","Tuesday","Day",2,2,"Cross intersection",3,40,"A",2014,"WAGON","VOLKS","Station Wagon","F",37,"30-39","Drivers"
"T20190003802","27/2/19",11:26:00,"Collision with vehicle","Wednesday","Day",2,2,"Not at intersection",2,80,"A",2012,"G UNIT","IVECO","Heavy Vehicle (Rigid) > 4.5 Tonnes","M",50,"50-59","Drivers"
"T20190003802","27/2/19",11:26:00,"Collision with vehicle","Wednesday","Day",2,2,"Not at intersection",2,80,"B",2016,"WAGON","KIA","Station Wagon","F",56,"50-59","Drivers"
"T20190003803","18/2/19",10:15:00,"Collision with vehicle","Monday","Day",2,3,"Not at intersection",2,60,"A",2013,"SEDAN","MITSUB","Car","F",36,"30-39","Drivers"
"T20190003803","18/2/19",10:15:00,"Collision with vehicle","Monday","Day",2,3,"Not at intersection",2,60,"B",2010,"T SDS","FORD","Light Commercial Vehicle (Rigid) <= 4.5 Tonnes GVM","M",63,"60-64","Drivers"
"T20190003804","27/2/19",12:35:00,"Collision with a fixed object","Wednesday","Day",1,2,"T intersection",3,110,"A",2008,"SEDAN","TOYOTA","Car","F",28,"26-29","Drivers"
"T20190003806","27/2/19",12:00:00,"Collision with vehicle","Wednesday","Day",2,2,"T intersection",3,100,"A",2013,"WAGON","FORD","Station Wagon","M",52,"50-59","Drivers"
"T20190003806","27/2/19",12:00:00,"Collision with vehicle","Wednesday","Day",2,2,"T intersection",3,100,"B",2013,"S WAG","SKODA","Station Wagon","F",70,"70+","Drivers"
"T20190003807","27/2/19",08:25:00,"Collision with vehicle","Wednesday","Day",2,5,"T intersection",2,100,"A",2010,"UTIL","NISSAN","Utility","F",32,"30-39","Drivers"
"T20190003808","27/2/19",07:35:00,"Collision with vehicle","Wednesday","Day",2,2,"Cross intersection",3,50,"A",2014,"SEDAN","VOLKS","Car","M",59,"50-59","Drivers"
"T20190003809","27/2/19",12:20:00,"Collision with vehicle","Wednesday","Day",2,2,"T intersection",2,60,"A",2012,"VAN","TOYOTA","Panel Van","M",34,"30-39","Drivers"
"T20190003809","27/2/19",12:20:00,"Collision with vehicle","Wednesday","Day",2,2,"T intersection",2,60,"B",2014,"TRAY","MAZDA","Light Commercial Vehicle (Rigid) <= 4.5 Tonnes GVM","M",22,"22-25","Drivers"
"T20190003810","18/2/19",17:00:00,"Collision with vehicle","Monday","Day",2,5,"Cross intersection",3,999,"A",0,"SED","UNKN","Car","M",28,"26-29","Drivers"
"T20190003810","18/2/19",17:00:00,"Collision with vehicle","Monday","Day",2,5,"Cross intersection",3,999,"B",2012,"VAN","TOYOTA","Panel Van","M",25,"22-25","Drivers"
"T20190003812","27/2/19",10:15:00,"Struck Pedestrian","Wednesday","Day",1,3,"Cross intersection",3,60,"A",1993,"S WAG","TOYOTA","Station Wagon","M",73,"70+","Drivers"
"T20190003813","22/2/19",22:00:00,"Collision with a fixed object","Friday","Dark No street lights",1,2,"Not at intersection",2,999,"A",2007,"DC UTE","TOYOTA","Utility","M",22,"22-25","Drivers"
"T20190003816","27/2/19",14:00:00,"Collision with a fixed object","Wednesday","Day",1,1,"Not at intersection",2,100,"A",2000,"WAGON","HOLDEN","Station Wagon","F",60,"60-64","Drivers"
"T20190003817","27/2/19",14:10:00,"Collision with vehicle","Wednesday","Day",2,3,"Cross intersection",3,60,"A",2005,"SEDAN","HOLDEN","Car","M",73,"70+","Drivers"
"T20190003817","27/2/19",14:10:00,"Collision with vehicle","Wednesday","Day",2,3,"Cross intersection",3,60,"B",2010,"SEDAN","HYNDAI","Car","F",43,"40-49","Drivers"
"T20190003818","27/2/19",13:49:00,"Collision with vehicle","Wednesday","Day",2,3,"Not at intersection",2,100,"A",2005,"TRAY","HINO","Heavy Vehicle (Rigid) > 4.5 Tonnes","M",47,"40-49","Drivers"
"T20190003818","27/2/19",13:49:00,"Collision with vehicle","Wednesday","Day",2,3,"Not at intersection",2,100,"B",2014,"SEDAN","TOYOTA","Car","F",69,"64-69","Drivers"
"T20190003819","27/2/19",13:09:00,"Collision with vehicle","Wednesday","Day",2,2,"Not at intersection",3,100,"A",2018,"DC UTE","FORD","Utility","M",41,"40-49","Drivers"
"T20190003819","27/2/19",13:09:00,"Collision with vehicle","Wednesday","Day",2,2,"Not at intersection",3,100,"B",2018,"DC UTE","ISUZU","Utility","M",52,"50-59","Drivers"
"T20190003823","27/2/19",16:30:00,"Collision with vehicle","Wednesday","Day",2,3,"T intersection",3,80,"A",0,"SED","MITSUB","Car","F",21,"17-21","Drivers"
"T20190003823","27/2/19",16:30:00,"Collision with vehicle","Wednesday","Day",2,3,"T intersection",3,80,"B",2000,"S WAG","SUBARU","Station Wagon","F",18,"17-21","Drivers"
"T20190003825","27/2/19",15:20:00,"Collision with vehicle","Wednesday","Day",2,2,"T intersection",3,40,"A",1998,"COUPE","MITSUB","Car","M",34,"30-39","Drivers"
"T20190003827","27/2/19",16:43:00,"Collision with vehicle","Wednesday","Day",2,2,"Cross intersection",3,60,"A",2017,"SEDAN","SUZUKI","Car","F",50,"50-59","Drivers"
"T20190003827","27/2/19",16:43:00,"Collision with vehicle","Wednesday","Day",2,2,"Cross intersection",3,60,"B",2011,"SEDAN","MITSUB","Car","F",32,"30-39","Drivers"
"T20190003828","27/2/19",17:00:00,"Collision with vehicle","Wednesday","Day",2,2,"Cross intersection",3,50,"A",2010,"SEDAN","HOLDEN","Car","M",59,"50-59","Drivers"
"T20190003829","27/2/19",16:50:00,"Collision with vehicle","Wednesday","Day",4,6,"T intersection",3,80,"A",2014,"SEDAN","HOLDEN","Car","F",23,"22-25","Drivers"
"T20190003829","27/2/19",16:50:00,"Collision with vehicle","Wednesday","Day",4,6,"T intersection",3,80,"B",2005,"TOURER","HOLDEN","Car","F",41,"40-49","Drivers"
"T20190003829","27/2/19",16:50:00,"Collision with vehicle","Wednesday","Day",4,6,"T intersection",3,80,"C",2013,"S WAG","MITSUB","Station Wagon","M",51,"50-59","Drivers"
"T20190003829","27/2/19",16:50:00,"Collision with vehicle","Wednesday","Day",4,6,"T intersection",3,80,"D",2012,"SEDAN","HOLDEN","Car","F",32,"30-39","Drivers"
"T20190003831","27/2/19",15:55:00,"Collision with vehicle","Wednesday","Day",2,3,"Cross intersection",3,50,"A",2017,"S WAG","MAZDA","Station Wagon","F",65,"64-69","Drivers"
"T20190003831","27/2/19",15:55:00,"Collision with vehicle","Wednesday","Day",2,3,"Cross intersection",3,50,"B",1996,"WAGON","TOYOTA","Station Wagon","F",53,"50-59","Drivers"
"T20190003833","27/2/19",14:55:00,"Collision with vehicle","Wednesday","Day",2,3,"T intersection",3,80,"A",2007,"SEDAN","HOLDEN","Car","M",33,"30-39","Drivers"
"T20190003833","27/2/19",14:55:00,"Collision with vehicle","Wednesday","Day",2,3,"T intersection",3,80,"B",2009,"SEDAN","FORD","Car","M",78,"70+","Drivers"
"T20190003835","27/2/19",17:55:00,"Collision with a fixed object","Wednesday","Day",1,1,"Not at intersection",3,100,"A",2008,"SEDAN","SUBARU","Car","F",19,"17-21","Drivers"
"T20190003837","27/2/19",17:35:00,"Collision with vehicle","Wednesday","Day",3,5,"Not at intersection",2,80,"A",2016,"WAGON","ISUZU","Station Wagon","F",35,"30-39","Drivers"
"T20190003837","27/2/19",17:35:00,"Collision with vehicle","Wednesday","Day",3,5,"Not at intersection",2,80,"B",2004,"WAGON","FORD","Station Wagon","M",55,"50-59","Drivers"
"T20190003837","27/2/19",17:35:00,"Collision with vehicle","Wednesday","Day",3,5,"Not at intersection",2,80,"C",2004,"SEDAN","HOLDEN","Car","F",18,"17-21","Drivers"
"T20190003838","27/2/19",18:10:00,"Collision with vehicle","Wednesday","Unknown",2,2,"T intersection",3,999,"A",2005,"SEDAN","TOYOTA","Car","F",29,"26-29","Drivers"
"T20190003838","27/2/19",18:10:00,"Collision with vehicle","Wednesday","Unknown",2,2,"T intersection",3,999,"B",2002,"SEDAN","FORD","Car","M",25,"22-25","Drivers"
"T20190003839","27/2/19",17:30:00,"Collision with vehicle","Wednesday","Day",2,3,"Y intersection",3,60,"A",2010,"WAGON","MERC B","Station Wagon","M",46,"40-49","Drivers"
"T20190003839","27/2/19",17:30:00,"Collision with vehicle","Wednesday","Day",2,3,"Y intersection",3,60,"B",2011,"SEDAN","HOLDEN","Car","F",56,"50-59","Drivers"
"T20190003840","27/2/19",17:45:00,"Collision with vehicle","Wednesday","Day",2,2,"T intersection",2,50,"A",2017,"S WAG","HOLDEN","Station Wagon","M",37,"30-39","Drivers"
"T20190003841","27/2/19",15:00:00,"Collision with vehicle","Wednesday","Day",2,2,"T intersection",3,70,"A",2015,"SEDAN","TOYOTA","Car","F",45,"40-49","Drivers"
"T20190003841","27/2/19",15:00:00,"Collision with vehicle","Wednesday","Day",2,2,"T intersection",3,70,"B",2009,"SEDAN","TOYOTA","Car","F",21,"17-21","Drivers"
"T20190003842","27/2/19",19:45:00,"collision with some other object","Wednesday","Dusk/Dawn",2,2,"Not at intersection",2,60,"B",2011,"WAGON","FORD","Station Wagon","M",35,"30-39","Drivers"
"T20190003844","27/2/19",19:39:00,"Collision with vehicle","Wednesday","Day",2,3,"T intersection",2,50,"B",2012,"SEDAN","NISSAN","Car","F",51,"50-59","Drivers"
"T20190003845","27/2/19",17:35:00,"Collision with vehicle","Wednesday","Day",2,2,"Multiple intersection",2,80,"A",2008,"DC UTE","FORD","Utility","M",45,"40-49","Drivers"
"T20190003845","27/2/19",17:35:00,"Collision with vehicle","Wednesday","Day",2,2,"Multiple intersection",2,80,"B",2012,"WAGON","SSANGY","Station Wagon","M",48,"40-49","Drivers"
"T20190003847","15/2/19",15:25:00,"Struck Pedestrian","Friday","Day",1,2,"Not at intersection",3,60,"A",2015,"SEDAN","TOYOTA","Car","M",25,"22-25","Drivers"
"T20190003850","27/2/19",16:30:00,"Collision with vehicle","Wednesday","Day",2,2,"Cross intersection",3,60,"A",2000,"SED","NISSAN","Car","M",18,"17-21","Drivers"
"T20190003850","27/2/19",16:30:00,"Collision with vehicle","Wednesday","Day",2,2,"Cross intersection",3,60,"B",2011,"SEDAN","FORD","Car","F",58,"50-59","Drivers"
"T20190003852","27/2/19",19:00:00,"Collision with vehicle","Wednesday","Dusk/Dawn",2,3,"Cross intersection",3,60,"A",2014,"COUPE","UNKN","Car","M",55,"50-59","Drivers"
"T20190003852","27/2/19",19:00:00,"Collision with vehicle","Wednesday","Dusk/Dawn",2,3,"Cross intersection",3,60,"B",2010,"SEDAN","HOLDEN","Car","M",19,"17-21","Drivers"
"T20190003853","23/2/19",19:15:00,"Collision with vehicle","Saturday","Day",2,4,"Cross intersection",3,80,"A",2003,"SEDAN","HOLDEN","Car","M",54,"50-59","Drivers"
"T20190003853","23/2/19",19:15:00,"Collision with vehicle","Saturday","Day",2,4,"Cross intersection",3,80,"B",2000,"SEDAN","FORD","Car","M",56,"50-59","Drivers"
"T20190003854","27/2/19",19:30:00,"Collision with vehicle","Wednesday","Dusk/Dawn",2,3,"Not at intersection",2,60,"B",2015,"DC UTE","FORD","Utility","F",27,"26-29","Drivers"
"T20190003863","28/2/19",03:14:00,"Collision with a fixed object","Thursday","Dark Street lights on",1,1,"Cross intersection",3,70,"A",2009,"SEDAN","VOLKS","Car","M",31,"30-39","Drivers"
"T20190003864","23/2/19",09:31:00,"Collision with vehicle","Saturday","Day",2,2,"T intersection",3,50,"A",2015,"SEDAN","FORD","Car","F",19,"17-21","Drivers"
"T20190003866","28/2/19",05:24:00,"Collision with a fixed object","Thursday","Dark Street lights on",1,1,"Not at intersection",2,100,"A",2010,"SEDAN","HOLDEN","Car","M",38,"30-39","Drivers"
"T20190003867","28/2/19",07:45:00,"Struck Pedestrian","Thursday","Day",1,2,"T intersection",3,60,"A",2011,"SEDAN","REN","Car","F",62,"60-64","Drivers"
"T20190003871","28/2/19",05:07:00,"Collision with vehicle","Thursday","Dark Street lights on",2,2,"Multiple intersection",2,60,"A",0,"VAN","MITSUB","Panel Van","U",NA,"unknown","Drivers"
"T20190003873","28/2/19",06:35:00,"No collision and no object struck","Thursday","Dusk/Dawn",2,3,"Not at intersection",3,50,"A",0,"SEDAN","UNKN","Car","U",NA,"unknown","Drivers"
"T20190003874","21/2/19",20:50:00,"Collision with vehicle","Thursday","Day",3,3,"Not at intersection",3,60,"A",2008,"SEDAN","TOYOTA","Car","F",50,"50-59","Drivers"
"T20190003874","21/2/19",20:50:00,"Collision with vehicle","Thursday","Day",3,3,"Not at intersection",3,60,"B",2015,"SEDAN","MAZDA","Car","M",31,"30-39","Drivers"
"T20190003874","21/2/19",20:50:00,"Collision with vehicle","Thursday","Day",3,3,"Not at intersection",3,60,"C",2008,"WAGON","MITSUB","Station Wagon","M",40,"40-49","Drivers"
"T20190003876","28/2/19",08:00:00,"Collision with a fixed object","Thursday","Day",1,1,"Not at intersection",3,100,"A",2009,"VAN","VOLKS","Panel Van","F",54,"50-59","Drivers"
"T20190003877","28/2/19",07:45:00,"Collision with vehicle","Thursday","Day",2,2,"Not at intersection",3,80,"A",2017,"UTIL","MITSUB","Utility","M",37,"30-39","Drivers"
"T20190003877","28/2/19",07:45:00,"Collision with vehicle","Thursday","Day",2,2,"Not at intersection",3,80,"B",2009,"TRAY","MAZDA","Light Commercial Vehicle (Rigid) <= 4.5 Tonnes GVM","M",33,"30-39","Drivers"
"T20190003878","28/2/19",07:45:00,"Collision with vehicle","Thursday","Day",2,2,"Cross intersection",3,60,"A",2014,"SEDAN","HYNDAI","Car","F",85,"70+","Drivers"
"T20190003878","28/2/19",07:45:00,"Collision with vehicle","Thursday","Day",2,2,"Cross intersection",3,60,"B",1995,"WAGON","L ROV","Station Wagon","M",41,"40-49","Drivers"
"T20190003879","28/2/19",07:00:00,"Collision with vehicle","Thursday","Dusk/Dawn",3,3,"Not at intersection",3,100,"A",2015,"UTIL","TOYOTA","Utility","M",58,"50-59","Drivers"
"T20190003879","28/2/19",07:00:00,"Collision with vehicle","Thursday","Dusk/Dawn",3,3,"Not at intersection",3,100,"B",2016,"TRAY","TOYOTA","Light Commercial Vehicle (Rigid) <= 4.5 Tonnes GVM","M",49,"40-49","Drivers"
"T20190003879","28/2/19",07:00:00,"Collision with vehicle","Thursday","Dusk/Dawn",3,3,"Not at intersection",3,100,"C",2008,"SEDAN","HOLDEN","Car","M",21,"17-21","Drivers"
"T20190003880","26/2/19",15:45:00,"Collision with vehicle","Tuesday","Day",2,2,"T intersection",3,999,"A",2010,"WAGON","HYNDAI","Station Wagon","F",27,"26-29","Drivers"
"T20190003880","26/2/19",15:45:00,"Collision with vehicle","Tuesday","Day",2,2,"T intersection",3,999,"B",2006,"WAGON","TOYOTA","Station Wagon","F",31,"30-39","Drivers"
"T20190003881","28/2/19",08:00:00,"Collision with vehicle","Thursday","Day",2,2,"Not at intersection",3,60,"A",2008,"WAGON","FORD","Station Wagon","F",71,"70+","Drivers"
"T20190003881","28/2/19",08:00:00,"Collision with vehicle","Thursday","Day",2,2,"Not at intersection",3,60,"B",2000,"DC UTE","MAZDA","Utility","F",37,"30-39","Drivers"
"T20190003882","24/2/19",14:59:00,"Collision with vehicle","Sunday","Day",2,4,"T intersection",2,70,"A",2006,"SEDAN","HONDA","Car","F",55,"50-59","Drivers"
"T20190003882","24/2/19",14:59:00,"Collision with vehicle","Sunday","Day",2,4,"T intersection",2,70,"B",2006,"SEDAN","HOLDEN","Car","U",NA,"unknown","Drivers"
"T20190003884","27/2/19",00:30:00,"Collision with vehicle","Wednesday","Dark Street lights on",2,2,"T intersection",3,50,"A",2016,"SEDAN","FORD","Car","M",35,"30-39","Drivers"
"T20190003884","27/2/19",00:30:00,"Collision with vehicle","Wednesday","Dark Street lights on",2,2,"T intersection",3,50,"B",2010,"SEDAN","HOLDEN","Car","U",NA,"unknown","Drivers"
"T20190003886","28/2/19",11:08:00,"Collision with vehicle","Thursday","Day",2,3,"Not at intersection",3,60,"A",2017,"SEDAN","HOLDEN","Car","M",57,"50-59","Drivers"
"T20190003886","28/2/19",11:08:00,"Collision with vehicle","Thursday","Day",2,3,"Not at intersection",3,60,"B",2010,"SEDAN","MERC B","Car","M",67,"64-69","Drivers"
"T20190003889","28/2/19",10:09:00,"Collision with vehicle","Thursday","Day",2,2,"T intersection",2,80,"A",2012,"SEDAN","HOLDEN","Car","F",19,"17-21","Drivers"
"T20190003889","28/2/19",10:09:00,"Collision with vehicle","Thursday","Day",2,2,"T intersection",2,80,"B",2006,"P MVR","KENWTH","Prime Mover - Single Trailer","M",21,"17-21","Drivers"
"T20190003891","28/2/19",09:36:00,"Collision with vehicle","Thursday","Day",2,2,"T intersection",2,60,"A",2005,"WAGON","TOYOTA","Station Wagon","M",61,"60-64","Drivers"
"T20190003891","28/2/19",09:36:00,"Collision with vehicle","Thursday","Day",2,2,"T intersection",2,60,"B",1992,"WAGON","HOLDEN","Station Wagon","F",40,"40-49","Drivers"
"T20190003898","28/2/19",08:20:00,"Struck Pedestrian","Thursday","Day",1,2,"T intersection",1,50,"A",2014,"WAGON","MAZDA","Station Wagon","F",34,"30-39","Drivers"
"T20190003899","28/2/19",08:40:00,"Collision with vehicle","Thursday","Day",2,2,"T intersection",3,60,"A",2016,"WAGON","MITSUB","Station Wagon","U",72,"70+","Drivers"
"T20190003899","28/2/19",08:40:00,"Collision with vehicle","Thursday","Day",2,2,"T intersection",3,60,"B",2014,"SEDAN","MAZDA","Car","F",59,"50-59","Drivers"
"T20190003900","11/2/19",15:00:00,"Collision with vehicle","Monday","Day",2,2,"Not at intersection",3,60,"A",2014,"WAGON","HYNDAI","Station Wagon","M",41,"40-49","Drivers"
"T20190003900","11/2/19",15:00:00,"Collision with vehicle","Monday","Day",2,2,"Not at intersection",3,60,"B",2005,"S WAG","HOLDEN","Station Wagon","M",50,"50-59","Drivers"
"T20190003901","27/2/19",07:45:00,"Collision with vehicle","Wednesday","Day",2,2,"Cross intersection",3,60,"A",2007,"SEDAN","HYNDAI","Car","U",NA,"unknown","Drivers"
"T20190003901","27/2/19",07:45:00,"Collision with vehicle","Wednesday","Day",2,2,"Cross intersection",3,60,"B",2003,"SEDAN","HONDA","Car","F",51,"50-59","Drivers"
"T20190003902","28/2/19",12:40:00,"Collision with vehicle","Thursday","Day",2,2,"T intersection",2,40,"A",2015,"VAN","TOYOTA","Panel Van","M",59,"50-59","Drivers"
"T20190003903","12/2/19",15:30:00,"Collision with vehicle","Tuesday","Day",2,3,"Not at intersection",3,80,"A",2008,"SEDAN","TOYOTA","Car","M",37,"30-39","Drivers"
"T20190003903","12/2/19",15:30:00,"Collision with vehicle","Tuesday","Day",2,3,"Not at intersection",3,80,"B",2017,"TRAY","MAZDA","Light Commercial Vehicle (Rigid) <= 4.5 Tonnes GVM","M",24,"22-25","Drivers"
"T20190003905","27/2/19",13:50:00,"Collision with vehicle","Wednesday","Day",3,6,"T intersection",3,60,"A",2001,"SEDAN","FORD","Car","M",21,"17-21","Drivers"
"T20190003905","27/2/19",13:50:00,"Collision with vehicle","Wednesday","Day",3,6,"T intersection",3,60,"B",1999,"SED","TOYOTA","Car","U",30,"30-39","Drivers"
"T20190003905","27/2/19",13:50:00,"Collision with vehicle","Wednesday","Day",3,6,"T intersection",3,60,"C",2006,"SEDAN","MITSUB","Car","M",NA,"unknown","Drivers"
"T20190003906","28/2/19",13:00:00,"Collision with vehicle","Thursday","Day",2,2,"T intersection",3,60,"A",2012,"SEDAN","KIA","Car","M",33,"30-39","Drivers"
"T20190003912","28/2/19",15:20:00,"Collision with vehicle","Thursday","Day",3,5,"Cross intersection",3,60,"A",2017,"UTIL","HOLDEN","Utility","U",NA,"unknown","Drivers"
"T20190003912","28/2/19",15:20:00,"Collision with vehicle","Thursday","Day",3,5,"Cross intersection",3,60,"B",2013,"SEDAN","MITSUB","Car","F",26,"26-29","Drivers"
"T20190003912","28/2/19",15:20:00,"Collision with vehicle","Thursday","Day",3,5,"Cross intersection",3,60,"C",2014,"WAGON","L ROV","Station Wagon","F",36,"30-39","Drivers"
"T20190003913","8/2/19",13:00:00,"Collision with vehicle","Friday","Day",2,3,"Cross intersection",2,50,"A",0,"SED","VLK","Car","F",23,"22-25","Drivers"
"T20190003913","8/2/19",13:00:00,"Collision with vehicle","Friday","Day",2,3,"Cross intersection",2,50,"B",2014,"SEDAN","KIA","Car","M",68,"64-69","Drivers"
"T20190003914","26/2/19",17:50:00,"Collision with a fixed object","Tuesday","Day",3,2,"Not at intersection",2,30,"A",2016,"WAGON","R ROV","Station Wagon","M",49,"40-49","Drivers"
"T20190003919","28/2/19",15:05:00,"Collision with vehicle","Thursday","Day",2,1,"Not at intersection",2,40,"A",2016,"WAGON","HONDA","Station Wagon","M",44,"40-49","Drivers"
"T20190003921","22/2/19",12:25:00,"Collision with vehicle","Friday","Day",2,2,"Not at intersection",3,60,"B",2005,"SEDAN","HOLDEN","Car","M",21,"17-21","Drivers"
"T20190003923","28/2/19",15:25:00,"Collision with vehicle","Thursday","Day",4,5,"Not at intersection",2,100,"A",2007,"TRAY","ISUZU","Heavy Vehicle (Rigid) > 4.5 Tonnes","M",64,"60-64","Drivers"
"T20190003923","28/2/19",15:25:00,"Collision with vehicle","Thursday","Day",4,5,"Not at intersection",2,100,"B",2015,"SEDAN","HYNDAI","Car","M",47,"40-49","Drivers"
"T20190003923","28/2/19",15:25:00,"Collision with vehicle","Thursday","Day",4,5,"Not at intersection",2,100,"C",2012,"UTIL","NISSAN","Utility","F",26,"26-29","Drivers"
"T20190003923","28/2/19",15:25:00,"Collision with vehicle","Thursday","Day",4,5,"Not at intersection",2,100,"D",2016,"UTIL","FORD","Utility","F",39,"30-39","Drivers"