"ACCIDENT_NO","ACCIDENTDATE","ACCIDENTTIME","Accident Type Desc","Day Week Description","Light Condition Desc","NO_OF_VEHICLES","NO_PERSONS","Road Geometry Desc","SEVERITY","SPEED_ZONE","VEHICLE_ID","VEHICLE_YEAR_MANUF","VEHICLE_BODY_STYLE","VEHICLE_MAKE","Vehicle Type Desc","SEX","AGE","Age Group","Road User Type Desc"
"T20190003924","28/2/19",16:12:00,"Collision with vehicle","Thursday","Day",2,1,"Not at intersection",2,60,"A",1999,"SEDAN","TOYOTA","Car","M",53,"50-59","Drivers"
"T20190003925","28/2/19",13:30:00,"Struck Pedestrian","Thursday","Day",1,2,"Not at intersection",3,999,"A",2013,"SEDAN","FORD","Taxi","M",67,"64-69","Drivers"
"T20190003926","28/2/19",18:44:00,"Struck Pedestrian","Thursday","Day",1,2,"Cross intersection",3,50,"A",2014,"SEDAN","TOYOTA","Car","F",37,"30-39","Drivers"
"T20190003929","27/2/19",18:00:00,"Collision with a fixed object","Wednesday","Day",1,5,"Not at intersection",2,60,"A",2007,"SED","KIA","Car","F",18,"17-21","Drivers"
"T20190003933","28/2/19",18:00:00,"Collision with vehicle","Thursday","Day",2,4,"Cross intersection",3,60,"A",2005,"WAGON","TOYOTA","Station Wagon","F",55,"50-59","Drivers"
"T20190003933","28/2/19",18:00:00,"Collision with vehicle","Thursday","Day",2,4,"Cross intersection",3,60,"B",2002,"SEDAN","FORD","Car","M",25,"22-25","Drivers"
"T20190003934","28/2/19",14:45:00,"Collision with vehicle","Thursday","Day",2,2,"T intersection",2,80,"A",2004,"SEDAN","HOLDEN","Car","F",30,"30-39","Drivers"
"T20190003934","28/2/19",14:45:00,"Collision with vehicle","Thursday","Day",2,2,"T intersection",2,80,"B",2015,"UTIL","TOYOTA","Utility","M",45,"40-49","Drivers"
"T20190003935","28/2/19",16:15:00,"Struck Pedestrian","Thursday","Day",1,2,"T intersection",3,70,"A",2008,"WAGON","TOYOTA","Station Wagon","F",29,"26-29","Drivers"
"T20190003937","28/2/19",21:00:00,"Collision with vehicle","Thursday","Dark Street lights on",2,5,"Cross intersection",3,60,"A",2018,"WAGON","VOLKS","Station Wagon","M",61,"60-64","Drivers"
"T20190003937","28/2/19",21:00:00,"Collision with vehicle","Thursday","Dark Street lights on",2,5,"Cross intersection",3,60,"B",2008,"S WAG","HOLDEN","Station Wagon","M",70,"70+","Drivers"
"T20190003938","28/2/19",16:50:00,"Vehicle overturned (no collision)","Thursday","Day",1,1,"Not at intersection",3,60,"A",0,"CHAIR","UNKN","Other Vehicle","F",67,"64-69","Drivers"
"T20190003939","28/2/19",20:30:00,"Collision with vehicle","Thursday","Dark Street lights on",2,3,"Not at intersection",3,60,"A",2016,"SEDAN","TOYOTA","Car","M",24,"22-25","Drivers"
"T20190003940","27/2/19",06:36:00,"Struck Pedestrian","Wednesday","Dusk/Dawn",1,2,"T intersection",2,80,"A",2004,"WAGON","NISSAN","Station Wagon","M",42,"40-49","Drivers"
"T20190003941","27/2/19",23:34:00,"Collision with vehicle","Wednesday","Dark No street lights",3,3,"T intersection",2,100,"A",2002,"SEDAN","MAZDA","Car","M",19,"17-21","Drivers"
"T20190003941","27/2/19",23:34:00,"Collision with vehicle","Wednesday","Dark No street lights",3,3,"T intersection",2,100,"B",1995,"SEDAN","MAZDA","Car","F",27,"26-29","Drivers"
"T20190003941","27/2/19",23:34:00,"Collision with vehicle","Wednesday","Dark No street lights",3,3,"T intersection",2,100,"C",2008,"SEDAN","FORD","Car","F",52,"50-59","Drivers"
"T20190003943","1/3/19",00:38:00,"Collision with vehicle","Friday","Dark Street lights on",2,4,"Cross intersection",2,80,"A",2002,"SEDAN","MITSUB","Car","M",18,"17-21","Drivers"
"T20190003943","1/3/19",00:38:00,"Collision with vehicle","Friday","Dark Street lights on",2,4,"Cross intersection",2,80,"B",2001,"SEDAN","MAZDA","Car","U",22,"22-25","Drivers"
"T20190003944","1/3/19",00:55:00,"Struck Pedestrian","Friday","Dark Street lights on",1,2,"Cross intersection",1,60,"A",2016,"WAGON","HOLDEN","Station Wagon","M",57,"50-59","Drivers"
"T20190003945","1/3/19",01:10:00,"Struck Pedestrian","Friday","Dark Street lights on",1,2,"Not at intersection",3,40,"A",2008,"SEDAN","TOYOTA","Car","F",46,"40-49","Drivers"
"T20190003947","28/2/19",23:20:00,"Collision with vehicle","Thursday","Dark Street lights on",2,2,"T intersection",2,80,"A",2011,"DC UTE","VOLKS","Utility","M",35,"30-39","Drivers"
"T20190003947","28/2/19",23:20:00,"Collision with vehicle","Thursday","Dark Street lights on",2,2,"T intersection",2,80,"B",2014,"WAGON","KIA","Station Wagon","M",53,"50-59","Drivers"
"T20190003948","1/3/19",05:34:00,"Struck Pedestrian","Friday","Dark Street lights on",1,2,"T intersection",2,50,"A",2003,"SEDAN","TOYOTA","Car","M",37,"30-39","Drivers"
"T20190003953","1/3/19",01:10:00,"Vehicle overturned (no collision)","Friday","Dark Street lights on",1,2,"Not at intersection",1,80,"A",2004,"SEDAN","HOLDEN","Car","F",15,"13-15","Drivers"
"T20190003954","1/3/19",07:50:00,"Collision with vehicle","Friday","Day",2,2,"Cross intersection",3,50,"A",2016,"VAN","MERC B","Panel Van","M",59,"50-59","Drivers"
"T20190003954","1/3/19",07:50:00,"Collision with vehicle","Friday","Day",2,2,"Cross intersection",3,50,"B",2004,"DC UTE","HOLDEN","Utility","M",27,"26-29","Drivers"
"T20190003956","1/3/19",07:55:00,"Collision with vehicle","Friday","Day",2,2,"Cross intersection",2,50,"B",2008,"SEDAN","HOLDEN","Car","F",25,"22-25","Drivers"
"T20190003957","1/3/19",07:20:00,"Collision with vehicle","Friday","Day",2,2,"Cross intersection",2,60,"A",2005,"UTIL","HOLDEN","Utility","M",41,"40-49","Drivers"
"T20190003958","28/2/19",22:00:00,"Vehicle overturned (no collision)","Thursday","Dark No street lights",1,1,"Not at intersection",2,60,"A",2001,"WAGON","NISSAN","Station Wagon","M",25,"22-25","Drivers"
"T20190003961","28/2/19",08:30:00,"Collision with vehicle","Thursday","Day",2,2,"Not at intersection",3,100,"A",2018,"SEDAN","SUBARU","Car","F",35,"30-39","Drivers"
"T20190003961","28/2/19",08:30:00,"Collision with vehicle","Thursday","Day",2,2,"Not at intersection",3,100,"B",1966,"UTIL","HOLDEN","Utility","M",31,"30-39","Drivers"
"T20190003962","22/2/19",15:30:00,"Collision with vehicle","Friday","Day",4,4,"Cross intersection",3,80,"A",2005,"WAGON","B M W","Station Wagon","F",29,"26-29","Drivers"
"T20190003962","22/2/19",15:30:00,"Collision with vehicle","Friday","Day",4,4,"Cross intersection",3,80,"B",2016,"DC UTE","MITSUB","Utility","M",47,"40-49","Drivers"
"T20190003962","22/2/19",15:30:00,"Collision with vehicle","Friday","Day",4,4,"Cross intersection",3,80,"C",1989,"SEDAN","NISSAN","Car","U",NA,"unknown","Drivers"
"T20190003962","22/2/19",15:30:00,"Collision with vehicle","Friday","Day",4,4,"Cross intersection",3,80,"D",0,"BUS","UNKN","Bus/Coach","M",47,"40-49","Drivers"
"T20190003963","28/2/19",12:00:00,"Collision with vehicle","Thursday","Day",2,2,"T intersection",2,60,"A",2017,"WAGON","HOLDEN","Station Wagon","F",25,"22-25","Drivers"
"T20190003965","25/2/19",15:35:00,"Struck Pedestrian","Monday","Day",2,2,"Not at intersection",3,60,"B",0,"SEDAN","KIA","Car","U",NA,"unknown","Drivers"
"T20190003967","1/3/19",10:40:00,"Collision with vehicle","Friday","Day",2,2,"Cross intersection",3,70,"A",2006,"SEDAN","HONDA","Car","M",27,"26-29","Drivers"
"T20190003967","1/3/19",10:40:00,"Collision with vehicle","Friday","Day",2,2,"Cross intersection",3,70,"B",2011,"WAGON","DODGE","Station Wagon","M",79,"70+","Drivers"
"T20190003969","1/3/19",10:55:00,"Collision with vehicle","Friday","Day",2,3,"T intersection",2,60,"A",1997,"SEDAN","HOLDEN","Car","F",90,"70+","Drivers"
"T20190003969","1/3/19",10:55:00,"Collision with vehicle","Friday","Day",2,3,"T intersection",2,60,"B",2005,"SEDAN","FORD","Car","M",69,"64-69","Drivers"
"T20190003971","1/3/19",07:50:00,"Collision with vehicle","Friday","Day",2,2,"T intersection",3,80,"B",2002,"SEDAN","TOYOTA","Car","F",45,"40-49","Drivers"
"T20190003973","1/3/19",12:40:00,"Struck Pedestrian","Friday","Day",1,2,"Not at intersection",3,40,"A",2013,"WAGON","TOYOTA","Station Wagon","F",32,"30-39","Drivers"
"T20190003976","1/3/19",12:18:00,"Collision with vehicle","Friday","Day",2,2,"Not at intersection",3,50,"A",2013,"WAGON","TOYOTA","Station Wagon","M",46,"40-49","Drivers"
"T20190003977","28/2/19",15:20:00,"Collision with vehicle","Thursday","Day",2,2,"T intersection",3,70,"A",2006,"TRAY","FORD","Light Commercial Vehicle (Rigid) <= 4.5 Tonnes GVM","F",60,"60-64","Drivers"
"T20190003977","28/2/19",15:20:00,"Collision with vehicle","Thursday","Day",2,2,"T intersection",3,70,"B",0,"DC UTE","TOYOTA","Utility","M",50,"50-59","Drivers"
"T20190003979","1/3/19",11:40:00,"Collision with vehicle","Friday","Day",3,3,"Cross intersection",2,100,"B",2015,"WAGON","TOYOTA","Station Wagon","M",75,"70+","Drivers"
"T20190003982","1/3/19",09:40:00,"Collision with vehicle","Friday","Day",2,2,"T intersection",2,80,"A",2006,"SEDAN","VOLKS","Car","M",42,"40-49","Drivers"
"T20190003982","1/3/19",09:40:00,"Collision with vehicle","Friday","Day",2,2,"T intersection",2,80,"B",0,"SED","TOYOTA","Car","M",21,"17-21","Drivers"
"T20190003983","1/3/19",12:25:00,"Collision with vehicle","Friday","Day",2,3,"Not at intersection",2,60,"A",2005,"S WAG","FORD","Station Wagon","F",39,"30-39","Drivers"
"T20190003983","1/3/19",12:25:00,"Collision with vehicle","Friday","Day",2,3,"Not at intersection",2,60,"B",1998,"SEDAN","TOYOTA","Car","F",30,"30-39","Drivers"
"T20190003984","1/3/19",09:10:00,"Collision with vehicle","Friday","Day",2,2,"T intersection",2,100,"A",2010,"SEDAN","HONDA","Car","F",75,"70+","Drivers"
"T20190003984","1/3/19",09:10:00,"Collision with vehicle","Friday","Day",2,2,"T intersection",2,100,"B",2010,"VAN","FIAT","Panel Van","M",27,"26-29","Drivers"
"T20190003985","1/3/19",13:10:00,"Collision with vehicle","Friday","Day",2,2,"T intersection",3,60,"A",2013,"WAGON","JEEP","Station Wagon","F",33,"30-39","Drivers"
"T20190003990","1/3/19",10:25:00,"Collision with vehicle","Friday","Day",2,3,"Cross intersection",3,80,"A",2008,"UTIL","NISSAN","Utility","M",35,"30-39","Drivers"
"T20190003990","1/3/19",10:25:00,"Collision with vehicle","Friday","Day",2,3,"Cross intersection",3,80,"B",2010,"S WAG","MAZDA","Station Wagon","M",67,"64-69","Drivers"
"T20190003992","1/3/19",15:03:00,"Collision with vehicle","Friday","Day",2,3,"Cross intersection",2,70,"A",2009,"SEDAN","HOLDEN","Car","F",95,"70+","Drivers"
"T20190003992","1/3/19",15:03:00,"Collision with vehicle","Friday","Day",2,3,"Cross intersection",2,70,"B",2014,"VAN","MERC B","Panel Van","M",51,"50-59","Drivers"
"T20190003993","1/3/19",16:00:00,"Collision with vehicle","Friday","Unknown",2,2,"Not at intersection",3,999,"A",1999,"SEDAN","HONDA","Car","F",25,"22-25","Drivers"
"T20190003993","1/3/19",16:00:00,"Collision with vehicle","Friday","Unknown",2,2,"Not at intersection",3,999,"B",2004,"WAGON","LEXUS","Station Wagon","F",39,"30-39","Drivers"
"T20190003994","18/1/19",17:00:00,"Fall from or in moving vehicle","Friday","Day",1,2,"Not at intersection",3,100,"A",2009,"WAGON","FORD","Station Wagon","M",22,"22-25","Drivers"
"T20190003996","1/3/19",16:10:00,"Collision with vehicle","Friday","Day",2,2,"T intersection",3,70,"A",2017,"WAGON","MERC B","Station Wagon","F",51,"50-59","Drivers"
"T20190003999","28/2/19",21:50:00,"Struck Pedestrian","Thursday","Dark Street lights on",1,2,"Not at intersection",3,50,"A",2012,"SEDAN","HOLDEN","Car","M",20,"17-21","Drivers"
"T20190004000","1/3/19",16:15:00,"Collision with vehicle","Friday","Day",2,3,"Cross intersection",3,80,"A",2014,"WAGON","FORD","Station Wagon","M",29,"26-29","Drivers"
"T20190004000","1/3/19",16:15:00,"Collision with vehicle","Friday","Day",2,3,"Cross intersection",3,80,"B",2009,"VAN","TOYOTA","Panel Van","M",30,"30-39","Drivers"
"T20190004001","1/3/19",17:22:00,"Struck Pedestrian","Friday","Unknown",1,2,"Cross intersection",2,40,"A",2007,"S WAG","JEEP","Station Wagon","M",54,"50-59","Drivers"
"T20190004004","1/3/19",18:25:00,"Collision with vehicle","Friday","Day",2,2,"T intersection",3,70,"A",2009,"SEDAN","HOLDEN","Car","F",39,"30-39","Drivers"
"T20190004004","1/3/19",18:25:00,"Collision with vehicle","Friday","Day",2,2,"T intersection",3,70,"B",2000,"SEDAN","DAEWOO","Car","M",42,"40-49","Drivers"
"T20190004006","1/3/19",15:00:00,"Collision with vehicle","Friday","Day",2,2,"Not at intersection",3,60,"A",2018,"WAGON","B M W","Station Wagon","F",29,"26-29","Drivers"
"T20190004006","1/3/19",15:00:00,"Collision with vehicle","Friday","Day",2,2,"Not at intersection",3,60,"B",2014,"SEDAN","VOLKS","Car","F",50,"50-59","Drivers"
"T20190004009","25/2/19",19:22:00,"Collision with vehicle","Monday","Day",2,2,"Cross intersection",3,80,"A",2008,"SEDAN","MAZDA","Car","F",46,"40-49","Drivers"
"T20190004009","25/2/19",19:22:00,"Collision with vehicle","Monday","Day",2,2,"Cross intersection",3,80,"B",2014,"DC UTE","MITSUB","Utility","M",50,"50-59","Drivers"
"T20190004012","1/3/19",20:41:00,"Collision with vehicle","Friday","Dark Street lights on",2,2,"T intersection",3,50,"A",2001,"SEDAN","TOYOTA","Car","M",39,"30-39","Drivers"
"T20190004014","1/3/19",18:33:00,"Collision with a fixed object","Friday","Day",2,3,"Not at intersection",3,60,"A",2010,"SEDAN","FORD","Car","M",22,"22-25","Drivers"
"T20190004014","1/3/19",18:33:00,"Collision with a fixed object","Friday","Day",2,3,"Not at intersection",3,60,"B",2006,"SEDAN","FORD","Car","M",25,"22-25","Drivers"
"T20190004016","1/3/19",23:55:00,"Collision with vehicle","Friday","Dark Street lights on",2,2,"Cross intersection",3,50,"A",2016,"DC UTE","FORD","Utility","M",43,"40-49","Drivers"
"T20190004018","1/3/19",17:50:00,"Vehicle overturned (no collision)","Friday","Day",1,1,"Not at intersection",3,80,"A",0,"P VAN","UNKN","Panel Van","M",19,"17-21","Drivers"
"T20190004025","2/3/19",02:30:00,"Collision with vehicle","Saturday","Dark Street lights on",2,2,"Not at intersection",3,60,"A",2001,"SEDAN","HONDA","Car","M",21,"17-21","Drivers"
"T20190004025","2/3/19",02:30:00,"Collision with vehicle","Saturday","Dark Street lights on",2,2,"Not at intersection",3,60,"B",2003,"SEDAN","MITSUB","Car","M",28,"26-29","Drivers"
"T20190004026","2/3/19",04:45:00,"Collision with a fixed object","Saturday","Dark Street lights on",1,1,"Not at intersection",3,999,"A",2004,"COUPE","HOLDEN","Car","M",23,"22-25","Drivers"
"T20190004029","2/3/19",04:35:00,"Collision with vehicle","Saturday","Dark Street lights on",2,4,"T intersection",3,50,"A",2002,"SEDAN","HOLDEN","Car","M",15,"13-15","Drivers"
"T20190004029","2/3/19",04:35:00,"Collision with vehicle","Saturday","Dark Street lights on",2,4,"T intersection",3,50,"B",2017,"UTIL","HOLDEN","Utility","U",NA,"unknown","Drivers"
"T20190004030","1/3/19",13:21:00,"Collision with vehicle","Friday","Day",2,2,"Cross intersection",3,60,"A",2010,"WAGON","MAZDA","Car","F",39,"30-39","Drivers"
"T20190004030","1/3/19",13:21:00,"Collision with vehicle","Friday","Day",2,2,"Cross intersection",3,60,"B",2003,"COUPE","HYNDAI","Car","M",22,"22-25","Drivers"
"T20190004031","2/3/19",07:55:00,"Collision with a fixed object","Saturday","Day",1,1,"Not at intersection",2,100,"A",2012,"DC UTE","MITSUB","Utility","F",21,"17-21","Drivers"
"T20190004033","2/3/19",10:05:00,"Collision with vehicle","Saturday","Day",2,6,"Not at intersection",3,50,"A",1990,"WAGON","NISSAN","Station Wagon","M",20,"17-21","Drivers"
"T20190004033","2/3/19",10:05:00,"Collision with vehicle","Saturday","Day",2,6,"Not at intersection",3,50,"B",2011,"SEDAN","HONDA","Car","M",55,"50-59","Drivers"
"T20190004036","27/2/19",13:00:00,"Collision with vehicle","Wednesday","Day",4,4,"Cross intersection",3,60,"B",2017,"WAGON","SUBARU","Station Wagon","F",77,"70+","Drivers"
"T20190004036","27/2/19",13:00:00,"Collision with vehicle","Wednesday","Day",4,4,"Cross intersection",3,60,"C",2006,"SEDAN","PEUG","Car","M",59,"50-59","Drivers"
"T20190004037","2/3/19",06:25:00,"Collision with vehicle","Saturday","Dusk/Dawn",5,1,"Not at intersection",3,70,"A",2013,"SEDAN","NISSAN","Car","M",28,"26-29","Drivers"
"T20190004038","2/3/19",06:45:00,"Collision with vehicle","Saturday","Dark Street lights on",2,1,"Not at intersection",3,60,"A",2009,"DC UTE","FORD","Utility","M",22,"22-25","Drivers"
"T20190004039","2/3/19",12:05:00,"Collision with vehicle","Saturday","Day",2,2,"T intersection",2,50,"B",2007,"WAGON","TOYOTA","Station Wagon","M",74,"70+","Drivers"
"T20190004040","2/3/19",08:40:00,"Struck Pedestrian","Saturday","Day",1,2,"T intersection",2,60,"A",2017,"DC UTE","TOYOTA","Utility","M",42,"40-49","Drivers"
"T20190004046","7/2/19",17:40:00,"Collision with vehicle","Thursday","Day",3,3,"Not at intersection",3,100,"A",2010,"SEDAN","SUBARU","Car","F",36,"30-39","Drivers"
"T20190004046","7/2/19",17:40:00,"Collision with vehicle","Thursday","Day",3,3,"Not at intersection",3,100,"B",0,"SEDAN","FORD","Car","F",20,"17-21","Drivers"
"T20190004046","7/2/19",17:40:00,"Collision with vehicle","Thursday","Day",3,3,"Not at intersection",3,100,"C",2007,"C CHAS","MITSUB","Heavy Vehicle (Rigid) > 4.5 Tonnes","M",41,"40-49","Drivers"
"T20190004048","2/3/19",12:45:00,"Collision with vehicle","Saturday","Day",2,2,"Cross intersection",3,50,"A",2003,"SEDAN","HOLDEN","Car","F",25,"22-25","Drivers"
"T20190004048","2/3/19",12:45:00,"Collision with vehicle","Saturday","Day",2,2,"Cross intersection",3,50,"B",2018,"DC UTE","VOLKS","Utility","M",31,"30-39","Drivers"
"T20190004051","28/2/19",09:28:00,"Collision with vehicle","Thursday","Day",2,2,"T intersection",2,50,"A",2009,"SED","AUDI","Car","M",36,"30-39","Drivers"
"T20190004051","28/2/19",09:28:00,"Collision with vehicle","Thursday","Day",2,2,"T intersection",2,50,"B",2009,"SEDAN","HYNDAI","Car","F",53,"50-59","Drivers"
"T20190004055","2/3/19",12:52:00,"Collision with vehicle","Saturday","Day",4,7,"Not at intersection",2,80,"A",2015,"SEDAN","MAZDA","Car","F",26,"26-29","Drivers"
"T20190004055","2/3/19",12:52:00,"Collision with vehicle","Saturday","Day",4,7,"Not at intersection",2,80,"B",2012,"WAGON","VOLVO","Station Wagon","M",48,"40-49","Drivers"
"T20190004055","2/3/19",12:52:00,"Collision with vehicle","Saturday","Day",4,7,"Not at intersection",2,80,"C",2014,"UTIL","HOLDEN","Utility","M",21,"17-21","Drivers"
"T20190004055","2/3/19",12:52:00,"Collision with vehicle","Saturday","Day",4,7,"Not at intersection",2,80,"D",2006,"WAGON","SUZUKI","Station Wagon","F",39,"30-39","Drivers"
"T20190004057","1/3/19",23:40:00,"Vehicle overturned (no collision)","Friday","Dark No street lights",1,1,"Not at intersection",2,80,"A",1984,"WAGON","HOLDEN","Station Wagon","F",40,"40-49","Drivers"
"T20190004058","2/3/19",12:00:00,"Collision with vehicle","Saturday","Day",3,4,"Cross intersection",3,999,"A",0,"COUPE","UNKN","Car","F",41,"40-49","Drivers"
"T20190004058","2/3/19",12:00:00,"Collision with vehicle","Saturday","Day",3,4,"Cross intersection",3,999,"B",2002,"WAGON","TOYOTA","Station Wagon","M",30,"30-39","Drivers"
"T20190004058","2/3/19",12:00:00,"Collision with vehicle","Saturday","Day",3,4,"Cross intersection",3,999,"C",2007,"WAGON","HONDA","Station Wagon","F",39,"30-39","Drivers"
"T20190004065","2/3/19",13:30:00,"Collision with vehicle","Saturday","Day",2,2,"Not at intersection",3,110,"B",2000,"SED","TOYOTA","Car","M",27,"26-29","Drivers"
"T20190004067","2/3/19",16:30:00,"Collision with a fixed object","Saturday","Day",1,1,"Not at intersection",3,100,"A",2018,"SEDAN","HYNDAI","Car","F",39,"30-39","Drivers"
"T20190004069","2/3/19",18:05:00,"Collision with vehicle","Saturday","Day",2,3,"Cross intersection",2,60,"A",2000,"SEDAN","HOLDEN","Car","F",20,"17-21","Drivers"
"T20190004069","2/3/19",18:05:00,"Collision with vehicle","Saturday","Day",2,3,"Cross intersection",2,60,"B",2002,"WAGON","HONDA","Station Wagon","M",63,"60-64","Drivers"
"T20190004074","2/3/19",17:50:00,"Collision with a fixed object","Saturday","Day",1,1,"T intersection",2,60,"A",2001,"WAGON","MAZDA","Station Wagon","M",33,"30-39","Drivers"
"T20190004075","2/3/19",19:30:00,"Collision with vehicle","Saturday","Dusk/Dawn",4,4,"T intersection",2,70,"A",2016,"WAGON","NISSAN","Station Wagon","M",56,"50-59","Drivers"
"T20190004075","2/3/19",19:30:00,"Collision with vehicle","Saturday","Dusk/Dawn",4,4,"T intersection",2,70,"B",2017,"WAGON","HONDA","Station Wagon","M",35,"30-39","Drivers"
"T20190004075","2/3/19",19:30:00,"Collision with vehicle","Saturday","Dusk/Dawn",4,4,"T intersection",2,70,"C",2017,"SEDAN","MAZDA","Car","M",55,"50-59","Drivers"
"T20190004075","2/3/19",19:30:00,"Collision with vehicle","Saturday","Dusk/Dawn",4,4,"T intersection",2,70,"D",2002,"SEDAN","FORD","Car","M",23,"22-25","Drivers"
"T20190004084","2/3/19",22:53:00,"Collision with vehicle","Saturday","Dark Street lights on",2,2,"T intersection",3,60,"A",2018,"SEDAN","TOYOTA","Car","M",30,"30-39","Drivers"
"T20190004088","2/3/19",23:33:00,"Fall from or in moving vehicle","Saturday","Dark Street lights on",1,7,"T intersection",2,60,"A",1999,"UTIL","TOYOTA","Utility","M",21,"17-21","Drivers"
"T20190004090","3/3/19",03:00:00,"Collision with vehicle","Sunday","Dark Street lights on",3,3,"Not at intersection",3,50,"A",1998,"COUPE","MITSUB","Car","M",19,"17-21","Drivers"
"T20190004090","3/3/19",03:00:00,"Collision with vehicle","Sunday","Dark Street lights on",3,3,"Not at intersection",3,50,"B",2017,"UTIL","HOLDEN","Utility","U",NA,"unknown","Drivers"
"T20190004091","2/3/19",10:00:00,"Collision with vehicle","Saturday","Day",2,2,"T intersection",2,100,"A",2018,"SED","TOYOTA","Car","U",NA,"unknown","Drivers"
"T20190004096","3/3/19",10:25:00,"Collision with vehicle","Sunday","Day",2,3,"Not at intersection",3,70,"A",2018,"SEDAN","MAZDA","Car","F",22,"22-25","Drivers"
"T20190004096","3/3/19",10:25:00,"Collision with vehicle","Sunday","Day",2,3,"Not at intersection",3,70,"B",2018,"WAGON","VOLKS","Station Wagon","U",NA,"unknown","Drivers"
"T20190004097","3/3/19",09:40:00,"Collision with vehicle","Sunday","Day",2,6,"T intersection",3,60,"A",2012,"SEDAN","HOLDEN","Car","F",27,"26-29","Drivers"
"T20190004097","3/3/19",09:40:00,"Collision with vehicle","Sunday","Day",2,6,"T intersection",3,60,"B",2018,"SEDAN","TOYOTA","Car","M",41,"40-49","Drivers"
"T20190004099","3/3/19",11:14:00,"Collision with a fixed object","Sunday","Day",1,2,"Not at intersection",2,50,"A",2005,"SEDAN","MITSUB","Car","F",85,"70+","Drivers"
"T20190004100","3/3/19",10:16:00,"Collision with a fixed object","Sunday","Day",1,1,"Not at intersection",3,60,"A",2014,"SEDAN","MAZDA","Car","M",70,"70+","Drivers"
"T20190004102","3/3/19",10:20:00,"Struck Pedestrian","Sunday","Day",1,2,"Not at intersection",3,60,"A",2010,"WAGON","TOYOTA","Station Wagon","F",80,"70+","Drivers"
"T20190004103","3/3/19",00:30:00,"Vehicle overturned (no collision)","Sunday","Dark No street lights",1,1,"Not at intersection",2,100,"A",2000,"WAGON","UNKN","Station Wagon","M",64,"60-64","Drivers"
"T20190004106","3/3/19",09:48:00,"Collision with vehicle","Sunday","Day",2,3,"Cross intersection",2,60,"A",2007,"COUPE","HYNDAI","Car","F",21,"17-21","Drivers"
"T20190004106","3/3/19",09:48:00,"Collision with vehicle","Sunday","Day",2,3,"Cross intersection",2,60,"B",1984,"SEDAN","HOLDEN","Car","M",52,"50-59","Drivers"
"T20190004111","3/3/19",13:25:00,"Collision with vehicle","Sunday","Day",2,1,"Not at intersection",2,100,"A",2011,"UTIL","NISSAN","Utility","M",45,"40-49","Drivers"
"T20190004112","3/3/19",00:01:00,"Fall from or in moving vehicle","Sunday","Dark No street lights",1,2,"Not at intersection",3,80,"A",2014,"DC UTE","FORD","Utility","M",24,"22-25","Drivers"
"T20190004118","1/3/19",13:15:00,"Collision with vehicle","Friday","Day",2,4,"Cross intersection",3,60,"A",2014,"SEDAN","TOYOTA","Car","F",36,"30-39","Drivers"
"T20190004118","1/3/19",13:15:00,"Collision with vehicle","Friday","Day",2,4,"Cross intersection",3,60,"B",2005,"SEDAN","HOLDEN","Car","F",18,"17-21","Drivers"
"T20190004120","3/3/19",13:50:00,"Collision with vehicle","Sunday","Day",2,4,"Not at intersection",3,80,"A",2010,"SEDAN","KIA","Car","F",56,"50-59","Drivers"
"T20190004120","3/3/19",13:50:00,"Collision with vehicle","Sunday","Day",2,4,"Not at intersection",3,80,"B",2011,"SEDAN","TOYOTA","Car","M",50,"50-59","Drivers"
"T20190004122","3/3/19",13:20:00,"Collision with vehicle","Sunday","Day",3,3,"Not at intersection",2,50,"A",2002,"SED","TOYOTA","Car","M",19,"17-21","Drivers"
"T20190004122","3/3/19",13:20:00,"Collision with vehicle","Sunday","Day",3,3,"Not at intersection",2,50,"C",2004,"SED","HOLDEN","Car","M",20,"17-21","Drivers"
"T20190004124","3/3/19",17:39:00,"Collision with vehicle","Sunday","Day",2,2,"T intersection",3,60,"A",2004,"COUPE","HYNDAI","Car","F",27,"26-29","Drivers"
"T20190004125","1/3/19",16:50:00,"Collision with vehicle","Friday","Day",2,2,"Cross intersection",3,60,"A",2003,"SEDAN","HOLDEN","Car","M",48,"40-49","Drivers"
"T20190004125","1/3/19",16:50:00,"Collision with vehicle","Friday","Day",2,2,"Cross intersection",3,60,"B",2011,"SEDAN","FORD","Car","M",39,"30-39","Drivers"
"T20190004126","3/3/19",18:10:00,"Collision with vehicle","Sunday","Day",2,2,"Cross intersection",3,40,"A",2008,"SEDAN","MITSUB","Car","M",38,"30-39","Drivers"
"T20190004127","3/3/19",17:35:00,"Collision with vehicle","Sunday","Day",2,2,"T intersection",3,50,"A",2016,"SEDAN","UNKN","Car","F",18,"17-21","Drivers"
"T20190004128","1/3/19",13:56:00,"Collision with a fixed object","Friday","Day",1,1,"Not at intersection",3,50,"A",2012,"DC UTE","NISSAN","Utility","M",52,"50-59","Drivers"
"T20190004130","3/3/19",20:07:00,"Collision with vehicle","Sunday","Dark Street lights on",3,2,"Not at intersection",3,60,"A",2009,"S WAG","SUBARU","Station Wagon","M",35,"30-39","Drivers"
"T20190004130","3/3/19",20:07:00,"Collision with vehicle","Sunday","Dark Street lights on",3,2,"Not at intersection",3,60,"B",2016,"SEDAN","MAZDA","Car","M",28,"26-29","Drivers"
"T20190004133","3/3/19",21:15:00,"Collision with vehicle","Sunday","Dark Street lights unknown",2,3,"Cross intersection",2,60,"A",2006,"WAGON","VOLVO","Station Wagon","F",36,"30-39","Drivers"