"ACCIDENT_NO","ACCIDENTDATE","ACCIDENTTIME","Accident Type Desc","Day Week Description","Light Condition Desc","NO_OF_VEHICLES","NO_PERSONS","Road Geometry Desc","SEVERITY","SPEED_ZONE","VEHICLE_ID","VEHICLE_YEAR_MANUF","VEHICLE_BODY_STYLE","VEHICLE_MAKE","Vehicle Type Desc","SEX","AGE","Age Group","Road User Type Desc"
"T20190004133","3/3/19",21:15:00,"Collision with vehicle","Sunday","Dark Street lights unknown",2,3,"Cross intersection",2,60,"B",1993,"SEDAN","FORD","Car","M",27,"26-29","Drivers"
"T20190004134","3/3/19",22:40:00,"Collision with a fixed object","Sunday","Dark Street lights on",1,1,"Not at intersection",3,60,"A",2012,"WAGON","NISSAN","Station Wagon","M",35,"30-39","Drivers"
"T20190004137","3/3/19",22:00:00,"Collision with vehicle","Sunday","Dark No street lights",2,3,"Not at intersection",2,100,"A",1995,"S WAG","TOYOTA","Station Wagon","F",27,"26-29","Drivers"
"T20190004137","3/3/19",22:00:00,"Collision with vehicle","Sunday","Dark No street lights",2,3,"Not at intersection",2,100,"B",2014,"WAGON","SUBARU","Station Wagon","F",57,"50-59","Drivers"
"T20190004139","3/3/19",21:55:00,"Collision with vehicle","Sunday","Dark No street lights",2,2,"Not at intersection",3,60,"A",2006,"SED","MERC B","Car","M",33,"30-39","Drivers"
"T20190004145","4/3/19",07:47:00,"Collision with vehicle","Monday","Day",2,2,"Not at intersection",2,80,"B",2014,"SEDAN","MAZDA","Car","M",32,"30-39","Drivers"
"T20190004146","26/2/19",19:40:00,"Collision with vehicle","Tuesday","Dusk/Dawn",2,2,"T intersection",3,50,"A",2016,"WAGON","SUBARU","Station Wagon","F",64,"60-64","Drivers"
"T20190004146","26/2/19",19:40:00,"Collision with vehicle","Tuesday","Dusk/Dawn",2,2,"T intersection",3,50,"B",2006,"SEDAN","FORD","Car","M",20,"17-21","Drivers"
"T20190004148","1/3/19",22:30:00,"Vehicle overturned (no collision)","Friday","Dark No street lights",1,3,"Not at intersection",2,50,"A",1992,"WAGON","NISSAN","Station Wagon","M",23,"22-25","Drivers"
"T20190004149","4/3/19",08:00:00,"Collision with vehicle","Monday","Day",2,2,"T intersection",3,60,"A",2004,"DC UTE","VOLKS","Car","M",55,"50-59","Drivers"
"T20190004150","4/3/19",08:00:00,"Collision with vehicle","Monday","Day",2,2,"T intersection",2,999,"A",2016,"SEDAN","TOYOTA","Car","F",23,"22-25","Drivers"
"T20190004151","4/3/19",08:45:00,"Collision with vehicle","Monday","Day",2,3,"Cross intersection",2,60,"A",2010,"SEDAN","HOLDEN","Car","M",63,"60-64","Drivers"
"T20190004151","4/3/19",08:45:00,"Collision with vehicle","Monday","Day",2,3,"Cross intersection",2,60,"B",2011,"WAGON","SUBARU","Station Wagon","M",53,"50-59","Drivers"
"T20190004152","28/2/19",15:45:00,"Collision with vehicle","Thursday","Day",2,2,"Not at intersection",3,60,"A",2010,"SEDAN","HOLDEN","Car","M",48,"40-49","Drivers"
"T20190004152","28/2/19",15:45:00,"Collision with vehicle","Thursday","Day",2,2,"Not at intersection",3,60,"B",2001,"TIPPER","VOLVO","Heavy Vehicle (Rigid) > 4.5 Tonnes","M",58,"50-59","Drivers"
"T20190004154","4/3/19",08:00:00,"Collision with vehicle","Monday","Day",2,2,"Cross intersection",3,60,"A",2010,"SEDAN","FORD","Car","F",31,"30-39","Drivers"
"T20190004154","4/3/19",08:00:00,"Collision with vehicle","Monday","Day",2,2,"Cross intersection",3,60,"B",2008,"SEDAN","TOYOTA","Car","M",74,"70+","Drivers"
"T20190004155","4/3/19",09:45:00,"Collision with vehicle","Monday","Day",2,3,"Cross intersection",3,60,"A",2004,"DC UTE","NISSAN","Utility","M",77,"70+","Drivers"
"T20190004155","4/3/19",09:45:00,"Collision with vehicle","Monday","Day",2,3,"Cross intersection",3,60,"B",1993,"VAN","TOYOTA","Panel Van","M",44,"40-49","Drivers"
"T20190004157","25/2/19",21:00:00,"Collision with vehicle","Monday","Dark Street lights on",2,2,"Cross intersection",3,60,"A",1999,"WAGON","L ROV","Station Wagon","M",26,"26-29","Drivers"
"T20190004157","25/2/19",21:00:00,"Collision with vehicle","Monday","Dark Street lights on",2,2,"Cross intersection",3,60,"B",2015,"SEDAN","MAZDA","Car","F",24,"22-25","Drivers"
"T20190004160","2/3/19",12:00:00,"Collision with vehicle","Saturday","Day",2,4,"Cross intersection",3,50,"A",2010,"SEDAN","NISSAN","Car","F",43,"40-49","Drivers"
"T20190004160","2/3/19",12:00:00,"Collision with vehicle","Saturday","Day",2,4,"Cross intersection",3,50,"B",2008,"SEDAN","HOLDEN","Car","U",NA,"unknown","Drivers"
"T20190004161","1/2/19",08:35:00,"Struck Pedestrian","Friday","Day",1,2,"Not at intersection",3,50,"A",2018,"SEDAN","TOYOTA","Taxi","M",31,"30-39","Drivers"
"T20190004165","28/2/19",19:15:00,"Collision with vehicle","Thursday","Dusk/Dawn",2,3,"Not at intersection",3,80,"A",2002,"SEDAN","TOYOTA","Car","F",21,"17-21","Drivers"
"T20190004165","28/2/19",19:15:00,"Collision with vehicle","Thursday","Dusk/Dawn",2,3,"Not at intersection",3,80,"B",2015,"SEDAN","SUBARU","Car","F",43,"40-49","Drivers"
"T20190004166","4/3/19",11:28:00,"Struck Pedestrian","Monday","Day",2,2,"Not at intersection",3,40,"A",1990,"SEDAN","FORD","Car","M",76,"70+","Drivers"
"T20190004167","4/3/19",06:28:00,"Collision with vehicle","Monday","Day",3,2,"T intersection",3,60,"A",2005,"SEDAN","TOYOTA","Car","F",20,"17-21","Drivers"
"T20190004167","4/3/19",06:28:00,"Collision with vehicle","Monday","Day",3,2,"T intersection",3,60,"B",2013,"UTIL","TOYOTA","Utility","M",44,"40-49","Drivers"
"T20190004182","4/3/19",11:25:00,"Collision with vehicle","Monday","Day",2,5,"Not at intersection",2,60,"A",1999,"BUS","VOLVO","Bus/Coach","M",46,"40-49","Drivers"
"T20190004183","4/3/19",09:20:00,"Collision with vehicle","Monday","Day",2,2,"Not at intersection",2,70,"A",2017,"SEDAN","TOYOTA","Car","M",36,"30-39","Drivers"
"T20190004183","4/3/19",09:20:00,"Collision with vehicle","Monday","Day",2,2,"Not at intersection",2,70,"B",2008,"SEDAN","FORD","Car","F",33,"30-39","Drivers"
"T20190004184","4/3/19",11:57:00,"Collision with vehicle","Monday","Day",2,3,"Cross intersection",3,60,"A",2010,"SEDAN","MAZDA","Car","M",19,"17-21","Drivers"
"T20190004184","4/3/19",11:57:00,"Collision with vehicle","Monday","Day",2,3,"Cross intersection",3,60,"B",2012,"SEDAN","TOYOTA","Car","M",38,"30-39","Drivers"
"T20190004187","4/3/19",14:28:00,"Collision with a fixed object","Monday","Day",1,1,"T intersection",3,100,"A",2007,"WAGON","FORD","Station Wagon","M",23,"22-25","Drivers"
"T20190004189","4/3/19",16:16:00,"Collision with vehicle","Monday","Day",2,3,"Not at intersection",3,60,"A",2016,"WAGON","KIA","Station Wagon","F",36,"30-39","Drivers"
"T20190004189","4/3/19",16:16:00,"Collision with vehicle","Monday","Day",2,3,"Not at intersection",3,60,"B",2011,"SEDAN","MITSUB","Car","F",26,"26-29","Drivers"
"T20190004190","20/1/19",10:15:00,"Collision with vehicle","Sunday","Day",2,2,"Not at intersection",3,50,"A",2003,"SEDAN","FORD","Car","F",64,"60-64","Drivers"
"T20190004193","4/3/19",15:15:00,"Struck Pedestrian","Monday","Day",1,2,"Not at intersection",3,40,"A",2011,"SEDAN","NISSAN","Car","U",NA,"unknown","Drivers"
"T20190004194","4/3/19",17:55:00,"Collision with vehicle","Monday","Day",3,2,"Not at intersection",3,70,"A",1998,"COUPE","HYNDAI","Car","M",63,"60-64","Drivers"
"T20190004194","4/3/19",17:55:00,"Collision with vehicle","Monday","Day",3,2,"Not at intersection",3,70,"B",2002,"WAGON","TOYOTA","Car","F",77,"70+","Drivers"
"T20190004196","4/3/19",16:30:00,"Collision with vehicle","Monday","Day",3,3,"Not at intersection",2,60,"A",2015,"TRAY","MAZDA","Light Commercial Vehicle (Rigid) <= 4.5 Tonnes GVM","M",55,"50-59","Drivers"
"T20190004196","4/3/19",16:30:00,"Collision with vehicle","Monday","Day",3,3,"Not at intersection",2,60,"B",2006,"SEDAN","MERC B","Car","M",53,"50-59","Drivers"
"T20190004196","4/3/19",16:30:00,"Collision with vehicle","Monday","Day",3,3,"Not at intersection",2,60,"C",2016,"SEDAN","HYNDAI","Car","M",54,"50-59","Drivers"
"T20190004198","21/2/19",22:36:00,"Collision with vehicle","Thursday","Dark Street lights on",2,2,"Cross intersection",2,60,"A",2001,"SEDAN","TOYOTA","Car","F",19,"17-21","Drivers"
"T20190004198","21/2/19",22:36:00,"Collision with vehicle","Thursday","Dark Street lights on",2,2,"Cross intersection",2,60,"B",1989,"SEDAN","TOYOTA","Car","M",23,"22-25","Drivers"
"T20190004200","4/3/19",17:55:00,"Collision with vehicle","Monday","Day",2,2,"Cross intersection",3,80,"A",1998,"SEDAN","SUBARU","Car","M",75,"70+","Drivers"
"T20190004201","4/3/19",18:50:00,"Collision with a fixed object","Monday","Day",1,3,"Not at intersection",2,60,"A",2001,"WAGON","MITSUB","Station Wagon","F",33,"30-39","Drivers"
"T20190004203","4/3/19",18:07:00,"Collision with vehicle","Monday","Day",3,3,"T intersection",3,60,"A",2005,"TOURER","AUDI","Car","M",63,"60-64","Drivers"
"T20190004203","4/3/19",18:07:00,"Collision with vehicle","Monday","Day",3,3,"T intersection",3,60,"B",2016,"DC UTE","MITSUB","Utility","M",34,"30-39","Drivers"
"T20190004203","4/3/19",18:07:00,"Collision with vehicle","Monday","Day",3,3,"T intersection",3,60,"C",2014,"TRAY","TOYOTA","Light Commercial Vehicle (Rigid) <= 4.5 Tonnes GVM","F",30,"30-39","Drivers"
"T20190004207","4/3/19",15:30:00,"Collision with vehicle","Monday","Day",2,2,"Cross intersection",3,50,"A",2002,"WAGON","NISSAN","Station Wagon","M",71,"70+","Drivers"
"T20190004207","4/3/19",15:30:00,"Collision with vehicle","Monday","Day",2,2,"Cross intersection",3,50,"B",2014,"SEDAN","TOYOTA","Taxi","M",38,"30-39","Drivers"
"T20190004212","4/3/19",22:45:00,"Collision with vehicle","Monday","Dark Street lights on",2,4,"T intersection",3,90,"A",1992,"SEDAN","FORD","Car","F",22,"22-25","Drivers"
"T20190004212","4/3/19",22:45:00,"Collision with vehicle","Monday","Dark Street lights on",2,4,"T intersection",3,90,"B",2010,"SEDAN","HOLDEN","Car","F",25,"22-25","Drivers"
"T20190004215","27/1/19",12:14:00,"Collision with vehicle","Sunday","Day",2,2,"Not at intersection",3,60,"A",1990,"WAGON","NISSAN","Station Wagon","M",58,"50-59","Drivers"
"T20190004215","27/1/19",12:14:00,"Collision with vehicle","Sunday","Day",2,2,"Not at intersection",3,60,"B",2002,"WAGON","HONDA","Station Wagon","M",72,"70+","Drivers"
"T20190004216","5/3/19",06:10:00,"Struck Pedestrian","Tuesday","Dark Street lights on",1,2,"T intersection",3,50,"A",2012,"WAGON","MAZDA","Station Wagon","M",50,"50-59","Drivers"
"T20190004217","5/3/19",06:15:00,"Collision with vehicle","Tuesday","Dusk/Dawn",2,2,"Cross intersection",3,70,"A",2012,"UTIL","HOLDEN","Utility","M",55,"50-59","Drivers"
"T20190004218","3/3/19",18:00:00,"Collision with vehicle","Sunday","Dusk/Dawn",2,2,"Not at intersection",3,999,"A",2002,"SEDAN","TOYOTA","Car","F",30,"30-39","Drivers"
"T20190004218","3/3/19",18:00:00,"Collision with vehicle","Sunday","Dusk/Dawn",2,2,"Not at intersection",3,999,"B",2004,"SEDAN","HOLDEN","Car","M",NA,"unknown","Drivers"
"T20190004221","28/2/19",08:10:00,"Collision with vehicle","Thursday","Day",2,2,"T intersection",3,70,"A",2009,"SEDAN","HONDA","Car","F",45,"40-49","Drivers"
"T20190004221","28/2/19",08:10:00,"Collision with vehicle","Thursday","Day",2,2,"T intersection",3,70,"B",2017,"SEDAN","TOYOTA","Car","M",47,"40-49","Drivers"
"T20190004224","5/3/19",08:30:00,"Collision with a fixed object","Tuesday","Day",1,1,"Not at intersection",3,80,"A",2018,"SEDAN","TOYOTA","Car","M",87,"70+","Drivers"
"T20190004225","4/3/19",16:50:00,"Collision with vehicle","Monday","Day",2,2,"Not at intersection",3,60,"A",2016,"VAN","MERC B","Mini Bus(9-13 seats)","M",67,"64-69","Drivers"
"T20190004225","4/3/19",16:50:00,"Collision with vehicle","Monday","Day",2,2,"Not at intersection",3,60,"B",2016,"SEDAN","VOLKS","Car","F",28,"26-29","Drivers"
"T20190004227","5/3/19",10:00:00,"Collision with vehicle","Tuesday","Day",2,3,"Not at intersection",2,60,"A",2006,"SEDAN","TOYOTA","Car","F",68,"64-69","Drivers"
"T20190004227","5/3/19",10:00:00,"Collision with vehicle","Tuesday","Day",2,3,"Not at intersection",2,60,"B",2015,"WAGON","HYNDAI","Station Wagon","F",38,"30-39","Drivers"
"T20190004229","5/3/19",08:12:00,"Collision with vehicle","Tuesday","Day",3,3,"Not at intersection",2,110,"A",2017,"P MVR","KENWTH","Prime Mover - Single Trailer","M",40,"40-49","Drivers"
"T20190004229","5/3/19",08:12:00,"Collision with vehicle","Tuesday","Day",3,3,"Not at intersection",2,110,"B",2016,"SEDAN","TOYOTA","Car","F",40,"40-49","Drivers"
"T20190004229","5/3/19",08:12:00,"Collision with vehicle","Tuesday","Day",3,3,"Not at intersection",2,110,"C",2010,"WAGON","KIA","Station Wagon","F",64,"60-64","Drivers"
"T20190004231","5/3/19",08:50:00,"Collision with vehicle","Tuesday","Day",2,2,"T intersection",3,70,"A",2010,"SEDAN","VOLKS","Car","M",40,"40-49","Drivers"
"T20190004232","5/3/19",11:10:00,"Collision with vehicle","Tuesday","Day",2,2,"T intersection",3,60,"A",2016,"SEDAN","MERC B","Car","F",80,"70+","Drivers"
"T20190004232","5/3/19",11:10:00,"Collision with vehicle","Tuesday","Day",2,2,"T intersection",3,60,"B",2009,"SEDAN","TOYOTA","Car","F",38,"30-39","Drivers"
"T20190004242","18/1/19",12:20:00,"Collision with vehicle","Friday","Unknown",2,2,"Not at intersection",3,999,"A",2018,"WAGON","VOLKS","Station Wagon","M",52,"50-59","Drivers"
"T20190004242","18/1/19",12:20:00,"Collision with vehicle","Friday","Unknown",2,2,"Not at intersection",3,999,"B",2004,"SEDAN","KIA","Car","M",23,"22-25","Drivers"
"T20190004243","5/3/19",11:20:00,"Collision with vehicle","Tuesday","Day",2,2,"Not at intersection",3,999,"A",0,"DC UTE","FORD","Utility","U",NA,"unknown","Drivers"
"T20190004244","5/3/19",08:08:00,"Collision with a fixed object","Tuesday","Day",1,1,"Not at intersection",2,60,"A",2017,"VAN","ISUZU","Light Commercial Vehicle (Rigid) <= 4.5 Tonnes GVM","M",25,"22-25","Drivers"
"T20190004246","5/3/19",10:45:00,"Collision with vehicle","Tuesday","Day",2,1,"Not at intersection",3,50,"A",2008,"SEDAN","SUBARU","Car","F",89,"70+","Drivers"
"T20190004248","5/3/19",10:00:00,"Collision with vehicle","Tuesday","Day",2,2,"Cross intersection",3,50,"A",2013,"SEDAN","MAZDA","Car","F",26,"26-29","Drivers"
"T20190004252","3/3/19",12:45:00,"Collision with vehicle","Sunday","Day",2,5,"Cross intersection",3,40,"A",2003,"SEDAN","HOLDEN","Car","M",52,"50-59","Drivers"
"T20190004252","3/3/19",12:45:00,"Collision with vehicle","Sunday","Day",2,5,"Cross intersection",3,40,"B",2009,"WAGON","HYNDAI","Car","M",75,"70+","Drivers"
"T20190004253","5/3/19",12:45:00,"Collision with vehicle","Tuesday","Day",2,2,"Cross intersection",2,100,"A",2014,"G UNIT","IVECO","Heavy Vehicle (Rigid) > 4.5 Tonnes","M",52,"50-59","Drivers"
"T20190004253","5/3/19",12:45:00,"Collision with vehicle","Tuesday","Day",2,2,"Cross intersection",2,100,"B",2005,"SEDAN","HOLDEN","Car","F",50,"50-59","Drivers"
"T20190004254","5/3/19",07:10:00,"Collision with vehicle","Tuesday","Day",2,2,"Not at intersection",2,70,"A",2001,"UTIL","FORD","Utility","M",18,"17-21","Drivers"
"T20190004254","5/3/19",07:10:00,"Collision with vehicle","Tuesday","Day",2,2,"Not at intersection",2,70,"B",2006,"WAGON","L ROV","Station Wagon","U",NA,"unknown","Drivers"
"T20190004260","4/3/19",17:50:00,"Collision with vehicle","Monday","Day",2,3,"Not at intersection",3,100,"A",1995,"SEDAN","FORD","Car","F",33,"30-39","Drivers"
"T20190004260","4/3/19",17:50:00,"Collision with vehicle","Monday","Day",2,3,"Not at intersection",3,100,"B",2015,"SEDAN","MAZDA","Car","F",27,"26-29","Drivers"
"T20190004263","5/3/19",13:10:00,"Collision with vehicle","Tuesday","Day",2,3,"T intersection",3,40,"A",2017,"WAGON","KIA","Station Wagon","M",35,"30-39","Drivers"
"T20190004263","5/3/19",13:10:00,"Collision with vehicle","Tuesday","Day",2,3,"T intersection",3,40,"B",2008,"BUS","TOYOTA","Bus/Coach","M",54,"50-59","Drivers"
"T20190004271","5/3/19",15:10:00,"Collision with a fixed object","Tuesday","Day",1,1,"Not at intersection",2,80,"A",2014,"SEDAN","MERC B","Car","M",62,"60-64","Drivers"
"T20190004272","5/3/19",15:25:00,"Collision with vehicle","Tuesday","Day",2,1,"Not at intersection",2,777,"A",2016,"SEDAN","AUDI","Car","F",54,"50-59","Drivers"
"T20190004274","5/3/19",18:40:00,"Collision with vehicle","Tuesday","Day",3,3,"Cross intersection",3,50,"A",0,"SED","UNKN","Car","F",52,"50-59","Drivers"
"T20190004274","5/3/19",18:40:00,"Collision with vehicle","Tuesday","Day",3,3,"Cross intersection",3,50,"B",2007,"SEDAN","HOLDEN","Car","F",38,"30-39","Drivers"
"T20190004274","5/3/19",18:40:00,"Collision with vehicle","Tuesday","Day",3,3,"Cross intersection",3,50,"C",2015,"S WAG","TOYOTA","Station Wagon","M",39,"30-39","Drivers"
"T20190004275","5/3/19",18:45:00,"Collision with vehicle","Tuesday","Day",2,2,"T intersection",3,50,"A",2011,"WAGON","NISSAN","Car","M",62,"60-64","Drivers"
"T20190004275","5/3/19",18:45:00,"Collision with vehicle","Tuesday","Day",2,2,"T intersection",3,50,"B",2010,"SEDAN","MITSUB","Car","M",67,"64-69","Drivers"
"T20190004277","5/3/19",18:18:00,"Collision with vehicle","Tuesday","Day",2,6,"T intersection",3,60,"A",2004,"S WAG","HOLDEN","Station Wagon","M",43,"40-49","Drivers"
"T20190004277","5/3/19",18:18:00,"Collision with vehicle","Tuesday","Day",2,6,"T intersection",3,60,"B",2006,"SED","HOLDEN","Station Wagon","M",15,"13-15","Drivers"
"T20190004283","5/3/19",17:15:00,"Collision with vehicle","Tuesday","Day",2,2,"T intersection",3,60,"A",2005,"WAGON","HONDA","Car","F",48,"40-49","Drivers"
"T20190004283","5/3/19",17:15:00,"Collision with vehicle","Tuesday","Day",2,2,"T intersection",3,60,"B",2016,"SEDAN","KIA","Car","F",24,"22-25","Drivers"
"T20190004285","5/3/19",19:45:00,"Collision with vehicle","Tuesday","Dusk/Dawn",2,2,"T intersection",3,50,"A",1997,"SEDAN","MITSUB","Car","M",44,"40-49","Drivers"
"T20190004286","4/3/19",15:45:00,"Collision with vehicle","Monday","Day",2,2,"T intersection",3,999,"A",2017,"SEDAN","HYNDAI","Car","M",42,"40-49","Drivers"
"T20190004286","4/3/19",15:45:00,"Collision with vehicle","Monday","Day",2,2,"T intersection",3,999,"B",2012,"VAN","ISUZU","Utility","M",21,"17-21","Drivers"
"T20190004287","5/3/19",16:25:00,"Collision with vehicle","Tuesday","Day",4,4,"Not at intersection",2,60,"A",2016,"SEDAN","HYNDAI","Car","M",30,"30-39","Drivers"
"T20190004287","5/3/19",16:25:00,"Collision with vehicle","Tuesday","Day",4,4,"Not at intersection",2,60,"B",2014,"WAGON","HYNDAI","Station Wagon","F",54,"50-59","Drivers"
"T20190004287","5/3/19",16:25:00,"Collision with vehicle","Tuesday","Day",4,4,"Not at intersection",2,60,"C",2004,"UTIL","HOLDEN","Utility","M",51,"50-59","Drivers"
"T20190004287","5/3/19",16:25:00,"Collision with vehicle","Tuesday","Day",4,4,"Not at intersection",2,60,"D",2005,"COUPE","TOYOTA","Car","M",26,"26-29","Drivers"
"T20190004295","6/3/19",04:10:00,"Collision with vehicle","Wednesday","Dark No street lights",2,2,"Not at intersection",3,110,"A",2008,"WAGON","HONDA","Station Wagon","F",35,"30-39","Drivers"
"T20190004295","6/3/19",04:10:00,"Collision with vehicle","Wednesday","Dark No street lights",2,2,"Not at intersection",3,110,"B",2008,"SEDAN","MERC B","Car","M",76,"70+","Drivers"
"T20190004302","27/2/19",18:10:00,"Struck Pedestrian","Wednesday","Day",1,2,"Not at intersection",3,888,"A",2014,"DC UTE","FORD","Utility","F",22,"22-25","Drivers"
"T20190004303","6/3/19",08:40:00,"Collision with vehicle","Wednesday","Day",2,2,"Cross intersection",2,50,"A",2012,"SEDAN","TOYOTA","Car","M",34,"30-39","Drivers"
"T20190004304","5/3/19",16:40:00,"Collision with a fixed object","Tuesday","Day",1,1,"Not at intersection",3,100,"A",2006,"SEDAN","HOLDEN","Car","M",50,"50-59","Drivers"
"T20190004307","25/2/19",16:00:00,"Collision with vehicle","Monday","Unknown",2,2,"Cross intersection",3,70,"A",2014,"SEDAN","SUZUKI","Car","M",33,"30-39","Drivers"
"T20190004307","25/2/19",16:00:00,"Collision with vehicle","Monday","Unknown",2,2,"Cross intersection",3,70,"B",2012,"WAGON","KIA","Station Wagon","M",48,"40-49","Drivers"
"T20190004308","6/3/19",08:04:00,"Struck Pedestrian","Wednesday","Day",1,2,"T intersection",3,50,"A",2001,"S WAG","MITSUB","Station Wagon","M",20,"17-21","Drivers"
"T20190004309","6/3/19",07:25:00,"Collision with vehicle","Wednesday","Day",3,5,"Not at intersection",3,100,"A",2014,"DC UTE","MITSUB","Utility","M",26,"26-29","Drivers"
"T20190004309","6/3/19",07:25:00,"Collision with vehicle","Wednesday","Day",3,5,"Not at intersection",3,100,"B",2006,"WAGON","MITSUB","Station Wagon","F",51,"50-59","Drivers"
"T20190004309","6/3/19",07:25:00,"Collision with vehicle","Wednesday","Day",3,5,"Not at intersection",3,100,"C",2010,"DC UTE","TOYOTA","Utility","M",38,"30-39","Drivers"
"T20190004311","6/3/19",09:10:00,"Collision with vehicle","Wednesday","Day",2,2,"Not at intersection",3,50,"A",2010,"SEDAN","HOLDEN","Car","F",72,"70+","Drivers"
"T20190004311","6/3/19",09:10:00,"Collision with vehicle","Wednesday","Day",2,2,"Not at intersection",3,50,"B",2017,"UTIL","VOLKS","Utility","M",39,"30-39","Drivers"
"T20190004312","6/3/19",09:05:00,"Collision with vehicle","Wednesday","Day",2,4,"Cross intersection",3,777,"A",2003,"SEDAN","PEUG","Car","M",24,"22-25","Drivers"
"T20190004312","6/3/19",09:05:00,"Collision with vehicle","Wednesday","Day",2,4,"Cross intersection",3,777,"B",1997,"SEDAN","VOLVO","Car","M",52,"50-59","Drivers"
"T20190004313","6/3/19",08:40:00,"Struck Pedestrian","Wednesday","Day",1,2,"T intersection",3,40,"A",0,"SEDAN","MITSUB","Car","U",NA,"unknown","Drivers"
"T20190004314","4/3/19",17:50:00,"Collision with vehicle","Monday","Day",2,3,"Not at intersection",3,60,"A",2018,"SEDAN","HONDA","Car","F",45,"40-49","Drivers"
"T20190004314","4/3/19",17:50:00,"Collision with vehicle","Monday","Day",2,3,"Not at intersection",3,60,"B",2005,"WAGON","CHRYS","Car","M",45,"40-49","Drivers"
"T20190004319","6/3/19",08:50:00,"Collision with vehicle","Wednesday","Day",3,3,"T intersection",3,70,"A",2008,"SEDAN","TOYOTA","Car","F",38,"30-39","Drivers"
"T20190004319","6/3/19",08:50:00,"Collision with vehicle","Wednesday","Day",3,3,"T intersection",3,70,"B",2015,"S WAG","HOLDEN","Station Wagon","F",61,"60-64","Drivers"
"T20190004319","6/3/19",08:50:00,"Collision with vehicle","Wednesday","Day",3,3,"T intersection",3,70,"C",2018,"WAGON","TOYOTA","Station Wagon","F",30,"30-39","Drivers"
"T20190004320","6/3/19",10:06:00,"Collision with vehicle","Wednesday","Day",2,2,"T intersection",2,70,"A",2019,"SEDAN","MAZDA","Car","M",44,"40-49","Drivers"
"T20190004320","6/3/19",10:06:00,"Collision with vehicle","Wednesday","Day",2,2,"T intersection",2,70,"B",2018,"SEDAN","KIA","Car","F",27,"26-29","Drivers"
"T20190004322","6/3/19",12:40:00,"Struck Pedestrian","Wednesday","Day",1,2,"Cross intersection",2,40,"A",2005,"UTIL","HOLDEN","Utility","M",19,"17-21","Drivers"
"T20190004327","6/3/19",11:20:00,"Collision with vehicle","Wednesday","Day",2,2,"Cross intersection",3,60,"A",2005,"SEDAN","FORD","Car","F",51,"50-59","Drivers"
"T20190004327","6/3/19",11:20:00,"Collision with vehicle","Wednesday","Day",2,2,"Cross intersection",3,60,"B",2014,"UTIL","TOYOTA","Utility","M",65,"64-69","Drivers"
"T20190004331","6/3/19",13:30:00,"Collision with vehicle","Wednesday","Day",2,2,"T intersection",2,60,"A",2007,"SED","TOYOTA","Car","F",57,"50-59","Drivers"
"T20190004331","6/3/19",13:30:00,"Collision with vehicle","Wednesday","Day",2,2,"T intersection",2,60,"B",2008,"SEDAN","FORD","Car","M",76,"70+","Drivers"
"T20190004332","6/3/19",14:04:00,"Collision with vehicle","Wednesday","Day",2,2,"T intersection",2,80,"A",2009,"SEDAN","TOYOTA","Car","F",23,"22-25","Drivers"
"T20190004332","6/3/19",14:04:00,"Collision with vehicle","Wednesday","Day",2,2,"T intersection",2,80,"B",2005,"SEDAN","TOYOTA","Car","F",20,"17-21","Drivers"
"T20190004333","24/2/19",16:06:00,"Struck Pedestrian","Sunday","Day",1,2,"Cross intersection",3,777,"A",0,"SEDAN","TOYOTA","Car","U",NA,"unknown","Drivers"
"T20190004335","6/3/19",14:35:00,"Struck Pedestrian","Wednesday","Day",1,3,"Not at intersection",3,50,"A",2008,"SEDAN","FORD","Car","F",22,"22-25","Drivers"
"T20190004337","6/3/19",14:00:00,"Collision with a fixed object","Wednesday","Day",1,1,"Not at intersection",2,999,"A",2007,"SEDAN","HOLDEN","Car","F",31,"30-39","Drivers"
"T20190004342","6/3/19",12:55:00,"Collision with a fixed object","Wednesday","Day",1,1,"Not at intersection",3,80,"A",2016,"SEDAN","TOYOTA","Car","F",53,"50-59","Drivers"
"T20190004343","6/3/19",14:25:00,"Collision with vehicle","Wednesday","Day",2,2,"Cross intersection",3,70,"A",2001,"SEDAN","HONDA","Car","F",47,"40-49","Drivers"
"T20190004343","6/3/19",14:25:00,"Collision with vehicle","Wednesday","Day",2,2,"Cross intersection",3,70,"B",2005,"P MVR","SCANIA","Prime Mover - Single Trailer","M",31,"30-39","Drivers"
"T20190004346","6/3/19",15:00:00,"Collision with a fixed object","Wednesday","Day",1,2,"Not at intersection",3,50,"A",2013,"SEDAN","HOLDEN","Car","F",39,"30-39","Drivers"
"T20190004351","6/3/19",16:48:00,"Collision with vehicle","Wednesday","Day",2,2,"Cross intersection",2,60,"A",2015,"WAGON","NISSAN","Station Wagon","F",63,"60-64","Drivers"
"T20190004354","3/3/19",05:30:00,"Collision with a fixed object","Sunday","Day",1,1,"Not at intersection",3,100,"A",2014,"UTIL","HOLDEN","Utility","M",31,"30-39","Drivers"
"T20190004357","6/3/19",18:43:00,"Collision with vehicle","Wednesday","Day",2,2,"Not at intersection",3,40,"A",2017,"COUPE","TOYOTA","Car","M",28,"26-29","Drivers"
"T20190004359","6/3/19",15:00:00,"Collision with vehicle","Wednesday","Day",3,4,"T intersection",3,80,"A",2018,"WAGON","HOLDEN","Station Wagon","F",41,"40-49","Drivers"
"T20190004359","6/3/19",15:00:00,"Collision with vehicle","Wednesday","Day",3,4,"T intersection",3,80,"B",2011,"WAGON","NISSAN","Station Wagon","F",29,"26-29","Drivers"
"T20190004359","6/3/19",15:00:00,"Collision with vehicle","Wednesday","Day",3,4,"T intersection",3,80,"C",2009,"WAGON","DODGE","Station Wagon","F",23,"22-25","Drivers"