"ACCIDENT_NO","ACCIDENTDATE","ACCIDENTTIME","Accident Type Desc","Day Week Description","Light Condition Desc","NO_OF_VEHICLES","NO_PERSONS","Road Geometry Desc","SEVERITY","SPEED_ZONE","VEHICLE_ID","VEHICLE_YEAR_MANUF","VEHICLE_BODY_STYLE","VEHICLE_MAKE","Vehicle Type Desc","SEX","AGE","Age Group","Road User Type Desc"
"T20190004360","6/3/19",20:14:00,"Collision with vehicle","Wednesday","Dark Street lights on",3,4,"Not at intersection",2,60,"A",2001,"VAN","MAZDA","Panel Van","F",22,"22-25","Drivers"
"T20190004360","6/3/19",20:14:00,"Collision with vehicle","Wednesday","Dark Street lights on",3,4,"Not at intersection",2,60,"B",2001,"SEDAN","HYNDAI","Car","F",38,"30-39","Drivers"
"T20190004361","6/3/19",17:38:00,"Struck Pedestrian","Wednesday","Day",1,2,"Not at intersection",2,40,"A",2009,"S WAG","HOLDEN","Station Wagon","F",67,"64-69","Drivers"
"T20190004362","6/3/19",15:05:00,"Collision with vehicle","Wednesday","Day",2,3,"T intersection",3,999,"A",2008,"VAN","ISUZU","Other Vehicle","F",27,"26-29","Drivers"
"T20190004362","6/3/19",15:05:00,"Collision with vehicle","Wednesday","Day",2,3,"T intersection",3,999,"B",2003,"DC UTE","FORD","Utility","M",57,"50-59","Drivers"
"T20190004363","6/3/19",17:40:00,"Collision with vehicle","Wednesday","Day",2,2,"Not at intersection",3,80,"A",2002,"WAGON","SUZUKI","Station Wagon","F",21,"17-21","Drivers"
"T20190004363","6/3/19",17:40:00,"Collision with vehicle","Wednesday","Day",2,2,"Not at intersection",3,80,"B",2006,"SEDAN","TOYOTA","Car","F",27,"26-29","Drivers"
"T20190004365","27/2/19",11:05:00,"Collision with vehicle","Wednesday","Day",2,2,"Cross intersection",3,999,"A",2014,"P MVR","SCANIA","Prime Mover - Single Trailer","M",66,"64-69","Drivers"
"T20190004365","27/2/19",11:05:00,"Collision with vehicle","Wednesday","Day",2,2,"Cross intersection",3,999,"B",2018,"SEDAN","MERC B","Car","F",43,"40-49","Drivers"
"T20190004366","4/3/19",06:50:00,"Collision with vehicle","Monday","Day",2,2,"T intersection",2,60,"A",2009,"SEDAN","FORD","Car","M",21,"17-21","Drivers"
"T20190004366","4/3/19",06:50:00,"Collision with vehicle","Monday","Day",2,2,"T intersection",2,60,"B",2012,"DC UTE","HOLDEN","Utility","M",22,"22-25","Drivers"
"T20190004370","6/3/19",02:20:00,"Collision with a fixed object","Wednesday","Dark Street lights on",1,1,"Not at intersection",3,80,"A",2006,"DC UTE","TOYOTA","Utility","M",53,"50-59","Drivers"
"T20190004372","7/3/19",00:10:00,"Collision with vehicle","Thursday","Dark Street lights unknown",2,2,"Not at intersection",3,50,"B",1998,"SEDAN","NISSAN","Car","M",18,"17-21","Drivers"
"T20190004373","6/3/19",06:05:00,"Collision with a fixed object","Wednesday","Dark Street lights on",1,1,"Not at intersection",3,60,"A",2006,"SEDAN","TOYOTA","Car","M",24,"22-25","Drivers"
"T20190004374","7/3/19",04:20:00,"Collision with vehicle","Thursday","Dark Street lights unknown",2,2,"Not at intersection",3,100,"A",2009,"P MVR","KENWTH","Prime Mover - Single Trailer","M",55,"50-59","Drivers"
"T20190004374","7/3/19",04:20:00,"Collision with vehicle","Thursday","Dark Street lights unknown",2,2,"Not at intersection",3,100,"B",2007,"S WAG","FORD","Station Wagon","F",35,"30-39","Drivers"
"T20190004376","6/3/19",17:00:00,"Collision with vehicle","Wednesday","Day",2,2,"T intersection",3,60,"B",2014,"SEDAN","HOLDEN","Car","F",67,"64-69","Drivers"
"T20190004378","6/3/19",16:45:00,"Collision with a fixed object","Wednesday","Day",1,1,"Not at intersection",2,100,"A",2015,"VAN","HYNDAI","Panel Van","M",19,"17-21","Drivers"
"T20190004379","6/3/19",09:05:00,"Collision with vehicle","Wednesday","Day",4,5,"Not at intersection",3,70,"A",2018,"S WAG","HYNDAI","Station Wagon","M",54,"50-59","Drivers"
"T20190004379","6/3/19",09:05:00,"Collision with vehicle","Wednesday","Day",4,5,"Not at intersection",3,70,"C",2014,"SEDAN","SUZUKI","Car","F",20,"17-21","Drivers"
"T20190004379","6/3/19",09:05:00,"Collision with vehicle","Wednesday","Day",4,5,"Not at intersection",3,70,"D",2004,"WAGON","MITSUB","Station Wagon","M",60,"60-64","Drivers"
"T20190004380","6/3/19",16:28:00,"Collision with vehicle","Wednesday","Day",2,3,"Cross intersection",2,50,"A",2005,"WAGON","SUBARU","Station Wagon","F",69,"64-69","Drivers"
"T20190004381","7/3/19",08:30:00,"Collision with vehicle","Thursday","Day",2,2,"T intersection",3,40,"A",2013,"SEDAN","FORD","Car","M",23,"22-25","Drivers"
"T20190004383","3/3/19",13:40:00,"Collision with vehicle","Sunday","Day",2,5,"Not at intersection",3,60,"A",2012,"WAGON","NISSAN","Car","M",49,"40-49","Drivers"
"T20190004383","3/3/19",13:40:00,"Collision with vehicle","Sunday","Day",2,5,"Not at intersection",3,60,"B",2014,"WAGON","JEEP","Station Wagon","M",20,"17-21","Drivers"
"T20190004384","7/3/19",06:18:00,"Collision with vehicle","Thursday","Dark No street lights",2,3,"Cross intersection",3,60,"A",2017,"SEDAN","KIA","Car","M",30,"30-39","Drivers"
"T20190004384","7/3/19",06:18:00,"Collision with vehicle","Thursday","Dark No street lights",2,3,"Cross intersection",3,60,"B",2009,"UTIL","MITSUB","Utility","M",48,"40-49","Drivers"
"T20190004385","7/3/19",08:40:00,"Collision with vehicle","Thursday","Day",3,3,"Not at intersection",2,100,"A",2013,"SEDAN","HOLDEN","Car","M",22,"22-25","Drivers"
"T20190004385","7/3/19",08:40:00,"Collision with vehicle","Thursday","Day",3,3,"Not at intersection",2,100,"B",1992,"S WAG","HOLDEN","Station Wagon","F",47,"40-49","Drivers"
"T20190004385","7/3/19",08:40:00,"Collision with vehicle","Thursday","Day",3,3,"Not at intersection",2,100,"C",2017,"WAGON","HONDA","Station Wagon","F",44,"40-49","Drivers"
"T20190004386","7/3/19",09:00:00,"Collision with vehicle","Thursday","Day",2,3,"T intersection",3,80,"A",2013,"WAGON","AUDI","Station Wagon","F",30,"30-39","Drivers"
"T20190004386","7/3/19",09:00:00,"Collision with vehicle","Thursday","Day",2,3,"T intersection",3,80,"B",2005,"SEDAN","HOLDEN","Car","F",19,"17-21","Drivers"
"T20190004387","2/3/19",19:50:00,"Collision with vehicle","Saturday","Day",2,3,"T intersection",3,60,"A",2018,"SEDAN","TOYOTA","Car","F",38,"30-39","Drivers"
"T20190004387","2/3/19",19:50:00,"Collision with vehicle","Saturday","Day",2,3,"T intersection",3,60,"B",2006,"COUPE","HYNDAI","Car","F",34,"30-39","Drivers"
"T20190004388","7/3/19",08:40:00,"Collision with vehicle","Thursday","Day",2,2,"T intersection",3,80,"A",2016,"UTIL","HOLDEN","Utility","M",52,"50-59","Drivers"
"T20190004388","7/3/19",08:40:00,"Collision with vehicle","Thursday","Day",2,2,"T intersection",3,80,"B",1996,"SEDAN","FORD","Car","F",67,"64-69","Drivers"
"T20190004398","7/3/19",12:00:00,"Collision with vehicle","Thursday","Day",2,2,"Not at intersection",2,777,"A",1999,"SEDAN","FORD","Car","F",77,"70+","Drivers"
"T20190004398","7/3/19",12:00:00,"Collision with vehicle","Thursday","Day",2,2,"Not at intersection",2,777,"B",2004,"WAGON","HOLDEN","Station Wagon","M",55,"50-59","Drivers"
"T20190004401","7/3/19",07:25:00,"Collision with vehicle","Thursday","Day",2,2,"T intersection",3,60,"A",2013,"S WAG","SUBARU","Station Wagon","M",25,"22-25","Drivers"
"T20190004402","7/3/19",13:15:00,"Collision with vehicle","Thursday","Day",2,2,"Not at intersection",3,40,"B",2017,"DC UTE","FORD","Utility","F",40,"40-49","Drivers"
"T20190004404","7/3/19",06:15:00,"Collision with vehicle","Thursday","Dark Street lights unknown",3,3,"Cross intersection",3,50,"C",2018,"TRAY","MAZDA","Light Commercial Vehicle (Rigid) <= 4.5 Tonnes GVM","M",27,"26-29","Drivers"
"T20190004406","7/3/19",13:06:00,"Collision with vehicle","Thursday","Day",2,3,"Not at intersection",2,80,"A",2014,"WAGON","HYNDAI","Station Wagon","M",79,"70+","Drivers"
"T20190004406","7/3/19",13:06:00,"Collision with vehicle","Thursday","Day",2,3,"Not at intersection",2,80,"B",2016,"SEDAN","MERC B","Car","F",66,"64-69","Drivers"
"T20190004407","7/3/19",10:30:00,"Collision with vehicle","Thursday","Day",2,2,"Cross intersection",3,50,"A",2017,"TILTER","HINO","Heavy Vehicle (Rigid) > 4.5 Tonnes","M",42,"40-49","Drivers"
"T20190004407","7/3/19",10:30:00,"Collision with vehicle","Thursday","Day",2,2,"Cross intersection",3,50,"B",2011,"TIPPER","KENWTH","Heavy Vehicle (Rigid) > 4.5 Tonnes","M",51,"50-59","Drivers"
"T20190004408","7/3/19",13:35:00,"Collision with vehicle","Thursday","Day",2,4,"Cross intersection",3,70,"A",2018,"S WAG","SUBARU","Station Wagon","U",NA,"unknown","Drivers"
"T20190004408","7/3/19",13:35:00,"Collision with vehicle","Thursday","Day",2,4,"Cross intersection",3,70,"B",2016,"SEDAN","VOLKS","Car","M",45,"40-49","Drivers"
"T20190004409","6/3/19",07:42:00,"Collision with vehicle","Wednesday","Day",2,2,"T intersection",3,60,"A",1998,"SEDAN","SUBARU","Car","F",69,"64-69","Drivers"
"T20190004409","6/3/19",07:42:00,"Collision with vehicle","Wednesday","Day",2,2,"T intersection",3,60,"B",2014,"SEDAN","TOYOTA","Car","F",21,"17-21","Drivers"
"T20190004418","7/3/19",14:50:00,"Collision with vehicle","Thursday","Day",2,2,"T intersection",2,60,"A",2005,"UTIL","FORD","Utility","M",57,"50-59","Drivers"
"T20190004422","7/3/19",12:00:00,"Collision with vehicle","Thursday","Day",2,2,"T intersection",3,60,"A",2005,"SEDAN","MAZDA","Car","M",91,"70+","Drivers"
"T20190004424","7/3/19",16:56:00,"Collision with vehicle","Thursday","Day",2,5,"Multiple intersection",2,999,"A",2002,"UTIL","FORD","Utility","M",22,"22-25","Drivers"
"T20190004424","7/3/19",16:56:00,"Collision with vehicle","Thursday","Day",2,5,"Multiple intersection",2,999,"B",2004,"WAGON","CHRYS","Station Wagon","M",64,"60-64","Drivers"
"T20190004425","4/3/19",15:30:00,"Collision with vehicle","Monday","Day",2,2,"T intersection",3,80,"B",2016,"WAGON","UNKN","Station Wagon","F",41,"40-49","Drivers"
"T20190004426","7/3/19",17:12:00,"Collision with vehicle","Thursday","Day",2,2,"Not at intersection",2,40,"A",1991,"SEDAN","NISSAN","Car","M",34,"30-39","Drivers"
"T20190004427","7/3/19",17:30:00,"Collision with vehicle","Thursday","Day",2,2,"T intersection",3,80,"A",2003,"S WAG","SUBARU","Station Wagon","M",66,"64-69","Drivers"
"T20190004429","2/3/19",07:05:00,"Collision with a fixed object","Saturday","Day",1,1,"Not at intersection",2,100,"A",2006,"SEDAN","HONDA","Car","M",20,"17-21","Drivers"
"T20190004432","7/3/19",05:40:00,"Vehicle overturned (no collision)","Thursday","Dark No street lights",1,2,"T intersection",2,80,"A",2014,"P MVR","DAF","Prime Mover - Single Trailer","M",45,"40-49","Drivers"
"T20190004434","7/3/19",06:50:00,"Collision with vehicle","Thursday","Dark Street lights on",2,2,"Cross intersection",3,50,"A",2005,"UTIL","HOLDEN","Utility","M",55,"50-59","Drivers"
"T20190004438","7/3/19",18:00:00,"No collision and no object struck","Thursday","Day",3,2,"Not at intersection",3,50,"A",0,"SED","HOLDEN","Car","M",16,"16-17","Drivers"
"T20190004441","7/3/19",21:00:00,"Collision with vehicle","Thursday","Dark No street lights",2,2,"Not at intersection",2,100,"A",2012,"WAGON","KIA","Station Wagon","F",57,"50-59","Drivers"
"T20190004441","7/3/19",21:00:00,"Collision with vehicle","Thursday","Dark No street lights",2,2,"Not at intersection",2,100,"B",1997,"TRAY","NISSAN","Light Commercial Vehicle (Rigid) <= 4.5 Tonnes GVM","M",28,"26-29","Drivers"
"T20190004443","7/3/19",20:53:00,"Collision with a fixed object","Thursday","Dark Street lights on",1,5,"Not at intersection",3,50,"A",2009,"SEDAN","TOYOTA","Car","M",69,"64-69","Drivers"
"T20190004445","7/3/19",23:50:00,"Collision with vehicle","Thursday","Dark Street lights on",2,3,"Cross intersection",2,60,"A",2016,"WAGON","HOLDEN","Station Wagon","M",55,"50-59","Drivers"
"T20190004445","7/3/19",23:50:00,"Collision with vehicle","Thursday","Dark Street lights on",2,3,"Cross intersection",2,60,"B",2010,"SED","B M W","Car","M",21,"17-21","Drivers"
"T20190004446","7/3/19",21:10:00,"Collision with vehicle","Thursday","Dark Street lights on",3,3,"Not at intersection",2,100,"B",2019,"SEDAN","MERC B","Car","F",60,"60-64","Drivers"
"T20190004446","7/3/19",21:10:00,"Collision with vehicle","Thursday","Dark Street lights on",3,3,"Not at intersection",2,100,"C",2003,"SEDAN","B M W","Car","F",26,"26-29","Drivers"
"T20190004449","7/3/19",23:58:00,"Struck Pedestrian","Thursday","Dark Street lights on",2,2,"Not at intersection",2,60,"A",2013,"SEDAN","MAZDA","Car","M",60,"60-64","Drivers"
"T20190004456","8/3/19",08:30:00,"Collision with vehicle","Friday","Day",2,3,"T intersection",3,80,"A",2011,"WAGON","MAZDA","Station Wagon","F",51,"50-59","Drivers"
"T20190004456","8/3/19",08:30:00,"Collision with vehicle","Friday","Day",2,3,"T intersection",3,80,"B",2007,"WAGON","NISSAN","Station Wagon","F",37,"30-39","Drivers"
"T20190004459","7/3/19",19:10:00,"Collision with vehicle","Thursday","Unknown",2,2,"Cross intersection",2,999,"A",2012,"WAGON","TOYOTA","Station Wagon","F",43,"40-49","Drivers"
"T20190004460","8/3/19",10:15:00,"Collision with vehicle","Friday","Day",2,2,"Not at intersection",2,60,"A",2006,"SEDAN","TOYOTA","Car","F",74,"70+","Drivers"
"T20190004460","8/3/19",10:15:00,"Collision with vehicle","Friday","Day",2,2,"Not at intersection",2,60,"B",2008,"UTIL","HOLDEN","Utility","M",27,"26-29","Drivers"
"T20190004461","8/3/19",09:26:00,"Collision with vehicle","Friday","Day",2,2,"Not at intersection",2,60,"A",2014,"SEDAN","MAZDA","Car","F",39,"30-39","Drivers"
"T20190004461","8/3/19",09:26:00,"Collision with vehicle","Friday","Day",2,2,"Not at intersection",2,60,"B",2017,"SEDAN","HONDA","Car","F",26,"26-29","Drivers"
"T20190004463","8/3/19",10:30:00,"Collision with vehicle","Friday","Day",2,2,"T intersection",3,70,"A",2009,"DC UTE","FORD","Utility","M",64,"60-64","Drivers"
"T20190004463","8/3/19",10:30:00,"Collision with vehicle","Friday","Day",2,2,"T intersection",3,70,"B",2012,"SEDAN","KIA","Car","M",37,"30-39","Drivers"
"T20190004464","5/3/19",21:00:00,"Struck Pedestrian","Tuesday","Dark No street lights",1,2,"Not at intersection",2,999,"A",2008,"TRAY","FORD","Light Commercial Vehicle (Rigid) <= 4.5 Tonnes GVM","M",23,"22-25","Drivers"
"T20190004466","7/3/19",22:25:00,"Collision with vehicle","Thursday","Dark Street lights on",2,2,"T intersection",2,60,"A",2016,"WAGON","SKODA","Car","M",62,"60-64","Drivers"
"T20190004466","7/3/19",22:25:00,"Collision with vehicle","Thursday","Dark Street lights on",2,2,"T intersection",2,60,"B",2001,"S WAG","SUBARU","Station Wagon","F",28,"26-29","Drivers"
"T20190004467","8/3/19",11:10:00,"Collision with vehicle","Friday","Day",2,2,"T intersection",2,40,"A",2013,"SEDAN","MERC B","Car","M",74,"70+","Drivers"
"T20190004468","8/3/19",09:48:00,"Collision with a fixed object","Friday","Day",1,1,"Not at intersection",3,100,"A",2008,"SEDAN","MITSUB","Car","M",19,"17-21","Drivers"
"T20190004469","25/1/19",22:00:00,"Collision with a fixed object","Friday","Dark No street lights",1,1,"Not at intersection",2,60,"A",1999,"S WAG","HOLDEN","Station Wagon","F",40,"40-49","Drivers"
"T20190004470","7/3/19",08:45:00,"Collision with vehicle","Thursday","Unknown",2,2,"Not at intersection",3,60,"A",2005,"SEDAN","SUZUKI","Car","F",58,"50-59","Drivers"
"T20190004470","7/3/19",08:45:00,"Collision with vehicle","Thursday","Unknown",2,2,"Not at intersection",3,60,"B",2007,"SEDAN","NISSAN","Car","F",66,"64-69","Drivers"
"T20190004472","8/3/19",06:56:00,"Collision with vehicle","Friday","Dusk/Dawn",2,2,"T intersection",3,70,"A",2010,"VAN","TOYOTA","Panel Van","M",50,"50-59","Drivers"
"T20190004472","8/3/19",06:56:00,"Collision with vehicle","Friday","Dusk/Dawn",2,2,"T intersection",3,70,"B",0,"UTIL","HOLDEN","Utility","M",54,"50-59","Drivers"
"T20190004477","8/3/19",14:10:00,"Collision with vehicle","Friday","Day",4,4,"Not at intersection",2,80,"A",1998,"WAGON","TOYOTA","Station Wagon","M",49,"40-49","Drivers"
"T20190004477","8/3/19",14:10:00,"Collision with vehicle","Friday","Day",4,4,"Not at intersection",2,80,"C",1993,"SEDAN","HOLDEN","Car","M",55,"50-59","Drivers"
"T20190004477","8/3/19",14:10:00,"Collision with vehicle","Friday","Day",4,4,"Not at intersection",2,80,"D",2010,"DC UTE","MITSUB","Utility","M",34,"30-39","Drivers"
"T20190004478","8/3/19",13:45:00,"Collision with vehicle","Friday","Day",2,2,"Cross intersection",3,60,"A",2001,"S WAG","HOLDEN","Station Wagon","F",24,"22-25","Drivers"
"T20190004478","8/3/19",13:45:00,"Collision with vehicle","Friday","Day",2,2,"Cross intersection",3,60,"B",2009,"WAGON","L ROV","Station Wagon","M",55,"50-59","Drivers"
"T20190004479","8/3/19",06:46:00,"Collision with vehicle","Friday","Day",2,2,"Not at intersection",3,100,"B",1996,"SEDAN","MERC B","Car","M",27,"26-29","Drivers"
"T20190004481","8/3/19",08:40:00,"Struck Pedestrian","Friday","Day",1,2,"Not at intersection",3,40,"A",2017,"SEDAN","HOLDEN","Car","F",47,"40-49","Drivers"
"T20190004488","8/3/19",11:30:00,"Collision with vehicle","Friday","Day",2,2,"Not at intersection",2,80,"B",2014,"SEDAN","HYNDAI","Car","F",61,"60-64","Drivers"
"T20190004492","8/3/19",16:40:00,"Collision with vehicle","Friday","Day",2,3,"Not at intersection",3,60,"A",2015,"SEDAN","HONDA","Car","M",78,"70+","Drivers"
"T20190004492","8/3/19",16:40:00,"Collision with vehicle","Friday","Day",2,3,"Not at intersection",3,60,"B",2001,"COUPE","MITSUB","Car","M",22,"22-25","Drivers"
"T20190004493","8/3/19",07:50:00,"Collision with vehicle","Friday","Day",2,2,"T intersection",3,70,"B",2017,"SEDAN","HYNDAI","Car","M",29,"26-29","Drivers"
"T20190004494","8/3/19",15:40:00,"Collision with vehicle","Friday","Day",2,4,"Cross intersection",3,60,"A",2017,"SEDAN","MERC B","Car","M",42,"40-49","Drivers"
"T20190004494","8/3/19",15:40:00,"Collision with vehicle","Friday","Day",2,4,"Cross intersection",3,60,"B",2018,"WAGON","B M W","Station Wagon","F",46,"40-49","Drivers"
"T20190004496","8/3/19",09:30:00,"Collision with vehicle","Friday","Day",2,2,"T intersection",3,40,"A",1999,"SEDAN","SAAB","Car","M",57,"50-59","Drivers"
"T20190004497","8/3/19",17:00:00,"Collision with vehicle","Friday","Day",2,2,"Not at intersection",2,100,"A",2007,"SEDAN","B M W","Car","M",35,"30-39","Drivers"
"T20190004497","8/3/19",17:00:00,"Collision with vehicle","Friday","Day",2,2,"Not at intersection",2,100,"B",2007,"DC UTE","MITSUB","Utility","F",22,"22-25","Drivers"
"T20190004501","8/3/19",19:00:00,"Collision with vehicle","Friday","Day",2,2,"T intersection",2,60,"B",2009,"SEDAN","FORD","Car","M",26,"26-29","Drivers"
"T20190004503","8/3/19",17:40:00,"Collision with vehicle","Friday","Day",2,4,"T intersection",2,80,"A",2011,"S WAG","SUBARU","Station Wagon","M",44,"40-49","Drivers"
"T20190004503","8/3/19",17:40:00,"Collision with vehicle","Friday","Day",2,4,"T intersection",2,80,"B",2007,"SEDAN","HOLDEN","Car","M",39,"30-39","Drivers"
"T20190004506","8/3/19",15:09:00,"Collision with a fixed object","Friday","Day",1,1,"Not at intersection",3,100,"A",2012,"SEDAN","HOLDEN","Car","M",37,"30-39","Drivers"
"T20190004511","4/3/19",12:18:00,"Collision with vehicle","Monday","Day",2,2,"T intersection",3,999,"A",2018,"UTIL","MAZDA","Utility","M",26,"26-29","Drivers"
"T20190004511","4/3/19",12:18:00,"Collision with vehicle","Monday","Day",2,2,"T intersection",3,999,"B",2014,"WAGON","TOYOTA","Station Wagon","M",44,"40-49","Drivers"
"T20190004520","9/3/19",00:01:00,"Collision with vehicle","Saturday","Dark Street lights on",2,1,"T intersection",3,50,"B",2005,"SEDAN","HOLDEN","Car","F",20,"17-21","Drivers"
"T20190004522","8/3/19",19:30:00,"Collision with a fixed object","Friday","Dusk/Dawn",1,1,"Not at intersection",3,110,"A",2003,"SEDAN","HOLDEN","Car","F",18,"17-21","Drivers"
"T20190004523","8/3/19",23:30:00,"Collision with vehicle","Friday","Dark Street lights on",2,1,"Not at intersection",3,60,"A",2003,"DC UTE","TOYOTA","Utility","M",41,"40-49","Drivers"
"T20190004524","9/3/19",02:05:00,"Collision with a fixed object","Saturday","Dark Street lights on",1,1,"Cross intersection",2,60,"A",2001,"WAGON","MAZDA","Station Wagon","M",27,"26-29","Drivers"
"T20190004526","8/3/19",23:20:00,"No collision and no object struck","Friday","Dark No street lights",3,3,"Not at intersection",3,100,"B",1996,"VAN","TOYOTA","Panel Van","M",27,"26-29","Drivers"
"T20190004528","9/3/19",05:50:00,"Collision with vehicle","Saturday","Dark Street lights on",2,1,"Not at intersection",3,40,"A",2010,"SED","FORD","Taxi","M",72,"70+","Drivers"
"T20190004532","28/2/19",08:05:00,"Collision with vehicle","Thursday","Day",2,2,"Not at intersection",3,60,"B",2015,"SEDAN","TOYOTA","Taxi","M",61,"60-64","Drivers"
"T20190004534","9/3/19",12:00:00,"Collision with vehicle","Saturday","Day",2,3,"Not at intersection",3,80,"A",2004,"SEDAN","MAZDA","Car","F",26,"26-29","Drivers"
"T20190004535","9/3/19",10:00:00,"Collision with vehicle","Saturday","Day",2,3,"T intersection",3,60,"A",2008,"SEDAN","HYNDAI","Car","F",18,"17-21","Drivers"
"T20190004535","9/3/19",10:00:00,"Collision with vehicle","Saturday","Day",2,3,"T intersection",3,60,"B",2014,"SEDAN","HYNDAI","Car","F",20,"17-21","Drivers"
"T20190004536","9/3/19",12:53:00,"Collision with vehicle","Saturday","Day",2,2,"T intersection",2,60,"B",0,"UTIL","UNKN","Utility","U",NA,"unknown","Drivers"
"T20190004537","9/3/19",09:10:00,"Collision with vehicle","Saturday","Day",2,2,"T intersection",3,80,"A",2007,"SEDAN","HONDA","Car","M",45,"40-49","Drivers"
"T20190004539","8/3/19",19:15:00,"Collision with vehicle","Friday","Dusk/Dawn",2,3,"Not at intersection",3,100,"A",2003,"VAN","HINO","Heavy Vehicle (Rigid) > 4.5 Tonnes","M",30,"30-39","Drivers"
"T20190004539","8/3/19",19:15:00,"Collision with vehicle","Friday","Dusk/Dawn",2,3,"Not at intersection",3,100,"B",2013,"SEDAN","TOYOTA","Car","M",62,"60-64","Drivers"
"T20190004541","24/2/19",11:30:00,"Collision with vehicle","Sunday","Day",2,2,"Not at intersection",3,40,"A",2012,"S WAG","HYNDAI","Station Wagon","M",33,"30-39","Drivers"
"T20190004542","6/3/19",10:15:00,"Fall from or in moving vehicle","Wednesday","Day",1,2,"Not at intersection",2,999,"A",2013,"BUS","VOLVO","Bus/Coach","U",NA,"unknown","Drivers"
"T20190004543","9/3/19",13:30:00,"Collision with vehicle","Saturday","Day",2,3,"Not at intersection",2,50,"A",2018,"SEDAN","MAZDA","Car","F",21,"17-21","Drivers"
"T20190004543","9/3/19",13:30:00,"Collision with vehicle","Saturday","Day",2,3,"Not at intersection",2,50,"B",2017,"SEDAN","KIA","Car","F",53,"50-59","Drivers"
"T20190004544","7/3/19",15:44:00,"Collision with vehicle","Thursday","Day",2,2,"Cross intersection",3,40,"A",1995,"SEDAN","HYNDAI","Car","F",72,"70+","Drivers"
"T20190004544","7/3/19",15:44:00,"Collision with vehicle","Thursday","Day",2,2,"Cross intersection",3,40,"B",2015,"SEDAN","HYNDAI","Car","F",29,"26-29","Drivers"
"T20190004545","9/3/19",11:35:00,"Collision with vehicle","Saturday","Day",6,12,"Not at intersection",3,100,"A",2017,"UTIL","TOYOTA","Utility","M",43,"40-49","Drivers"
"T20190004545","9/3/19",11:35:00,"Collision with vehicle","Saturday","Day",6,12,"Not at intersection",3,100,"B",2009,"WAGON","TOYOTA","Station Wagon","M",46,"40-49","Drivers"
"T20190004545","9/3/19",11:35:00,"Collision with vehicle","Saturday","Day",6,12,"Not at intersection",3,100,"C",2016,"WAGON","KIA","Station Wagon","M",57,"50-59","Drivers"
"T20190004545","9/3/19",11:35:00,"Collision with vehicle","Saturday","Day",6,12,"Not at intersection",3,100,"D",2002,"SED","MAZDA","Car","F",35,"30-39","Drivers"
"T20190004545","9/3/19",11:35:00,"Collision with vehicle","Saturday","Day",6,12,"Not at intersection",3,100,"E",2012,"SEDAN","TOYOTA","Car","F",33,"30-39","Drivers"
"T20190004545","9/3/19",11:35:00,"Collision with vehicle","Saturday","Day",6,12,"Not at intersection",3,100,"F",2016,"SEDAN","HYNDAI","Car","M",33,"30-39","Drivers"
"T20190004546","5/3/19",18:00:00,"Collision with vehicle","Tuesday","Day",2,2,"T intersection",3,40,"B",2015,"SEDAN","TOYOTA","Car","M",41,"40-49","Drivers"
"T20190004549","6/3/19",17:18:00,"Collision with vehicle","Wednesday","Day",2,4,"Cross intersection",3,60,"A",2012,"SEDAN","HOLDEN","Car","F",87,"70+","Drivers"
"T20190004549","6/3/19",17:18:00,"Collision with vehicle","Wednesday","Day",2,4,"Cross intersection",3,60,"B",2008,"SEDAN","FORD","Car","F",69,"64-69","Drivers"
"T20190004550","9/3/19",12:40:00,"Collision with vehicle","Saturday","Day",3,3,"Cross intersection",3,999,"A",2019,"WAGON","MERC B","Station Wagon","M",71,"70+","Drivers"
"T20190004550","9/3/19",12:40:00,"Collision with vehicle","Saturday","Day",3,3,"Cross intersection",3,999,"B",2014,"SEDAN","HOLDEN","Car","F",42,"40-49","Drivers"
"T20190004550","9/3/19",12:40:00,"Collision with vehicle","Saturday","Day",3,3,"Cross intersection",3,999,"C",2010,"WAGON","VOLKS","Station Wagon","M",49,"40-49","Drivers"
"T20190004555","9/3/19",16:20:00,"Collision with vehicle","Saturday","Day",3,2,"Cross intersection",3,50,"A",2011,"WAGON","VOLVO","Station Wagon","F",48,"40-49","Drivers"
"T20190004555","9/3/19",16:20:00,"Collision with vehicle","Saturday","Day",3,2,"Cross intersection",3,50,"B",2003,"COUPE","MITSUB","Car","M",30,"30-39","Drivers"
"T20190004556","9/3/19",18:00:00,"Collision with vehicle","Saturday","Day",2,2,"Cross intersection",3,60,"A",1997,"SEDAN","TOYOTA","Car","F",56,"50-59","Drivers"
"T20190004556","9/3/19",18:00:00,"Collision with vehicle","Saturday","Day",2,2,"Cross intersection",3,60,"B",2015,"VAN","HYNDAI","Panel Van","M",28,"26-29","Drivers"
"T20190004562","9/3/19",17:50:00,"Collision with a fixed object","Saturday","Day",1,1,"Not at intersection",2,80,"A",2003,"SEDAN","MITSUB","Car","F",54,"50-59","Drivers"
"T20190004567","9/3/19",20:15:00,"Collision with a fixed object","Saturday","Dusk/Dawn",1,1,"Not at intersection",2,80,"A",2000,"WAGON","MITSUB","Station Wagon","M",52,"50-59","Drivers"
"T20190004570","9/3/19",20:20:00,"Collision with a fixed object","Saturday","Dark Street lights on",1,1,"Not at intersection",2,100,"A",2003,"UTIL","MITSUB","Utility","M",18,"17-21","Drivers"