"ACCIDENT_NO","ACCIDENTDATE","ACCIDENTTIME","Accident Type Desc","Day Week Description","Light Condition Desc","NO_OF_VEHICLES","NO_PERSONS","Road Geometry Desc","SEVERITY","SPEED_ZONE","VEHICLE_ID","VEHICLE_YEAR_MANUF","VEHICLE_BODY_STYLE","VEHICLE_MAKE","Vehicle Type Desc","SEX","AGE","Age Group","Road User Type Desc"
"T20190004572","9/3/19",18:45:00,"Collision with vehicle","Saturday","Day",2,2,"Cross intersection",2,80,"A",2009,"SEDAN","TOYOTA","Car","M",18,"17-21","Drivers"
"T20190004572","9/3/19",18:45:00,"Collision with vehicle","Saturday","Day",2,2,"Cross intersection",2,80,"B",2018,"WAGON","MERC B","Station Wagon","M",38,"30-39","Drivers"
"T20190004574","9/3/19",02:00:00,"Collision with vehicle","Saturday","Dark Street lights unknown",2,2,"T intersection",3,999,"A",2001,"WAGON","MAZDA","Station Wagon","M",27,"26-29","Drivers"
"T20190004574","9/3/19",02:00:00,"Collision with vehicle","Saturday","Dark Street lights unknown",2,2,"T intersection",3,999,"B",2007,"SEDAN","SUBARU","Car","M",38,"30-39","Drivers"
"T20190004575","9/3/19",18:20:00,"No collision and no object struck","Saturday","Day",1,1,"Not at intersection",3,60,"A",2008,"WAGON","SUBARU","Station Wagon","M",16,"16-17","Drivers"
"T20190004577","9/3/19",22:33:00,"Collision with vehicle","Saturday","Dark No street lights",2,3,"Not at intersection",2,100,"A",1997,"SEDAN","SUBARU","Car","M",32,"30-39","Drivers"
"T20190004577","9/3/19",22:33:00,"Collision with vehicle","Saturday","Dark No street lights",2,3,"Not at intersection",2,100,"B",2001,"S WAG","FORD","Station Wagon","M",25,"22-25","Drivers"
"T20190004578","9/3/19",22:10:00,"Collision with vehicle","Saturday","Dark Street lights on",2,3,"T intersection",2,80,"A",2015,"SEDAN","VOLKS","Car","M",38,"30-39","Drivers"
"T20190004578","9/3/19",22:10:00,"Collision with vehicle","Saturday","Dark Street lights on",2,3,"T intersection",2,80,"B",2002,"SEDAN","HOLDEN","Car","M",29,"26-29","Drivers"
"T20190004581","9/3/19",22:53:00,"Collision with vehicle","Saturday","Dark Street lights on",2,4,"Not at intersection",2,60,"A",2005,"COUPE","CHRYS","Car","M",39,"30-39","Drivers"
"T20190004581","9/3/19",22:53:00,"Collision with vehicle","Saturday","Dark Street lights on",2,4,"Not at intersection",2,60,"B",2007,"SEDAN","MAZDA","Car","M",18,"17-21","Drivers"
"T20190004586","10/3/19",02:00:00,"Collision with a fixed object","Sunday","Dark Street lights on",1,4,"Not at intersection",3,50,"A",2007,"SEDAN","TOYOTA","Car","M",29,"26-29","Drivers"
"T20190004587","9/3/19",12:05:00,"Collision with a fixed object","Saturday","Day",1,2,"Not at intersection",3,50,"A",2014,"SEDAN","TOYOTA","Car","M",69,"64-69","Drivers"
"T20190004588","9/3/19",12:00:00,"Collision with vehicle","Saturday","Day",2,5,"Y intersection",3,80,"A",2002,"WAGON","CHRYS","Station Wagon","F",41,"40-49","Drivers"
"T20190004588","9/3/19",12:00:00,"Collision with vehicle","Saturday","Day",2,5,"Y intersection",3,80,"B",2017,"CYCLE","CAN AM","Quad Bike","M",52,"50-59","Drivers"
"T20190004590","9/3/19",17:10:00,"Collision with vehicle","Saturday","Day",2,3,"T intersection",3,50,"A",2015,"WAGON","HYNDAI","Station Wagon","F",44,"40-49","Drivers"
"T20190004590","9/3/19",17:10:00,"Collision with vehicle","Saturday","Day",2,3,"T intersection",3,50,"B",2003,"SEDAN","HONDA","Car","F",26,"26-29","Drivers"
"T20190004591","10/3/19",06:12:00,"Collision with a fixed object","Sunday","Dark Street lights on",1,1,"Not at intersection",2,60,"A",2001,"SED","SUBARU","Car","F",22,"22-25","Drivers"
"T20190004594","10/3/19",05:54:00,"Collision with vehicle","Sunday","Dark Street lights on",2,1,"Not at intersection",1,50,"A",2002,"SEDAN","HOLDEN","Car","M",53,"50-59","Drivers"
"T20190004598","10/3/19",13:15:00,"Collision with vehicle","Sunday","Day",2,2,"T intersection",3,80,"A",2008,"SEDAN","HOLDEN","Car","M",23,"22-25","Drivers"
"T20190004600","10/3/19",11:41:00,"Collision with vehicle","Sunday","Day",3,5,"Cross intersection",2,60,"A",2013,"SEDAN","MAZDA","Car","M",22,"22-25","Drivers"
"T20190004600","10/3/19",11:41:00,"Collision with vehicle","Sunday","Day",3,5,"Cross intersection",2,60,"B",2006,"SEDAN","HOLDEN","Car","F",30,"30-39","Drivers"
"T20190004600","10/3/19",11:41:00,"Collision with vehicle","Sunday","Day",3,5,"Cross intersection",2,60,"C",2007,"SEDAN","VOLKS","Car","M",52,"50-59","Drivers"
"T20190004601","10/3/19",13:50:00,"Collision with vehicle","Sunday","Day",2,2,"Cross intersection",2,80,"A",2006,"SEDAN","TOYOTA","Car","M",57,"50-59","Drivers"
"T20190004601","10/3/19",13:50:00,"Collision with vehicle","Sunday","Day",2,2,"Cross intersection",2,80,"B",2005,"SEDAN","FORD","Car","F",24,"22-25","Drivers"
"T20190004603","10/3/19",13:30:00,"Collision with vehicle","Sunday","Day",2,2,"Cross intersection",3,100,"A",2007,"SEDAN","TOYOTA","Car","F",43,"40-49","Drivers"
"T20190004603","10/3/19",13:30:00,"Collision with vehicle","Sunday","Day",2,2,"Cross intersection",3,100,"B",2016,"SEDAN","TOYOTA","Car","M",67,"64-69","Drivers"
"T20190004604","6/3/19",19:45:00,"Vehicle overturned (no collision)","Wednesday","Day",1,2,"Not at intersection",3,70,"A",1999,"JEEP","CHRYS","Car","M",23,"22-25","Drivers"
"T20190004605","10/3/19",11:30:00,"Collision with vehicle","Sunday","Day",2,2,"T intersection",3,40,"B",2016,"DC UTE","MITSUB","Utility","M",51,"50-59","Drivers"
"T20190004610","10/3/19",14:41:00,"Collision with vehicle","Sunday","Day",3,6,"Not at intersection",2,80,"A",2011,"WAGON","VOLKS","Station Wagon","M",72,"70+","Drivers"
"T20190004610","10/3/19",14:41:00,"Collision with vehicle","Sunday","Day",3,6,"Not at intersection",2,80,"B",2009,"SEDAN","TOYOTA","Car","M",68,"64-69","Drivers"
"T20190004610","10/3/19",14:41:00,"Collision with vehicle","Sunday","Day",3,6,"Not at intersection",2,80,"C",2010,"WAGON","FORD","Station Wagon","M",78,"70+","Drivers"
"T20190004611","10/3/19",10:50:00,"Collision with a fixed object","Sunday","Day",1,2,"Not at intersection",2,100,"A",1998,"S WAG","MITSUB","Station Wagon","F",66,"64-69","Drivers"
"T20190004613","9/3/19",18:30:00,"Collision with a fixed object","Saturday","Day",1,1,"T intersection",2,60,"A",2002,"SEDAN","AUDI","Car","M",35,"30-39","Drivers"
"T20190004618","10/3/19",20:00:00,"Collision with vehicle","Sunday","Dark Street lights on",2,3,"Not at intersection",2,100,"A",2017,"CONVRT","DAF","Prime Mover - Single Trailer","M",45,"40-49","Drivers"
"T20190004618","10/3/19",20:00:00,"Collision with vehicle","Sunday","Dark Street lights on",2,3,"Not at intersection",2,100,"B",2016,"RDSTR","INFNTI","Car","M",68,"64-69","Drivers"
"T20190004620","10/3/19",15:30:00,"Collision with vehicle","Sunday","Day",2,9,"Not at intersection",3,40,"A",2016,"DC UTE","TOYOTA","Utility","M",47,"40-49","Drivers"
"T20190004621","9/3/19",18:15:00,"Collision with vehicle","Saturday","Day",2,2,"T intersection",2,80,"A",2000,"SEDAN","TOYOTA","Car","F",57,"50-59","Drivers"
"T20190004621","9/3/19",18:15:00,"Collision with vehicle","Saturday","Day",2,2,"T intersection",2,80,"B",2017,"WAGON","R ROV","Station Wagon","F",41,"40-49","Drivers"
"T20190004622","10/3/19",18:02:00,"Fall from or in moving vehicle","Sunday","Day",1,3,"Not at intersection",1,50,"A",2007,"UTIL","HOLDEN","Utility","M",20,"17-21","Drivers"
"T20190004623","10/3/19",22:00:00,"Collision with a fixed object","Sunday","Dark No street lights",1,1,"Not at intersection",3,60,"A",2013,"SED","HOLDEN","Car","F",23,"22-25","Drivers"
"T20190004624","10/3/19",11:05:00,"Collision with vehicle","Sunday","Day",2,2,"Not at intersection",3,40,"A",2016,"S WAG","MERC B","Station Wagon","F",49,"40-49","Drivers"
"T20190004627","10/3/19",22:50:00,"Collision with a fixed object","Sunday","Dark Street lights on",1,5,"Cross intersection",3,80,"A",2002,"SEDAN","TOYOTA","Car","F",22,"22-25","Drivers"
"T20190004628","10/3/19",21:28:00,"Collision with vehicle","Sunday","Dark No street lights",2,2,"Not at intersection",2,100,"B",2013,"SEDAN","VOLKS","Car","M",30,"30-39","Drivers"
"T20190004629","10/3/19",22:50:00,"Vehicle overturned (no collision)","Sunday","Dark Street lights on",1,2,"T intersection",3,50,"A",0,NA,"UNKN","Other Vehicle","U",NA,"unknown","Drivers"
"T20190004633","10/3/19",23:00:00,"Collision with vehicle","Sunday","Dark Street lights on",2,8,"Cross intersection",2,50,"A",2001,"TOURER","HONDA","Car","M",24,"22-25","Drivers"
"T20190004633","10/3/19",23:00:00,"Collision with vehicle","Sunday","Dark Street lights on",2,8,"Cross intersection",2,50,"B",2014,"VAN","TOYOTA","Panel Van","M",22,"22-25","Drivers"
"T20190004634","4/3/19",11:47:00,"Collision with vehicle","Monday","Day",3,2,"T intersection",3,60,"A",1996,"WAGON","TOYOTA","Station Wagon","M",80,"70+","Drivers"
"T20190004634","4/3/19",11:47:00,"Collision with vehicle","Monday","Day",3,2,"T intersection",3,60,"B",0,NA,"UNKN","Utility","M",19,"17-21","Drivers"
"T20190004635","9/3/19",08:53:00,"Collision with vehicle","Saturday","Day",2,2,"T intersection",3,50,"A",0,"S WAG","REN","Station Wagon","F",68,"64-69","Drivers"
"T20190004636","10/3/19",11:01:00,"Collision with vehicle","Sunday","Day",2,2,"Cross intersection",3,50,"A",2018,"WAGON","MAZDA","Station Wagon","F",91,"70+","Drivers"
"T20190004637","11/3/19",10:30:00,"Collision with vehicle","Monday","Day",2,2,"Cross intersection",3,60,"A",2002,"SEDAN","HOLDEN","Car","M",47,"40-49","Drivers"
"T20190004637","11/3/19",10:30:00,"Collision with vehicle","Monday","Day",2,2,"Cross intersection",3,60,"B",2015,"SEDAN","NISSAN","Car","M",79,"70+","Drivers"
"T20190004638","11/3/19",11:18:00,"Struck Pedestrian","Monday","Day",1,2,"Cross intersection",3,50,"A",2007,"WAGON","HOLDEN","Station Wagon","M",71,"70+","Drivers"
"T20190004639","10/3/19",20:00:00,"Collision with vehicle","Sunday","Dark Street lights on",3,5,"Not at intersection",2,70,"A",2001,"S WAG","FORD","Station Wagon","M",23,"22-25","Drivers"
"T20190004639","10/3/19",20:00:00,"Collision with vehicle","Sunday","Dark Street lights on",3,5,"Not at intersection",2,70,"B",2017,"SEDAN","KIA","Car","F",62,"60-64","Drivers"
"T20190004639","10/3/19",20:00:00,"Collision with vehicle","Sunday","Dark Street lights on",3,5,"Not at intersection",2,70,"C",2017,"SEDAN","HYNDAI","Car","M",33,"30-39","Drivers"
"T20190004642","11/3/19",11:46:00,"Collision with vehicle","Monday","Day",4,7,"Cross intersection",3,70,"A",2017,"SEDAN","TOYOTA","Car","F",25,"22-25","Drivers"
"T20190004642","11/3/19",11:46:00,"Collision with vehicle","Monday","Day",4,7,"Cross intersection",3,70,"B",2003,"SEDAN","SUBARU","Car","M",28,"26-29","Drivers"
"T20190004642","11/3/19",11:46:00,"Collision with vehicle","Monday","Day",4,7,"Cross intersection",3,70,"C",2006,"SEDAN","VOLKS","Car","M",42,"40-49","Drivers"
"T20190004642","11/3/19",11:46:00,"Collision with vehicle","Monday","Day",4,7,"Cross intersection",3,70,"D",2013,"SEDAN","HOLDEN","Car","M",32,"30-39","Drivers"
"T20190004644","11/3/19",09:01:00,"Collision with vehicle","Monday","Day",2,3,"T intersection",3,50,"B",2016,"WAGON","MERC B","Station Wagon","F",26,"26-29","Drivers"
"T20190004647","11/3/19",12:00:00,"Collision with a fixed object","Monday","Day",1,1,"Not at intersection",3,80,"A",1998,"SED","TOYOTA","Car","M",84,"70+","Drivers"
"T20190004648","1/3/19",08:50:00,"Collision with vehicle","Friday","Day",2,2,"T intersection",3,60,"B",2008,"UTIL","FORD","Utility","U",NA,"unknown","Drivers"
"T20190004649","11/3/19",08:30:00,"Collision with vehicle","Monday","Day",2,1,"Cross intersection",3,80,"A",2018,"S WAG","HOLDEN","Station Wagon","F",56,"50-59","Drivers"
"T20190004651","6/3/19",13:52:00,"Collision with a fixed object","Wednesday","Day",1,3,"Not at intersection",3,80,"A",2002,"SEDAN","HONDA","Car","F",32,"30-39","Drivers"
"T20190004654","11/3/19",13:45:00,"Collision with vehicle","Monday","Day",4,1,"Not at intersection",3,50,"A",2018,"SEDAN","KIA","Car","M",76,"70+","Drivers"
"T20190004655","11/3/19",11:25:00,"Collision with a fixed object","Monday","Day",1,2,"Not at intersection",2,100,"A",1941,"UTIL","FORD","Utility","F",18,"17-21","Drivers"
"T20190004658","11/3/19",14:02:00,"Collision with a fixed object","Monday","Day",1,2,"Not at intersection",3,60,"A",2000,"SEDAN","MAZDA","Car","F",20,"17-21","Drivers"
"T20190004660","11/3/19",14:00:00,"Collision with vehicle","Monday","Day",2,7,"Cross intersection",3,80,"A",2012,"SEDAN","LEXUS","Car","M",33,"30-39","Drivers"
"T20190004660","11/3/19",14:00:00,"Collision with vehicle","Monday","Day",2,7,"Cross intersection",3,80,"B",2001,"WAGON","TOYOTA","Station Wagon","M",31,"30-39","Drivers"
"T20190004661","10/3/19",19:30:00,"Collision with vehicle","Sunday","Day",2,2,"Not at intersection",3,100,"A",2014,"WAGON","TOYOTA","Station Wagon","M",46,"40-49","Drivers"
"T20190004661","10/3/19",19:30:00,"Collision with vehicle","Sunday","Day",2,2,"Not at intersection",3,100,"B",2001,"SED","HOLDEN","Car","M",70,"70+","Drivers"
"T20190004663","11/3/19",10:55:00,"Collision with vehicle","Monday","Day",2,2,"Cross intersection",3,60,"A",2010,"SEDAN","VOLKS","Car","F",42,"40-49","Drivers"
"T20190004664","11/3/19",16:12:00,"Collision with vehicle","Monday","Day",2,2,"T intersection",3,40,"A",2014,"SED","HOLDEN","Car","M",25,"22-25","Drivers"
"T20190004665","11/3/19",13:55:00,"Collision with vehicle","Monday","Day",2,2,"T intersection",3,60,"A",2012,"SEDAN","MERC B","Car","M",51,"50-59","Drivers"
"T20190004665","11/3/19",13:55:00,"Collision with vehicle","Monday","Day",2,2,"T intersection",3,60,"B",2017,"WAGON","MITSUB","Station Wagon","F",59,"50-59","Drivers"
"T20190004666","11/3/19",13:02:00,"Collision with vehicle","Monday","Day",2,3,"Not at intersection",3,100,"A",2014,"SEDAN","MAZDA","Car","F",38,"30-39","Drivers"
"T20190004666","11/3/19",13:02:00,"Collision with vehicle","Monday","Day",2,3,"Not at intersection",3,100,"B",2010,"SEDAN","VOLKS","Car","F",18,"17-21","Drivers"
"T20190004667","10/3/19",18:20:00,"Collision with vehicle","Sunday","Dusk/Dawn",2,4,"T intersection",2,80,"A",2018,"WAGON","HONDA","Station Wagon","M",18,"17-21","Drivers"
"T20190004667","10/3/19",18:20:00,"Collision with vehicle","Sunday","Dusk/Dawn",2,4,"T intersection",2,80,"B",2015,"SEDAN","MAZDA","Car","M",31,"30-39","Drivers"
"T20190004668","11/3/19",16:30:00,"Collision with vehicle","Monday","Day",2,2,"Cross intersection",2,60,"B",2015,"SEDAN","TOYOTA","Car","M",29,"26-29","Drivers"
"T20190004670","11/3/19",18:30:00,"Collision with vehicle","Monday","Day",2,4,"Cross intersection",3,40,"A",2016,"SEDAN","TOYOTA","Car","M",37,"30-39","Drivers"
"T20190004671","11/3/19",18:45:00,"Collision with vehicle","Monday","Day",2,4,"Cross intersection",3,40,"A",1987,"TRAY","NISSAN","Utility","M",35,"30-39","Drivers"
"T20190004671","11/3/19",18:45:00,"Collision with vehicle","Monday","Day",2,4,"Cross intersection",3,40,"B",2015,"WAGON","JEEP","Station Wagon","F",28,"26-29","Drivers"
"T20190004673","11/3/19",16:00:00,"Collision with a fixed object","Monday","Day",1,1,"Not at intersection",2,80,"A",2008,"WAGON","SUBARU","Station Wagon","F",20,"17-21","Drivers"
"T20190004674","11/3/19",20:11:00,"Collision with vehicle","Monday","Dark Street lights on",2,3,"T intersection",3,50,"A",2004,"WAGON","FORD","Station Wagon","M",77,"70+","Drivers"
"T20190004674","11/3/19",20:11:00,"Collision with vehicle","Monday","Dark Street lights on",2,3,"T intersection",3,50,"B",2011,"SEDAN","HOLDEN","Car","F",24,"22-25","Drivers"
"T20190004676","11/3/19",20:00:00,"Collision with a fixed object","Monday","Dark Street lights on",1,2,"Not at intersection",3,60,"A",2005,"SEDAN","FORD","Car","M",20,"17-21","Drivers"
"T20190004677","11/3/19",19:00:00,"Collision with vehicle","Monday","Day",2,1,"Not at intersection",3,60,"A",2003,"SEDAN","FORD","Car","M",35,"30-39","Drivers"
"T20190004678","11/3/19",18:50:00,"Collision with a fixed object","Monday","Day",1,1,"Not at intersection",2,100,"A",2004,"S WAG","FORD","Station Wagon","M",58,"50-59","Drivers"
"T20190004679","6/3/19",18:15:00,"Collision with vehicle","Wednesday","Dusk/Dawn",2,3,"Cross intersection",3,60,"A",2003,"SEDAN","MAZDA","Car","M",31,"30-39","Drivers"
"T20190004679","6/3/19",18:15:00,"Collision with vehicle","Wednesday","Dusk/Dawn",2,3,"Cross intersection",3,60,"B",2007,"S WAG","PEUG","Station Wagon","F",46,"40-49","Drivers"
"T20190004681","11/3/19",23:00:00,"Collision with vehicle","Monday","Dark Street lights on",2,3,"Cross intersection",2,60,"A",2001,"WAGON","FORD","Station Wagon","M",20,"17-21","Drivers"
"T20190004683","11/3/19",02:00:00,"Struck Pedestrian","Monday","Dark Street lights on",1,5,"Not at intersection",3,40,"A",2004,"SEDAN","HOLDEN","Car","F",18,"17-21","Drivers"
"T20190004684","11/3/19",23:30:00,"Collision with vehicle","Monday","Dark Street lights on",2,2,"Cross intersection",3,70,"A",2010,"SEDAN","MITSUB","Car","F",19,"17-21","Drivers"
"T20190004684","11/3/19",23:30:00,"Collision with vehicle","Monday","Dark Street lights on",2,2,"Cross intersection",3,70,"B",2014,"WAGON","TOYOTA","Station Wagon","F",33,"30-39","Drivers"
"T20190004689","12/3/19",06:35:00,"Struck Pedestrian","Tuesday","Dark Street lights on",1,2,"Not at intersection",2,60,"A",2018,"UTIL","TOYOTA","Utility","M",36,"30-39","Drivers"
"T20190004690","12/3/19",00:30:00,"Struck Pedestrian","Tuesday","Dark Street lights on",1,2,"T intersection",3,40,"A",2017,"SEDAN","TOYOTA","Taxi","M",29,"26-29","Drivers"
"T20190004691","11/3/19",16:50:00,"Struck Pedestrian","Monday","Day",1,2,"T intersection",2,60,"A",2000,"SEDAN","TOYOTA","Car","F",38,"30-39","Drivers"
"T20190004693","12/3/19",06:45:00,"Collision with vehicle","Tuesday","Dusk/Dawn",2,2,"Not at intersection",3,100,"B",2017,"SEDAN","HYNDAI","Car","F",NA,"unknown","Drivers"
"T20190004694","12/3/19",08:00:00,"Collision with vehicle","Tuesday","Day",2,2,"Cross intersection",2,30,"A",2015,"WAGON","HYNDAI","Other Vehicle","F",31,"30-39","Drivers"
"T20190004695","9/3/19",01:30:00,"Struck Pedestrian","Saturday","Dark Street lights on",1,3,"Not at intersection",3,60,"A",2011,"SEDAN","TOYOTA","Car","M",29,"26-29","Drivers"
"T20190004696","9/3/19",11:20:00,"Collision with vehicle","Saturday","Day",2,2,"T intersection",3,80,"A",2016,"WAGON","MAZDA","Station Wagon","F",24,"22-25","Drivers"
"T20190004696","9/3/19",11:20:00,"Collision with vehicle","Saturday","Day",2,2,"T intersection",3,80,"B",2006,"SEDAN","HONDA","Car","F",44,"40-49","Drivers"
"T20190004697","12/3/19",09:45:00,"Collision with vehicle","Tuesday","Day",2,2,"Not at intersection",3,100,"A",2011,"WAGON","HYNDAI","Station Wagon","F",35,"30-39","Drivers"
"T20190004697","12/3/19",09:45:00,"Collision with vehicle","Tuesday","Day",2,2,"Not at intersection",3,100,"B",2007,"S WAG","FORD","Station Wagon","M",50,"50-59","Drivers"
"T20190004698","12/3/19",10:00:00,"Struck Pedestrian","Tuesday","Day",1,2,"Cross intersection",3,60,"A",2011,"SEDAN","SUZUKI","Car","M",84,"70+","Drivers"
"T20190004699","12/3/19",08:25:00,"Collision with vehicle","Tuesday","Day",2,2,"Not at intersection",3,888,"A",2009,"TRAY","NISSAN","Light Commercial Vehicle (Rigid) <= 4.5 Tonnes GVM","M",37,"30-39","Drivers"
"T20190004701","12/1/19",15:00:00,"Collision with vehicle","Saturday","Day",3,3,"Cross intersection",3,60,"A",2001,"SEDAN","FORD","Car","M",28,"26-29","Drivers"
"T20190004701","12/1/19",15:00:00,"Collision with vehicle","Saturday","Day",3,3,"Cross intersection",3,60,"B",2007,"SEDAN","TOYOTA","Car","F",47,"40-49","Drivers"
"T20190004701","12/1/19",15:00:00,"Collision with vehicle","Saturday","Day",3,3,"Cross intersection",3,60,"C",2008,"SEDAN","HOLDEN","Car","F",37,"30-39","Drivers"
"T20190004705","26/2/19",08:10:00,"Collision with vehicle","Tuesday","Day",2,2,"Not at intersection",3,60,"A",2013,"SEDAN","VOLKS","Car","F",27,"26-29","Drivers"
"T20190004705","26/2/19",08:10:00,"Collision with vehicle","Tuesday","Day",2,2,"Not at intersection",3,60,"B",2011,"SEDAN","SUBARU","Car","M",32,"30-39","Drivers"
"T20190004706","12/3/19",10:35:00,"Collision with vehicle","Tuesday","Day",2,3,"Not at intersection",2,80,"A",1995,"UTIL","FORD","Utility","M",50,"50-59","Drivers"
"T20190004706","12/3/19",10:35:00,"Collision with vehicle","Tuesday","Day",2,3,"Not at intersection",2,80,"B",2015,"DC UTE","VOLKS","Utility","M",44,"40-49","Drivers"
"T20190004707","11/3/19",16:35:00,"Collision with vehicle","Monday","Day",2,2,"Not at intersection",1,100,"A",2003,"COUPE","HOLDEN","Car","M",32,"30-39","Drivers"
"T20190004707","11/3/19",16:35:00,"Collision with vehicle","Monday","Day",2,2,"Not at intersection",1,100,"B",2013,"SEDAN","HOLDEN","Car","M",65,"64-69","Drivers"
"T20190004710","12/3/19",08:50:00,"Collision with vehicle","Tuesday","Day",2,2,"Cross intersection",3,50,"A",2004,"SEDAN","MITSUB","Car","F",69,"64-69","Drivers"
"T20190004714","12/3/19",12:25:00,"Collision with a fixed object","Tuesday","Day",1,1,"Not at intersection",3,80,"A",2009,"VAN","MITSUB","Panel Van","M",39,"30-39","Drivers"
"T20190004716","12/3/19",13:55:00,"Collision with vehicle","Tuesday","Day",2,2,"Cross intersection",3,40,"B",2006,"SEDAN","FORD","Car","F",36,"30-39","Drivers"
"T20190004718","12/3/19",10:37:00,"Collision with vehicle","Tuesday","Day",3,1,"Not at intersection",3,60,"A",2004,"SEDAN","FORD","Car","M",14,"13-15","Drivers"
"T20190004719","12/3/19",11:33:00,"Collision with vehicle","Tuesday","Day",2,2,"Not at intersection",2,60,"A",2016,"SEDAN","SUZUKI","Car","F",58,"50-59","Drivers"
"T20190004719","12/3/19",11:33:00,"Collision with vehicle","Tuesday","Day",2,2,"Not at intersection",2,60,"B",2006,"SEDAN","B M W","Car","M",32,"30-39","Drivers"
"T20190004722","12/3/19",09:05:00,"Collision with vehicle","Tuesday","Day",2,2,"T intersection",3,999,"B",2011,"SEDAN","HOLDEN","Car","F",22,"22-25","Drivers"
"T20190004723","12/3/19",14:19:00,"Collision with vehicle","Tuesday","Day",2,2,"T intersection",3,60,"A",2009,"UTIL","MITSUB","Utility","M",27,"26-29","Drivers"
"T20190004723","12/3/19",14:19:00,"Collision with vehicle","Tuesday","Day",2,2,"T intersection",3,60,"B",2017,"DC UTE","FORD","Utility","M",57,"50-59","Drivers"
"T20190004724","12/3/19",14:30:00,"Collision with vehicle","Tuesday","Day",4,1,"Not at intersection",3,50,"A",2009,"SEDAN","VOLKS","Car","M",37,"30-39","Drivers"
"T20190004725","10/3/19",01:42:00,"Collision with a fixed object","Sunday","Dark Street lights on",1,1,"Not at intersection",2,60,"A",2001,"SEDAN","NISSAN","Car","M",33,"30-39","Drivers"
"T20190004729","11/3/19",18:35:00,"Collision with vehicle","Monday","Day",2,2,"Cross intersection",3,60,"B",2016,"SEDAN","MAZDA","Car","M",26,"26-29","Drivers"
"T20190004731","12/3/19",13:30:00,"Collision with a fixed object","Tuesday","Day",1,1,"Not at intersection",2,80,"A",2011,"SED","UNKN","Car","M",38,"30-39","Drivers"
"T20190004732","12/3/19",11:35:00,"Vehicle overturned (no collision)","Tuesday","Day",1,1,"Not at intersection",3,100,"A",0,"PBVEH","ISUZU","Other Vehicle","M",34,"30-39","Drivers"
"T20190004735","12/3/19",15:15:00,"Struck Pedestrian","Tuesday","Day",1,2,"Not at intersection",3,40,"A",2011,"SEDAN","FORD","Car","M",33,"30-39","Drivers"
"T20190004736","12/3/19",16:23:00,"Collision with vehicle","Tuesday","Day",2,4,"T intersection",3,80,"A",2018,"WAGON","TOYOTA","Station Wagon","M",32,"30-39","Drivers"
"T20190004736","12/3/19",16:23:00,"Collision with vehicle","Tuesday","Day",2,4,"T intersection",3,80,"B",2012,"SEDAN","TOYOTA","Car","F",20,"17-21","Drivers"
"T20190004738","12/3/19",16:18:00,"Collision with vehicle","Tuesday","Day",2,4,"Cross intersection",2,60,"A",2014,"SEDAN","TOYOTA","Car","M",91,"70+","Drivers"
"T20190004738","12/3/19",16:18:00,"Collision with vehicle","Tuesday","Day",2,4,"Cross intersection",2,60,"B",2010,"SEDAN","MAZDA","Car","M",17,"16-17","Drivers"
"T20190004739","12/3/19",20:20:00,"Struck Pedestrian","Tuesday","Dark Street lights on",1,3,"Not at intersection",3,60,"A",2017,"S WAG","NISSAN","Station Wagon","M",48,"40-49","Drivers"
"T20190004740","12/3/19",19:34:00,"Collision with a fixed object","Tuesday","Dark No street lights",1,1,"Not at intersection",3,80,"A",2003,"UTIL","HOLDEN","Utility","M",39,"30-39","Drivers"
"T20190004741","12/3/19",15:14:00,"Collision with vehicle","Tuesday","Day",2,2,"T intersection",2,50,"A",2013,"SEDAN","FORD","Car","F",25,"22-25","Drivers"
"T20190004741","12/3/19",15:14:00,"Collision with vehicle","Tuesday","Day",2,2,"T intersection",2,50,"B",2010,"WAGON","TOYOTA","Station Wagon","F",55,"50-59","Drivers"
"T20190004742","12/3/19",18:47:00,"Collision with vehicle","Tuesday","Day",2,2,"Not at intersection",3,80,"A",1999,"SEDAN","AUDI","Car","M",25,"22-25","Drivers"
"T20190004742","12/3/19",18:47:00,"Collision with vehicle","Tuesday","Day",2,2,"Not at intersection",3,80,"B",1988,"SEDAN","TOYOTA","Car","M",33,"30-39","Drivers"
"T20190004745","10/3/19",00:38:00,"Collision with vehicle","Sunday","Dark Street lights unknown",2,2,"Cross intersection",3,60,"A",2003,"SEDAN","TOYOTA","Car","M",58,"50-59","Drivers"
"T20190004745","10/3/19",00:38:00,"Collision with vehicle","Sunday","Dark Street lights unknown",2,2,"Cross intersection",3,60,"B",2002,"SEDAN","MAZDA","Car","M",39,"30-39","Drivers"
"T20190004756","13/3/19",05:09:00,"Collision with vehicle","Wednesday","Day",2,2,"T intersection",3,80,"A",2006,"SEDAN","TOYOTA","Car","M",56,"50-59","Drivers"
"T20190004756","13/3/19",05:09:00,"Collision with vehicle","Wednesday","Day",2,2,"T intersection",3,80,"B",2013,"SEDAN","TOYOTA","Car","M",57,"50-59","Drivers"
"T20190004760","13/3/19",06:50:00,"Collision with vehicle","Wednesday","Day",3,5,"Cross intersection",3,60,"A",2007,"UTIL","NISSAN","Utility","M",32,"30-39","Drivers"
"T20190004760","13/3/19",06:50:00,"Collision with vehicle","Wednesday","Day",3,5,"Cross intersection",3,60,"B",2017,"UTIL","HOLDEN","Utility","U",NA,"unknown","Drivers"
"T20190004760","13/3/19",06:50:00,"Collision with vehicle","Wednesday","Day",3,5,"Cross intersection",3,60,"C",2018,"SEDAN","VOLKS","Car","F",25,"22-25","Drivers"