"ACCIDENT_NO","ACCIDENTDATE","ACCIDENTTIME","Accident Type Desc","Day Week Description","Light Condition Desc","NO_OF_VEHICLES","NO_PERSONS","Road Geometry Desc","SEVERITY","SPEED_ZONE","VEHICLE_ID","VEHICLE_YEAR_MANUF","VEHICLE_BODY_STYLE","VEHICLE_MAKE","Vehicle Type Desc","SEX","AGE","Age Group","Road User Type Desc"
"T20190004763","13/3/19",08:30:00,"Collision with vehicle","Wednesday","Day",2,4,"T intersection",3,60,"A",2016,"WAGON","MITSUB","Station Wagon","F",34,"30-39","Drivers"
"T20190004763","13/3/19",08:30:00,"Collision with vehicle","Wednesday","Day",2,4,"T intersection",3,60,"B",2005,"C MIX","VOLVO","Heavy Vehicle (Rigid) > 4.5 Tonnes","M",27,"26-29","Drivers"
"T20190004768","13/3/19",09:30:00,"Collision with vehicle","Wednesday","Day",2,2,"T intersection",3,999,"A",2007,"COUPE","TOYOTA","Car","F",36,"30-39","Drivers"
"T20190004768","13/3/19",09:30:00,"Collision with vehicle","Wednesday","Day",2,2,"T intersection",3,999,"B",2017,"WAGON","TOYOTA","Station Wagon","M",49,"40-49","Drivers"
"T20190004770","13/3/19",09:30:00,"Collision with vehicle","Wednesday","Day",2,2,"Not at intersection",2,80,"A",2018,"SEDAN","TOYOTA","Car","M",32,"30-39","Drivers"
"T20190004771","13/3/19",11:05:00,"Struck Pedestrian","Wednesday","Day",1,2,"T intersection",3,60,"A",2014,"VAN","REN","Panel Van","F",24,"22-25","Drivers"
"T20190004773","13/3/19",10:20:00,"Collision with a fixed object","Wednesday","Day",1,1,"Not at intersection",3,80,"A",2009,"SEDAN","HONDA","Car","F",22,"22-25","Drivers"
"T20190004777","13/3/19",11:40:00,"Collision with vehicle","Wednesday","Day",2,3,"T intersection",2,50,"A",2011,"WAGON","LEXUS","Station Wagon","F",52,"50-59","Drivers"
"T20190004777","13/3/19",11:40:00,"Collision with vehicle","Wednesday","Day",2,3,"T intersection",2,50,"B",2008,"TRAY","NISSAN","Light Commercial Vehicle (Rigid) <= 4.5 Tonnes GVM","M",28,"26-29","Drivers"
"T20190004778","27/2/19",16:20:00,"Collision with vehicle","Wednesday","Day",2,3,"Not at intersection",3,80,"A",2007,"SEDAN","MITSUB","Car","F",20,"17-21","Drivers"
"T20190004778","27/2/19",16:20:00,"Collision with vehicle","Wednesday","Day",2,3,"Not at intersection",3,80,"B",2000,"SEDAN","HOLDEN","Car","M",30,"30-39","Drivers"
"T20190004779","13/3/19",13:10:00,"Collision with vehicle","Wednesday","Day",2,2,"T intersection",3,40,"A",2007,"VAN","UNKN","Panel Van","M",49,"40-49","Drivers"
"T20190004780","5/3/19",14:00:00,"Collision with vehicle","Tuesday","Day",2,2,"T intersection",2,80,"A",2005,"SEDAN","MITSUB","Car","U",NA,"unknown","Drivers"
"T20190004780","5/3/19",14:00:00,"Collision with vehicle","Tuesday","Day",2,2,"T intersection",2,80,"B",2011,"COUPE","AUDI","Car","F",35,"30-39","Drivers"
"T20190004782","13/3/19",13:45:00,"Collision with a fixed object","Wednesday","Day",1,2,"Cross intersection",3,60,"A",2007,"SEDAN","NISSAN","Car","M",76,"70+","Drivers"
"T20190004783","13/3/19",08:40:00,"Collision with a fixed object","Wednesday","Day",1,1,"Not at intersection",2,100,"A",2010,"SEDAN","HYNDAI","Car","M",22,"22-25","Drivers"
"T20190004785","13/3/19",13:10:00,"Collision with vehicle","Wednesday","Day",3,4,"T intersection",2,60,"A",2017,"UTIL","TOYOTA","Utility","M",29,"26-29","Drivers"
"T20190004785","13/3/19",13:10:00,"Collision with vehicle","Wednesday","Day",3,4,"T intersection",2,60,"B",2003,"SEDAN","HONDA","Car","F",77,"70+","Drivers"
"T20190004785","13/3/19",13:10:00,"Collision with vehicle","Wednesday","Day",3,4,"T intersection",2,60,"C",2014,"WAGON","LEXUS","Station Wagon","F",39,"30-39","Drivers"
"T20190004787","13/3/19",14:05:00,"Collision with vehicle","Wednesday","Day",2,3,"Not at intersection",3,60,"A",2007,"WAGON","HOLDEN","Station Wagon","M",66,"64-69","Drivers"
"T20190004787","13/3/19",14:05:00,"Collision with vehicle","Wednesday","Day",2,3,"Not at intersection",3,60,"B",2007,"SEDAN","TOYOTA","Car","F",32,"30-39","Drivers"
"T20190004788","13/3/19",14:57:00,"Collision with vehicle","Wednesday","Day",3,4,"Cross intersection",2,80,"A",2011,"SEDAN","HOLDEN","Car","F",48,"40-49","Drivers"
"T20190004788","13/3/19",14:57:00,"Collision with vehicle","Wednesday","Day",3,4,"Cross intersection",2,80,"B",2008,"SEDAN","TOYOTA","Car","F",27,"26-29","Drivers"
"T20190004788","13/3/19",14:57:00,"Collision with vehicle","Wednesday","Day",3,4,"Cross intersection",2,80,"C",2014,"WAGON","AUDI","Station Wagon","F",49,"40-49","Drivers"
"T20190004790","13/3/19",14:09:00,"Collision with a fixed object","Wednesday","Day",1,1,"Multiple intersection",2,60,"A",2007,"SEDAN","FORD","Car","M",26,"26-29","Drivers"
"T20190004793","13/3/19",14:45:00,"Collision with vehicle","Wednesday","Day",2,2,"Not at intersection",3,50,"A",2002,"SEDAN","MAZDA","Car","M",84,"70+","Drivers"
"T20190004793","13/3/19",14:45:00,"Collision with vehicle","Wednesday","Day",2,2,"Not at intersection",3,50,"B",2016,"SEDAN","TOYOTA","Car","M",31,"30-39","Drivers"
"T20190004794","13/3/19",16:55:00,"Collision with vehicle","Wednesday","Day",2,2,"Not at intersection",3,100,"A",2003,"VAN","SCANIA","Heavy Vehicle (Rigid) > 4.5 Tonnes","M",31,"30-39","Drivers"
"T20190004794","13/3/19",16:55:00,"Collision with vehicle","Wednesday","Day",2,2,"Not at intersection",3,100,"B",2004,"TRAY","ISUZU","Heavy Vehicle (Rigid) > 4.5 Tonnes","M",30,"30-39","Drivers"
"T20190004796","13/3/19",15:30:00,"Collision with vehicle","Wednesday","Day",2,2,"Cross intersection",3,60,"A",2005,"SEDAN","HONDA","Car","M",77,"70+","Drivers"
"T20190004796","13/3/19",15:30:00,"Collision with vehicle","Wednesday","Day",2,2,"Cross intersection",3,60,"B",2017,"SEDAN","HONDA","Car","F",44,"40-49","Drivers"
"T20190004798","13/3/19",19:10:00,"Collision with vehicle","Wednesday","Day",2,2,"T intersection",3,80,"A",2002,"SEDAN","TOYOTA","Car","F",35,"30-39","Drivers"
"T20190004798","13/3/19",19:10:00,"Collision with vehicle","Wednesday","Day",2,2,"T intersection",3,80,"B",2015,"WAGON","HOLDEN","Station Wagon","M",19,"17-21","Drivers"
"T20190004799","13/3/19",14:40:00,"Collision with vehicle","Wednesday","Day",2,2,"Not at intersection",2,60,"A",2007,"COUPE","HOLDEN","Car","F",21,"17-21","Drivers"
"T20190004800","13/3/19",18:35:00,"Collision with vehicle","Wednesday","Dusk/Dawn",3,4,"Not at intersection",3,60,"A",2009,"SEDAN","TOYOTA","Car","F",22,"22-25","Drivers"
"T20190004800","13/3/19",18:35:00,"Collision with vehicle","Wednesday","Dusk/Dawn",3,4,"Not at intersection",3,60,"B",2000,"SED","HONDA","Car","M",27,"26-29","Drivers"
"T20190004800","13/3/19",18:35:00,"Collision with vehicle","Wednesday","Dusk/Dawn",3,4,"Not at intersection",3,60,"C",1993,"TRAY","TOYOTA","Light Commercial Vehicle (Rigid) <= 4.5 Tonnes GVM","M",63,"60-64","Drivers"
"T20190004806","13/3/19",18:10:00,"Collision with vehicle","Wednesday","Day",2,3,"Not at intersection",3,50,"A",2002,"WAGON","KIA","Station Wagon","M",17,"16-17","Drivers"
"T20190004806","13/3/19",18:10:00,"Collision with vehicle","Wednesday","Day",2,3,"Not at intersection",3,50,"B",2018,"SEDAN","TOYOTA","Taxi","M",42,"40-49","Drivers"
"T20190004810","13/3/19",22:05:00,"Collision with a fixed object","Wednesday","Dark No street lights",1,1,"Not at intersection",3,100,"A",1998,"TRAY","NISSAN","Utility","M",25,"22-25","Drivers"
"T20190004811","13/3/19",22:00:00,"Collision with vehicle","Wednesday","Dark No street lights",2,2,"Not at intersection",2,110,"A",1964,"AMPHIB","ALVIS","Other Vehicle","M",54,"50-59","Drivers"
"T20190004811","13/3/19",22:00:00,"Collision with vehicle","Wednesday","Dark No street lights",2,2,"Not at intersection",2,110,"B",2018,"P MVR","KENWTH","Prime Mover - Single Trailer","M",55,"50-59","Drivers"
"T20190004815","13/3/19",19:25:00,"Collision with a fixed object","Wednesday","Day",1,1,"Not at intersection",3,80,"A",2007,"WAGON","MAZDA","Car","F",50,"50-59","Drivers"
"T20190004817","14/3/19",03:20:00,"Collision with a fixed object","Thursday","Dark Street lights on",1,3,"T intersection",3,50,"A",2002,"WAGON","TOYOTA","Station Wagon","M",16,"16-17","Drivers"
"T20190004819","14/3/19",07:05:00,"Collision with vehicle","Thursday","Day",4,6,"Not at intersection",3,100,"A",2008,"SEDAN","PEUG","Car","M",48,"40-49","Drivers"
"T20190004819","14/3/19",07:05:00,"Collision with vehicle","Thursday","Day",4,6,"Not at intersection",3,100,"B",2017,"WAGON","HOLDEN","Station Wagon","M",70,"70+","Drivers"
"T20190004819","14/3/19",07:05:00,"Collision with vehicle","Thursday","Day",4,6,"Not at intersection",3,100,"C",2015,"SEDAN","MAZDA","Car","F",26,"26-29","Drivers"
"T20190004819","14/3/19",07:05:00,"Collision with vehicle","Thursday","Day",4,6,"Not at intersection",3,100,"D",1996,"TIPPER","KENWTH","Heavy Vehicle (Rigid) > 4.5 Tonnes","M",44,"40-49","Drivers"
"T20190004821","14/3/19",06:30:00,"Collision with vehicle","Thursday","Dusk/Dawn",3,3,"Not at intersection",3,80,"A",2013,"SEDAN","HOLDEN","Taxi","M",40,"40-49","Drivers"
"T20190004821","14/3/19",06:30:00,"Collision with vehicle","Thursday","Dusk/Dawn",3,3,"Not at intersection",3,80,"B",2006,"TRAY","FORD","Utility","M",16,"16-17","Drivers"
"T20190004821","14/3/19",06:30:00,"Collision with vehicle","Thursday","Dusk/Dawn",3,3,"Not at intersection",3,80,"C",2004,NA,"MITSUB","Heavy Vehicle (Rigid) > 4.5 Tonnes","M",25,"22-25","Drivers"
"T20190004824","14/3/19",08:45:00,"Collision with vehicle","Thursday","Day",3,7,"Not at intersection",2,100,"A",2017,"SEDAN","HYNDAI","Car","F",31,"30-39","Drivers"
"T20190004824","14/3/19",08:45:00,"Collision with vehicle","Thursday","Day",3,7,"Not at intersection",2,100,"B",2011,"SEDAN","HOLDEN","Car","F",21,"17-21","Drivers"
"T20190004824","14/3/19",08:45:00,"Collision with vehicle","Thursday","Day",3,7,"Not at intersection",2,100,"C",2008,"SED","HOLDEN","Car","M",20,"17-21","Drivers"
"T20190004828","14/3/19",10:40:00,"Collision with vehicle","Thursday","Day",2,6,"Not at intersection",3,50,"A",2013,"DC UTE","TOYOTA","Utility","M",33,"30-39","Drivers"
"T20190004828","14/3/19",10:40:00,"Collision with vehicle","Thursday","Day",2,6,"Not at intersection",3,50,"B",2008,"SEDAN","TOYOTA","Car","M",54,"50-59","Drivers"
"T20190004831","14/3/19",09:45:00,"Collision with vehicle","Thursday","Day",2,2,"T intersection",2,80,"A",2006,"WAGON","NISSAN","Station Wagon","F",21,"17-21","Drivers"
"T20190004831","14/3/19",09:45:00,"Collision with vehicle","Thursday","Day",2,2,"T intersection",2,80,"B",2010,"SEDAN","HOLDEN","Car","M",20,"17-21","Drivers"
"T20190004834","14/3/19",07:00:00,"Collision with vehicle","Thursday","Dusk/Dawn",2,2,"T intersection",3,100,"A",2006,"COUPE","FORD","Car","M",26,"26-29","Drivers"
"T20190004834","14/3/19",07:00:00,"Collision with vehicle","Thursday","Dusk/Dawn",2,2,"T intersection",3,100,"B",2012,"T SDS","MAZDA","Light Commercial Vehicle (Rigid) <= 4.5 Tonnes GVM","M",34,"30-39","Drivers"
"T20190004835","14/3/19",10:20:00,"Collision with vehicle","Thursday","Day",2,2,"T intersection",3,60,"A",2004,"SEDAN","MITSUB","Car","M",28,"26-29","Drivers"
"T20190004835","14/3/19",10:20:00,"Collision with vehicle","Thursday","Day",2,2,"T intersection",3,60,"B",1996,"SEDAN","HONDA","Car","F",64,"60-64","Drivers"
"T20190004839","30/1/19",11:30:00,"Collision with vehicle","Wednesday","Day",2,2,"Cross intersection",3,60,"A",2018,"SEDAN","HOLDEN","Car","F",45,"40-49","Drivers"
"T20190004839","30/1/19",11:30:00,"Collision with vehicle","Wednesday","Day",2,2,"Cross intersection",3,60,"B",2007,"WAGON","VOLVO","Station Wagon","F",23,"22-25","Drivers"
"T20190004841","14/3/19",11:10:00,"Collision with vehicle","Thursday","Day",2,2,"T intersection",3,60,"A",2011,"WAGON","HONDA","Station Wagon","F",61,"60-64","Drivers"
"T20190004843","14/3/19",10:20:00,"Collision with vehicle","Thursday","Day",2,3,"T intersection",3,70,"A",2004,"SEDAN","TOYOTA","Car","F",47,"40-49","Drivers"
"T20190004843","14/3/19",10:20:00,"Collision with vehicle","Thursday","Day",2,3,"T intersection",3,70,"B",2005,"S WAG","B M W","Station Wagon","F",64,"60-64","Drivers"
"T20190004846","14/3/19",08:29:00,"Collision with vehicle","Thursday","Day",2,2,"Not at intersection",3,50,"A",2018,"SEDAN","HOLDEN","Car","F",36,"30-39","Drivers"
"T20190004848","14/3/19",11:40:00,"Collision with vehicle","Thursday","Day",3,3,"Not at intersection",3,80,"A",2016,"SEDAN","HYNDAI","Car","F",47,"40-49","Drivers"
"T20190004848","14/3/19",11:40:00,"Collision with vehicle","Thursday","Day",3,3,"Not at intersection",3,80,"B",2003,"WAGON","FORD","Station Wagon","F",20,"17-21","Drivers"
"T20190004848","14/3/19",11:40:00,"Collision with vehicle","Thursday","Day",3,3,"Not at intersection",3,80,"C",2006,"TIPPER","KENWTH","Heavy Vehicle (Rigid) > 4.5 Tonnes","M",47,"40-49","Drivers"
"T20190004855","13/3/19",15:00:00,"Collision with a fixed object","Wednesday","Day",1,1,"Not at intersection",3,100,"A",2016,"VAN","ISUZU","Heavy Vehicle (Rigid) > 4.5 Tonnes","M",31,"30-39","Drivers"
"T20190004858","14/3/19",15:33:00,"Collision with vehicle","Thursday","Day",2,2,"Cross intersection",3,50,"B",2009,"SEDAN","LEXUS","Car","M",34,"30-39","Drivers"
"T20190004859","14/3/19",10:10:00,"Collision with vehicle","Thursday","Day",2,2,"Cross intersection",3,100,"A",2013,"DC UTE","VOLKS","Utility","M",32,"30-39","Drivers"
"T20190004859","14/3/19",10:10:00,"Collision with vehicle","Thursday","Day",2,2,"Cross intersection",3,100,"B",2007,"SEDAN","HOLDEN","Car","M",67,"64-69","Drivers"
"T20190004861","14/3/19",15:20:00,"Struck Pedestrian","Thursday","Day",1,2,"Cross intersection",3,40,"A",2009,"SEDAN","UNKN","Car","F",18,"17-21","Drivers"
"T20190004865","14/3/19",16:10:00,"Collision with vehicle","Thursday","Day",2,1,"Not at intersection",2,60,"A",2003,"UTIL","NISSAN","Utility","M",54,"50-59","Drivers"
"T20190004866","13/3/19",18:45:00,"Collision with a fixed object","Wednesday","Day",1,1,"Cross intersection",2,50,"A",2007,"SEDAN","HOLDEN","Car","F",32,"30-39","Drivers"
"T20190004867","14/3/19",15:50:00,"Collision with vehicle","Thursday","Day",2,3,"Cross intersection",3,60,"A",2007,"S WAG","HOLDEN","Station Wagon","F",45,"40-49","Drivers"
"T20190004867","14/3/19",15:50:00,"Collision with vehicle","Thursday","Day",2,3,"Cross intersection",3,60,"B",2001,"SEDAN","MITSUB","Car","F",53,"50-59","Drivers"
"T20190004869","14/3/19",12:50:00,"Collision with vehicle","Thursday","Day",2,2,"Not at intersection",3,50,"B",2012,"WAGON","MAZDA","Station Wagon","F",29,"26-29","Drivers"
"T20190004870","13/3/19",14:24:00,"Collision with vehicle","Wednesday","Day",3,3,"Not at intersection",3,60,"A",2011,"S WAG","HYNDAI","Station Wagon","F",34,"30-39","Drivers"
"T20190004870","13/3/19",14:24:00,"Collision with vehicle","Wednesday","Day",3,3,"Not at intersection",3,60,"B",2014,"SEDAN","VOLKS","Car","F",21,"17-21","Drivers"
"T20190004870","13/3/19",14:24:00,"Collision with vehicle","Wednesday","Day",3,3,"Not at intersection",3,60,"C",2013,"SEDAN","HYNDAI","Car","M",24,"22-25","Drivers"
"T20190004872","14/3/19",16:30:00,"Collision with vehicle","Thursday","Day",2,4,"Not at intersection",3,70,"A",2007,"SEDAN","TOYOTA","Car","M",51,"50-59","Drivers"
"T20190004872","14/3/19",16:30:00,"Collision with vehicle","Thursday","Day",2,4,"Not at intersection",3,70,"B",2006,"SEDAN","MAZDA","Car","F",34,"30-39","Drivers"
"T20190004878","14/3/19",16:55:00,"Collision with vehicle","Thursday","Day",2,4,"Cross intersection",3,80,"A",2016,"SEDAN","HYNDAI","Car","F",18,"17-21","Drivers"
"T20190004878","14/3/19",16:55:00,"Collision with vehicle","Thursday","Day",2,4,"Cross intersection",3,80,"B",2006,"SED","HOLDEN","Car","F",34,"30-39","Drivers"
"T20190004880","13/3/19",17:50:00,"Collision with vehicle","Wednesday","Day",2,2,"Cross intersection",3,40,"A",2013,"SEDAN","MERC B","Car","M",69,"64-69","Drivers"
"T20190004882","14/3/19",17:52:00,"Collision with vehicle","Thursday","Day",2,3,"T intersection",2,80,"A",2002,"WAGON","MITSUB","Station Wagon","F",46,"40-49","Drivers"
"T20190004882","14/3/19",17:52:00,"Collision with vehicle","Thursday","Day",2,3,"T intersection",2,80,"B",2007,"SEDAN","MITSUB","Car","F",23,"22-25","Drivers"
"T20190004883","14/3/19",08:17:00,"Collision with vehicle","Thursday","Day",2,2,"Not at intersection",3,888,"B",2017,"WAGON","MERC B","Station Wagon","M",35,"30-39","Drivers"
"T20190004886","14/3/19",16:50:00,"Collision with vehicle","Thursday","Day",2,2,"T intersection",2,50,"A",2015,"DC UTE","HOLDEN","Utility","F",62,"60-64","Drivers"
"T20190004887","14/3/19",19:30:00,"Collision with vehicle","Thursday","Day",2,3,"Not at intersection",2,50,"A",2007,"WAGON","FORD","Station Wagon","M",83,"70+","Drivers"
"T20190004887","14/3/19",19:30:00,"Collision with vehicle","Thursday","Day",2,3,"Not at intersection",2,50,"B",2011,"SEDAN","HOLDEN","Taxi","M",36,"30-39","Drivers"
"T20190004889","14/3/19",15:25:00,"Collision with vehicle","Thursday","Day",2,3,"Not at intersection",2,60,"A",2001,"SEDAN","HYNDAI","Car","M",85,"70+","Drivers"
"T20190004889","14/3/19",15:25:00,"Collision with vehicle","Thursday","Day",2,3,"Not at intersection",2,60,"B",2017,"WAGON","KIA","Station Wagon","F",68,"64-69","Drivers"
"T20190004891","14/3/19",18:50:00,"Collision with vehicle","Thursday","Day",2,2,"T intersection",3,999,"A",2009,"SEDAN","HONDA","Car","F",58,"50-59","Drivers"
"T20190004894","14/3/19",15:45:00,"Collision with vehicle","Thursday","Day",2,6,"Not at intersection",3,50,"A",2009,"WAGON","FORD","Station Wagon","F",33,"30-39","Drivers"
"T20190004894","14/3/19",15:45:00,"Collision with vehicle","Thursday","Day",2,6,"Not at intersection",3,50,"B",2005,"WAGON","FORD","Station Wagon","M",63,"60-64","Drivers"
"T20190004899","14/3/19",08:00:00,"Collision with vehicle","Thursday","Day",2,2,"T intersection",3,80,"B",2015,"SEDAN","VOLKS","Car","M",18,"17-21","Drivers"
"T20190004901","14/3/19",17:45:00,"Collision with vehicle","Thursday","Day",2,3,"T intersection",3,60,"A",2000,"SEDAN","TOYOTA","Car","U",NA,"unknown","Drivers"
"T20190004901","14/3/19",17:45:00,"Collision with vehicle","Thursday","Day",2,3,"T intersection",3,60,"B",2015,"BUS","VOLKS","Mini Bus(9-13 seats)","M",39,"30-39","Drivers"
"T20190004905","15/3/19",01:32:00,"Collision with a fixed object","Friday","Dark Street lights on",1,1,"Not at intersection",3,60,"A",2009,"SEDAN","TOYOTA","Car","F",29,"26-29","Drivers"
"T20190004906","11/2/19",01:15:00,"Collision with vehicle","Monday","Dark Street lights on",2,4,"T intersection",3,70,"A",2015,"WAGON","REN","Station Wagon","M",77,"70+","Drivers"
"T20190004906","11/2/19",01:15:00,"Collision with vehicle","Monday","Dark Street lights on",2,4,"T intersection",3,70,"B",2006,"VAN","ISUZU","Light Commercial Vehicle (Rigid) <= 4.5 Tonnes GVM","M",29,"26-29","Drivers"
"T20190004908","14/3/19",21:55:00,"Collision with vehicle","Thursday","Dark Street lights on",2,2,"Not at intersection",2,60,"A",2011,"UTIL","TOYOTA","Utility","M",19,"17-21","Drivers"
"T20190004908","14/3/19",21:55:00,"Collision with vehicle","Thursday","Dark Street lights on",2,2,"Not at intersection",2,60,"B",2017,"SEDAN","MAZDA","Car","F",24,"22-25","Drivers"
"T20190004909","14/3/19",11:45:00,"Collision with vehicle","Thursday","Day",2,4,"T intersection",3,80,"A",2010,"WAGON","MAZDA","Station Wagon","M",26,"26-29","Drivers"
"T20190004909","14/3/19",11:45:00,"Collision with vehicle","Thursday","Day",2,4,"T intersection",3,80,"B",2008,"SEDAN","FORD","Car","F",58,"50-59","Drivers"
"T20190004910","14/3/19",21:47:00,"Collision with vehicle","Thursday","Dark No street lights",2,2,"T intersection",2,100,"B",2004,"SEDAN","MITSUB","Car","M",21,"17-21","Drivers"
"T20190004912","1/2/19",14:00:00,"Collision with vehicle","Friday","Day",2,2,"Cross intersection",3,999,"A",2009,"SEDAN","SUZUKI","Car","F",37,"30-39","Drivers"
"T20190004913","15/3/19",05:15:00,"Collision with vehicle","Friday","Dark Street lights off",2,1,"T intersection",3,80,"A",2003,"WAGON","NISSAN","Station Wagon","M",22,"22-25","Drivers"
"T20190004920","15/2/19",07:45:00,"Struck animal","Friday","Day",1,1,"Not at intersection",3,100,"A",2017,"UTIL","FORD","Utility","F",38,"30-39","Drivers"
"T20190004921","15/3/19",08:10:00,"Collision with vehicle","Friday","Day",4,4,"T intersection",3,80,"A",2014,"SEDAN","FIAT","Car","F",52,"50-59","Drivers"
"T20190004921","15/3/19",08:10:00,"Collision with vehicle","Friday","Day",4,4,"T intersection",3,80,"B",2009,"UTIL","FORD","Utility","M",45,"40-49","Drivers"
"T20190004921","15/3/19",08:10:00,"Collision with vehicle","Friday","Day",4,4,"T intersection",3,80,"C",2019,"WAGON","KIA","Station Wagon","F",37,"30-39","Drivers"
"T20190004921","15/3/19",08:10:00,"Collision with vehicle","Friday","Day",4,4,"T intersection",3,80,"D",2017,"SEDAN","HOLDEN","Car","M",26,"26-29","Drivers"
"T20190004922","15/3/19",09:10:00,"Collision with vehicle","Friday","Day",2,2,"Not at intersection",2,70,"B",2010,"S WAG","SUBARU","Station Wagon","U",NA,"unknown","Drivers"
"T20190004923","14/3/19",17:40:00,"Collision with vehicle","Thursday","Unknown",2,2,"T intersection",3,60,"A",2015,"WAGON","TOYOTA","Station Wagon","F",52,"50-59","Drivers"
"T20190004923","14/3/19",17:40:00,"Collision with vehicle","Thursday","Unknown",2,2,"T intersection",3,60,"B",2006,"SEDAN","TOYOTA","Car","M",67,"64-69","Drivers"
"T20190004929","15/3/19",08:27:00,"Collision with vehicle","Friday","Day",3,3,"Not at intersection",3,100,"A",2014,"DC UTE","MITSUB","Utility","F",22,"22-25","Drivers"
"T20190004929","15/3/19",08:27:00,"Collision with vehicle","Friday","Day",3,3,"Not at intersection",3,100,"B",2003,"WAGON","MITSUB","Station Wagon","F",61,"60-64","Drivers"
"T20190004929","15/3/19",08:27:00,"Collision with vehicle","Friday","Day",3,3,"Not at intersection",3,100,"C",2012,"SEDAN","HOLDEN","Car","F",56,"50-59","Drivers"
"T20190004931","15/3/19",09:35:00,"Struck Pedestrian","Friday","Day",1,2,"Multiple intersection",2,50,"A",2011,"SEDAN","REN","Car","M",57,"50-59","Drivers"
"T20190004932","15/3/19",10:15:00,"Collision with a fixed object","Friday","Day",1,1,"Not at intersection",2,50,"A",2004,"S WAG","MAZDA","Station Wagon","M",65,"64-69","Drivers"
"T20190004933","15/3/19",09:39:00,"Collision with vehicle","Friday","Day",2,2,"Not at intersection",3,60,"A",2002,"DC UTE","HOLDEN","Utility","M",23,"22-25","Drivers"
"T20190004933","15/3/19",09:39:00,"Collision with vehicle","Friday","Day",2,2,"Not at intersection",3,60,"B",2018,"WAGON","TOYOTA","Station Wagon","F",44,"40-49","Drivers"
"T20190004935","15/3/19",08:35:00,"Collision with vehicle","Friday","Day",2,2,"T intersection",3,40,"A",2015,"WAGON","NISSAN","Station Wagon","F",33,"30-39","Drivers"
"T20190004937","15/3/19",09:25:00,"Collision with vehicle","Friday","Day",2,3,"Cross intersection",2,100,"A",2007,"SEDAN","FORD","Car","F",51,"50-59","Drivers"
"T20190004937","15/3/19",09:25:00,"Collision with vehicle","Friday","Day",2,3,"Cross intersection",2,100,"B",2012,"TRAY","FORD","Light Commercial Vehicle (Rigid) <= 4.5 Tonnes GVM","M",57,"50-59","Drivers"
"T20190004939","15/3/19",11:00:00,"Collision with vehicle","Friday","Day",2,4,"Cross intersection",3,60,"A",2015,"WAGON","ISUZU","Station Wagon","F",37,"30-39","Drivers"
"T20190004939","15/3/19",11:00:00,"Collision with vehicle","Friday","Day",2,4,"Cross intersection",3,60,"B",2014,"P MVR","KENWTH","Prime Mover - Single Trailer","M",23,"22-25","Drivers"
"T20190004941","15/3/19",12:30:00,"Collision with vehicle","Friday","Day",2,2,"Cross intersection",2,60,"A",2017,"SEDAN","HONDA","Car","F",50,"50-59","Drivers"
"T20190004942","22/2/19",10:30:00,"Collision with a fixed object","Friday","Day",1,2,"Not at intersection",3,999,"A",2002,"SEDAN","FORD","Car","F",25,"22-25","Drivers"
"T20190004943","15/3/19",13:00:00,"Collision with vehicle","Friday","Day",2,2,"Cross intersection",3,60,"A",2015,"SEDAN","TOYOTA","Car","M",18,"17-21","Drivers"
"T20190004943","15/3/19",13:00:00,"Collision with vehicle","Friday","Day",2,2,"Cross intersection",3,60,"B",2009,"SEDAN","HONDA","Car","F",40,"40-49","Drivers"
"T20190004944","15/3/19",11:35:00,"Collision with a fixed object","Friday","Day",1,1,"Not at intersection",2,100,"A",2015,"SEDAN","TOYOTA","Car","F",38,"30-39","Drivers"
"T20190004945","9/2/19",12:30:00,"Collision with vehicle","Saturday","Day",2,2,"Cross intersection",3,70,"A",2007,"SEDAN","HYNDAI","Car","M",49,"40-49","Drivers"
"T20190004945","9/2/19",12:30:00,"Collision with vehicle","Saturday","Day",2,2,"Cross intersection",3,70,"B",2011,"UTIL","HOLDEN","Utility","M",23,"22-25","Drivers"
"T20190004946","15/3/19",12:00:00,"Collision with vehicle","Friday","Day",2,2,"Not at intersection",3,50,"A",2012,"SEDAN","SUZUKI","Car","M",42,"40-49","Drivers"
"T20190004946","15/3/19",12:00:00,"Collision with vehicle","Friday","Day",2,2,"Not at intersection",3,50,"B",2016,"WAGON","HONDA","Station Wagon","F",55,"50-59","Drivers"
"T20190004948","13/3/19",20:45:00,"Collision with vehicle","Wednesday","Dark Street lights unknown",2,2,"Not at intersection",3,999,"A",2017,"SEDAN","TOYOTA","Car","F",45,"40-49","Drivers"
"T20190004948","13/3/19",20:45:00,"Collision with vehicle","Wednesday","Dark Street lights unknown",2,2,"Not at intersection",3,999,"B",2013,"WAGON","HOLDEN","Station Wagon","U",NA,"unknown","Drivers"
"T20190004949","14/3/19",14:32:00,"Collision with vehicle","Thursday","Day",4,6,"Not at intersection",3,100,"A",2007,"SEDAN","TOYOTA","Car","F",18,"17-21","Drivers"
"T20190004949","14/3/19",14:32:00,"Collision with vehicle","Thursday","Day",4,6,"Not at intersection",3,100,"B",2004,"SEDAN","MAZDA","Car","M",61,"60-64","Drivers"
"T20190004949","14/3/19",14:32:00,"Collision with vehicle","Thursday","Day",4,6,"Not at intersection",3,100,"C",2011,"DC UTE","NISSAN","Utility","M",25,"22-25","Drivers"
"T20190004949","14/3/19",14:32:00,"Collision with vehicle","Thursday","Day",4,6,"Not at intersection",3,100,"D",2018,"WAGON","MAZDA","Station Wagon","F",74,"70+","Drivers"