"ACCIDENT_NO","ACCIDENTDATE","ACCIDENTTIME","Accident Type Desc","Day Week Description","Light Condition Desc","NO_OF_VEHICLES","NO_PERSONS","Road Geometry Desc","SEVERITY","SPEED_ZONE","VEHICLE_ID","VEHICLE_YEAR_MANUF","VEHICLE_BODY_STYLE","VEHICLE_MAKE","Vehicle Type Desc","SEX","AGE","Age Group","Road User Type Desc"
"T20190004950","15/3/19",13:45:00,"Collision with vehicle","Friday","Day",3,4,"Not at intersection",2,70,"A",1996,"SEDAN","FORD","Car","F",48,"40-49","Drivers"
"T20190004950","15/3/19",13:45:00,"Collision with vehicle","Friday","Day",3,4,"Not at intersection",2,70,"B",2011,"SEDAN","NISSAN","Car","M",71,"70+","Drivers"
"T20190004950","15/3/19",13:45:00,"Collision with vehicle","Friday","Day",3,4,"Not at intersection",2,70,"C",2011,"DC UTE","TOYOTA","Utility","M",45,"40-49","Drivers"
"T20190004951","15/3/19",11:56:00,"Struck Pedestrian","Friday","Day",1,2,"T intersection",3,999,"A",2017,"SED","VOLKS","Utility","M",33,"30-39","Drivers"
"T20190004952","15/3/19",14:00:00,"Struck Pedestrian","Friday","Day",1,2,"T intersection",2,999,"A",2003,"SEDAN","HONDA","Car","M",19,"17-21","Drivers"
"T20190004953","13/3/19",19:40:00,"Collision with vehicle","Wednesday","Dusk/Dawn",2,3,"Not at intersection",3,80,"A",1999,"SEDAN","FORD","Car","M",51,"50-59","Drivers"
"T20190004953","13/3/19",19:40:00,"Collision with vehicle","Wednesday","Dusk/Dawn",2,3,"Not at intersection",3,80,"B",2012,"P MVR","F LINE","Prime Mover - Single Trailer","M",51,"50-59","Drivers"
"T20190004959","12/3/19",09:00:00,"Collision with vehicle","Tuesday","Day",2,3,"T intersection",2,100,"A",1994,"SEDAN","HOLDEN","Car","M",39,"30-39","Drivers"
"T20190004959","12/3/19",09:00:00,"Collision with vehicle","Tuesday","Day",2,3,"T intersection",2,100,"B",2014,"DC UTE","HOLDEN","Utility","M",56,"50-59","Drivers"
"T20190004960","15/3/19",16:40:00,"Struck Pedestrian","Friday","Day",1,2,"Not at intersection",3,60,"A",2015,"SEDAN","HONDA","Car","F",26,"26-29","Drivers"
"T20190004962","15/3/19",15:15:00,"Collision with vehicle","Friday","Day",2,2,"Not at intersection",3,60,"A",2006,"SEDAN","HONDA","Car","M",18,"17-21","Drivers"
"T20190004962","15/3/19",15:15:00,"Collision with vehicle","Friday","Day",2,2,"Not at intersection",3,60,"B",2007,"SEDAN","HONDA","Car","M",32,"30-39","Drivers"
"T20190004963","15/3/19",16:50:00,"Collision with vehicle","Friday","Day",2,1,"Not at intersection",3,50,"A",2003,"COUPE","HYNDAI","Car","F",71,"70+","Drivers"
"T20190004967","15/3/19",08:40:00,"Collision with vehicle","Friday","Day",2,2,"T intersection",2,50,"A",2014,"SEDAN","SUZUKI","Car","F",24,"22-25","Drivers"
"T20190004968","15/3/19",17:05:00,"Collision with vehicle","Friday","Day",2,2,"Cross intersection",2,60,"A",2005,"SEDAN","HYNDAI","Car","M",88,"70+","Drivers"
"T20190004968","15/3/19",17:05:00,"Collision with vehicle","Friday","Day",2,2,"Cross intersection",2,60,"B",1998,"SEDAN","AUDI","Car","M",34,"30-39","Drivers"
"T20190004969","15/3/19",15:56:00,"Collision with vehicle","Friday","Day",2,2,"Not at intersection",1,60,"B",2009,"WAGON","MITSUB","Station Wagon","F",56,"50-59","Drivers"
"T20190004972","15/3/19",15:45:00,"Collision with vehicle","Friday","Day",2,3,"Not at intersection",3,60,"A",2013,"SEDAN","TOYOTA","Taxi","M",38,"30-39","Drivers"
"T20190004972","15/3/19",15:45:00,"Collision with vehicle","Friday","Day",2,3,"Not at intersection",3,60,"B",0,"SED","MITSUB","Car","F",21,"17-21","Drivers"
"T20190004973","15/3/19",16:50:00,"Collision with vehicle","Friday","Day",2,2,"Not at intersection",3,50,"B",2012,"WAGON","FORD","Station Wagon","M",64,"60-64","Drivers"
"T20190004975","14/3/19",16:22:00,"Collision with vehicle","Thursday","Day",2,2,"Cross intersection",3,40,"A",2014,"SEDAN","TOYOTA","Car","M",24,"22-25","Drivers"
"T20190004977","15/3/19",16:10:00,"Collision with a fixed object","Friday","Day",1,1,"Not at intersection",3,100,"A",2014,"UTIL","TOYOTA","Utility","M",42,"40-49","Drivers"
"T20190004978","15/3/19",16:30:00,"Collision with vehicle","Friday","Day",2,4,"Not at intersection",2,70,"A",2007,"S WAG","HOLDEN","Station Wagon","M",21,"17-21","Drivers"
"T20190004978","15/3/19",16:30:00,"Collision with vehicle","Friday","Day",2,4,"Not at intersection",2,70,"B",2018,"WAGON","TOYOTA","Station Wagon","F",28,"26-29","Drivers"
"T20190004987","15/3/19",21:08:00,"Collision with vehicle","Friday","Dark Street lights on",2,3,"T intersection",3,60,"A",2001,"SEDAN","HOLDEN","Car","M",55,"50-59","Drivers"
"T20190004987","15/3/19",21:08:00,"Collision with vehicle","Friday","Dark Street lights on",2,3,"T intersection",3,60,"B",2004,"SEDAN","TOYOTA","Car","F",36,"30-39","Drivers"
"T20190004991","15/3/19",05:45:00,"Collision with vehicle","Friday","Dusk/Dawn",2,2,"Not at intersection",3,80,"A",2011,"SEDAN","HOLDEN","Car","F",42,"40-49","Drivers"
"T20190004991","15/3/19",05:45:00,"Collision with vehicle","Friday","Dusk/Dawn",2,2,"Not at intersection",3,80,"B",2018,"BD/PMR","KENWOR","Prime Mover - Single Trailer","M",30,"30-39","Drivers"
"T20190004992","15/3/19",16:35:00,"Collision with vehicle","Friday","Day",2,4,"T intersection",2,80,"A",2017,"WAGON","MITSUB","Station Wagon","F",20,"17-21","Drivers"
"T20190004992","15/3/19",16:35:00,"Collision with vehicle","Friday","Day",2,4,"T intersection",2,80,"B",2009,"SEDAN","HOLDEN","Car","F",38,"30-39","Drivers"
"T20190004994","15/3/19",20:25:00,"Collision with vehicle","Friday","Dark Street lights on",2,3,"Cross intersection",2,60,"A",2014,"TRAY","TOYOTA","Light Commercial Vehicle (Rigid) <= 4.5 Tonnes GVM","M",26,"26-29","Drivers"
"T20190004999","15/3/19",17:00:00,"Collision with vehicle","Friday","Day",2,2,"Not at intersection",3,80,"A",2008,"P MVR","KENWTH","Prime Mover - Single Trailer","M",35,"30-39","Drivers"
"T20190004999","15/3/19",17:00:00,"Collision with vehicle","Friday","Day",2,2,"Not at intersection",3,80,"B",2006,"SEDAN","TOYOTA","Car","F",75,"70+","Drivers"
"T20190005000","16/3/19",05:30:00,"Collision with a fixed object","Saturday","Dark No street lights",1,1,"Not at intersection",2,100,"A",2009,"SEDAN","MAZDA","Car","M",61,"60-64","Drivers"
"T20190005001","13/3/19",14:05:00,"Collision with vehicle","Wednesday","Day",2,2,"T intersection",3,60,"A",2011,"SEDAN","TOYOTA","Car","F",20,"17-21","Drivers"
"T20190005001","13/3/19",14:05:00,"Collision with vehicle","Wednesday","Day",2,2,"T intersection",3,60,"B",2007,"S WAG","SUBARU","Station Wagon","M",58,"50-59","Drivers"
"T20190005002","16/3/19",06:05:00,"Collision with vehicle","Saturday","Dark No street lights",3,3,"Not at intersection",2,100,"A",2003,"SEDAN","HOLDEN","Car","M",27,"26-29","Drivers"
"T20190005002","16/3/19",06:05:00,"Collision with vehicle","Saturday","Dark No street lights",3,3,"Not at intersection",2,100,"B",2007,"SEDAN","CHRYS","Car","F",44,"40-49","Drivers"
"T20190005002","16/3/19",06:05:00,"Collision with vehicle","Saturday","Dark No street lights",3,3,"Not at intersection",2,100,"C",2017,"T SDS","TOYOTA","Utility","M",39,"30-39","Drivers"
"T20190005003","16/3/19",06:55:00,"Struck Pedestrian","Saturday","Dusk/Dawn",1,2,"Not at intersection",2,50,"A",2011,"SEDAN","HOLDEN","Car","M",22,"22-25","Drivers"
"T20190005004","14/3/19",17:20:00,"Collision with vehicle","Thursday","Day",2,2,"Not at intersection",3,50,"B",2018,"UTIL","MAZDA","Utility","M",34,"30-39","Drivers"
"T20190005005","16/3/19",08:10:00,"Collision with vehicle","Saturday","Day",2,2,"Not at intersection",2,110,"A",2012,"WAGON","PEUG","Station Wagon","F",22,"22-25","Drivers"
"T20190005005","16/3/19",08:10:00,"Collision with vehicle","Saturday","Day",2,2,"Not at intersection",2,110,"B",1926,"TOURER","OVERLA","Car","F",26,"26-29","Drivers"
"T20190005006","16/3/19",07:55:00,"Collision with vehicle","Saturday","Day",2,1,"Not at intersection",2,50,"A",1995,"WAGON","TOYOTA","Station Wagon","M",32,"30-39","Drivers"
"T20190005008","16/3/19",10:57:00,"Collision with vehicle","Saturday","Day",2,2,"Cross intersection",2,60,"A",2010,"SEDAN","HOLDEN","Car","F",37,"30-39","Drivers"
"T20190005008","16/3/19",10:57:00,"Collision with vehicle","Saturday","Day",2,2,"Cross intersection",2,60,"B",2017,"SEDAN","MAZDA","Car","F",42,"40-49","Drivers"
"T20190005011","16/3/19",08:39:00,"Collision with vehicle","Saturday","Day",2,2,"Cross intersection",2,60,"A",2014,"SEDAN","TOYOTA","Taxi","M",64,"60-64","Drivers"
"T20190005012","16/3/19",12:55:00,"Struck Pedestrian","Saturday","Day",1,2,"Cross intersection",3,40,"A",2012,"WAGON","NISSAN","Station Wagon","M",35,"30-39","Drivers"
"T20190005013","16/3/19",07:20:00,"Collision with a fixed object","Saturday","Day",1,2,"Not at intersection",2,100,"A",1993,"MULTI","TOYOTA","Utility","M",22,"22-25","Drivers"
"T20190005015","16/3/19",10:50:00,"Struck Pedestrian","Saturday","Day",1,2,"T intersection",3,60,"A",2006,"S WAG","FORD","Station Wagon","F",60,"60-64","Drivers"
"T20190005016","16/3/19",07:49:00,"Collision with a fixed object","Saturday","Day",1,1,"Not at intersection",3,60,"A",2008,"SEDAN","HONDA","Car","F",34,"30-39","Drivers"
"T20190005017","13/3/19",20:36:00,"Collision with vehicle","Wednesday","Dark Street lights on",2,5,"Cross intersection",3,60,"A",2011,"SEDAN","MITSUB","Car","M",18,"17-21","Drivers"
"T20190005017","13/3/19",20:36:00,"Collision with vehicle","Wednesday","Dark Street lights on",2,5,"Cross intersection",3,60,"B",2018,"UTIL","FORD","Utility","M",27,"26-29","Drivers"
"T20190005018","13/3/19",15:35:00,"Vehicle overturned (no collision)","Wednesday","Day",1,1,"Not at intersection",3,110,"A",2000,"VAN","TOYOTA","Panel Van","M",49,"40-49","Drivers"
"T20190005019","15/3/19",17:30:00,"Collision with vehicle","Friday","Day",2,2,"Cross intersection",3,50,"A",2014,"SEDAN","KIA","Car","F",81,"70+","Drivers"
"T20190005020","16/3/19",09:30:00,"Collision with vehicle","Saturday","Day",2,4,"Cross intersection",3,50,"A",2007,"SEDAN","HYNDAI","Car","F",22,"22-25","Drivers"
"T20190005020","16/3/19",09:30:00,"Collision with vehicle","Saturday","Day",2,4,"Cross intersection",3,50,"B",2017,"WAGON","SUBARU","Station Wagon","F",31,"30-39","Drivers"
"T20190005022","16/3/19",08:05:00,"Collision with a fixed object","Saturday","Day",1,1,"Not at intersection",2,60,"A",2010,"WAGON","MITSUB","Station Wagon","M",19,"17-21","Drivers"
"T20190005023","16/3/19",12:01:00,"Collision with a fixed object","Saturday","Day",1,2,"Cross intersection",2,60,"A",2003,"WAGON","HONDA","Station Wagon","M",28,"26-29","Drivers"
"T20190005029","15/3/19",15:45:00,"Collision with vehicle","Friday","Day",2,2,"Cross intersection",3,60,"A",0,NA,"HOLDEN","Car","U",NA,"unknown","Drivers"
"T20190005030","15/3/19",12:50:00,"Collision with vehicle","Friday","Day",2,2,"Not at intersection",3,60,"A",2002,"S WAG","TOYOTA","Station Wagon","F",49,"40-49","Drivers"
"T20190005030","15/3/19",12:50:00,"Collision with vehicle","Friday","Day",2,2,"Not at intersection",3,60,"B",0,"P VAN","TOYOTA","Panel Van","M",19,"17-21","Drivers"
"T20190005034","16/3/19",17:20:00,"Struck Pedestrian","Saturday","Day",1,2,"Cross intersection",2,60,"A",2014,"SEDAN","HOLDEN","Car","M",30,"30-39","Drivers"
"T20190005041","15/3/19",17:00:00,"Collision with vehicle","Friday","Day",2,2,"Not at intersection",3,60,"A",2002,"SEDAN","HOLDEN","Car","F",38,"30-39","Drivers"
"T20190005041","15/3/19",17:00:00,"Collision with vehicle","Friday","Day",2,2,"Not at intersection",3,60,"B",2005,"VAN","HOLDEN","Panel Van","M",45,"40-49","Drivers"
"T20190005044","16/3/19",18:20:00,"Collision with vehicle","Saturday","Day",2,1,"Not at intersection",2,50,"A",2013,"SEDAN","HOLDEN","Car","M",27,"26-29","Drivers"
"T20190005045","16/3/19",17:27:00,"Collision with vehicle","Saturday","Day",2,1,"Not at intersection",3,60,"B",1999,"S WAG","HOLDEN","Station Wagon","M",44,"40-49","Drivers"
"T20190005049","16/3/19",18:00:00,"Collision with vehicle","Saturday","Dusk/Dawn",2,2,"T intersection",3,60,"A",2011,"WAGON","VOLKS","Station Wagon","M",20,"17-21","Drivers"
"T20190005049","16/3/19",18:00:00,"Collision with vehicle","Saturday","Dusk/Dawn",2,2,"T intersection",3,60,"B",2006,"SEDAN","MAZDA","Car","U",NA,"unknown","Drivers"
"T20190005050","16/3/19",17:56:00,"Collision with a fixed object","Saturday","Day",1,3,"Not at intersection",1,100,"A",2009,"UTIL","HOLDEN","Utility","M",43,"40-49","Drivers"
"T20190005051","17/3/19",00:00:00,"Collision with vehicle","Sunday","Dark Street lights on",2,4,"Cross intersection",3,60,"A",2018,"S WAG","MITSUB","Station Wagon","M",32,"30-39","Drivers"
"T20190005051","17/3/19",00:00:00,"Collision with vehicle","Sunday","Dark Street lights on",2,4,"Cross intersection",3,60,"B",2012,"DC UTE","MITSUB","Utility","M",43,"40-49","Drivers"
"T20190005055","16/3/19",20:41:00,"Collision with vehicle","Saturday","Dark Street lights on",2,3,"T intersection",3,60,"A",2010,"SEDAN","HOLDEN","Car","F",34,"30-39","Drivers"
"T20190005055","16/3/19",20:41:00,"Collision with vehicle","Saturday","Dark Street lights on",2,3,"T intersection",3,60,"B",2009,"WAGON","NISSAN","Station Wagon","F",42,"40-49","Drivers"
"T20190005059","16/3/19",23:33:00,"Collision with vehicle","Saturday","Dark Street lights on",2,3,"T intersection",3,60,"A",2017,"WAGON","HONDA","Station Wagon","M",54,"50-59","Drivers"
"T20190005059","16/3/19",23:33:00,"Collision with vehicle","Saturday","Dark Street lights on",2,3,"T intersection",3,60,"B",2008,"SEDAN","SUZUKI","Car","F",28,"26-29","Drivers"
"T20190005060","16/3/19",13:25:00,"Collision with vehicle","Saturday","Day",6,8,"Not at intersection",2,70,"A",2016,"SEDAN","REN","Car","M",34,"30-39","Drivers"
"T20190005060","16/3/19",13:25:00,"Collision with vehicle","Saturday","Day",6,8,"Not at intersection",2,70,"B",2008,"SED","FORD","Car","M",52,"50-59","Drivers"
"T20190005060","16/3/19",13:25:00,"Collision with vehicle","Saturday","Day",6,8,"Not at intersection",2,70,"C",2012,"WAGON","TOYOTA","Station Wagon","F",22,"22-25","Drivers"
"T20190005060","16/3/19",13:25:00,"Collision with vehicle","Saturday","Day",6,8,"Not at intersection",2,70,"D",2017,"UTIL","MAZDA","Utility","M",32,"30-39","Drivers"
"T20190005060","16/3/19",13:25:00,"Collision with vehicle","Saturday","Day",6,8,"Not at intersection",2,70,"E",2013,"COUPE","TOYOTA","Car","M",29,"26-29","Drivers"
"T20190005060","16/3/19",13:25:00,"Collision with vehicle","Saturday","Day",6,8,"Not at intersection",2,70,"F",2008,"S WAG","HOLDEN","Station Wagon","M",25,"22-25","Drivers"
"T20190005068","27/2/19",21:22:00,"Collision with a fixed object","Wednesday","Dark Street lights on",1,2,"Not at intersection",3,100,"A",2013,"SEDAN","MITSUB","Car","M",33,"30-39","Drivers"
"T20190005071","17/3/19",12:05:00,"Collision with vehicle","Sunday","Day",2,3,"Cross intersection",3,80,"A",1999,"SEDAN","HOLDEN","Car","M",35,"30-39","Drivers"
"T20190005071","17/3/19",12:05:00,"Collision with vehicle","Sunday","Day",2,3,"Cross intersection",3,80,"B",2011,"WAGON","VOLKS","Station Wagon","M",42,"40-49","Drivers"
"T20190005072","17/3/19",10:50:00,"Collision with vehicle","Sunday","Day",2,3,"Not at intersection",2,50,"A",2006,"SEDAN","MAZDA","Car","F",39,"30-39","Drivers"
"T20190005073","17/3/19",11:25:00,"Collision with vehicle","Sunday","Day",2,3,"Not at intersection",3,999,"A",2018,"WAGON","TOYOTA","Station Wagon","M",30,"30-39","Drivers"
"T20190005074","17/3/19",10:55:00,"Collision with vehicle","Sunday","Day",2,2,"T intersection",3,80,"B",2006,"SEDAN","TOYOTA","Car","M",28,"26-29","Drivers"
"T20190005075","17/3/19",10:50:00,"Collision with vehicle","Sunday","Day",2,2,"Not at intersection",3,100,"A",2015,"P MVR","KENWTH","Prime Mover Only","M",57,"50-59","Drivers"
"T20190005075","17/3/19",10:50:00,"Collision with vehicle","Sunday","Day",2,2,"Not at intersection",3,100,"B",2004,"SEDAN","TOYOTA","Car","M",21,"17-21","Drivers"
"T20190005076","4/3/19",16:00:00,"Collision with vehicle","Monday","Day",2,2,"T intersection",3,60,"B",2001,"TRAY","MITSUB","Light Commercial Vehicle (Rigid) <= 4.5 Tonnes GVM","M",46,"40-49","Drivers"
"T20190005077","16/3/19",14:10:00,"Collision with vehicle","Saturday","Day",2,2,"Not at intersection",3,40,"B",2018,"WAGON","HYNDAI","Station Wagon","M",30,"30-39","Drivers"
"T20190005078","17/3/19",11:40:00,"Collision with vehicle","Sunday","Day",2,2,"T intersection",2,60,"A",2005,"SEDAN","HONDA","Car","M",60,"60-64","Drivers"
"T20190005078","17/3/19",11:40:00,"Collision with vehicle","Sunday","Day",2,2,"T intersection",2,60,"B",2015,"SEDAN","TOYOTA","Car","F",54,"50-59","Drivers"
"T20190005079","17/3/19",10:40:00,"Collision with vehicle","Sunday","Day",2,3,"T intersection",1,100,"A",1996,"SEDAN","MITSUB","Car","M",78,"70+","Drivers"
"T20190005079","17/3/19",10:40:00,"Collision with vehicle","Sunday","Day",2,3,"T intersection",1,100,"B",2007,"WAGON","FORD","Station Wagon","M",85,"70+","Drivers"
"T20190005082","17/3/19",14:22:00,"Collision with vehicle","Sunday","Day",2,3,"Not at intersection",2,80,"A",2006,"SEDAN","TOYOTA","Car","F",18,"17-21","Drivers"
"T20190005082","17/3/19",14:22:00,"Collision with vehicle","Sunday","Day",2,3,"Not at intersection",2,80,"B",2006,"SEDAN","FORD","Car","F",26,"26-29","Drivers"
"T20190005083","17/3/19",14:00:00,"Collision with vehicle","Sunday","Day",4,6,"Not at intersection",3,80,"A",2002,"WAGON","SUZUKI","Station Wagon","M",23,"22-25","Drivers"
"T20190005083","17/3/19",14:00:00,"Collision with vehicle","Sunday","Day",4,6,"Not at intersection",3,80,"B",2013,"WAGON","MAZDA","Station Wagon","M",18,"17-21","Drivers"
"T20190005083","17/3/19",14:00:00,"Collision with vehicle","Sunday","Day",4,6,"Not at intersection",3,80,"C",2005,"SEDAN","HYNDAI","Car","F",27,"26-29","Drivers"
"T20190005083","17/3/19",14:00:00,"Collision with vehicle","Sunday","Day",4,6,"Not at intersection",3,80,"D",2009,"DC UTE","SSANGY","Utility","M",56,"50-59","Drivers"
"T20190005084","17/3/19",11:30:00,"Vehicle overturned (no collision)","Sunday","Day",1,1,"Not at intersection",2,60,"A",1998,"SEDAN","HOLDEN","Car","M",26,"26-29","Drivers"
"T20190005085","17/3/19",13:10:00,"Collision with vehicle","Sunday","Day",2,4,"T intersection",2,70,"A",2013,"WAGON","JEEP","Station Wagon","F",48,"40-49","Drivers"
"T20190005085","17/3/19",13:10:00,"Collision with vehicle","Sunday","Day",2,4,"T intersection",2,70,"B",2012,"SEDAN","HOLDEN","Car","F",25,"22-25","Drivers"
"T20190005088","17/3/19",11:33:00,"Collision with a fixed object","Sunday","Day",2,2,"T intersection",3,100,"A",2017,"WAGON","MITSUB","Station Wagon","M",72,"70+","Drivers"
"T20190005090","16/3/19",12:45:00,"Vehicle overturned (no collision)","Saturday","Day",2,3,"Not at intersection",3,50,"B",2001,"SEDAN","HOLDEN","Car","F",69,"64-69","Drivers"
"T20190005091","17/3/19",13:25:00,"Collision with vehicle","Sunday","Day",2,3,"T intersection",3,50,"A",2018,"SEDAN","TOYOTA","Car","M",45,"40-49","Drivers"
"T20190005095","17/3/19",16:49:00,"Collision with vehicle","Sunday","Day",2,4,"T intersection",2,70,"A",2015,"DC UTE","MITSUB","Utility","M",40,"40-49","Drivers"
"T20190005095","17/3/19",16:49:00,"Collision with vehicle","Sunday","Day",2,4,"T intersection",2,70,"B",2006,"SEDAN","SUBARU","Car","M",19,"17-21","Drivers"
"T20190005097","17/3/19",18:07:00,"Collision with vehicle","Sunday","Day",2,5,"Cross intersection",2,60,"A",2003,"SEDAN","TOYOTA","Car","F",52,"50-59","Drivers"
"T20190005097","17/3/19",18:07:00,"Collision with vehicle","Sunday","Day",2,5,"Cross intersection",2,60,"B",2012,"SEDAN","MITSUB","Car","M",29,"26-29","Drivers"
"T20190005098","17/3/19",17:27:00,"Collision with vehicle","Sunday","Day",3,3,"Not at intersection",3,40,"A",2001,"SEDAN","HOLDEN","Car","M",24,"22-25","Drivers"
"T20190005098","17/3/19",17:27:00,"Collision with vehicle","Sunday","Day",3,3,"Not at intersection",3,40,"B",2011,"WAGON","KIA","Station Wagon","F",49,"40-49","Drivers"
"T20190005098","17/3/19",17:27:00,"Collision with vehicle","Sunday","Day",3,3,"Not at intersection",3,40,"C",2004,"SED","NISSAN","Car","F",26,"26-29","Drivers"
"T20190005099","17/3/19",13:15:00,"Collision with vehicle","Sunday","Day",2,3,"Not at intersection",1,100,"A",2008,"VAN","TOYOTA","Panel Van","F",68,"64-69","Drivers"
"T20190005099","17/3/19",13:15:00,"Collision with vehicle","Sunday","Day",2,3,"Not at intersection",1,100,"B",2014,"P MVR","F LINE","Prime Mover - Single Trailer","M",65,"64-69","Drivers"
"T20190005100","17/3/19",18:08:00,"Collision with vehicle","Sunday","Day",3,2,"T intersection",3,50,"A",2013,"SEDAN","SUZUKI","Car","F",33,"30-39","Drivers"
"T20190005100","17/3/19",18:08:00,"Collision with vehicle","Sunday","Day",3,2,"T intersection",3,50,"B",1998,"WAGON","TOYOTA","Station Wagon","F",43,"40-49","Drivers"
"T20190005101","17/3/19",20:09:00,"Collision with vehicle","Sunday","Day",2,2,"T intersection",2,50,"A",2003,"UTIL","FORD","Utility","M",33,"30-39","Drivers"
"T20190005104","17/3/19",18:15:00,"Collision with a fixed object","Sunday","Day",1,1,"Not at intersection",3,40,"A",2005,"SEDAN","FORD","Car","M",18,"17-21","Drivers"
"T20190005105","17/3/19",15:50:00,"Collision with vehicle","Sunday","Day",2,5,"Y intersection",3,60,"A",2014,"WAGON","JEEP","Station Wagon","M",29,"26-29","Drivers"
"T20190005105","17/3/19",15:50:00,"Collision with vehicle","Sunday","Day",2,5,"Y intersection",3,60,"B",2004,"SEDAN","TOYOTA","Car","F",40,"40-49","Drivers"
"T20190005108","17/3/19",19:32:00,"Collision with vehicle","Sunday","Dark No street lights",2,4,"Not at intersection",2,100,"A",1997,"S WAG","TOYOTA","Station Wagon","F",24,"22-25","Drivers"
"T20190005108","17/3/19",19:32:00,"Collision with vehicle","Sunday","Dark No street lights",2,4,"Not at intersection",2,100,"B",2009,"DC UTE","MITSUB","Utility","F",29,"26-29","Drivers"
"T20190005111","17/3/19",22:25:00,"Collision with vehicle","Sunday","Dark Street lights on",2,2,"T intersection",3,80,"A",2008,"SEDAN","TOYOTA","Car","M",25,"22-25","Drivers"
"T20190005113","17/3/19",23:15:00,"Collision with vehicle","Sunday","Dark Street lights on",3,3,"T intersection",2,40,"A",2001,"SEDAN","FORD","Car","M",40,"40-49","Drivers"
"T20190005115","18/3/19",01:50:00,"Collision with a fixed object","Monday","Dark Street lights on",1,4,"T intersection",2,60,"A",2016,"SEDAN","TOYOTA","Car","F",34,"30-39","Drivers"
"T20190005117","15/3/19",21:00:00,"Collision with vehicle","Friday","Dark No street lights",2,4,"Cross intersection",3,60,"A",2009,"UTIL","FORD","Utility","M",28,"26-29","Drivers"
"T20190005117","15/3/19",21:00:00,"Collision with vehicle","Friday","Dark No street lights",2,4,"Cross intersection",3,60,"B",2006,"S WAG","HOLDEN","Station Wagon","F",38,"30-39","Drivers"
"T20190005118","18/3/19",05:40:00,"Collision with a fixed object","Monday","Dark No street lights",1,1,"Not at intersection",3,100,"A",2003,"WAGON","TOYOTA","Station Wagon","M",49,"40-49","Drivers"
"T20190005119","15/3/19",17:00:00,"Collision with vehicle","Friday","Day",2,2,"Cross intersection",3,40,"B",2010,"SEDAN","HOLDEN","Car","F",40,"40-49","Drivers"
"T20190005122","18/3/19",08:50:00,"Collision with vehicle","Monday","Day",2,2,"Cross intersection",2,50,"A",2003,"SEDAN","TOYOTA","Car","F",73,"70+","Drivers"
"T20190005123","18/3/19",07:56:00,"Collision with vehicle","Monday","Day",2,2,"Not at intersection",3,40,"A",2015,"SEDAN","TOYOTA","Car","F",32,"30-39","Drivers"
"T20190005123","18/3/19",07:56:00,"Collision with vehicle","Monday","Day",2,2,"Not at intersection",3,40,"B",2015,"SEDAN","SUBARU","Car","F",49,"40-49","Drivers"
"T20190005128","18/3/19",08:00:00,"Collision with vehicle","Monday","Day",2,3,"Not at intersection",2,80,"A",2014,"SEDAN","TOYOTA","Car","F",37,"30-39","Drivers"
"T20190005128","18/3/19",08:00:00,"Collision with vehicle","Monday","Day",2,3,"Not at intersection",2,80,"B",2006,"TRAY","ISUZU","Heavy Vehicle (Rigid) > 4.5 Tonnes","M",50,"50-59","Drivers"
"T20190005134","18/3/19",12:09:00,"Collision with vehicle","Monday","Day",2,2,"T intersection",3,60,"A",2001,"SEDAN","TOYOTA","Car","F",72,"70+","Drivers"
"T20190005134","18/3/19",12:09:00,"Collision with vehicle","Monday","Day",2,2,"T intersection",3,60,"B",2015,"SEDAN","HOLDEN","Car","M",28,"26-29","Drivers"
"T20190005140","18/3/19",13:05:00,"collision with some other object","Monday","Day",1,2,"T intersection",3,60,"A",2006,"SEDAN","MITSUB","Car","F",26,"26-29","Drivers"
"T20190005141","1/2/19",20:45:00,"Struck Pedestrian","Friday","Dark Street lights on",1,2,"Not at intersection",3,777,"A",0,NA,"UNKN","Car","U",NA,"unknown","Drivers"
"T20190005143","18/3/19",03:00:00,"Collision with a fixed object","Monday","Dark No street lights",1,1,"Not at intersection",1,100,"A",2007,"P MVR","KENWTH","Prime Mover Only","M",53,"50-59","Drivers"
"T20190005144","18/3/19",15:30:00,"Collision with vehicle","Monday","Day",2,2,"T intersection",3,40,"B",1995,"S WAG","FORD","Station Wagon","F",26,"26-29","Drivers"
"T20190005145","18/3/19",15:00:00,"Collision with a fixed object","Monday","Day",1,1,"Not at intersection",2,60,"A",2007,"SEDAN","MAZDA","Car","M",71,"70+","Drivers"
"T20190005147","17/3/19",15:05:00,"Collision with a fixed object","Sunday","Day",1,1,"T intersection",3,70,"A",2003,"SEDAN","FORD","Car","M",24,"22-25","Drivers"
"T20190005150","18/3/19",17:37:00,"Collision with vehicle","Monday","Day",2,2,"Not at intersection",2,999,"A",2002,"SEDAN","TOYOTA","Car","M",28,"26-29","Drivers"
"T20190005154","18/3/19",15:35:00,"Collision with vehicle","Monday","Day",3,5,"Cross intersection",3,80,"A",2015,"WAGON","MAZDA","Station Wagon","F",40,"40-49","Drivers"
"T20190005154","18/3/19",15:35:00,"Collision with vehicle","Monday","Day",3,5,"Cross intersection",3,80,"B",2006,"SEDAN","TOYOTA","Car","F",24,"22-25","Drivers"
"T20190005154","18/3/19",15:35:00,"Collision with vehicle","Monday","Day",3,5,"Cross intersection",3,80,"C",2008,"UTIL","MITSUB","Utility","M",24,"22-25","Drivers"