"ACCIDENT_NO","ACCIDENTDATE","ACCIDENTTIME","Accident Type Desc","Day Week Description","Light Condition Desc","NO_OF_VEHICLES","NO_PERSONS","Road Geometry Desc","SEVERITY","SPEED_ZONE","VEHICLE_ID","VEHICLE_YEAR_MANUF","VEHICLE_BODY_STYLE","VEHICLE_MAKE","Vehicle Type Desc","SEX","AGE","Age Group","Road User Type Desc"
"T20190005155","18/3/19",18:40:00,"Collision with a fixed object","Monday","Day",1,1,"Not at intersection",3,70,"A",2011,"SEDAN","SUZUKI","Car","M",39,"30-39","Drivers"
"T20190005156","18/3/19",10:40:00,"Collision with vehicle","Monday","Day",3,3,"Not at intersection",3,50,"A",2005,"VAN","FIAT","Panel Van","M",51,"50-59","Drivers"
"T20190005156","18/3/19",10:40:00,"Collision with vehicle","Monday","Day",3,3,"Not at intersection",3,50,"B",2012,"VAN","HYNDAI","Panel Van","M",18,"17-21","Drivers"
"T20190005156","18/3/19",10:40:00,"Collision with vehicle","Monday","Day",3,3,"Not at intersection",3,50,"C",2003,"SEDAN","B M W","Car","F",43,"40-49","Drivers"
"T20190005158","17/3/19",21:59:00,"Collision with vehicle","Sunday","Dark Street lights on",2,5,"Cross intersection",2,80,"A",2004,"SEDAN","NISSAN","Car","M",65,"64-69","Drivers"
"T20190005158","17/3/19",21:59:00,"Collision with vehicle","Sunday","Dark Street lights on",2,5,"Cross intersection",2,80,"B",1995,"SEDAN","HOLDEN","Car","M",20,"17-21","Drivers"
"T20190005159","17/3/19",16:50:00,"Collision with vehicle","Sunday","Day",2,4,"Cross intersection",3,999,"A",2015,"WAGON","TOYOTA","Station Wagon","F",44,"40-49","Drivers"
"T20190005159","17/3/19",16:50:00,"Collision with vehicle","Sunday","Day",2,4,"Cross intersection",3,999,"B",2011,"SEDAN","SUBARU","Car","F",59,"50-59","Drivers"
"T20190005164","18/3/19",15:00:00,"Collision with vehicle","Monday","Day",3,5,"Not at intersection",3,70,"A",2010,"UTIL","TOYOTA","Utility","M",37,"30-39","Drivers"
"T20190005164","18/3/19",15:00:00,"Collision with vehicle","Monday","Day",3,5,"Not at intersection",3,70,"B",2018,"DC UTE","FORD","Utility","M",38,"30-39","Drivers"
"T20190005164","18/3/19",15:00:00,"Collision with vehicle","Monday","Day",3,5,"Not at intersection",3,70,"C",2017,"WAGON","MAZDA","Station Wagon","F",35,"30-39","Drivers"
"T20190005166","18/3/19",08:35:00,"Collision with vehicle","Monday","Day",2,2,"T intersection",3,60,"B",2017,"SEDAN","TOYOTA","Car","M",59,"50-59","Drivers"
"T20190005167","18/3/19",08:30:00,"Collision with vehicle","Monday","Day",2,2,"Not at intersection",3,100,"A",2002,"RDSTR","AUDI","Car","M",36,"30-39","Drivers"
"T20190005167","18/3/19",08:30:00,"Collision with vehicle","Monday","Day",2,2,"Not at intersection",3,100,"B",2009,"P MVR","MERC B","Prime Mover - Single Trailer","M",31,"30-39","Drivers"
"T20190005168","18/3/19",18:26:00,"Collision with a fixed object","Monday","Day",1,1,"Not at intersection",2,100,"A",2001,"TRAY","MITSUB","Utility","M",21,"17-21","Drivers"
"T20190005169","18/3/19",18:20:00,"Collision with vehicle","Monday","Day",2,2,"Not at intersection",3,80,"A",2016,"WAGON","HOLDEN","Station Wagon","F",68,"64-69","Drivers"
"T20190005169","18/3/19",18:20:00,"Collision with vehicle","Monday","Day",2,2,"Not at intersection",3,80,"B",2008,"SEDAN","MITSUB","Car","M",29,"26-29","Drivers"
"T20190005170","18/3/19",11:32:00,"Collision with a fixed object","Monday","Day",1,1,"Not at intersection",1,100,"A",2016,"WAGON","VOLKS","Station Wagon","M",31,"30-39","Drivers"
"T20190005171","18/3/19",18:20:00,"Collision with vehicle","Monday","Day",2,2,"Not at intersection",2,80,"A",2001,"SEDAN","HOLDEN","Car","M",26,"26-29","Drivers"
"T20190005171","18/3/19",18:20:00,"Collision with vehicle","Monday","Day",2,2,"Not at intersection",2,80,"B",2008,"WAGON","HOLDEN","Station Wagon","M",27,"26-29","Drivers"
"T20190005172","18/3/19",21:20:00,"Collision with vehicle","Monday","Dark Street lights on",2,2,"Cross intersection",2,60,"A",2007,"SEDAN","HONDA","Car","U",NA,"unknown","Drivers"
"T20190005172","18/3/19",21:20:00,"Collision with vehicle","Monday","Dark Street lights on",2,2,"Cross intersection",2,60,"B",2003,"WAGON","MAZDA","Station Wagon","F",39,"30-39","Drivers"
"T20190005174","18/3/19",15:55:00,"Struck Pedestrian","Monday","Day",1,2,"T intersection",3,60,"A",1999,"VAN","TOYOTA","Panel Van","M",62,"60-64","Drivers"
"T20190005178","19/3/19",00:50:00,"Collision with a fixed object","Tuesday","Dark Street lights on",1,1,"Not at intersection",3,70,"A",2005,"SEDAN","HOLDEN","Car","M",66,"64-69","Drivers"
"T20190005180","19/3/19",01:57:00,"Collision with vehicle","Tuesday","Dark Street lights unknown",2,2,"Not at intersection",3,50,"A",2000,"S WAG","SUBARU","Station Wagon","M",37,"30-39","Drivers"
"T20190005186","19/3/19",07:34:00,"Collision with vehicle","Tuesday","Day",2,2,"T intersection",3,60,"A",2016,"UTIL","ISUZU","Utility","M",38,"30-39","Drivers"
"T20190005187","19/3/19",07:23:00,"Collision with vehicle","Tuesday","Day",3,3,"Not at intersection",3,40,"A",2009,"SED","SUZUKI","Car","F",27,"26-29","Drivers"
"T20190005187","19/3/19",07:23:00,"Collision with vehicle","Tuesday","Day",3,3,"Not at intersection",3,40,"B",2000,"SEDAN","TOYOTA","Car","F",48,"40-49","Drivers"
"T20190005187","19/3/19",07:23:00,"Collision with vehicle","Tuesday","Day",3,3,"Not at intersection",3,40,"C",2014,"DC UTE","VOLKS","Utility","M",36,"30-39","Drivers"
"T20190005188","17/3/19",17:00:00,"Collision with vehicle","Sunday","Day",2,2,"T intersection",2,70,"B",2003,"SEDAN","MAZDA","Car","F",76,"70+","Drivers"
"T20190005190","18/3/19",07:58:00,"Collision with a fixed object","Monday","Day",1,1,"Not at intersection",3,100,"A",2006,"UTIL","TOYOTA","Utility","M",24,"22-25","Drivers"
"T20190005191","14/3/19",17:00:00,"Collision with vehicle","Thursday","Unknown",2,3,"T intersection",3,999,"A",2010,"VAN","HYNDAI","Panel Van","F",35,"30-39","Drivers"
"T20190005196","19/3/19",08:20:00,"Collision with vehicle","Tuesday","Day",2,2,"Not at intersection",2,100,"A",2003,"DC UTE","HOLDEN","Utility","M",31,"30-39","Drivers"
"T20190005196","19/3/19",08:20:00,"Collision with vehicle","Tuesday","Day",2,2,"Not at intersection",2,100,"B",0,"DC UTE","HOLDEN","Utility","M",71,"70+","Drivers"
"T20190005197","19/3/19",10:05:00,"Collision with vehicle","Tuesday","Day",2,2,"T intersection",3,60,"A",2003,"WAGON","SUBARU","Station Wagon","F",20,"17-21","Drivers"
"T20190005197","19/3/19",10:05:00,"Collision with vehicle","Tuesday","Day",2,2,"T intersection",3,60,"B",2013,"SEDAN","TOYOTA","Taxi","M",52,"50-59","Drivers"
"T20190005201","13/3/19",06:30:00,"Collision with vehicle","Wednesday","Dark Street lights on",3,3,"Not at intersection",3,60,"A",2008,"SEDAN","TOYOTA","Car","M",19,"17-21","Drivers"
"T20190005201","13/3/19",06:30:00,"Collision with vehicle","Wednesday","Dark Street lights on",3,3,"Not at intersection",3,60,"B",2008,"UTIL","FORD","Utility","M",31,"30-39","Drivers"
"T20190005201","13/3/19",06:30:00,"Collision with vehicle","Wednesday","Dark Street lights on",3,3,"Not at intersection",3,60,"C",2002,"VAN","MAZDA","Panel Van","M",50,"50-59","Drivers"
"T20190005206","19/3/19",11:19:00,"Collision with a fixed object","Tuesday","Day",1,1,"Not at intersection",3,70,"A",2006,"SEDAN","HOLDEN","Car","M",42,"40-49","Drivers"
"T20190005207","17/3/19",05:15:00,"Collision with vehicle","Sunday","Dark Street lights on",2,3,"T intersection",3,70,"A",2015,"SED","TOYOTA","Taxi","M",43,"40-49","Drivers"
"T20190005207","17/3/19",05:15:00,"Collision with vehicle","Sunday","Dark Street lights on",2,3,"T intersection",3,70,"B",1998,"WAGON","MITSUB","Station Wagon","M",26,"26-29","Drivers"
"T20190005208","19/3/19",10:30:00,"Collision with vehicle","Tuesday","Day",2,2,"Cross intersection",2,50,"A",2018,"WAGON","TOYOTA","Station Wagon","M",39,"30-39","Drivers"
"T20190005212","17/3/19",11:37:00,"Collision with vehicle","Sunday","Day",3,6,"Cross intersection",3,80,"A",2017,"UTIL","MAZDA","Utility","M",26,"26-29","Drivers"
"T20190005212","17/3/19",11:37:00,"Collision with vehicle","Sunday","Day",3,6,"Cross intersection",3,80,"B",2016,"SEDAN","MAZDA","Car","F",46,"40-49","Drivers"
"T20190005212","17/3/19",11:37:00,"Collision with vehicle","Sunday","Day",3,6,"Cross intersection",3,80,"C",2002,"SEDAN","KIA","Car","U",NA,"unknown","Drivers"
"T20190005213","19/3/19",11:50:00,"Collision with vehicle","Tuesday","Day",2,6,"Not at intersection",2,50,"A",1994,"SEDAN","TOYOTA","Car","M",61,"60-64","Drivers"
"T20190005213","19/3/19",11:50:00,"Collision with vehicle","Tuesday","Day",2,6,"Not at intersection",2,50,"B",2007,"BUS","M A N","Bus/Coach","M",41,"40-49","Drivers"
"T20190005215","15/3/19",09:00:00,"No collision and no object struck","Friday","Day",2,2,"Cross intersection",2,50,"A",2007,"SEDAN","PEUG","Car","M",80,"70+","Drivers"
"T20190005216","19/3/19",11:19:00,"Collision with vehicle","Tuesday","Day",5,1,"Not at intersection",3,50,"E",2012,"SEDAN","TOYOTA","Car","F",77,"70+","Drivers"
"T20190005217","19/3/19",11:00:00,"Collision with vehicle","Tuesday","Day",2,3,"Not at intersection",3,100,"A",1997,"S WAG","HOLDEN","Station Wagon","M",49,"40-49","Drivers"
"T20190005217","19/3/19",11:00:00,"Collision with vehicle","Tuesday","Day",2,3,"Not at intersection",3,100,"B",2014,"S WAG","GREAT","Station Wagon","F",39,"30-39","Drivers"
"T20190005219","19/3/19",12:17:00,"Collision with vehicle","Tuesday","Day",3,2,"Not at intersection",2,40,"C",2012,"WAGON","SUBARU","Station Wagon","M",38,"30-39","Drivers"
"T20190005220","19/3/19",12:10:00,"Collision with vehicle","Tuesday","Day",2,3,"Cross intersection",3,50,"A",2012,"SEDAN","TOYOTA","Car","M",27,"26-29","Drivers"
"T20190005220","19/3/19",12:10:00,"Collision with vehicle","Tuesday","Day",2,3,"Cross intersection",3,50,"B",2017,"SEDAN","HOLDEN","Car","U",NA,"unknown","Drivers"
"T20190005221","19/3/19",11:50:00,"Collision with vehicle","Tuesday","Day",2,3,"Not at intersection",3,100,"A",2008,"UTIL","MITSUB","Utility","M",40,"40-49","Drivers"
"T20190005221","19/3/19",11:50:00,"Collision with vehicle","Tuesday","Day",2,3,"Not at intersection",3,100,"B",2003,"DC UTE","IVECO","Utility","M",37,"30-39","Drivers"
"T20190005226","19/3/19",14:25:00,"Collision with vehicle","Tuesday","Day",2,2,"Not at intersection",3,80,"A",2008,"S WAG","FORD","Station Wagon","M",34,"30-39","Drivers"
"T20190005226","19/3/19",14:25:00,"Collision with vehicle","Tuesday","Day",2,2,"Not at intersection",3,80,"B",2008,"TRAY","FORD","Light Commercial Vehicle (Rigid) <= 4.5 Tonnes GVM","M",57,"50-59","Drivers"
"T20190005229","19/3/19",09:26:00,"Collision with vehicle","Tuesday","Day",2,2,"Not at intersection",3,110,"A",2003,"UTIL","HOLDEN","Utility","M",49,"40-49","Drivers"
"T20190005229","19/3/19",09:26:00,"Collision with vehicle","Tuesday","Day",2,2,"Not at intersection",3,110,"B",2010,"TIPPER","W STAR","Heavy Vehicle (Rigid) > 4.5 Tonnes","M",58,"50-59","Drivers"
"T20190005230","19/3/19",15:10:00,"Collision with vehicle","Tuesday","Day",2,2,"Not at intersection",3,60,"A",2017,"SEDAN","MITSUB","Car","F",49,"40-49","Drivers"
"T20190005230","19/3/19",15:10:00,"Collision with vehicle","Tuesday","Day",2,2,"Not at intersection",3,60,"B",1999,"DC UTE","TOYOTA","Utility","M",18,"17-21","Drivers"
"T20190005233","19/3/19",14:15:00,"Collision with vehicle","Tuesday","Day",2,3,"Not at intersection",2,80,"B",2006,"VAN","NISSAN","Panel Van","M",38,"30-39","Drivers"
"T20190005234","19/3/19",15:35:00,"Collision with a fixed object","Tuesday","Day",1,1,"Not at intersection",2,80,"A",2008,"SEDAN","TOYOTA","Car","M",31,"30-39","Drivers"
"T20190005235","19/3/19",11:00:00,"Collision with vehicle","Tuesday","Day",2,2,"T intersection",2,50,"A",2012,"WAGON","TOYOTA","Station Wagon","M",42,"40-49","Drivers"
"T20190005235","19/3/19",11:00:00,"Collision with vehicle","Tuesday","Day",2,2,"T intersection",2,50,"B",2005,"SEDAN","TOYOTA","Car","F",39,"30-39","Drivers"
"T20190005238","19/3/19",17:35:00,"Collision with vehicle","Tuesday","Day",2,2,"Cross intersection",2,60,"A",2005,"SEDAN","HYNDAI","Car","F",52,"50-59","Drivers"
"T20190005238","19/3/19",17:35:00,"Collision with vehicle","Tuesday","Day",2,2,"Cross intersection",2,60,"B",2011,"DC UTE","ISUZU","Utility","F",74,"70+","Drivers"
"T20190005239","19/3/19",18:00:00,"Collision with vehicle","Tuesday","Day",2,2,"Cross intersection",3,60,"A",2011,"S WAG","VOLKS","Station Wagon","F",45,"40-49","Drivers"
"T20190005240","19/3/19",15:40:00,"Collision with vehicle","Tuesday","Day",4,3,"Not at intersection",2,60,"A",2014,"SEDAN","HOLDEN","Car","M",88,"70+","Drivers"
"T20190005240","19/3/19",15:40:00,"Collision with vehicle","Tuesday","Day",4,3,"Not at intersection",2,60,"B",2015,"UTIL","FORD","Utility","M",20,"17-21","Drivers"
"T20190005240","19/3/19",15:40:00,"Collision with vehicle","Tuesday","Day",4,3,"Not at intersection",2,60,"C",2015,"WAGON","MAZDA","Station Wagon","F",41,"40-49","Drivers"
"T20190005241","19/3/19",17:48:00,"Collision with vehicle","Tuesday","Day",4,4,"Not at intersection",2,100,"A",1994,"SEDAN","TOYOTA","Car","M",42,"40-49","Drivers"
"T20190005241","19/3/19",17:48:00,"Collision with vehicle","Tuesday","Day",4,4,"Not at intersection",2,100,"B",2012,"SEDAN","FORD","Car","F",27,"26-29","Drivers"
"T20190005241","19/3/19",17:48:00,"Collision with vehicle","Tuesday","Day",4,4,"Not at intersection",2,100,"C",2015,"SEDAN","HYNDAI","Car","M",27,"26-29","Drivers"
"T20190005241","19/3/19",17:48:00,"Collision with vehicle","Tuesday","Day",4,4,"Not at intersection",2,100,"D",2013,"SEDAN","TOYOTA","Car","M",32,"30-39","Drivers"
"T20190005244","19/3/19",17:49:00,"Collision with vehicle","Tuesday","Day",3,3,"Not at intersection",3,100,"A",2010,"SEDAN","HOLDEN","Car","M",28,"26-29","Drivers"
"T20190005244","19/3/19",17:49:00,"Collision with vehicle","Tuesday","Day",3,3,"Not at intersection",3,100,"B",2011,"WAGON","NISSAN","Station Wagon","M",62,"60-64","Drivers"
"T20190005244","19/3/19",17:49:00,"Collision with vehicle","Tuesday","Day",3,3,"Not at intersection",3,100,"C",2007,"SEDAN","TOYOTA","Car","M",33,"30-39","Drivers"
"T20190005246","19/3/19",17:10:00,"Collision with vehicle","Tuesday","Day",5,5,"Not at intersection",3,100,"A",2006,"WAGON","TOYOTA","Station Wagon","F",59,"50-59","Drivers"
"T20190005246","19/3/19",17:10:00,"Collision with vehicle","Tuesday","Day",5,5,"Not at intersection",3,100,"B",2016,"VAN","REN","Panel Van","M",59,"50-59","Drivers"
"T20190005246","19/3/19",17:10:00,"Collision with vehicle","Tuesday","Day",5,5,"Not at intersection",3,100,"C",2013,"SEDAN","TOYOTA","Car","M",31,"30-39","Drivers"
"T20190005246","19/3/19",17:10:00,"Collision with vehicle","Tuesday","Day",5,5,"Not at intersection",3,100,"D",2007,"SEDAN","MITSUB","Car","M",63,"60-64","Drivers"
"T20190005246","19/3/19",17:10:00,"Collision with vehicle","Tuesday","Day",5,5,"Not at intersection",3,100,"E",2011,"SEDAN","HYNDAI","Car","F",27,"26-29","Drivers"
"T20190005247","19/3/19",17:55:00,"Collision with vehicle","Tuesday","Day",2,2,"Not at intersection",3,60,"A",2013,"WAGON","DODGE","Station Wagon","F",48,"40-49","Drivers"
"T20190005247","19/3/19",17:55:00,"Collision with vehicle","Tuesday","Day",2,2,"Not at intersection",3,60,"B",2016,"SEDAN","HYNDAI","Car","F",32,"30-39","Drivers"
"T20190005249","19/3/19",13:12:00,"Collision with a fixed object","Tuesday","Day",1,2,"Not at intersection",2,100,"A",2001,"SEDAN","HOLDEN","Car","F",21,"17-21","Drivers"
"T20190005250","19/3/19",17:55:00,"Collision with vehicle","Tuesday","Day",2,3,"T intersection",3,60,"A",2018,"WAGON","MITSUB","Station Wagon","F",33,"30-39","Drivers"
"T20190005250","19/3/19",17:55:00,"Collision with vehicle","Tuesday","Day",2,3,"T intersection",3,60,"B",2014,"WAGON","HYNDAI","Station Wagon","F",31,"30-39","Drivers"
"T20190005253","19/3/19",16:56:00,"Collision with vehicle","Tuesday","Day",2,2,"Not at intersection",3,60,"A",2012,"SEDAN","AUDI","Car","M",35,"30-39","Drivers"
"T20190005254","19/3/19",20:45:00,"Collision with vehicle","Tuesday","Dark No street lights",2,2,"T intersection",3,60,"B",2017,"DC UTE","NISSAN","Utility","M",22,"22-25","Drivers"
"T20190005255","19/3/19",14:35:00,"Struck Pedestrian","Tuesday","Day",1,2,"Not at intersection",2,60,"A",2017,"WAGON","NISSAN","Station Wagon","M",54,"50-59","Drivers"
"T20190005258","19/3/19",18:05:00,"Collision with vehicle","Tuesday","Day",2,3,"Not at intersection",3,50,"B",0,NA,"UNKN","Car","U",NA,"unknown","Drivers"
"T20190005262","19/3/19",16:35:00,"Collision with vehicle","Tuesday","Day",2,3,"Not at intersection",3,60,"A",2009,"SEDAN","HONDA","Car","M",78,"70+","Drivers"
"T20190005262","19/3/19",16:35:00,"Collision with vehicle","Tuesday","Day",2,3,"Not at intersection",3,60,"B",2018,"SEDAN","MAZDA","Car","F",54,"50-59","Drivers"
"T20190005263","19/3/19",17:48:00,"Collision with vehicle","Tuesday","Day",2,2,"T intersection",3,60,"A",2006,"SEDAN","FORD","Car","M",49,"40-49","Drivers"
"T20190005264","19/3/19",17:46:00,"Collision with a fixed object","Tuesday","Day",1,3,"Not at intersection",3,100,"A",2002,"SEDAN","HOLDEN","Car","M",41,"40-49","Drivers"
"T20190005266","19/3/19",21:00:00,"Collision with vehicle","Tuesday","Dark Street lights on",2,2,"Multiple intersection",2,60,"A",2002,"SEDAN","TOYOTA","Car","F",37,"30-39","Drivers"
"T20190005266","19/3/19",21:00:00,"Collision with vehicle","Tuesday","Dark Street lights on",2,2,"Multiple intersection",2,60,"B",2015,"SEDAN","VOLKS","Car","F",30,"30-39","Drivers"
"T20190005269","19/3/19",15:30:00,"Struck Pedestrian","Tuesday","Day",1,2,"T intersection",3,80,"A",2016,"WAGON","JEEP","Station Wagon","F",38,"30-39","Drivers"
"T20190005273","19/3/19",23:10:00,"Collision with vehicle","Tuesday","Dark Street lights on",2,2,"T intersection",3,60,"A",1986,"SEDAN","NISSAN","Car","M",56,"50-59","Drivers"
"T20190005278","20/3/19",08:30:00,"Collision with vehicle","Wednesday","Day",2,2,"T intersection",3,80,"A",2008,"S WAG","HOLDEN","Station Wagon","M",52,"50-59","Drivers"
"T20190005279","20/3/19",07:48:00,"Vehicle overturned (no collision)","Wednesday","Day",2,2,"Cross intersection",3,50,"A",2002,"SEDAN","PEUG","Car","M",58,"50-59","Drivers"
"T20190005280","20/3/19",07:52:00,"Collision with vehicle","Wednesday","Dusk/Dawn",2,2,"Not at intersection",2,80,"A",2006,"SEDAN","FORD","Car","F",28,"26-29","Drivers"
"T20190005282","20/3/19",04:45:00,"Collision with vehicle","Wednesday","Dark Street lights unknown",2,2,"Cross intersection",3,60,"A",2015,"WAGON","TOYOTA","Station Wagon","M",57,"50-59","Drivers"
"T20190005282","20/3/19",04:45:00,"Collision with vehicle","Wednesday","Dark Street lights unknown",2,2,"Cross intersection",3,60,"B",2016,"VAN","HINO","Heavy Vehicle (Rigid) > 4.5 Tonnes","M",46,"40-49","Drivers"
"T20190005284","20/3/19",08:40:00,"Collision with vehicle","Wednesday","Day",2,2,"Not at intersection",3,999,"B",2007,"SEDAN","AUDI","Car","M",47,"40-49","Drivers"
"T20190005287","20/3/19",07:20:00,"Collision with a fixed object","Wednesday","Day",1,1,"Not at intersection",3,100,"A",2009,"VAN","TOYOTA","Panel Van","F",41,"40-49","Drivers"
"T20190005289","17/3/19",17:00:00,"Collision with a fixed object","Sunday","Day",1,2,"Not at intersection",3,100,"A",2008,"WAGON","SUBARU","Station Wagon","M",71,"70+","Drivers"
"T20190005291","20/3/19",12:06:00,"Struck Pedestrian","Wednesday","Day",1,2,"Not at intersection",2,40,"A",2017,"WAGON","TOYOTA","Station Wagon","F",70,"70+","Drivers"
"T20190005292","20/3/19",07:50:00,"Collision with vehicle","Wednesday","Day",2,2,"Not at intersection",3,100,"A",2012,"VAN","TOYOTA","Panel Van","M",60,"60-64","Drivers"
"T20190005292","20/3/19",07:50:00,"Collision with vehicle","Wednesday","Day",2,2,"Not at intersection",3,100,"B",2008,"T SDS","MAZDA","Light Commercial Vehicle (Rigid) <= 4.5 Tonnes GVM","M",46,"40-49","Drivers"
"T20190005293","20/3/19",08:55:00,"Collision with a fixed object","Wednesday","Day",3,4,"Not at intersection",3,100,"A",2004,"SEDAN","NISSAN","Car","M",19,"17-21","Drivers"
"T20190005293","20/3/19",08:55:00,"Collision with a fixed object","Wednesday","Day",3,4,"Not at intersection",3,100,"B",2013,"SEDAN","KIA","Car","M",32,"30-39","Drivers"
"T20190005293","20/3/19",08:55:00,"Collision with a fixed object","Wednesday","Day",3,4,"Not at intersection",3,100,"C",2007,"WAGON","TOYOTA","Station Wagon","M",44,"40-49","Drivers"
"T20190005296","20/3/19",08:58:00,"Collision with a fixed object","Wednesday","Day",1,1,"Not at intersection",3,60,"A",1999,"SEDAN","B M W","Car","M",19,"17-21","Drivers"
"T20190005298","20/3/19",12:03:00,"Collision with a fixed object","Wednesday","Day",1,1,"Not at intersection",3,100,"A",2000,"SED","FORD","Car","M",47,"40-49","Drivers"
"T20190005299","20/3/19",09:20:00,"Collision with vehicle","Wednesday","Day",2,2,"Not at intersection",2,100,"A",1990,"P MVR","KENWTH","Prime Mover - Single Trailer","M",60,"60-64","Drivers"
"T20190005300","20/3/19",07:00:00,"Collision with vehicle","Wednesday","Dusk/Dawn",2,2,"T intersection",2,70,"B",2012,"SED","HYNDAI","Car","M",27,"26-29","Drivers"
"T20190005304","18/3/19",14:39:00,"Collision with vehicle","Monday","Day",2,3,"Cross intersection",3,50,"A",2011,"SEDAN","TOYOTA","Car","F",36,"30-39","Drivers"
"T20190005304","18/3/19",14:39:00,"Collision with vehicle","Monday","Day",2,3,"Cross intersection",3,50,"B",2011,"SEDAN","FORD","Taxi","M",67,"64-69","Drivers"
"T20190005308","20/3/19",09:18:00,"Collision with vehicle","Wednesday","Day",3,3,"Not at intersection",3,50,"A",2016,"S WAG","SUBARU","Station Wagon","M",49,"40-49","Drivers"
"T20190005311","19/3/19",21:15:00,"Struck Pedestrian","Tuesday","Dark Street lights on",1,2,"Cross intersection",3,60,"A",2015,"SEDAN","TOYOTA","Car","M",27,"26-29","Drivers"
"T20190005312","13/3/19",13:00:00,"collision with some other object","Wednesday","Day",1,1,"Not at intersection",3,70,"A",2012,"TRAY","TOYOTA","Utility","M",65,"64-69","Drivers"
"T20190005313","20/3/19",16:51:00,"Collision with vehicle","Wednesday","Day",2,2,"Cross intersection",2,60,"A",2018,"WAGON","HOLDEN","Station Wagon","M",78,"70+","Drivers"
"T20190005314","20/3/19",15:26:00,"Collision with vehicle","Wednesday","Day",2,3,"Not at intersection",3,60,"A",2001,"SEDAN","HOLDEN","Car","M",45,"40-49","Drivers"
"T20190005314","20/3/19",15:26:00,"Collision with vehicle","Wednesday","Day",2,3,"Not at intersection",3,60,"B",2004,"SEDAN","HYNDAI","Car","M",30,"30-39","Drivers"
"T20190005315","13/3/19",20:39:00,"Collision with vehicle","Wednesday","Dark Street lights on",2,2,"T intersection",3,60,"A",1998,"SEDAN","TOYOTA","Car","M",62,"60-64","Drivers"
"T20190005316","15/1/19",09:40:00,"Collision with vehicle","Tuesday","Day",3,3,"Not at intersection",3,60,"A",2010,"WAGON","VOLVO","Station Wagon","M",39,"30-39","Drivers"
"T20190005316","15/1/19",09:40:00,"Collision with vehicle","Tuesday","Day",3,3,"Not at intersection",3,60,"B",2016,"WAGON","SKODA","Station Wagon","F",47,"40-49","Drivers"
"T20190005316","15/1/19",09:40:00,"Collision with vehicle","Tuesday","Day",3,3,"Not at intersection",3,60,"C",2003,"WAGON","MAZDA","Station Wagon","M",60,"60-64","Drivers"
"T20190005317","17/3/19",17:25:00,"Collision with vehicle","Sunday","Day",2,4,"Cross intersection",2,70,"A",2009,"SEDAN","SUZUKI","Car","F",20,"17-21","Drivers"
"T20190005317","17/3/19",17:25:00,"Collision with vehicle","Sunday","Day",2,4,"Cross intersection",2,70,"B",2008,"SEDAN","HONDA","Car","M",26,"26-29","Drivers"
"T20190005318","19/3/19",16:15:00,"Collision with vehicle","Tuesday","Day",2,2,"T intersection",3,60,"A",2010,"WAGON","MAZDA","Station Wagon","F",33,"30-39","Drivers"
"T20190005318","19/3/19",16:15:00,"Collision with vehicle","Tuesday","Day",2,2,"T intersection",3,60,"B",2010,"WAGON","MAZDA","Station Wagon","F",37,"30-39","Drivers"
"T20190005320","20/3/19",17:45:00,"Collision with vehicle","Wednesday","Day",3,3,"Not at intersection",3,60,"A",2013,"SEDAN","MAZDA","Car","F",26,"26-29","Drivers"
"T20190005320","20/3/19",17:45:00,"Collision with vehicle","Wednesday","Day",3,3,"Not at intersection",3,60,"B",1996,"SEDAN","MERC B","Car","M",19,"17-21","Drivers"
"T20190005320","20/3/19",17:45:00,"Collision with vehicle","Wednesday","Day",3,3,"Not at intersection",3,60,"C",2005,"WAGON","FORD","Station Wagon","F",48,"40-49","Drivers"
"T20190005321","20/3/19",16:40:00,"Collision with a fixed object","Wednesday","Day",1,1,"Not at intersection",3,100,"A",2014,"WAGON","TOYOTA","Station Wagon","F",63,"60-64","Drivers"
"T20190005322","20/3/19",17:20:00,"Collision with vehicle","Wednesday","Day",4,4,"Cross intersection",3,70,"A",2016,"SEDAN","UNKN","Car","F",69,"64-69","Drivers"
"T20190005322","20/3/19",17:20:00,"Collision with vehicle","Wednesday","Day",4,4,"Cross intersection",3,70,"B",2011,"SEDAN","SUZUKI","Car","M",60,"60-64","Drivers"
"T20190005322","20/3/19",17:20:00,"Collision with vehicle","Wednesday","Day",4,4,"Cross intersection",3,70,"C",2018,"SEDAN","SUBARU","Car","M",25,"22-25","Drivers"
"T20190005322","20/3/19",17:20:00,"Collision with vehicle","Wednesday","Day",4,4,"Cross intersection",3,70,"D",2008,"SEDAN","MITSUB","Car","F",37,"30-39","Drivers"
"T20190005323","20/3/19",19:15:00,"Collision with vehicle","Wednesday","Dusk/Dawn",2,2,"Cross intersection",3,80,"A",2009,"SEDAN","TOYOTA","Car","M",22,"22-25","Drivers"
"T20190005323","20/3/19",19:15:00,"Collision with vehicle","Wednesday","Dusk/Dawn",2,2,"Cross intersection",3,80,"B",2001,"SED","HOLDEN","Car","M",42,"40-49","Drivers"
"T20190005325","20/3/19",19:05:00,"Collision with vehicle","Wednesday","Dusk/Dawn",3,3,"Cross intersection",2,60,"A",2002,"SEDAN","MAZDA","Car","F",70,"70+","Drivers"
"T20190005325","20/3/19",19:05:00,"Collision with vehicle","Wednesday","Dusk/Dawn",3,3,"Cross intersection",2,60,"B",0,"SED","AUD","Car","U",NA,"unknown","Drivers"
"T20190005325","20/3/19",19:05:00,"Collision with vehicle","Wednesday","Dusk/Dawn",3,3,"Cross intersection",2,60,"C",2015,"WAGON","HONDA","Station Wagon","F",31,"30-39","Drivers"