"ACCIDENT_NO","ACCIDENTDATE","ACCIDENTTIME","Accident Type Desc","Day Week Description","Light Condition Desc","NO_OF_VEHICLES","NO_PERSONS","Road Geometry Desc","SEVERITY","SPEED_ZONE","VEHICLE_ID","VEHICLE_YEAR_MANUF","VEHICLE_BODY_STYLE","VEHICLE_MAKE","Vehicle Type Desc","SEX","AGE","Age Group","Road User Type Desc"
"T20190005326","20/3/19",18:06:00,"Struck Pedestrian","Wednesday","Day",1,2,"Not at intersection",2,60,"A",2013,"SEDAN","MAZDA","Car","F",20,"17-21","Drivers"
"T20190005327","26/2/19",09:00:00,"Collision with vehicle","Tuesday","Day",2,2,"Not at intersection",3,80,"A",2007,"SEDAN","VOLKS","Car","F",22,"22-25","Drivers"
"T20190005327","26/2/19",09:00:00,"Collision with vehicle","Tuesday","Day",2,2,"Not at intersection",3,80,"B",2017,"WAGON","MITSUB","Station Wagon","M",51,"50-59","Drivers"
"T20190005328","20/3/19",17:50:00,"Collision with vehicle","Wednesday","Day",3,3,"T intersection",3,80,"A",2007,"SEDAN","HONDA","Car","F",32,"30-39","Drivers"
"T20190005328","20/3/19",17:50:00,"Collision with vehicle","Wednesday","Day",3,3,"T intersection",3,80,"B",2015,"WAGON","MAZDA","Station Wagon","F",59,"50-59","Drivers"
"T20190005328","20/3/19",17:50:00,"Collision with vehicle","Wednesday","Day",3,3,"T intersection",3,80,"C",2009,"SEDAN","KIA","Car","F",48,"40-49","Drivers"
"T20190005334","20/3/19",21:01:00,"Collision with vehicle","Wednesday","Dark Street lights on",2,2,"Cross intersection",3,60,"A",2002,"UTIL","HOLDEN","Utility","F",25,"22-25","Drivers"
"T20190005334","20/3/19",21:01:00,"Collision with vehicle","Wednesday","Dark Street lights on",2,2,"Cross intersection",3,60,"B",2009,"WAGON","MITSUB","Car","F",28,"26-29","Drivers"
"T20190005337","20/3/19",21:02:00,"Struck Pedestrian","Wednesday","Dark Street lights on",1,2,"Cross intersection",3,40,"A",2018,"WAGON","HOLDEN","Station Wagon","M",24,"22-25","Drivers"
"T20190005338","20/3/19",21:40:00,"Struck Pedestrian","Wednesday","Dark Street lights on",1,2,"T intersection",2,50,"A",0,NA,"UNKN","Car","U",NA,"unknown","Drivers"
"T20190005340","21/3/19",01:15:00,"Collision with a fixed object","Thursday","Dark Street lights on",1,4,"Not at intersection",2,60,"A",2005,"SEDAN","HOLDEN","Car","M",20,"17-21","Drivers"
"T20190005341","21/3/19",00:58:00,"Vehicle overturned (no collision)","Thursday","Dark No street lights",1,4,"Not at intersection",2,999,"A",1999,"WAGON","SUBARU","Station Wagon","M",19,"17-21","Drivers"
"T20190005344","21/3/19",07:30:00,"Collision with vehicle","Thursday","Day",2,2,"T intersection",3,80,"A",1999,"SEDAN","TOYOTA","Car","F",21,"17-21","Drivers"
"T20190005344","21/3/19",07:30:00,"Collision with vehicle","Thursday","Day",2,2,"T intersection",3,80,"B",2015,"SEDAN","HONDA","Car","M",33,"30-39","Drivers"
"T20190005345","21/3/19",08:30:00,"Collision with vehicle","Thursday","Day",2,4,"T intersection",2,80,"A",1999,"SEDAN","HONDA","Car","M",44,"40-49","Drivers"
"T20190005345","21/3/19",08:30:00,"Collision with vehicle","Thursday","Day",2,4,"T intersection",2,80,"B",2003,"WAGON","NISSAN","Station Wagon","F",24,"22-25","Drivers"
"T20190005346","21/3/19",08:13:00,"Collision with vehicle","Thursday","Day",2,2,"Not at intersection",3,80,"A",2007,"SEDAN","B M W","Car","M",43,"40-49","Drivers"
"T20190005349","21/3/19",06:45:00,"Collision with vehicle","Thursday","Dark Street lights on",2,3,"Not at intersection",3,60,"B",2017,"SEDAN","TOYOTA","Car","F",29,"26-29","Drivers"
"T20190005350","14/3/19",15:10:00,"Collision with vehicle","Thursday","Day",2,2,"Cross intersection",3,60,"A",2004,"SEDAN","NISSAN","Car","F",30,"30-39","Drivers"
"T20190005350","14/3/19",15:10:00,"Collision with vehicle","Thursday","Day",2,2,"Cross intersection",3,60,"B",2007,"P MVR","F LINE","Prime Mover - Single Trailer","M",53,"50-59","Drivers"
"T20190005351","21/3/19",07:15:00,"Collision with vehicle","Thursday","Day",2,2,"Cross intersection",3,80,"A",2003,"WAGON","NISSAN","Station Wagon","M",22,"22-25","Drivers"
"T20190005351","21/3/19",07:15:00,"Collision with vehicle","Thursday","Day",2,2,"Cross intersection",3,80,"B",2012,"SEDAN","MAZDA","Car","F",51,"50-59","Drivers"
"T20190005352","21/3/19",09:40:00,"Collision with vehicle","Thursday","Day",3,3,"Not at intersection",3,80,"A",2007,"SEDAN","HOLDEN","Car","F",33,"30-39","Drivers"
"T20190005352","21/3/19",09:40:00,"Collision with vehicle","Thursday","Day",3,3,"Not at intersection",3,80,"B",2008,"SEDAN","FORD","Car","M",45,"40-49","Drivers"
"T20190005352","21/3/19",09:40:00,"Collision with vehicle","Thursday","Day",3,3,"Not at intersection",3,80,"C",2011,"S WAG","TOYOTA","Station Wagon","M",36,"30-39","Drivers"
"T20190005353","21/3/19",11:05:00,"Collision with vehicle","Thursday","Day",2,2,"T intersection",2,999,"A",2012,"S WAG","MAZDA","Car","F",40,"40-49","Drivers"
"T20190005353","21/3/19",11:05:00,"Collision with vehicle","Thursday","Day",2,2,"T intersection",2,999,"B",2016,"VAN","MERC B","Panel Van","M",44,"40-49","Drivers"
"T20190005354","21/3/19",09:15:00,"Collision with vehicle","Thursday","Day",3,3,"Not at intersection",3,80,"A",2018,"WAGON","NISSAN","Station Wagon","F",37,"30-39","Drivers"
"T20190005354","21/3/19",09:15:00,"Collision with vehicle","Thursday","Day",3,3,"Not at intersection",3,80,"B",2005,"UTIL","MAZDA","Utility","M",35,"30-39","Drivers"
"T20190005354","21/3/19",09:15:00,"Collision with vehicle","Thursday","Day",3,3,"Not at intersection",3,80,"C",2008,"SEDAN","SUZUKI","Car","F",19,"17-21","Drivers"
"T20190005355","19/3/19",14:05:00,"Collision with vehicle","Tuesday","Day",2,2,"T intersection",3,60,"A",2011,"SEDAN","MITSUB","Car","F",22,"22-25","Drivers"
"T20190005355","19/3/19",14:05:00,"Collision with vehicle","Tuesday","Day",2,2,"T intersection",3,60,"B",2016,"SEDAN","TOYOTA","Car","F",38,"30-39","Drivers"
"T20190005357","21/3/19",11:00:00,"Collision with vehicle","Thursday","Day",2,2,"T intersection",3,50,"A",1986,"S WAG","FORD","Station Wagon","F",49,"40-49","Drivers"
"T20190005358","21/3/19",08:10:00,"Collision with vehicle","Thursday","Day",2,4,"T intersection",1,50,"A",2010,"SEDAN","TOYOTA","Car","F",54,"50-59","Drivers"
"T20190005358","21/3/19",08:10:00,"Collision with vehicle","Thursday","Day",2,4,"T intersection",1,50,"B",2009,"SEDAN","FORD","Car","F",58,"50-59","Drivers"
"T20190005362","21/3/19",08:11:00,"Collision with vehicle","Thursday","Day",2,2,"Cross intersection",2,40,"A",2007,"SEDAN","HONDA","Car","U",NA,"unknown","Drivers"
"T20190005363","21/3/19",11:30:00,"Collision with vehicle","Thursday","Day",2,2,"Cross intersection",3,80,"A",1998,"SEDAN","MITSUB","Car","F",68,"64-69","Drivers"
"T20190005363","21/3/19",11:30:00,"Collision with vehicle","Thursday","Day",2,2,"Cross intersection",3,80,"B",2013,"DC UTE","TOYOTA","Utility","M",55,"50-59","Drivers"
"T20190005364","21/3/19",08:50:00,"Collision with vehicle","Thursday","Day",3,4,"Not at intersection",3,80,"A",2011,"SEDAN","HYNDAI","Car","F",35,"30-39","Drivers"
"T20190005364","21/3/19",08:50:00,"Collision with vehicle","Thursday","Day",3,4,"Not at intersection",3,80,"B",2010,"SEDAN","SUBARU","Car","F",59,"50-59","Drivers"
"T20190005364","21/3/19",08:50:00,"Collision with vehicle","Thursday","Day",3,4,"Not at intersection",3,80,"C",2003,"WAGON","L ROV","Station Wagon","M",49,"40-49","Drivers"
"T20190005366","21/3/19",12:37:00,"Collision with a fixed object","Thursday","Day",1,1,"Not at intersection",3,100,"A",2008,"SEDAN","FORD","Car","F",18,"17-21","Drivers"
"T20190005367","21/3/19",11:35:00,"Struck Pedestrian","Thursday","Day",1,2,"T intersection",2,999,"A",2018,"WAGON","TOYOTA","Station Wagon","F",44,"40-49","Drivers"
"T20190005368","20/3/19",21:50:00,"Collision with vehicle","Wednesday","Dark Street lights on",2,1,"Not at intersection",3,60,"A",2004,"TRAY","HOLDEN","Light Commercial Vehicle (Rigid) <= 4.5 Tonnes GVM","M",39,"30-39","Drivers"
"T20190005370","21/3/19",13:40:00,"Collision with vehicle","Thursday","Day",2,3,"Not at intersection",3,100,"A",2003,"VAN","TOYOTA","Panel Van","F",19,"17-21","Drivers"
"T20190005370","21/3/19",13:40:00,"Collision with vehicle","Thursday","Day",2,3,"Not at intersection",3,100,"B",2014,"BUS","SCANIA","Bus/Coach","M",48,"40-49","Drivers"
"T20190005371","21/3/19",11:06:00,"Collision with vehicle","Thursday","Day",2,3,"Not at intersection",3,60,"A",2013,"SEDAN","TOYOTA","Taxi","M",29,"26-29","Drivers"
"T20190005371","21/3/19",11:06:00,"Collision with vehicle","Thursday","Day",2,3,"Not at intersection",3,60,"B",2003,"SEDAN","TOYOTA","Car","M",63,"60-64","Drivers"
"T20190005375","21/3/19",13:45:00,"Collision with vehicle","Thursday","Day",2,4,"Not at intersection",3,80,"A",2008,"DC UTE","TOYOTA","Utility","M",48,"40-49","Drivers"
"T20190005375","21/3/19",13:45:00,"Collision with vehicle","Thursday","Day",2,4,"Not at intersection",3,80,"B",1980,"SEDAN","FORD","Car","M",34,"30-39","Drivers"
"T20190005379","21/3/19",15:17:00,"Struck Pedestrian","Thursday","Day",1,2,"Cross intersection",2,60,"A",2015,"WAGON","FORD","Station Wagon","M",39,"30-39","Drivers"
"T20190005382","21/3/19",14:00:00,"Struck Pedestrian","Thursday","Day",1,2,"Not at intersection",2,60,"A",2006,"VAN","MITSUB","Light Commercial Vehicle (Rigid) <= 4.5 Tonnes GVM","M",59,"50-59","Drivers"
"T20190005383","21/3/19",16:00:00,"Collision with vehicle","Thursday","Day",2,3,"T intersection",3,60,"A",2017,"WAGON","VOLKS","Station Wagon","F",22,"22-25","Drivers"
"T20190005383","21/3/19",16:00:00,"Collision with vehicle","Thursday","Day",2,3,"T intersection",3,60,"B",2007,"S WAG","HOLDEN","Station Wagon","F",51,"50-59","Drivers"
"T20190005385","21/3/19",14:40:00,"Collision with vehicle","Thursday","Day",2,2,"Not at intersection",2,100,"A",0,"P VAN","TOYOTA","Panel Van","F",22,"22-25","Drivers"
"T20190005385","21/3/19",14:40:00,"Collision with vehicle","Thursday","Day",2,2,"Not at intersection",2,100,"B",2018,"UTIL","MITSUB","Utility","F",49,"40-49","Drivers"
"T20190005388","21/3/19",15:20:00,"Collision with vehicle","Thursday","Day",2,2,"T intersection",3,80,"A",2002,"SEDAN","FORD","Car","F",35,"30-39","Drivers"
"T20190005388","21/3/19",15:20:00,"Collision with vehicle","Thursday","Day",2,2,"T intersection",3,80,"B",2017,"WAGON","MITSUB","Station Wagon","M",32,"30-39","Drivers"
"T20190005392","21/3/19",14:49:00,"Collision with vehicle","Thursday","Day",2,2,"T intersection",3,999,"A",2004,"SEDAN","FORD","Car","F",50,"50-59","Drivers"
"T20190005392","21/3/19",14:49:00,"Collision with vehicle","Thursday","Day",2,2,"T intersection",3,999,"B",2008,"VAN","U D","Heavy Vehicle (Rigid) > 4.5 Tonnes","M",52,"50-59","Drivers"
"T20190005393","21/3/19",15:28:00,"Struck Pedestrian","Thursday","Day",1,2,"Cross intersection",2,50,"A",2010,"P MVR","W STAR","Prime Mover - Single Trailer","M",48,"40-49","Drivers"
"T20190005394","21/3/19",17:15:00,"Collision with vehicle","Thursday","Day",2,2,"Cross intersection",3,50,"A",2006,"SEDAN","KIA","Car","F",33,"30-39","Drivers"
"T20190005396","21/3/19",16:40:00,"Struck Pedestrian","Thursday","Day",1,2,"Not at intersection",2,60,"A",2016,"WAGON","HYNDAI","Station Wagon","M",42,"40-49","Drivers"
"T20190005398","21/3/19",15:15:00,"Collision with vehicle","Thursday","Day",2,2,"Not at intersection",2,50,"A",2018,"WAGON","SUBARU","Station Wagon","F",59,"50-59","Drivers"
"T20190005399","14/3/19",16:30:00,"Collision with vehicle","Thursday","Day",2,2,"T intersection",3,60,"A",2011,"SED","FORD","Car","M",31,"30-39","Drivers"
"T20190005399","14/3/19",16:30:00,"Collision with vehicle","Thursday","Day",2,2,"T intersection",3,60,"B",2007,"SEDAN","HONDA","Car","M",26,"26-29","Drivers"
"T20190005400","20/3/19",18:00:00,"Collision with vehicle","Wednesday","Day",2,2,"Cross intersection",3,999,"B",2013,"COUPE","HYNDAI","Car","F",20,"17-21","Drivers"
"T20190005401","21/3/19",18:50:00,"Struck Pedestrian","Thursday","Day",1,3,"Not at intersection",2,50,"A",1994,"WAGON","NISSAN","Station Wagon","M",19,"17-21","Drivers"
"T20190005402","21/3/19",18:59:00,"Collision with a fixed object","Thursday","Dusk/Dawn",1,1,"Not at intersection",3,80,"A",2005,"S WAG","TOYOTA","Station Wagon","F",28,"26-29","Drivers"
"T20190005403","21/3/19",15:05:00,"Collision with vehicle","Thursday","Day",2,2,"Not at intersection",2,80,"A",1999,"SEDAN","PEUG","Car","M",31,"30-39","Drivers"
"T20190005403","21/3/19",15:05:00,"Collision with vehicle","Thursday","Day",2,2,"Not at intersection",2,80,"B",2018,"SEDAN","MAZDA","Car","U",NA,"unknown","Drivers"
"T20190005405","20/3/19",17:30:00,"Collision with vehicle","Wednesday","Day",2,2,"Not at intersection",2,80,"A",2008,"SEDAN","MAZDA","Car","F",22,"22-25","Drivers"
"T20190005405","20/3/19",17:30:00,"Collision with vehicle","Wednesday","Day",2,2,"Not at intersection",2,80,"B",1999,"SEDAN","NISSAN","Car","F",18,"17-21","Drivers"
"T20190005407","21/3/19",06:15:00,"Collision with vehicle","Thursday","Dark No street lights",2,2,"Not at intersection",2,110,"A",2015,"UTIL","FORD","Utility","M",21,"17-21","Drivers"
"T20190005407","21/3/19",06:15:00,"Collision with vehicle","Thursday","Dark No street lights",2,2,"Not at intersection",2,110,"B",2010,"DC UTE","HOLDEN","Utility","M",64,"60-64","Drivers"
"T20190005408","21/3/19",20:30:00,"Collision with vehicle","Thursday","Dark Street lights on",2,3,"Cross intersection",3,60,"A",2006,"SEDAN","MITSUB","Car","M",18,"17-21","Drivers"
"T20190005408","21/3/19",20:30:00,"Collision with vehicle","Thursday","Dark Street lights on",2,3,"Cross intersection",3,60,"B",2011,"SEDAN","TOYOTA","Car","M",50,"50-59","Drivers"
"T20190005410","21/3/19",20:58:00,"Collision with vehicle","Thursday","Dark Street lights on",2,3,"Cross intersection",3,60,"A",2004,"WAGON","SUBARU","Station Wagon","F",71,"70+","Drivers"
"T20190005410","21/3/19",20:58:00,"Collision with vehicle","Thursday","Dark Street lights on",2,3,"Cross intersection",3,60,"B",2007,"WAGON","NISSAN","Station Wagon","M",45,"40-49","Drivers"
"T20190005414","21/3/19",20:00:00,"Collision with a fixed object","Thursday","Dark No street lights",1,3,"Not at intersection",3,80,"A",2007,"DC UTE","TOYOTA","Utility","M",20,"17-21","Drivers"
"T20190005415","21/3/19",05:50:00,"Vehicle overturned (no collision)","Thursday","Dark No street lights",1,1,"Not at intersection",2,80,"A",2009,"SEDAN","SUZUKI","Car","M",20,"17-21","Drivers"
"T20190005416","22/3/19",00:45:00,"Collision with vehicle","Friday","Dark Street lights on",2,5,"Not at intersection",2,60,"A",2006,"SEDAN","MITSUB","Car","M",40,"40-49","Drivers"
"T20190005416","22/3/19",00:45:00,"Collision with vehicle","Friday","Dark Street lights on",2,5,"Not at intersection",2,60,"B",2010,"SEDAN","AUDI","Car","M",46,"40-49","Drivers"
"T20190005419","21/3/19",07:50:00,"Collision with vehicle","Thursday","Day",2,2,"T intersection",3,40,"A",2011,"SEDAN","HOLDEN","Car","F",25,"22-25","Drivers"
"T20190005421","21/3/19",14:00:00,"Struck Pedestrian","Thursday","Day",1,2,"Not at intersection",2,60,"A",2000,"SEDAN","HONDA","Car","M",46,"40-49","Drivers"
"T20190005424","22/3/19",07:24:00,"Collision with vehicle","Friday","Day",2,2,"Cross intersection",3,50,"B",1997,"TOURER","B M W","Car","F",47,"40-49","Drivers"
"T20190005425","22/3/19",05:14:00,"Collision with a fixed object","Friday","Dark Street lights on",2,3,"Not at intersection",2,40,"A",2004,"SEDAN","HOLDEN","Car","M",33,"30-39","Drivers"
"T20190005425","22/3/19",05:14:00,"Collision with a fixed object","Friday","Dark Street lights on",2,3,"Not at intersection",2,40,"B",2018,"WAGON","HYNDAI","Station Wagon","U",NA,"unknown","Drivers"
"T20190005429","22/3/19",07:45:00,"Collision with vehicle","Friday","Day",3,3,"Not at intersection",2,80,"A",2013,"WAGON","VOLVO","Station Wagon","M",45,"40-49","Drivers"
"T20190005429","22/3/19",07:45:00,"Collision with vehicle","Friday","Day",3,3,"Not at intersection",2,80,"B",2010,"WAGON","B M W","Station Wagon","M",52,"50-59","Drivers"
"T20190005429","22/3/19",07:45:00,"Collision with vehicle","Friday","Day",3,3,"Not at intersection",2,80,"C",2011,"SEDAN","MITSUB","Car","F",21,"17-21","Drivers"
"T20190005430","22/3/19",07:42:00,"Struck animal","Friday","Dusk/Dawn",1,1,"Not at intersection",3,80,"A",2015,"SEDAN","MAZDA","Car","F",59,"50-59","Drivers"
"T20190005431","21/3/19",21:32:00,"Collision with a fixed object","Thursday","Dark No street lights",1,2,"Not at intersection",2,60,"A",2008,"UTIL","FORD","Utility","M",49,"40-49","Drivers"
"T20190005432","21/3/19",18:48:00,"Struck Pedestrian","Thursday","Day",1,2,"Not at intersection",2,60,"A",2006,"WAGON","FORD","Station Wagon","M",24,"22-25","Drivers"
"T20190005433","21/3/19",17:15:00,"Vehicle overturned (no collision)","Thursday","Day",2,2,"Not at intersection",3,80,"A",2006,"SEDAN","PROTON","Car","F",19,"17-21","Drivers"
"T20190005433","21/3/19",17:15:00,"Vehicle overturned (no collision)","Thursday","Day",2,2,"Not at intersection",3,80,"B",0,NA,"UNKN","Station Wagon","U",NA,"unknown","Drivers"
"T20190005439","22/3/19",09:00:00,"Collision with vehicle","Friday","Day",2,4,"Not at intersection",3,60,"A",2001,"COUPE","MITSUB","Car","F",20,"17-21","Drivers"
"T20190005439","22/3/19",09:00:00,"Collision with vehicle","Friday","Day",2,4,"Not at intersection",3,60,"B",2004,"WAGON","TOYOTA","Station Wagon","F",41,"40-49","Drivers"
"T20190005443","22/3/19",07:55:00,"Collision with vehicle","Friday","Day",2,2,"Cross intersection",2,100,"A",2009,"SEDAN","TOYOTA","Car","F",36,"30-39","Drivers"
"T20190005443","22/3/19",07:55:00,"Collision with vehicle","Friday","Day",2,2,"Cross intersection",2,100,"B",2001,"SEDAN","HOLDEN","Car","M",26,"26-29","Drivers"
"T20190005446","22/3/19",06:20:00,"Collision with vehicle","Friday","Day",2,2,"Cross intersection",3,50,"A",0,"SED","TOYOTA","Car","M",39,"30-39","Drivers"
"T20190005446","22/3/19",06:20:00,"Collision with vehicle","Friday","Day",2,2,"Cross intersection",3,50,"B",2007,"UTIL","FORD","Utility","M",29,"26-29","Drivers"
"T20190005447","15/3/19",14:00:00,"Collision with vehicle","Friday","Unknown",2,2,"Cross intersection",3,50,"A",2008,"SEDAN","HOLDEN","Car","F",56,"50-59","Drivers"
"T20190005449","28/2/19",18:19:00,"Collision with vehicle","Thursday","Day",2,2,"Not at intersection",3,100,"A",2012,"SEDAN","KIA","Car","F",50,"50-59","Drivers"
"T20190005449","28/2/19",18:19:00,"Collision with vehicle","Thursday","Day",2,2,"Not at intersection",3,100,"B",2011,"P MVR","VOLVO","Prime Mover - Single Trailer","M",42,"40-49","Drivers"
"T20190005450","21/3/19",15:25:00,"Struck Pedestrian","Thursday","Day",1,2,"Cross intersection",2,60,"A",2006,"S WAG","FORD","Station Wagon","M",39,"30-39","Drivers"
"T20190005451","22/3/19",12:03:00,"Collision with vehicle","Friday","Day",2,2,"Not at intersection",3,80,"A",2016,"UTIL","TOYOTA","Utility","M",48,"40-49","Drivers"
"T20190005452","22/3/19",13:50:00,"Collision with vehicle","Friday","Day",4,4,"Not at intersection",2,40,"A",2014,"UTIL","FORD","Utility","M",26,"26-29","Drivers"
"T20190005452","22/3/19",13:50:00,"Collision with vehicle","Friday","Day",4,4,"Not at intersection",2,40,"B",2011,"SEDAN","TOYOTA","Car","F",65,"64-69","Drivers"
"T20190005452","22/3/19",13:50:00,"Collision with vehicle","Friday","Day",4,4,"Not at intersection",2,40,"C",2003,"SEDAN","FORD","Car","F",78,"70+","Drivers"
"T20190005452","22/3/19",13:50:00,"Collision with vehicle","Friday","Day",4,4,"Not at intersection",2,40,"D",2016,"DC UTE","FORD","Utility","M",46,"40-49","Drivers"
"T20190005454","22/3/19",14:00:00,"Collision with vehicle","Friday","Day",3,8,"Not at intersection",2,80,"A",2000,"SEDAN","HOLDEN","Car","M",51,"50-59","Drivers"
"T20190005454","22/3/19",14:00:00,"Collision with vehicle","Friday","Day",3,8,"Not at intersection",2,80,"B",2016,"UTIL","NISSAN","Utility","M",22,"22-25","Drivers"
"T20190005454","22/3/19",14:00:00,"Collision with vehicle","Friday","Day",3,8,"Not at intersection",2,80,"C",2014,"SEDAN","REN","Car","M",38,"30-39","Drivers"
"T20190005461","21/3/19",16:01:00,"Collision with vehicle","Thursday","Day",2,2,"T intersection",3,70,"A",2010,"S WAG","FORD","Station Wagon","M",23,"22-25","Drivers"
"T20190005467","22/3/19",10:34:00,"Collision with vehicle","Friday","Day",2,4,"T intersection",3,60,"A",2005,"SEDAN","HONDA","Car","F",35,"30-39","Drivers"
"T20190005467","22/3/19",10:34:00,"Collision with vehicle","Friday","Day",2,4,"T intersection",3,60,"B",2014,"WAGON","NISSAN","Station Wagon","M",34,"30-39","Drivers"
"T20190005468","22/3/19",06:20:00,"Struck Pedestrian","Friday","Dusk/Dawn",1,2,"T intersection",3,50,"A",2006,"SEDAN","HYNDAI","Car","M",46,"40-49","Drivers"
"T20190005470","22/3/19",14:59:00,"Collision with vehicle","Friday","Day",4,4,"Not at intersection",3,80,"A",2010,"C MIX","U D","Light Commercial Vehicle (Rigid) <= 4.5 Tonnes GVM","M",54,"50-59","Drivers"
"T20190005470","22/3/19",14:59:00,"Collision with vehicle","Friday","Day",4,4,"Not at intersection",3,80,"B",1993,"SEDAN","B M W","Car","M",43,"40-49","Drivers"
"T20190005470","22/3/19",14:59:00,"Collision with vehicle","Friday","Day",4,4,"Not at intersection",3,80,"C",1999,"WAGON","HONDA","Station Wagon","M",46,"40-49","Drivers"
"T20190005470","22/3/19",14:59:00,"Collision with vehicle","Friday","Day",4,4,"Not at intersection",3,80,"D",2005,"SEDAN","TOYOTA","Car","M",27,"26-29","Drivers"
"T20190005472","19/3/19",12:15:00,"Collision with vehicle","Tuesday","Day",2,2,"Not at intersection",2,60,"A",2010,"SEDAN","FORD","Car","M",32,"30-39","Drivers"
"T20190005472","19/3/19",12:15:00,"Collision with vehicle","Tuesday","Day",2,2,"Not at intersection",2,60,"B",2007,"VAN","ISUZU","Panel Van","M",33,"30-39","Drivers"
"T20190005473","22/3/19",14:18:00,"Collision with vehicle","Friday","Day",2,3,"Multiple intersection",3,60,"A",1998,"VAN","TOYOTA","Panel Van","M",29,"26-29","Drivers"
"T20190005473","22/3/19",14:18:00,"Collision with vehicle","Friday","Day",2,3,"Multiple intersection",3,60,"B",2009,"SEDAN","MAZDA","Car","M",72,"70+","Drivers"
"T20190005476","22/3/19",15:50:00,"Collision with a fixed object","Friday","Day",1,4,"Cross intersection",3,60,"A",2008,"SEDAN","LEXUS","Car","F",51,"50-59","Drivers"
"T20190005478","22/3/19",08:48:00,"Collision with vehicle","Friday","Day",2,6,"T intersection",2,80,"A",2002,"TRAY","IVECO","Heavy Vehicle (Rigid) > 4.5 Tonnes","M",40,"40-49","Drivers"
"T20190005478","22/3/19",08:48:00,"Collision with vehicle","Friday","Day",2,6,"T intersection",2,80,"B",2016,"WAGON","TOYOTA","Station Wagon","M",33,"30-39","Drivers"
"T20190005483","22/3/19",16:30:00,"Collision with vehicle","Friday","Day",2,3,"Cross intersection",3,60,"A",2015,"VAN","TOYOTA","Panel Van","U",NA,"unknown","Drivers"
"T20190005487","22/3/19",17:30:00,"Collision with vehicle","Friday","Day",2,3,"Cross intersection",2,60,"A",2018,"WAGON","MAZDA","Station Wagon","M",31,"30-39","Drivers"
"T20190005487","22/3/19",17:30:00,"Collision with vehicle","Friday","Day",2,3,"Cross intersection",2,60,"B",2007,"WAGON","JEEP","Station Wagon","F",55,"50-59","Drivers"
"T20190005490","22/3/19",19:20:00,"Vehicle overturned (no collision)","Friday","Dusk/Dawn",1,1,"Not at intersection",3,100,"A",2011,"COUPE","TOYOTA","Car","F",23,"22-25","Drivers"
"T20190005494","22/3/19",17:30:00,"Collision with vehicle","Friday","Day",2,2,"T intersection",3,60,"A",2016,"WAGON","HONDA","Station Wagon","F",27,"26-29","Drivers"
"T20190005497","22/3/19",18:28:00,"Collision with vehicle","Friday","Day",2,2,"T intersection",3,60,"A",1999,"WAGON","R ROV","Station Wagon","M",73,"70+","Drivers"
"T20190005498","22/3/19",22:29:00,"Collision with vehicle","Friday","Dark Street lights on",2,3,"Cross intersection",3,70,"A",2017,"WAGON","FORD","Station Wagon","M",22,"22-25","Drivers"
"T20190005498","22/3/19",22:29:00,"Collision with vehicle","Friday","Dark Street lights on",2,3,"Cross intersection",3,70,"B",2008,"SEDAN","FORD","Car","M",18,"17-21","Drivers"
"T20190005499","22/3/19",20:30:00,"Collision with vehicle","Friday","Dark Street lights on",2,2,"Not at intersection",2,80,"B",2011,"WAGON","TOYOTA","Station Wagon","F",70,"70+","Drivers"
"T20190005499","22/3/19",20:30:00,"Collision with vehicle","Friday","Dark Street lights on",2,2,"Not at intersection",2,80,"C",2006,"TRAY","FORD","Light Commercial Vehicle (Rigid) <= 4.5 Tonnes GVM","M",21,"17-21","Drivers"
"T20190005500","22/3/19",04:45:00,"Collision with a fixed object","Friday","Dark Street lights on",1,1,"Not at intersection",3,100,"A",2015,"VAN","ISUZU","Other Vehicle","M",33,"30-39","Drivers"
"T20190005501","22/3/19",20:54:00,"Collision with a fixed object","Friday","Dark Street lights on",1,1,"Not at intersection",2,60,"A",2006,"TRAY","FORD","Light Commercial Vehicle (Rigid) <= 4.5 Tonnes GVM","M",21,"17-21","Drivers"
"T20190005502","22/3/19",05:25:00,"Collision with vehicle","Friday","Dark Street lights on",3,3,"Not at intersection",2,100,"A",2003,"VAN","HINO","Heavy Vehicle (Rigid) > 4.5 Tonnes","M",58,"50-59","Drivers"
"T20190005502","22/3/19",05:25:00,"Collision with vehicle","Friday","Dark Street lights on",3,3,"Not at intersection",2,100,"B",2015,"VAN","HINO","Heavy Vehicle (Rigid) > 4.5 Tonnes","M",55,"50-59","Drivers"
"T20190005502","22/3/19",05:25:00,"Collision with vehicle","Friday","Dark Street lights on",3,3,"Not at intersection",2,100,"C",2010,"WAGON","NISSAN","Station Wagon","M",57,"50-59","Drivers"
"T20190005506","23/3/19",03:00:00,"Collision with vehicle","Saturday","Dark Street lights on",2,2,"Not at intersection",3,40,"B",2016,"WAGON","MITSUB","Station Wagon","M",34,"30-39","Drivers"
"T20190005510","23/3/19",03:10:00,"Collision with a fixed object","Saturday","Dark No street lights",1,1,"Not at intersection",2,80,"A",2007,"SEDAN","HONDA","Car","F",25,"22-25","Drivers"
"T20190005513","22/3/19",15:35:00,"Collision with vehicle","Friday","Day",4,4,"T intersection",2,100,"A",2019,"SEDAN","TOYOTA","Car","F",31,"30-39","Drivers"