"ACCIDENT_NO","ACCIDENTDATE","ACCIDENTTIME","Accident Type Desc","Day Week Description","Light Condition Desc","NO_OF_VEHICLES","NO_PERSONS","Road Geometry Desc","SEVERITY","SPEED_ZONE","VEHICLE_ID","VEHICLE_YEAR_MANUF","VEHICLE_BODY_STYLE","VEHICLE_MAKE","Vehicle Type Desc","SEX","AGE","Age Group","Road User Type Desc"
"T20190005513","22/3/19",15:35:00,"Collision with vehicle","Friday","Day",4,4,"T intersection",2,100,"B",2007,"SEDAN","NISSAN","Car","F",91,"70+","Drivers"
"T20190005513","22/3/19",15:35:00,"Collision with vehicle","Friday","Day",4,4,"T intersection",2,100,"C",2012,"UTIL","FORD","Utility","M",32,"30-39","Drivers"
"T20190005513","22/3/19",15:35:00,"Collision with vehicle","Friday","Day",4,4,"T intersection",2,100,"D",2008,"SEDAN","HOLDEN","Car","U",NA,"unknown","Drivers"
"T20190005517","23/3/19",09:40:00,"Collision with vehicle","Saturday","Day",2,2,"T intersection",3,60,"A",2013,"WAGON","B M W","Station Wagon","M",25,"22-25","Drivers"
"T20190005517","23/3/19",09:40:00,"Collision with vehicle","Saturday","Day",2,2,"T intersection",3,60,"B",2000,"SEDAN","MAZDA","Car","F",32,"30-39","Drivers"
"T20190005519","23/3/19",09:50:00,"Vehicle overturned (no collision)","Saturday","Day",1,1,"Not at intersection",3,100,"A",1998,"RDSTR","MERC B","Car","M",79,"70+","Drivers"
"T20190005521","23/3/19",10:48:00,"Collision with vehicle","Saturday","Day",2,2,"Cross intersection",3,80,"A",2008,"SEDAN","MAZDA","Car","F",56,"50-59","Drivers"
"T20190005521","23/3/19",10:48:00,"Collision with vehicle","Saturday","Day",2,2,"Cross intersection",3,80,"B",1999,"TOURER","PEUG","Car","F",64,"60-64","Drivers"
"T20190005522","23/3/19",12:08:00,"Vehicle overturned (no collision)","Saturday","Day",1,1,"Not at intersection",3,60,"A",2000,"SEDAN","MAZDA","Car","U",23,"22-25","Drivers"
"T20190005525","23/3/19",09:28:00,"Collision with a fixed object","Saturday","Day",1,1,"Not at intersection",2,60,"A",2003,"VAN","FORD","Panel Van","M",55,"50-59","Drivers"
"T20190005526","23/3/19",12:06:00,"Collision with vehicle","Saturday","Day",6,6,"Not at intersection",3,80,"A",2004,"SEDAN","TOYOTA","Car","F",56,"50-59","Drivers"
"T20190005526","23/3/19",12:06:00,"Collision with vehicle","Saturday","Day",6,6,"Not at intersection",3,80,"B",2008,"SEDAN","HONDA","Car","F",62,"60-64","Drivers"
"T20190005526","23/3/19",12:06:00,"Collision with vehicle","Saturday","Day",6,6,"Not at intersection",3,80,"C",2017,"WAGON","MITSUB","Station Wagon","M",55,"50-59","Drivers"
"T20190005526","23/3/19",12:06:00,"Collision with vehicle","Saturday","Day",6,6,"Not at intersection",3,80,"D",2017,"SEDAN","TOYOTA","Car","M",34,"30-39","Drivers"
"T20190005526","23/3/19",12:06:00,"Collision with vehicle","Saturday","Day",6,6,"Not at intersection",3,80,"E",1995,"SEDAN","HOLDEN","Car","M",51,"50-59","Drivers"
"T20190005526","23/3/19",12:06:00,"Collision with vehicle","Saturday","Day",6,6,"Not at intersection",3,80,"F",2011,"SEDAN","TOYOTA","Car","F",23,"22-25","Drivers"
"T20190005527","23/3/19",11:20:00,"Collision with vehicle","Saturday","Day",2,4,"Cross intersection",2,60,"A",0,"SEDAN","HONDA","Car","M",33,"30-39","Drivers"
"T20190005527","23/3/19",11:20:00,"Collision with vehicle","Saturday","Day",2,4,"Cross intersection",2,60,"B",0,"SEDAN","JEEP","Car","M",25,"22-25","Drivers"
"T20190005528","23/3/19",12:50:00,"Collision with vehicle","Saturday","Unknown",4,4,"Not at intersection",3,999,"A",2012,"WAGON","NISSAN","Station Wagon","F",32,"30-39","Drivers"
"T20190005528","23/3/19",12:50:00,"Collision with vehicle","Saturday","Unknown",4,4,"Not at intersection",3,999,"C",2016,"WAGON","FORD","Station Wagon","M",46,"40-49","Drivers"
"T20190005528","23/3/19",12:50:00,"Collision with vehicle","Saturday","Unknown",4,4,"Not at intersection",3,999,"D",2010,"SED","MITSUB","Car","M",27,"26-29","Drivers"
"T20190005530","26/2/19",10:58:00,"Collision with vehicle","Tuesday","Day",2,2,"Cross intersection",3,999,"A",2018,"SEDAN","AUDI","Car","F",45,"40-49","Drivers"
"T20190005530","26/2/19",10:58:00,"Collision with vehicle","Tuesday","Day",2,2,"Cross intersection",3,999,"B",2016,"WAGON","JEEP","Station Wagon","F",37,"30-39","Drivers"
"T20190005533","23/3/19",10:30:00,"Collision with vehicle","Saturday","Day",2,2,"T intersection",3,60,"A",2012,"DC UTE","NISSAN","Utility","M",19,"17-21","Drivers"
"T20190005533","23/3/19",10:30:00,"Collision with vehicle","Saturday","Day",2,2,"T intersection",3,60,"B",2017,"S WAG","B M W","Station Wagon","F",41,"40-49","Drivers"
"T20190005537","23/3/19",13:24:00,"Collision with a fixed object","Saturday","Day",1,1,"Not at intersection",3,60,"A",2010,"T SDS","FORD","Utility","M",54,"50-59","Drivers"
"T20190005539","22/3/19",16:15:00,"Collision with vehicle","Friday","Day",2,2,"Not at intersection",3,999,"A",2008,"SEDAN","VOLKS","Car","F",64,"60-64","Drivers"
"T20190005540","23/3/19",09:25:00,"Collision with vehicle","Saturday","Day",2,3,"Not at intersection",3,50,"A",1991,"UTIL","TOYOTA","Utility","M",60,"60-64","Drivers"
"T20190005540","23/3/19",09:25:00,"Collision with vehicle","Saturday","Day",2,3,"Not at intersection",3,50,"B",1997,"TRAY","TOYOTA","Utility","M",19,"17-21","Drivers"
"T20190005543","23/3/19",15:00:00,"Collision with vehicle","Saturday","Day",2,5,"T intersection",2,60,"A",2014,"WAGON","MAZDA","Station Wagon","F",61,"60-64","Drivers"
"T20190005543","23/3/19",15:00:00,"Collision with vehicle","Saturday","Day",2,5,"T intersection",2,60,"B",2008,"WAGON","TOYOTA","Station Wagon","M",44,"40-49","Drivers"
"T20190005545","23/3/19",16:00:00,"Collision with vehicle","Saturday","Day",2,5,"Cross intersection",2,60,"A",2012,"SEDAN","HOLDEN","Car","M",78,"70+","Drivers"
"T20190005545","23/3/19",16:00:00,"Collision with vehicle","Saturday","Day",2,5,"Cross intersection",2,60,"B",2010,"SEDAN","FORD","Car","M",43,"40-49","Drivers"
"T20190005546","23/3/19",12:45:00,"Collision with vehicle","Saturday","Day",2,5,"T intersection",3,50,"A",2001,"SEDAN","AUDI","Car","M",38,"30-39","Drivers"
"T20190005546","23/3/19",12:45:00,"Collision with vehicle","Saturday","Day",2,5,"T intersection",3,50,"B",2007,"DC UTE","FORD","Utility","F",16,"16-17","Drivers"
"T20190005552","23/3/19",15:50:00,"Collision with a fixed object","Saturday","Day",1,2,"Not at intersection",3,100,"A",2002,"WAGON","TOYOTA","Station Wagon","M",52,"50-59","Drivers"
"T20190005553","23/3/19",12:45:00,"Collision with a fixed object","Saturday","Day",1,2,"Not at intersection",2,60,"A",2005,"DC UTE","NISSAN","Utility","M",18,"17-21","Drivers"
"T20190005555","22/3/19",17:35:00,"Collision with vehicle","Friday","Day",2,2,"T intersection",3,60,"A",1992,"SEDAN","TOYOTA","Car","F",22,"22-25","Drivers"
"T20190005555","22/3/19",17:35:00,"Collision with vehicle","Friday","Day",2,2,"T intersection",3,60,"B",2018,"SEDAN","MAZDA","Car","M",37,"30-39","Drivers"
"T20190005558","23/3/19",21:50:00,"Collision with a fixed object","Saturday","Dark No street lights",1,1,"Not at intersection",2,100,"A",1998,"SEDAN","MITSUB","Car","M",14,"13-15","Drivers"
"T20190005561","19/3/19",22:03:00,"Collision with vehicle","Tuesday","Dark Street lights on",2,2,"Cross intersection",2,60,"A",2009,"SEDAN","TOYOTA","Car","F",26,"26-29","Drivers"
"T20190005561","19/3/19",22:03:00,"Collision with vehicle","Tuesday","Dark Street lights on",2,2,"Cross intersection",2,60,"B",2013,"SEDAN","MERC B","Car","M",37,"30-39","Drivers"
"T20190005571","23/3/19",13:20:00,"Collision with vehicle","Saturday","Day",3,4,"Cross intersection",3,60,"A",2018,"SEDAN","HOLDEN","Car","F",22,"22-25","Drivers"
"T20190005571","23/3/19",13:20:00,"Collision with vehicle","Saturday","Day",3,4,"Cross intersection",3,60,"B",1999,"SEDAN","HONDA","Car","M",60,"60-64","Drivers"
"T20190005571","23/3/19",13:20:00,"Collision with vehicle","Saturday","Day",3,4,"Cross intersection",3,60,"C",2017,"SEDAN","KIA","Car","F",28,"26-29","Drivers"
"T20190005572","23/3/19",18:15:00,"Collision with a fixed object","Saturday","Day",1,1,"T intersection",3,50,"A",2008,"SEDAN","AUDI","Car","M",43,"40-49","Drivers"
"T20190005573","9/3/19",13:20:00,"Collision with vehicle","Saturday","Day",2,2,"Cross intersection",3,50,"B",0,"SEDAN","UNKN","Car","U",NA,"unknown","Drivers"
"T20190005575","24/3/19",08:30:00,"Collision with a fixed object","Sunday","Day",1,1,"Not at intersection",2,50,"A",1992,"SEDAN","FORD","Car","M",84,"70+","Drivers"
"T20190005577","14/3/19",20:30:00,"Collision with vehicle","Thursday","Dark Street lights on",2,2,"Not at intersection",3,80,"A",2004,"SEDAN","FORD","Car","F",24,"22-25","Drivers"
"T20190005577","14/3/19",20:30:00,"Collision with vehicle","Thursday","Dark Street lights on",2,2,"Not at intersection",3,80,"B",2007,"SEDAN","HOLDEN","Car","M",26,"26-29","Drivers"
"T20190005579","24/3/19",09:05:00,"Collision with vehicle","Sunday","Day",2,2,"Cross intersection",3,50,"A",2018,"SEDAN","TOYOTA","Taxi","M",64,"60-64","Drivers"
"T20190005580","22/3/19",14:15:00,"Collision with vehicle","Friday","Day",2,3,"Not at intersection",2,80,"A",1992,"SEDAN","FORD","Car","M",83,"70+","Drivers"
"T20190005580","22/3/19",14:15:00,"Collision with vehicle","Friday","Day",2,3,"Not at intersection",2,80,"B",2009,"VAN","MITSUB","Heavy Vehicle (Rigid) > 4.5 Tonnes","M",71,"70+","Drivers"
"T20190005581","23/3/19",16:30:00,"Collision with vehicle","Saturday","Day",2,2,"Not at intersection",3,60,"A",2015,"SED","SUBARU","Car","F",68,"64-69","Drivers"
"T20190005581","23/3/19",16:30:00,"Collision with vehicle","Saturday","Day",2,2,"Not at intersection",3,60,"B",1996,"UTIL","TOYOTA","Utility","M",45,"40-49","Drivers"
"T20190005588","24/3/19",13:09:00,"Collision with vehicle","Sunday","Day",3,4,"T intersection",3,60,"A",2012,"SEDAN","TOYOTA","Car","M",70,"70+","Drivers"
"T20190005588","24/3/19",13:09:00,"Collision with vehicle","Sunday","Day",3,4,"T intersection",3,60,"B",2018,"SED","KIA","Car","F",58,"50-59","Drivers"
"T20190005588","24/3/19",13:09:00,"Collision with vehicle","Sunday","Day",3,4,"T intersection",3,60,"C",2007,"SEDAN","VOLKS","Car","F",31,"30-39","Drivers"
"T20190005590","24/3/19",09:49:00,"Collision with vehicle","Sunday","Day",2,2,"Cross intersection",2,70,"A",2017,"DC UTE","TOYOTA","Utility","M",26,"26-29","Drivers"
"T20190005595","24/3/19",12:55:00,"Collision with vehicle","Sunday","Day",2,2,"Cross intersection",3,60,"A",2011,"SEDAN","TOYOTA","Car","M",30,"30-39","Drivers"
"T20190005595","24/3/19",12:55:00,"Collision with vehicle","Sunday","Day",2,2,"Cross intersection",3,60,"B",2004,"SEDAN","MAZDA","Car","F",73,"70+","Drivers"
"T20190005596","24/3/19",15:45:00,"Collision with vehicle","Sunday","Day",3,3,"Not at intersection",3,60,"A",2009,"SEDAN","MAZDA","Car","M",42,"40-49","Drivers"
"T20190005596","24/3/19",15:45:00,"Collision with vehicle","Sunday","Day",3,3,"Not at intersection",3,60,"B",2019,"WAGON","JEEP","Station Wagon","M",39,"30-39","Drivers"
"T20190005598","24/3/19",15:00:00,"Collision with a fixed object","Sunday","Day",1,2,"Not at intersection",2,100,"A",0,"SED","HOLDEN","Car","M",21,"17-21","Drivers"
"T20190005599","24/3/19",17:40:00,"Collision with a fixed object","Sunday","Day",1,3,"Not at intersection",2,50,"A",2007,"WAGON","TOYOTA","Station Wagon","F",30,"30-39","Drivers"
"T20190005603","24/3/19",18:45:00,"Struck Pedestrian","Sunday","Dusk/Dawn",1,2,"Cross intersection",2,60,"A",2006,"SEDAN","HONDA","Car","M",46,"40-49","Drivers"
"T20190005604","24/3/19",14:15:00,"Collision with a fixed object","Sunday","Day",1,1,"Not at intersection",2,100,"A",2002,"SED","HOLDEN","Car","F",55,"50-59","Drivers"
"T20190005605","24/3/19",13:40:00,"Collision with a fixed object","Sunday","Day",1,1,"Not at intersection",2,999,"A",2009,"UTIL","MITSUB","Utility","M",24,"22-25","Drivers"
"T20190005607","24/3/19",15:00:00,"Collision with vehicle","Sunday","Day",2,2,"Not at intersection",3,80,"A",2016,"WAGON","HOLDEN","Station Wagon","F",47,"40-49","Drivers"
"T20190005607","24/3/19",15:00:00,"Collision with vehicle","Sunday","Day",2,2,"Not at intersection",3,80,"B",2002,"SEDAN","MITSUB","Car","M",29,"26-29","Drivers"
"T20190005608","24/3/19",15:00:00,"Collision with vehicle","Sunday","Day",2,2,"Not at intersection",1,100,"A",2008,"WAGON","JEEP","Station Wagon","M",31,"30-39","Drivers"
"T20190005610","24/3/19",18:35:00,"Collision with vehicle","Sunday","Dusk/Dawn",2,4,"Cross intersection",3,60,"A",2008,"SEDAN","HOLDEN","Car","M",39,"30-39","Drivers"
"T20190005610","24/3/19",18:35:00,"Collision with vehicle","Sunday","Dusk/Dawn",2,4,"Cross intersection",3,60,"B",2006,"SEDAN","NISSAN","Car","U",NA,"unknown","Drivers"
"T20190005614","25/3/19",00:13:00,"Collision with a fixed object","Monday","Dark No street lights",1,1,"Not at intersection",2,100,"A",2013,"SEDAN","NISSAN","Car","F",35,"30-39","Drivers"
"T20190005618","23/3/19",12:00:00,"Collision with vehicle","Saturday","Day",2,2,"Cross intersection",2,60,"A",2012,"WAGON","HOLDEN","Station Wagon","M",54,"50-59","Drivers"
"T20190005619","25/3/19",04:40:00,"Collision with vehicle","Monday","Dark Street lights on",3,2,"Not at intersection",2,50,"A",1993,"SEDAN","HOLDEN","Car","M",23,"22-25","Drivers"
"T20190005624","25/3/19",06:45:00,"Collision with vehicle","Monday","Dark Street lights on",2,1,"Not at intersection",3,50,"A",2010,"SEDAN","TOYOTA","Car","F",26,"26-29","Drivers"
"T20190005626","21/3/19",18:30:00,"Collision with vehicle","Thursday","Day",2,4,"Cross intersection",2,50,"B",2013,"WAGON","HYNDAI","Station Wagon","F",51,"50-59","Drivers"
"T20190005628","25/3/19",09:20:00,"Struck Pedestrian","Monday","Day",1,3,"Cross intersection",1,60,"A",2006,"SEDAN","UNKN","Car","F",19,"17-21","Drivers"
"T20190005631","24/3/19",13:40:00,"Collision with vehicle","Sunday","Day",2,2,"Cross intersection",3,60,"A",2006,"S WAG","TOYOTA","Station Wagon","F",26,"26-29","Drivers"
"T20190005631","24/3/19",13:40:00,"Collision with vehicle","Sunday","Day",2,2,"Cross intersection",3,60,"B",2009,"COUPE","B M W","Car","M",50,"50-59","Drivers"
"T20190005635","25/3/19",09:52:00,"Collision with vehicle","Monday","Day",2,2,"Not at intersection",3,40,"B",0,NA,"UNKN","Light Commercial Vehicle (Rigid) <= 4.5 Tonnes GVM","U",NA,"unknown","Drivers"
"T20190005636","25/3/19",10:54:00,"Collision with vehicle","Monday","Day",2,2,"T intersection",3,60,"A",2010,"S WAG","SUBARU","Station Wagon","F",79,"70+","Drivers"
"T20190005636","25/3/19",10:54:00,"Collision with vehicle","Monday","Day",2,2,"T intersection",3,60,"B",2012,"WAGON","FORD","Station Wagon","F",61,"60-64","Drivers"
"T20190005639","25/3/19",10:50:00,"Collision with vehicle","Monday","Day",2,5,"Cross intersection",2,80,"A",2017,"WAGON","TESLA","Station Wagon","F",47,"40-49","Drivers"
"T20190005639","25/3/19",10:50:00,"Collision with vehicle","Monday","Day",2,5,"Cross intersection",2,80,"B",2015,"WAGON","MAZDA","Station Wagon","F",32,"30-39","Drivers"
"T20190005642","25/3/19",10:33:00,"Collision with a fixed object","Monday","Day",1,1,"Not at intersection",3,40,"A",2008,"VAN","TOYOTA","Panel Van","M",43,"40-49","Drivers"
"T20190005644","23/3/19",10:35:00,"Collision with vehicle","Saturday","Day",3,3,"Not at intersection",3,80,"A",2005,"SEDAN","TOYOTA","Car","M",44,"40-49","Drivers"
"T20190005644","23/3/19",10:35:00,"Collision with vehicle","Saturday","Day",3,3,"Not at intersection",3,80,"B",1991,"SED","ALFA R","Car","M",21,"17-21","Drivers"
"T20190005644","23/3/19",10:35:00,"Collision with vehicle","Saturday","Day",3,3,"Not at intersection",3,80,"C",2008,"COUPE","TOYOTA","Car","M",30,"30-39","Drivers"
"T20190005645","25/3/19",11:40:00,"Collision with vehicle","Monday","Day",2,2,"T intersection",3,80,"A",2018,"SEDAN","MAZDA","Car","F",35,"30-39","Drivers"
"T20190005645","25/3/19",11:40:00,"Collision with vehicle","Monday","Day",2,2,"T intersection",3,80,"B",2009,"WAGON","MITSUB","Station Wagon","M",61,"60-64","Drivers"
"T20190005646","25/3/19",12:40:00,"Collision with vehicle","Monday","Day",2,3,"Cross intersection",2,60,"A",2006,"SEDAN","TOYOTA","Car","F",68,"64-69","Drivers"
"T20190005646","25/3/19",12:40:00,"Collision with vehicle","Monday","Day",2,3,"Cross intersection",2,60,"B",1998,"P MVR","FORD","Prime Mover - Single Trailer","M",60,"60-64","Drivers"
"T20190005648","25/3/19",11:41:00,"Collision with vehicle","Monday","Day",2,2,"T intersection",3,60,"B",2007,"SEDAN","FORD","Car","M",58,"50-59","Drivers"
"T20190005650","25/3/19",12:45:00,"Vehicle overturned (no collision)","Monday","Day",1,1,"Not at intersection",3,100,"A",2014,"P MVR","W STAR","Prime Mover - Single Trailer","M",32,"30-39","Drivers"
"T20190005653","25/3/19",10:47:00,"Collision with vehicle","Monday","Day",2,6,"Cross intersection",2,70,"A",2003,"SEDAN","HOLDEN","Car","M",20,"17-21","Drivers"
"T20190005653","25/3/19",10:47:00,"Collision with vehicle","Monday","Day",2,6,"Cross intersection",2,70,"B",2018,"TRAY","TOYOTA","Light Commercial Vehicle (Rigid) <= 4.5 Tonnes GVM","M",24,"22-25","Drivers"
"T20190005659","23/2/19",17:00:00,"Collision with vehicle","Saturday","Day",2,2,"Not at intersection",3,40,"A",2009,"SEDAN","MAZDA","Car","F",30,"30-39","Drivers"
"T20190005664","25/3/19",07:15:00,"Collision with vehicle","Monday","Dusk/Dawn",2,2,"Not at intersection",3,80,"A",2004,"SEDAN","MAZDA","Car","M",28,"26-29","Drivers"
"T20190005667","25/3/19",12:00:00,"Collision with vehicle","Monday","Day",2,3,"Not at intersection",3,80,"A",2015,"WAGON","AUDI","Station Wagon","F",25,"22-25","Drivers"
"T20190005667","25/3/19",12:00:00,"Collision with vehicle","Monday","Day",2,3,"Not at intersection",3,80,"B",2012,"SEDAN","HOLDEN","Car","M",37,"30-39","Drivers"
"T20190005668","25/3/19",06:35:00,"Collision with vehicle","Monday","Dark No street lights",2,2,"Not at intersection",1,100,"A",2007,"TIPPER","KENWTH","Heavy Vehicle (Rigid) > 4.5 Tonnes","M",50,"50-59","Drivers"
"T20190005668","25/3/19",06:35:00,"Collision with vehicle","Monday","Dark No street lights",2,2,"Not at intersection",1,100,"B",2005,"TIPPER","KENWTH","Heavy Vehicle (Rigid) > 4.5 Tonnes","M",55,"50-59","Drivers"
"T20190005670","25/3/19",14:55:00,"Collision with a fixed object","Monday","Day",1,4,"Not at intersection",2,100,"A",2016,"WAGON","ISUZU","Station Wagon","M",58,"50-59","Drivers"
"T20190005672","25/3/19",15:32:00,"Collision with vehicle","Monday","Day",2,2,"Not at intersection",3,40,"A",2004,"SEDAN","HONDA","Car","F",66,"64-69","Drivers"
"T20190005672","25/3/19",15:32:00,"Collision with vehicle","Monday","Day",2,2,"Not at intersection",3,40,"B",2015,"WAGON","LEXUS","Station Wagon","F",63,"60-64","Drivers"
"T20190005673","25/3/19",15:20:00,"Collision with vehicle","Monday","Day",2,2,"T intersection",3,60,"A",2003,"WAGON","MAZDA","Station Wagon","F",38,"30-39","Drivers"
"T20190005674","25/3/19",13:10:00,"Collision with a fixed object","Monday","Day",1,1,"Not at intersection",3,100,"A",2007,"TRAY","HOLDEN","Utility","M",68,"64-69","Drivers"
"T20190005677","25/3/19",15:05:00,"Collision with vehicle","Monday","Day",2,3,"Not at intersection",3,80,"A",2005,"WAGON","JEEP","Station Wagon","F",51,"50-59","Drivers"
"T20190005677","25/3/19",15:05:00,"Collision with vehicle","Monday","Day",2,3,"Not at intersection",3,80,"B",2006,"SEDAN","VOLKS","Car","M",80,"70+","Drivers"
"T20190005679","25/3/19",17:00:00,"Collision with vehicle","Monday","Day",2,6,"T intersection",3,60,"A",2010,"SEDAN","SUZUKI","Car","F",57,"50-59","Drivers"
"T20190005679","25/3/19",17:00:00,"Collision with vehicle","Monday","Day",2,6,"T intersection",3,60,"B",2010,"COUPE","FORD","Car","F",43,"40-49","Drivers"
"T20190005680","25/3/19",17:51:00,"Collision with vehicle","Monday","Day",2,2,"Cross intersection",2,40,"A",2015,"S WAG","B M W","Station Wagon","M",32,"30-39","Drivers"
"T20190005681","25/3/19",17:20:00,"Collision with vehicle","Monday","Day",2,2,"Multiple intersection",3,60,"A",0,"S WAG","TOYOTA","Station Wagon","M",38,"30-39","Drivers"
"T20190005682","25/3/19",17:40:00,"Collision with vehicle","Monday","Day",3,5,"Not at intersection",3,80,"A",2013,"SEDAN","SUZUKI","Car","F",33,"30-39","Drivers"
"T20190005682","25/3/19",17:40:00,"Collision with vehicle","Monday","Day",3,5,"Not at intersection",3,80,"B",1998,"SEDAN","MITSUB","Car","F",60,"60-64","Drivers"
"T20190005682","25/3/19",17:40:00,"Collision with vehicle","Monday","Day",3,5,"Not at intersection",3,80,"C",2014,"DC UTE","TOYOTA","Utility","F",53,"50-59","Drivers"
"T20190005685","25/3/19",17:40:00,"Collision with a fixed object","Monday","Day",1,1,"T intersection",3,70,"A",2009,"SEDAN","PEUG","Car","F",19,"17-21","Drivers"
"T20190005689","25/3/19",22:20:00,"Collision with vehicle","Monday","Dark Street lights on",2,2,"Not at intersection",3,60,"A",2007,"SED","FORD","Car","F",21,"17-21","Drivers"
"T20190005689","25/3/19",22:20:00,"Collision with vehicle","Monday","Dark Street lights on",2,2,"Not at intersection",3,60,"B",2012,"SEDAN","HOLDEN","Car","M",34,"30-39","Drivers"
"T20190005693","24/3/19",03:00:00,"Collision with a fixed object","Sunday","Dark Street lights on",1,3,"Cross intersection",3,60,"A",1999,"SEDAN","HOLDEN","Car","M",22,"22-25","Drivers"
"T20190005695","25/3/19",13:00:00,"Collision with a fixed object","Monday","Day",1,1,"Not at intersection",3,70,"A",2004,"SEDAN","SUBARU","Car","F",20,"17-21","Drivers"
"T20190005696","25/3/19",12:30:00,"Collision with vehicle","Monday","Day",2,3,"Not at intersection",3,80,"B",2004,"SEDAN","HOLDEN","Car","M",34,"30-39","Drivers"
"T20190005697","25/3/19",13:00:00,"Collision with vehicle","Monday","Day",2,2,"Cross intersection",3,60,"A",2005,"WAGON","TOYOTA","Station Wagon","M",56,"50-59","Drivers"
"T20190005699","26/3/19",08:15:00,"Collision with vehicle","Tuesday","Day",2,2,"Cross intersection",3,50,"A",2005,"SEDAN","TOYOTA","Car","F",42,"40-49","Drivers"
"T20190005700","26/3/19",06:20:00,"Collision with vehicle","Tuesday","Dark Street lights on",2,2,"T intersection",2,60,"B",1998,"VAN","VOLKS","Panel Van","M",47,"40-49","Drivers"
"T20190005701","26/3/19",07:00:00,"Collision with vehicle","Tuesday","Dark Street lights on",3,5,"Not at intersection",3,60,"A",2007,"WAGON","MAZDA","Station Wagon","F",32,"30-39","Drivers"
"T20190005701","26/3/19",07:00:00,"Collision with vehicle","Tuesday","Dark Street lights on",3,5,"Not at intersection",3,60,"B",2016,"VAN","TOYOTA","Panel Van","M",20,"17-21","Drivers"
"T20190005701","26/3/19",07:00:00,"Collision with vehicle","Tuesday","Dark Street lights on",3,5,"Not at intersection",3,60,"C",2017,"SEDAN","HOLDEN","Car","M",64,"60-64","Drivers"
"T20190005703","26/3/19",08:20:00,"Collision with vehicle","Tuesday","Day",2,3,"T intersection",3,80,"A",2007,"SEDAN","MAZDA","Car","F",26,"26-29","Drivers"
"T20190005703","26/3/19",08:20:00,"Collision with vehicle","Tuesday","Day",2,3,"T intersection",3,80,"B",2010,"WAGON","MITSUB","Station Wagon","F",28,"26-29","Drivers"
"T20190005705","26/3/19",09:00:00,"Struck Pedestrian","Tuesday","Day",1,2,"Not at intersection",2,999,"A",2008,"SEDAN","TOYOTA","Car","F",33,"30-39","Drivers"
"T20190005706","26/3/19",08:27:00,"Collision with vehicle","Tuesday","Day",2,3,"Cross intersection",3,70,"A",2011,"SEDAN","MAZDA","Car","F",43,"40-49","Drivers"
"T20190005706","26/3/19",08:27:00,"Collision with vehicle","Tuesday","Day",2,3,"Cross intersection",3,70,"B",2013,"S WAG","HOLDEN","Station Wagon","F",23,"22-25","Drivers"
"T20190005707","26/3/19",09:18:00,"Collision with vehicle","Tuesday","Day",2,2,"T intersection",3,70,"A",2016,"SEDAN","HYNDAI","Car","F",39,"30-39","Drivers"
"T20190005707","26/3/19",09:18:00,"Collision with vehicle","Tuesday","Day",2,2,"T intersection",3,70,"B",2015,"BUS","SCANIA","Bus/Coach","M",53,"50-59","Drivers"
"T20190005708","26/3/19",09:02:00,"Collision with vehicle","Tuesday","Day",2,2,"Not at intersection",3,60,"A",2004,"WAGON","HONDA","Station Wagon","F",64,"60-64","Drivers"
"T20190005708","26/3/19",09:02:00,"Collision with vehicle","Tuesday","Day",2,2,"Not at intersection",3,60,"B",2016,"SEDAN","TOYOTA","Car","M",28,"26-29","Drivers"
"T20190005709","26/3/19",08:30:00,"Collision with vehicle","Tuesday","Day",2,2,"Cross intersection",3,50,"A",2018,"SEDAN","SUZUKI","Car","F",34,"30-39","Drivers"
"T20190005712","22/3/19",14:58:00,"collision with some other object","Friday","Day",3,3,"Not at intersection",3,110,"A",2018,"P MVR","M A N","Prime Mover - Single Trailer","M",55,"50-59","Drivers"
"T20190005712","22/3/19",14:58:00,"collision with some other object","Friday","Day",3,3,"Not at intersection",3,110,"B",1969,"P MVR","NOT LI","Prime Mover - Single Trailer","M",60,"60-64","Drivers"
"T20190005712","22/3/19",14:58:00,"collision with some other object","Friday","Day",3,3,"Not at intersection",3,110,"C",2004,"P MVR","KENWOR","Prime Mover - Single Trailer","M",26,"26-29","Drivers"
"T20190005713","26/3/19",08:15:00,"Collision with vehicle","Tuesday","Day",2,5,"Not at intersection",3,60,"A",2007,"SEDAN","TOYOTA","Car","F",45,"40-49","Drivers"
"T20190005716","26/3/19",08:15:00,"Collision with vehicle","Tuesday","Day",2,2,"T intersection",3,50,"A",2018,"SEDAN","VOLKS","Car","M",32,"30-39","Drivers"
"T20190005719","26/3/19",06:30:00,"Collision with a fixed object","Tuesday","Dusk/Dawn",1,1,"Not at intersection",3,100,"A",2007,"TIPPER","MITSUB","Heavy Vehicle (Rigid) > 4.5 Tonnes","M",36,"30-39","Drivers"
"T20190005720","26/3/19",10:56:00,"Collision with vehicle","Tuesday","Day",2,2,"Cross intersection",3,100,"A",1989,"UTIL","NISSAN","Utility","M",29,"26-29","Drivers"
"T20190005720","26/3/19",10:56:00,"Collision with vehicle","Tuesday","Day",2,2,"Cross intersection",3,100,"B",2010,"SEDAN","FORD","Car","M",92,"70+","Drivers"
"T20190005722","26/3/19",09:30:00,"Collision with vehicle","Tuesday","Day",3,4,"Cross intersection",3,80,"A",2013,"WAGON","KIA","Station Wagon","F",52,"50-59","Drivers"