"ACCIDENT_NO","ACCIDENTDATE","ACCIDENTTIME","Accident Type Desc","Day Week Description","Light Condition Desc","NO_OF_VEHICLES","NO_PERSONS","Road Geometry Desc","SEVERITY","SPEED_ZONE","VEHICLE_ID","VEHICLE_YEAR_MANUF","VEHICLE_BODY_STYLE","VEHICLE_MAKE","Vehicle Type Desc","SEX","AGE","Age Group","Road User Type Desc"
"T20190005722","26/3/19",09:30:00,"Collision with vehicle","Tuesday","Day",3,4,"Cross intersection",3,80,"B",2015,"BUS","SCANIA","Bus/Coach","M",50,"50-59","Drivers"
"T20190005722","26/3/19",09:30:00,"Collision with vehicle","Tuesday","Day",3,4,"Cross intersection",3,80,"C",2013,"SEDAN","MAZDA","Car","F",33,"30-39","Drivers"
"T20190005725","26/3/19",11:30:00,"Vehicle overturned (no collision)","Tuesday","Day",2,2,"Cross intersection",3,60,"B",0,"SEDAN","UNKN","Car","U",NA,"unknown","Drivers"
"T20190005726","26/3/19",11:25:00,"Collision with vehicle","Tuesday","Day",2,4,"Cross intersection",3,70,"A",2008,"WAGON","NISSAN","Station Wagon","F",23,"22-25","Drivers"
"T20190005726","26/3/19",11:25:00,"Collision with vehicle","Tuesday","Day",2,4,"Cross intersection",3,70,"B",2008,"SEDAN","MAZDA","Car","M",83,"70+","Drivers"
"T20190005728","26/3/19",08:48:00,"Collision with vehicle","Tuesday","Day",2,2,"T intersection",3,60,"B",1998,"SED","VOLKS","Car","M",43,"40-49","Drivers"
"T20190005729","26/3/19",10:40:00,"Collision with vehicle","Tuesday","Day",2,4,"Cross intersection",2,60,"A",2006,"SED","KIA","Car","M",22,"22-25","Drivers"
"T20190005729","26/3/19",10:40:00,"Collision with vehicle","Tuesday","Day",2,4,"Cross intersection",2,60,"B",2005,"VAN","ISUZU","Heavy Vehicle (Rigid) > 4.5 Tonnes","M",36,"30-39","Drivers"
"T20190005732","26/3/19",13:40:00,"Collision with vehicle","Tuesday","Day",2,2,"Not at intersection",3,60,"B",2008,"WAGON","FORD","Station Wagon","M",33,"30-39","Drivers"
"T20190005733","26/3/19",12:30:00,"Collision with vehicle","Tuesday","Day",2,2,"Not at intersection",3,60,"A",2009,"WAGON","FORD","Station Wagon","M",45,"40-49","Drivers"
"T20190005733","26/3/19",12:30:00,"Collision with vehicle","Tuesday","Day",2,2,"Not at intersection",3,60,"B",2001,"SEDAN","HOLDEN","Car","F",33,"30-39","Drivers"
"T20190005737","25/3/19",17:08:00,"Collision with vehicle","Monday","Day",2,3,"Not at intersection",3,60,"A",2006,"SEDAN","HONDA","Car","M",19,"17-21","Drivers"
"T20190005737","25/3/19",17:08:00,"Collision with vehicle","Monday","Day",2,3,"Not at intersection",3,60,"B",2010,"SEDAN","HOLDEN","Car","F",40,"40-49","Drivers"
"T20190005739","25/3/19",16:00:00,"Collision with vehicle","Monday","Day",2,3,"T intersection",3,60,"A",2017,"WAGON","KIA","Station Wagon","M",38,"30-39","Drivers"
"T20190005742","23/3/19",22:22:00,"Vehicle overturned (no collision)","Saturday","Dark Street lights on",1,1,"T intersection",3,80,"A",0,"COUPE","NISSAN","Car","M",38,"30-39","Drivers"
"T20190005746","26/3/19",14:30:00,"Collision with vehicle","Tuesday","Day",2,2,"Not at intersection",3,70,"A",2007,"SEDAN","HONDA","Car","M",28,"26-29","Drivers"
"T20190005747","15/3/19",06:35:00,"Collision with vehicle","Friday","Dusk/Dawn",2,2,"T intersection",3,999,"A",2013,"WAGON","HOLDEN","Station Wagon","F",26,"26-29","Drivers"
"T20190005747","15/3/19",06:35:00,"Collision with vehicle","Friday","Dusk/Dawn",2,2,"T intersection",3,999,"B",2006,"SEDAN","FORD","Car","U",NA,"unknown","Drivers"
"T20190005750","26/3/19",17:40:00,"Collision with vehicle","Tuesday","Day",3,3,"Not at intersection",3,60,"A",2007,"UTIL","FORD","Utility","M",29,"26-29","Drivers"
"T20190005750","26/3/19",17:40:00,"Collision with vehicle","Tuesday","Day",3,3,"Not at intersection",3,60,"B",2010,"SEDAN","CITRN","Car","M",19,"17-21","Drivers"
"T20190005750","26/3/19",17:40:00,"Collision with vehicle","Tuesday","Day",3,3,"Not at intersection",3,60,"C",1999,"SEDAN","HOLDEN","Car","M",21,"17-21","Drivers"
"T20190005751","18/2/19",20:00:00,"Collision with a fixed object","Monday","Dusk/Dawn",1,1,"Cross intersection",2,60,"A",2006,"SEDAN","MAZDA","Car","M",40,"40-49","Drivers"
"T20190005752","26/3/19",18:35:00,"Collision with vehicle","Tuesday","Day",2,2,"Cross intersection",3,50,"B",2012,"SEDAN","HOLDEN","Car","M",18,"17-21","Drivers"
"T20190005755","26/3/19",16:10:00,"Struck Pedestrian","Tuesday","Day",1,2,"Cross intersection",3,60,"A",2011,"SEDAN","HOLDEN","Car","M",33,"30-39","Drivers"
"T20190005756","26/3/19",16:45:00,"Collision with vehicle","Tuesday","Day",2,3,"Cross intersection",3,60,"A",2002,"SEDAN","FORD","Car","F",43,"40-49","Drivers"
"T20190005756","26/3/19",16:45:00,"Collision with vehicle","Tuesday","Day",2,3,"Cross intersection",3,60,"B",2011,"WAGON","FORD","Station Wagon","F",48,"40-49","Drivers"
"T20190005757","26/3/19",17:30:00,"Collision with vehicle","Tuesday","Day",2,2,"Not at intersection",3,100,"A",2008,"SEDAN","TOYOTA","Car","M",46,"40-49","Drivers"
"T20190005758","25/3/19",14:45:00,"Collision with vehicle","Monday","Day",3,3,"Not at intersection",3,80,"A",2012,"SEDAN","MAZDA","Car","M",31,"30-39","Drivers"
"T20190005758","25/3/19",14:45:00,"Collision with vehicle","Monday","Day",3,3,"Not at intersection",3,80,"B",2015,"SEDAN","TOYOTA","Car","M",25,"22-25","Drivers"
"T20190005758","25/3/19",14:45:00,"Collision with vehicle","Monday","Day",3,3,"Not at intersection",3,80,"C",2008,"WAGON","TOYOTA","Station Wagon","F",43,"40-49","Drivers"
"T20190005760","26/3/19",15:54:00,"Collision with vehicle","Tuesday","Day",3,5,"Not at intersection",2,100,"A",2007,"WAGON","B M W","Station Wagon","F",42,"40-49","Drivers"
"T20190005760","26/3/19",15:54:00,"Collision with vehicle","Tuesday","Day",3,5,"Not at intersection",2,100,"B",2011,"UTIL","VOLKS","Utility","M",31,"30-39","Drivers"
"T20190005760","26/3/19",15:54:00,"Collision with vehicle","Tuesday","Day",3,5,"Not at intersection",2,100,"C",2016,"SEDAN","TOYOTA","Car","F",23,"22-25","Drivers"
"T20190005761","26/3/19",18:02:00,"Collision with vehicle","Tuesday","Day",2,2,"T intersection",2,80,"A",2013,"SEDAN","MAZDA","Car","M",33,"30-39","Drivers"
"T20190005761","26/3/19",18:02:00,"Collision with vehicle","Tuesday","Day",2,2,"T intersection",2,80,"B",2015,"SEDAN","VOLKS","Car","M",23,"22-25","Drivers"
"T20190005763","26/3/19",21:15:00,"Struck Pedestrian","Tuesday","Dark Street lights on",1,2,"Not at intersection",3,60,"A",2007,"BUS","SCANIA","Bus/Coach","M",46,"40-49","Drivers"
"T20190005765","26/3/19",19:35:00,"Collision with vehicle","Tuesday","Dark Street lights on",2,2,"Cross intersection",2,80,"B",2001,"SEDAN","MITSUB","Car","M",49,"40-49","Drivers"
"T20190005768","26/3/19",21:50:00,"Collision with vehicle","Tuesday","Dark Street lights on",2,3,"T intersection",2,60,"A",2010,"SEDAN","HYNDAI","Car","F",19,"17-21","Drivers"
"T20190005769","26/3/19",23:45:00,"Collision with vehicle","Tuesday","Dark Street lights on",2,2,"Cross intersection",3,70,"A",2003,"SEDAN","TOYOTA","Car","F",44,"40-49","Drivers"
"T20190005769","26/3/19",23:45:00,"Collision with vehicle","Tuesday","Dark Street lights on",2,2,"Cross intersection",3,70,"B",2012,"SEDAN","NISSAN","Car","M",19,"17-21","Drivers"
"T20190005771","27/3/19",05:50:00,"Collision with vehicle","Wednesday","Dark Street lights on",2,2,"T intersection",3,999,"A",2007,"UTIL","FORD","Utility","M",64,"60-64","Drivers"
"T20190005772","16/2/19",10:30:00,"Collision with vehicle","Saturday","Day",2,2,"Cross intersection",3,60,"A",2008,"WAGON","HYNDAI","Station Wagon","F",36,"30-39","Drivers"
"T20190005772","16/2/19",10:30:00,"Collision with vehicle","Saturday","Day",2,2,"Cross intersection",3,60,"B",2014,"TRAY","HINO","Light Commercial Vehicle (Rigid) <= 4.5 Tonnes GVM","M",45,"40-49","Drivers"
"T20190005776","27/3/19",08:00:00,"Collision with vehicle","Wednesday","Day",2,2,"T intersection",3,70,"A",2001,"SEDAN","FORD","Car","F",31,"30-39","Drivers"
"T20190005776","27/3/19",08:00:00,"Collision with vehicle","Wednesday","Day",2,2,"T intersection",3,70,"B",2010,"SEDAN","AUDI","Car","M",34,"30-39","Drivers"
"T20190005779","18/3/19",08:40:00,"Collision with vehicle","Monday","Day",3,4,"T intersection",3,70,"A",2018,"DC UTE","FORD","Utility","M",37,"30-39","Drivers"
"T20190005779","18/3/19",08:40:00,"Collision with vehicle","Monday","Day",3,4,"T intersection",3,70,"B",2015,"SEDAN","AUDI","Car","M",45,"40-49","Drivers"
"T20190005779","18/3/19",08:40:00,"Collision with vehicle","Monday","Day",3,4,"T intersection",3,70,"C",2011,"SEDAN","HOLDEN","Car","M",45,"40-49","Drivers"
"T20190005782","27/3/19",06:50:00,"Collision with vehicle","Wednesday","Dark Street lights unknown",2,2,"Cross intersection",2,80,"A",0,"P VAN","UNKN","Panel Van","F",32,"30-39","Drivers"
"T20190005782","27/3/19",06:50:00,"Collision with vehicle","Wednesday","Dark Street lights unknown",2,2,"Cross intersection",2,80,"B",2015,"WAGON","TOYOTA","Station Wagon","F",46,"40-49","Drivers"
"T20190005784","27/3/19",06:10:00,"Collision with vehicle","Wednesday","Dusk/Dawn",2,2,"Not at intersection",3,60,"A",2007,"SEDAN","HONDA","Car","M",30,"30-39","Drivers"
"T20190005785","27/3/19",12:43:00,"Collision with vehicle","Wednesday","Day",2,2,"Cross intersection",3,80,"A",1997,"SEDAN","FORD","Car","M",30,"30-39","Drivers"
"T20190005785","27/3/19",12:43:00,"Collision with vehicle","Wednesday","Day",2,2,"Cross intersection",3,80,"B",2002,"WAGON","MITSUB","Station Wagon","F",37,"30-39","Drivers"
"T20190005786","17/3/19",15:20:00,"Struck Pedestrian","Sunday","Day",1,2,"Cross intersection",3,999,"A",2006,"WAGON","TOYOTA","Station Wagon","F",36,"30-39","Drivers"
"T20190005791","27/3/19",11:26:00,"Collision with vehicle","Wednesday","Day",4,6,"T intersection",3,60,"A",2010,"SEDAN","HOLDEN","Car","M",43,"40-49","Drivers"
"T20190005791","27/3/19",11:26:00,"Collision with vehicle","Wednesday","Day",4,6,"T intersection",3,60,"B",2014,"SEDAN","MAZDA","Car","F",42,"40-49","Drivers"
"T20190005791","27/3/19",11:26:00,"Collision with vehicle","Wednesday","Day",4,6,"T intersection",3,60,"C",2009,"SEDAN","TOYOTA","Car","F",36,"30-39","Drivers"
"T20190005791","27/3/19",11:26:00,"Collision with vehicle","Wednesday","Day",4,6,"T intersection",3,60,"D",2008,"BUS","MITSUB","Bus/Coach","M",26,"26-29","Drivers"
"T20190005792","27/3/19",12:20:00,"Collision with vehicle","Wednesday","Day",2,2,"Not at intersection",2,100,"A",1997,"UTIL","HOLDEN","Utility","M",92,"70+","Drivers"
"T20190005792","27/3/19",12:20:00,"Collision with vehicle","Wednesday","Day",2,2,"Not at intersection",2,100,"B",1991,"P MVR","KENWTH","Prime Mover - Single Trailer","M",48,"40-49","Drivers"
"T20190005796","27/3/19",13:47:00,"Collision with vehicle","Wednesday","Day",2,2,"Not at intersection",3,999,"A",2019,"SEDAN","SUBARU","Car","M",41,"40-49","Drivers"
"T20190005800","27/3/19",14:25:00,"Collision with vehicle","Wednesday","Day",2,3,"Cross intersection",2,70,"A",2004,"SEDAN","HYNDAI","Car","F",25,"22-25","Drivers"
"T20190005800","27/3/19",14:25:00,"Collision with vehicle","Wednesday","Day",2,3,"Cross intersection",2,70,"B",2004,"SEDAN","HOLDEN","Car","M",37,"30-39","Drivers"
"T20190005801","27/3/19",16:18:00,"Collision with vehicle","Wednesday","Day",2,3,"Cross intersection",3,60,"A",2010,"SEDAN","MAZDA","Car","M",27,"26-29","Drivers"
"T20190005801","27/3/19",16:18:00,"Collision with vehicle","Wednesday","Day",2,3,"Cross intersection",3,60,"B",2009,"SEDAN","HOLDEN","Car","F",34,"30-39","Drivers"
"T20190005802","25/3/19",07:00:00,"Collision with vehicle","Monday","Dusk/Dawn",2,2,"T intersection",3,60,"A",2018,"WAGON","KIA","Station Wagon","F",54,"50-59","Drivers"
"T20190005802","25/3/19",07:00:00,"Collision with vehicle","Monday","Dusk/Dawn",2,2,"T intersection",3,60,"B",2010,"COUPE","HYNDAI","Car","F",28,"26-29","Drivers"
"T20190005803","27/3/19",15:38:00,"Collision with vehicle","Wednesday","Day",2,2,"Cross intersection",3,60,"A",2004,"SEDAN","HOLDEN","Car","F",79,"70+","Drivers"
"T20190005803","27/3/19",15:38:00,"Collision with vehicle","Wednesday","Day",2,2,"Cross intersection",3,60,"B",2017,"WAGON","MAZDA","Station Wagon","F",38,"30-39","Drivers"
"T20190005804","27/3/19",15:50:00,"Collision with vehicle","Wednesday","Day",2,3,"T intersection",3,50,"A",1991,"SEDAN","FORD","Car","M",26,"26-29","Drivers"
"T20190005804","27/3/19",15:50:00,"Collision with vehicle","Wednesday","Day",2,3,"T intersection",3,50,"B",2011,"WAGON","NISSAN","Station Wagon","F",32,"30-39","Drivers"
"T20190005805","21/3/19",13:00:00,"Collision with vehicle","Thursday","Day",2,2,"Cross intersection",3,60,"B",2013,"SEDAN","FORD","Car","M",22,"22-25","Drivers"
"T20190005807","27/3/19",17:00:00,"Collision with vehicle","Wednesday","Day",2,3,"T intersection",3,60,"A",2014,"SEDAN","MAZDA","Car","F",21,"17-21","Drivers"
"T20190005807","27/3/19",17:00:00,"Collision with vehicle","Wednesday","Day",2,3,"T intersection",3,60,"B",2014,"SED","TOYOTA","Car","M",47,"40-49","Drivers"
"T20190005808","27/3/19",17:10:00,"Collision with vehicle","Wednesday","Day",2,2,"T intersection",3,50,"A",2006,"COUPE","HOLDEN","Car","F",28,"26-29","Drivers"
"T20190005808","27/3/19",17:10:00,"Collision with vehicle","Wednesday","Day",2,2,"T intersection",3,50,"B",2001,"SEDAN","HYNDAI","Car","M",88,"70+","Drivers"
"T20190005810","28/2/19",19:55:00,"Collision with vehicle","Thursday","Dark Street lights unknown",2,2,"Not at intersection",3,50,"A",0,"DC UTE","NISSAN","Utility","M",53,"50-59","Drivers"
"T20190005812","27/3/19",16:05:00,"Collision with vehicle","Wednesday","Day",2,3,"Not at intersection",3,70,"A",2009,"SEDAN","VOLKS","Car","M",35,"30-39","Drivers"
"T20190005812","27/3/19",16:05:00,"Collision with vehicle","Wednesday","Day",2,3,"Not at intersection",3,70,"B",2016,"WAGON","NISSAN","Station Wagon","M",30,"30-39","Drivers"
"T20190005813","27/3/19",18:15:00,"Collision with vehicle","Wednesday","Day",2,2,"Cross intersection",2,50,"A",2010,"S WAG","HYUNDA","Station Wagon","M",41,"40-49","Drivers"
"T20190005813","27/3/19",18:15:00,"Collision with vehicle","Wednesday","Day",2,2,"Cross intersection",2,50,"B",2011,"SEDAN","REN","Car","F",47,"40-49","Drivers"
"T20190005816","27/3/19",18:20:00,"Collision with vehicle","Wednesday","Day",2,2,"T intersection",3,40,"A",2006,"COUPE","TOYOTA","Car","M",31,"30-39","Drivers"
"T20190005818","19/3/19",16:30:00,"Collision with vehicle","Tuesday","Dusk/Dawn",2,2,"Not at intersection",3,50,"A",2014,"SEDAN","TOYOTA","Taxi","M",53,"50-59","Drivers"
"T20190005820","27/3/19",18:10:00,"Collision with vehicle","Wednesday","Day",3,3,"Not at intersection",3,60,"A",2001,"SEDAN","FORD","Car","F",48,"40-49","Drivers"
"T20190005820","27/3/19",18:10:00,"Collision with vehicle","Wednesday","Day",3,3,"Not at intersection",3,60,"B",2012,"SEDAN","HYNDAI","Car","F",38,"30-39","Drivers"
"T20190005820","27/3/19",18:10:00,"Collision with vehicle","Wednesday","Day",3,3,"Not at intersection",3,60,"C",1996,"DC UTE","TOYOTA","Utility","M",25,"22-25","Drivers"
"T20190005821","27/3/19",20:30:00,"Collision with vehicle","Wednesday","Dark Street lights on",2,2,"Cross intersection",3,60,"B",2010,"WAGON","MAZDA","Station Wagon","F",65,"64-69","Drivers"
"T20190005822","27/3/19",19:00:00,"Collision with vehicle","Wednesday","Dusk/Dawn",2,1,"Not at intersection",3,50,"A",2017,"SEDAN","HYNDAI","Car","F",74,"70+","Drivers"
"T20190005824","27/3/19",22:20:00,"Collision with vehicle","Wednesday","Dark Street lights on",2,2,"T intersection",3,60,"A",2013,"WAGON","MERC B","Station Wagon","M",45,"40-49","Drivers"
"T20190005824","27/3/19",22:20:00,"Collision with vehicle","Wednesday","Dark Street lights on",2,2,"T intersection",3,60,"B",2013,"WAGON","AUDI","Station Wagon","M",22,"22-25","Drivers"
"T20190005825","27/3/19",23:02:00,"Struck Pedestrian","Wednesday","Dark Street lights on",1,2,"T intersection",2,50,"A",2002,"UTIL","HOLDEN","Utility","M",24,"22-25","Drivers"
"T20190005827","27/3/19",18:50:00,"Collision with vehicle","Wednesday","Day",2,3,"Not at intersection",2,100,"A",2007,"WAGON","FORD","Station Wagon","M",58,"50-59","Drivers"
"T20190005827","27/3/19",18:50:00,"Collision with vehicle","Wednesday","Day",2,3,"Not at intersection",2,100,"B",2012,"SEDAN","HYNDAI","Car","M",62,"60-64","Drivers"
"T20190005834","28/3/19",06:15:00,"Collision with vehicle","Thursday","Dark Street lights on",2,2,"T intersection",3,80,"A",2008,"UTIL","FORD","Utility","M",41,"40-49","Drivers"
"T20190005834","28/3/19",06:15:00,"Collision with vehicle","Thursday","Dark Street lights on",2,2,"T intersection",3,80,"B",2005,"UTIL","FORD","Utility","M",20,"17-21","Drivers"
"T20190005835","23/3/19",17:00:00,"Collision with vehicle","Saturday","Day",2,2,"Not at intersection",3,40,"A",0,NA,"UNKN","Station Wagon","U",NA,"unknown","Drivers"
"T20190005837","28/3/19",08:30:00,"Collision with vehicle","Thursday","Day",2,5,"Not at intersection",3,60,"A",2003,"SEDAN","HOLDEN","Car","F",33,"30-39","Drivers"
"T20190005837","28/3/19",08:30:00,"Collision with vehicle","Thursday","Day",2,5,"Not at intersection",3,60,"B",2016,"SEDAN","HOLDEN","Car","F",64,"60-64","Drivers"
"T20190005839","28/3/19",05:42:00,"Collision with vehicle","Thursday","Dark Street lights on",2,2,"T intersection",1,60,"A",2009,"DC UTE","MITSUB","Utility","M",28,"26-29","Drivers"
"T20190005842","28/3/19",09:55:00,"Struck Pedestrian","Thursday","Day",1,2,"Not at intersection",2,50,"A",2015,"SEDAN","HYNDAI","Car","F",34,"30-39","Drivers"
"T20190005843","19/3/19",08:27:00,"Collision with vehicle","Tuesday","Day",2,2,"T intersection",3,60,"A",1975,"SED","VALIAN","Car","F",69,"64-69","Drivers"
"T20190005843","19/3/19",08:27:00,"Collision with vehicle","Tuesday","Day",2,2,"T intersection",3,60,"B",2013,"TRAY","MAZDA","Light Commercial Vehicle (Rigid) <= 4.5 Tonnes GVM","M",30,"30-39","Drivers"
"T20190005844","28/3/19",07:10:00,"Collision with vehicle","Thursday","Day",2,3,"T intersection",2,60,"A",2003,"COUPE","MERC B","Car","F",26,"26-29","Drivers"
"T20190005844","28/3/19",07:10:00,"Collision with vehicle","Thursday","Day",2,3,"T intersection",2,60,"B",1990,"COUPE","TOYOTA","Car","M",22,"22-25","Drivers"
"T20190005846","26/3/19",17:30:00,"Collision with vehicle","Tuesday","Day",2,2,"T intersection",3,50,"A",2016,"WAGON","SUZUKI","Station Wagon","F",59,"50-59","Drivers"
"T20190005846","26/3/19",17:30:00,"Collision with vehicle","Tuesday","Day",2,2,"T intersection",3,50,"B",2017,"WAGON","VOLKS","Station Wagon","M",45,"40-49","Drivers"
"T20190005848","27/3/19",07:10:00,"Collision with vehicle","Wednesday","Day",2,2,"Cross intersection",3,60,"B",2017,"WAGON","TOYOTA","Station Wagon","M",38,"30-39","Drivers"
"T20190005853","28/3/19",11:45:00,"Struck Pedestrian","Thursday","Day",1,2,"Not at intersection",3,50,"A",2015,"SEDAN","HOLDEN","Car","F",46,"40-49","Drivers"
"T20190005854","28/3/19",06:40:00,"Collision with vehicle","Thursday","Day",2,2,"Cross intersection",2,60,"A",2004,"SEDAN","TOYOTA","Car","F",65,"64-69","Drivers"
"T20190005854","28/3/19",06:40:00,"Collision with vehicle","Thursday","Day",2,2,"Cross intersection",2,60,"B",2017,"TIPPER","FUSO","Light Commercial Vehicle (Rigid) <= 4.5 Tonnes GVM","M",39,"30-39","Drivers"
"T20190005855","28/3/19",11:37:00,"Struck Pedestrian","Thursday","Day",1,2,"Cross intersection",2,50,"A",2018,"VAN","LDV","Panel Van","M",67,"64-69","Drivers"
"T20190005857","28/3/19",08:45:00,"Struck Pedestrian","Thursday","Day",1,2,"T intersection",2,60,"A",2011,"P VAN","FIAT","Panel Van","M",29,"26-29","Drivers"
"T20190005860","28/3/19",12:20:00,"Collision with vehicle","Thursday","Day",2,2,"Cross intersection",3,30,"A",2014,"SEDAN","TOYOTA","Car","F",39,"30-39","Drivers"
"T20190005860","28/3/19",12:20:00,"Collision with vehicle","Thursday","Day",2,2,"Cross intersection",3,30,"B",2010,"C CHAS","ISUZU","Light Commercial Vehicle (Rigid) <= 4.5 Tonnes GVM","M",40,"40-49","Drivers"
"T20190005862","28/3/19",06:20:00,"Collision with vehicle","Thursday","Dark No street lights",2,3,"Cross intersection",3,80,"A",2002,"SEDAN","MITSUB","Car","M",47,"40-49","Drivers"
"T20190005862","28/3/19",06:20:00,"Collision with vehicle","Thursday","Dark No street lights",2,3,"Cross intersection",3,80,"B",2016,"UTIL","ISUZU","Utility","M",54,"50-59","Drivers"
"T20190005864","22/3/19",11:55:00,"Collision with vehicle","Friday","Unknown",2,3,"Not at intersection",3,80,"A",2017,"SEDAN","TOYOTA","Car","F",39,"30-39","Drivers"
"T20190005864","22/3/19",11:55:00,"Collision with vehicle","Friday","Unknown",2,3,"Not at intersection",3,80,"B",2007,"SEDAN","TOYOTA","Car","F",68,"64-69","Drivers"
"T20190005866","28/3/19",09:13:00,"Collision with vehicle","Thursday","Day",2,2,"Cross intersection",3,40,"A",2008,"SEDAN","HONDA","Car","M",52,"50-59","Drivers"
"T20190005867","28/3/19",14:20:00,"Collision with vehicle","Thursday","Day",2,2,"Cross intersection",3,80,"A",2017,"SEDAN","HOLDEN","Car","F",61,"60-64","Drivers"
"T20190005869","26/3/19",16:00:00,"Collision with vehicle","Tuesday","Day",2,4,"Not at intersection",3,100,"A",2008,"SEDAN","FORD","Car","F",74,"70+","Drivers"
"T20190005869","26/3/19",16:00:00,"Collision with vehicle","Tuesday","Day",2,4,"Not at intersection",3,100,"B",2006,"SEDAN","FORD","Car","F",37,"30-39","Drivers"
"T20190005878","28/3/19",15:30:00,"Struck Pedestrian","Thursday","Day",1,2,"Cross intersection",2,60,"A",1995,"SEDAN","HOLDEN","Car","M",18,"17-21","Drivers"
"T20190005880","28/3/19",17:30:00,"Collision with vehicle","Thursday","Day",2,2,"Not at intersection",2,80,"A",2015,"SEDAN","HYNDAI","Car","F",23,"22-25","Drivers"
"T20190005880","28/3/19",17:30:00,"Collision with vehicle","Thursday","Day",2,2,"Not at intersection",2,80,"B",2015,"TRAY","TOYOTA","Light Commercial Vehicle (Rigid) <= 4.5 Tonnes GVM","M",54,"50-59","Drivers"
"T20190005881","28/3/19",14:14:00,"Collision with vehicle","Thursday","Day",2,2,"Cross intersection",3,70,"A",2016,"WAGON","FORD","Station Wagon","F",69,"64-69","Drivers"
"T20190005881","28/3/19",14:14:00,"Collision with vehicle","Thursday","Day",2,2,"Cross intersection",3,70,"B",2012,"G UNIT","IVECO","Heavy Vehicle (Rigid) > 4.5 Tonnes","M",25,"22-25","Drivers"
"T20190005884","28/3/19",18:10:00,"Collision with vehicle","Thursday","Day",3,3,"Cross intersection",3,60,"A",2014,"COUPE","SUBARU","Car","F",24,"22-25","Drivers"
"T20190005884","28/3/19",18:10:00,"Collision with vehicle","Thursday","Day",3,3,"Cross intersection",3,60,"B",2018,"CARVN","TOYOTA","Panel Van","U",28,"26-29","Drivers"
"T20190005884","28/3/19",18:10:00,"Collision with vehicle","Thursday","Day",3,3,"Cross intersection",3,60,"C",2010,"SEDAN","B M W","Car","M",48,"40-49","Drivers"
"T20190005885","28/3/19",17:30:00,"Collision with vehicle","Thursday","Day",5,6,"T intersection",3,60,"A",2014,"P VAN","VOLKSW","Panel Van","M",51,"50-59","Drivers"
"T20190005885","28/3/19",17:30:00,"Collision with vehicle","Thursday","Day",5,6,"T intersection",3,60,"B",2015,"UTIL","NISSAN","Utility","M",35,"30-39","Drivers"
"T20190005885","28/3/19",17:30:00,"Collision with vehicle","Thursday","Day",5,6,"T intersection",3,60,"C",2005,"SEDAN","VOLKS","Car","F",35,"30-39","Drivers"
"T20190005885","28/3/19",17:30:00,"Collision with vehicle","Thursday","Day",5,6,"T intersection",3,60,"D",2008,"SEDAN","TOYOTA","Car","M",56,"50-59","Drivers"
"T20190005885","28/3/19",17:30:00,"Collision with vehicle","Thursday","Day",5,6,"T intersection",3,60,"E",2005,"SEDAN","TOYOTA","Car","F",51,"50-59","Drivers"
"T20190005887","28/3/19",17:20:00,"Collision with vehicle","Thursday","Day",2,5,"T intersection",3,80,"A",2016,"WAGON","TOYOTA","Station Wagon","F",47,"40-49","Drivers"
"T20190005887","28/3/19",17:20:00,"Collision with vehicle","Thursday","Day",2,5,"T intersection",3,80,"B",2014,"SEDAN","MERC B","Car","F",46,"40-49","Drivers"
"T20190005888","27/3/19",08:15:00,"Collision with vehicle","Wednesday","Day",3,3,"Not at intersection",2,60,"A",2000,"SED","MAZDA","Car","F",22,"22-25","Drivers"
"T20190005888","27/3/19",08:15:00,"Collision with vehicle","Wednesday","Day",3,3,"Not at intersection",2,60,"B",2009,"SEDAN","SUZUKI","Car","F",21,"17-21","Drivers"
"T20190005888","27/3/19",08:15:00,"Collision with vehicle","Wednesday","Day",3,3,"Not at intersection",2,60,"C",2013,"VAN","HYNDAI","Panel Van","M",54,"50-59","Drivers"
"T20190005889","28/3/19",19:13:00,"Collision with a fixed object","Thursday","Dusk/Dawn",1,2,"Not at intersection",3,100,"A",1995,"SEDAN","TOYOTA","Car","F",41,"40-49","Drivers"
"T20190005891","28/3/19",18:00:00,"Collision with vehicle","Thursday","Day",2,2,"Not at intersection",2,100,"B",2002,"SEDAN","TOYOTA","Car","F",45,"40-49","Drivers"
"T20190005894","28/3/19",14:20:00,"Collision with vehicle","Thursday","Day",2,3,"Cross intersection",3,60,"A",2016,"TOURER","AUDI","Car","M",64,"60-64","Drivers"
"T20190005894","28/3/19",14:20:00,"Collision with vehicle","Thursday","Day",2,3,"Cross intersection",3,60,"B",2009,"SEDAN","HYNDAI","Car","F",61,"60-64","Drivers"
"T20190005895","28/3/19",15:44:00,"Vehicle overturned (no collision)","Thursday","Day",1,2,"Not at intersection",2,80,"A",2010,"SEDAN","SUZUKI","Car","F",20,"17-21","Drivers"
"T20190005897","26/3/19",13:50:00,"Collision with vehicle","Tuesday","Unknown",2,2,"Cross intersection",3,40,"B",2018,"WAGON","UNKN","Station Wagon","M",43,"40-49","Drivers"
"T20190005898","28/3/19",17:50:00,"Collision with vehicle","Thursday","Day",2,2,"Cross intersection",2,60,"A",2003,"S WAG","SUBARU","Station Wagon","F",48,"40-49","Drivers"
"T20190005900","28/3/19",19:55:00,"Collision with a fixed object","Thursday","Dark No street lights",1,1,"Not at intersection",1,100,"A",2014,"DC UTE","MITSUB","Utility","M",33,"30-39","Drivers"
"T20190005901","28/3/19",20:24:00,"Collision with vehicle","Thursday","Dark No street lights",2,2,"Not at intersection",3,80,"A",2009,"WAGON","L ROV","Station Wagon","F",54,"50-59","Drivers"
"T20190005901","28/3/19",20:24:00,"Collision with vehicle","Thursday","Dark No street lights",2,2,"Not at intersection",3,80,"B",1997,"COUPE","MITSUB","Car","M",21,"17-21","Drivers"