"ACCIDENT_NO","ACCIDENTDATE","ACCIDENTTIME","Accident Type Desc","Day Week Description","Light Condition Desc","NO_OF_VEHICLES","NO_PERSONS","Road Geometry Desc","SEVERITY","SPEED_ZONE","VEHICLE_ID","VEHICLE_YEAR_MANUF","VEHICLE_BODY_STYLE","VEHICLE_MAKE","Vehicle Type Desc","SEX","AGE","Age Group","Road User Type Desc"
"T20190005902","28/3/19",23:42:00,"Collision with vehicle","Thursday","Dark Street lights on",2,3,"Cross intersection",3,80,"A",2002,"DC UTE","HOLDEN","Utility","M",65,"64-69","Drivers"
"T20190005902","28/3/19",23:42:00,"Collision with vehicle","Thursday","Dark Street lights on",2,3,"Cross intersection",3,80,"B",2017,"UTIL","HOLDEN","Utility","M",63,"60-64","Drivers"
"T20190005905","29/3/19",00:58:00,"Collision with vehicle","Friday","Dark Street lights on",2,3,"Cross intersection",3,60,"A",2008,"SEDAN","HONDA","Car","M",24,"22-25","Drivers"
"T20190005905","29/3/19",00:58:00,"Collision with vehicle","Friday","Dark Street lights on",2,3,"Cross intersection",3,60,"B",2011,"SEDAN","TOYOTA","Car","M",31,"30-39","Drivers"
"T20190005906","27/3/19",00:13:00,"Collision with vehicle","Wednesday","Dark Street lights on",2,3,"T intersection",2,60,"A",2014,"WAGON","HOLDEN","Station Wagon","M",21,"17-21","Drivers"
"T20190005906","27/3/19",00:13:00,"Collision with vehicle","Wednesday","Dark Street lights on",2,3,"T intersection",2,60,"B",2015,"UTIL","HOLDEN","Utility","M",28,"26-29","Drivers"
"T20190005908","24/3/19",17:06:00,"Collision with a fixed object","Sunday","Dark No street lights",1,1,"Not at intersection",3,60,"A",2003,"WAGON","PORSCH","Station Wagon","M",66,"64-69","Drivers"
"T20190005909","28/3/19",11:55:00,"Collision with vehicle","Thursday","Day",2,2,"Cross intersection",3,50,"A",2011,"SEDAN","MAZDA","Car","F",25,"22-25","Drivers"
"T20190005909","28/3/19",11:55:00,"Collision with vehicle","Thursday","Day",2,2,"Cross intersection",3,50,"B",2007,"S WAG","FORD","Station Wagon","F",22,"22-25","Drivers"
"T20190005911","28/3/19",11:10:00,"collision with some other object","Thursday","Day",1,1,"Not at intersection",3,60,"A",2014,"S WAG","SUBARU","Station Wagon","F",92,"70+","Drivers"
"T20190005912","29/3/19",08:06:00,"Collision with vehicle","Friday","Day",2,2,"Cross intersection",3,60,"A",2011,"SEDAN","HOLDEN","Car","F",24,"22-25","Drivers"
"T20190005912","29/3/19",08:06:00,"Collision with vehicle","Friday","Day",2,2,"Cross intersection",3,60,"B",2016,"WAGON","MAZDA","Station Wagon","F",40,"40-49","Drivers"
"T20190005913","25/2/19",17:00:00,"Collision with vehicle","Monday","Day",2,2,"Not at intersection",2,999,"B",2012,"SEDAN","TOYOTA","Car","M",55,"50-59","Drivers"
"T20190005916","29/3/19",08:16:00,"Struck Pedestrian","Friday","Day",1,3,"Not at intersection",3,100,"A",2018,"WAGON","VOLKS","Station Wagon","U",NA,"unknown","Drivers"
"T20190005917","19/3/19",13:00:00,"Collision with vehicle","Tuesday","Unknown",2,2,"Not at intersection",3,999,"B",1999,"SEDAN","HOLDEN","Car","M",68,"64-69","Drivers"
"T20190005918","29/3/19",06:50:00,"Collision with vehicle","Friday","Dusk/Dawn",5,6,"Not at intersection",2,60,"A",2013,"DC UTE","FORD","Utility","M",26,"26-29","Drivers"
"T20190005918","29/3/19",06:50:00,"Collision with vehicle","Friday","Dusk/Dawn",5,6,"Not at intersection",2,60,"B",2016,"SEDAN","TOYOTA","Car","M",19,"17-21","Drivers"
"T20190005918","29/3/19",06:50:00,"Collision with vehicle","Friday","Dusk/Dawn",5,6,"Not at intersection",2,60,"C",2010,"WAGON","FORD","Station Wagon","M",49,"40-49","Drivers"
"T20190005918","29/3/19",06:50:00,"Collision with vehicle","Friday","Dusk/Dawn",5,6,"Not at intersection",2,60,"D",2000,"SEDAN","NISSAN","Car","M",39,"30-39","Drivers"
"T20190005918","29/3/19",06:50:00,"Collision with vehicle","Friday","Dusk/Dawn",5,6,"Not at intersection",2,60,"E",2012,"WAGON","VOLKS","Station Wagon","M",37,"30-39","Drivers"
"T20190005919","29/3/19",07:10:00,"Collision with a fixed object","Friday","Dusk/Dawn",1,1,"Not at intersection",3,100,"A",2010,"DC UTE","MITSUB","Utility","M",22,"22-25","Drivers"
"T20190005922","29/3/19",09:45:00,"Collision with vehicle","Friday","Day",2,2,"Cross intersection",3,60,"A",2009,"S WAG","HOLDEN","Station Wagon","M",45,"40-49","Drivers"
"T20190005922","29/3/19",09:45:00,"Collision with vehicle","Friday","Day",2,2,"Cross intersection",3,60,"B",2018,"WAGON","VOLKS","Station Wagon","F",35,"30-39","Drivers"
"T20190005923","29/3/19",09:36:00,"Collision with vehicle","Friday","Day",2,3,"T intersection",3,60,"A",2010,"WAGON","NISSAN","Station Wagon","M",23,"22-25","Drivers"
"T20190005924","25/3/19",09:10:00,"Struck animal","Monday","Day",1,1,"Not at intersection",3,80,"A",1999,"WAGON","TOYOTA","Station Wagon","M",63,"60-64","Drivers"
"T20190005925","29/3/19",08:45:00,"Collision with vehicle","Friday","Day",2,5,"Cross intersection",3,80,"A",2006,"SEDAN","HONDA","Car","F",78,"70+","Drivers"
"T20190005925","29/3/19",08:45:00,"Collision with vehicle","Friday","Day",2,5,"Cross intersection",3,80,"B",2017,"WAGON","HYNDAI","Station Wagon","F",32,"30-39","Drivers"
"T20190005926","29/3/19",11:00:00,"Collision with vehicle","Friday","Day",2,2,"Cross intersection",3,100,"A",2009,"WAGON","TOYOTA","Station Wagon","F",29,"26-29","Drivers"
"T20190005926","29/3/19",11:00:00,"Collision with vehicle","Friday","Day",2,2,"Cross intersection",3,100,"B",2016,"WAGON","HOLDEN","Station Wagon","F",60,"60-64","Drivers"
"T20190005927","28/3/19",16:45:00,"Collision with vehicle","Thursday","Day",2,2,"Not at intersection",3,100,"A",2006,"SEDAN","TOYOTA","Car","F",72,"70+","Drivers"
"T20190005927","28/3/19",16:45:00,"Collision with vehicle","Thursday","Day",2,2,"Not at intersection",3,100,"B",2013,"WAGON","SUBARU","Station Wagon","M",35,"30-39","Drivers"
"T20190005928","29/3/19",08:58:00,"Collision with vehicle","Friday","Day",2,2,"Not at intersection",2,100,"B",2013,"SEDAN","B M W","Car","M",39,"30-39","Drivers"
"T20190005930","29/3/19",11:15:00,"Vehicle overturned (no collision)","Friday","Day",1,1,"Not at intersection",3,100,"A",2014,"WAGON","MAZDA","Station Wagon","F",42,"40-49","Drivers"
"T20190005932","28/3/19",18:35:00,"Collision with vehicle","Thursday","Day",2,2,"T intersection",3,60,"A",2014,"SEDAN","HYNDAI","Car","F",27,"26-29","Drivers"
"T20190005936","29/3/19",12:10:00,"Collision with vehicle","Friday","Day",2,2,"Cross intersection",3,50,"B",2015,"DC UTE","TATA","Utility","M",86,"70+","Drivers"
"T20190005937","29/3/19",11:23:00,"Collision with vehicle","Friday","Day",2,2,"T intersection",2,60,"A",2005,"S WAG","VOLVO","Station Wagon","M",79,"70+","Drivers"
"T20190005938","28/3/19",15:44:00,"Collision with vehicle","Thursday","Day",2,2,"T intersection",3,60,"B",2017,"SEDAN","HYNDAI","Car","M",50,"50-59","Drivers"
"T20190005940","29/3/19",13:00:00,"Collision with vehicle","Friday","Day",4,3,"T intersection",2,60,"A",2007,"SEDAN","TOYOTA","Car","F",58,"50-59","Drivers"
"T20190005940","29/3/19",13:00:00,"Collision with vehicle","Friday","Day",4,3,"T intersection",2,60,"B",2009,"COUPE","HOLDEN","Car","F",18,"17-21","Drivers"
"T20190005940","29/3/19",13:00:00,"Collision with vehicle","Friday","Day",4,3,"T intersection",2,60,"D",2017,"SEDAN","PEUG","Car","F",45,"40-49","Drivers"
"T20190005943","27/3/19",18:00:00,"Collision with vehicle","Wednesday","Day",2,2,"T intersection",3,60,"A",2010,"WAGON","KIA","Station Wagon","M",59,"50-59","Drivers"
"T20190005943","27/3/19",18:00:00,"Collision with vehicle","Wednesday","Day",2,2,"T intersection",3,60,"B",2009,"SEDAN","HOLDEN","Car","F",28,"26-29","Drivers"
"T20190005947","11/3/19",07:24:00,"Collision with vehicle","Monday","Day",2,2,"Not at intersection",3,60,"A",2009,"S WAG","FORD","Station Wagon","M",72,"70+","Drivers"
"T20190005947","11/3/19",07:24:00,"Collision with vehicle","Monday","Day",2,2,"Not at intersection",3,60,"B",2010,"WAGON","FORD","Station Wagon","F",32,"30-39","Drivers"
"T20190005950","29/3/19",08:15:00,"Collision with vehicle","Friday","Day",2,2,"Not at intersection",2,100,"A",2015,"SEDAN","MAZDA","Car","F",28,"26-29","Drivers"
"T20190005950","29/3/19",08:15:00,"Collision with vehicle","Friday","Day",2,2,"Not at intersection",2,100,"B",1991,"S WAG","FORD","Station Wagon","M",47,"40-49","Drivers"
"T20190005953","29/3/19",15:30:00,"Collision with vehicle","Friday","Day",2,2,"Cross intersection",3,70,"A",2011,"SEDAN","HOLDEN","Car","M",34,"30-39","Drivers"
"T20190005953","29/3/19",15:30:00,"Collision with vehicle","Friday","Day",2,2,"Cross intersection",3,70,"B",2018,"SEDAN","MAZDA","Car","F",22,"22-25","Drivers"
"T20190005954","29/3/19",14:05:00,"Collision with vehicle","Friday","Day",2,2,"Cross intersection",3,40,"A",2012,"G UNIT","MERC B","Heavy Vehicle (Rigid) > 4.5 Tonnes","M",55,"50-59","Drivers"
"T20190005955","29/3/19",15:57:00,"Collision with vehicle","Friday","Day",2,3,"Not at intersection",3,60,"A",2013,"WAGON","HOLDEN","Station Wagon","M",27,"26-29","Drivers"
"T20190005955","29/3/19",15:57:00,"Collision with vehicle","Friday","Day",2,3,"Not at intersection",3,60,"B",2012,"SEDAN","FORD","Car","M",19,"17-21","Drivers"
"T20190005956","22/3/19",16:30:00,"Collision with vehicle","Friday","Day",2,4,"Cross intersection",2,60,"A",2004,"S WAG","HOLDEN","Station Wagon","M",27,"26-29","Drivers"
"T20190005956","22/3/19",16:30:00,"Collision with vehicle","Friday","Day",2,4,"Cross intersection",2,60,"B",2017,"DC UTE","TOYOTA","Utility","M",58,"50-59","Drivers"
"T20190005957","28/3/19",07:10:00,"Collision with a fixed object","Thursday","Day",2,2,"Not at intersection",2,50,"A",2017,"TRAY","FUSO","Heavy Vehicle (Rigid) > 4.5 Tonnes","M",45,"40-49","Drivers"
"T20190005957","28/3/19",07:10:00,"Collision with a fixed object","Thursday","Day",2,2,"Not at intersection",2,50,"B",2006,"WAGON","L ROV","Station Wagon","M",58,"50-59","Drivers"
"T20190005959","27/3/19",12:00:00,"Collision with vehicle","Wednesday","Day",3,1,"Not at intersection",2,60,"A",2009,"SEDAN","HONDA","Car","M",29,"26-29","Drivers"
"T20190005960","29/3/19",15:24:00,"Collision with vehicle","Friday","Day",2,2,"Not at intersection",3,40,"B",2014,"WAGON","MERC B","Station Wagon","M",42,"40-49","Drivers"
"T20190005964","29/3/19",15:30:00,"Struck Pedestrian","Friday","Day",1,2,"Cross intersection",2,40,"A",2013,"BUS","VOLVO","Bus/Coach","M",75,"70+","Drivers"
"T20190005965","29/3/19",16:46:00,"Collision with vehicle","Friday","Day",3,3,"Not at intersection",3,80,"A",2018,"VAN","ISUZU","Heavy Vehicle (Rigid) > 4.5 Tonnes","M",27,"26-29","Drivers"
"T20190005965","29/3/19",16:46:00,"Collision with vehicle","Friday","Day",3,3,"Not at intersection",3,80,"B",2004,"SEDAN","KIA","Car","F",57,"50-59","Drivers"
"T20190005965","29/3/19",16:46:00,"Collision with vehicle","Friday","Day",3,3,"Not at intersection",3,80,"C",1999,"DC UTE","TOYOTA","Utility","M",69,"64-69","Drivers"
"T20190005966","29/3/19",16:07:00,"Collision with vehicle","Friday","Day",2,3,"Not at intersection",2,60,"A",2005,"SEDAN","HONDA","Car","F",22,"22-25","Drivers"
"T20190005966","29/3/19",16:07:00,"Collision with vehicle","Friday","Day",2,3,"Not at intersection",2,60,"B",2011,"WAGON","SUZUKI","Station Wagon","F",38,"30-39","Drivers"
"T20190005967","29/3/19",15:20:00,"Collision with vehicle","Friday","Day",4,1,"Not at intersection",2,50,"A",2010,"IND/CN","NISSAN","Car","M",62,"60-64","Drivers"
"T20190005968","29/3/19",16:45:00,"Collision with vehicle","Friday","Day",2,2,"T intersection",3,50,"A",2002,"SEDAN","HOLDEN","Car","F",48,"40-49","Drivers"
"T20190005970","29/3/19",19:55:00,"Collision with vehicle","Friday","Dark Street lights on",2,2,"T intersection",3,60,"A",2015,"WAGON","TOYOTA","Station Wagon","F",41,"40-49","Drivers"
"T20190005970","29/3/19",19:55:00,"Collision with vehicle","Friday","Dark Street lights on",2,2,"T intersection",3,60,"B",2002,"DC UTE","HOLDEN","Utility","F",47,"40-49","Drivers"
"T20190005971","29/3/19",07:30:00,"Collision with vehicle","Friday","Dusk/Dawn",2,2,"Not at intersection",3,60,"A",2016,"WAGON","MAZDA","Station Wagon","F",23,"22-25","Drivers"
"T20190005971","29/3/19",07:30:00,"Collision with vehicle","Friday","Dusk/Dawn",2,2,"Not at intersection",3,60,"B",2016,"SEDAN","HYNDAI","Car","F",29,"26-29","Drivers"
"T20190005974","29/3/19",19:55:00,"Collision with vehicle","Friday","Dark No street lights",2,2,"Not at intersection",3,60,"A",2002,"WAGON","NISSAN","Station Wagon","M",19,"17-21","Drivers"
"T20190005974","29/3/19",19:55:00,"Collision with vehicle","Friday","Dark No street lights",2,2,"Not at intersection",3,60,"B",2013,"UTIL","VOLKS","Utility","M",50,"50-59","Drivers"
"T20190005976","29/3/19",15:10:00,"Collision with vehicle","Friday","Day",2,2,"Not at intersection",3,60,"A",2011,"SEDAN","HYNDAI","Car","F",82,"70+","Drivers"
"T20190005976","29/3/19",15:10:00,"Collision with vehicle","Friday","Day",2,2,"Not at intersection",3,60,"B",1998,"RDSTR","MERC B","Car","F",54,"50-59","Drivers"
"T20190005977","29/3/19",21:45:00,"Collision with vehicle","Friday","Dark Street lights on",2,3,"T intersection",2,80,"A",2017,"WAGON","B M W","Station Wagon","M",35,"30-39","Drivers"
"T20190005978","29/3/19",19:49:00,"Collision with vehicle","Friday","Dark Street lights on",2,2,"Not at intersection",3,60,"A",2011,"S WAG","HOLDEN","Station Wagon","F",34,"30-39","Drivers"
"T20190005978","29/3/19",19:49:00,"Collision with vehicle","Friday","Dark Street lights on",2,2,"Not at intersection",3,60,"B",2006,"SEDAN","FORD","Car","M",22,"22-25","Drivers"
"T20190005979","29/3/19",22:30:00,"Collision with a fixed object","Friday","Dark No street lights",1,1,"Not at intersection",3,60,"A",2006,"COUPE","TOYOTA","Car","F",19,"17-21","Drivers"
"T20190005980","29/3/19",07:45:00,"Struck Pedestrian","Friday","Day",1,2,"T intersection",2,50,"A",2017,"WAGON","HONDA","Station Wagon","M",60,"60-64","Drivers"
"T20190005982","30/3/19",00:34:00,"Collision with a fixed object","Saturday","Dark Street lights on",1,2,"Not at intersection",2,40,"A",2004,"SEDAN","FORD","Car","M",25,"22-25","Drivers"
"T20190005984","30/3/19",00:33:00,"No collision and no object struck","Saturday","Dark Street lights on",1,2,"T intersection",2,60,"A",0,"SEDAN","MAZDA","Car","M",36,"30-39","Drivers"
"T20190005985","30/3/19",02:15:00,"Collision with a fixed object","Saturday","Dark No street lights",1,3,"Not at intersection",3,60,"A",2000,"SED","FORD","Car","M",21,"17-21","Drivers"
"T20190005993","30/3/19",09:10:00,"Collision with vehicle","Saturday","Day",2,2,"T intersection",3,80,"A",2003,"SEDAN","HOLDEN","Car","M",33,"30-39","Drivers"
"T20190005993","30/3/19",09:10:00,"Collision with vehicle","Saturday","Day",2,2,"T intersection",3,80,"B",2016,"SEDAN","SUZUKI","Car","F",20,"17-21","Drivers"
"T20190005998","29/3/19",20:49:00,"Collision with vehicle","Friday","Dark Street lights on",2,4,"Cross intersection",3,60,"A",2014,"SEDAN","HYNDAI","Car","F",18,"17-21","Drivers"
"T20190005998","29/3/19",20:49:00,"Collision with vehicle","Friday","Dark Street lights on",2,4,"Cross intersection",3,60,"B",2017,"WAGON","NISSAN","Station Wagon","M",18,"17-21","Drivers"
"T20190006000","30/3/19",09:47:00,"Struck Pedestrian","Saturday","Day",1,3,"Not at intersection",3,40,"A",2009,"SEDAN","MAZDA","Car","F",39,"30-39","Drivers"
"T20190006012","14/3/19",09:15:00,"Collision with vehicle","Thursday","Day",2,2,"T intersection",3,60,"A",2018,"SEDAN","VOLKS","Car","M",40,"40-49","Drivers"
"T20190006014","30/3/19",18:00:00,"Collision with vehicle","Saturday","Day",2,2,"Cross intersection",3,60,"A",2016,"WAGON","NISSAN","Station Wagon","F",20,"17-21","Drivers"
"T20190006014","30/3/19",18:00:00,"Collision with vehicle","Saturday","Day",2,2,"Cross intersection",3,60,"B",2016,"WAGON","SUBARU","Station Wagon","F",42,"40-49","Drivers"
"T20190006015","30/3/19",20:00:00,"Collision with vehicle","Saturday","Dark Street lights unknown",2,2,"Cross intersection",3,999,"A",0,"SEDAN","UNKN","Car","F",36,"30-39","Drivers"
"T20190006015","30/3/19",20:00:00,"Collision with vehicle","Saturday","Dark Street lights unknown",2,2,"Cross intersection",3,999,"B",2005,"WAGON","HONDA","Station Wagon","M",39,"30-39","Drivers"
"T20190006016","30/3/19",14:19:00,"Collision with vehicle","Saturday","Day",7,13,"Not at intersection",2,100,"A",2011,"SEDAN","HONDA","Car","M",21,"17-21","Drivers"
"T20190006016","30/3/19",14:19:00,"Collision with vehicle","Saturday","Day",7,13,"Not at intersection",2,100,"B",2018,"WAGON","KIA","Station Wagon","F",35,"30-39","Drivers"
"T20190006016","30/3/19",14:19:00,"Collision with vehicle","Saturday","Day",7,13,"Not at intersection",2,100,"C",2013,"SEDAN","TOYOTA","Car","F",58,"50-59","Drivers"
"T20190006016","30/3/19",14:19:00,"Collision with vehicle","Saturday","Day",7,13,"Not at intersection",2,100,"D",2008,"WAGON","HONDA","Station Wagon","F",24,"22-25","Drivers"
"T20190006016","30/3/19",14:19:00,"Collision with vehicle","Saturday","Day",7,13,"Not at intersection",2,100,"E",2005,"SEDAN","HONDA","Car","M",30,"30-39","Drivers"
"T20190006016","30/3/19",14:19:00,"Collision with vehicle","Saturday","Day",7,13,"Not at intersection",2,100,"F",2016,"WAGON","MITSUB","Station Wagon","M",23,"22-25","Drivers"
"T20190006016","30/3/19",14:19:00,"Collision with vehicle","Saturday","Day",7,13,"Not at intersection",2,100,"G",2011,"WAGON","TOYOTA","Station Wagon","M",28,"26-29","Drivers"
"T20190006017","30/3/19",17:42:00,"Collision with vehicle","Saturday","Day",2,3,"Not at intersection",3,80,"A",2017,"DC UTE","NISSAN","Utility","M",26,"26-29","Drivers"
"T20190006017","30/3/19",17:42:00,"Collision with vehicle","Saturday","Day",2,3,"Not at intersection",3,80,"B",2003,"WAGON","TOYOTA","Station Wagon","F",24,"22-25","Drivers"
"T20190006021","26/3/19",06:10:00,"Collision with a fixed object","Tuesday","Unknown",1,1,"Not at intersection",3,999,"A",2014,"VAN","REN","Panel Van","M",34,"30-39","Drivers"
"T20190006028","30/3/19",18:58:00,"Collision with vehicle","Saturday","Day",2,4,"Cross intersection",3,50,"A",2007,"SEDAN","UNKN","Car","F",37,"30-39","Drivers"
"T20190006028","30/3/19",18:58:00,"Collision with vehicle","Saturday","Day",2,4,"Cross intersection",3,50,"B",2017,"WAGON","TOYOTA","Station Wagon","M",36,"30-39","Drivers"
"T20190006032","30/3/19",22:45:00,"No collision and no object struck","Saturday","Dark Street lights on",2,2,"Cross intersection",2,60,"B",2009,"VAN","PEUG","Light Commercial Vehicle (Rigid) <= 4.5 Tonnes GVM","M",73,"70+","Drivers"
"T20190006033","31/3/19",00:30:00,"Struck Pedestrian","Sunday","Dark Street lights on",1,2,"Not at intersection",3,60,"A",2004,"SEDAN","HOLDEN","Car","M",65,"64-69","Drivers"
"T20190006038","31/3/19",01:03:00,"Collision with vehicle","Sunday","Dark Street lights on",2,2,"Not at intersection",2,60,"A",2006,"SEDAN","SUBARU","Car","M",21,"17-21","Drivers"
"T20190006038","31/3/19",01:03:00,"Collision with vehicle","Sunday","Dark Street lights on",2,2,"Not at intersection",2,60,"B",2010,"SEDAN","FORD","Car","M",35,"30-39","Drivers"
"T20190006039","30/3/19",23:30:00,"Fall from or in moving vehicle","Saturday","Dark Street lights on",1,2,"Not at intersection",2,50,"A",0,"DC UTE","UNKN","Utility","M",36,"30-39","Drivers"
"T20190006041","31/3/19",03:15:00,"Struck Pedestrian","Sunday","Dark Street lights on",1,2,"Cross intersection",2,40,"A",2015,"SEDAN","HOLDEN","Taxi","M",35,"30-39","Drivers"
"T20190006042","31/3/19",00:10:00,"Collision with a fixed object","Sunday","Dark No street lights",1,3,"Not at intersection",3,80,"A",2000,"SEDAN","HOLDEN","Car","M",47,"40-49","Drivers"
"T20190006046","31/3/19",03:51:00,"Struck Pedestrian","Sunday","Dark Street lights on",1,2,"Not at intersection",2,60,"A",2016,"WAGON","KIA","Station Wagon","M",42,"40-49","Drivers"
"T20190006047","31/3/19",02:59:00,"Collision with a fixed object","Sunday","Dark Street lights on",1,1,"Not at intersection",2,80,"A",2002,"SEDAN","FORD","Car","M",27,"26-29","Drivers"
"T20190006048","31/3/19",01:00:00,"Collision with vehicle","Sunday","Dark Street lights on",2,6,"Cross intersection",2,60,"A",2018,"S WAG","SUBARU","Station Wagon","M",69,"64-69","Drivers"
"T20190006048","31/3/19",01:00:00,"Collision with vehicle","Sunday","Dark Street lights on",2,6,"Cross intersection",2,60,"B",2015,"WAGON","NISSAN","Station Wagon","M",52,"50-59","Drivers"
"T20190006049","31/3/19",02:40:00,"Collision with a fixed object","Sunday","Dark Street lights unknown",1,1,"Not at intersection",2,60,"A",2006,"SEDAN","FORD","Car","M",17,"16-17","Drivers"
"T20190006050","31/3/19",05:10:00,"Collision with a fixed object","Sunday","Dark Street lights on",2,3,"T intersection",3,60,"B",2017,"UTIL","HOLDEN","Utility","U",NA,"unknown","Drivers"
"T20190006050","31/3/19",05:10:00,"Collision with a fixed object","Sunday","Dark Street lights on",2,3,"T intersection",3,60,"C",2010,"DC UTE","MITSUB","Utility","M",20,"17-21","Drivers"
"T20190006052","29/3/19",19:49:00,"Collision with vehicle","Friday","Dark Street lights on",2,2,"T intersection",3,60,"A",2007,"SEDAN","B M W","Car","M",19,"17-21","Drivers"
"T20190006052","29/3/19",19:49:00,"Collision with vehicle","Friday","Dark Street lights on",2,2,"T intersection",3,60,"B",2011,"WAGON","MAZDA","Station Wagon","F",42,"40-49","Drivers"
"T20190006055","20/3/19",18:30:00,"Collision with vehicle","Wednesday","Dusk/Dawn",2,2,"Cross intersection",3,999,"A",2010,"SEDAN","HYNDAI","Car","F",22,"22-25","Drivers"
"T20190006055","20/3/19",18:30:00,"Collision with vehicle","Wednesday","Dusk/Dawn",2,2,"Cross intersection",3,999,"B",2008,"SEDAN","HOLDEN","Car","M",30,"30-39","Drivers"
"T20190006056","29/3/19",15:10:00,"Collision with vehicle","Friday","Unknown",2,2,"Not at intersection",3,80,"A",2010,"SEDAN","HOLDEN","Car","F",20,"17-21","Drivers"
"T20190006056","29/3/19",15:10:00,"Collision with vehicle","Friday","Unknown",2,2,"Not at intersection",3,80,"B",2014,"S WAG","FORD","Station Wagon","F",31,"30-39","Drivers"
"T20190006057","31/3/19",11:00:00,"Collision with a fixed object","Sunday","Day",1,2,"Not at intersection",2,60,"A",2007,"WAGON","NISSAN","Station Wagon","F",77,"70+","Drivers"
"T20190006060","28/3/19",13:50:00,"Collision with vehicle","Thursday","Day",2,2,"T intersection",3,80,"A",2010,"BUS","VOLVO","Bus/Coach","M",44,"40-49","Drivers"
"T20190006060","28/3/19",13:50:00,"Collision with vehicle","Thursday","Day",2,2,"T intersection",3,80,"B",2000,"TRAY","ISUZU","Light Commercial Vehicle (Rigid) <= 4.5 Tonnes GVM","M",23,"22-25","Drivers"
"T20190006063","31/3/19",11:30:00,"Collision with vehicle","Sunday","Day",2,2,"Cross intersection",2,60,"A",2010,"SEDAN","FORD","Car","F",19,"17-21","Drivers"
"T20190006063","31/3/19",11:30:00,"Collision with vehicle","Sunday","Day",2,2,"Cross intersection",2,60,"B",2005,"SEDAN","HONDA","Car","F",47,"40-49","Drivers"
"T20190006066","31/3/19",13:50:00,"Collision with a fixed object","Sunday","Day",2,4,"Cross intersection",3,60,"A",2004,"COUPE","NISSAN","Car","M",18,"17-21","Drivers"
"T20190006066","31/3/19",13:50:00,"Collision with a fixed object","Sunday","Day",2,4,"Cross intersection",3,60,"B",2000,"SEDAN","FORD","Car","M",41,"40-49","Drivers"
"T20190006067","29/3/19",18:10:00,"Collision with vehicle","Friday","Dark Street lights unknown",2,2,"Cross intersection",3,999,"A",2009,"WAGON","SUBARU","Station Wagon","M",44,"40-49","Drivers"
"T20190006078","31/3/19",17:57:00,"Collision with a fixed object","Sunday","Day",1,2,"Not at intersection",3,80,"A",2006,"SEDAN","FORD","Car","F",48,"40-49","Drivers"
"T20190006079","30/3/19",06:30:00,"Collision with a fixed object","Saturday","Dark No street lights",2,2,"Not at intersection",2,100,"A",1993,"DC UTE","HOLDEN","Utility","M",55,"50-59","Drivers"
"T20190006082","31/3/19",16:27:00,"Collision with a fixed object","Sunday","Day",1,1,"Not at intersection",3,40,"A",2001,"UTIL","HOLDEN","Utility","M",24,"22-25","Drivers"
"T20190006083","31/3/19",13:35:00,"Collision with vehicle","Sunday","Day",2,2,"Cross intersection",3,40,"A",2001,"S WAG","SAAB","Station Wagon","M",48,"40-49","Drivers"
"T20190006085","31/3/19",21:00:00,"Collision with vehicle","Sunday","Dark Street lights on",3,3,"Not at intersection",3,50,"A",1998,"SEDAN","TOYOTA","Car","M",32,"30-39","Drivers"
"T20190006085","31/3/19",21:00:00,"Collision with vehicle","Sunday","Dark Street lights on",3,3,"Not at intersection",3,50,"C",2008,"SEDAN","HOLDEN","Car","F",19,"17-21","Drivers"
"T20190006086","25/3/19",15:29:00,"Collision with vehicle","Monday","Day",4,4,"Not at intersection",3,80,"A",2009,"WAGON","MITSUB","Station Wagon","M",51,"50-59","Drivers"
"T20190006086","25/3/19",15:29:00,"Collision with vehicle","Monday","Day",4,4,"Not at intersection",3,80,"B",2010,"SEDAN","HONDA","Car","M",27,"26-29","Drivers"
"T20190006086","25/3/19",15:29:00,"Collision with vehicle","Monday","Day",4,4,"Not at intersection",3,80,"C",2014,"SEDAN","HOLDEN","Taxi","M",56,"50-59","Drivers"
"T20190006086","25/3/19",15:29:00,"Collision with vehicle","Monday","Day",4,4,"Not at intersection",3,80,"D",2018,"WAGON","MITSUB","Station Wagon","U",NA,"unknown","Drivers"
"T20190006096","1/4/19",02:00:00,"Collision with a fixed object","Monday","Dark Street lights on",1,1,"Not at intersection",2,50,"A",2001,"SEDAN","FORD","Car","F",36,"30-39","Drivers"
"T20190006097","1/4/19",06:50:00,"Collision with vehicle","Monday","Dusk/Dawn",2,3,"Cross intersection",3,50,"A",2003,"SEDAN","MITSUB","Car","M",26,"26-29","Drivers"
"T20190006097","1/4/19",06:50:00,"Collision with vehicle","Monday","Dusk/Dawn",2,3,"Cross intersection",3,50,"B",2015,"SEDAN","SUBARU","Car","M",38,"30-39","Drivers"
"T20190006100","1/4/19",05:07:00,"Struck Pedestrian","Monday","Dark No street lights",1,2,"Not at intersection",1,80,"A",2003,"SEDAN","TOYOTA","Car","F",25,"22-25","Drivers"