"ACCIDENT_NO","ACCIDENTDATE","ACCIDENTTIME","Accident Type Desc","Day Week Description","Light Condition Desc","NO_OF_VEHICLES","NO_PERSONS","Road Geometry Desc","SEVERITY","SPEED_ZONE","VEHICLE_ID","VEHICLE_YEAR_MANUF","VEHICLE_BODY_STYLE","VEHICLE_MAKE","Vehicle Type Desc","SEX","AGE","Age Group","Road User Type Desc"
"T20190006101","1/4/19",08:10:00,"Collision with vehicle","Monday","Day",4,4,"Not at intersection",3,80,"A",2011,"T SDS","MAZDA","Light Commercial Vehicle (Rigid) <= 4.5 Tonnes GVM","M",24,"22-25","Drivers"
"T20190006101","1/4/19",08:10:00,"Collision with vehicle","Monday","Day",4,4,"Not at intersection",3,80,"B",2007,"SED","FORD","Car","F",47,"40-49","Drivers"
"T20190006101","1/4/19",08:10:00,"Collision with vehicle","Monday","Day",4,4,"Not at intersection",3,80,"C",2012,"SEDAN","NISSAN","Car","M",45,"40-49","Drivers"
"T20190006101","1/4/19",08:10:00,"Collision with vehicle","Monday","Day",4,4,"Not at intersection",3,80,"D",2002,"UTIL","HOLDEN","Utility","M",33,"30-39","Drivers"
"T20190006105","1/4/19",08:50:00,"Collision with vehicle","Monday","Day",3,4,"Not at intersection",3,40,"A",2018,"SEDAN","HYNDAI","Car","F",63,"60-64","Drivers"
"T20190006105","1/4/19",08:50:00,"Collision with vehicle","Monday","Day",3,4,"Not at intersection",3,40,"B",2000,"WAGON","NISSAN","Station Wagon","M",49,"40-49","Drivers"
"T20190006105","1/4/19",08:50:00,"Collision with vehicle","Monday","Day",3,4,"Not at intersection",3,40,"C",2012,"S WAG","HONDA","Station Wagon","F",42,"40-49","Drivers"
"T20190006107","29/3/19",15:47:00,"Struck Pedestrian","Friday","Day",1,2,"Not at intersection",3,40,"A",1981,"SEDAN","HOLDEN","Car","M",80,"70+","Drivers"
"T20190006108","29/3/19",08:53:00,"Collision with vehicle","Friday","Day",2,2,"T intersection",3,50,"A",2015,"WAGON","NISSAN","Station Wagon","F",23,"22-25","Drivers"
"T20190006109","1/4/19",09:00:00,"Collision with vehicle","Monday","Day",2,3,"T intersection",3,60,"A",2000,"S WAG","HOLDEN","Station Wagon","M",44,"40-49","Drivers"
"T20190006109","1/4/19",09:00:00,"Collision with vehicle","Monday","Day",2,3,"T intersection",3,60,"B",2011,"DC UTE","MITSUB","Utility","M",37,"30-39","Drivers"
"T20190006111","1/4/19",08:15:00,"Collision with vehicle","Monday","Day",2,3,"Cross intersection",3,50,"A",2004,"SEDAN","TOYOTA","Car","M",31,"30-39","Drivers"
"T20190006111","1/4/19",08:15:00,"Collision with vehicle","Monday","Day",2,3,"Cross intersection",3,50,"B",2018,"WAGON","SUBARU","Station Wagon","F",61,"60-64","Drivers"
"T20190006112","1/4/19",11:15:00,"Collision with vehicle","Monday","Day",2,2,"Cross intersection",3,50,"A",2016,"WAGON","SUZUKI","Station Wagon","F",73,"70+","Drivers"
"T20190006112","1/4/19",11:15:00,"Collision with vehicle","Monday","Day",2,2,"Cross intersection",3,50,"B",2008,"BUS","VOLVO","Bus/Coach","M",71,"70+","Drivers"
"T20190006114","1/4/19",07:20:00,"Collision with vehicle","Monday","Day",2,2,"Not at intersection",2,80,"A",1997,"WAGON","TOYOTA","Station Wagon","F",64,"60-64","Drivers"
"T20190006114","1/4/19",07:20:00,"Collision with vehicle","Monday","Day",2,2,"Not at intersection",2,80,"B",2010,"WAGON","TOYOTA","Station Wagon","F",43,"40-49","Drivers"
"T20190006116","1/4/19",11:30:00,"No collision and no object struck","Monday","Day",1,2,"Not at intersection",3,100,"A",2016,"SEDAN","HYNDAI","Car","F",20,"17-21","Drivers"
"T20190006118","1/4/19",11:00:00,"Collision with vehicle","Monday","Day",3,3,"Not at intersection",2,110,"A",2017,"SEDAN","TOYOTA","Car","M",25,"22-25","Drivers"
"T20190006118","1/4/19",11:00:00,"Collision with vehicle","Monday","Day",3,3,"Not at intersection",2,110,"B",2016,"SEDAN","HYNDAI","Car","M",39,"30-39","Drivers"
"T20190006121","1/4/19",10:00:00,"Collision with vehicle","Monday","Day",2,2,"Cross intersection",3,60,"A",2017,"WAGON","FORD","Station Wagon","F",32,"30-39","Drivers"
"T20190006121","1/4/19",10:00:00,"Collision with vehicle","Monday","Day",2,2,"Cross intersection",3,60,"B",2011,"UTIL","HOLDEN","Utility","M",22,"22-25","Drivers"
"T20190006124","1/4/19",15:03:00,"No collision and no object struck","Monday","Day",1,7,"Not at intersection",2,60,"A",2004,"WAGON","FORD","Station Wagon","F",40,"40-49","Drivers"
"T20190006125","1/4/19",10:43:00,"Collision with vehicle","Monday","Day",2,2,"T intersection",2,80,"A",2013,"SEDAN","TOYOTA","Car","F",49,"40-49","Drivers"
"T20190006125","1/4/19",10:43:00,"Collision with vehicle","Monday","Day",2,2,"T intersection",2,80,"B",1994,"WAGON","TOYOTA","Station Wagon","M",70,"70+","Drivers"
"T20190006127","10/3/19",18:00:00,"Collision with vehicle","Sunday","Unknown",2,2,"Multiple intersection",3,999,"A",2001,"SEDAN","NISSAN","Car","M",38,"30-39","Drivers"
"T20190006127","10/3/19",18:00:00,"Collision with vehicle","Sunday","Unknown",2,2,"Multiple intersection",3,999,"B",2016,"SED","TOYOTA","Car","M",27,"26-29","Drivers"
"T20190006130","1/4/19",15:20:00,"collision with some other object","Monday","Day",1,1,"Not at intersection",3,60,"A",2007,"SEDAN","TOYOTA","Car","F",28,"26-29","Drivers"
"T20190006132","1/4/19",14:17:00,"Collision with vehicle","Monday","Day",2,4,"Cross intersection",2,80,"A",2010,"DC UTE","MITSUB","Utility","M",NA,"unknown","Drivers"
"T20190006132","1/4/19",14:17:00,"Collision with vehicle","Monday","Day",2,4,"Cross intersection",2,80,"B",2007,"WAGON","HOLDEN","Station Wagon","F",29,"26-29","Drivers"
"T20190006134","1/4/19",17:29:00,"Collision with vehicle","Monday","Day",2,2,"T intersection",3,60,"A",2015,"SEDAN","REN","Car","M",47,"40-49","Drivers"
"T20190006134","1/4/19",17:29:00,"Collision with vehicle","Monday","Day",2,2,"T intersection",3,60,"B",2013,"SEDAN","MAZDA","Car","F",22,"22-25","Drivers"
"T20190006136","1/4/19",18:55:00,"Collision with vehicle","Monday","Dusk/Dawn",3,5,"Not at intersection",3,60,"A",2018,"SEDAN","TOYOTA","Car","F",18,"17-21","Drivers"
"T20190006136","1/4/19",18:55:00,"Collision with vehicle","Monday","Dusk/Dawn",3,5,"Not at intersection",3,60,"B",2015,"WAGON","NISSAN","Station Wagon","F",31,"30-39","Drivers"
"T20190006136","1/4/19",18:55:00,"Collision with vehicle","Monday","Dusk/Dawn",3,5,"Not at intersection",3,60,"C",2012,"SEDAN","B M W","Car","F",29,"26-29","Drivers"
"T20190006138","1/4/19",18:23:00,"Collision with vehicle","Monday","Dusk/Dawn",2,3,"Cross intersection",2,80,"A",2014,"SEDAN","HONDA","Car","M",38,"30-39","Drivers"
"T20190006139","1/4/19",19:15:00,"Collision with vehicle","Monday","Dusk/Dawn",2,2,"Cross intersection",3,50,"A",2011,"WAGON","NISSAN","Station Wagon","M",66,"64-69","Drivers"
"T20190006140","1/4/19",16:30:00,"Struck Pedestrian","Monday","Day",1,3,"Not at intersection",2,60,"A",2017,"S WAG","HOLDEN","Station Wagon","M",76,"70+","Drivers"
"T20190006141","17/3/19",11:40:00,"Collision with vehicle","Sunday","Unknown",2,2,"Cross intersection",3,80,"A",2009,"SED","MITSUB","Car","M",25,"22-25","Drivers"
"T20190006141","17/3/19",11:40:00,"Collision with vehicle","Sunday","Unknown",2,2,"Cross intersection",3,80,"B",2013,"SEDAN","KIA","Car","F",74,"70+","Drivers"
"T20190006142","1/4/19",17:04:00,"Collision with vehicle","Monday","Day",2,2,"Not at intersection",3,60,"A",2010,"SEDAN","MITSUB","Car","U",NA,"unknown","Drivers"
"T20190006143","7/3/19",22:55:00,"Collision with vehicle","Thursday","Dark Street lights on",2,2,"Cross intersection",2,60,"B",2012,"SEDAN","HYNDAI","Car","M",23,"22-25","Drivers"
"T20190006144","18/3/19",08:40:00,"Collision with vehicle","Monday","Day",2,2,"Not at intersection",3,999,"B",2015,"COUPE","B M W","Car","F",60,"60-64","Drivers"
"T20190006145","1/4/19",16:20:00,"Collision with vehicle","Monday","Day",2,2,"T intersection",2,50,"A",2008,"SEDAN","FORD","Car","M",34,"30-39","Drivers"
"T20190006145","1/4/19",16:20:00,"Collision with vehicle","Monday","Day",2,2,"T intersection",2,50,"B",2003,"DC UTE","NISSAN","Utility","M",22,"22-25","Drivers"
"T20190006146","1/4/19",18:09:00,"Vehicle overturned (no collision)","Monday","Day",1,1,"Not at intersection",3,60,"A",1996,"WAGON","TOYOTA","Station Wagon","M",36,"30-39","Drivers"
"T20190006149","1/4/19",20:00:00,"Collision with vehicle","Monday","Dark Street lights on",2,4,"Not at intersection",3,60,"A",2013,"SEDAN","NISSAN","Car","M",34,"30-39","Drivers"
"T20190006150","1/4/19",19:55:00,"Collision with vehicle","Monday","Dark Street lights on",2,2,"T intersection",2,60,"A",2015,"TOURER","B M W","Car","F",43,"40-49","Drivers"
"T20190006150","1/4/19",19:55:00,"Collision with vehicle","Monday","Dark Street lights on",2,2,"T intersection",2,60,"B",2005,"SEDAN","MAZDA","Car","F",54,"50-59","Drivers"
"T20190006152","1/4/19",19:40:00,"Collision with vehicle","Monday","Dark Street lights on",2,4,"Cross intersection",3,80,"A",2008,"SEDAN","TOYOTA","Car","M",30,"30-39","Drivers"
"T20190006152","1/4/19",19:40:00,"Collision with vehicle","Monday","Dark Street lights on",2,4,"Cross intersection",3,80,"B",2017,"SEDAN","HONDA","Car","M",50,"50-59","Drivers"
"T20190006153","1/4/19",21:20:00,"Collision with vehicle","Monday","Dark No street lights",2,3,"Cross intersection",3,70,"A",2010,"SEDAN","NISSAN","Car","F",46,"40-49","Drivers"
"T20190006153","1/4/19",21:20:00,"Collision with vehicle","Monday","Dark No street lights",2,3,"Cross intersection",3,70,"B",2012,"S WAG","HYUNDI","Station Wagon","F",30,"30-39","Drivers"
"T20190006154","1/4/19",20:05:00,"Struck Pedestrian","Monday","Dark Street lights on",1,2,"Cross intersection",2,40,"A",2011,"WAGON","JEEP","Station Wagon","M",54,"50-59","Drivers"
"T20190006155","1/4/19",20:40:00,"Collision with vehicle","Monday","Dark Street lights on",2,2,"T intersection",2,70,"B",0,"P VAN","FORD","Panel Van","U",NA,"unknown","Drivers"
"T20190006157","1/4/19",20:48:00,"Collision with a fixed object","Monday","Dark No street lights",1,1,"Not at intersection",2,100,"A",2004,"SEDAN","FORD","Car","F",40,"40-49","Drivers"
"T20190006161","1/4/19",23:00:00,"Collision with a fixed object","Monday","Dark No street lights",1,4,"Not at intersection",2,100,"A",2004,"SEDAN","FORD","Car","M",17,"16-17","Drivers"
"T20190006164","28/3/19",07:23:00,"Collision with vehicle","Thursday","Day",2,2,"Cross intersection",3,60,"A",2013,"SEDAN","MAZDA","Car","F",33,"30-39","Drivers"
"T20190006164","28/3/19",07:23:00,"Collision with vehicle","Thursday","Day",2,2,"Cross intersection",3,60,"B",2004,"SEDAN","SUBARU","Car","F",28,"26-29","Drivers"
"T20190006165","1/4/19",10:00:00,"Collision with vehicle","Monday","Day",2,1,"Not at intersection",3,50,"A",2014,"WAGON","HONDA","Station Wagon","F",83,"70+","Drivers"
"T20190006170","1/4/19",15:30:00,"Collision with vehicle","Monday","Day",3,5,"Not at intersection",3,80,"A",2006,"UTIL","FORD","Utility","M",26,"26-29","Drivers"
"T20190006170","1/4/19",15:30:00,"Collision with vehicle","Monday","Day",3,5,"Not at intersection",3,80,"B",2007,"S WAG","FORD","Station Wagon","M",45,"40-49","Drivers"
"T20190006170","1/4/19",15:30:00,"Collision with vehicle","Monday","Day",3,5,"Not at intersection",3,80,"C",2014,"WAGON","TOYOTA","Station Wagon","F",28,"26-29","Drivers"
"T20190006171","2/4/19",06:05:00,"Collision with vehicle","Tuesday","Dark Street lights on",2,2,"T intersection",3,60,"A",1994,"S WAG","NISSAN","Station Wagon","M",51,"50-59","Drivers"
"T20190006171","2/4/19",06:05:00,"Collision with vehicle","Tuesday","Dark Street lights on",2,2,"T intersection",3,60,"B",2016,"SEDAN","FORD","Car","F",57,"50-59","Drivers"
"T20190006173","1/4/19",18:50:00,"Struck Pedestrian","Monday","Day",1,2,"Not at intersection",3,60,"A",2015,"BUS","SCANIA","Bus/Coach","M",44,"40-49","Drivers"
"T20190006174","2/4/19",07:20:00,"Collision with vehicle","Tuesday","Dusk/Dawn",3,3,"Not at intersection",3,80,"A",2018,"WAGON","HYNDAI","Station Wagon","M",51,"50-59","Drivers"
"T20190006174","2/4/19",07:20:00,"Collision with vehicle","Tuesday","Dusk/Dawn",3,3,"Not at intersection",3,80,"B",2015,"SEDAN","SUBARU","Car","F",53,"50-59","Drivers"
"T20190006174","2/4/19",07:20:00,"Collision with vehicle","Tuesday","Dusk/Dawn",3,3,"Not at intersection",3,80,"C",2004,"SEDAN","HYNDAI","Car","M",27,"26-29","Drivers"
"T20190006175","28/3/19",20:10:00,"Collision with vehicle","Thursday","Dark Street lights on",2,2,"Cross intersection",3,60,"A",2014,"SEDAN","SUZUKI","Car","F",46,"40-49","Drivers"
"T20190006175","28/3/19",20:10:00,"Collision with vehicle","Thursday","Dark Street lights on",2,2,"Cross intersection",3,60,"B",0,"UTIL","MITSUB","Utility","M",20,"17-21","Drivers"
"T20190006176","2/4/19",08:55:00,"Struck Pedestrian","Tuesday","Day",1,3,"T intersection",3,999,"A",2008,"SEDAN","TOYOTA","Car","F",56,"50-59","Drivers"
"T20190006177","2/4/19",09:10:00,"Collision with vehicle","Tuesday","Day",3,3,"T intersection",3,60,"A",2018,"WAGON","FORD","Station Wagon","F",41,"40-49","Drivers"
"T20190006177","2/4/19",09:10:00,"Collision with vehicle","Tuesday","Day",3,3,"T intersection",3,60,"B",2014,"WAGON","VOLKS","Station Wagon","F",34,"30-39","Drivers"
"T20190006177","2/4/19",09:10:00,"Collision with vehicle","Tuesday","Day",3,3,"T intersection",3,60,"C",2014,"SEDAN","TOYOTA","Car","F",60,"60-64","Drivers"
"T20190006179","2/4/19",07:04:00,"Collision with vehicle","Tuesday","Dark Street lights on",2,2,"T intersection",3,60,"A",2016,"UTIL","NISSAN","Utility","M",45,"40-49","Drivers"
"T20190006183","1/4/19",14:00:00,"Collision with a fixed object","Monday","Day",1,1,"Not at intersection",3,100,"A",2008,"P MVR","KENWTH","Prime Mover - Single Trailer","M",34,"30-39","Drivers"
"T20190006187","2/4/19",10:40:00,"Collision with vehicle","Tuesday","Day",2,3,"Cross intersection",3,80,"A",1997,"SEDAN","MITSUB","Car","M",58,"50-59","Drivers"
"T20190006187","2/4/19",10:40:00,"Collision with vehicle","Tuesday","Day",2,3,"Cross intersection",3,80,"B",2014,"SEDAN","MERC B","Car","M",65,"64-69","Drivers"
"T20190006188","29/3/19",15:30:00,"Collision with vehicle","Friday","Day",2,2,"T intersection",3,60,"A",1996,"UTIL","TOYOTA","Utility","M",57,"50-59","Drivers"
"T20190006188","29/3/19",15:30:00,"Collision with vehicle","Friday","Day",2,2,"T intersection",3,60,"B",2019,"UTIL","ISUZU","Utility","M",33,"30-39","Drivers"
"T20190006190","2/4/19",10:30:00,"Collision with vehicle","Tuesday","Day",2,2,"Not at intersection",3,100,"A",2019,"SEDAN","VOLKS","Car","U",NA,"unknown","Drivers"
"T20190006190","2/4/19",10:30:00,"Collision with vehicle","Tuesday","Day",2,2,"Not at intersection",3,100,"B",1995,"CONVRT","VOLVO","Prime Mover - Single Trailer","M",58,"50-59","Drivers"
"T20190006191","29/3/19",11:30:00,"Collision with vehicle","Friday","Day",2,2,"T intersection",3,50,"B",2012,"SEDAN","TOYOTA","Car","F",72,"70+","Drivers"
"T20190006192","2/4/19",07:05:00,"Collision with vehicle","Tuesday","Dusk/Dawn",2,2,"Not at intersection",3,80,"B",2016,"SEDAN","HYNDAI","Car","F",45,"40-49","Drivers"
"T20190006193","29/3/19",22:00:00,"Collision with vehicle","Friday","Dark Street lights on",2,2,"Cross intersection",3,60,"A",2013,"SEDAN","MAZDA","Car","M",24,"22-25","Drivers"
"T20190006193","29/3/19",22:00:00,"Collision with vehicle","Friday","Dark Street lights on",2,2,"Cross intersection",3,60,"B",2010,"SEDAN","MAZDA","Car","F",31,"30-39","Drivers"
"T20190006195","2/4/19",09:05:00,"Collision with vehicle","Tuesday","Day",4,5,"Not at intersection",3,50,"A",2017,"DC UTE","MAZDA","Utility","M",59,"50-59","Drivers"
"T20190006195","2/4/19",09:05:00,"Collision with vehicle","Tuesday","Day",4,5,"Not at intersection",3,50,"B",2010,"WAGON","MAZDA","Station Wagon","F",36,"30-39","Drivers"
"T20190006195","2/4/19",09:05:00,"Collision with vehicle","Tuesday","Day",4,5,"Not at intersection",3,50,"C",2009,"WAGON","TOYOTA","Station Wagon","M",62,"60-64","Drivers"
"T20190006195","2/4/19",09:05:00,"Collision with vehicle","Tuesday","Day",4,5,"Not at intersection",3,50,"D",2014,"SEDAN","MERC B","Car","F",45,"40-49","Drivers"
"T20190006197","2/4/19",07:55:00,"Collision with vehicle","Tuesday","Day",2,4,"T intersection",3,100,"A",2001,"P MVR","VOLVO","Prime Mover - Single Trailer","M",55,"50-59","Drivers"
"T20190006197","2/4/19",07:55:00,"Collision with vehicle","Tuesday","Day",2,4,"T intersection",3,100,"B",2011,"WAGON","MITSUB","Station Wagon","M",68,"64-69","Drivers"
"T20190006198","2/4/19",12:00:00,"Struck Pedestrian","Tuesday","Day",1,2,"T intersection",2,60,"A",2010,"UTIL","HOLDEN","Utility","M",38,"30-39","Drivers"
"T20190006200","31/3/19",12:00:00,"Collision with vehicle","Sunday","Day",2,2,"Cross intersection",3,999,"A",2011,"SEDAN","VOLKS","Car","F",32,"30-39","Drivers"
"T20190006200","31/3/19",12:00:00,"Collision with vehicle","Sunday","Day",2,2,"Cross intersection",3,999,"B",2014,"WAGON","HONDA","Station Wagon","F",59,"50-59","Drivers"
"T20190006202","2/4/19",06:20:00,"Collision with vehicle","Tuesday","Dark No street lights",2,2,"Not at intersection",2,80,"A",2013,"DC UTE","TOYOTA","Utility","M",36,"30-39","Drivers"
"T20190006202","2/4/19",06:20:00,"Collision with vehicle","Tuesday","Dark No street lights",2,2,"Not at intersection",2,80,"B",2006,"SEDAN","KIA","Car","F",33,"30-39","Drivers"
"T20190006203","1/4/19",12:58:00,"Struck Pedestrian","Monday","Day",1,2,"Not at intersection",2,40,"A",2014,"JEEP","JEEP","Car","M",60,"60-64","Drivers"
"T20190006204","2/4/19",10:35:00,"Struck Pedestrian","Tuesday","Day",1,3,"Cross intersection",2,999,"A",2015,"SEDAN","HOLDEN","Taxi","M",40,"40-49","Drivers"
"T20190006205","7/3/19",07:30:00,"Collision with vehicle","Thursday","Dusk/Dawn",2,2,"Not at intersection",3,100,"A",2009,"SEDAN","HONDA","Car","F",39,"30-39","Drivers"
"T20190006205","7/3/19",07:30:00,"Collision with vehicle","Thursday","Dusk/Dawn",2,2,"Not at intersection",3,100,"B",2009,"S WAG","HOLDEN","Station Wagon","F",31,"30-39","Drivers"
"T20190006206","2/4/19",12:09:00,"Collision with vehicle","Tuesday","Day",2,2,"Cross intersection",3,60,"A",2007,"WAGON","NISSAN","Station Wagon","F",41,"40-49","Drivers"
"T20190006207","14/2/19",21:07:00,"Struck animal","Thursday","Dark Street lights unknown",1,2,"Not at intersection",3,100,"A",2014,"AMB","MERC B","Panel Van","M",47,"40-49","Drivers"
"T20190006215","2/4/19",07:30:00,"Struck Pedestrian","Tuesday","Day",1,2,"Cross intersection",3,50,"A",2014,"WAGON","JEEP","Station Wagon","F",48,"40-49","Drivers"
"T20190006216","2/4/19",15:00:00,"Collision with a fixed object","Tuesday","Day",1,1,"Not at intersection",3,70,"A",1999,"SEDAN","MAZDA","Car","F",18,"17-21","Drivers"
"T20190006220","31/3/19",12:25:00,"Collision with a fixed object","Sunday","Day",1,3,"T intersection",3,60,"A",2006,"SEDAN","FORD","Car","F",34,"30-39","Drivers"
"T20190006221","2/4/19",15:00:00,"Collision with vehicle","Tuesday","Day",2,3,"T intersection",3,60,"A",2012,"SEDAN","VOLKS","Car","M",26,"26-29","Drivers"
"T20190006221","2/4/19",15:00:00,"Collision with vehicle","Tuesday","Day",2,3,"T intersection",3,60,"B",2006,"SEDAN","TOYOTA","Car","M",58,"50-59","Drivers"
"T20190006222","2/4/19",15:20:00,"Collision with vehicle","Tuesday","Day",2,2,"Cross intersection",3,50,"A",2006,"SEDAN","VOLKS","Car","M",39,"30-39","Drivers"
"T20190006224","2/4/19",16:50:00,"Collision with vehicle","Tuesday","Day",4,4,"Not at intersection",3,60,"A",2013,"COUPE","TOYOTA","Car","M",21,"17-21","Drivers"
"T20190006224","2/4/19",16:50:00,"Collision with vehicle","Tuesday","Day",4,4,"Not at intersection",3,60,"B",2005,"SEDAN","TOYOTA","Car","M",66,"64-69","Drivers"
"T20190006224","2/4/19",16:50:00,"Collision with vehicle","Tuesday","Day",4,4,"Not at intersection",3,60,"C",2013,"SEDAN","MAZDA","Car","F",24,"22-25","Drivers"
"T20190006224","2/4/19",16:50:00,"Collision with vehicle","Tuesday","Day",4,4,"Not at intersection",3,60,"D",2017,"WAGON","KIA","Station Wagon","F",30,"30-39","Drivers"
"T20190006228","2/4/19",18:50:00,"Collision with vehicle","Tuesday","Dusk/Dawn",2,4,"T intersection",3,60,"A",0,"SED","TOYOTA","Car","F",28,"26-29","Drivers"
"T20190006228","2/4/19",18:50:00,"Collision with vehicle","Tuesday","Dusk/Dawn",2,4,"T intersection",3,60,"B",2007,"WAGON","TOYOTA","Station Wagon","F",62,"60-64","Drivers"
"T20190006229","2/4/19",16:00:00,"Collision with vehicle","Tuesday","Day",2,3,"T intersection",3,60,"A",2009,"SEDAN","HONDA","Car","F",34,"30-39","Drivers"
"T20190006231","2/4/19",16:30:00,"Collision with a fixed object","Tuesday","Day",1,1,"Not at intersection",3,50,"A",2012,"SEDAN","NISSAN","Car","F",70,"70+","Drivers"
"T20190006232","27/3/19",12:30:00,"Struck animal","Wednesday","Day",1,2,"Not at intersection",3,100,"A",2001,"S WAG","MITSUB","Station Wagon","M",18,"17-21","Drivers"
"T20190006233","2/4/19",18:27:00,"Collision with vehicle","Tuesday","Dusk/Dawn",2,2,"Multiple intersection",2,80,"A",2005,"SEDAN","FORD","Car","M",28,"26-29","Drivers"
"T20190006233","2/4/19",18:27:00,"Collision with vehicle","Tuesday","Dusk/Dawn",2,2,"Multiple intersection",2,80,"B",2017,"WAGON","KIA","Station Wagon","M",15,"13-15","Drivers"
"T20190006234","2/4/19",16:58:00,"Collision with vehicle","Tuesday","Day",2,3,"Not at intersection",2,80,"A",1998,"S WAG","FORD","Station Wagon","M",18,"17-21","Drivers"
"T20190006234","2/4/19",16:58:00,"Collision with vehicle","Tuesday","Day",2,3,"Not at intersection",2,80,"B",2018,"SEDAN","TOYOTA","Car","M",36,"30-39","Drivers"
"T20190006235","2/4/19",16:49:00,"Struck Pedestrian","Tuesday","Day",1,3,"Cross intersection",2,80,"A",2009,"SEDAN","SUZUKI","Car","F",19,"17-21","Drivers"
"T20190006236","2/4/19",16:30:00,"Collision with vehicle","Tuesday","Day",2,2,"Cross intersection",3,60,"A",2002,"SEDAN","NISSAN","Car","F",74,"70+","Drivers"
"T20190006237","2/4/19",18:25:00,"Struck Pedestrian","Tuesday","Day",1,2,"T intersection",3,40,"A",2013,"WAGON","REN","Station Wagon","M",38,"30-39","Drivers"
"T20190006239","2/4/19",14:31:00,"Collision with vehicle","Tuesday","Day",3,3,"T intersection",2,60,"A",2000,"SEDAN","TOYOTA","Car","M",59,"50-59","Drivers"
"T20190006239","2/4/19",14:31:00,"Collision with vehicle","Tuesday","Day",3,3,"T intersection",2,60,"B",2002,"SEDAN","TOYOTA","Car","M",67,"64-69","Drivers"
"T20190006239","2/4/19",14:31:00,"Collision with vehicle","Tuesday","Day",3,3,"T intersection",2,60,"C",2012,"SEDAN","FORD","Car","M",24,"22-25","Drivers"
"T20190006246","2/4/19",15:38:00,"Struck Pedestrian","Tuesday","Day",1,2,"Cross intersection",3,50,"A",2016,"WAGON","MAZDA","Station Wagon","F",43,"40-49","Drivers"
"T20190006249","2/4/19",17:20:00,"Collision with vehicle","Tuesday","Day",2,2,"Not at intersection",3,40,"A",2018,"SEDAN","SKODA","Car","M",23,"22-25","Drivers"
"T20190006252","2/4/19",16:50:00,"Collision with a fixed object","Tuesday","Day",1,1,"Not at intersection",2,100,"A",2013,"WAGON","NISSAN","Station Wagon","M",62,"60-64","Drivers"
"T20190006262","12/3/19",14:30:00,"Collision with vehicle","Tuesday","Day",2,2,"T intersection",3,80,"A",2006,"P VAN","VOLKS","Panel Van","F",41,"40-49","Drivers"
"T20190006262","12/3/19",14:30:00,"Collision with vehicle","Tuesday","Day",2,2,"T intersection",3,80,"B",2007,"T SDS","KIA","Light Commercial Vehicle (Rigid) <= 4.5 Tonnes GVM","M",29,"26-29","Drivers"
"T20190006264","3/4/19",06:55:00,"Collision with vehicle","Wednesday","Dusk/Dawn",2,2,"Cross intersection",3,80,"A",2018,"TRAY","HOLDEN","Utility","M",24,"22-25","Drivers"
"T20190006264","3/4/19",06:55:00,"Collision with vehicle","Wednesday","Dusk/Dawn",2,2,"Cross intersection",3,80,"B",1997,"SEDAN","TOYOTA","Car","M",29,"26-29","Drivers"
"T20190006266","3/4/19",08:25:00,"Collision with vehicle","Wednesday","Day",2,2,"Cross intersection",3,50,"A",2018,"WAGON","HOLDEN","Station Wagon","M",43,"40-49","Drivers"
"T20190006269","2/4/19",13:15:00,"Collision with vehicle","Tuesday","Day",2,2,"T intersection",2,60,"A",2006,"WAGON","TOYOTA","Station Wagon","F",63,"60-64","Drivers"
"T20190006270","3/4/19",07:00:00,"Collision with vehicle","Wednesday","Dusk/Dawn",2,2,"Cross intersection",3,60,"A",2017,"DC UTE","TOYOTA","Utility","M",42,"40-49","Drivers"
"T20190006271","3/4/19",07:10:00,"Struck animal","Wednesday","Day",1,1,"Not at intersection",3,80,"A",2011,"SEDAN","FORD","Car","F",22,"22-25","Drivers"
"T20190006272","29/3/19",15:10:00,"Collision with vehicle","Friday","Day",2,2,"T intersection",3,80,"A",2015,"VAN","REN","Panel Van","M",60,"60-64","Drivers"
"T20190006272","29/3/19",15:10:00,"Collision with vehicle","Friday","Day",2,2,"T intersection",3,80,"B",1993,"SEDAN","FORD","Car","M",21,"17-21","Drivers"
"T20190006273","3/4/19",08:40:00,"Collision with vehicle","Wednesday","Day",2,3,"Multiple intersection",2,40,"A",2006,"SEDAN","NISSAN","Car","F",25,"22-25","Drivers"
"T20190006274","30/3/19",14:57:00,"Collision with a fixed object","Saturday","Day",1,1,"Not at intersection",3,80,"A",2003,"SEDAN","FORD","Car","F",26,"26-29","Drivers"
"T20190006277","3/4/19",08:45:00,"Collision with vehicle","Wednesday","Day",4,4,"Not at intersection",2,60,"A",2004,"SEDAN","HOLDEN","Car","M",18,"17-21","Drivers"
"T20190006277","3/4/19",08:45:00,"Collision with vehicle","Wednesday","Day",4,4,"Not at intersection",2,60,"B",2012,"SEDAN","HYNDAI","Car","F",33,"30-39","Drivers"
"T20190006277","3/4/19",08:45:00,"Collision with vehicle","Wednesday","Day",4,4,"Not at intersection",2,60,"C",2003,"S WAG","FORD","Station Wagon","M",66,"64-69","Drivers"
"T20190006277","3/4/19",08:45:00,"Collision with vehicle","Wednesday","Day",4,4,"Not at intersection",2,60,"D",2017,"SEDAN","SUBARU","Car","M",46,"40-49","Drivers"
"T20190006283","8/3/19",19:30:00,"Collision with a fixed object","Friday","Day",1,1,"Not at intersection",3,100,"A",2014,"DC UTE","TOYOTA","Utility","M",25,"22-25","Drivers"
"T20190006285","20/3/19",09:42:00,"Collision with vehicle","Wednesday","Day",2,2,"Not at intersection",3,110,"A",2015,"WAGON","HYNDAI","Station Wagon","F",34,"30-39","Drivers"
"T20190006285","20/3/19",09:42:00,"Collision with vehicle","Wednesday","Day",2,2,"Not at intersection",3,110,"B",1995,"DC UTE","HOLDEN","Utility","M",23,"22-25","Drivers"