"ACCIDENT_NO","ACCIDENTDATE","ACCIDENTTIME","Accident Type Desc","Day Week Description","Light Condition Desc","NO_OF_VEHICLES","NO_PERSONS","Road Geometry Desc","SEVERITY","SPEED_ZONE","VEHICLE_ID","VEHICLE_YEAR_MANUF","VEHICLE_BODY_STYLE","VEHICLE_MAKE","Vehicle Type Desc","SEX","AGE","Age Group","Road User Type Desc"
"T20190006287","2/4/19",18:11:00,"Collision with vehicle","Tuesday","Dusk/Dawn",2,2,"Not at intersection",2,80,"A",2018,"UTIL","TOYOTA","Utility","M",24,"22-25","Drivers"
"T20190006287","2/4/19",18:11:00,"Collision with vehicle","Tuesday","Dusk/Dawn",2,2,"Not at intersection",2,80,"B",2002,"TRAY","INTERN","Light Commercial Vehicle (Rigid) <= 4.5 Tonnes GVM","M",66,"64-69","Drivers"
"T20190006290","3/4/19",12:00:00,"Collision with vehicle","Wednesday","Day",2,2,"Not at intersection",3,100,"A",2016,"CONVRT","KENWOR","Prime Mover B-Double","M",45,"40-49","Drivers"
"T20190006290","3/4/19",12:00:00,"Collision with vehicle","Wednesday","Day",2,2,"Not at intersection",3,100,"B",2014,"SEDAN","VOLKS","Car","M",36,"30-39","Drivers"
"T20190006295","3/4/19",13:00:00,"Collision with vehicle","Wednesday","Day",4,4,"Not at intersection",3,50,"A",2002,"WAGON","NISSAN","Station Wagon","M",82,"70+","Drivers"
"T20190006295","3/4/19",13:00:00,"Collision with vehicle","Wednesday","Day",4,4,"Not at intersection",3,50,"B",2011,"SEDAN","MAZDA","Car","F",23,"22-25","Drivers"
"T20190006295","3/4/19",13:00:00,"Collision with vehicle","Wednesday","Day",4,4,"Not at intersection",3,50,"C",1997,"TRAY","ISUZU","Light Commercial Vehicle (Rigid) <= 4.5 Tonnes GVM","M",41,"40-49","Drivers"
"T20190006296","3/4/19",13:46:00,"Collision with vehicle","Wednesday","Day",2,2,"Cross intersection",2,60,"A",2016,"SEDAN","TOYOTA","Car","F",77,"70+","Drivers"
"T20190006296","3/4/19",13:46:00,"Collision with vehicle","Wednesday","Day",2,2,"Cross intersection",2,60,"B",2009,"WAGON","MERC B","Station Wagon","M",71,"70+","Drivers"
"T20190006298","3/4/19",13:00:00,"Collision with vehicle","Wednesday","Day",2,3,"Not at intersection",3,100,"A",2013,"WAGON","JEEP","Station Wagon","F",39,"30-39","Drivers"
"T20190006298","3/4/19",13:00:00,"Collision with vehicle","Wednesday","Day",2,3,"Not at intersection",3,100,"B",0,"S WAG","HOLDEN","Station Wagon","M",74,"70+","Drivers"
"T20190006299","3/4/19",13:40:00,"Collision with a fixed object","Wednesday","Day",2,3,"T intersection",2,60,"A",2016,"SEDAN","HOLDEN","Car","M",18,"17-21","Drivers"
"T20190006299","3/4/19",13:40:00,"Collision with a fixed object","Wednesday","Day",2,3,"T intersection",2,60,"B",2016,"COUPE","MERC B","Car","M",50,"50-59","Drivers"
"T20190006300","3/4/19",13:00:00,"Vehicle overturned (no collision)","Wednesday","Day",1,1,"Not at intersection",3,60,"A",2000,"WAGON","TOYOTA","Station Wagon","M",24,"22-25","Drivers"
"T20190006303","3/4/19",14:00:00,"Collision with vehicle","Wednesday","Day",2,3,"Not at intersection",3,80,"A",2004,"SEDAN","TOYOTA","Car","F",44,"40-49","Drivers"
"T20190006303","3/4/19",14:00:00,"Collision with vehicle","Wednesday","Day",2,3,"Not at intersection",3,80,"B",2015,"SEDAN","HOLDEN","Car","F",23,"22-25","Drivers"
"T20190006304","3/4/19",15:10:00,"Collision with vehicle","Wednesday","Day",2,4,"Cross intersection",3,60,"A",2010,"WAGON","MITSUB","Station Wagon","M",56,"50-59","Drivers"
"T20190006304","3/4/19",15:10:00,"Collision with vehicle","Wednesday","Day",2,4,"Cross intersection",3,60,"B",2010,"S WAG","FORD","Taxi","M",42,"40-49","Drivers"
"T20190006306","3/4/19",15:00:00,"Collision with vehicle","Wednesday","Day",2,2,"Not at intersection",3,90,"A",2012,"WAGON","HYNDAI","Station Wagon","F",35,"30-39","Drivers"
"T20190006306","3/4/19",15:00:00,"Collision with vehicle","Wednesday","Day",2,2,"Not at intersection",3,90,"B",2018,"WAGON","HYNDAI","Station Wagon","M",60,"60-64","Drivers"
"T20190006307","3/4/19",15:01:00,"Collision with vehicle","Wednesday","Day",2,4,"Cross intersection",2,80,"A",2005,"UTIL","HOLDEN","Utility","M",61,"60-64","Drivers"
"T20190006307","3/4/19",15:01:00,"Collision with vehicle","Wednesday","Day",2,4,"Cross intersection",2,80,"B",2012,"SEDAN","TOYOTA","Car","F",35,"30-39","Drivers"
"T20190006308","3/4/19",14:15:00,"Collision with a fixed object","Wednesday","Day",1,3,"Cross intersection",3,60,"A",2004,"SEDAN","FORD","Car","M",36,"30-39","Drivers"
"T20190006309","3/4/19",17:00:00,"Collision with vehicle","Wednesday","Day",2,2,"Not at intersection",2,50,"A",2011,"SEDAN","HYNDAI","Car","M",27,"26-29","Drivers"
"T20190006312","3/4/19",16:00:00,"Fall from or in moving vehicle","Wednesday","Day",2,2,"T intersection",3,60,"B",2016,"SED","TOYOTA","Taxi","M",52,"50-59","Drivers"
"T20190006313","3/4/19",17:30:00,"Collision with vehicle","Wednesday","Dusk/Dawn",3,5,"Cross intersection",3,50,"A",2015,"DC UTE","FORD","Utility","M",28,"26-29","Drivers"
"T20190006313","3/4/19",17:30:00,"Collision with vehicle","Wednesday","Dusk/Dawn",3,5,"Cross intersection",3,50,"B",2013,"WAGON","JEEP","Station Wagon","F",33,"30-39","Drivers"
"T20190006313","3/4/19",17:30:00,"Collision with vehicle","Wednesday","Dusk/Dawn",3,5,"Cross intersection",3,50,"C",2012,"SEDAN","B M W","Car","M",18,"17-21","Drivers"
"T20190006314","3/4/19",16:00:00,"Collision with vehicle","Wednesday","Day",2,2,"T intersection",2,70,"A",2016,"WAGON","HOLDEN","Station Wagon","M",50,"50-59","Drivers"
"T20190006317","3/4/19",17:35:00,"Collision with vehicle","Wednesday","Day",2,2,"Cross intersection",2,60,"A",2018,"SEDAN","UNKN","Car","M",23,"22-25","Drivers"
"T20190006319","3/4/19",17:10:00,"No collision and no object struck","Wednesday","Day",1,1,"Not at intersection",2,50,"A",2013,"SEDAN","KIA","Car","F",57,"50-59","Drivers"
"T20190006322","3/4/19",19:42:00,"Collision with vehicle","Wednesday","Dark Street lights on",2,2,"T intersection",3,60,"A",1999,"SEDAN","NISSAN","Car","M",51,"50-59","Drivers"
"T20190006323","3/4/19",17:10:00,"Collision with vehicle","Wednesday","Day",2,2,"T intersection",2,60,"A",2018,"SEDAN","TOYOTA","Car","M",26,"26-29","Drivers"
"T20190006324","3/4/19",17:51:00,"Collision with vehicle","Wednesday","Day",2,2,"T intersection",1,60,"A",2015,"SEDAN","VOLKS","Car","M",31,"30-39","Drivers"
"T20190006326","3/4/19",16:08:00,"Collision with vehicle","Wednesday","Day",3,4,"Cross intersection",3,60,"A",2017,"UTIL","HOLDEN","Utility","U",NA,"unknown","Drivers"
"T20190006326","3/4/19",16:08:00,"Collision with vehicle","Wednesday","Day",3,4,"Cross intersection",3,60,"B",2012,"SEDAN","TOYOTA","Car","F",20,"17-21","Drivers"
"T20190006327","3/4/19",15:30:00,"Struck Pedestrian","Wednesday","Day",1,2,"Cross intersection",3,60,"A",2002,"SED","TOYOTA","Car","M",78,"70+","Drivers"
"T20190006330","27/3/19",18:10:00,"Collision with a fixed object","Wednesday","Day",1,1,"Not at intersection",2,100,"A",2016,"WAGON","MITSUB","Station Wagon","M",82,"70+","Drivers"
"T20190006332","3/4/19",21:30:00,"Collision with a fixed object","Wednesday","Dark No street lights",2,3,"Not at intersection",2,100,"A",2002,"UTIL","HOLDEN","Utility","F",23,"22-25","Drivers"
"T20190006332","3/4/19",21:30:00,"Collision with a fixed object","Wednesday","Dark No street lights",2,3,"Not at intersection",2,100,"B",2012,"UTIL","FORD","Utility","M",19,"17-21","Drivers"
"T20190006333","4/4/19",05:22:00,"Collision with vehicle","Thursday","Dark Street lights on",3,3,"Not at intersection",1,90,"A",1996,"VAN","TOYOTA","Panel Van","M",26,"26-29","Drivers"
"T20190006333","4/4/19",05:22:00,"Collision with vehicle","Thursday","Dark Street lights on",3,3,"Not at intersection",1,90,"B",2001,"SED","HOLDEN","Car","M",54,"50-59","Drivers"
"T20190006333","4/4/19",05:22:00,"Collision with vehicle","Thursday","Dark Street lights on",3,3,"Not at intersection",1,90,"C",2016,"DC UTE","ISUZU","Utility","M",31,"30-39","Drivers"
"T20190006336","4/4/19",08:35:00,"Collision with vehicle","Thursday","Day",2,4,"Not at intersection",3,70,"A",2009,"SED","SUBARU","Car","F",26,"26-29","Drivers"
"T20190006336","4/4/19",08:35:00,"Collision with vehicle","Thursday","Day",2,4,"Not at intersection",3,70,"B",2017,"DC UTE","FORD","Utility","M",41,"40-49","Drivers"
"T20190006339","4/4/19",09:20:00,"Collision with vehicle","Thursday","Day",2,2,"Cross intersection",3,40,"A",2010,"SED","TOYOTA","Car","F",23,"22-25","Drivers"
"T20190006341","1/2/19",09:19:00,"Collision with vehicle","Friday","Day",2,2,"T intersection",3,999,"A",2012,"BUS","SCANIA","Bus/Coach","M",48,"40-49","Drivers"
"T20190006341","1/2/19",09:19:00,"Collision with vehicle","Friday","Day",2,2,"T intersection",3,999,"B",2001,"TRAY","NISSAN","Light Commercial Vehicle (Rigid) <= 4.5 Tonnes GVM","M",26,"26-29","Drivers"
"T20190006342","1/4/19",13:35:00,"Collision with vehicle","Monday","Day",2,2,"Cross intersection",3,60,"A",2012,"SEDAN","HONDA","Car","F",32,"30-39","Drivers"
"T20190006342","1/4/19",13:35:00,"Collision with vehicle","Monday","Day",2,2,"Cross intersection",3,60,"B",2018,"WAGON","R ROV","Station Wagon","F",29,"26-29","Drivers"
"T20190006343","2/4/19",15:40:00,"Collision with vehicle","Tuesday","Day",2,2,"T intersection",3,100,"A",2000,"DC UTE","MAZDA","Utility","M",49,"40-49","Drivers"
"T20190006343","2/4/19",15:40:00,"Collision with vehicle","Tuesday","Day",2,2,"T intersection",3,100,"B",2011,"WAGON","MERC B","Station Wagon","F",66,"64-69","Drivers"
"T20190006344","4/4/19",07:00:00,"Collision with vehicle","Thursday","Dark Street lights on",3,3,"Not at intersection",3,100,"A",1998,"SEDAN","TOYOTA","Car","M",31,"30-39","Drivers"
"T20190006344","4/4/19",07:00:00,"Collision with vehicle","Thursday","Dark Street lights on",3,3,"Not at intersection",3,100,"B",2005,"SEDAN","B M W","Car","F",20,"17-21","Drivers"
"T20190006344","4/4/19",07:00:00,"Collision with vehicle","Thursday","Dark Street lights on",3,3,"Not at intersection",3,100,"C",1996,"SEDAN","HONDA","Car","M",22,"22-25","Drivers"
"T20190006345","4/4/19",10:11:00,"Struck Pedestrian","Thursday","Day",1,2,"Cross intersection",3,50,"A",2007,"SEDAN","TOYOTA","Car","F",64,"60-64","Drivers"
"T20190006346","4/4/19",08:15:00,"Struck animal","Thursday","Day",1,1,"Not at intersection",2,100,"A",2011,"UTIL","FORD","Utility","M",54,"50-59","Drivers"
"T20190006347","4/4/19",10:40:00,"Struck Pedestrian","Thursday","Day",1,2,"Not at intersection",3,40,"A",2011,"WAGON","VOLVO","Station Wagon","M",54,"50-59","Drivers"
"T20190006348","4/4/19",08:44:00,"Collision with vehicle","Thursday","Day",2,2,"Multiple intersection",2,60,"A",0,"SED","TOYOTA","Car","M",39,"30-39","Drivers"
"T20190006348","4/4/19",08:44:00,"Collision with vehicle","Thursday","Day",2,2,"Multiple intersection",2,60,"B",2005,"VAN","MITSUB","Panel Van","M",19,"17-21","Drivers"
"T20190006349","4/4/19",12:56:00,"Collision with vehicle","Thursday","Day",2,3,"Cross intersection",3,60,"A",1998,"SEDAN","TOYOTA","Car","F",62,"60-64","Drivers"
"T20190006349","4/4/19",12:56:00,"Collision with vehicle","Thursday","Day",2,3,"Cross intersection",3,60,"B",2011,"DC UTE","NISSAN","Utility","M",67,"64-69","Drivers"
"T20190006354","4/4/19",08:50:00,"Collision with vehicle","Thursday","Day",2,2,"Cross intersection",3,60,"A",2003,"SEDAN","VOLKS","Car","F",51,"50-59","Drivers"
"T20190006354","4/4/19",08:50:00,"Collision with vehicle","Thursday","Day",2,2,"Cross intersection",3,60,"B",2000,"TRAY","KENWTH","Heavy Vehicle (Rigid) > 4.5 Tonnes","M",52,"50-59","Drivers"
"T20190006356","2/4/19",14:50:00,"Collision with a fixed object","Tuesday","Day",1,1,"Not at intersection",3,100,"A",2013,"SEDAN","FORD","Car","M",47,"40-49","Drivers"
"T20190006358","4/4/19",13:38:00,"Collision with vehicle","Thursday","Day",2,2,"Not at intersection",2,50,"A",2004,"VAN","TOYOTA","Panel Van","M",66,"64-69","Drivers"
"T20190006361","4/4/19",14:25:00,"Collision with vehicle","Thursday","Day",2,2,"T intersection",3,60,"A",2018,"WAGON","SUBARU","Station Wagon","F",74,"70+","Drivers"
"T20190006362","14/2/19",15:00:00,"Collision with vehicle","Thursday","Unknown",2,2,"Cross intersection",2,999,"A",2010,"VAN","MITSUB","Panel Van","M",32,"30-39","Drivers"
"T20190006362","14/2/19",15:00:00,"Collision with vehicle","Thursday","Unknown",2,2,"Cross intersection",2,999,"B",2007,"SEDAN","HOLDEN","Car","M",30,"30-39","Drivers"
"T20190006363","4/4/19",09:01:00,"Struck Pedestrian","Thursday","Day",1,3,"T intersection",3,50,"A",2015,"WAGON","PEUG","Station Wagon","M",70,"70+","Drivers"
"T20190006365","4/4/19",11:45:00,"Collision with vehicle","Thursday","Day",2,2,"Not at intersection",2,60,"A",2002,"WAGON","SUBARU","Station Wagon","M",43,"40-49","Drivers"
"T20190006365","4/4/19",11:45:00,"Collision with vehicle","Thursday","Day",2,2,"Not at intersection",2,60,"B",2012,"SEDAN","PEUG","Car","M",69,"64-69","Drivers"
"T20190006370","4/4/19",15:00:00,"Collision with vehicle","Thursday","Day",2,2,"Cross intersection",3,50,"A",2018,"VAN","TOYOTA","Panel Van","M",46,"40-49","Drivers"
"T20190006371","4/4/19",16:35:00,"Collision with vehicle","Thursday","Day",2,3,"T intersection",3,60,"A",2016,"TRAY","IVECO","Heavy Vehicle (Rigid) > 4.5 Tonnes","M",44,"40-49","Drivers"
"T20190006371","4/4/19",16:35:00,"Collision with vehicle","Thursday","Day",2,3,"T intersection",3,60,"B",2016,"VAN","U D","Light Commercial Vehicle (Rigid) <= 4.5 Tonnes GVM","M",26,"26-29","Drivers"
"T20190006376","4/4/19",14:23:00,"Collision with vehicle","Thursday","Day",2,2,"Cross intersection",2,60,"B",1991,"TRAY","FORD","Light Commercial Vehicle (Rigid) <= 4.5 Tonnes GVM","M",60,"60-64","Drivers"
"T20190006377","4/4/19",16:15:00,"Collision with vehicle","Thursday","Day",2,2,"Not at intersection",2,60,"A",2006,"SEDAN","MITSUB","Car","M",29,"26-29","Drivers"
"T20190006377","4/4/19",16:15:00,"Collision with vehicle","Thursday","Day",2,2,"Not at intersection",2,60,"B",2002,"VAN","FORD","Panel Van","M",28,"26-29","Drivers"
"T20190006378","26/3/19",10:49:00,"Collision with vehicle","Tuesday","Day",2,2,"T intersection",3,999,"A",2013,"SEDAN","TOYOTA","Car","F",30,"30-39","Drivers"
"T20190006378","26/3/19",10:49:00,"Collision with vehicle","Tuesday","Day",2,2,"T intersection",3,999,"B",2004,"SED","FORD","Car","F",25,"22-25","Drivers"
"T20190006382","4/4/19",15:05:00,"Collision with vehicle","Thursday","Day",2,2,"T intersection",3,60,"A",2016,"SEDAN","KIA","Car","F",18,"17-21","Drivers"
"T20190006382","4/4/19",15:05:00,"Collision with vehicle","Thursday","Day",2,2,"T intersection",3,60,"B",2013,"UTIL","TOYOTA","Utility","F",27,"26-29","Drivers"
"T20190006383","4/4/19",08:15:00,"Collision with vehicle","Thursday","Day",2,2,"Cross intersection",3,40,"A",2016,"WAGON","UNKN","Station Wagon","F",57,"50-59","Drivers"
"T20190006384","4/4/19",17:40:00,"Collision with vehicle","Thursday","Day",2,4,"Not at intersection",2,80,"A",2010,"S WAG","DODGE","Station Wagon","F",53,"50-59","Drivers"
"T20190006384","4/4/19",17:40:00,"Collision with vehicle","Thursday","Day",2,4,"Not at intersection",2,80,"B",2011,"SEDAN","TOYOTA","Car","M",44,"40-49","Drivers"
"T20190006388","4/4/19",18:50:00,"Collision with vehicle","Thursday","Day",2,2,"Cross intersection",3,999,"A",2011,"SEDAN","MAZDA","Car","M",47,"40-49","Drivers"
"T20190006389","4/4/19",16:05:00,"Collision with vehicle","Thursday","Day",3,3,"Not at intersection",2,80,"A",2002,"VAN","TOYOTA","Panel Van","M",48,"40-49","Drivers"
"T20190006389","4/4/19",16:05:00,"Collision with vehicle","Thursday","Day",3,3,"Not at intersection",2,80,"B",2015,"DC UTE","HOLDEN","Utility","M",33,"30-39","Drivers"
"T20190006389","4/4/19",16:05:00,"Collision with vehicle","Thursday","Day",3,3,"Not at intersection",2,80,"C",2009,"SEDAN","HYNDAI","Car","F",68,"64-69","Drivers"
"T20190006390","4/4/19",18:35:00,"Collision with vehicle","Thursday","Day",2,3,"T intersection",2,60,"A",2003,"SEDAN","MITSUB","Car","F",50,"50-59","Drivers"
"T20190006390","4/4/19",18:35:00,"Collision with vehicle","Thursday","Day",2,3,"T intersection",2,60,"B",2005,"SEDAN","TOYOTA","Car","M",40,"40-49","Drivers"
"T20190006391","4/4/19",16:15:00,"Collision with vehicle","Thursday","Day",2,3,"Cross intersection",3,60,"A",2016,"T SDS","FORD","Light Commercial Vehicle (Rigid) <= 4.5 Tonnes GVM","M",33,"30-39","Drivers"
"T20190006393","11/3/19",20:00:00,"Struck Pedestrian","Monday","Dark Street lights unknown",1,2,"Not at intersection",2,999,"A",2007,"SEDAN","FORD","Car","F",34,"30-39","Drivers"
"T20190006394","4/4/19",15:27:00,"Struck Pedestrian","Thursday","Day",1,2,"T intersection",2,40,"A",2001,"WAGON","HONDA","Station Wagon","F",66,"64-69","Drivers"
"T20190006397","4/4/19",20:50:00,"Struck Pedestrian","Thursday","Day",1,2,"Not at intersection",3,80,"A",2003,"SEDAN","FORD","Car","M",50,"50-59","Drivers"
"T20190006398","4/4/19",20:30:00,"Collision with a fixed object","Thursday","Dark No street lights",1,1,"Not at intersection",3,40,"A",2010,"SEDAN","MERC B","Car","M",35,"30-39","Drivers"
"T20190006399","26/3/19",12:15:00,"Collision with vehicle","Tuesday","Day",2,2,"T intersection",3,70,"A",2012,"WAGON","HOLDEN","Station Wagon","M",31,"30-39","Drivers"
"T20190006399","26/3/19",12:15:00,"Collision with vehicle","Tuesday","Day",2,2,"T intersection",3,70,"B",2016,"WAGON","FORD","Station Wagon","M",62,"60-64","Drivers"
"T20190006401","4/4/19",23:40:00,"Vehicle overturned (no collision)","Thursday","Dark No street lights",1,2,"Not at intersection",2,60,"A",2006,"UTIL","NISSAN","Utility","M",18,"17-21","Drivers"
"T20190006404","5/4/19",04:27:00,"Collision with a fixed object","Friday","Dark Street lights on",1,1,"Not at intersection",3,80,"A",2010,"SEDAN","HOLDEN","Car","M",33,"30-39","Drivers"
"T20190006409","4/4/19",11:12:00,"Collision with vehicle","Thursday","Day",2,3,"Cross intersection",2,60,"A",2010,"SEDAN","NISSAN","Car","F",20,"17-21","Drivers"
"T20190006409","4/4/19",11:12:00,"Collision with vehicle","Thursday","Day",2,3,"Cross intersection",2,60,"B",2008,"WAGON","HYNDAI","Station Wagon","F",34,"30-39","Drivers"
"T20190006411","5/4/19",06:23:00,"Collision with vehicle","Friday","Dark No street lights",2,2,"T intersection",3,50,"A",2007,"SEDAN","TOYOTA","Car","M",40,"40-49","Drivers"
"T20190006411","5/4/19",06:23:00,"Collision with vehicle","Friday","Dark No street lights",2,2,"T intersection",3,50,"B",2007,"SEDAN","TOYOTA","Car","M",19,"17-21","Drivers"
"T20190006414","5/4/19",06:30:00,"Collision with vehicle","Friday","Dark Street lights on",2,2,"Cross intersection",2,999,"A",1999,"SEDAN","VOLKS","Car","M",21,"17-21","Drivers"
"T20190006417","5/4/19",09:10:00,"Struck Pedestrian","Friday","Day",1,2,"T intersection",3,50,"A",2006,"SEDAN","VOLKS","Car","F",77,"70+","Drivers"
"T20190006420","4/4/19",18:14:00,"Collision with vehicle","Thursday","Day",2,2,"T intersection",2,80,"A",2018,"WAGON","MAZDA","Station Wagon","F",25,"22-25","Drivers"
"T20190006423","5/4/19",08:50:00,"Collision with a fixed object","Friday","Day",1,3,"Not at intersection",2,80,"A",2015,"WAGON","TOYOTA","Station Wagon","F",36,"30-39","Drivers"
"T20190006424","5/4/19",11:20:00,"Collision with vehicle","Friday","Day",2,2,"Cross intersection",2,60,"A",1999,"SEDAN","HONDA","Car","M",25,"22-25","Drivers"
"T20190006424","5/4/19",11:20:00,"Collision with vehicle","Friday","Day",2,2,"Cross intersection",2,60,"B",1997,"SEDAN","TOYOTA","Car","F",67,"64-69","Drivers"
"T20190006427","5/4/19",08:47:00,"Collision with vehicle","Friday","Day",2,1,"Not at intersection",2,100,"B",2017,"TRAY","TOYOTA","Light Commercial Vehicle (Rigid) <= 4.5 Tonnes GVM","F",26,"26-29","Drivers"
"T20190006429","5/4/19",09:10:00,"Collision with vehicle","Friday","Day",2,2,"Not at intersection",3,50,"A",1994,"S WAG","TOYOTA","Station Wagon","F",74,"70+","Drivers"
"T20190006429","5/4/19",09:10:00,"Collision with vehicle","Friday","Day",2,2,"Not at intersection",3,50,"B",2008,"SEDAN","HYNDAI","Car","F",65,"64-69","Drivers"
"T20190006433","5/4/19",10:12:00,"Collision with vehicle","Friday","Day",2,4,"Cross intersection",3,999,"A",2016,NA,"FORD","Utility","F",39,"30-39","Drivers"
"T20190006433","5/4/19",10:12:00,"Collision with vehicle","Friday","Day",2,4,"Cross intersection",3,999,"B",2013,"SEDAN","MAZDA","Car","F",61,"60-64","Drivers"
"T20190006434","5/4/19",10:51:00,"Collision with a fixed object","Friday","Day",1,1,"Not at intersection",2,100,"A",2004,"UTIL","HOLDEN","Utility","M",36,"30-39","Drivers"
"T20190006436","5/4/19",10:10:00,"Collision with vehicle","Friday","Day",2,4,"Cross intersection",2,60,"A",2013,"WAGON","AUDI","Station Wagon","F",27,"26-29","Drivers"
"T20190006436","5/4/19",10:10:00,"Collision with vehicle","Friday","Day",2,4,"Cross intersection",2,60,"B",2003,"SEDAN","MITSUB","Car","F",65,"64-69","Drivers"
"T20190006439","5/4/19",12:44:00,"Collision with a fixed object","Friday","Day",1,1,"T intersection",3,80,"A",2005,"SEDAN","HOLDEN","Car","M",28,"26-29","Drivers"
"T20190006440","5/4/19",10:19:00,"Collision with vehicle","Friday","Day",2,3,"Not at intersection",3,100,"A",2001,"WAGON","MAZDA","Station Wagon","M",57,"50-59","Drivers"
"T20190006440","5/4/19",10:19:00,"Collision with vehicle","Friday","Day",2,3,"Not at intersection",3,100,"B",2018,"UTIL","NISSAN","Utility","M",50,"50-59","Drivers"
"T20190006442","5/4/19",10:30:00,"Collision with vehicle","Friday","Day",2,2,"Not at intersection",3,40,"A",2016,"SEDAN","KIA","Taxi","M",32,"30-39","Drivers"
"T20190006443","4/4/19",18:30:00,"Collision with vehicle","Thursday","Day",2,4,"Cross intersection",2,100,"A",2001,"SEDAN","MERC B","Car","M",37,"30-39","Drivers"
"T20190006443","4/4/19",18:30:00,"Collision with vehicle","Thursday","Day",2,4,"Cross intersection",2,100,"B",1999,"SEDAN","HONDA","Car","M",40,"40-49","Drivers"
"T20190006445","5/4/19",09:30:00,"Collision with vehicle","Friday","Day",4,4,"Not at intersection",2,80,"A",2015,"WAGON","KIA","Station Wagon","M",39,"30-39","Drivers"
"T20190006445","5/4/19",09:30:00,"Collision with vehicle","Friday","Day",4,4,"Not at intersection",2,80,"B",2002,"TRAY","FORD","Utility","M",73,"70+","Drivers"
"T20190006445","5/4/19",09:30:00,"Collision with vehicle","Friday","Day",4,4,"Not at intersection",2,80,"C",2007,"TIPPER","F LINE","Heavy Vehicle (Rigid) > 4.5 Tonnes","M",38,"30-39","Drivers"
"T20190006445","5/4/19",09:30:00,"Collision with vehicle","Friday","Day",4,4,"Not at intersection",2,80,"D",0,"TILTER","KENWOR","Heavy Vehicle (Rigid) > 4.5 Tonnes","M",22,"22-25","Drivers"
"T20190006457","5/4/19",15:00:00,"Collision with vehicle","Friday","Day",2,3,"Not at intersection",3,110,"A",2008,"SEDAN","FORD","Car","M",27,"26-29","Drivers"
"T20190006457","5/4/19",15:00:00,"Collision with vehicle","Friday","Day",2,3,"Not at intersection",3,110,"B",2007,"UTIL","FORD","Utility","M",62,"60-64","Drivers"
"T20190006458","5/4/19",14:50:00,"Collision with vehicle","Friday","Day",3,4,"Not at intersection",3,80,"A",2000,"UTIL","FORD","Utility","M",32,"30-39","Drivers"
"T20190006458","5/4/19",14:50:00,"Collision with vehicle","Friday","Day",3,4,"Not at intersection",3,80,"B",2009,"WAGON","AUDI","Station Wagon","M",30,"30-39","Drivers"
"T20190006458","5/4/19",14:50:00,"Collision with vehicle","Friday","Day",3,4,"Not at intersection",3,80,"C",2009,"WAGON","TOYOTA","Station Wagon","F",46,"40-49","Drivers"
"T20190006461","4/4/19",15:30:00,"Collision with vehicle","Thursday","Day",2,2,"T intersection",3,999,"A",2016,"JEEP","JEEP","Station Wagon","M",24,"22-25","Drivers"
"T20190006461","4/4/19",15:30:00,"Collision with vehicle","Thursday","Day",2,2,"T intersection",3,999,"B",2004,"TIPPER","HINO","Light Commercial Vehicle (Rigid) <= 4.5 Tonnes GVM","M",29,"26-29","Drivers"
"T20190006465","5/4/19",16:48:00,"Collision with vehicle","Friday","Day",2,1,"Not at intersection",2,50,"A",2012,"SEDAN","MAZDA","Car","F",78,"70+","Drivers"
"T20190006466","5/4/19",15:12:00,"Collision with vehicle","Friday","Day",4,4,"Not at intersection",2,80,"A",2005,"SEDAN","FORD","Car","M",21,"17-21","Drivers"
"T20190006466","5/4/19",15:12:00,"Collision with vehicle","Friday","Day",4,4,"Not at intersection",2,80,"B",2014,"SED","AUDI","Car","M",41,"40-49","Drivers"
"T20190006466","5/4/19",15:12:00,"Collision with vehicle","Friday","Day",4,4,"Not at intersection",2,80,"C",2008,"SEDAN","MAZDA","Car","F",58,"50-59","Drivers"
"T20190006466","5/4/19",15:12:00,"Collision with vehicle","Friday","Day",4,4,"Not at intersection",2,80,"D",2002,"TRAY","ISUZU","Heavy Vehicle (Rigid) > 4.5 Tonnes","M",66,"64-69","Drivers"
"T20190006467","5/4/19",18:00:00,"Struck Pedestrian","Friday","Day",1,4,"Cross intersection",2,50,"A",2011,"S WAG","VOLVO","Station Wagon","M",35,"30-39","Drivers"
"T20190006468","5/4/19",12:20:00,"Collision with vehicle","Friday","Day",2,3,"Not at intersection",3,100,"A",2003,"DC UTE","MITSUB","Utility","M",38,"30-39","Drivers"
"T20190006468","5/4/19",12:20:00,"Collision with vehicle","Friday","Day",2,3,"Not at intersection",3,100,"B",2006,"DC UTE","NISSAN","Utility","M",19,"17-21","Drivers"
"T20190006470","5/4/19",17:30:00,"Collision with vehicle","Friday","Day",2,5,"Cross intersection",3,60,"A",2008,"UTIL","FORD","Utility","M",30,"30-39","Drivers"
"T20190006470","5/4/19",17:30:00,"Collision with vehicle","Friday","Day",2,5,"Cross intersection",3,60,"B",2009,"SEDAN","HOLDEN","Car","F",32,"30-39","Drivers"
"T20190006471","5/4/19",18:00:00,"Collision with vehicle","Friday","Day",2,2,"Not at intersection",3,40,"A",2010,"SEDAN","KIA","Car","M",43,"40-49","Drivers"
"T20190006475","5/4/19",18:37:00,"Collision with a fixed object","Friday","Dusk/Dawn",1,1,"T intersection",2,60,"A",2001,"WAGON","TOYOTA","Station Wagon","F",63,"60-64","Drivers"
"T20190006477","5/4/19",18:15:00,"Collision with vehicle","Friday","Day",2,3,"T intersection",2,80,"A",2007,"SEDAN","KIA","Car","F",24,"22-25","Drivers"
"T20190006477","5/4/19",18:15:00,"Collision with vehicle","Friday","Day",2,3,"T intersection",2,80,"B",2013,"SEDAN","FORD","Car","M",22,"22-25","Drivers"