"ACCIDENT_NO","ACCIDENTDATE","ACCIDENTTIME","Accident Type Desc","Day Week Description","Light Condition Desc","NO_OF_VEHICLES","NO_PERSONS","Road Geometry Desc","SEVERITY","SPEED_ZONE","VEHICLE_ID","VEHICLE_YEAR_MANUF","VEHICLE_BODY_STYLE","VEHICLE_MAKE","Vehicle Type Desc","SEX","AGE","Age Group","Road User Type Desc"
"T20190006479","5/4/19",15:30:00,"Collision with vehicle","Friday","Day",2,3,"T intersection",3,100,"A",2005,"DC UTE","NISSAN","Utility","M",57,"50-59","Drivers"
"T20190006479","5/4/19",15:30:00,"Collision with vehicle","Friday","Day",2,3,"T intersection",3,100,"B",2004,"S WAG","FORD","Station Wagon","M",69,"64-69","Drivers"
"T20190006480","25/1/19",09:00:00,"Struck animal","Friday","Unknown",1,2,"Not at intersection",2,80,"A",2015,"SEDAN","REN","Car","F",50,"50-59","Drivers"
"T20190006482","5/4/19",20:15:00,"Collision with vehicle","Friday","Dark Street lights on",2,4,"Not at intersection",2,60,"A",2013,"SEDAN","TOYOTA","Car","F",63,"60-64","Drivers"
"T20190006482","5/4/19",20:15:00,"Collision with vehicle","Friday","Dark Street lights on",2,4,"Not at intersection",2,60,"B",2017,"SEDAN","KIA","Car","F",26,"26-29","Drivers"
"T20190006484","5/4/19",22:25:00,"Struck Pedestrian","Friday","Dark Street lights on",1,3,"Cross intersection",2,60,"A",2010,"SEDAN","FORD","Car","M",18,"17-21","Drivers"
"T20190006485","5/4/19",21:40:00,"Collision with vehicle","Friday","Dark Street lights on",2,2,"Cross intersection",2,60,"A",1989,"VAN","TOYOTA","Panel Van","M",39,"30-39","Drivers"
"T20190006485","5/4/19",21:40:00,"Collision with vehicle","Friday","Dark Street lights on",2,2,"Cross intersection",2,60,"B",2015,"DC UTE","MITSUB","Utility","M",19,"17-21","Drivers"
"T20190006486","5/4/19",20:35:00,"Collision with vehicle","Friday","Dark Street lights on",2,2,"Cross intersection",3,60,"A",2011,"TRAY","MITSUB","Light Commercial Vehicle (Rigid) <= 4.5 Tonnes GVM","M",54,"50-59","Drivers"
"T20190006487","5/4/19",22:35:00,"Collision with vehicle","Friday","Dark No street lights",2,2,"Not at intersection",2,100,"A",2010,"UTIL","FORD","Utility","M",44,"40-49","Drivers"
"T20190006487","5/4/19",22:35:00,"Collision with vehicle","Friday","Dark No street lights",2,2,"Not at intersection",2,100,"B",2010,"TIPPER","VOLVO","Heavy Vehicle (Rigid) > 4.5 Tonnes","M",33,"30-39","Drivers"
"T20190006498","6/4/19",01:48:00,"Collision with vehicle","Saturday","Dark Street lights on",2,3,"Cross intersection",2,80,"A",2009,"WAGON","FORD","Station Wagon","M",55,"50-59","Drivers"
"T20190006498","6/4/19",01:48:00,"Collision with vehicle","Saturday","Dark Street lights on",2,3,"Cross intersection",2,80,"B",2014,"SEDAN","HYNDAI","Car","M",65,"64-69","Drivers"
"T20190006502","6/4/19",09:02:00,"Struck Pedestrian","Saturday","Day",1,2,"Cross intersection",3,60,"A",2013,"SEDAN","HOLDEN","Car","F",28,"26-29","Drivers"
"T20190006503","5/4/19",16:45:00,"Fall from or in moving vehicle","Friday","Day",1,2,"Not at intersection",3,100,"A",2011,"S WAG","TOYOTA","Station Wagon","M",32,"30-39","Drivers"
"T20190006507","6/4/19",10:15:00,"Collision with vehicle","Saturday","Day",2,3,"Cross intersection",3,50,"A",2014,"SEDAN","HYNDAI","Car","F",86,"70+","Drivers"
"T20190006507","6/4/19",10:15:00,"Collision with vehicle","Saturday","Day",2,3,"Cross intersection",3,50,"B",2010,"WAGON","HONDA","Station Wagon","F",37,"30-39","Drivers"
"T20190006508","6/4/19",11:22:00,"Collision with vehicle","Saturday","Day",2,4,"Not at intersection",3,60,"A",2001,"WAGON","NISSAN","Station Wagon","F",19,"17-21","Drivers"
"T20190006508","6/4/19",11:22:00,"Collision with vehicle","Saturday","Day",2,4,"Not at intersection",3,60,"B",2009,"SEDAN","MAZDA","Car","M",60,"60-64","Drivers"
"T20190006513","6/4/19",07:39:00,"Collision with a fixed object","Saturday","Day",1,2,"Multiple intersection",3,50,"A",2017,"C PUMP","FUSO","Light Commercial Vehicle (Rigid) <= 4.5 Tonnes GVM","M",24,"22-25","Drivers"
"T20190006516","6/4/19",13:47:00,"Collision with a fixed object","Saturday","Day",1,1,"T intersection",2,50,"A",2006,"SEDAN","MAZDA","Car","F",18,"17-21","Drivers"
"T20190006517","6/4/19",13:00:00,"Collision with vehicle","Saturday","Day",2,3,"T intersection",3,80,"A",2006,"SEDAN","AUDI","Car","F",38,"30-39","Drivers"
"T20190006517","6/4/19",13:00:00,"Collision with vehicle","Saturday","Day",2,3,"T intersection",3,80,"B",2012,"SEDAN","VOLKS","Car","M",39,"30-39","Drivers"
"T20190006518","5/4/19",17:54:00,"Collision with a fixed object","Friday","Day",1,2,"Not at intersection",3,60,"A",2012,"UTIL","HOLDEN","Utility","M",18,"17-21","Drivers"
"T20190006521","6/4/19",14:30:00,"Collision with vehicle","Saturday","Day",2,5,"Not at intersection",3,40,"A",1998,"SEDAN","MAZDA","Car","M",21,"17-21","Drivers"
"T20190006521","6/4/19",14:30:00,"Collision with vehicle","Saturday","Day",2,5,"Not at intersection",3,40,"B",2006,"SEDAN","HOLDEN","Car","M",47,"40-49","Drivers"
"T20190006523","6/4/19",14:29:00,"Collision with vehicle","Saturday","Day",2,2,"Cross intersection",2,60,"A",2001,"SEDAN","B M W","Car","M",47,"40-49","Drivers"
"T20190006523","6/4/19",14:29:00,"Collision with vehicle","Saturday","Day",2,2,"Cross intersection",2,60,"B",2006,"SEDAN","FORD","Car","M",48,"40-49","Drivers"
"T20190006525","4/4/19",05:50:00,"Collision with vehicle","Thursday","Dark Street lights unknown",2,2,"Not at intersection",3,999,"B",2018,"DC UTE","ISUZU","Utility","M",59,"50-59","Drivers"
"T20190006529","6/4/19",14:41:00,"Collision with a fixed object","Saturday","Day",1,1,"Not at intersection",2,80,"A",1994,"SEDAN","HOLDEN","Car","M",23,"22-25","Drivers"
"T20190006532","6/4/19",13:06:00,"Collision with vehicle","Saturday","Day",2,4,"T intersection",3,50,"A",2006,"WAGON","TOYOTA","Station Wagon","M",39,"30-39","Drivers"
"T20190006533","6/4/19",14:50:00,"Collision with a fixed object","Saturday","Day",1,1,"Not at intersection",2,50,"A",2013,"SEDAN","LEXUS","Car","M",88,"70+","Drivers"
"T20190006535","6/4/19",17:21:00,"Collision with vehicle","Saturday","Day",2,2,"Not at intersection",3,60,"A",2017,"SEDAN","HOLDEN","Car","M",24,"22-25","Drivers"
"T20190006535","6/4/19",17:21:00,"Collision with vehicle","Saturday","Day",2,2,"Not at intersection",3,60,"B",1999,"SEDAN","TOYOTA","Car","M",29,"26-29","Drivers"
"T20190006538","6/4/19",08:10:00,"Collision with vehicle","Saturday","Day",4,4,"T intersection",2,999,"A",2018,"DC UTE","FORD","Utility","M",25,"22-25","Drivers"
"T20190006538","6/4/19",08:10:00,"Collision with vehicle","Saturday","Day",4,4,"T intersection",2,999,"B",2005,"SEDAN","HOLDEN","Car","M",44,"40-49","Drivers"
"T20190006538","6/4/19",08:10:00,"Collision with vehicle","Saturday","Day",4,4,"T intersection",2,999,"C",2012,"WAGON","TOYOTA","Station Wagon","M",29,"26-29","Drivers"
"T20190006538","6/4/19",08:10:00,"Collision with vehicle","Saturday","Day",4,4,"T intersection",2,999,"D",2007,"S WAG","HOLDEN","Station Wagon","F",25,"22-25","Drivers"
"T20190006539","6/4/19",17:30:00,"Collision with a fixed object","Saturday","Day",1,3,"Not at intersection",3,100,"A",2015,"SEDAN","VOLVO","Car","M",21,"17-21","Drivers"
"T20190006540","6/4/19",18:16:00,"Collision with vehicle","Saturday","Day",3,3,"Not at intersection",3,100,"A",2006,"WAGON","FORD","Station Wagon","M",50,"50-59","Drivers"
"T20190006540","6/4/19",18:16:00,"Collision with vehicle","Saturday","Day",3,3,"Not at intersection",3,100,"B",2009,"SEDAN","MAZDA","Car","M",46,"40-49","Drivers"
"T20190006540","6/4/19",18:16:00,"Collision with vehicle","Saturday","Day",3,3,"Not at intersection",3,100,"C",2018,"WAGON","TOYOTA","Station Wagon","F",59,"50-59","Drivers"
"T20190006541","6/4/19",18:55:00,"Collision with vehicle","Saturday","Dusk/Dawn",2,2,"Cross intersection",3,60,"A",2017,"SEDAN","TOYOTA","Car","F",72,"70+","Drivers"
"T20190006542","6/4/19",13:43:00,"Collision with vehicle","Saturday","Day",2,3,"Y intersection",2,80,"A",2016,"WAGON","MAZDA","Station Wagon","M",55,"50-59","Drivers"
"T20190006542","6/4/19",13:43:00,"Collision with vehicle","Saturday","Day",2,3,"Y intersection",2,80,"B",2010,"DC UTE","MITSUB","Utility","M",18,"17-21","Drivers"
"T20190006543","6/4/19",15:45:00,"Collision with vehicle","Saturday","Day",2,2,"T intersection",2,40,"A",2007,"COUPE","HYNDAI","Car","F",50,"50-59","Drivers"
"T20190006545","6/4/19",19:45:00,"Struck animal","Saturday","Dark No street lights",1,3,"Not at intersection",2,100,"A",2017,"S WAG","TOYOTA","Station Wagon","F",28,"26-29","Drivers"
"T20190006546","6/4/19",18:31:00,"Collision with a fixed object","Saturday","Day",1,2,"Not at intersection",2,100,"A",1994,"SEDAN","HYNDAI","Car","F",28,"26-29","Drivers"
"T20190006548","6/4/19",22:30:00,"Collision with a fixed object","Saturday","Dark No street lights",1,1,"Not at intersection",3,100,"A",2003,"S WAG","FORD","Station Wagon","F",37,"30-39","Drivers"
"T20190006549","6/4/19",21:05:00,"collision with some other object","Saturday","Dark No street lights",2,3,"Not at intersection",2,80,"A",2015,"WAGON","NISSAN","Station Wagon","M",52,"50-59","Drivers"
"T20190006550","6/4/19",21:58:00,"Collision with a fixed object","Saturday","Dark Street lights unknown",1,1,"T intersection",3,50,"A",2005,"S WAG","HOLDEN","Station Wagon","M",36,"30-39","Drivers"
"T20190006552","6/4/19",15:20:00,"No collision and no object struck","Saturday","Day",1,1,"Not at intersection",1,100,"A",1996,"T SDS","MITSUB","Heavy Vehicle (Rigid) > 4.5 Tonnes","M",36,"30-39","Drivers"
"T20190006554","6/4/19",23:45:00,"Collision with vehicle","Saturday","Dark Street lights on",3,3,"Not at intersection",2,40,"B",2005,"G UNIT","ISUZU","Heavy Vehicle (Rigid) > 4.5 Tonnes","M",30,"30-39","Drivers"
"T20190006555","6/4/19",21:40:00,"Collision with a fixed object","Saturday","Dark No street lights",1,1,"Not at intersection",2,100,"A",2006,"SEDAN","MITSUB","Car","M",23,"22-25","Drivers"
"T20190006560","6/4/19",23:12:00,"Collision with vehicle","Saturday","Dark Street lights on",2,2,"T intersection",2,80,"A",2002,"SEDAN","HOLDEN","Car","M",30,"30-39","Drivers"
"T20190006560","6/4/19",23:12:00,"Collision with vehicle","Saturday","Dark Street lights on",2,2,"T intersection",2,80,"B",2011,"SEDAN","SUBARU","Car","F",39,"30-39","Drivers"
"T20190006563","21/3/19",11:35:00,"Collision with vehicle","Thursday","Day",2,3,"T intersection",3,60,"A",2008,"SEDAN","FORD","Car","F",40,"40-49","Drivers"
"T20190006563","21/3/19",11:35:00,"Collision with vehicle","Thursday","Day",2,3,"T intersection",3,60,"B",2013,"SEDAN","TOYOTA","Car","M",20,"17-21","Drivers"
"T20190006566","6/4/19",10:45:00,"Collision with a fixed object","Saturday","Day",1,1,"Not at intersection",3,100,"A",2005,"SEDAN","HOLDEN","Car","F",19,"17-21","Drivers"
"T20190006567","7/4/19",07:10:00,"Collision with vehicle","Sunday","Day",3,1,"Not at intersection",3,80,"A",2007,"S WAG","HOLDEN","Station Wagon","M",40,"40-49","Drivers"
"T20190006570","6/4/19",10:50:00,"Collision with vehicle","Saturday","Day",2,2,"Not at intersection",3,999,"A",2014,"TOURER","MERC B","Car","M",70,"70+","Drivers"
"T20190006570","6/4/19",10:50:00,"Collision with vehicle","Saturday","Day",2,2,"Not at intersection",3,999,"B",2018,"C MIX","KENWTH","Heavy Vehicle (Rigid) > 4.5 Tonnes","M",35,"30-39","Drivers"
"T20190006574","7/4/19",06:40:00,"Collision with vehicle","Sunday","Day",2,3,"T intersection",3,70,"A",2003,"SEDAN","FORD","Car","M",35,"30-39","Drivers"
"T20190006574","7/4/19",06:40:00,"Collision with vehicle","Sunday","Day",2,3,"T intersection",3,70,"B",2005,"SEDAN","FORD","Car","M",20,"17-21","Drivers"
"T20190006577","6/4/19",20:05:00,"Collision with vehicle","Saturday","Dark Street lights on",2,5,"Cross intersection",3,80,"A",2017,"SEDAN","HOLDEN","Car","F",27,"26-29","Drivers"
"T20190006577","6/4/19",20:05:00,"Collision with vehicle","Saturday","Dark Street lights on",2,5,"Cross intersection",3,80,"B",2008,"WAGON","TOYOTA","Station Wagon","F",25,"22-25","Drivers"
"T20190006579","7/4/19",11:57:00,"Collision with vehicle","Sunday","Day",2,3,"Not at intersection",3,50,"A",1998,"SEDAN","VOLKS","Car","F",18,"17-21","Drivers"
"T20190006580","7/4/19",12:35:00,"Collision with vehicle","Sunday","Day",4,11,"Not at intersection",3,80,"A",2006,"SEDAN","SAAB","Car","M",36,"30-39","Drivers"
"T20190006580","7/4/19",12:35:00,"Collision with vehicle","Sunday","Day",4,11,"Not at intersection",3,80,"B",2018,"SEDAN","MERC B","Car","M",30,"30-39","Drivers"
"T20190006580","7/4/19",12:35:00,"Collision with vehicle","Sunday","Day",4,11,"Not at intersection",3,80,"C",2009,"SEDAN","FORD","Car","M",43,"40-49","Drivers"
"T20190006580","7/4/19",12:35:00,"Collision with vehicle","Sunday","Day",4,11,"Not at intersection",3,80,"D",2006,"S WAG","VOLKS","Station Wagon","M",45,"40-49","Drivers"
"T20190006581","7/4/19",13:35:00,"Collision with vehicle","Sunday","Day",2,2,"Cross intersection",3,60,"A",2018,"UTIL","CHEV","Utility","M",30,"30-39","Drivers"
"T20190006586","7/4/19",12:14:00,"Collision with vehicle","Sunday","Day",2,2,"T intersection",3,60,"A",2008,"SEDAN","HONDA","Car","F",32,"30-39","Drivers"
"T20190006586","7/4/19",12:14:00,"Collision with vehicle","Sunday","Day",2,2,"T intersection",3,60,"B",2014,"SEDAN","LEXUS","Car","M",25,"22-25","Drivers"
"T20190006587","1/4/19",19:30:00,"Collision with vehicle","Monday","Dark Street lights on",2,4,"T intersection",3,60,"A",2005,"SEDAN","HOLDEN","Car","F",47,"40-49","Drivers"
"T20190006589","7/4/19",12:00:00,"Collision with vehicle","Sunday","Day",2,4,"T intersection",2,60,"A",2012,"SEDAN","TOYOTA","Car","M",79,"70+","Drivers"
"T20190006589","7/4/19",12:00:00,"Collision with vehicle","Sunday","Day",2,4,"T intersection",2,60,"B",2006,"SEDAN","HOLDEN","Car","M",22,"22-25","Drivers"
"T20190006591","7/4/19",12:20:00,"Collision with vehicle","Sunday","Day",2,2,"Not at intersection",2,80,"A",2013,"SEDAN","NISSAN","Car","M",35,"30-39","Drivers"
"T20190006591","7/4/19",12:20:00,"Collision with vehicle","Sunday","Day",2,2,"Not at intersection",2,80,"B",2008,"SEDAN","VOLKS","Car","M",60,"60-64","Drivers"
"T20190006596","7/4/19",13:53:00,"Collision with vehicle","Sunday","Day",2,2,"Not at intersection",3,60,"A",1994,"SEDAN","TOYOTA","Car","F",80,"70+","Drivers"
"T20190006596","7/4/19",13:53:00,"Collision with vehicle","Sunday","Day",2,2,"Not at intersection",3,60,"B",2013,"SEDAN","TOYOTA","Car","M",23,"22-25","Drivers"
"T20190006597","7/4/19",15:30:00,"Struck Pedestrian","Sunday","Day",1,2,"Not at intersection",3,60,"A",2012,"WAGON","SUBARU","Station Wagon","F",78,"70+","Drivers"
"T20190006598","7/4/19",11:50:00,"Vehicle overturned (no collision)","Sunday","Day",2,3,"Not at intersection",2,100,"A",2014,"S WAG","HOLDEN","Station Wagon","F",29,"26-29","Drivers"
"T20190006603","7/4/19",15:50:00,"Collision with vehicle","Sunday","Day",2,3,"Not at intersection",3,80,"A",2013,"WAGON","MITSUB","Station Wagon","F",30,"30-39","Drivers"
"T20190006603","7/4/19",15:50:00,"Collision with vehicle","Sunday","Day",2,3,"Not at intersection",3,80,"B",2011,"WAGON","HOLDEN","Station Wagon","F",18,"17-21","Drivers"
"T20190006606","7/4/19",16:00:00,"Collision with vehicle","Sunday","Day",2,2,"T intersection",3,60,"A",2009,"SEDAN","HOLDEN","Car","M",32,"30-39","Drivers"
"T20190006607","7/4/19",15:26:00,"Collision with vehicle","Sunday","Day",2,8,"T intersection",3,60,"A",2011,"S WAG","NISSAN","Station Wagon","M",33,"30-39","Drivers"
"T20190006607","7/4/19",15:26:00,"Collision with vehicle","Sunday","Day",2,8,"T intersection",3,60,"B",2014,"S WAG","ISUZU","Station Wagon","F",67,"64-69","Drivers"
"T20190006609","7/4/19",18:00:00,"Struck Pedestrian","Sunday","Dusk/Dawn",1,2,"Cross intersection",2,60,"A",2010,"SEDAN","TOYOTA","Car","F",70,"70+","Drivers"
"T20190006610","7/4/19",16:37:00,"Collision with vehicle","Sunday","Day",2,3,"Not at intersection",2,100,"A",2002,"DC UTE","NISSAN","Utility","M",30,"30-39","Drivers"
"T20190006610","7/4/19",16:37:00,"Collision with vehicle","Sunday","Day",2,3,"Not at intersection",2,100,"B",2006,"WAGON","MAZDA","Station Wagon","F",38,"30-39","Drivers"
"T20190006611","7/4/19",14:35:00,"Collision with vehicle","Sunday","Day",2,2,"Not at intersection",3,60,"A",2014,"COUPE","TOYOTA","Car","M",20,"17-21","Drivers"
"T20190006611","7/4/19",14:35:00,"Collision with vehicle","Sunday","Day",2,2,"Not at intersection",3,60,"B",2014,"SEDAN","HOLDEN","Car","F",40,"40-49","Drivers"
"T20190006612","7/4/19",16:53:00,"Collision with vehicle","Sunday","Day",2,5,"Not at intersection",1,100,"A",2009,"SEDAN","FORD","Car","F",64,"60-64","Drivers"
"T20190006612","7/4/19",16:53:00,"Collision with vehicle","Sunday","Day",2,5,"Not at intersection",1,100,"B",2008,"SEDAN","TOYOTA","Car","M",36,"30-39","Drivers"
"T20190006613","7/4/19",17:15:00,"Collision with vehicle","Sunday","Day",2,6,"T intersection",2,100,"A",2016,"WAGON","PEUG","Station Wagon","F",43,"40-49","Drivers"
"T20190006613","7/4/19",17:15:00,"Collision with vehicle","Sunday","Day",2,6,"T intersection",2,100,"B",2006,"SEDAN","HOLDEN","Car","M",25,"22-25","Drivers"
"T20190006615","7/4/19",16:30:00,"Collision with vehicle","Sunday","Day",2,3,"Not at intersection",3,70,"A",2017,"SEDAN","HOLDEN","Car","M",31,"30-39","Drivers"
"T20190006615","7/4/19",16:30:00,"Collision with vehicle","Sunday","Day",2,3,"Not at intersection",3,70,"B",2014,"WAGON","TOYOTA","Station Wagon","M",32,"30-39","Drivers"
"T20190006616","7/4/19",17:00:00,"Collision with vehicle","Sunday","Day",2,3,"Cross intersection",3,80,"A",2007,"SEDAN","KIA","Car","M",29,"26-29","Drivers"
"T20190006616","7/4/19",17:00:00,"Collision with vehicle","Sunday","Day",2,3,"Cross intersection",3,80,"B",2010,"SEDAN","TOYOTA","Car","M",22,"22-25","Drivers"
"T20190006617","6/4/19",22:00:00,"Collision with vehicle","Saturday","Dark Street lights on",2,2,"T intersection",3,60,"B",2011,"UTIL","HOLDEN","Utility","M",18,"17-21","Drivers"
"T20190006618","7/4/19",18:00:00,"Collision with a fixed object","Sunday","Dusk/Dawn",1,1,"Cross intersection",3,70,"A",2003,"COUPE","VOLKS","Car","F",68,"64-69","Drivers"
"T20190006620","7/4/19",15:20:00,"Collision with vehicle","Sunday","Day",2,2,"Not at intersection",3,60,"A",2012,"SEDAN","TOYOTA","Car","M",37,"30-39","Drivers"
"T20190006623","7/4/19",14:00:00,"Collision with vehicle","Sunday","Day",2,2,"T intersection",3,60,"A",2015,"SEDAN","SUBARU","Car","M",24,"22-25","Drivers"
"T20190006630","7/4/19",11:44:00,"Collision with vehicle","Sunday","Day",2,5,"Not at intersection",2,80,"A",2014,"P MVR","W STAR","Prime Mover Only","M",35,"30-39","Drivers"
"T20190006630","7/4/19",11:44:00,"Collision with vehicle","Sunday","Day",2,5,"Not at intersection",2,80,"B",2014,"S WAG","MAZDA","Station Wagon","F",31,"30-39","Drivers"
"T20190006631","8/4/19",07:30:00,"Collision with vehicle","Monday","Day",2,3,"Not at intersection",2,60,"A",2013,"SEDAN","HYNDAI","Car","M",54,"50-59","Drivers"
"T20190006633","8/4/19",05:52:00,"Collision with a fixed object","Monday","Dark Street lights on",1,2,"Cross intersection",1,60,"A",2010,"UTIL","NISSAN","Utility","M",34,"30-39","Drivers"
"T20190006634","28/3/19",14:20:00,"Struck Pedestrian","Thursday","Day",1,2,"Not at intersection",2,50,"A",2017,"WAGON","VOLKS","Station Wagon","M",83,"70+","Drivers"
"T20190006635","8/4/19",06:20:00,"Vehicle overturned (no collision)","Monday","Dark No street lights",1,1,"Not at intersection",2,100,"A",2006,"SEDAN","HOLDEN","Car","F",39,"30-39","Drivers"
"T20190006638","8/4/19",07:16:00,"Collision with vehicle","Monday","Day",2,2,"Multiple intersection",2,60,"A",2018,"SEDAN","KIA","Car","F",29,"26-29","Drivers"
"T20190006638","8/4/19",07:16:00,"Collision with vehicle","Monday","Day",2,2,"Multiple intersection",2,60,"B",2017,"SEDAN","SUZUKI","Car","F",20,"17-21","Drivers"
"T20190006639","8/4/19",09:30:00,"Collision with vehicle","Monday","Day",2,2,"T intersection",3,80,"A",2007,"SEDAN","MAZDA","Car","M",77,"70+","Drivers"
"T20190006639","8/4/19",09:30:00,"Collision with vehicle","Monday","Day",2,2,"T intersection",3,80,"B",2015,"VAN","TOYOTA","Panel Van","F",47,"40-49","Drivers"
"T20190006640","8/4/19",11:10:00,"Collision with vehicle","Monday","Day",4,4,"Not at intersection",3,100,"A",2008,"TRAY","ISUZU","Light Commercial Vehicle (Rigid) <= 4.5 Tonnes GVM","M",33,"30-39","Drivers"
"T20190006640","8/4/19",11:10:00,"Collision with vehicle","Monday","Day",4,4,"Not at intersection",3,100,"B",2006,"VAN","HINO","Light Commercial Vehicle (Rigid) <= 4.5 Tonnes GVM","M",51,"50-59","Drivers"
"T20190006640","8/4/19",11:10:00,"Collision with vehicle","Monday","Day",4,4,"Not at intersection",3,100,"C",2007,"TILTER","HINO","Light Commercial Vehicle (Rigid) <= 4.5 Tonnes GVM","M",63,"60-64","Drivers"
"T20190006640","8/4/19",11:10:00,"Collision with vehicle","Monday","Day",4,4,"Not at intersection",3,100,"D",1999,"VAN","ISUZU","Light Commercial Vehicle (Rigid) <= 4.5 Tonnes GVM","M",62,"60-64","Drivers"
"T20190006642","8/4/19",09:45:00,"Collision with vehicle","Monday","Day",2,2,"T intersection",3,60,"B",2014,"WAGON","MITSUB","Station Wagon","M",69,"64-69","Drivers"
"T20190006643","8/4/19",09:05:00,"Collision with a fixed object","Monday","Day",1,1,"Not at intersection",3,80,"A",1995,"SED","FORD","Car","F",22,"22-25","Drivers"
"T20190006646","5/4/19",17:30:00,"Collision with vehicle","Friday","Day",3,3,"Not at intersection",3,100,"A",2015,"TRAY","HINO","Light Commercial Vehicle (Rigid) <= 4.5 Tonnes GVM","M",25,"22-25","Drivers"
"T20190006646","5/4/19",17:30:00,"Collision with vehicle","Friday","Day",3,3,"Not at intersection",3,100,"B",2015,"WAGON","TOYOTA","Station Wagon","F",41,"40-49","Drivers"
"T20190006646","5/4/19",17:30:00,"Collision with vehicle","Friday","Day",3,3,"Not at intersection",3,100,"C",2019,"SEDAN","MAZDA","Car","M",44,"40-49","Drivers"
"T20190006648","8/4/19",12:05:00,"Collision with vehicle","Monday","Day",2,2,"Cross intersection",3,50,"A",2010,"WAGON","HYNDAI","Station Wagon","F",30,"30-39","Drivers"
"T20190006648","8/4/19",12:05:00,"Collision with vehicle","Monday","Day",2,2,"Cross intersection",3,50,"B",2003,"SEDAN","MAZDA","Car","F",54,"50-59","Drivers"
"T20190006651","8/4/19",11:12:00,"Collision with vehicle","Monday","Day",2,2,"T intersection",3,50,"A",2003,"SEDAN","FORD","Car","M",21,"17-21","Drivers"
"T20190006651","8/4/19",11:12:00,"Collision with vehicle","Monday","Day",2,2,"T intersection",3,50,"B",2017,"WAGON","AUDI","Station Wagon","F",34,"30-39","Drivers"
"T20190006654","14/2/19",14:30:00,"Collision with vehicle","Thursday","Day",2,2,"Not at intersection",3,80,"A",2009,"COUPE","HYNDAI","Car","F",61,"60-64","Drivers"
"T20190006654","14/2/19",14:30:00,"Collision with vehicle","Thursday","Day",2,2,"Not at intersection",3,80,"B",2002,"SEDAN","HOLDEN","Car","M",23,"22-25","Drivers"
"T20190006655","8/4/19",11:10:00,"Struck Pedestrian","Monday","Day",1,2,"Cross intersection",1,60,"A",2014,"SEDAN","HYNDAI","Car","F",78,"70+","Drivers"
"T20190006663","8/4/19",14:32:00,"Collision with vehicle","Monday","Day",2,4,"Cross intersection",3,80,"A",2013,"WAGON","HYNDAI","Station Wagon","F",58,"50-59","Drivers"
"T20190006663","8/4/19",14:32:00,"Collision with vehicle","Monday","Day",2,4,"Cross intersection",3,80,"B",2015,"WAGON","KIA","Station Wagon","F",16,"16-17","Drivers"
"T20190006664","29/3/19",16:38:00,"Collision with vehicle","Friday","Day",2,4,"T intersection",3,60,"A",2009,"SEDAN","B M W","Car","F",31,"30-39","Drivers"
"T20190006664","29/3/19",16:38:00,"Collision with vehicle","Friday","Day",2,4,"T intersection",3,60,"B",2016,"SEDAN","HOLDEN","Car","F",NA,"unknown","Drivers"
"T20190006672","8/4/19",16:15:00,"Collision with vehicle","Monday","Day",2,2,"Not at intersection",2,80,"A",2015,"SEDAN","HOLDEN","Car","F",19,"17-21","Drivers"
"T20190006673","19/3/19",09:10:00,"Collision with vehicle","Tuesday","Day",2,2,"Y intersection",3,50,"A",2004,"DC UTE","NISSAN","Utility","F",20,"17-21","Drivers"
"T20190006673","19/3/19",09:10:00,"Collision with vehicle","Tuesday","Day",2,2,"Y intersection",3,50,"B",2001,"UTIL","FORD","Utility","M",38,"30-39","Drivers"
"T20190006679","8/4/19",17:45:00,"Struck Pedestrian","Monday","Dusk/Dawn",1,2,"Not at intersection",3,50,"A",2012,"SEDAN","HOLDEN","Car","M",26,"26-29","Drivers"
"T20190006681","8/4/19",17:38:00,"Collision with a fixed object","Monday","Day",1,1,"Cross intersection",2,60,"A",2004,"DC UTE","HOLDEN","Utility","M",48,"40-49","Drivers"
"T20190006685","8/4/19",19:00:00,"Collision with vehicle","Monday","Dark Street lights on",3,4,"T intersection",3,60,"A",2005,"SEDAN","MERC B","Car","U",21,"17-21","Drivers"
"T20190006685","8/4/19",19:00:00,"Collision with vehicle","Monday","Dark Street lights on",3,4,"T intersection",3,60,"B",1997,"SEDAN","TOYOTA","Car","M",56,"50-59","Drivers"
"T20190006685","8/4/19",19:00:00,"Collision with vehicle","Monday","Dark Street lights on",3,4,"T intersection",3,60,"C",2015,"VAN","U D","Heavy Vehicle (Rigid) > 4.5 Tonnes","M",28,"26-29","Drivers"
"T20190006686","8/4/19",18:10:00,"Struck Pedestrian","Monday","Dark Street lights on",1,3,"Not at intersection",3,70,"A",2006,"SEDAN","HOLDEN","Car","M",20,"17-21","Drivers"
"T20190006690","8/4/19",19:10:00,"Vehicle overturned (no collision)","Monday","Dark Street lights on",2,2,"Not at intersection",1,60,"A",2017,"S WAG","MAZDA","Station Wagon","F",54,"50-59","Drivers"
"T20190006690","8/4/19",19:10:00,"Vehicle overturned (no collision)","Monday","Dark Street lights on",2,2,"Not at intersection",1,60,"B",2002,"DC UTE","TOYOTA","Utility","M",51,"50-59","Drivers"
"T20190006691","3/4/19",18:15:00,"Collision with vehicle","Wednesday","Day",2,2,"Not at intersection",3,50,"A",2007,"WAGON","HOLDEN","Station Wagon","F",44,"40-49","Drivers"