"ACCIDENT_NO","ACCIDENTDATE","ACCIDENTTIME","Accident Type Desc","Day Week Description","Light Condition Desc","NO_OF_VEHICLES","NO_PERSONS","Road Geometry Desc","SEVERITY","SPEED_ZONE","VEHICLE_ID","VEHICLE_YEAR_MANUF","VEHICLE_BODY_STYLE","VEHICLE_MAKE","Vehicle Type Desc","SEX","AGE","Age Group","Road User Type Desc"
"T20190006693","8/4/19",16:30:00,"Collision with vehicle","Monday","Day",2,2,"Cross intersection",3,50,"A",2017,"WAGON","MAZDA","Station Wagon","F",51,"50-59","Drivers"
"T20190006697","6/4/19",17:15:00,"Collision with vehicle","Saturday","Day",2,2,"T intersection",2,60,"A",2017,"WAGON","NISSAN","Station Wagon","M",65,"64-69","Drivers"
"T20190006698","9/4/19",07:30:00,"Struck animal","Tuesday","Dusk/Dawn",1,1,"Not at intersection",3,100,"A",2018,"SEDAN","SUBARU","Car","M",61,"60-64","Drivers"
"T20190006700","9/4/19",06:15:00,"Collision with a fixed object","Tuesday","Dusk/Dawn",1,1,"Not at intersection",2,100,"A",2006,"DC UTE","SSANGY","Utility","M",78,"70+","Drivers"
"T20190006701","5/4/19",14:00:00,"Collision with vehicle","Friday","Day",2,3,"T intersection",3,60,"A",2005,"SEDAN","SUZUKI","Car","M",63,"60-64","Drivers"
"T20190006701","5/4/19",14:00:00,"Collision with vehicle","Friday","Day",2,3,"T intersection",3,60,"B",2018,"T SDS","TOYOTA","Utility","M",22,"22-25","Drivers"
"T20190006704","8/4/19",15:20:00,"Collision with vehicle","Monday","Day",2,2,"Cross intersection",3,50,"A",2013,"WAGON","TOYOTA","Station Wagon","F",33,"30-39","Drivers"
"T20190006705","9/4/19",09:45:00,"Collision with vehicle","Tuesday","Day",2,3,"Cross intersection",3,80,"A",2008,"SEDAN","TOYOTA","Car","M",72,"70+","Drivers"
"T20190006705","9/4/19",09:45:00,"Collision with vehicle","Tuesday","Day",2,3,"Cross intersection",3,80,"B",2014,"WAGON","KIA","Station Wagon","F",73,"70+","Drivers"
"T20190006706","9/4/19",08:50:00,"Collision with a fixed object","Tuesday","Day",1,2,"T intersection",2,60,"A",2006,"VAN","TOYOTA","Panel Van","M",26,"26-29","Drivers"
"T20190006707","9/4/19",09:11:00,"Collision with vehicle","Tuesday","Day",2,2,"Not at intersection",3,100,"A",2019,"P MVR","DAF","Prime Mover - Single Trailer","M",56,"50-59","Drivers"
"T20190006707","9/4/19",09:11:00,"Collision with vehicle","Tuesday","Day",2,2,"Not at intersection",3,100,"B",2008,"SEDAN","MERC B","Car","F",36,"30-39","Drivers"
"T20190006708","5/4/19",20:00:00,"Struck Pedestrian","Friday","Dark Street lights on",1,2,"T intersection",3,40,"A",0,"SEDAN","UNKN","Car","U",NA,"unknown","Drivers"
"T20190006709","9/4/19",09:00:00,"Collision with vehicle","Tuesday","Day",2,4,"T intersection",2,60,"A",2008,"SEDAN","HOLDEN","Car","F",38,"30-39","Drivers"
"T20190006709","9/4/19",09:00:00,"Collision with vehicle","Tuesday","Day",2,4,"T intersection",2,60,"B",2009,"SEDAN","HONDA","Car","M",29,"26-29","Drivers"
"T20190006710","8/4/19",17:30:00,"Collision with vehicle","Monday","Day",2,3,"Not at intersection",3,40,"A",2013,"SEDAN","VOLKS","Car","M",33,"30-39","Drivers"
"T20190006711","9/4/19",11:35:00,"Collision with vehicle","Tuesday","Unknown",3,1,"Not at intersection",3,60,"A",2013,"SEDAN","TOYOTA","Car","F",93,"70+","Drivers"
"T20190006712","21/3/19",15:00:00,"Collision with vehicle","Thursday","Day",2,2,"Cross intersection",3,60,"A",2001,"SED","MAZDA","Car","F",46,"40-49","Drivers"
"T20190006713","9/4/19",11:10:00,"Collision with vehicle","Tuesday","Day",3,1,"Not at intersection",3,40,"C",2014,"S WAG","HONDA","Station Wagon","F",50,"50-59","Drivers"
"T20190006717","9/4/19",13:20:00,"Collision with vehicle","Tuesday","Day",2,2,"Not at intersection",3,40,"A",2018,"VAN","VOLKS","Panel Van","M",34,"30-39","Drivers"
"T20190006719","8/4/19",21:53:00,"Collision with vehicle","Monday","Dark Street lights on",2,5,"T intersection",3,80,"A",2017,"WAGON","KIA","Station Wagon","F",33,"30-39","Drivers"
"T20190006719","8/4/19",21:53:00,"Collision with vehicle","Monday","Dark Street lights on",2,5,"T intersection",3,80,"B",2012,"S WAG","MAZDA","Station Wagon","M",18,"17-21","Drivers"
"T20190006720","9/4/19",09:20:00,"Collision with a fixed object","Tuesday","Day",1,1,"Not at intersection",3,100,"A",2008,"WAGON","TOYOTA","Station Wagon","M",42,"40-49","Drivers"
"T20190006721","5/2/19",17:45:00,"Collision with vehicle","Tuesday","Dusk/Dawn",3,3,"T intersection",3,60,"A",2014,"SEDAN","TOYOTA","Car","M",34,"30-39","Drivers"
"T20190006721","5/2/19",17:45:00,"Collision with vehicle","Tuesday","Dusk/Dawn",3,3,"T intersection",3,60,"C",2007,"SEDAN","TOYOTA","Car","M",26,"26-29","Drivers"
"T20190006724","9/4/19",08:10:00,"Collision with vehicle","Tuesday","Day",2,2,"Cross intersection",2,40,"B",2014,"SEDAN","MERC B","Car","M",75,"70+","Drivers"
"T20190006725","9/4/19",12:40:00,"Collision with vehicle","Tuesday","Day",3,3,"T intersection",2,50,"A",2008,"WAGON","B M W","Station Wagon","M",65,"64-69","Drivers"
"T20190006725","9/4/19",12:40:00,"Collision with vehicle","Tuesday","Day",3,3,"T intersection",2,50,"B",2014,"SEDAN","TOYOTA","Car","F",76,"70+","Drivers"
"T20190006725","9/4/19",12:40:00,"Collision with vehicle","Tuesday","Day",3,3,"T intersection",2,50,"C",2008,"SEDAN","HYNDAI","Car","F",63,"60-64","Drivers"
"T20190006726","9/4/19",15:03:00,"Collision with vehicle","Tuesday","Day",4,4,"Not at intersection",2,60,"A",2005,"UTIL","HOLDEN","Utility","M",41,"40-49","Drivers"
"T20190006726","9/4/19",15:03:00,"Collision with vehicle","Tuesday","Day",4,4,"Not at intersection",2,60,"B",1990,"SEDAN","TOYOTA","Car","F",59,"50-59","Drivers"
"T20190006726","9/4/19",15:03:00,"Collision with vehicle","Tuesday","Day",4,4,"Not at intersection",2,60,"C",2005,"SEDAN","HONDA","Car","M",31,"30-39","Drivers"
"T20190006726","9/4/19",15:03:00,"Collision with vehicle","Tuesday","Day",4,4,"Not at intersection",2,60,"D",2016,"SEDAN","MERC B","Car","M",72,"70+","Drivers"
"T20190006732","26/3/19",14:20:00,"Collision with vehicle","Tuesday","Day",2,2,"Not at intersection",3,40,"A",2012,"SEDAN","TOYOTA","Taxi","M",29,"26-29","Drivers"
"T20190006735","9/4/19",14:30:00,"Struck Pedestrian","Tuesday","Day",1,2,"Cross intersection",3,999,"A",2001,"SEDAN","HYNDAI","Car","F",67,"64-69","Drivers"
"T20190006736","9/4/19",17:20:00,"Collision with vehicle","Tuesday","Day",2,4,"T intersection",3,50,"A",2013,"WAGON","KIA","Station Wagon","F",32,"30-39","Drivers"
"T20190006736","9/4/19",17:20:00,"Collision with vehicle","Tuesday","Day",2,4,"T intersection",3,50,"B",2002,"UTIL","FORD","Utility","M",30,"30-39","Drivers"
"T20190006737","8/4/19",18:15:00,"Collision with vehicle","Monday","Dusk/Dawn",2,2,"T intersection",3,80,"A",2006,"SEDAN","FORD","Car","F",25,"22-25","Drivers"
"T20190006737","8/4/19",18:15:00,"Collision with vehicle","Monday","Dusk/Dawn",2,2,"T intersection",3,80,"B",2018,"SEDAN","MAZDA","Car","M",77,"70+","Drivers"
"T20190006739","9/4/19",15:10:00,"Collision with vehicle","Tuesday","Day",8,4,"Cross intersection",3,50,"A",2006,"SEDAN","MAZDA","Car","F",28,"26-29","Drivers"
"T20190006739","9/4/19",15:10:00,"Collision with vehicle","Tuesday","Day",8,4,"Cross intersection",3,50,"B",2016,"UTIL","MITSUB","Utility","M",27,"26-29","Drivers"
"T20190006739","9/4/19",15:10:00,"Collision with vehicle","Tuesday","Day",8,4,"Cross intersection",3,50,"C",2007,"WAGON","MAZDA","Station Wagon","F",34,"30-39","Drivers"
"T20190006743","9/4/19",16:46:00,"Collision with vehicle","Tuesday","Day",2,2,"Cross intersection",3,60,"A",2008,"TOURER","HOLDEN","Car","F",47,"40-49","Drivers"
"T20190006744","9/4/19",18:20:00,"Collision with vehicle","Tuesday","Dark Street lights on",2,3,"Cross intersection",3,60,"A",2006,"S WAG","SUBARU","Station Wagon","M",20,"17-21","Drivers"
"T20190006744","9/4/19",18:20:00,"Collision with vehicle","Tuesday","Dark Street lights on",2,3,"Cross intersection",3,60,"B",2009,"SEDAN","MAZDA","Car","F",30,"30-39","Drivers"
"T20190006747","9/4/19",17:49:00,"Collision with vehicle","Tuesday","Dusk/Dawn",2,2,"T intersection",3,50,"A",2015,"WAGON","HONDA","Station Wagon","F",67,"64-69","Drivers"
"T20190006749","9/4/19",17:30:00,"Collision with vehicle","Tuesday","Day",2,2,"T intersection",3,40,"A",2014,"SEDAN","FORD","Taxi","M",63,"60-64","Drivers"
"T20190006750","9/4/19",15:40:00,"Collision with vehicle","Tuesday","Day",2,2,"T intersection",2,80,"A",2014,"WAGON","FORD","Station Wagon","F",53,"50-59","Drivers"
"T20190006753","9/4/19",19:19:00,"Collision with vehicle","Tuesday","Dark Street lights on",2,2,"T intersection",3,80,"A",2008,"DC UTE","TOYOTA","Utility","M",31,"30-39","Drivers"
"T20190006753","9/4/19",19:19:00,"Collision with vehicle","Tuesday","Dark Street lights on",2,2,"T intersection",3,80,"B",2007,"SEDAN","HYNDAI","Car","F",22,"22-25","Drivers"
"T20190006754","9/4/19",17:30:00,"Collision with vehicle","Tuesday","Day",2,2,"Not at intersection",3,100,"A",2006,"SEDAN","HOLDEN","Car","M",30,"30-39","Drivers"
"T20190006757","9/4/19",16:10:00,"Collision with a fixed object","Tuesday","Day",3,1,"Not at intersection",2,50,"A",2008,"WAGON","HONDA","Station Wagon","M",63,"60-64","Drivers"
"T20190006758","9/4/19",19:45:00,"Collision with vehicle","Tuesday","Unknown",2,2,"Not at intersection",3,40,"B",2002,"SEDAN","MERC B","Car","M",25,"22-25","Drivers"
"T20190006760","9/4/19",18:51:00,"Collision with vehicle","Tuesday","Dark Street lights on",2,2,"Not at intersection",3,60,"A",2006,"SEDAN","TOYOTA","Car","F",56,"50-59","Drivers"
"T20190006760","9/4/19",18:51:00,"Collision with vehicle","Tuesday","Dark Street lights on",2,2,"Not at intersection",3,60,"B",2018,"WAGON","TOYOTA","Station Wagon","F",47,"40-49","Drivers"
"T20190006761","9/4/19",20:30:00,"Collision with a fixed object","Tuesday","Dark No street lights",1,1,"Not at intersection",3,100,"A",0,"SED","SUZUKI","Car","F",18,"17-21","Drivers"
"T20190006762","9/4/19",18:00:00,"Collision with vehicle","Tuesday","Day",2,2,"Not at intersection",3,60,"A",2012,"WAGON","JEEP","Station Wagon","M",56,"50-59","Drivers"
"T20190006762","9/4/19",18:00:00,"Collision with vehicle","Tuesday","Day",2,2,"Not at intersection",3,60,"B",2007,"SEDAN","TOYOTA","Car","F",46,"40-49","Drivers"
"T20190006763","9/4/19",22:00:00,"Struck Pedestrian","Tuesday","Dark Street lights on",1,2,"Cross intersection",2,40,"A",0,NA,"UNKN","Taxi","U",NA,"unknown","Drivers"
"T20190006764","9/4/19",23:40:00,"Collision with vehicle","Tuesday","Dark No street lights",2,2,"Not at intersection",2,100,"A",2014,"WAGON","NISSAN","Station Wagon","F",26,"26-29","Drivers"
"T20190006764","9/4/19",23:40:00,"Collision with vehicle","Tuesday","Dark No street lights",2,2,"Not at intersection",2,100,"B",2006,"SEDAN","HOLDEN","Car","M",31,"30-39","Drivers"
"T20190006765","5/4/19",16:45:00,"Collision with vehicle","Friday","Day",2,2,"Not at intersection",3,60,"A",2009,"SEDAN","HOLDEN","Car","M",45,"40-49","Drivers"
"T20190006765","5/4/19",16:45:00,"Collision with vehicle","Friday","Day",2,2,"Not at intersection",3,60,"B",2013,"SEDAN","MAZDA","Car","F",31,"30-39","Drivers"
"T20190006767","10/4/19",05:30:00,"Collision with a fixed object","Wednesday","Dark Street lights on",1,1,"T intersection",2,70,"A",2000,"UTIL","HOLDEN","Utility","M",18,"17-21","Drivers"
"T20190006768","10/4/19",07:05:00,"Collision with vehicle","Wednesday","Day",3,4,"T intersection",3,60,"A",2012,"DC UTE","MITSUB","Utility","M",70,"70+","Drivers"
"T20190006768","10/4/19",07:05:00,"Collision with vehicle","Wednesday","Day",3,4,"T intersection",3,60,"B",2007,"WAGON","SUBARU","Station Wagon","M",33,"30-39","Drivers"
"T20190006768","10/4/19",07:05:00,"Collision with vehicle","Wednesday","Day",3,4,"T intersection",3,60,"C",2008,"SEDAN","MAZDA","Car","F",25,"22-25","Drivers"
"T20190006770","10/4/19",07:09:00,"Collision with vehicle","Wednesday","Day",3,5,"Cross intersection",3,60,"A",2017,"TRAY","MAZDA","Utility","M",29,"26-29","Drivers"
"T20190006770","10/4/19",07:09:00,"Collision with vehicle","Wednesday","Day",3,5,"Cross intersection",3,60,"B",2003,"SEDAN","TOYOTA","Car","F",31,"30-39","Drivers"
"T20190006770","10/4/19",07:09:00,"Collision with vehicle","Wednesday","Day",3,5,"Cross intersection",3,60,"C",2018,"WAGON","MAZDA","Station Wagon","F",56,"50-59","Drivers"
"T20190006772","10/4/19",06:30:00,"Collision with vehicle","Wednesday","Dusk/Dawn",2,2,"Multiple intersection",2,60,"A",2010,"SEDAN","HONDA","Car","M",59,"50-59","Drivers"
"T20190006773","28/3/19",18:25:00,"Collision with vehicle","Thursday","Day",2,2,"Cross intersection",3,60,"A",1999,"UTIL","HOLDEN","Utility","F",62,"60-64","Drivers"
"T20190006773","28/3/19",18:25:00,"Collision with vehicle","Thursday","Day",2,2,"Cross intersection",3,60,"B",2009,"SEDAN","TOYOTA","Car","M",54,"50-59","Drivers"
"T20190006777","9/4/19",08:25:00,"Collision with vehicle","Tuesday","Day",2,3,"Not at intersection",3,40,"A",2011,"WAGON","HONDA","Station Wagon","M",42,"40-49","Drivers"
"T20190006779","10/4/19",12:04:00,"Collision with vehicle","Wednesday","Day",2,2,"Cross intersection",2,60,"A",2012,"SEDAN","TOYOTA","Car","F",61,"60-64","Drivers"
"T20190006779","10/4/19",12:04:00,"Collision with vehicle","Wednesday","Day",2,2,"Cross intersection",2,60,"B",2004,"UTIL","HOLDEN","Utility","M",52,"50-59","Drivers"
"T20190006781","9/4/19",22:40:00,"Collision with vehicle","Tuesday","Dark Street lights unknown",2,2,"Cross intersection",3,80,"A",1999,"UTIL","TOYOTA","Utility","M",24,"22-25","Drivers"
"T20190006781","9/4/19",22:40:00,"Collision with vehicle","Tuesday","Dark Street lights unknown",2,2,"Cross intersection",3,80,"B",2004,"SEDAN","SUBARU","Car","M",24,"22-25","Drivers"
"T20190006782","10/4/19",10:30:00,"Collision with vehicle","Wednesday","Day",3,5,"Not at intersection",3,100,"A",2015,"UTIL","TOYOTA","Utility","M",64,"60-64","Drivers"
"T20190006782","10/4/19",10:30:00,"Collision with vehicle","Wednesday","Day",3,5,"Not at intersection",3,100,"B",2018,"WAGON","MITSUB","Station Wagon","M",74,"70+","Drivers"
"T20190006782","10/4/19",10:30:00,"Collision with vehicle","Wednesday","Day",3,5,"Not at intersection",3,100,"C",0,"S WAG","SUB","Station Wagon","M",75,"70+","Drivers"
"T20190006785","10/4/19",12:00:00,"Collision with vehicle","Wednesday","Day",2,2,"T intersection",3,50,"A",2011,"SEDAN","MAZDA","Car","F",80,"70+","Drivers"
"T20190006785","10/4/19",12:00:00,"Collision with vehicle","Wednesday","Day",2,2,"T intersection",3,50,"B",2004,"SEDAN","HYNDAI","Car","M",24,"22-25","Drivers"
"T20190006786","10/4/19",13:15:00,"Collision with a fixed object","Wednesday","Day",1,1,"Not at intersection",3,50,"A",2011,"DC UTE","FORD","Utility","F",78,"70+","Drivers"
"T20190006790","10/4/19",11:35:00,"Collision with vehicle","Wednesday","Day",3,4,"Cross intersection",2,70,"B",1991,"WAGON","TOYOTA","Station Wagon","M",25,"22-25","Drivers"
"T20190006790","10/4/19",11:35:00,"Collision with vehicle","Wednesday","Day",3,4,"Cross intersection",2,70,"C",2015,"SEDAN","FORD","Car","M",19,"17-21","Drivers"
"T20190006792","8/4/19",16:30:00,"Collision with vehicle","Monday","Day",2,2,"T intersection",3,80,"A",2008,"SEDAN","TOYOTA","Car","F",24,"22-25","Drivers"
"T20190006792","8/4/19",16:30:00,"Collision with vehicle","Monday","Day",2,2,"T intersection",3,80,"B",2005,"SEDAN","MAZDA","Car","M",28,"26-29","Drivers"
"T20190006799","10/4/19",15:46:00,"Collision with vehicle","Wednesday","Day",2,1,"Not at intersection",2,60,"B",2015,"SEDAN","TOYOTA","Car","F",74,"70+","Drivers"
"T20190006800","10/4/19",15:10:00,"Collision with vehicle","Wednesday","Day",3,3,"Not at intersection",2,70,"A",2009,"SEDAN","TOYOTA","Car","F",83,"70+","Drivers"
"T20190006800","10/4/19",15:10:00,"Collision with vehicle","Wednesday","Day",3,3,"Not at intersection",2,70,"B",2016,"SEDAN","FORD","Car","F",63,"60-64","Drivers"
"T20190006802","7/4/19",14:00:00,"Collision with vehicle","Sunday","Day",2,2,"Not at intersection",3,40,"A",2011,"WAGON","SUBARU","Station Wagon","M",47,"40-49","Drivers"
"T20190006804","10/4/19",16:30:00,"Collision with vehicle","Wednesday","Day",2,2,"Cross intersection",2,60,"B",2009,"SEDAN","TOYOTA","Car","M",22,"22-25","Drivers"
"T20190006806","10/4/19",17:05:00,"Struck Pedestrian","Wednesday","Dusk/Dawn",2,3,"Not at intersection",3,50,"A",0,"SEDAN","UNKN","Car","U",NA,"unknown","Drivers"
"T20190006806","10/4/19",17:05:00,"Struck Pedestrian","Wednesday","Dusk/Dawn",2,3,"Not at intersection",3,50,"B",2014,"SEDAN","TOYOTA","Car","F",32,"30-39","Drivers"
"T20190006811","10/4/19",18:00:00,"Collision with vehicle","Wednesday","Dusk/Dawn",3,3,"Cross intersection",3,60,"A",2014,"SEDAN","AUDI","Car","M",44,"40-49","Drivers"
"T20190006811","10/4/19",18:00:00,"Collision with vehicle","Wednesday","Dusk/Dawn",3,3,"Cross intersection",3,60,"B",2002,"COUPE","AUDI","Car","M",72,"70+","Drivers"
"T20190006811","10/4/19",18:00:00,"Collision with vehicle","Wednesday","Dusk/Dawn",3,3,"Cross intersection",3,60,"C",2014,"SEDAN","REN","Car","F",31,"30-39","Drivers"
"T20190006812","10/4/19",18:35:00,"Collision with vehicle","Wednesday","Dark Street lights on",2,2,"Multiple intersection",2,60,"A",1999,"S WAG","NISSAN","Station Wagon","M",26,"26-29","Drivers"
"T20190006812","10/4/19",18:35:00,"Collision with vehicle","Wednesday","Dark Street lights on",2,2,"Multiple intersection",2,60,"B",2005,"WAGON","HOLDEN","Station Wagon","F",59,"50-59","Drivers"
"T20190006813","10/4/19",18:52:00,"Struck Pedestrian","Wednesday","Dark No street lights",1,2,"Not at intersection",2,50,"A",1996,"SEDAN","MERC B","Car","F",77,"70+","Drivers"
"T20190006815","10/4/19",14:30:00,"Collision with vehicle","Wednesday","Day",2,2,"Not at intersection",3,80,"A",2004,"TIPPER","DAIHAT","Light Commercial Vehicle (Rigid) <= 4.5 Tonnes GVM","M",64,"60-64","Drivers"
"T20190006815","10/4/19",14:30:00,"Collision with vehicle","Wednesday","Day",2,2,"Not at intersection",3,80,"B",1994,"WAGON","MITSUB","Station Wagon","U",NA,"unknown","Drivers"
"T20190006817","10/4/19",19:05:00,"Collision with vehicle","Wednesday","Dark Street lights on",2,2,"Cross intersection",2,60,"B",2017,"UTIL","TOYOTA","Utility","M",40,"40-49","Drivers"
"T20190006819","10/4/19",19:30:00,"Struck Pedestrian","Wednesday","Dark Street lights on",1,2,"T intersection",3,60,"A",2009,"COUPE","MERC B","Car","F",47,"40-49","Drivers"
"T20190006820","10/4/19",18:00:00,"Struck Pedestrian","Wednesday","Day",1,2,"Cross intersection",3,80,"A",2015,"SEDAN","AUDI","Car","F",39,"30-39","Drivers"
"T20190006821","10/4/19",19:26:00,"Collision with a fixed object","Wednesday","Dark Street lights on",1,2,"T intersection",2,80,"A",2000,"COUPE","MITSUB","Car","F",30,"30-39","Drivers"
"T20190006822","10/4/19",18:00:00,"Collision with vehicle","Wednesday","Dark Street lights on",2,2,"Cross intersection",3,50,"A",2009,"SEDAN","SUBARU","Car","F",57,"50-59","Drivers"
"T20190006822","10/4/19",18:00:00,"Collision with vehicle","Wednesday","Dark Street lights on",2,2,"Cross intersection",3,50,"B",2002,"SEDAN","HOLDEN","Car","M",33,"30-39","Drivers"
"T20190006827","10/4/19",05:52:00,"Collision with a fixed object","Wednesday","Dark No street lights",1,1,"Not at intersection",3,80,"A",2011,"SEDAN","KIA","Car","M",30,"30-39","Drivers"
"T20190006832","10/4/19",23:55:00,"Collision with a fixed object","Wednesday","Dark Street lights on",1,1,"Not at intersection",2,70,"A",2011,"WAGON","MITSUB","Station Wagon","F",22,"22-25","Drivers"
"T20190006834","10/4/19",23:10:00,"Collision with vehicle","Wednesday","Dark Street lights on",2,2,"Cross intersection",3,50,"A",2009,"SEDAN","KIA","Car","M",28,"26-29","Drivers"
"T20190006834","10/4/19",23:10:00,"Collision with vehicle","Wednesday","Dark Street lights on",2,2,"Cross intersection",3,50,"B",2003,"SEDAN","HOLDEN","Car","U",NA,"unknown","Drivers"
"T20190006838","11/4/19",06:50:00,"Collision with vehicle","Thursday","Day",2,2,"Cross intersection",3,40,"A",0,NA,"VOLKS","Station Wagon","U",NA,"unknown","Drivers"
"T20190006840","3/4/19",07:10:00,"Collision with vehicle","Wednesday","Day",2,3,"Not at intersection",3,70,"A",2013,"VAN","TOYOTA","Panel Van","M",41,"40-49","Drivers"
"T20190006840","3/4/19",07:10:00,"Collision with vehicle","Wednesday","Day",2,3,"Not at intersection",3,70,"B",2013,"SEDAN","TOYOTA","Car","F",41,"40-49","Drivers"
"T20190006841","11/4/19",07:50:00,"Collision with vehicle","Thursday","Day",2,4,"Cross intersection",3,40,"A",2015,"SEDAN","VOLKS","Car","F",35,"30-39","Drivers"
"T20190006842","10/4/19",20:40:00,"Collision with vehicle","Wednesday","Dark Street lights on",2,4,"Not at intersection",3,60,"A",2012,"SEDAN","SUZUKI","Car","F",24,"22-25","Drivers"
"T20190006842","10/4/19",20:40:00,"Collision with vehicle","Wednesday","Dark Street lights on",2,4,"Not at intersection",3,60,"B",2015,"WAGON","L ROV","Station Wagon","M",46,"40-49","Drivers"
"T20190006845","11/4/19",08:10:00,"Collision with vehicle","Thursday","Day",2,2,"Cross intersection",3,50,"A",2011,"SEDAN","KIA","Car","M",66,"64-69","Drivers"
"T20190006845","11/4/19",08:10:00,"Collision with vehicle","Thursday","Day",2,2,"Cross intersection",3,50,"B",2009,"S WAG","HOLDEN","Station Wagon","M",34,"30-39","Drivers"
"T20190006846","11/4/19",09:45:00,"Struck Pedestrian","Thursday","Day",1,2,"Not at intersection",2,60,"A",2010,"SEDAN","MITSUB","Car","F",47,"40-49","Drivers"
"T20190006849","11/4/19",10:00:00,"Collision with vehicle","Thursday","Day",2,2,"T intersection",3,60,"A",2008,"SEDAN","FORD","Car","F",79,"70+","Drivers"
"T20190006849","11/4/19",10:00:00,"Collision with vehicle","Thursday","Day",2,2,"T intersection",3,60,"B",2015,"SEDAN","LEXUS","Car","F",34,"30-39","Drivers"
"T20190006850","11/4/19",06:45:00,"Collision with vehicle","Thursday","Dusk/Dawn",2,2,"Not at intersection",3,70,"B",2014,"SEDAN","VOLKS","Car","M",31,"30-39","Drivers"
"T20190006852","11/4/19",07:40:00,"Vehicle overturned (no collision)","Thursday","Day",1,1,"Not at intersection",3,100,"A",0,"TANKER","MITSUB","Light Commercial Vehicle (Rigid) <= 4.5 Tonnes GVM","M",32,"30-39","Drivers"
"T20190006853","11/4/19",07:08:00,"Collision with vehicle","Thursday","Day",2,2,"Not at intersection",3,80,"A",2015,"WAGON","TOYOTA","Station Wagon","F",60,"60-64","Drivers"
"T20190006853","11/4/19",07:08:00,"Collision with vehicle","Thursday","Day",2,2,"Not at intersection",3,80,"B",2014,"VAN","FORD","Panel Van","M",58,"50-59","Drivers"
"T20190006854","11/4/19",07:35:00,"Collision with vehicle","Thursday","Day",2,2,"T intersection",3,100,"A",2010,"SEDAN","SUZUKI","Car","F",18,"17-21","Drivers"
"T20190006854","11/4/19",07:35:00,"Collision with vehicle","Thursday","Day",2,2,"T intersection",3,100,"B",2004,"TRAY","NISSAN","Light Commercial Vehicle (Rigid) <= 4.5 Tonnes GVM","M",19,"17-21","Drivers"
"T20190006857","11/4/19",13:05:00,"Collision with vehicle","Thursday","Day",2,2,"T intersection",3,70,"A",2014,"WAGON","NISSAN","Station Wagon","F",72,"70+","Drivers"
"T20190006857","11/4/19",13:05:00,"Collision with vehicle","Thursday","Day",2,2,"T intersection",3,70,"B",2017,"UTIL","NISSAN","Utility","M",33,"30-39","Drivers"
"T20190006858","11/4/19",12:15:00,"Collision with vehicle","Thursday","Day",2,2,"Cross intersection",2,50,"A",2001,"SEDAN","HOLDEN","Car","F",21,"17-21","Drivers"
"T20190006858","11/4/19",12:15:00,"Collision with vehicle","Thursday","Day",2,2,"Cross intersection",2,50,"B",2009,"SEDAN","TOYOTA","Car","M",18,"17-21","Drivers"
"T20190006859","11/4/19",12:35:00,"Collision with vehicle","Thursday","Day",2,3,"T intersection",3,60,"A",2002,"SEDAN","MITSUB","Car","F",50,"50-59","Drivers"
"T20190006859","11/4/19",12:35:00,"Collision with vehicle","Thursday","Day",2,3,"T intersection",3,60,"B",2009,"SEDAN","PROTON","Car","M",24,"22-25","Drivers"
"T20190006860","30/3/19",09:00:00,"Collision with vehicle","Saturday","Day",2,3,"Not at intersection",3,60,"A",2006,"SEDAN","NISSAN","Car","F",28,"26-29","Drivers"
"T20190006861","11/4/19",11:40:00,"Collision with vehicle","Thursday","Day",5,5,"Not at intersection",2,100,"A",2006,"SEDAN","HONDA","Car","F",51,"50-59","Drivers"
"T20190006861","11/4/19",11:40:00,"Collision with vehicle","Thursday","Day",5,5,"Not at intersection",2,100,"B",2013,"BD/PMR","KENWTH","Prime Mover B-Double","M",56,"50-59","Drivers"
"T20190006861","11/4/19",11:40:00,"Collision with vehicle","Thursday","Day",5,5,"Not at intersection",2,100,"C",2012,"WAGON","PORSCH","Station Wagon","M",65,"64-69","Drivers"
"T20190006861","11/4/19",11:40:00,"Collision with vehicle","Thursday","Day",5,5,"Not at intersection",2,100,"D",2011,"VAN","TOYOTA","Panel Van","F",56,"50-59","Drivers"
"T20190006861","11/4/19",11:40:00,"Collision with vehicle","Thursday","Day",5,5,"Not at intersection",2,100,"E",2006,"TRAY","ISUZU","Light Commercial Vehicle (Rigid) <= 4.5 Tonnes GVM","M",31,"30-39","Drivers"
"T20190006863","11/4/19",08:47:00,"Collision with vehicle","Thursday","Day",2,2,"Cross intersection",3,80,"A",2011,"UTIL","TOYOTA","Utility","M",49,"40-49","Drivers"
"T20190006864","11/4/19",11:15:00,"Vehicle overturned (no collision)","Thursday","Day",1,2,"Not at intersection",2,100,"A",2007,"SEDAN","FORD","Car","M",68,"64-69","Drivers"
"T20190006865","11/4/19",13:05:00,"Collision with vehicle","Thursday","Day",4,5,"T intersection",3,60,"A",2016,"S WAG","MITSUB","Station Wagon","F",21,"17-21","Drivers"
"T20190006865","11/4/19",13:05:00,"Collision with vehicle","Thursday","Day",4,5,"T intersection",3,60,"B",2003,"SEDAN","TOYOTA","Car","F",46,"40-49","Drivers"
"T20190006865","11/4/19",13:05:00,"Collision with vehicle","Thursday","Day",4,5,"T intersection",3,60,"C",2015,"SEDAN","TOYOTA","Car","F",23,"22-25","Drivers"
"T20190006865","11/4/19",13:05:00,"Collision with vehicle","Thursday","Day",4,5,"T intersection",3,60,"D",2002,"SEDAN","HOLDEN","Car","F",20,"17-21","Drivers"
"T20190006866","11/4/19",10:00:00,"Collision with vehicle","Thursday","Day",2,2,"T intersection",3,50,"A",2007,"VAN","VOLKS","Panel Van","M",59,"50-59","Drivers"