"ACCIDENT_NO","ACCIDENTDATE","ACCIDENTTIME","Accident Type Desc","Day Week Description","Light Condition Desc","NO_OF_VEHICLES","NO_PERSONS","Road Geometry Desc","SEVERITY","SPEED_ZONE","VEHICLE_ID","VEHICLE_YEAR_MANUF","VEHICLE_BODY_STYLE","VEHICLE_MAKE","Vehicle Type Desc","SEX","AGE","Age Group","Road User Type Desc"
"T20190006866","11/4/19",10:00:00,"Collision with vehicle","Thursday","Day",2,2,"T intersection",3,50,"B",2017,"WAGON","SUBARU","Station Wagon","M",67,"64-69","Drivers"
"T20190006867","11/4/19",13:21:00,"Collision with vehicle","Thursday","Day",4,4,"Not at intersection",3,60,"A",2004,"SEDAN","TOYOTA","Car","F",52,"50-59","Drivers"
"T20190006867","11/4/19",13:21:00,"Collision with vehicle","Thursday","Day",4,4,"Not at intersection",3,60,"B",2003,"WAGON","KIA","Station Wagon","F",29,"26-29","Drivers"
"T20190006867","11/4/19",13:21:00,"Collision with vehicle","Thursday","Day",4,4,"Not at intersection",3,60,"C",1994,"S WAG","MITSUB","Station Wagon","M",29,"26-29","Drivers"
"T20190006867","11/4/19",13:21:00,"Collision with vehicle","Thursday","Day",4,4,"Not at intersection",3,60,"D",2011,"SEDAN","AUDI","Car","F",56,"50-59","Drivers"
"T20190006869","11/4/19",13:00:00,"Collision with vehicle","Thursday","Day",2,2,"T intersection",3,100,"A",2007,"WAGON","TOYOTA","Station Wagon","F",21,"17-21","Drivers"
"T20190006869","11/4/19",13:00:00,"Collision with vehicle","Thursday","Day",2,2,"T intersection",3,100,"B",2008,"WAGON","NISSAN","Station Wagon","F",65,"64-69","Drivers"
"T20190006871","11/4/19",14:20:00,"Collision with vehicle","Thursday","Day",3,3,"Not at intersection",3,80,"A",2012,"WAGON","HYNDAI","Station Wagon","F",69,"64-69","Drivers"
"T20190006871","11/4/19",14:20:00,"Collision with vehicle","Thursday","Day",3,3,"Not at intersection",3,80,"B",2012,"SEDAN","TOYOTA","Car","F",69,"64-69","Drivers"
"T20190006871","11/4/19",14:20:00,"Collision with vehicle","Thursday","Day",3,3,"Not at intersection",3,80,"C",2013,"VAN","TOYOTA","Taxi","F",36,"30-39","Drivers"
"T20190006872","11/4/19",10:00:00,"Struck Pedestrian","Thursday","Day",1,2,"T intersection",2,50,"A",0,"SEDAN","UNKN","Car","U",NA,"unknown","Drivers"
"T20190006877","8/4/19",07:25:00,"Collision with vehicle","Monday","Dusk/Dawn",2,2,"Not at intersection",2,80,"A",2008,"WAGON","HOLDEN","Car","M",42,"40-49","Drivers"
"T20190006877","8/4/19",07:25:00,"Collision with vehicle","Monday","Dusk/Dawn",2,2,"Not at intersection",2,80,"B",1998,"SEDAN","HOLDEN","Car","F",31,"30-39","Drivers"
"T20190006878","11/4/19",13:00:00,"Collision with vehicle","Thursday","Day",2,2,"Not at intersection",3,80,"A",2017,"SEDAN","TOYOTA","Car","M",40,"40-49","Drivers"
"T20190006879","11/4/19",16:30:00,"Collision with vehicle","Thursday","Day",2,5,"T intersection",3,60,"A",1996,"SEDAN","HOLDEN","Car","F",45,"40-49","Drivers"
"T20190006879","11/4/19",16:30:00,"Collision with vehicle","Thursday","Day",2,5,"T intersection",3,60,"B",2013,"COUPE","SUBARU","Car","M",19,"17-21","Drivers"
"T20190006880","11/4/19",16:45:00,"Collision with vehicle","Thursday","Day",2,2,"Cross intersection",3,60,"A",2002,"SEDAN","SUBARU","Car","F",70,"70+","Drivers"
"T20190006882","11/4/19",15:40:00,"Collision with vehicle","Thursday","Day",2,2,"Not at intersection",3,60,"A",2015,"SEDAN","MERC B","Car","F",48,"40-49","Drivers"
"T20190006882","11/4/19",15:40:00,"Collision with vehicle","Thursday","Day",2,2,"Not at intersection",3,60,"B",2006,"WAGON","TOYOTA","Station Wagon","M",60,"60-64","Drivers"
"T20190006883","11/4/19",07:45:00,"Collision with vehicle","Thursday","Unknown",2,2,"Not at intersection",3,80,"A",2018,"SEDAN","PEUG","Car","M",36,"30-39","Drivers"
"T20190006884","11/4/19",10:20:00,"Collision with vehicle","Thursday","Day",2,2,"T intersection",2,50,"A",2012,"SEDAN","FORD","Car","F",31,"30-39","Drivers"
"T20190006884","11/4/19",10:20:00,"Collision with vehicle","Thursday","Day",2,2,"T intersection",2,50,"B",2012,"SEDAN","SKODA","Car","M",35,"30-39","Drivers"
"T20190006886","11/4/19",18:05:00,"Vehicle overturned (no collision)","Thursday","Dark Street lights on",2,3,"Not at intersection",3,50,"B",2017,"UTIL","HOLDEN","Utility","U",NA,"unknown","Drivers"
"T20190006887","11/4/19",15:30:00,"Collision with vehicle","Thursday","Day",2,2,"T intersection",3,60,"A",2002,"WAGON","TOYOTA","Station Wagon","F",47,"40-49","Drivers"
"T20190006887","11/4/19",15:30:00,"Collision with vehicle","Thursday","Day",2,2,"T intersection",3,60,"B",2012,"DC UTE","NISSAN","Utility","M",35,"30-39","Drivers"
"T20190006892","11/4/19",17:30:00,"Collision with vehicle","Thursday","Dusk/Dawn",2,2,"Cross intersection",3,60,"A",2013,"SEDAN","MAZDA","Car","M",28,"26-29","Drivers"
"T20190006893","2/4/19",07:45:00,"Collision with vehicle","Tuesday","Day",3,3,"Not at intersection",3,100,"A",0,"SEDAN","UNKN","Car","F",52,"50-59","Drivers"
"T20190006893","2/4/19",07:45:00,"Collision with vehicle","Tuesday","Day",3,3,"Not at intersection",3,100,"B",1999,"COUPE","MITSUB","Car","U",NA,"unknown","Drivers"
"T20190006893","2/4/19",07:45:00,"Collision with vehicle","Tuesday","Day",3,3,"Not at intersection",3,100,"C",1998,"SEDAN","HOLDEN","Car","F",33,"30-39","Drivers"
"T20190006895","11/4/19",14:49:00,"Collision with vehicle","Thursday","Day",3,7,"Not at intersection",3,80,"A",2003,"SEDAN","DAIHAT","Car","M",70,"70+","Drivers"
"T20190006895","11/4/19",14:49:00,"Collision with vehicle","Thursday","Day",3,7,"Not at intersection",3,80,"B",2011,"SEDAN","TOYOTA","Car","M",33,"30-39","Drivers"
"T20190006895","11/4/19",14:49:00,"Collision with vehicle","Thursday","Day",3,7,"Not at intersection",3,80,"C",2014,"DC UTE","FORD","Utility","M",34,"30-39","Drivers"
"T20190006901","11/4/19",15:06:00,"Collision with vehicle","Thursday","Day",3,3,"T intersection",2,60,"A",2005,"SEDAN","MAZDA","Car","M",28,"26-29","Drivers"
"T20190006901","11/4/19",15:06:00,"Collision with vehicle","Thursday","Day",3,3,"T intersection",2,60,"B",2011,"WAGON","B M W","Station Wagon","F",33,"30-39","Drivers"
"T20190006901","11/4/19",15:06:00,"Collision with vehicle","Thursday","Day",3,3,"T intersection",2,60,"C",2007,"SEDAN","HONDA","Car","F",80,"70+","Drivers"
"T20190006902","11/4/19",19:35:00,"Collision with a fixed object","Thursday","Dark Street lights on",1,1,"Not at intersection",3,60,"A",2006,"SEDAN","TOYOTA","Car","M",28,"26-29","Drivers"
"T20190006903","11/4/19",18:30:00,"Collision with vehicle","Thursday","Dark Street lights on",5,5,"Not at intersection",3,100,"A",2008,"UTIL","NISSAN","Utility","M",54,"50-59","Drivers"
"T20190006903","11/4/19",18:30:00,"Collision with vehicle","Thursday","Dark Street lights on",5,5,"Not at intersection",3,100,"B",2006,"SEDAN","TOYOTA","Car","M",45,"40-49","Drivers"
"T20190006903","11/4/19",18:30:00,"Collision with vehicle","Thursday","Dark Street lights on",5,5,"Not at intersection",3,100,"C",2010,"WAGON","TOYOTA","Station Wagon","M",43,"40-49","Drivers"
"T20190006903","11/4/19",18:30:00,"Collision with vehicle","Thursday","Dark Street lights on",5,5,"Not at intersection",3,100,"D",2013,"SEDAN","HOLDEN","Car","M",28,"26-29","Drivers"
"T20190006903","11/4/19",18:30:00,"Collision with vehicle","Thursday","Dark Street lights on",5,5,"Not at intersection",3,100,"E",2012,"DC UTE","TOYOTA","Utility","M",23,"22-25","Drivers"
"T20190006905","11/4/19",18:42:00,"No collision and no object struck","Thursday","Dark Street lights on",1,1,"Cross intersection",2,50,"A",2003,"COUPE","NISSAN","Car","F",48,"40-49","Drivers"
"T20190006911","11/4/19",22:30:00,"Collision with vehicle","Thursday","Dark Street lights on",2,2,"Not at intersection",3,60,"A",2007,"SEDAN","HOLDEN","Car","U",NA,"unknown","Drivers"
"T20190006911","11/4/19",22:30:00,"Collision with vehicle","Thursday","Dark Street lights on",2,2,"Not at intersection",3,60,"B",2012,"WAGON","HOLDEN","Station Wagon","M",30,"30-39","Drivers"
"T20190006912","11/4/19",19:53:00,"Collision with vehicle","Thursday","Dark Street lights on",2,2,"T intersection",3,60,"A",2013,"SEDAN","MAZDA","Car","F",21,"17-21","Drivers"
"T20190006912","11/4/19",19:53:00,"Collision with vehicle","Thursday","Dark Street lights on",2,2,"T intersection",3,60,"B",2005,"VAN","TOYOTA","Panel Van","M",30,"30-39","Drivers"
"T20190006914","12/4/19",02:00:00,"Vehicle overturned (no collision)","Friday","Dark Street lights unknown",1,4,"Not at intersection",3,100,"A",2004,"SEDAN","MAZDA","Car","M",19,"17-21","Drivers"
"T20190006915","11/4/19",21:45:00,"Collision with vehicle","Thursday","Dark Street lights on",2,4,"Not at intersection",2,60,"A",2010,"SEDAN","HONDA","Car","F",23,"22-25","Drivers"
"T20190006916","10/4/19",22:15:00,"Collision with vehicle","Wednesday","Dark Street lights on",2,3,"Cross intersection",2,60,"A",2017,"UTIL","HOLDEN","Utility","U",NA,"unknown","Drivers"
"T20190006921","12/4/19",01:15:00,"Collision with a fixed object","Friday","Dark Street lights on",1,5,"Cross intersection",1,50,"A",2016,"WAGON","MAZDA","Station Wagon","M",21,"17-21","Drivers"
"T20190006923","12/4/19",07:40:00,"Struck Pedestrian","Friday","Day",1,2,"Not at intersection",3,60,"A",2016,"WAGON","FORD","Station Wagon","F",26,"26-29","Drivers"
"T20190006924","12/4/19",06:40:00,"No collision and no object struck","Friday","Day",2,2,"Not at intersection",3,100,"B",2010,"UTIL","TOYOTA","Utility","M",55,"50-59","Drivers"
"T20190006929","12/4/19",06:45:00,"collision with some other object","Friday","Dark No street lights",2,2,"Not at intersection",3,60,"A",2010,"WAGON","MITSUB","Station Wagon","M",20,"17-21","Drivers"
"T20190006929","12/4/19",06:45:00,"collision with some other object","Friday","Dark No street lights",2,2,"Not at intersection",3,60,"B",2018,"TRAY","ISUZU","Light Commercial Vehicle (Rigid) <= 4.5 Tonnes GVM","M",27,"26-29","Drivers"
"T20190006934","4/4/19",16:20:00,"Collision with vehicle","Thursday","Day",2,2,"Not at intersection",3,50,"A",2016,"UTIL","FORD","Utility","M",52,"50-59","Drivers"
"T20190006934","4/4/19",16:20:00,"Collision with vehicle","Thursday","Day",2,2,"Not at intersection",3,50,"B",2006,"S WAG","SUBARU","Station Wagon","M",41,"40-49","Drivers"
"T20190006938","12/4/19",07:55:00,"Collision with vehicle","Friday","Day",2,2,"T intersection",3,60,"A",1999,"S WAG","FORD","Station Wagon","F",26,"26-29","Drivers"
"T20190006938","12/4/19",07:55:00,"Collision with vehicle","Friday","Day",2,2,"T intersection",3,60,"B",2008,"WAGON","FORD","Station Wagon","M",65,"64-69","Drivers"
"T20190006940","12/4/19",11:00:00,"Collision with vehicle","Friday","Day",2,3,"T intersection",3,70,"A",2002,"SEDAN","MITSUB","Car","M",93,"70+","Drivers"
"T20190006940","12/4/19",11:00:00,"Collision with vehicle","Friday","Day",2,3,"T intersection",3,70,"B",2005,"VAN","TOYOTA","Panel Van","M",29,"26-29","Drivers"
"T20190006941","12/4/19",10:53:00,"Collision with vehicle","Friday","Day",2,2,"Cross intersection",3,40,"A",2013,"SEDAN","HONDA","Car","F",25,"22-25","Drivers"
"T20190006942","12/4/19",08:30:00,"Collision with vehicle","Friday","Day",2,2,"Not at intersection",3,60,"A",2006,"SEDAN","HONDA","Car","M",39,"30-39","Drivers"
"T20190006942","12/4/19",08:30:00,"Collision with vehicle","Friday","Day",2,2,"Not at intersection",3,60,"B",2011,"SEDAN","HOLDEN","Car","F",29,"26-29","Drivers"
"T20190006944","12/4/19",06:20:00,"Collision with vehicle","Friday","Day",3,3,"T intersection",1,60,"A",2010,"TIPPER","F LINE","Prime Mover - Single Trailer","M",50,"50-59","Drivers"
"T20190006944","12/4/19",06:20:00,"Collision with vehicle","Friday","Day",3,3,"T intersection",1,60,"B",2009,"SEDAN","FORD","Car","M",50,"50-59","Drivers"
"T20190006944","12/4/19",06:20:00,"Collision with vehicle","Friday","Day",3,3,"T intersection",1,60,"C",2014,"UTIL","NISSAN","Utility","M",29,"26-29","Drivers"
"T20190006945","11/4/19",17:30:00,"Collision with vehicle","Thursday","Day",3,4,"Not at intersection",2,60,"A",2004,"S WAG","FORD","Station Wagon","F",27,"26-29","Drivers"
"T20190006945","11/4/19",17:30:00,"Collision with vehicle","Thursday","Day",3,4,"Not at intersection",2,60,"B",2011,"DC UTE","HOLDEN","Utility","M",24,"22-25","Drivers"
"T20190006945","11/4/19",17:30:00,"Collision with vehicle","Thursday","Day",3,4,"Not at intersection",2,60,"C",1997,"SEDAN","MAZDA","Car","M",23,"22-25","Drivers"
"T20190006947","12/4/19",14:25:00,"Collision with vehicle","Friday","Day",2,3,"Cross intersection",3,50,"A",2005,"S WAG","HOLDEN","Station Wagon","F",35,"30-39","Drivers"
"T20190006948","12/4/19",13:40:00,"Collision with vehicle","Friday","Day",2,2,"Cross intersection",3,60,"A",2016,"TRAY","ISUZU","Heavy Vehicle (Rigid) > 4.5 Tonnes","M",59,"50-59","Drivers"
"T20190006948","12/4/19",13:40:00,"Collision with vehicle","Friday","Day",2,2,"Cross intersection",3,60,"B",2010,"WAGON","SUBARU","Station Wagon","F",41,"40-49","Drivers"
"T20190006949","11/4/19",16:00:00,"Collision with vehicle","Thursday","Day",2,2,"Not at intersection",2,50,"A",2008,"SEDAN","TOYOTA","Car","F",70,"70+","Drivers"
"T20190006950","12/4/19",11:40:00,"Collision with vehicle","Friday","Day",2,4,"Not at intersection",3,60,"A",2006,"WAGON","FORD","Station Wagon","M",35,"30-39","Drivers"
"T20190006950","12/4/19",11:40:00,"Collision with vehicle","Friday","Day",2,4,"Not at intersection",3,60,"B",2011,"SEDAN","HYNDAI","Car","F",72,"70+","Drivers"
"T20190006951","12/4/19",13:55:00,"Collision with vehicle","Friday","Day",2,2,"T intersection",3,60,"A",2005,"SED","TOYOTA","Car","F",41,"40-49","Drivers"
"T20190006951","12/4/19",13:55:00,"Collision with vehicle","Friday","Day",2,2,"T intersection",3,60,"B",1998,"COUPE","HOLDEN","Car","F",54,"50-59","Drivers"
"T20190006955","11/4/19",12:15:00,"Collision with a fixed object","Thursday","Day",1,1,"Not at intersection",3,70,"A",2014,"TANKER","KENWTH","Heavy Vehicle (Rigid) > 4.5 Tonnes","M",39,"30-39","Drivers"
"T20190006956","12/4/19",16:40:00,"Collision with vehicle","Friday","Day",4,5,"Not at intersection",2,70,"A",2004,"SED","VOLKS","Car","F",19,"17-21","Drivers"
"T20190006956","12/4/19",16:40:00,"Collision with vehicle","Friday","Day",4,5,"Not at intersection",2,70,"B",2008,"UTIL","HOLDEN","Utility","M",41,"40-49","Drivers"
"T20190006956","12/4/19",16:40:00,"Collision with vehicle","Friday","Day",4,5,"Not at intersection",2,70,"C",2015,"SEDAN","HYNDAI","Car","F",59,"50-59","Drivers"
"T20190006956","12/4/19",16:40:00,"Collision with vehicle","Friday","Day",4,5,"Not at intersection",2,70,"D",2015,"DC UTE","TOYOTA","Utility","M",30,"30-39","Drivers"
"T20190006957","10/4/19",09:25:00,"Collision with vehicle","Wednesday","Day",2,2,"T intersection",3,999,"A",2014,"WAGON","MITSUB","Station Wagon","F",41,"40-49","Drivers"
"T20190006957","10/4/19",09:25:00,"Collision with vehicle","Wednesday","Day",2,2,"T intersection",3,999,"B",2009,"SEDAN","VOLKS","Car","M",67,"64-69","Drivers"
"T20190006958","12/4/19",16:15:00,"Collision with vehicle","Friday","Day",4,4,"Not at intersection",3,40,"A",2016,"WAGON","HONDA","Station Wagon","M",27,"26-29","Drivers"
"T20190006958","12/4/19",16:15:00,"Collision with vehicle","Friday","Day",4,4,"Not at intersection",3,40,"B",2013,"SEDAN","MAZDA","Car","F",45,"40-49","Drivers"
"T20190006958","12/4/19",16:15:00,"Collision with vehicle","Friday","Day",4,4,"Not at intersection",3,40,"C",2009,"SEDAN","MAZDA","Car","M",60,"60-64","Drivers"
"T20190006958","12/4/19",16:15:00,"Collision with vehicle","Friday","Day",4,4,"Not at intersection",3,40,"D",2006,"SEDAN","HOLDEN","Car","F",24,"22-25","Drivers"
"T20190006962","12/4/19",17:01:00,"Collision with vehicle","Friday","Day",2,2,"T intersection",3,60,"A",1985,"SEDAN","MERC B","Car","M",58,"50-59","Drivers"
"T20190006962","12/4/19",17:01:00,"Collision with vehicle","Friday","Day",2,2,"T intersection",3,60,"B",2016,"WAGON","MITSUB","Station Wagon","F",42,"40-49","Drivers"
"T20190006964","12/4/19",16:14:00,"Struck Pedestrian","Friday","Day",1,2,"T intersection",2,60,"A",2017,"SEDAN","FORD","Car","M",57,"50-59","Drivers"
"T20190006966","12/4/19",18:30:00,"Collision with vehicle","Friday","Dark Street lights on",2,3,"Cross intersection",3,60,"A",2008,"SEDAN","HOLDEN","Car","F",28,"26-29","Drivers"
"T20190006967","12/4/19",19:00:00,"Collision with vehicle","Friday","Dark Street lights on",2,2,"T intersection",2,70,"A",2016,"WAGON","MERC B","Station Wagon","F",41,"40-49","Drivers"
"T20190006967","12/4/19",19:00:00,"Collision with vehicle","Friday","Dark Street lights on",2,2,"T intersection",2,70,"B",2003,"SEDAN","MERC B","Car","F",75,"70+","Drivers"
"T20190006968","12/4/19",16:48:00,"Collision with vehicle","Friday","Day",2,2,"Not at intersection",3,80,"A",2013,"WAGON","MAZDA","Station Wagon","M",37,"30-39","Drivers"
"T20190006968","12/4/19",16:48:00,"Collision with vehicle","Friday","Day",2,2,"Not at intersection",3,80,"B",2008,"SEDAN","FORD","Car","F",19,"17-21","Drivers"
"T20190006970","12/4/19",16:50:00,"Collision with vehicle","Friday","Day",4,4,"Not at intersection",3,80,"A",2014,"UTIL","HOLDEN","Utility","M",20,"17-21","Drivers"
"T20190006970","12/4/19",16:50:00,"Collision with vehicle","Friday","Day",4,4,"Not at intersection",3,80,"B",2011,"SEDAN","FORD","Car","F",21,"17-21","Drivers"
"T20190006970","12/4/19",16:50:00,"Collision with vehicle","Friday","Day",4,4,"Not at intersection",3,80,"C",2010,"SEDAN","HOLDEN","Car","M",18,"17-21","Drivers"
"T20190006970","12/4/19",16:50:00,"Collision with vehicle","Friday","Day",4,4,"Not at intersection",3,80,"D",2007,"WAGON","JEEP","Station Wagon","M",37,"30-39","Drivers"
"T20190006971","12/4/19",18:05:00,"Struck Pedestrian","Friday","Day",1,2,"T intersection",3,999,"A",2004,"S WAG","HOLDEN","Station Wagon","F",46,"40-49","Drivers"
"T20190006974","12/4/19",17:56:00,"Collision with vehicle","Friday","Dusk/Dawn",3,3,"Not at intersection",2,100,"B",2001,"SEDAN","VOLKS","Car","M",27,"26-29","Drivers"
"T20190006974","12/4/19",17:56:00,"Collision with vehicle","Friday","Dusk/Dawn",3,3,"Not at intersection",2,100,"C",2016,"SED","HOLDEN","Car","M",27,"26-29","Drivers"
"T20190006975","12/4/19",17:05:00,"Collision with vehicle","Friday","Day",2,2,"Not at intersection",3,60,"A",2003,"SEDAN","HOLDEN","Car","M",25,"22-25","Drivers"
"T20190006975","12/4/19",17:05:00,"Collision with vehicle","Friday","Day",2,2,"Not at intersection",3,60,"B",2015,"WAGON","KIA","Station Wagon","M",25,"22-25","Drivers"
"T20190006980","12/4/19",17:00:00,"Collision with vehicle","Friday","Day",2,2,"T intersection",3,50,"B",2008,"SEDAN","TOYOTA","Car","F",28,"26-29","Drivers"
"T20190006981","12/4/19",20:00:00,"Collision with vehicle","Friday","Dark Street lights on",2,2,"Not at intersection",3,60,"A",2017,"WAGON","MITSUB","Station Wagon","F",28,"26-29","Drivers"
"T20190006981","12/4/19",20:00:00,"Collision with vehicle","Friday","Dark Street lights on",2,2,"Not at intersection",3,60,"B",2013,"WAGON","SKODA","Station Wagon","F",32,"30-39","Drivers"
"T20190006982","12/4/19",20:25:00,"Collision with vehicle","Friday","Dark Street lights on",2,5,"Cross intersection",2,40,"A",2011,"SEDAN","TOYOTA","Car","M",21,"17-21","Drivers"
"T20190006984","12/4/19",19:30:00,"Collision with vehicle","Friday","Dark Street lights on",2,2,"Cross intersection",3,70,"A",2008,"WAGON","TOYOTA","Station Wagon","F",45,"40-49","Drivers"
"T20190006984","12/4/19",19:30:00,"Collision with vehicle","Friday","Dark Street lights on",2,2,"Cross intersection",3,70,"B",2008,"SEDAN","HONDA","Car","F",27,"26-29","Drivers"
"T20190006986","12/4/19",20:40:00,"Collision with vehicle","Friday","Dark Street lights on",3,3,"Cross intersection",3,80,"A",2011,"SEDAN","SUZUKI","Car","F",31,"30-39","Drivers"
"T20190006986","12/4/19",20:40:00,"Collision with vehicle","Friday","Dark Street lights on",3,3,"Cross intersection",3,80,"B",2012,"WAGON","B M W","Station Wagon","F",45,"40-49","Drivers"
"T20190006986","12/4/19",20:40:00,"Collision with vehicle","Friday","Dark Street lights on",3,3,"Cross intersection",3,80,"C",2017,"SEDAN","HOLDEN","Car","U",NA,"unknown","Drivers"
"T20190006991","12/4/19",18:35:00,"Collision with vehicle","Friday","Dark No street lights",2,5,"Not at intersection",3,110,"A",2002,"S WAG","FORD","Station Wagon","M",22,"22-25","Drivers"
"T20190006991","12/4/19",18:35:00,"Collision with vehicle","Friday","Dark No street lights",2,5,"Not at intersection",3,110,"B",0,"SED","MAZDA","Car","F",23,"22-25","Drivers"
"T20190006992","12/4/19",19:18:00,"Collision with vehicle","Friday","Dark No street lights",2,5,"Not at intersection",3,110,"A",0,"SED","MAZ","Car","F",26,"26-29","Drivers"
"T20190006992","12/4/19",19:18:00,"Collision with vehicle","Friday","Dark No street lights",2,5,"Not at intersection",3,110,"B",2008,"SEDAN","KIA","Car","M",20,"17-21","Drivers"
"T20190006997","13/4/19",00:30:00,"Collision with vehicle","Saturday","Dark Street lights on",2,2,"Not at intersection",3,40,"A",2012,"SEDAN","TOYOTA","Taxi","M",56,"50-59","Drivers"
"T20190006997","13/4/19",00:30:00,"Collision with vehicle","Saturday","Dark Street lights on",2,2,"Not at intersection",3,40,"B",2012,"VAN","HYNDAI","Panel Van","M",30,"30-39","Drivers"
"T20190007002","13/4/19",07:30:00,"Collision with vehicle","Saturday","Dusk/Dawn",2,2,"Not at intersection",3,80,"B",2014,"UTIL","NISSAN","Utility","M",63,"60-64","Drivers"
"T20190007003","26/3/19",15:30:00,"Collision with vehicle","Tuesday","Day",2,2,"T intersection",3,999,"A",2008,"COUPE","VOLKS","Car","F",67,"64-69","Drivers"
"T20190007003","26/3/19",15:30:00,"Collision with vehicle","Tuesday","Day",2,2,"T intersection",3,999,"B",2016,"VAN","HYNDAI","Panel Van","M",24,"22-25","Drivers"
"T20190007004","12/4/19",11:08:00,"Collision with vehicle","Friday","Day",2,3,"Cross intersection",2,50,"A",1996,"SEDAN","NISSAN","Car","F",87,"70+","Drivers"
"T20190007004","12/4/19",11:08:00,"Collision with vehicle","Friday","Day",2,3,"Cross intersection",2,50,"B",2010,"SEDAN","TOYOTA","Car","F",68,"64-69","Drivers"
"T20190007006","13/4/19",06:30:00,"Collision with a fixed object","Saturday","Dusk/Dawn",1,1,"Not at intersection",2,100,"A",2011,"DC UTE","FORD","Utility","M",20,"17-21","Drivers"
"T20190007008","13/4/19",10:22:00,"Collision with vehicle","Saturday","Day",2,3,"T intersection",3,60,"A",2010,"SEDAN","TOYOTA","Car","F",22,"22-25","Drivers"
"T20190007008","13/4/19",10:22:00,"Collision with vehicle","Saturday","Day",2,3,"T intersection",3,60,"B",2016,"SEDAN","HOLDEN","Car","M",45,"40-49","Drivers"
"T20190007009","13/4/19",10:20:00,"Collision with vehicle","Saturday","Day",3,3,"T intersection",3,70,"A",1997,"SEDAN","HONDA","Car","M",21,"17-21","Drivers"
"T20190007009","13/4/19",10:20:00,"Collision with vehicle","Saturday","Day",3,3,"T intersection",3,70,"B",2013,"SED","TOYOTA","Taxi","M",23,"22-25","Drivers"
"T20190007009","13/4/19",10:20:00,"Collision with vehicle","Saturday","Day",3,3,"T intersection",3,70,"C",2011,"SEDAN","FORD","Car","F",25,"22-25","Drivers"
"T20190007010","9/4/19",11:00:00,"Collision with vehicle","Tuesday","Day",2,2,"T intersection",3,50,"A",2012,"SEDAN","HYNDAI","Car","F",26,"26-29","Drivers"
"T20190007013","10/4/19",16:00:00,"Collision with vehicle","Wednesday","Day",2,2,"T intersection",3,60,"A",2014,"SEDAN","HOLDEN","Car","F",55,"50-59","Drivers"
"T20190007013","10/4/19",16:00:00,"Collision with vehicle","Wednesday","Day",2,2,"T intersection",3,60,"B",0,"S WAG","KIA","Station Wagon","M",41,"40-49","Drivers"
"T20190007014","13/4/19",11:20:00,"Collision with vehicle","Saturday","Day",2,3,"Cross intersection",3,100,"A",2005,"SEDAN","MAZDA","Car","M",27,"26-29","Drivers"
"T20190007014","13/4/19",11:20:00,"Collision with vehicle","Saturday","Day",2,3,"Cross intersection",3,100,"B",2005,"BUS","TOYOTA","Mini Bus(9-13 seats)","M",43,"40-49","Drivers"
"T20190007020","13/4/19",12:10:00,"Collision with vehicle","Saturday","Day",2,4,"T intersection",3,999,"A",2011,"SEDAN","MERC B","Car","M",71,"70+","Drivers"
"T20190007020","13/4/19",12:10:00,"Collision with vehicle","Saturday","Day",2,4,"T intersection",3,999,"B",2013,"WAGON","TOYOTA","Station Wagon","F",26,"26-29","Drivers"
"T20190007022","4/4/19",18:40:00,"Struck animal","Thursday","Dusk/Dawn",1,1,"Not at intersection",3,80,"A",2016,"UTIL","MAZDA","Utility","F",20,"17-21","Drivers"
"T20190007023","13/4/19",08:00:00,"Collision with a fixed object","Saturday","Day",1,2,"Not at intersection",3,100,"A",1999,"WAGON","NISSAN","Station Wagon","M",45,"40-49","Drivers"
"T20190007025","13/4/19",12:19:00,"Collision with vehicle","Saturday","Day",2,2,"Not at intersection",2,100,"A",2000,"VAN","ISUZU","Heavy Vehicle (Rigid) > 4.5 Tonnes","M",74,"70+","Drivers"
"T20190007026","12/4/19",20:00:00,"Collision with vehicle","Friday","Dark Street lights on",2,2,"T intersection",3,40,"A",2005,"WAGON","TOYOTA","Station Wagon","F",44,"40-49","Drivers"
"T20190007027","13/4/19",14:47:00,"Collision with vehicle","Saturday","Day",2,1,"Not at intersection",3,50,"A",2005,"SEDAN","TOYOTA","Car","M",79,"70+","Drivers"
"T20190007030","12/4/19",07:30:00,"Collision with vehicle","Friday","Dusk/Dawn",2,2,"T intersection",3,60,"A",2007,"SEDAN","MAZDA","Car","M",23,"22-25","Drivers"
"T20190007030","12/4/19",07:30:00,"Collision with vehicle","Friday","Dusk/Dawn",2,2,"T intersection",3,60,"B",2002,"VAN","TOYOTA","Panel Van","M",27,"26-29","Drivers"
"T20190007033","13/4/19",14:22:00,"Collision with vehicle","Saturday","Day",2,4,"Not at intersection",3,100,"A",2014,"SEDAN","B M W","Car","F",25,"22-25","Drivers"
"T20190007033","13/4/19",14:22:00,"Collision with vehicle","Saturday","Day",2,4,"Not at intersection",3,100,"B",2010,"SEDAN","B M W","Car","M",61,"60-64","Drivers"
"T20190007034","13/4/19",15:03:00,"Collision with vehicle","Saturday","Day",2,3,"Not at intersection",2,50,"A",2015,"WAGON","MAZDA","Station Wagon","F",42,"40-49","Drivers"
"T20190007041","13/4/19",14:15:00,"Collision with vehicle","Saturday","Day",2,3,"T intersection",3,80,"A",2007,"SEDAN","SUZUKI","Car","M",58,"50-59","Drivers"