"ACCIDENT_NO","ACCIDENTDATE","ACCIDENTTIME","Accident Type Desc","Day Week Description","Light Condition Desc","NO_OF_VEHICLES","NO_PERSONS","Road Geometry Desc","SEVERITY","SPEED_ZONE","VEHICLE_ID","VEHICLE_YEAR_MANUF","VEHICLE_BODY_STYLE","VEHICLE_MAKE","Vehicle Type Desc","SEX","AGE","Age Group","Road User Type Desc"
"T20190007041","13/4/19",14:15:00,"Collision with vehicle","Saturday","Day",2,3,"T intersection",3,80,"B",2018,"WAGON","MITSUB","Station Wagon","F",40,"40-49","Drivers"
"T20190007044","13/4/19",17:30:00,"Collision with a fixed object","Saturday","Dark No street lights",1,1,"Not at intersection",2,100,"A",2008,"WAGON","NISSAN","Station Wagon","F",33,"30-39","Drivers"
"T20190007047","13/4/19",17:44:00,"Struck Pedestrian","Saturday","Dusk/Dawn",1,2,"Not at intersection",3,40,"A",2009,"WAGON","NISSAN","Station Wagon","F",42,"40-49","Drivers"
"T20190007051","13/4/19",15:53:00,"Collision with vehicle","Saturday","Day",2,2,"T intersection",2,80,"A",1999,"DC UTE","TOYOTA","Utility","M",60,"60-64","Drivers"
"T20190007051","13/4/19",15:53:00,"Collision with vehicle","Saturday","Day",2,2,"T intersection",2,80,"B",2007,"WAGON","CHRYS","Station Wagon","F",42,"40-49","Drivers"
"T20190007052","13/4/19",22:27:00,"Vehicle overturned (no collision)","Saturday","Dark Street lights on",1,4,"T intersection",2,60,"A",2011,"DC UTE","TOYOTA","Utility","F",18,"17-21","Drivers"
"T20190007054","13/4/19",23:55:00,"Collision with vehicle","Saturday","Dark Street lights on",2,1,"Not at intersection",2,60,"A",2009,"WAGON","TOYOTA","Station Wagon","F",44,"40-49","Drivers"
"T20190007057","14/4/19",02:30:00,"Collision with a fixed object","Sunday","Dark Street lights on",1,1,"Not at intersection",2,60,"A",2015,"COUPE","NISSAN","Car","M",33,"30-39","Drivers"
"T20190007059","14/4/19",02:15:00,"Collision with vehicle","Sunday","Dark Street lights on",2,3,"Not at intersection",3,60,"B",2003,"SEDAN","TOYOTA","Car","F",19,"17-21","Drivers"
"T20190007059","14/4/19",02:15:00,"Collision with vehicle","Sunday","Dark Street lights on",2,3,"Not at intersection",3,60,"C",2006,"SEDAN","HOLDEN","Car","F",21,"17-21","Drivers"
"T20190007062","14/4/19",02:30:00,"Struck Pedestrian","Sunday","Dark Street lights on",1,2,"Not at intersection",2,50,"A",2014,"WAGON","MERC B","Station Wagon","M",22,"22-25","Drivers"
"T20190007063","13/4/19",14:30:00,"Collision with vehicle","Saturday","Day",2,4,"Cross intersection",2,100,"A",2010,"UTIL","MAZDA","Utility","M",52,"50-59","Drivers"
"T20190007066","12/4/19",19:20:00,"Collision with vehicle","Friday","Dark Street lights on",2,3,"Cross intersection",3,60,"A",2010,"WAGON","HONDA","Station Wagon","M",48,"40-49","Drivers"
"T20190007066","12/4/19",19:20:00,"Collision with vehicle","Friday","Dark Street lights on",2,3,"Cross intersection",3,60,"B",2007,"SEDAN","HOLDEN","Car","M",22,"22-25","Drivers"
"T20190007067","13/4/19",15:50:00,"Collision with vehicle","Saturday","Day",2,2,"Not at intersection",3,80,"A",2006,"SEDAN","FORD","Car","M",32,"30-39","Drivers"
"T20190007067","13/4/19",15:50:00,"Collision with vehicle","Saturday","Day",2,2,"Not at intersection",3,80,"B",2010,"WAGON","FORD","Station Wagon","F",28,"26-29","Drivers"
"T20190007070","14/4/19",09:21:00,"Collision with vehicle","Sunday","Day",2,4,"Cross intersection",3,60,"A",2007,"SEDAN","HYNDAI","Car","M",91,"70+","Drivers"
"T20190007070","14/4/19",09:21:00,"Collision with vehicle","Sunday","Day",2,4,"Cross intersection",3,60,"B",2010,"DC UTE","TOYOTA","Utility","M",41,"40-49","Drivers"
"T20190007071","14/4/19",09:50:00,"Struck Pedestrian","Sunday","Day",1,2,"Cross intersection",2,40,"A",2016,"WAGON","MITSUB","Station Wagon","M",79,"70+","Drivers"
"T20190007072","14/4/19",10:50:00,"Collision with vehicle","Sunday","Day",2,2,"Cross intersection",3,40,"B",2014,"SEDAN","MERC B","Car","M",25,"22-25","Drivers"
"T20190007074","14/4/19",10:05:00,"Collision with vehicle","Sunday","Day",3,9,"T intersection",3,60,"A",2003,"SEDAN","TOYOTA","Car","M",49,"40-49","Drivers"
"T20190007074","14/4/19",10:05:00,"Collision with vehicle","Sunday","Day",3,9,"T intersection",3,60,"B",2000,"WAGON","TOYOTA","Station Wagon","M",38,"30-39","Drivers"
"T20190007074","14/4/19",10:05:00,"Collision with vehicle","Sunday","Day",3,9,"T intersection",3,60,"C",2014,"WAGON","HONDA","Station Wagon","M",34,"30-39","Drivers"
"T20190007075","14/4/19",07:26:00,"Collision with vehicle","Sunday","Dusk/Dawn",2,5,"T intersection",2,100,"A",2010,"DC UTE","ISUZU","Utility","M",56,"50-59","Drivers"
"T20190007075","14/4/19",07:26:00,"Collision with vehicle","Sunday","Dusk/Dawn",2,5,"T intersection",2,100,"B",2018,"WAGON","TOYOTA","Station Wagon","F",25,"22-25","Drivers"
"T20190007076","14/4/19",09:30:00,"Collision with vehicle","Sunday","Day",2,2,"T intersection",3,60,"A",2015,"COUPE","MERC B","Car","F",63,"60-64","Drivers"
"T20190007077","14/4/19",10:56:00,"Struck Pedestrian","Sunday","Day",1,4,"Cross intersection",2,50,"A",0,"SED","VLK","Car","M",21,"17-21","Drivers"
"T20190007078","13/4/19",18:22:00,"Collision with vehicle","Saturday","Dark Street lights on",2,4,"Not at intersection",3,60,"A",2013,"SEDAN","HYNDAI","Car","F",27,"26-29","Drivers"
"T20190007078","13/4/19",18:22:00,"Collision with vehicle","Saturday","Dark Street lights on",2,4,"Not at intersection",3,60,"B",2010,"SEDAN","HONDA","Car","F",27,"26-29","Drivers"
"T20190007079","14/4/19",10:45:00,"Collision with vehicle","Sunday","Day",2,3,"Not at intersection",2,60,"A",2008,"UTIL","MITSUB","Utility","F",40,"40-49","Drivers"
"T20190007079","14/4/19",10:45:00,"Collision with vehicle","Sunday","Day",2,3,"Not at intersection",2,60,"B",2013,"SEDAN","FORD","Car","M",43,"40-49","Drivers"
"T20190007084","2/4/19",10:40:00,"Collision with vehicle","Tuesday","Day",2,2,"T intersection",3,50,"A",2009,"UTIL","HOLDEN","Utility","M",49,"40-49","Drivers"
"T20190007084","2/4/19",10:40:00,"Collision with vehicle","Tuesday","Day",2,2,"T intersection",3,50,"B",2016,"SEDAN","M MOVE","Car","F",48,"40-49","Drivers"
"T20190007085","30/3/19",11:45:00,"Collision with vehicle","Saturday","Unknown",2,2,"T intersection",3,999,"A",2018,"WAGON","HONDA","Station Wagon","F",52,"50-59","Drivers"
"T20190007085","30/3/19",11:45:00,"Collision with vehicle","Saturday","Unknown",2,2,"T intersection",3,999,"B",2008,"SEDAN","HOLDEN","Car","F",20,"17-21","Drivers"
"T20190007087","14/4/19",11:10:00,"Collision with vehicle","Sunday","Day",2,3,"Not at intersection",2,80,"A",2017,"SEDAN","MERC B","Car","M",22,"22-25","Drivers"
"T20190007087","14/4/19",11:10:00,"Collision with vehicle","Sunday","Day",2,3,"Not at intersection",2,80,"B",2019,"WAGON","MITSUB","Station Wagon","M",61,"60-64","Drivers"
"T20190007088","14/4/19",11:30:00,"Collision with vehicle","Sunday","Day",2,2,"Cross intersection",3,70,"A",2012,"SEDAN","MAZDA","Car","F",26,"26-29","Drivers"
"T20190007088","14/4/19",11:30:00,"Collision with vehicle","Sunday","Day",2,2,"Cross intersection",3,70,"B",2006,"SEDAN","VOLKS","Car","M",26,"26-29","Drivers"
"T20190007090","14/4/19",12:29:00,"Collision with vehicle","Sunday","Day",3,1,"Not at intersection",3,50,"A",2010,"SEDAN","MAZDA","Car","F",76,"70+","Drivers"
"T20190007091","14/4/19",12:18:00,"Collision with vehicle","Sunday","Day",2,2,"Not at intersection",3,50,"A",2014,"SEDAN","HYNDAI","Car","M",72,"70+","Drivers"
"T20190007094","14/4/19",13:59:00,"Collision with a fixed object","Sunday","Day",2,2,"Not at intersection",2,70,"A",2016,"SEDAN","TOYOTA","Car","M",26,"26-29","Drivers"
"T20190007096","14/4/19",14:00:00,"Collision with vehicle","Sunday","Day",2,2,"Not at intersection",3,60,"A",2018,"WAGON","B M W","Station Wagon","F",32,"30-39","Drivers"
"T20190007097","4/4/19",10:40:00,"Collision with vehicle","Thursday","Day",2,2,"T intersection",3,50,"A",2014,"SEDAN","HOLDEN","Car","F",48,"40-49","Drivers"
"T20190007097","4/4/19",10:40:00,"Collision with vehicle","Thursday","Day",2,2,"T intersection",3,50,"B",2008,"UTIL","FORD","Utility","M",53,"50-59","Drivers"
"T20190007098","14/4/19",11:00:00,"Collision with vehicle","Sunday","Day",2,2,"T intersection",3,80,"A",2017,"SEDAN","B M W","Car","F",57,"50-59","Drivers"
"T20190007098","14/4/19",11:00:00,"Collision with vehicle","Sunday","Day",2,2,"T intersection",3,80,"B",2001,"WAGON","B M W","Station Wagon","F",46,"40-49","Drivers"
"T20190007099","10/4/19",14:50:00,"Collision with vehicle","Wednesday","Day",2,2,"T intersection",3,60,"A",2014,"SEDAN","HONDA","Car","F",38,"30-39","Drivers"
"T20190007099","10/4/19",14:50:00,"Collision with vehicle","Wednesday","Day",2,2,"T intersection",3,60,"B",2001,"S WAG","MAZDA","Station Wagon","M",28,"26-29","Drivers"
"T20190007101","14/4/19",15:00:00,"Collision with vehicle","Sunday","Day",2,4,"Dead end",2,80,"A",2014,"SEDAN","FORD","Car","F",53,"50-59","Drivers"
"T20190007101","14/4/19",15:00:00,"Collision with vehicle","Sunday","Day",2,4,"Dead end",2,80,"B",2005,"SEDAN","FORD","Car","M",64,"60-64","Drivers"
"T20190007103","14/4/19",14:38:00,"Collision with vehicle","Sunday","Day",2,3,"Cross intersection",2,999,"A",2007,"SEDAN","HOLDEN","Car","F",28,"26-29","Drivers"
"T20190007103","14/4/19",14:38:00,"Collision with vehicle","Sunday","Day",2,3,"Cross intersection",2,999,"B",2014,"SEDAN","KIA","Car","F",55,"50-59","Drivers"
"T20190007106","14/4/19",13:49:00,"Collision with vehicle","Sunday","Day",2,2,"Not at intersection",3,60,"A",2008,"SEDAN","FORD","Car","M",40,"40-49","Drivers"
"T20190007106","14/4/19",13:49:00,"Collision with vehicle","Sunday","Day",2,2,"Not at intersection",3,60,"B",2014,"SEDAN","HOLDEN","Car","F",68,"64-69","Drivers"
"T20190007110","14/4/19",16:50:00,"Collision with vehicle","Sunday","Day",2,2,"Cross intersection",3,80,"A",2014,"SEDAN","AUDI","Car","F",28,"26-29","Drivers"
"T20190007110","14/4/19",16:50:00,"Collision with vehicle","Sunday","Day",2,2,"Cross intersection",3,80,"B",2009,"S WAG","SKODA","Station Wagon","M",75,"70+","Drivers"
"T20190007112","14/4/19",16:30:00,"Fall from or in moving vehicle","Sunday","Day",1,3,"T intersection",2,60,"A",2006,"SEDAN","HOLDEN","Car","F",25,"22-25","Drivers"
"T20190007113","14/4/19",13:10:00,"Collision with vehicle","Sunday","Day",2,2,"Not at intersection",1,100,"A",2005,"SEDAN","HOLDEN","Car","F",75,"70+","Drivers"
"T20190007113","14/4/19",13:10:00,"Collision with vehicle","Sunday","Day",2,2,"Not at intersection",1,100,"B",2013,"WAGON","HOLDEN","Station Wagon","M",25,"22-25","Drivers"
"T20190007114","11/4/19",18:00:00,"Collision with vehicle","Thursday","Unknown",2,2,"Cross intersection",3,60,"A",2015,"SEDAN","TOYOTA","Car","M",23,"22-25","Drivers"
"T20190007114","11/4/19",18:00:00,"Collision with vehicle","Thursday","Unknown",2,2,"Cross intersection",3,60,"B",1997,"UTIL","MITSUB","Utility","M",44,"40-49","Drivers"
"T20190007116","14/4/19",20:03:00,"Collision with vehicle","Sunday","Dark Street lights on",2,2,"Not at intersection",2,40,"A",2012,"UTIL","HOLDEN","Utility","F",43,"40-49","Drivers"
"T20190007118","14/4/19",19:30:00,"Collision with vehicle","Sunday","Dark No street lights",2,8,"Not at intersection",2,40,"A",2007,"SEDAN","HYNDAI","Car","M",41,"40-49","Drivers"
"T20190007118","14/4/19",19:30:00,"Collision with vehicle","Sunday","Dark No street lights",2,8,"Not at intersection",2,40,"B",1999,"SEDAN","TOYOTA","Car","M",29,"26-29","Drivers"
"T20190007124","14/4/19",22:20:00,"Collision with vehicle","Sunday","Dark Street lights off",2,3,"T intersection",2,80,"A",2012,"SEDAN","TOYOTA","Car","M",45,"40-49","Drivers"
"T20190007124","14/4/19",22:20:00,"Collision with vehicle","Sunday","Dark Street lights off",2,3,"T intersection",2,80,"B",2011,"SEDAN","HYNDAI","Car","M",29,"26-29","Drivers"
"T20190007129","15/4/19",06:27:00,"Collision with vehicle","Monday","Dusk/Dawn",2,2,"Cross intersection",2,60,"A",1998,"SEDAN","HONDA","Car","M",19,"17-21","Drivers"
"T20190007135","15/4/19",08:00:00,"Collision with a fixed object","Monday","Day",1,1,"Cross intersection",3,50,"A",2008,"SEDAN","HONDA","Car","F",34,"30-39","Drivers"
"T20190007136","15/4/19",08:50:00,"Collision with vehicle","Monday","Day",5,5,"Not at intersection",2,60,"A",2001,"SEDAN","HOLDEN","Car","M",52,"50-59","Drivers"
"T20190007136","15/4/19",08:50:00,"Collision with vehicle","Monday","Day",5,5,"Not at intersection",2,60,"B",2014,"WAGON","NISSAN","Station Wagon","F",79,"70+","Drivers"
"T20190007136","15/4/19",08:50:00,"Collision with vehicle","Monday","Day",5,5,"Not at intersection",2,60,"C",2016,"WAGON","MAZDA","Station Wagon","F",47,"40-49","Drivers"
"T20190007136","15/4/19",08:50:00,"Collision with vehicle","Monday","Day",5,5,"Not at intersection",2,60,"D",2014,"SEDAN","HOLDEN","Car","F",57,"50-59","Drivers"
"T20190007136","15/4/19",08:50:00,"Collision with vehicle","Monday","Day",5,5,"Not at intersection",2,60,"E",2016,"WAGON","MITSUB","Station Wagon","M",86,"70+","Drivers"
"T20190007137","15/4/19",10:35:00,"Collision with vehicle","Monday","Day",2,2,"T intersection",3,60,"A",2002,"SED","UNKN","Car","F",53,"50-59","Drivers"
"T20190007137","15/4/19",10:35:00,"Collision with vehicle","Monday","Day",2,2,"T intersection",3,60,"B",2000,"SED","TOYOTA","Car","M",31,"30-39","Drivers"
"T20190007138","15/4/19",09:47:00,"Collision with vehicle","Monday","Day",2,3,"Not at intersection",2,100,"A",2012,"SEDAN","SUBARU","Car","M",51,"50-59","Drivers"
"T20190007138","15/4/19",09:47:00,"Collision with vehicle","Monday","Day",2,3,"Not at intersection",2,100,"B",2017,"WAGON","TOYOTA","Station Wagon","F",45,"40-49","Drivers"
"T20190007140","9/2/19",23:35:00,"Collision with a fixed object","Saturday","Dark Street lights on",1,1,"Not at intersection",2,60,"A",2002,"SEDAN","HOLDEN","Car","F",42,"40-49","Drivers"
"T20190007144","14/4/19",19:20:00,"Collision with vehicle","Sunday","Dark Street lights on",2,3,"T intersection",2,60,"A",0,"SED","HYU","Car","F",30,"30-39","Drivers"
"T20190007144","14/4/19",19:20:00,"Collision with vehicle","Sunday","Dark Street lights on",2,3,"T intersection",2,60,"B",2009,"SEDAN","HOLDEN","Car","M",28,"26-29","Drivers"
"T20190007147","15/4/19",12:20:00,"Collision with vehicle","Monday","Day",2,5,"Not at intersection",3,70,"A",2017,"DC UTE","VOLKS","Utility","M",51,"50-59","Drivers"
"T20190007147","15/4/19",12:20:00,"Collision with vehicle","Monday","Day",2,5,"Not at intersection",3,70,"B",2013,"WAGON","MAZDA","Station Wagon","F",37,"30-39","Drivers"
"T20190007148","15/4/19",11:05:00,"Collision with a fixed object","Monday","Day",1,2,"T intersection",3,70,"A",2004,"WAGON","HONDA","Station Wagon","M",16,"16-17","Drivers"
"T20190007149","12/4/19",16:50:00,"Collision with vehicle","Friday","Day",2,2,"Cross intersection",3,50,"A",2018,"COUPE","FORD","Car","M",37,"30-39","Drivers"
"T20190007152","11/4/19",16:15:00,"Collision with vehicle","Thursday","Day",2,2,"Cross intersection",2,80,"A",2007,"S WAG","HOLDEN","Station Wagon","F",22,"22-25","Drivers"
"T20190007152","11/4/19",16:15:00,"Collision with vehicle","Thursday","Day",2,2,"Cross intersection",2,80,"B",2011,"VAN","TOYOTA","Panel Van","U",NA,"unknown","Drivers"
"T20190007154","15/4/19",11:10:00,"Collision with a fixed object","Monday","Day",1,1,"Not at intersection",2,100,"A",2011,"SEDAN","SUZUKI","Car","F",52,"50-59","Drivers"
"T20190007156","12/4/19",15:31:00,"Collision with vehicle","Friday","Day",2,3,"T intersection",3,60,"A",2011,"SEDAN","HOLDEN","Car","F",38,"30-39","Drivers"
"T20190007156","12/4/19",15:31:00,"Collision with vehicle","Friday","Day",2,3,"T intersection",3,60,"B",2013,"SEDAN","NISSAN","Car","M",33,"30-39","Drivers"
"T20190007158","28/3/19",16:10:00,"Collision with vehicle","Thursday","Day",3,3,"Not at intersection",3,50,"A",2017,"SEDAN","MITSUB","Car","F",30,"30-39","Drivers"
"T20190007158","28/3/19",16:10:00,"Collision with vehicle","Thursday","Day",3,3,"Not at intersection",3,50,"B",2011,"SEDAN","MERC B","Car","F",35,"30-39","Drivers"
"T20190007158","28/3/19",16:10:00,"Collision with vehicle","Thursday","Day",3,3,"Not at intersection",3,50,"C",2018,"TRAY","DAF","Light Commercial Vehicle (Rigid) <= 4.5 Tonnes GVM","M",26,"26-29","Drivers"
"T20190007159","15/4/19",14:15:00,"Collision with vehicle","Monday","Day",2,6,"Cross intersection",3,60,"A",2019,"WAGON","M MOVE","Station Wagon","M",56,"50-59","Drivers"
"T20190007159","15/4/19",14:15:00,"Collision with vehicle","Monday","Day",2,6,"Cross intersection",3,60,"B",2009,"WAGON","MITSUB","Station Wagon","F",39,"30-39","Drivers"
"T20190007164","30/3/19",13:10:00,"Collision with vehicle","Saturday","Day",2,3,"Not at intersection",3,50,"A",2016,"SEDAN","TOYOTA","Car","M",71,"70+","Drivers"
"T20190007164","30/3/19",13:10:00,"Collision with vehicle","Saturday","Day",2,3,"Not at intersection",3,50,"B",2005,"SEDAN","HOLDEN","Car","M",42,"40-49","Drivers"
"T20190007165","15/4/19",13:59:00,"Collision with vehicle","Monday","Day",2,4,"T intersection",2,60,"A",2009,"SEDAN","NISSAN","Car","M",24,"22-25","Drivers"
"T20190007165","15/4/19",13:59:00,"Collision with vehicle","Monday","Day",2,4,"T intersection",2,60,"B",2010,"WAGON","TOYOTA","Station Wagon","F",37,"30-39","Drivers"
"T20190007169","15/4/19",15:35:00,"Collision with vehicle","Monday","Day",2,2,"Not at intersection",2,80,"A",2004,"WAGON","KIA","Station Wagon","M",40,"40-49","Drivers"
"T20190007169","15/4/19",15:35:00,"Collision with vehicle","Monday","Day",2,2,"Not at intersection",2,80,"B",2004,"S WAG","HOLDEN","Station Wagon","F",68,"64-69","Drivers"
"T20190007170","15/4/19",16:10:00,"Collision with vehicle","Monday","Day",2,4,"Not at intersection",3,80,"A",2001,"WAGON","MITSUB","Station Wagon","F",25,"22-25","Drivers"
"T20190007170","15/4/19",16:10:00,"Collision with vehicle","Monday","Day",2,4,"Not at intersection",3,80,"B",1997,"SEDAN","FORD","Car","M",37,"30-39","Drivers"
"T20190007171","15/4/19",16:10:00,"Collision with vehicle","Monday","Day",2,3,"Cross intersection",2,100,"A",2015,"WAGON","MAZDA","Station Wagon","M",71,"70+","Drivers"
"T20190007171","15/4/19",16:10:00,"Collision with vehicle","Monday","Day",2,3,"Cross intersection",2,100,"B",2015,"WAGON","KIA","Station Wagon","F",69,"64-69","Drivers"
"T20190007172","10/4/19",13:30:00,"Collision with vehicle","Wednesday","Day",2,2,"Not at intersection",2,40,"B",2018,"WAGON","B M W","Station Wagon","F",75,"70+","Drivers"
"T20190007173","15/4/19",16:45:00,"Collision with vehicle","Monday","Day",2,2,"Not at intersection",3,60,"A",2010,"SEDAN","TOYOTA","Car","F",29,"26-29","Drivers"
"T20190007173","15/4/19",16:45:00,"Collision with vehicle","Monday","Day",2,2,"Not at intersection",3,60,"B",2010,"SEDAN","MERC B","Car","F",25,"22-25","Drivers"
"T20190007176","15/4/19",17:06:00,"Struck Pedestrian","Monday","Day",1,2,"Cross intersection",2,60,"A",2018,"SEDAN","VOLKS","Car","M",28,"26-29","Drivers"
"T20190007179","15/4/19",15:05:00,"Collision with a fixed object","Monday","Day",1,1,"Not at intersection",3,60,"A",2007,"BUS","TOYOTA","Mini Bus(9-13 seats)","F",20,"17-21","Drivers"
"T20190007180","15/4/19",16:15:00,"No collision and no object struck","Monday","Day",1,1,"Not at intersection",2,100,"A",2007,"SEDAN","TOYOTA","Car","M",66,"64-69","Drivers"
"T20190007181","10/4/19",15:30:00,"Collision with vehicle","Wednesday","Day",3,3,"Cross intersection",3,999,"A",2011,"SEDAN","HOLDEN","Car","M",49,"40-49","Drivers"
"T20190007181","10/4/19",15:30:00,"Collision with vehicle","Wednesday","Day",3,3,"Cross intersection",3,999,"B",2012,"SEDAN","HYNDAI","Car","F",18,"17-21","Drivers"
"T20190007181","10/4/19",15:30:00,"Collision with vehicle","Wednesday","Day",3,3,"Cross intersection",3,999,"C",2010,"SEDAN","HONDA","Car","F",23,"22-25","Drivers"
"T20190007185","15/4/19",15:35:00,"Collision with vehicle","Monday","Day",2,2,"Cross intersection",3,60,"A",2017,"WAGON","TOYOTA","Station Wagon","F",37,"30-39","Drivers"
"T20190007185","15/4/19",15:35:00,"Collision with vehicle","Monday","Day",2,2,"Cross intersection",3,60,"B",2010,"WAGON","VOLKS","Station Wagon","M",58,"50-59","Drivers"
"T20190007189","7/3/19",17:09:00,"Collision with vehicle","Thursday","Day",2,3,"Cross intersection",3,60,"A",2014,"WAGON","SUZUKI","Station Wagon","M",66,"64-69","Drivers"
"T20190007189","7/3/19",17:09:00,"Collision with vehicle","Thursday","Day",2,3,"Cross intersection",3,60,"B",2001,"SEDAN","FORD","Car","F",18,"17-21","Drivers"
"T20190007190","15/4/19",06:16:00,"Collision with vehicle","Monday","Day",2,2,"Not at intersection",3,80,"B",2008,"SEDAN","HOLDEN","Car","F",24,"22-25","Drivers"
"T20190007191","15/4/19",20:11:00,"Collision with vehicle","Monday","Dark Street lights on",4,4,"Cross intersection",1,60,"B",2010,"SEDAN","MAZDA","Car","F",30,"30-39","Drivers"
"T20190007191","15/4/19",20:11:00,"Collision with vehicle","Monday","Dark Street lights on",4,4,"Cross intersection",1,60,"D",2017,"WAGON","HONDA","Station Wagon","M",41,"40-49","Drivers"
"T20190007195","16/4/19",01:30:00,"Collision with vehicle","Tuesday","Dark Street lights on",2,2,"Cross intersection",3,80,"A",2005,"SEDAN","HONDA","Car","M",21,"17-21","Drivers"
"T20190007196","14/4/19",14:00:00,"Collision with vehicle","Sunday","Day",2,3,"Not at intersection",3,40,"A",2014,"WAGON","MAZDA","Station Wagon","U",NA,"unknown","Drivers"
"T20190007197","15/2/19",13:25:00,"Collision with vehicle","Friday","Day",2,3,"Not at intersection",3,50,"A",2007,"WAGON","HOLDEN","Station Wagon","F",58,"50-59","Drivers"
"T20190007197","15/2/19",13:25:00,"Collision with vehicle","Friday","Day",2,3,"Not at intersection",3,50,"B",1992,"UTIL","NISSAN","Utility","M",37,"30-39","Drivers"
"T20190007201","16/4/19",05:20:00,"Collision with vehicle","Tuesday","Dark No street lights",3,3,"Not at intersection",3,110,"A",2014,"UTIL","ISUZU","Utility","M",62,"60-64","Drivers"
"T20190007201","16/4/19",05:20:00,"Collision with vehicle","Tuesday","Dark No street lights",3,3,"Not at intersection",3,110,"B",2013,"WAGON","UNKN","Station Wagon","M",35,"30-39","Drivers"
"T20190007201","16/4/19",05:20:00,"Collision with vehicle","Tuesday","Dark No street lights",3,3,"Not at intersection",3,110,"C",2006,"SEDAN","TOYOTA","Car","M",51,"50-59","Drivers"
"T20190007203","16/4/19",08:50:00,"Collision with vehicle","Tuesday","Day",2,2,"T intersection",3,60,"A",2010,"SEDAN","MAZDA","Car","M",55,"50-59","Drivers"
"T20190007205","16/4/19",07:40:00,"Collision with vehicle","Tuesday","Day",2,2,"T intersection",3,40,"A",2013,"SEDAN","FORD","Car","F",43,"40-49","Drivers"
"T20190007206","15/4/19",19:20:00,"Collision with vehicle","Monday","Dark Street lights on",3,1,"Not at intersection",3,50,"A",2006,"SEDAN","MAZDA","Car","M",85,"70+","Drivers"
"T20190007207","16/4/19",07:40:00,"Collision with vehicle","Tuesday","Day",2,2,"Cross intersection",3,60,"B",2012,"SEDAN","VOLKS","Car","M",71,"70+","Drivers"
"T20190007210","14/4/19",20:56:00,"Collision with vehicle","Sunday","Dark Street lights on",2,1,"Not at intersection",3,50,"A",2002,"WAGON","HONDA","Station Wagon","F",50,"50-59","Drivers"
"T20190007216","15/4/19",21:03:00,"Collision with a fixed object","Monday","Dark Street lights on",1,2,"Multiple intersection",2,50,"A",2008,"SEDAN","SUBARU","Car","M",19,"17-21","Drivers"
"T20190007217","16/4/19",10:39:00,"Collision with vehicle","Tuesday","Day",2,3,"Dead end",2,80,"B",2012,"WAGON","MERC B","Station Wagon","M",50,"50-59","Drivers"
"T20190007218","14/4/19",16:45:00,"Collision with vehicle","Sunday","Unknown",2,4,"Not at intersection",3,70,"A",2019,"SEDAN","SKODA","Car","M",18,"17-21","Drivers"
"T20190007218","14/4/19",16:45:00,"Collision with vehicle","Sunday","Unknown",2,4,"Not at intersection",3,70,"B",2009,"WAGON","FORD","Station Wagon","M",23,"22-25","Drivers"
"T20190007221","16/4/19",11:45:00,"Fall from or in moving vehicle","Tuesday","Day",2,4,"Not at intersection",3,60,"B",2017,"SEDAN","HOLDEN","Car","U",NA,"unknown","Drivers"
"T20190007222","16/4/19",13:00:00,"Collision with vehicle","Tuesday","Day",2,2,"Not at intersection",3,60,"A",2000,"DC UTE","TOYOTA","Utility","M",58,"50-59","Drivers"
"T20190007224","16/4/19",13:10:00,"Collision with vehicle","Tuesday","Day",2,2,"Not at intersection",3,80,"A",2013,"COUPE","TOYOTA","Car","F",26,"26-29","Drivers"
"T20190007224","16/4/19",13:10:00,"Collision with vehicle","Tuesday","Day",2,2,"Not at intersection",3,80,"B",2009,"SEDAN","TOYOTA","Car","F",53,"50-59","Drivers"
"T20190007231","16/4/19",10:50:00,"Collision with vehicle","Tuesday","Day",3,6,"Not at intersection",3,70,"A",2011,"WAGON","HOLDEN","Station Wagon","M",59,"50-59","Drivers"
"T20190007231","16/4/19",10:50:00,"Collision with vehicle","Tuesday","Day",3,6,"Not at intersection",3,70,"B",2015,"SEDAN","MAZDA","Car","M",53,"50-59","Drivers"
"T20190007231","16/4/19",10:50:00,"Collision with vehicle","Tuesday","Day",3,6,"Not at intersection",3,70,"C",2009,"WAGON","B M W","Station Wagon","F",24,"22-25","Drivers"
"T20190007232","15/4/19",18:45:00,"Collision with a fixed object","Monday","Dark No street lights",1,1,"Cross intersection",3,100,"A",2009,"WAGON","TOYOTA","Station Wagon","F",18,"17-21","Drivers"
"T20190007233","16/4/19",13:42:00,"Collision with vehicle","Tuesday","Day",3,4,"Not at intersection",3,60,"A",2008,"SEDAN","PROTON","Car","M",80,"70+","Drivers"
"T20190007233","16/4/19",13:42:00,"Collision with vehicle","Tuesday","Day",3,4,"Not at intersection",3,60,"B",2007,"VAN","TOYOTA","Panel Van","M",36,"30-39","Drivers"
"T20190007233","16/4/19",13:42:00,"Collision with vehicle","Tuesday","Day",3,4,"Not at intersection",3,60,"C",2011,"WAGON","FORD","Station Wagon","M",41,"40-49","Drivers"
"T20190007234","16/4/19",14:55:00,"Collision with a fixed object","Tuesday","Day",1,2,"Cross intersection",3,100,"A",2009,"SEDAN","HOLDEN","Car","M",78,"70+","Drivers"
"T20190007239","16/4/19",08:51:00,"Collision with vehicle","Tuesday","Day",2,2,"Cross intersection",3,60,"A",2018,"WAGON","LEXUS","Station Wagon","M",51,"50-59","Drivers"