"ACCIDENT_NO","ACCIDENTDATE","ACCIDENTTIME","Accident Type Desc","Day Week Description","Light Condition Desc","NO_OF_VEHICLES","NO_PERSONS","Road Geometry Desc","SEVERITY","SPEED_ZONE","VEHICLE_ID","VEHICLE_YEAR_MANUF","VEHICLE_BODY_STYLE","VEHICLE_MAKE","Vehicle Type Desc","SEX","AGE","Age Group","Road User Type Desc"
"T20190007239","16/4/19",08:51:00,"Collision with vehicle","Tuesday","Day",2,2,"Cross intersection",3,60,"B",2007,"VAN","MITSUB","Panel Van","M",30,"30-39","Drivers"
"T20190007241","16/4/19",15:00:00,"Collision with a fixed object","Tuesday","Day",1,1,"Not at intersection",2,70,"A",2010,"COUPE","MERC B","Car","M",79,"70+","Drivers"
"T20190007248","16/4/19",18:45:00,"Collision with vehicle","Tuesday","Dark Street lights on",2,3,"T intersection",3,60,"A",2018,"WAGON","HYNDAI","Station Wagon","M",49,"40-49","Drivers"
"T20190007248","16/4/19",18:45:00,"Collision with vehicle","Tuesday","Dark Street lights on",2,3,"T intersection",3,60,"B",2019,"SEDAN","TOYOTA","Car","F",22,"22-25","Drivers"
"T20190007250","16/4/19",17:20:00,"Collision with vehicle","Tuesday","Day",2,2,"Not at intersection",3,60,"B",2000,"WAGON","HONDA","Station Wagon","F",30,"30-39","Drivers"
"T20190007251","16/4/19",16:33:00,"Collision with vehicle","Tuesday","Day",2,2,"T intersection",3,60,"A",2001,"SEDAN","MITSUB","Car","M",26,"26-29","Drivers"
"T20190007251","16/4/19",16:33:00,"Collision with vehicle","Tuesday","Day",2,2,"T intersection",3,60,"B",2004,"SEDAN","HOLDEN","Car","F",29,"26-29","Drivers"
"T20190007253","16/4/19",19:50:00,"Collision with vehicle","Tuesday","Dark Street lights on",2,3,"Not at intersection",2,50,"A",2012,"SEDAN","FORD","Car","M",27,"26-29","Drivers"
"T20190007253","16/4/19",19:50:00,"Collision with vehicle","Tuesday","Dark Street lights on",2,3,"Not at intersection",2,50,"B",2010,"SEDAN","SUZUKI","Car","F",17,"16-17","Drivers"
"T20190007254","16/4/19",14:50:00,"Collision with vehicle","Tuesday","Day",3,4,"Not at intersection",3,60,"A",2002,"SEDAN","NISSAN","Car","F",23,"22-25","Drivers"
"T20190007254","16/4/19",14:50:00,"Collision with vehicle","Tuesday","Day",3,4,"Not at intersection",3,60,"C",2012,"SEDAN","HYNDAI","Car","F",31,"30-39","Drivers"
"T20190007256","15/4/19",08:00:00,"Collision with vehicle","Monday","Day",2,2,"Not at intersection",3,60,"A",2000,"SEDAN","HOLDEN","Car","M",25,"22-25","Drivers"
"T20190007256","15/4/19",08:00:00,"Collision with vehicle","Monday","Day",2,2,"Not at intersection",3,60,"B",2005,"WAGON","TOYOTA","Station Wagon","F",37,"30-39","Drivers"
"T20190007258","16/4/19",15:31:00,"Collision with vehicle","Tuesday","Day",3,4,"Not at intersection",2,80,"A",2016,"RDSTR","PORSCH","Car","M",36,"30-39","Drivers"
"T20190007258","16/4/19",15:31:00,"Collision with vehicle","Tuesday","Day",3,4,"Not at intersection",2,80,"B",2006,"SEDAN","HYNDAI","Car","F",37,"30-39","Drivers"
"T20190007258","16/4/19",15:31:00,"Collision with vehicle","Tuesday","Day",3,4,"Not at intersection",2,80,"C",2015,"UTIL","MITSUB","Utility","F",29,"26-29","Drivers"
"T20190007259","16/4/19",17:30:00,"Collision with vehicle","Tuesday","Day",2,2,"T intersection",2,80,"A",2007,"SEDAN","SUZUKI","Car","M",35,"30-39","Drivers"
"T20190007259","16/4/19",17:30:00,"Collision with vehicle","Tuesday","Day",2,2,"T intersection",2,80,"B",2017,"WAGON","HONDA","Station Wagon","F",48,"40-49","Drivers"
"T20190007260","16/4/19",16:30:00,"Collision with a fixed object","Tuesday","Day",1,1,"Not at intersection",1,90,"A",2009,"UTIL","MITSUB","Utility","M",38,"30-39","Drivers"
"T20190007261","16/4/19",18:26:00,"Fall from or in moving vehicle","Tuesday","Dark Street lights on",2,3,"Not at intersection",2,60,"A",2017,"WAGON","NISSAN","Station Wagon","M",29,"26-29","Drivers"
"T20190007263","16/4/19",21:49:00,"Collision with a fixed object","Tuesday","Dark Street lights on",1,1,"Not at intersection",2,110,"A",2003,"SEDAN","FORD","Car","M",41,"40-49","Drivers"
"T20190007266","11/4/19",12:50:00,"Collision with vehicle","Thursday","Day",2,2,"Multiple intersection",2,60,"A",2015,"SEDAN","VOLKS","Car","F",75,"70+","Drivers"
"T20190007266","11/4/19",12:50:00,"Collision with vehicle","Thursday","Day",2,2,"Multiple intersection",2,60,"B",2013,"SEDAN","LEXUS","Car","F",19,"17-21","Drivers"
"T20190007267","17/4/19",03:49:00,"Collision with vehicle","Wednesday","Dark Street lights on",2,2,"Cross intersection",2,60,"A",2006,"G UNIT","VOLVO","Heavy Vehicle (Rigid) > 4.5 Tonnes","M",26,"26-29","Drivers"
"T20190007271","17/4/19",07:20:00,"Collision with vehicle","Wednesday","Day",2,2,"Not at intersection",3,50,"A",1998,"SEDAN","TOYOTA","Car","M",32,"30-39","Drivers"
"T20190007272","17/4/19",07:02:00,"Collision with a fixed object","Wednesday","Day",1,2,"T intersection",2,80,"A",2009,"SEDAN","SUZUKI","Car","M",44,"40-49","Drivers"
"T20190007273","17/4/19",08:30:00,"Collision with vehicle","Wednesday","Day",2,2,"T intersection",3,60,"A",2009,"SEDAN","KIA","Car","F",43,"40-49","Drivers"
"T20190007277","17/4/19",06:30:00,"Collision with vehicle","Wednesday","Day",2,3,"T intersection",3,999,"A",2007,"SEDAN","HONDA","Car","M",30,"30-39","Drivers"
"T20190007277","17/4/19",06:30:00,"Collision with vehicle","Wednesday","Day",2,3,"T intersection",3,999,"B",2014,"SEDAN","TOYOTA","Car","F",43,"40-49","Drivers"
"T20190007278","16/4/19",14:14:00,"Collision with vehicle","Tuesday","Day",2,2,"Not at intersection",3,60,"B",2007,"WAGON","FORD","Station Wagon","M",55,"50-59","Drivers"
"T20190007279","17/4/19",08:19:00,"Collision with vehicle","Wednesday","Day",4,4,"Not at intersection",2,100,"A",2012,"SEDAN","TOYOTA","Car","F",23,"22-25","Drivers"
"T20190007279","17/4/19",08:19:00,"Collision with vehicle","Wednesday","Day",4,4,"Not at intersection",2,100,"B",0,"BD/PMR","WESTER","Prime Mover B-Double","M",42,"40-49","Drivers"
"T20190007279","17/4/19",08:19:00,"Collision with vehicle","Wednesday","Day",4,4,"Not at intersection",2,100,"C",2011,"S WAG","ALFA R","Station Wagon","F",54,"50-59","Drivers"
"T20190007279","17/4/19",08:19:00,"Collision with vehicle","Wednesday","Day",4,4,"Not at intersection",2,100,"D",2010,"DC UTE","HOLDEN","Utility","M",71,"70+","Drivers"
"T20190007280","17/4/19",08:10:00,"Collision with vehicle","Wednesday","Day",2,2,"Cross intersection",2,80,"A",2012,"S WAG","HYNDAI","Station Wagon","F",23,"22-25","Drivers"
"T20190007280","17/4/19",08:10:00,"Collision with vehicle","Wednesday","Day",2,2,"Cross intersection",2,80,"B",2018,"SEDAN","KIA","Car","F",83,"70+","Drivers"
"T20190007282","16/4/19",21:45:00,"Collision with vehicle","Tuesday","Dark Street lights on",2,2,"Not at intersection",2,80,"A",2011,"SEDAN","NISSAN","Car","M",81,"70+","Drivers"
"T20190007282","16/4/19",21:45:00,"Collision with vehicle","Tuesday","Dark Street lights on",2,2,"Not at intersection",2,80,"B",1996,"SEDAN","TOYOTA","Car","M",24,"22-25","Drivers"
"T20190007285","17/4/19",11:28:00,"Collision with vehicle","Wednesday","Day",2,3,"T intersection",2,60,"A",2011,"WAGON","NISSAN","Station Wagon","M",19,"17-21","Drivers"
"T20190007286","17/4/19",12:05:00,"Collision with vehicle","Wednesday","Day",2,1,"Not at intersection",2,40,"A",1992,"SEDAN","NISSAN","Car","M",80,"70+","Drivers"
"T20190007288","17/4/19",10:20:00,"Collision with vehicle","Wednesday","Day",2,2,"Not at intersection",2,100,"A",2004,"SEDAN","TOYOTA","Car","F",81,"70+","Drivers"
"T20190007288","17/4/19",10:20:00,"Collision with vehicle","Wednesday","Day",2,2,"Not at intersection",2,100,"B",2011,"P MVR","W STAR","Prime Mover - Single Trailer","M",61,"60-64","Drivers"
"T20190007290","17/4/19",13:05:00,"Collision with a fixed object","Wednesday","Day",1,1,"Cross intersection",3,50,"A",2013,"UTIL","MITSUB","Utility","M",49,"40-49","Drivers"
"T20190007291","17/4/19",10:20:00,"Collision with vehicle","Wednesday","Day",3,5,"Not at intersection",3,100,"A",2012,"WAGON","TOYOTA","Station Wagon","M",85,"70+","Drivers"
"T20190007291","17/4/19",10:20:00,"Collision with vehicle","Wednesday","Day",3,5,"Not at intersection",3,100,"B",2019,"P MVR","MERC B","Prime Mover Only","M",30,"30-39","Drivers"
"T20190007291","17/4/19",10:20:00,"Collision with vehicle","Wednesday","Day",3,5,"Not at intersection",3,100,"C",2014,"TIPPER","HINO","Prime Mover Only","M",48,"40-49","Drivers"
"T20190007294","17/4/19",13:19:00,"Collision with vehicle","Wednesday","Day",2,3,"Cross intersection",3,80,"A",1988,"P VAN","FORD","Panel Van","M",69,"64-69","Drivers"
"T20190007294","17/4/19",13:19:00,"Collision with vehicle","Wednesday","Day",2,3,"Cross intersection",3,80,"B",2010,"S WAG","G WALL","Station Wagon","F",54,"50-59","Drivers"
"T20190007295","17/4/19",13:37:00,"Collision with vehicle","Wednesday","Day",2,2,"Cross intersection",2,60,"A",2005,"SED","HONDA","Car","F",27,"26-29","Drivers"
"T20190007295","17/4/19",13:37:00,"Collision with vehicle","Wednesday","Day",2,2,"Cross intersection",2,60,"B",2013,"SEDAN","TOYOTA","Car","F",23,"22-25","Drivers"
"T20190007296","17/4/19",11:50:00,"Collision with a fixed object","Wednesday","Day",1,1,"Not at intersection",3,80,"A",2010,"SEDAN","MAZDA","Car","F",42,"40-49","Drivers"
"T20190007297","17/4/19",11:45:00,"Collision with a fixed object","Wednesday","Day",1,1,"Not at intersection",3,80,"A",2017,"SEDAN","HONDA","Car","M",33,"30-39","Drivers"
"T20190007298","17/4/19",14:00:00,"Collision with vehicle","Wednesday","Day",2,2,"Cross intersection",3,50,"A",2008,"SEDAN","MITSUB","Car","F",20,"17-21","Drivers"
"T20190007298","17/4/19",14:00:00,"Collision with vehicle","Wednesday","Day",2,2,"Cross intersection",3,50,"B",2016,"WAGON","MAZDA","Station Wagon","M",49,"40-49","Drivers"
"T20190007299","17/4/19",13:24:00,"Collision with vehicle","Wednesday","Day",2,2,"Cross intersection",3,50,"A",2004,"SEDAN","HOLDEN","Car","F",76,"70+","Drivers"
"T20190007299","17/4/19",13:24:00,"Collision with vehicle","Wednesday","Day",2,2,"Cross intersection",3,50,"B",2000,"SED","HOLDEN","Car","U",NA,"unknown","Drivers"
"T20190007302","17/4/19",15:45:00,"Collision with vehicle","Wednesday","Day",3,3,"T intersection",3,60,"A",2003,"COUPE","NISSAN","Car","M",25,"22-25","Drivers"
"T20190007302","17/4/19",15:45:00,"Collision with vehicle","Wednesday","Day",3,3,"T intersection",3,60,"B",1992,"SEDAN","FORD","Car","M",70,"70+","Drivers"
"T20190007302","17/4/19",15:45:00,"Collision with vehicle","Wednesday","Day",3,3,"T intersection",3,60,"C",2016,"C MIX","MACK","Heavy Vehicle (Rigid) > 4.5 Tonnes","M",52,"50-59","Drivers"
"T20190007305","17/4/19",15:10:00,"Collision with vehicle","Wednesday","Day",2,1,"Not at intersection",2,50,"A",1984,"COUPE","DAIHAT","Car","M",96,"70+","Drivers"
"T20190007311","17/4/19",16:44:00,"Struck Pedestrian","Wednesday","Day",1,4,"Not at intersection",2,60,"A",2008,"VAN","TOYOTA","Taxi","M",34,"30-39","Drivers"
"T20190007312","17/4/19",15:20:00,"Collision with vehicle","Wednesday","Day",2,2,"T intersection",2,50,"A",2010,"SEDAN","HONDA","Car","F",71,"70+","Drivers"
"T20190007312","17/4/19",15:20:00,"Collision with vehicle","Wednesday","Day",2,2,"T intersection",2,50,"B",2000,"UTIL","TOYOTA","Utility","M",19,"17-21","Drivers"
"T20190007316","17/4/19",17:05:00,"Collision with vehicle","Wednesday","Day",2,3,"T intersection",2,60,"A",2011,"SEDAN","MAZDA","Car","M",47,"40-49","Drivers"
"T20190007326","17/4/19",16:15:00,"Collision with vehicle","Wednesday","Day",2,2,"T intersection",3,60,"A",2014,"SEDAN","FORD","Taxi","M",41,"40-49","Drivers"
"T20190007328","29/3/19",15:40:00,"Collision with vehicle","Friday","Day",2,2,"Cross intersection",3,999,"A",2001,"UTIL","NISSAN","Utility","M",44,"40-49","Drivers"
"T20190007328","29/3/19",15:40:00,"Collision with vehicle","Friday","Day",2,2,"Cross intersection",3,999,"B",2017,"SED","TOYOTA","Car","F",20,"17-21","Drivers"
"T20190007330","12/4/19",19:00:00,"Collision with vehicle","Friday","Dusk/Dawn",2,2,"T intersection",3,60,"A",2005,"TOURER","B M W","Car","M",57,"50-59","Drivers"
"T20190007331","17/4/19",18:14:00,"Collision with vehicle","Wednesday","Dark Street lights on",3,3,"Not at intersection",2,80,"A",2018,"SEDAN","TOYOTA","Car","M",53,"50-59","Drivers"
"T20190007331","17/4/19",18:14:00,"Collision with vehicle","Wednesday","Dark Street lights on",3,3,"Not at intersection",2,80,"B",2015,"SEDAN","HYNDAI","Car","F",37,"30-39","Drivers"
"T20190007331","17/4/19",18:14:00,"Collision with vehicle","Wednesday","Dark Street lights on",3,3,"Not at intersection",2,80,"C",2011,"SEDAN","AUDI","Car","F",64,"60-64","Drivers"
"T20190007335","10/4/19",13:30:00,"Collision with vehicle","Wednesday","Day",2,2,"Not at intersection",3,100,"A",1992,"SEDAN","TOYOTA","Car","M",56,"50-59","Drivers"
"T20190007335","10/4/19",13:30:00,"Collision with vehicle","Wednesday","Day",2,2,"Not at intersection",3,100,"B",1997,"SEDAN","FORD","Car","M",45,"40-49","Drivers"
"T20190007338","17/4/19",20:43:00,"Collision with vehicle","Wednesday","Dark Street lights on",2,2,"Cross intersection",2,60,"A",2017,"SEDAN","HONDA","Car","F",71,"70+","Drivers"
"T20190007338","17/4/19",20:43:00,"Collision with vehicle","Wednesday","Dark Street lights on",2,2,"Cross intersection",2,60,"B",2005,"SEDAN","SUZUKI","Car","F",26,"26-29","Drivers"
"T20190007339","17/4/19",16:45:00,"Collision with a fixed object","Wednesday","Day",1,1,"Not at intersection",3,100,"A",2018,"P MVR","F LINE","Prime Mover - Single Trailer","M",55,"50-59","Drivers"
"T20190007340","17/4/19",20:55:00,"Collision with vehicle","Wednesday","Dark Street lights on",2,3,"Cross intersection",2,80,"A",2009,"SEDAN","MITSUB","Car","M",22,"22-25","Drivers"
"T20190007340","17/4/19",20:55:00,"Collision with vehicle","Wednesday","Dark Street lights on",2,3,"Cross intersection",2,80,"B",2019,"SEDAN","HONDA","Car","M",20,"17-21","Drivers"
"T20190007341","17/4/19",23:19:00,"Collision with vehicle","Wednesday","Dark Street lights on",2,2,"Cross intersection",3,60,"A",2016,"SEDAN","MERC B","Car","M",21,"17-21","Drivers"
"T20190007341","17/4/19",23:19:00,"Collision with vehicle","Wednesday","Dark Street lights on",2,2,"Cross intersection",3,60,"B",2002,"SEDAN","FORD","Car","M",27,"26-29","Drivers"
"T20190007343","17/4/19",23:40:00,"Collision with vehicle","Wednesday","Dark No street lights",3,6,"Not at intersection",2,100,"A",2006,"SEDAN","MAZDA","Car","M",43,"40-49","Drivers"
"T20190007343","17/4/19",23:40:00,"Collision with vehicle","Wednesday","Dark No street lights",3,6,"Not at intersection",2,100,"B",2012,"SEDAN","HOLDEN","Car","M",19,"17-21","Drivers"
"T20190007343","17/4/19",23:40:00,"Collision with vehicle","Wednesday","Dark No street lights",3,6,"Not at intersection",2,100,"C",2019,"WAGON","NISSAN","Station Wagon","M",40,"40-49","Drivers"
"T20190007346","15/4/19",09:00:00,"Collision with vehicle","Monday","Day",2,2,"Cross intersection",3,60,"A",0,"SEDAN","UNKN","Car","U",NA,"unknown","Drivers"
"T20190007349","28/3/19",15:00:00,"Collision with vehicle","Thursday","Day",2,2,"Not at intersection",3,100,"A",2016,"SEDAN","TOYOTA","Car","F",34,"30-39","Drivers"
"T20190007349","28/3/19",15:00:00,"Collision with vehicle","Thursday","Day",2,2,"Not at intersection",3,100,"B",2006,"VAN","HINO","Rigid Truck(Weight Unknown)","M",35,"30-39","Drivers"
"T20190007351","13/4/19",17:15:00,"Collision with vehicle","Saturday","Day",2,3,"T intersection",3,50,"A",2015,"WAGON","MAZDA","Station Wagon","F",31,"30-39","Drivers"
"T20190007351","13/4/19",17:15:00,"Collision with vehicle","Saturday","Day",2,3,"T intersection",3,50,"B",2017,"SEDAN","MAZDA","Car","F",28,"26-29","Drivers"
"T20190007353","17/4/19",18:35:00,"Collision with vehicle","Wednesday","Dusk/Dawn",3,9,"Not at intersection",3,80,"C",2008,"WAGON","VOLVO","Station Wagon","F",44,"40-49","Drivers"
"T20190007353","17/4/19",18:35:00,"Collision with vehicle","Wednesday","Dusk/Dawn",3,9,"Not at intersection",3,80,"D",2005,"WAGON","NISSAN","Station Wagon","M",33,"30-39","Drivers"
"T20190007353","17/4/19",18:35:00,"Collision with vehicle","Wednesday","Dusk/Dawn",3,9,"Not at intersection",3,80,"E",2018,"WAGON","HONDA","Station Wagon","M",49,"40-49","Drivers"
"T20190007356","18/4/19",08:55:00,"Collision with vehicle","Thursday","Day",2,2,"T intersection",3,60,"A",2010,"WAGON","VOLKS","Station Wagon","F",42,"40-49","Drivers"
"T20190007356","18/4/19",08:55:00,"Collision with vehicle","Thursday","Day",2,2,"T intersection",3,60,"B",1998,"SEDAN","HOLDEN","Car","M",58,"50-59","Drivers"
"T20190007358","17/4/19",09:22:00,"Collision with vehicle","Wednesday","Day",3,3,"Cross intersection",3,70,"A",2017,"SEDAN","SUZUKI","Car","F",50,"50-59","Drivers"
"T20190007358","17/4/19",09:22:00,"Collision with vehicle","Wednesday","Day",3,3,"Cross intersection",3,70,"B",2007,"WAGON","HONDA","Station Wagon","F",70,"70+","Drivers"
"T20190007358","17/4/19",09:22:00,"Collision with vehicle","Wednesday","Day",3,3,"Cross intersection",3,70,"C",2012,"SEDAN","HYNDAI","Car","F",65,"64-69","Drivers"
"T20190007359","17/4/19",07:15:00,"Collision with vehicle","Wednesday","Day",2,2,"Cross intersection",3,999,"A",2009,"SEDAN","FORD","Car","M",30,"30-39","Drivers"
"T20190007359","17/4/19",07:15:00,"Collision with vehicle","Wednesday","Day",2,2,"Cross intersection",3,999,"B",2017,"WAGON","HONDA","Station Wagon","F",53,"50-59","Drivers"
"T20190007360","26/2/19",14:00:00,"Collision with vehicle","Tuesday","Unknown",2,2,"Not at intersection",3,60,"A",2010,"SEDAN","HYNDAI","Car","M",59,"50-59","Drivers"
"T20190007360","26/2/19",14:00:00,"Collision with vehicle","Tuesday","Unknown",2,2,"Not at intersection",3,60,"B",2016,"VAN","TOYOTA","Panel Van","M",25,"22-25","Drivers"
"T20190007361","18/4/19",07:00:00,"Collision with vehicle","Thursday","Dusk/Dawn",2,2,"Not at intersection",3,80,"A",1988,"WAGON","TOYOTA","Station Wagon","F",40,"40-49","Drivers"
"T20190007363","18/4/19",11:15:00,"Struck Pedestrian","Thursday","Day",1,2,"Not at intersection",2,60,"A",2007,"COUPE","VOLVO","Car","F",77,"70+","Drivers"
"T20190007364","17/4/19",12:08:00,"Collision with vehicle","Wednesday","Day",2,2,"Not at intersection",2,100,"A",2016,"COUPE","MERC B","Car","M",54,"50-59","Drivers"
"T20190007364","17/4/19",12:08:00,"Collision with vehicle","Wednesday","Day",2,2,"Not at intersection",2,100,"B",2016,"WAGON","NISSAN","Station Wagon","F",31,"30-39","Drivers"
"T20190007365","1/3/19",18:45:00,"Collision with vehicle","Friday","Day",2,4,"T intersection",3,50,"A",2010,"VAN","TOYOTA","Panel Van","M",57,"50-59","Drivers"
"T20190007365","1/3/19",18:45:00,"Collision with vehicle","Friday","Day",2,4,"T intersection",3,50,"B",2006,"SEDAN","CITRN","Car","F",20,"17-21","Drivers"
"T20190007367","5/1/19",13:50:00,"Collision with a fixed object","Saturday","Day",1,2,"T intersection",3,60,"A",2003,"SEDAN","HOLDEN","Car","M",29,"26-29","Drivers"
"T20190007368","18/4/19",08:44:00,"Collision with vehicle","Thursday","Day",6,7,"Not at intersection",2,110,"A",2007,"WAGON","MAZDA","Station Wagon","F",25,"22-25","Drivers"
"T20190007368","18/4/19",08:44:00,"Collision with vehicle","Thursday","Day",6,7,"Not at intersection",2,110,"B",2009,"SEDAN","HYNDAI","Car","F",67,"64-69","Drivers"
"T20190007368","18/4/19",08:44:00,"Collision with vehicle","Thursday","Day",6,7,"Not at intersection",2,110,"C",2012,"SEDAN","FORD","Car","M",39,"30-39","Drivers"
"T20190007368","18/4/19",08:44:00,"Collision with vehicle","Thursday","Day",6,7,"Not at intersection",2,110,"D",2005,"COUPE","M MOVE","Car","F",20,"17-21","Drivers"
"T20190007368","18/4/19",08:44:00,"Collision with vehicle","Thursday","Day",6,7,"Not at intersection",2,110,"E",2016,"SEDAN","HYNDAI","Car","M",29,"26-29","Drivers"
"T20190007368","18/4/19",08:44:00,"Collision with vehicle","Thursday","Day",6,7,"Not at intersection",2,110,"F",2007,"WAGON","NISSAN","Station Wagon","M",30,"30-39","Drivers"
"T20190007371","16/4/19",14:00:00,"Collision with vehicle","Tuesday","Unknown",2,2,"Cross intersection",3,999,"A",2014,"WAGON","JEEP","Station Wagon","F",31,"30-39","Drivers"
"T20190007373","18/4/19",10:20:00,"Collision with a fixed object","Thursday","Day",1,2,"T intersection",2,100,"A",2001,"S WAG","FORD","Station Wagon","M",32,"30-39","Drivers"
"T20190007377","17/4/19",16:00:00,"Collision with a fixed object","Wednesday","Day",1,1,"Not at intersection",3,100,"A",2003,"SEDAN","HOLDEN","Car","M",18,"17-21","Drivers"
"T20190007379","22/2/19",23:30:00,"Collision with vehicle","Friday","Unknown",2,3,"T intersection",3,50,"A",2014,"COUPE","MERC B","Car","F",39,"30-39","Drivers"
"T20190007379","22/2/19",23:30:00,"Collision with vehicle","Friday","Unknown",2,3,"T intersection",3,50,"B",2004,"SEDAN","VOLKS","Car","M",29,"26-29","Drivers"
"T20190007380","18/4/19",10:00:00,"Vehicle overturned (no collision)","Thursday","Day",1,1,"Not at intersection",2,100,"A",0,"SED","MAZDA","Car","F",50,"50-59","Drivers"
"T20190007383","18/4/19",08:45:00,"Struck Pedestrian","Thursday","Day",1,2,"Cross intersection",3,50,"A",2003,"WAGON","TOYOTA","Mini Bus(9-13 seats)","F",37,"30-39","Drivers"
"T20190007385","12/4/19",19:30:00,"Collision with vehicle","Friday","Unknown",2,3,"Not at intersection",3,60,"A",2009,"SEDAN","MAZDA","Car","M",59,"50-59","Drivers"
"T20190007385","12/4/19",19:30:00,"Collision with vehicle","Friday","Unknown",2,3,"Not at intersection",3,60,"B",2008,"DC UTE","TOYOTA","Utility","M",25,"22-25","Drivers"
"T20190007386","4/4/19",20:55:00,"Collision with vehicle","Thursday","Dark Street lights on",3,3,"Not at intersection",3,60,"A",2008,"S WAG","PEUG","Station Wagon","F",50,"50-59","Drivers"
"T20190007386","4/4/19",20:55:00,"Collision with vehicle","Thursday","Dark Street lights on",3,3,"Not at intersection",3,60,"B",2009,"SEDAN","KIA","Car","M",20,"17-21","Drivers"
"T20190007386","4/4/19",20:55:00,"Collision with vehicle","Thursday","Dark Street lights on",3,3,"Not at intersection",3,60,"C",2010,"SED","MAZDA","Car","F",31,"30-39","Drivers"
"T20190007388","18/4/19",14:00:00,"Collision with vehicle","Thursday","Day",2,3,"Cross intersection",3,60,"A",2002,"SEDAN","HOLDEN","Car","F",17,"16-17","Drivers"
"T20190007388","18/4/19",14:00:00,"Collision with vehicle","Thursday","Day",2,3,"Cross intersection",3,60,"B",2013,"SEDAN","HOLDEN","Car","F",23,"22-25","Drivers"
"T20190007389","18/4/19",12:20:00,"Collision with vehicle","Thursday","Day",2,2,"T intersection",3,50,"A",2006,"SEDAN","UNKN","Car","F",47,"40-49","Drivers"
"T20190007393","18/4/19",15:25:00,"Collision with vehicle","Thursday","Day",2,1,"Not at intersection",2,60,"A",2011,"S WAG","FORD","Station Wagon","M",58,"50-59","Drivers"
"T20190007396","18/4/19",15:50:00,"Collision with a fixed object","Thursday","Day",1,1,"Not at intersection",3,100,"A",2007,"WAGON","TOYOTA","Station Wagon","M",20,"17-21","Drivers"
"T20190007399","18/4/19",16:30:00,"Collision with vehicle","Thursday","Day",2,3,"T intersection",2,60,"A",2014,"SEDAN","TOYOTA","Car","F",32,"30-39","Drivers"
"T20190007399","18/4/19",16:30:00,"Collision with vehicle","Thursday","Day",2,3,"T intersection",2,60,"B",2016,"SEDAN","HOLDEN","Car","F",57,"50-59","Drivers"
"T20190007400","18/4/19",13:30:00,"Struck Pedestrian","Thursday","Day",1,2,"Not at intersection",2,40,"A",2018,"WAGON","NISSAN","Station Wagon","M",31,"30-39","Drivers"
"T20190007401","18/4/19",18:35:00,"Collision with vehicle","Thursday","Dark Street lights on",2,2,"T intersection",2,60,"A",2005,"SEDAN","TOYOTA","Car","F",42,"40-49","Drivers"
"T20190007401","18/4/19",18:35:00,"Collision with vehicle","Thursday","Dark Street lights on",2,2,"T intersection",2,60,"B",2014,"SEDAN","MAZDA","Car","F",20,"17-21","Drivers"
"T20190007402","18/4/19",16:06:00,"Collision with vehicle","Thursday","Day",2,2,"T intersection",3,60,"A",2010,"S WAG","TOYOTA","Station Wagon","F",29,"26-29","Drivers"
"T20190007402","18/4/19",16:06:00,"Collision with vehicle","Thursday","Day",2,2,"T intersection",3,60,"B",2019,"WAGON","MERC B","Station Wagon","M",46,"40-49","Drivers"
"T20190007405","18/4/19",19:58:00,"Struck Pedestrian","Thursday","Dark Street lights unknown",2,2,"T intersection",3,999,"B",0,"SEDAN","UNKN","Car","U",NA,"unknown","Drivers"
"T20190007407","18/4/19",17:56:00,"Collision with vehicle","Thursday","Dark Street lights on",2,2,"Not at intersection",3,100,"A",2014,"VAN","REN","Panel Van","M",70,"70+","Drivers"
"T20190007407","18/4/19",17:56:00,"Collision with vehicle","Thursday","Dark Street lights on",2,2,"Not at intersection",3,100,"B",2009,"DC UTE","TOYOTA","Utility","M",32,"30-39","Drivers"
"T20190007409","18/4/19",20:25:00,"Collision with vehicle","Thursday","Dark Street lights on",4,5,"Not at intersection",3,50,"A",2003,"SEDAN","NISSAN","Car","M",31,"30-39","Drivers"
"T20190007409","18/4/19",20:25:00,"Collision with vehicle","Thursday","Dark Street lights on",4,5,"Not at intersection",3,50,"B",2013,"SEDAN","VOLKS","Car","M",31,"30-39","Drivers"
"T20190007409","18/4/19",20:25:00,"Collision with vehicle","Thursday","Dark Street lights on",4,5,"Not at intersection",3,50,"C",2018,"WAGON","UNKN","Station Wagon","M",35,"30-39","Drivers"
"T20190007409","18/4/19",20:25:00,"Collision with vehicle","Thursday","Dark Street lights on",4,5,"Not at intersection",3,50,"D",2007,"SEDAN","MITSUB","Car","F",47,"40-49","Drivers"
"T20190007411","18/4/19",18:35:00,"Collision with vehicle","Thursday","Dark Street lights on",2,4,"Multiple intersection",3,50,"A",2018,"WAGON","MITSUB","Station Wagon","M",20,"17-21","Drivers"
"T20190007411","18/4/19",18:35:00,"Collision with vehicle","Thursday","Dark Street lights on",2,4,"Multiple intersection",3,50,"B",2017,"SEDAN","HONDA","Car","M",22,"22-25","Drivers"
"T20190007412","18/4/19",18:00:00,"Collision with vehicle","Thursday","Dark No street lights",2,3,"Cross intersection",3,80,"A",2011,"SEDAN","TOYOTA","Car","F",40,"40-49","Drivers"