"ACCIDENT_NO","ACCIDENTDATE","ACCIDENTTIME","Accident Type Desc","Day Week Description","Light Condition Desc","NO_OF_VEHICLES","NO_PERSONS","Road Geometry Desc","SEVERITY","SPEED_ZONE","VEHICLE_ID","VEHICLE_YEAR_MANUF","VEHICLE_BODY_STYLE","VEHICLE_MAKE","Vehicle Type Desc","SEX","AGE","Age Group","Road User Type Desc"
"T20190007412","18/4/19",18:00:00,"Collision with vehicle","Thursday","Dark No street lights",2,3,"Cross intersection",3,80,"B",2010,"SEDAN","FORD","Car","M",34,"30-39","Drivers"
"T20190007413","18/4/19",00:30:00,"Collision with a fixed object","Thursday","Dark No street lights",1,1,"T intersection",3,100,"A",2008,"SED","MISTUB","Car","F",21,"17-21","Drivers"
"T20190007414","18/4/19",20:50:00,"Collision with vehicle","Thursday","Dark Street lights on",2,5,"Cross intersection",3,60,"A",2018,"WAGON","TOYOTA","Station Wagon","M",39,"30-39","Drivers"
"T20190007414","18/4/19",20:50:00,"Collision with vehicle","Thursday","Dark Street lights on",2,5,"Cross intersection",3,60,"B",2013,"WAGON","FORD","Station Wagon","M",35,"30-39","Drivers"
"T20190007417","18/4/19",18:21:00,"Collision with vehicle","Thursday","Dark Street lights on",2,2,"Cross intersection",3,80,"A",2001,"SEDAN","FORD","Car","F",47,"40-49","Drivers"
"T20190007418","18/4/19",23:35:00,"Collision with vehicle","Thursday","Dark Street lights on",2,3,"T intersection",3,60,"A",2015,"SEDAN","R ROV","Car","F",45,"40-49","Drivers"
"T20190007418","18/4/19",23:35:00,"Collision with vehicle","Thursday","Dark Street lights on",2,3,"T intersection",3,60,"B",2016,"SEDAN","AUDI","Car","F",28,"26-29","Drivers"
"T20190007419","19/4/19",00:32:00,"Collision with vehicle","Friday","Dark No street lights",2,5,"Not at intersection",2,80,"A",2017,"SEDAN","TOYOTA","Car","M",24,"22-25","Drivers"
"T20190007419","19/4/19",00:32:00,"Collision with vehicle","Friday","Dark No street lights",2,5,"Not at intersection",2,80,"B",2016,"SEDAN","MAZDA","Car","F",43,"40-49","Drivers"
"T20190007423","18/4/19",07:55:00,"Collision with vehicle","Thursday","Day",2,2,"Not at intersection",3,40,"A",2016,"UTIL","HOLDEN","Utility","M",70,"70+","Drivers"
"T20190007424","19/4/19",02:40:00,"Fall from or in moving vehicle","Friday","Dark Street lights on",1,4,"Not at intersection",1,50,"A",2013,"DC UTE","MITSUB","Utility","M",21,"17-21","Drivers"
"T20190007428","18/4/19",23:30:00,"Collision with a fixed object","Thursday","Dark No street lights",1,2,"Not at intersection",2,100,"A",2010,"SEDAN","MERC B","Car","F",58,"50-59","Drivers"
"T20190007431","18/4/19",18:00:00,"Collision with vehicle","Thursday","Unknown",2,2,"Not at intersection",3,999,"A",1989,"CARVN","MAZDA","Panel Van","M",50,"50-59","Drivers"
"T20190007431","18/4/19",18:00:00,"Collision with vehicle","Thursday","Unknown",2,2,"Not at intersection",3,999,"B",2011,"SEDAN","HOLDEN","Car","F",20,"17-21","Drivers"
"T20190007432","16/4/19",20:30:00,"Struck Pedestrian","Tuesday","Dark Street lights on",2,2,"Not at intersection",3,40,"A",2002,"WAGON","HOLDEN","Station Wagon","M",52,"50-59","Drivers"
"T20190007434","19/4/19",11:15:00,"Collision with vehicle","Friday","Day",2,2,"Not at intersection",3,60,"A",0,"S WAG","TOYOTA","Station Wagon","F",24,"22-25","Drivers"
"T20190007434","19/4/19",11:15:00,"Collision with vehicle","Friday","Day",2,2,"Not at intersection",3,60,"B",1998,"SEDAN","TOYOTA","Car","F",44,"40-49","Drivers"
"T20190007436","18/4/19",12:45:00,"Struck Pedestrian","Thursday","Day",1,3,"Not at intersection",3,999,"A",1997,"SEDAN","FORD","Car","M",80,"70+","Drivers"
"T20190007437","19/4/19",11:06:00,"Collision with vehicle","Friday","Day",2,7,"Cross intersection",3,60,"A",2018,"SEDAN","HYNDAI","Car","M",35,"30-39","Drivers"
"T20190007437","19/4/19",11:06:00,"Collision with vehicle","Friday","Day",2,7,"Cross intersection",3,60,"B",2008,"SEDAN","AUDI","Car","M",29,"26-29","Drivers"
"T20190007438","19/4/19",11:15:00,"Collision with vehicle","Friday","Day",2,3,"T intersection",3,60,"A",2015,"DC UTE","HOLDEN","Utility","M",48,"40-49","Drivers"
"T20190007438","19/4/19",11:15:00,"Collision with vehicle","Friday","Day",2,3,"T intersection",3,60,"B",2008,"SEDAN","MAZDA","Car","F",58,"50-59","Drivers"
"T20190007440","16/4/19",08:55:00,"Collision with vehicle","Tuesday","Day",2,3,"Not at intersection",3,40,"B",2003,"S WAG","SUBARU","Station Wagon","F",51,"50-59","Drivers"
"T20190007442","19/4/19",10:17:00,"Collision with vehicle","Friday","Day",3,4,"Cross intersection",2,100,"A",2017,"SEDAN","HYNDAI","Car","F",28,"26-29","Drivers"
"T20190007442","19/4/19",10:17:00,"Collision with vehicle","Friday","Day",3,4,"Cross intersection",2,100,"B",2018,"SEDAN","B M W","Car","M",65,"64-69","Drivers"
"T20190007442","19/4/19",10:17:00,"Collision with vehicle","Friday","Day",3,4,"Cross intersection",2,100,"C",2014,"SEDAN","HOLDEN","Car","M",22,"22-25","Drivers"
"T20190007444","19/4/19",06:45:00,"Collision with a fixed object","Friday","Day",1,3,"Not at intersection",1,100,"A",2001,"DC UTE","FORD","Utility","F",56,"50-59","Drivers"
"T20190007445","19/4/19",11:50:00,"Collision with vehicle","Friday","Day",2,3,"Cross intersection",3,60,"A",2018,"SEDAN","HOLDEN","Car","F",65,"64-69","Drivers"
"T20190007445","19/4/19",11:50:00,"Collision with vehicle","Friday","Day",2,3,"Cross intersection",3,60,"B",2006,"SED","LEXUS","Car","M",34,"30-39","Drivers"
"T20190007448","19/4/19",13:30:00,"Collision with vehicle","Friday","Day",4,5,"Cross intersection",3,60,"A",2008,"WAGON","JEEP","Station Wagon","M",18,"17-21","Drivers"
"T20190007448","19/4/19",13:30:00,"Collision with vehicle","Friday","Day",4,5,"Cross intersection",3,60,"B",2005,"SEDAN","MAZDA","Car","M",26,"26-29","Drivers"
"T20190007448","19/4/19",13:30:00,"Collision with vehicle","Friday","Day",4,5,"Cross intersection",3,60,"C",2003,"COUPE","NISSAN","Car","M",41,"40-49","Drivers"
"T20190007448","19/4/19",13:30:00,"Collision with vehicle","Friday","Day",4,5,"Cross intersection",3,60,"D",2012,"WAGON","SUBARU","Station Wagon","F",36,"30-39","Drivers"
"T20190007449","19/4/19",13:30:00,"Collision with a fixed object","Friday","Day",1,3,"Not at intersection",3,100,"A",1999,"S WAG","LAND R","Station Wagon","F",33,"30-39","Drivers"
"T20190007451","19/4/19",10:00:00,"Collision with a fixed object","Friday","Day",1,4,"T intersection",2,100,"A",2003,"SEDAN","TOYOTA","Car","M",24,"22-25","Drivers"
"T20190007453","19/4/19",15:05:00,"Collision with vehicle","Friday","Day",3,3,"Not at intersection",3,100,"A",2012,"COUPE","TOYOTA","Car","M",21,"17-21","Drivers"
"T20190007453","19/4/19",15:05:00,"Collision with vehicle","Friday","Day",3,3,"Not at intersection",3,100,"B",2006,"SEDAN","HONDA","Car","F",19,"17-21","Drivers"
"T20190007453","19/4/19",15:05:00,"Collision with vehicle","Friday","Day",3,3,"Not at intersection",3,100,"C",2016,"SEDAN","MAZDA","Car","F",24,"22-25","Drivers"
"T20190007454","19/4/19",15:50:00,"Collision with vehicle","Friday","Day",2,4,"Cross intersection",3,60,"A",2004,"SED","HYUNDA","Car","M",32,"30-39","Drivers"
"T20190007454","19/4/19",15:50:00,"Collision with vehicle","Friday","Day",2,4,"Cross intersection",3,60,"B",2007,"S WAG","VOLKS","Station Wagon","M",67,"64-69","Drivers"
"T20190007460","19/4/19",16:10:00,"Collision with vehicle","Friday","Day",2,2,"T intersection",2,60,"A",2003,"WAGON","VOLKS","Station Wagon","M",83,"70+","Drivers"
"T20190007461","19/4/19",11:54:00,"Collision with vehicle","Friday","Day",2,2,"Not at intersection",2,100,"B",2005,"UTIL","FORD","Utility","M",36,"30-39","Drivers"
"T20190007462","19/4/19",11:50:00,"Collision with vehicle","Friday","Day",4,8,"Not at intersection",2,100,"A",2012,"UTIL","VOLKS","Utility","M",26,"26-29","Drivers"
"T20190007462","19/4/19",11:50:00,"Collision with vehicle","Friday","Day",4,8,"Not at intersection",2,100,"B",2016,"WAGON","NISSAN","Station Wagon","M",33,"30-39","Drivers"
"T20190007462","19/4/19",11:50:00,"Collision with vehicle","Friday","Day",4,8,"Not at intersection",2,100,"C",2012,"S WAG","HOLDEN","Station Wagon","M",51,"50-59","Drivers"
"T20190007462","19/4/19",11:50:00,"Collision with vehicle","Friday","Day",4,8,"Not at intersection",2,100,"D",2009,"SEDAN","MAZDA","Car","M",34,"30-39","Drivers"
"T20190007464","19/4/19",15:15:00,"Collision with vehicle","Friday","Day",2,5,"Cross intersection",3,60,"A",2009,"SEDAN","MITSUB","Car","F",21,"17-21","Drivers"
"T20190007464","19/4/19",15:15:00,"Collision with vehicle","Friday","Day",2,5,"Cross intersection",3,60,"B",2002,"S WAG","HOLDEN","Station Wagon","F",44,"40-49","Drivers"
"T20190007466","19/4/19",16:00:00,"Collision with vehicle","Friday","Day",2,5,"Cross intersection",3,40,"A",0,"SED","NISSAN","Car","M",36,"30-39","Drivers"
"T20190007466","19/4/19",16:00:00,"Collision with vehicle","Friday","Day",2,5,"Cross intersection",3,40,"B",2014,"WAGON","HOLDEN","Station Wagon","F",50,"50-59","Drivers"
"T20190007468","19/4/19",18:23:00,"Collision with vehicle","Friday","Dark Street lights on",2,2,"Not at intersection",3,60,"A",2010,"SEDAN","HYNDAI","Car","M",20,"17-21","Drivers"
"T20190007468","19/4/19",18:23:00,"Collision with vehicle","Friday","Dark Street lights on",2,2,"Not at intersection",3,60,"B",2005,"SEDAN","MAZDA","Car","F",63,"60-64","Drivers"
"T20190007469","19/4/19",15:30:00,"Collision with vehicle","Friday","Day",2,6,"Not at intersection",2,80,"A",2006,"SEDAN","MAZDA","Car","F",26,"26-29","Drivers"
"T20190007469","19/4/19",15:30:00,"Collision with vehicle","Friday","Day",2,6,"Not at intersection",2,80,"B",2007,"WAGON","MAZDA","Station Wagon","F",20,"17-21","Drivers"
"T20190007473","11/4/19",16:45:00,"Collision with vehicle","Thursday","Day",4,5,"Not at intersection",3,60,"A",2005,"UTIL","FORD","Utility","U",NA,"unknown","Drivers"
"T20190007473","11/4/19",16:45:00,"Collision with vehicle","Thursday","Day",4,5,"Not at intersection",3,60,"B",2001,"S WAG","HOLDEN","Station Wagon","F",48,"40-49","Drivers"
"T20190007473","11/4/19",16:45:00,"Collision with vehicle","Thursday","Day",4,5,"Not at intersection",3,60,"C",2013,"S WAG","HYNDAI","Station Wagon","U",NA,"unknown","Drivers"
"T20190007473","11/4/19",16:45:00,"Collision with vehicle","Thursday","Day",4,5,"Not at intersection",3,60,"D",2013,"SEDAN","VOLKS","Car","U",NA,"unknown","Drivers"
"T20190007474","19/4/19",17:00:00,"Collision with vehicle","Friday","Day",3,3,"Not at intersection",3,60,"A",2016,"UTIL","ISUZU","Utility","F",24,"22-25","Drivers"
"T20190007474","19/4/19",17:00:00,"Collision with vehicle","Friday","Day",3,3,"Not at intersection",3,60,"B",2015,"SEDAN","TOYOTA","Car","M",46,"40-49","Drivers"
"T20190007474","19/4/19",17:00:00,"Collision with vehicle","Friday","Day",3,3,"Not at intersection",3,60,"C",2015,"WAGON","VOLKS","Station Wagon","F",33,"30-39","Drivers"
"T20190007475","19/4/19",21:25:00,"Collision with vehicle","Friday","Dark Street lights on",2,2,"Cross intersection",2,999,"A",2007,"SEDAN","B M W","Car","F",20,"17-21","Drivers"
"T20190007475","19/4/19",21:25:00,"Collision with vehicle","Friday","Dark Street lights on",2,2,"Cross intersection",2,999,"B",2001,"SEDAN","HONDA","Car","F",81,"70+","Drivers"
"T20190007477","19/4/19",00:15:00,"Collision with vehicle","Friday","Dark Street lights on",2,4,"Cross intersection",3,60,"A",2015,"WAGON","HONDA","Station Wagon","M",35,"30-39","Drivers"
"T20190007477","19/4/19",00:15:00,"Collision with vehicle","Friday","Dark Street lights on",2,4,"Cross intersection",3,60,"B",2011,"SEDAN","TOYOTA","Car","M",30,"30-39","Drivers"
"T20190007479","19/4/19",19:15:00,"Struck Pedestrian","Friday","Day",1,2,"Not at intersection",1,80,"A",2013,"WAGON","B M W","Station Wagon","M",33,"30-39","Drivers"
"T20190007482","20/4/19",06:45:00,"Collision with vehicle","Saturday","Dusk/Dawn",2,2,"Cross intersection",2,80,"A",2010,"S WAG","FORD","Station Wagon","M",59,"50-59","Drivers"
"T20190007493","20/4/19",12:15:00,"Collision with vehicle","Saturday","Day",2,7,"Not at intersection",3,60,"A",2007,"WAGON","NISSAN","Mini Bus(9-13 seats)","F",45,"40-49","Drivers"
"T20190007493","20/4/19",12:15:00,"Collision with vehicle","Saturday","Day",2,7,"Not at intersection",3,60,"B",2018,"WAGON","HONDA","Station Wagon","F",35,"30-39","Drivers"
"T20190007494","20/4/19",11:30:00,"Collision with vehicle","Saturday","Day",3,5,"T intersection",2,60,"A",2002,"SEDAN","TOYOTA","Car","M",22,"22-25","Drivers"
"T20190007494","20/4/19",11:30:00,"Collision with vehicle","Saturday","Day",3,5,"T intersection",2,60,"B",2005,"SEDAN","VOLKS","Car","F",43,"40-49","Drivers"
"T20190007494","20/4/19",11:30:00,"Collision with vehicle","Saturday","Day",3,5,"T intersection",2,60,"C",2015,"COUPE","HOLDEN","Car","F",19,"17-21","Drivers"
"T20190007496","20/4/19",11:45:00,"Collision with vehicle","Saturday","Day",4,7,"Not at intersection",2,80,"A",2009,"WAGON","B M W","Station Wagon","M",71,"70+","Drivers"
"T20190007496","20/4/19",11:45:00,"Collision with vehicle","Saturday","Day",4,7,"Not at intersection",2,80,"B",2014,"SEDAN","MAZDA","Car","F",23,"22-25","Drivers"
"T20190007496","20/4/19",11:45:00,"Collision with vehicle","Saturday","Day",4,7,"Not at intersection",2,80,"C",2018,"DC UTE","FORD","Utility","F",41,"40-49","Drivers"
"T20190007496","20/4/19",11:45:00,"Collision with vehicle","Saturday","Day",4,7,"Not at intersection",2,80,"D",2016,"WAGON","FORD","Station Wagon","M",32,"30-39","Drivers"
"T20190007497","20/4/19",13:00:00,"Collision with vehicle","Saturday","Day",2,2,"T intersection",3,50,"B",0,NA,"UNKN","Car","U",NA,"unknown","Drivers"
"T20190007499","20/4/19",11:40:00,"Collision with vehicle","Saturday","Day",2,6,"Not at intersection",3,100,"A",2003,"SEDAN","HOLDEN","Car","M",18,"17-21","Drivers"
"T20190007499","20/4/19",11:40:00,"Collision with vehicle","Saturday","Day",2,6,"Not at intersection",3,100,"B",2017,"WAGON","PEUG","Station Wagon","M",40,"40-49","Drivers"
"T20190007502","19/4/19",16:32:00,"Collision with vehicle","Friday","Day",2,2,"Not at intersection",3,40,"B",2002,"SEDAN","HOLDEN","Car","M",24,"22-25","Drivers"
"T20190007503","20/4/19",00:30:00,"Struck animal","Saturday","Dark No street lights",1,2,"Not at intersection",3,70,"A",2017,"SEDAN","HYNDAI","Car","F",29,"26-29","Drivers"
"T20190007505","20/4/19",14:15:00,"Collision with vehicle","Saturday","Day",2,2,"Not at intersection",2,100,"B",2015,"WAGON","TOYOTA","Station Wagon","M",57,"50-59","Drivers"
"T20190007506","20/4/19",13:10:00,"Collision with vehicle","Saturday","Day",2,7,"Not at intersection",3,100,"A",2007,"SEDAN","HOLDEN","Car","M",27,"26-29","Drivers"
"T20190007506","20/4/19",13:10:00,"Collision with vehicle","Saturday","Day",2,7,"Not at intersection",3,100,"B",2008,"SEDAN","HOLDEN","Car","M",19,"17-21","Drivers"
"T20190007509","20/4/19",16:54:00,"Collision with vehicle","Saturday","Dusk/Dawn",3,4,"Cross intersection",3,60,"A",2018,"SEDAN","TOYOTA","Car","M",25,"22-25","Drivers"
"T20190007509","20/4/19",16:54:00,"Collision with vehicle","Saturday","Dusk/Dawn",3,4,"Cross intersection",3,60,"B",2017,"WAGON","HONDA","Station Wagon","M",33,"30-39","Drivers"
"T20190007509","20/4/19",16:54:00,"Collision with vehicle","Saturday","Dusk/Dawn",3,4,"Cross intersection",3,60,"C",2015,"SEDAN","SUZUKI","Car","M",76,"70+","Drivers"
"T20190007521","20/4/19",15:55:00,"Collision with vehicle","Saturday","Day",5,2,"Not at intersection",3,50,"A",2013,"SEDAN","SUBARU","Car","M",79,"70+","Drivers"
"T20190007521","20/4/19",15:55:00,"Collision with vehicle","Saturday","Day",5,2,"Not at intersection",3,50,"B",2008,"SEDAN","MAZDA","Car","F",79,"70+","Drivers"
"T20190007522","20/4/19",14:49:00,"Vehicle overturned (no collision)","Saturday","Day",1,3,"Not at intersection",3,100,"A",2006,"S WAG","TOYOTA","Station Wagon","F",39,"30-39","Drivers"
"T20190007525","20/4/19",16:30:00,"Collision with vehicle","Saturday","Day",2,2,"T intersection",2,80,"A",2009,"SEDAN","B M W","Car","F",27,"26-29","Drivers"
"T20190007525","20/4/19",16:30:00,"Collision with vehicle","Saturday","Day",2,2,"T intersection",2,80,"B",0,"P VAN","SUB","Panel Van","F",45,"40-49","Drivers"
"T20190007526","20/4/19",19:20:00,"Collision with vehicle","Saturday","Dark Street lights on",2,3,"Not at intersection",2,60,"A",2010,"TRAY","TOYOTA","Light Commercial Vehicle (Rigid) <= 4.5 Tonnes GVM","M",23,"22-25","Drivers"
"T20190007526","20/4/19",19:20:00,"Collision with vehicle","Saturday","Dark Street lights on",2,3,"Not at intersection",2,60,"B",2003,"SEDAN","FORD","Car","M",60,"60-64","Drivers"
"T20190007529","20/4/19",16:45:00,"collision with some other object","Saturday","Day",1,2,"Not at intersection",3,80,"A",2002,"S WAG","HOLDEN","Station Wagon","M",56,"50-59","Drivers"
"T20190007530","20/4/19",20:45:00,"Struck animal","Saturday","Dark No street lights",1,2,"Not at intersection",3,100,"A",2005,"SEDAN","MAZDA","Car","F",18,"17-21","Drivers"
"T20190007531","20/4/19",15:40:00,"Collision with vehicle","Saturday","Day",2,2,"Not at intersection",3,60,"A",2015,"SEDAN","TOYOTA","Car","M",63,"60-64","Drivers"
"T20190007531","20/4/19",15:40:00,"Collision with vehicle","Saturday","Day",2,2,"Not at intersection",3,60,"B",2008,"COUPE","FORD","Car","M",48,"40-49","Drivers"
"T20190007537","20/4/19",21:25:00,"Collision with vehicle","Saturday","Dark Street lights on",2,7,"Cross intersection",3,60,"A",2008,"SEDAN","TOYOTA","Car","M",21,"17-21","Drivers"
"T20190007537","20/4/19",21:25:00,"Collision with vehicle","Saturday","Dark Street lights on",2,7,"Cross intersection",3,60,"B",2013,"WAGON","FORD","Station Wagon","M",48,"40-49","Drivers"
"T20190007541","20/4/19",22:41:00,"Collision with a fixed object","Saturday","Dark No street lights",1,1,"Not at intersection",2,60,"A",2011,"SEDAN","HOLDEN","Car","F",24,"22-25","Drivers"
"T20190007542","21/4/19",03:22:00,"Collision with a fixed object","Sunday","Dark Street lights on",1,4,"Not at intersection",2,50,"A",2013,"SEDAN","B M W","Car","M",23,"22-25","Drivers"
"T20190007545","21/4/19",06:20:00,"Collision with vehicle","Sunday","Dusk/Dawn",2,2,"Not at intersection",3,60,"A",2015,"WAGON","TOYOTA","Station Wagon","M",38,"30-39","Drivers"
"T20190007545","21/4/19",06:20:00,"Collision with vehicle","Sunday","Dusk/Dawn",2,2,"Not at intersection",3,60,"B",2012,"SEDAN","FORD","Car","M",72,"70+","Drivers"
"T20190007546","21/4/19",04:15:00,"Collision with vehicle","Sunday","Dark Street lights on",3,3,"Cross intersection",2,60,"A",2005,"SEDAN","HYNDAI","Car","F",29,"26-29","Drivers"
"T20190007546","21/4/19",04:15:00,"Collision with vehicle","Sunday","Dark Street lights on",3,3,"Cross intersection",2,60,"B",2017,"WAGON","LEXUS","Station Wagon","M",24,"22-25","Drivers"
"T20190007546","21/4/19",04:15:00,"Collision with vehicle","Sunday","Dark Street lights on",3,3,"Cross intersection",2,60,"C",2009,"SEDAN","NISSAN","Car","F",58,"50-59","Drivers"
"T20190007549","21/4/19",10:10:00,"Collision with vehicle","Sunday","Day",2,2,"Cross intersection",3,50,"A",2002,"SEDAN","HOLDEN","Car","M",26,"26-29","Drivers"
"T20190007549","21/4/19",10:10:00,"Collision with vehicle","Sunday","Day",2,2,"Cross intersection",3,50,"B",2012,"WAGON","JEEP","Station Wagon","M",73,"70+","Drivers"
"T20190007552","20/4/19",12:30:00,"Collision with a fixed object","Saturday","Day",1,2,"Not at intersection",3,110,"A",2001,"SEDAN","TOYOTA","Car","F",17,"16-17","Drivers"
"T20190007556","21/4/19",12:10:00,"Collision with vehicle","Sunday","Day",2,5,"T intersection",2,100,"A",2010,"WAGON","UNKN","Station Wagon","M",25,"22-25","Drivers"
"T20190007556","21/4/19",12:10:00,"Collision with vehicle","Sunday","Day",2,5,"T intersection",2,100,"B",2007,"SEDAN","TOYOTA","Car","M",23,"22-25","Drivers"
"T20190007559","21/4/19",12:43:00,"Collision with vehicle","Sunday","Day",2,3,"Cross intersection",2,70,"A",2009,"WAGON","FORD","Station Wagon","F",48,"40-49","Drivers"
"T20190007559","21/4/19",12:43:00,"Collision with vehicle","Sunday","Day",2,3,"Cross intersection",2,70,"B",2017,"DC UTE","ISUZU","Utility","M",22,"22-25","Drivers"
"T20190007562","20/4/19",16:10:00,"Collision with vehicle","Saturday","Day",2,2,"Cross intersection",3,60,"A",2001,"SEDAN","MITSUB","Car","F",32,"30-39","Drivers"
"T20190007569","21/4/19",12:50:00,"Collision with vehicle","Sunday","Day",2,2,"T intersection",3,60,"A",2007,"SEDAN","HOLDEN","Car","M",72,"70+","Drivers"
"T20190007571","21/4/19",16:30:00,"Struck Pedestrian","Sunday","Day",1,2,"T intersection",3,60,"A",2013,"SEDAN","TOYOTA","Car","F",68,"64-69","Drivers"
"T20190007575","21/4/19",19:10:00,"Collision with vehicle","Sunday","Dark Street lights on",2,3,"Cross intersection",2,60,"B",2015,"WAGON","B M W","Station Wagon","M",73,"70+","Drivers"
"T20190007576","27/3/19",14:00:00,"Collision with vehicle","Wednesday","Day",2,2,"T intersection",3,999,"A",2018,"SEDAN","MERC B","Car","F",46,"40-49","Drivers"
"T20190007576","27/3/19",14:00:00,"Collision with vehicle","Wednesday","Day",2,2,"T intersection",3,999,"B",2015,"WAGON","NISSAN","Station Wagon","M",31,"30-39","Drivers"
"T20190007579","22/4/19",06:18:00,"Collision with a fixed object","Monday","Dark Street lights on",1,1,"Cross intersection",2,60,"A",2019,"WAGON","MITSUB","Station Wagon","M",37,"30-39","Drivers"
"T20190007581","20/4/19",16:50:00,"Collision with vehicle","Saturday","Day",2,2,"Not at intersection",3,100,"A",2008,"WAGON","HOLDEN","Station Wagon","M",30,"30-39","Drivers"
"T20190007581","20/4/19",16:50:00,"Collision with vehicle","Saturday","Day",2,2,"Not at intersection",3,100,"B",2012,"COUPE","HYNDAI","Car","M",42,"40-49","Drivers"
"T20190007583","14/4/19",15:00:00,"Collision with vehicle","Sunday","Day",2,2,"Cross intersection",3,60,"B",2006,"SEDAN","TOYOTA","Car","M",21,"17-21","Drivers"
"T20190007585","22/4/19",09:44:00,"Collision with vehicle","Monday","Day",2,2,"T intersection",3,70,"A",2015,"SEDAN","ALFA R","Car","F",19,"17-21","Drivers"
"T20190007585","22/4/19",09:44:00,"Collision with vehicle","Monday","Day",2,2,"T intersection",3,70,"B",2000,"WAGON","HONDA","Station Wagon","M",70,"70+","Drivers"
"T20190007587","29/3/19",14:19:00,"Fall from or in moving vehicle","Friday","Day",1,2,"Not at intersection",3,60,"A",0,NA,"UNKN","Bus/Coach","U",NA,"unknown","Drivers"
"T20190007588","15/4/19",12:15:00,"Collision with vehicle","Monday","Day",4,4,"Not at intersection",3,60,"A",2005,"WAGON","HOLDEN","Car","F",61,"60-64","Drivers"
"T20190007588","15/4/19",12:15:00,"Collision with vehicle","Monday","Day",4,4,"Not at intersection",3,60,"B",2011,"SEDAN","TOYOTA","Car","M",39,"30-39","Drivers"
"T20190007588","15/4/19",12:15:00,"Collision with vehicle","Monday","Day",4,4,"Not at intersection",3,60,"C",2016,"WAGON","TOYOTA","Car","F",68,"64-69","Drivers"
"T20190007588","15/4/19",12:15:00,"Collision with vehicle","Monday","Day",4,4,"Not at intersection",3,60,"D",2009,"WAGON","HOLDEN","Car","M",69,"64-69","Drivers"
"T20190007589","22/4/19",10:10:00,"Collision with a fixed object","Monday","Day",1,2,"Not at intersection",2,80,"A",2018,"SEDAN","SUZUKI","Car","M",25,"22-25","Drivers"
"T20190007591","18/4/19",11:10:00,"Collision with vehicle","Thursday","Day",2,2,"T intersection",3,50,"A",2003,"VAN","TOYOTA","Panel Van","M",51,"50-59","Drivers"
"T20190007591","18/4/19",11:10:00,"Collision with vehicle","Thursday","Day",2,2,"T intersection",3,50,"B",2011,"SEDAN","TOYOTA","Car","F",39,"30-39","Drivers"
"T20190007592","22/4/19",06:34:00,"Collision with vehicle","Monday","Dusk/Dawn",2,2,"T intersection",2,60,"A",2017,"SEDAN","HOLDEN","Car","F",21,"17-21","Drivers"
"T20190007592","22/4/19",06:34:00,"Collision with vehicle","Monday","Dusk/Dawn",2,2,"T intersection",2,60,"B",2009,"SEDAN","HYNDAI","Car","F",63,"60-64","Drivers"
"T20190007593","16/3/19",13:50:00,"Collision with vehicle","Saturday","Day",3,3,"Cross intersection",3,60,"A",1998,"UTIL","HOLDEN","Utility","M",54,"50-59","Drivers"
"T20190007593","16/3/19",13:50:00,"Collision with vehicle","Saturday","Day",3,3,"Cross intersection",3,60,"B",2008,"DC UTE","TOYOTA","Utility","M",50,"50-59","Drivers"
"T20190007593","16/3/19",13:50:00,"Collision with vehicle","Saturday","Day",3,3,"Cross intersection",3,60,"C",1997,"SEDAN","HYNDAI","Car","M",36,"30-39","Drivers"
"T20190007596","22/4/19",12:05:00,"Collision with vehicle","Monday","Day",3,3,"T intersection",3,70,"A",2014,"T SDS","ISUZU","Light Commercial Vehicle (Rigid) <= 4.5 Tonnes GVM","M",31,"30-39","Drivers"
"T20190007596","22/4/19",12:05:00,"Collision with vehicle","Monday","Day",3,3,"T intersection",3,70,"B",2006,"SEDAN","TOYOTA","Car","M",63,"60-64","Drivers"
"T20190007598","22/4/19",11:55:00,"Collision with a fixed object","Monday","Day",1,1,"Not at intersection",3,80,"A",2017,"SEDAN","TOYOTA","Car","F",37,"30-39","Drivers"
"T20190007599","20/4/19",14:30:00,"Collision with vehicle","Saturday","Day",2,2,"Not at intersection",3,50,"A",2009,"SEDAN","HOLDEN","Car","M",38,"30-39","Drivers"
"T20190007603","22/4/19",14:15:00,"Collision with vehicle","Monday","Day",2,7,"T intersection",3,60,"A",1991,"WAGON","TOYOTA","Station Wagon","M",28,"26-29","Drivers"
"T20190007603","22/4/19",14:15:00,"Collision with vehicle","Monday","Day",2,7,"T intersection",3,60,"B",2006,"SEDAN","HOLDEN","Car","M",21,"17-21","Drivers"
"T20190007606","22/4/19",14:55:00,"Collision with vehicle","Monday","Day",2,3,"Cross intersection",3,70,"A",2008,"VAN","HYNDAI","Panel Van","M",59,"50-59","Drivers"
"T20190007606","22/4/19",14:55:00,"Collision with vehicle","Monday","Day",2,3,"Cross intersection",3,70,"B",2017,"SEDAN","VOLKS","Car","M",19,"17-21","Drivers"
"T20190007608","20/4/19",09:45:00,"Collision with vehicle","Saturday","Day",2,2,"T intersection",3,60,"A",2016,"SEDAN","HYNDAI","Car","F",19,"17-21","Drivers"
"T20190007613","22/4/19",18:00:00,"Collision with vehicle","Monday","Dusk/Dawn",2,2,"Cross intersection",2,50,"A",2000,"UTIL","MAZDA","Utility","M",27,"26-29","Drivers"