"ACCIDENT_NO","ACCIDENTDATE","ACCIDENTTIME","Accident Type Desc","Day Week Description","Light Condition Desc","NO_OF_VEHICLES","NO_PERSONS","Road Geometry Desc","SEVERITY","SPEED_ZONE","VEHICLE_ID","VEHICLE_YEAR_MANUF","VEHICLE_BODY_STYLE","VEHICLE_MAKE","Vehicle Type Desc","SEX","AGE","Age Group","Road User Type Desc"
"T20190007615","22/4/19",18:05:00,"Collision with a fixed object","Monday","Dark No street lights",1,1,"T intersection",2,100,"A",1990,"SEDAN","MITSUB","Car","F",56,"50-59","Drivers"
"T20190007617","22/4/19",18:50:00,"Collision with vehicle","Monday","Dark Street lights on",3,1,"Not at intersection",3,50,"B",2004,"UTIL","HOLDEN","Utility","M",35,"30-39","Drivers"
"T20190007619","22/4/19",20:50:00,"Collision with vehicle","Monday","Dark Street lights on",2,6,"Cross intersection",3,70,"A",2017,"S WAG","HOLDEN","Station Wagon","U",NA,"unknown","Drivers"
"T20190007619","22/4/19",20:50:00,"Collision with vehicle","Monday","Dark Street lights on",2,6,"Cross intersection",3,70,"B",2001,"WAGON","HONDA","Station Wagon","F",46,"40-49","Drivers"
"T20190007621","22/4/19",21:30:00,"Collision with a fixed object","Monday","Dark No street lights",1,1,"Not at intersection",3,100,"A",2010,"SEDAN","FORD","Car","M",18,"17-21","Drivers"
"T20190007624","22/4/19",21:15:00,"Collision with vehicle","Monday","Dark Street lights on",2,2,"T intersection",2,60,"A",2006,"SED","TOYOTA","Car","M",40,"40-49","Drivers"
"T20190007626","23/4/19",00:07:00,"Collision with a fixed object","Tuesday","Dark Street lights on",1,1,"Not at intersection",3,50,"A",1995,"SEDAN","HOLDEN","Car","M",18,"17-21","Drivers"
"T20190007627","23/4/19",00:43:00,"Collision with a fixed object","Tuesday","Dark No street lights",1,1,"Not at intersection",3,80,"A",2006,"UTIL","HOLDEN","Utility","F",18,"17-21","Drivers"
"T20190007628","22/4/19",05:50:00,"Collision with a fixed object","Monday","Dusk/Dawn",1,1,"Not at intersection",2,60,"A",2001,"SEDAN","HYNDAI","Car","M",24,"22-25","Drivers"
"T20190007629","23/4/19",00:30:00,"Collision with a fixed object","Tuesday","Dark No street lights",1,2,"Not at intersection",2,80,"A",2015,"S WAG","HOLDEN","Station Wagon","M",37,"30-39","Drivers"
"T20190007632","23/4/19",06:35:00,"Collision with vehicle","Tuesday","Dusk/Dawn",2,2,"Not at intersection",3,110,"A",2006,"SEDAN","HOLDEN","Car","F",56,"50-59","Drivers"
"T20190007637","6/4/19",10:00:00,"Collision with vehicle","Saturday","Day",2,2,"T intersection",3,50,"A",2016,"SEDAN","MAZDA","Car","F",29,"26-29","Drivers"
"T20190007637","6/4/19",10:00:00,"Collision with vehicle","Saturday","Day",2,2,"T intersection",3,50,"B",2003,"SEDAN","MITSUB","Car","F",39,"30-39","Drivers"
"T20190007639","23/4/19",06:49:00,"Collision with vehicle","Tuesday","Dusk/Dawn",2,2,"T intersection",3,60,"A",2008,"SEDAN","FORD","Car","M",27,"26-29","Drivers"
"T20190007640","22/4/19",02:25:00,"Collision with vehicle","Monday","Dark No street lights",2,2,"Not at intersection",2,60,"A",1999,"WAGON","NISSAN","Station Wagon","U",NA,"unknown","Drivers"
"T20190007642","23/4/19",08:28:00,"Collision with vehicle","Tuesday","Day",2,4,"Not at intersection",2,80,"A",1999,"P MVR","KENWTH","Prime Mover - Single Trailer","F",51,"50-59","Drivers"
"T20190007642","23/4/19",08:28:00,"Collision with vehicle","Tuesday","Day",2,4,"Not at intersection",2,80,"B",2012,"SEDAN","VOLKS","Car","M",61,"60-64","Drivers"
"T20190007644","23/4/19",08:30:00,"Collision with a fixed object","Tuesday","Day",1,1,"Not at intersection",3,60,"A",2000,"S WAG","HONDA","Station Wagon","M",19,"17-21","Drivers"
"T20190007649","23/4/19",08:45:00,"Collision with a fixed object","Tuesday","Day",1,1,"Not at intersection",3,100,"A",2000,"S WAG","HYUNDA","Station Wagon","M",28,"26-29","Drivers"
"T20190007650","23/4/19",08:30:00,"Collision with vehicle","Tuesday","Day",2,2,"Not at intersection",3,60,"A",2001,"SEDAN","HOLDEN","Car","F",43,"40-49","Drivers"
"T20190007650","23/4/19",08:30:00,"Collision with vehicle","Tuesday","Day",2,2,"Not at intersection",3,60,"B",2016,"SEDAN","HYNDAI","Car","F",42,"40-49","Drivers"
"T20190007654","23/4/19",11:30:00,"Collision with vehicle","Tuesday","Day",2,2,"Not at intersection",2,60,"A",2008,"SEDAN","MERC B","Car","F",76,"70+","Drivers"
"T20190007655","22/4/19",20:30:00,"Collision with vehicle","Monday","Dark Street lights on",2,7,"Cross intersection",2,70,"A",2012,"WAGON","JEEP","Station Wagon","M",20,"17-21","Drivers"
"T20190007655","22/4/19",20:30:00,"Collision with vehicle","Monday","Dark Street lights on",2,7,"Cross intersection",2,70,"B",2017,"SEDAN","MAZDA","Car","F",54,"50-59","Drivers"
"T20190007656","23/4/19",08:20:00,"Collision with a fixed object","Tuesday","Day",1,1,"Not at intersection",2,100,"A",2017,"SEDAN","MAZDA","Car","F",54,"50-59","Drivers"
"T20190007657","23/4/19",10:20:00,"Collision with a fixed object","Tuesday","Day",1,1,"Not at intersection",1,100,"A",2011,"C MIX","KENWTH","Heavy Vehicle (Rigid) > 4.5 Tonnes","M",45,"40-49","Drivers"
"T20190007658","23/4/19",09:30:00,"Struck Pedestrian","Tuesday","Day",1,2,"T intersection",2,50,"A",2001,"SEDAN","HOLDEN","Car","F",31,"30-39","Drivers"
"T20190007660","5/4/19",00:15:00,"Collision with a fixed object","Friday","Dark No street lights",1,1,"T intersection",2,80,"A",2008,"COUPE","TOYOTA","Car","M",22,"22-25","Drivers"
"T20190007661","16/4/19",23:00:00,"Collision with vehicle","Tuesday","Dark Street lights on",2,3,"Cross intersection",2,100,"A",2017,"WAGON","HOLDEN","Station Wagon","M",52,"50-59","Drivers"
"T20190007661","16/4/19",23:00:00,"Collision with vehicle","Tuesday","Dark Street lights on",2,3,"Cross intersection",2,100,"B",2018,"DC UTE","TOYOTA","Utility","F",26,"26-29","Drivers"
"T20190007662","23/4/19",13:16:00,"Struck Pedestrian","Tuesday","Day",1,2,"Dead end",2,50,"A",0,"UTIL","UNKN","Utility","U",NA,"unknown","Drivers"
"T20190007664","23/4/19",12:10:00,"Collision with vehicle","Tuesday","Day",2,6,"Multiple intersection",3,60,"A",2013,"SEDAN","HOLDEN","Car","M",19,"17-21","Drivers"
"T20190007664","23/4/19",12:10:00,"Collision with vehicle","Tuesday","Day",2,6,"Multiple intersection",3,60,"B",2006,"SEDAN","FORD","Car","M",53,"50-59","Drivers"
"T20190007666","23/4/19",12:04:00,"collision with some other object","Tuesday","Day",1,1,"Not at intersection",3,40,"A",2009,"SEDAN","TOYOTA","Car","F",78,"70+","Drivers"
"T20190007672","23/4/19",16:04:00,"Struck Pedestrian","Tuesday","Day",1,5,"Not at intersection",3,50,"A",2004,"WAGON","TOYOTA","Station Wagon","M",45,"40-49","Drivers"
"T20190007673","23/4/19",14:16:00,"Collision with vehicle","Tuesday","Day",2,1,"Not at intersection",2,50,"A",2017,"WAGON","NISSAN","Station Wagon","F",69,"64-69","Drivers"
"T20190007681","23/4/19",14:30:00,"Collision with a fixed object","Tuesday","Day",2,2,"Not at intersection",3,60,"A",2015,"UTIL","FORD","Utility","M",20,"17-21","Drivers"
"T20190007682","23/4/19",15:30:00,"Struck Pedestrian","Tuesday","Day",1,2,"T intersection",3,50,"A",2016,"WAGON","SUBARU","Station Wagon","M",30,"30-39","Drivers"
"T20190007683","23/4/19",17:30:00,"Collision with vehicle","Tuesday","Day",2,3,"Cross intersection",2,50,"A",2012,"SEDAN","FORD","Car","M",18,"17-21","Drivers"
"T20190007683","23/4/19",17:30:00,"Collision with vehicle","Tuesday","Day",2,3,"Cross intersection",2,50,"B",2006,"S WAG","KIA","Station Wagon","F",56,"50-59","Drivers"
"T20190007687","23/4/19",13:55:00,"Collision with vehicle","Tuesday","Day",2,3,"Not at intersection",3,60,"A",2009,"WAGON","VOLKS","Station Wagon","F",57,"50-59","Drivers"
"T20190007687","23/4/19",13:55:00,"Collision with vehicle","Tuesday","Day",2,3,"Not at intersection",3,60,"B",1999,"COUPE","MITSUB","Car","F",23,"22-25","Drivers"
"T20190007688","23/4/19",16:30:00,"Collision with vehicle","Tuesday","Dusk/Dawn",2,3,"T intersection",3,80,"A",2016,"WAGON","MITSUB","Station Wagon","F",65,"64-69","Drivers"
"T20190007688","23/4/19",16:30:00,"Collision with vehicle","Tuesday","Dusk/Dawn",2,3,"T intersection",3,80,"B",2003,"WAGON","NISSAN","Station Wagon","F",62,"60-64","Drivers"
"T20190007689","23/4/19",15:30:00,"Collision with vehicle","Tuesday","Day",2,2,"T intersection",2,60,"A",2010,"WAGON","MAZDA","Station Wagon","F",48,"40-49","Drivers"
"T20190007692","23/4/19",19:05:00,"Collision with a fixed object","Tuesday","Dark No street lights",2,3,"Not at intersection",3,100,"A",0,"S WAG","KIA","Station Wagon","U",36,"30-39","Drivers"
"T20190007693","23/4/19",19:19:00,"No collision and no object struck","Tuesday","Dark No street lights",1,1,"Not at intersection",2,100,"A",1997,"SEDAN","FORD","Car","M",30,"30-39","Drivers"
"T20190007694","23/4/19",18:15:00,"Collision with a fixed object","Tuesday","Dark No street lights",1,1,"Not at intersection",3,100,"A",2004,"SEDAN","FORD","Car","M",28,"26-29","Drivers"
"T20190007696","23/4/19",18:24:00,"Collision with vehicle","Tuesday","Dusk/Dawn",2,3,"Cross intersection",3,50,"A",2005,"WAGON","L ROV","Station Wagon","F",18,"17-21","Drivers"
"T20190007696","23/4/19",18:24:00,"Collision with vehicle","Tuesday","Dusk/Dawn",2,3,"Cross intersection",3,50,"B",2012,"SEDAN","HYNDAI","Car","M",39,"30-39","Drivers"
"T20190007698","23/4/19",20:05:00,"Collision with a fixed object","Tuesday","Dark Street lights on",1,1,"Not at intersection",3,50,"A",2009,"SEDAN","HOLDEN","Car","M",56,"50-59","Drivers"
"T20190007699","23/4/19",18:30:00,"Struck Pedestrian","Tuesday","Dark Street lights on",1,2,"Not at intersection",2,50,"A",2015,"COUPE","FORD","Car","M",55,"50-59","Drivers"
"T20190007700","23/4/19",18:35:00,"Collision with a fixed object","Tuesday","Dusk/Dawn",1,2,"Not at intersection",2,100,"A",0,"UTIL","UNKN","Utility","M",25,"22-25","Drivers"
"T20190007703","23/4/19",22:30:00,"Collision with a fixed object","Tuesday","Dark No street lights",1,1,"Not at intersection",2,100,"A",2012,"UTIL","UNKN","Utility","M",18,"17-21","Drivers"
"T20190007704","23/4/19",23:38:00,"Collision with a fixed object","Tuesday","Dark Street lights on",1,1,"Not at intersection",3,60,"A",2015,"SEDAN","VOLKS","Car","F",37,"30-39","Drivers"
"T20190007710","16/4/19",09:50:00,"Collision with a fixed object","Tuesday","Day",1,2,"Not at intersection",3,40,"A",1997,"SEDAN","TOYOTA","Car","M",78,"70+","Drivers"
"T20190007711","23/4/19",14:14:00,"Collision with vehicle","Tuesday","Day",2,16,"Not at intersection",2,80,"A",2009,"WAGON","TOYOTA","Station Wagon","F",52,"50-59","Drivers"
"T20190007711","23/4/19",14:14:00,"Collision with vehicle","Tuesday","Day",2,16,"Not at intersection",2,80,"B",2001,"BUS","TOYOTA","Bus/Coach","M",77,"70+","Drivers"
"T20190007712","17/4/19",14:00:00,"Struck Pedestrian","Wednesday","Unknown",1,2,"Not at intersection",2,50,"A",2013,"SEDAN","MITSUB","Car","F",88,"70+","Drivers"
"T20190007713","21/4/19",13:00:00,"Collision with vehicle","Sunday","Day",2,3,"T intersection",3,50,"A",2009,"WAGON","NISSAN","Station Wagon","F",20,"17-21","Drivers"
"T20190007713","21/4/19",13:00:00,"Collision with vehicle","Sunday","Day",2,3,"T intersection",3,50,"B",2012,"WAGON","TOYOTA","Station Wagon","M",43,"40-49","Drivers"
"T20190007714","13/4/19",20:10:00,"Collision with vehicle","Saturday","Dusk/Dawn",2,4,"Not at intersection",3,60,"A",2016,"DC UTE","MITSUB","Utility","M",36,"30-39","Drivers"
"T20190007714","13/4/19",20:10:00,"Collision with vehicle","Saturday","Dusk/Dawn",2,4,"Not at intersection",3,60,"B",2013,"SEDAN","HYNDAI","Car","M",19,"17-21","Drivers"
"T20190007715","24/4/19",08:20:00,"Collision with vehicle","Wednesday","Day",2,2,"Not at intersection",2,100,"A",2001,"SEDAN","HOLDEN","Car","M",80,"70+","Drivers"
"T20190007715","24/4/19",08:20:00,"Collision with vehicle","Wednesday","Day",2,2,"Not at intersection",2,100,"B",2013,"P MVR","SCANIA","Prime Mover - Single Trailer","M",58,"50-59","Drivers"
"T20190007716","24/4/19",09:00:00,"Collision with vehicle","Wednesday","Day",2,2,"T intersection",3,50,"A",2010,"SEDAN","MAZDA","Car","F",47,"40-49","Drivers"
"T20190007718","23/4/19",15:15:00,"Collision with vehicle","Tuesday","Day",2,3,"Not at intersection",2,60,"A",2010,"WAGON","TOYOTA","Station Wagon","F",44,"40-49","Drivers"
"T20190007718","23/4/19",15:15:00,"Collision with vehicle","Tuesday","Day",2,3,"Not at intersection",2,60,"B",2003,"SEDAN","PEUG","Car","F",50,"50-59","Drivers"
"T20190007724","23/4/19",15:30:00,"Collision with a fixed object","Tuesday","Day",1,4,"Not at intersection",2,888,"A",1997,"UTIL","TOYOTA","Utility","M",25,"22-25","Drivers"
"T20190007725","23/4/19",17:30:00,"Collision with vehicle","Tuesday","Dusk/Dawn",2,2,"Not at intersection",2,80,"A",2000,"UTIL","FORD","Utility","M",48,"40-49","Drivers"
"T20190007725","23/4/19",17:30:00,"Collision with vehicle","Tuesday","Dusk/Dawn",2,2,"Not at intersection",2,80,"B",2009,"S WAG","HOLDEN","Station Wagon","F",36,"30-39","Drivers"
"T20190007735","24/4/19",09:00:00,"Collision with vehicle","Wednesday","Day",2,2,"Not at intersection",3,60,"A",2017,"SEDAN","UNKN","Car","M",28,"26-29","Drivers"
"T20190007735","24/4/19",09:00:00,"Collision with vehicle","Wednesday","Day",2,2,"Not at intersection",3,60,"B",2012,"COUPE","VOLKS","Car","F",26,"26-29","Drivers"
"T20190007736","24/4/19",12:10:00,"Collision with vehicle","Wednesday","Day",6,7,"Not at intersection",2,70,"A",2012,"SEDAN","HOLDEN","Car","M",68,"64-69","Drivers"
"T20190007736","24/4/19",12:10:00,"Collision with vehicle","Wednesday","Day",6,7,"Not at intersection",2,70,"B",2005,"COUPE","VOLKS","Car","U",NA,"unknown","Drivers"
"T20190007736","24/4/19",12:10:00,"Collision with vehicle","Wednesday","Day",6,7,"Not at intersection",2,70,"C",2017,"UTIL","TOYOTA","Utility","M",33,"30-39","Drivers"
"T20190007736","24/4/19",12:10:00,"Collision with vehicle","Wednesday","Day",6,7,"Not at intersection",2,70,"D",2019,"WAGON","R ROV","Station Wagon","M",23,"22-25","Drivers"
"T20190007736","24/4/19",12:10:00,"Collision with vehicle","Wednesday","Day",6,7,"Not at intersection",2,70,"E",2015,"WAGON","MAZDA","Station Wagon","M",51,"50-59","Drivers"
"T20190007736","24/4/19",12:10:00,"Collision with vehicle","Wednesday","Day",6,7,"Not at intersection",2,70,"F",2013,"SEDAN","LEXUS","Car","F",32,"30-39","Drivers"
"T20190007737","24/4/19",07:20:00,"Collision with a fixed object","Wednesday","Day",1,1,"Not at intersection",3,100,"A",1997,"SEDAN","HYNDAI","Car","M",26,"26-29","Drivers"
"T20190007738","24/4/19",14:12:00,"Collision with a fixed object","Wednesday","Day",1,1,"Not at intersection",2,60,"A",2001,"SEDAN","MITSUB","Car","M",74,"70+","Drivers"
"T20190007740","24/4/19",14:00:00,"Collision with vehicle","Wednesday","Day",2,2,"Cross intersection",2,80,"A",2015,"DC UTE","FORD","Utility","M",70,"70+","Drivers"
"T20190007740","24/4/19",14:00:00,"Collision with vehicle","Wednesday","Day",2,2,"Cross intersection",2,80,"B",2012,"P MVR","KENWTH","Prime Mover Only","M",63,"60-64","Drivers"
"T20190007741","24/4/19",13:49:00,"Collision with vehicle","Wednesday","Day",2,2,"Cross intersection",3,50,"A",2008,"WAGON","HYNDAI","Station Wagon","F",40,"40-49","Drivers"
"T20190007745","24/4/19",14:00:00,"Collision with vehicle","Wednesday","Day",3,4,"Not at intersection",2,60,"A",2006,"SEDAN","HONDA","Car","M",22,"22-25","Drivers"
"T20190007745","24/4/19",14:00:00,"Collision with vehicle","Wednesday","Day",3,4,"Not at intersection",2,60,"B",2006,"VAN","TOYOTA","Panel Van","M",28,"26-29","Drivers"
"T20190007745","24/4/19",14:00:00,"Collision with vehicle","Wednesday","Day",3,4,"Not at intersection",2,60,"C",2008,"SEDAN","HOLDEN","Car","M",44,"40-49","Drivers"
"T20190007746","24/4/19",14:30:00,"Collision with vehicle","Wednesday","Day",2,2,"Not at intersection",3,40,"A",2013,"WAGON","KIA","Station Wagon","M",65,"64-69","Drivers"
"T20190007747","24/4/19",14:00:00,"Collision with vehicle","Wednesday","Day",2,3,"Cross intersection",3,60,"A",0,"SED","HOLDEN","Car","F",68,"64-69","Drivers"
"T20190007747","24/4/19",14:00:00,"Collision with vehicle","Wednesday","Day",2,3,"Cross intersection",3,60,"B",2007,"SEDAN","TOYOTA","Car","F",24,"22-25","Drivers"
"T20190007749","23/4/19",18:15:00,"Collision with vehicle","Tuesday","Dark Street lights on",3,3,"Not at intersection",3,80,"A",0,"UTIL","HOLDEN","Utility","M",20,"17-21","Drivers"
"T20190007749","23/4/19",18:15:00,"Collision with vehicle","Tuesday","Dark Street lights on",3,3,"Not at intersection",3,80,"B",2005,"SEDAN","HOLDEN","Car","M",81,"70+","Drivers"
"T20190007749","23/4/19",18:15:00,"Collision with vehicle","Tuesday","Dark Street lights on",3,3,"Not at intersection",3,80,"C",2018,"WAGON","FORD","Station Wagon","F",34,"30-39","Drivers"
"T20190007754","24/4/19",17:50:00,"Collision with vehicle","Wednesday","Dusk/Dawn",2,2,"Not at intersection",3,40,"A",2005,"S WAG","VOLVO","Station Wagon","F",49,"40-49","Drivers"
"T20190007754","24/4/19",17:50:00,"Collision with vehicle","Wednesday","Dusk/Dawn",2,2,"Not at intersection",3,40,"B",2004,"SEDAN","MAZDA","Car","F",20,"17-21","Drivers"
"T20190007755","24/4/19",15:17:00,"Collision with vehicle","Wednesday","Day",2,2,"T intersection",3,80,"A",2003,"SEDAN","MAZDA","Car","F",27,"26-29","Drivers"
"T20190007755","24/4/19",15:17:00,"Collision with vehicle","Wednesday","Day",2,2,"T intersection",3,80,"B",2012,"WAGON","MERC B","Car","M",78,"70+","Drivers"
"T20190007756","24/4/19",18:25:00,"Collision with vehicle","Wednesday","Dark Street lights on",2,4,"Cross intersection",3,50,"A",2012,"UTIL","NISSAN","Utility","M",30,"30-39","Drivers"
"T20190007756","24/4/19",18:25:00,"Collision with vehicle","Wednesday","Dark Street lights on",2,4,"Cross intersection",3,50,"B",2011,"SEDAN","VOLKS","Car","F",33,"30-39","Drivers"
"T20190007757","24/4/19",17:00:00,"Collision with vehicle","Wednesday","Day",2,2,"Cross intersection",3,40,"A",2000,"WAGON","TOYOTA","Station Wagon","M",23,"22-25","Drivers"
"T20190007757","24/4/19",17:00:00,"Collision with vehicle","Wednesday","Day",2,2,"Cross intersection",3,40,"B",2018,"WAGON","HYNDAI","Station Wagon","M",28,"26-29","Drivers"
"T20190007758","23/4/19",17:00:00,"Collision with vehicle","Tuesday","Day",2,2,"Cross intersection",3,60,"A",2017,"SEDAN","SKODA","Car","F",28,"26-29","Drivers"
"T20190007758","23/4/19",17:00:00,"Collision with vehicle","Tuesday","Day",2,2,"Cross intersection",3,60,"B",2003,"DC UTE","NISSAN","Utility","M",31,"30-39","Drivers"
"T20190007759","24/4/19",16:19:00,"Struck Pedestrian","Wednesday","Day",1,3,"Cross intersection",3,60,"A",2016,"SEDAN","MAZDA","Car","M",38,"30-39","Drivers"
"T20190007762","24/4/19",18:35:00,"Collision with vehicle","Wednesday","Dark Street lights on",2,2,"Cross intersection",2,60,"A",2012,"SEDAN","TOYOTA","Car","M",69,"64-69","Drivers"
"T20190007763","24/4/19",17:35:00,"Collision with vehicle","Wednesday","Day",3,4,"Not at intersection",3,70,"A",2003,"UTIL","HOLDEN","Utility","M",22,"22-25","Drivers"
"T20190007763","24/4/19",17:35:00,"Collision with vehicle","Wednesday","Day",3,4,"Not at intersection",3,70,"B",1994,"SEDAN","NISSAN","Car","M",76,"70+","Drivers"
"T20190007763","24/4/19",17:35:00,"Collision with vehicle","Wednesday","Day",3,4,"Not at intersection",3,70,"C",2010,"WAGON","TOYOTA","Station Wagon","M",40,"40-49","Drivers"
"T20190007766","24/4/19",16:43:00,"Collision with vehicle","Wednesday","Day",2,3,"Cross intersection",3,60,"A",2017,"SEDAN","HOLDEN","Car","U",NA,"unknown","Drivers"
"T20190007766","24/4/19",16:43:00,"Collision with vehicle","Wednesday","Day",2,3,"Cross intersection",3,60,"B",2016,"SEDAN","MAZDA","Car","F",48,"40-49","Drivers"
"T20190007769","24/4/19",16:00:00,"Collision with vehicle","Wednesday","Day",3,3,"T intersection",3,60,"A",2007,"COUPE","HOLDEN","Car","F",58,"50-59","Drivers"
"T20190007769","24/4/19",16:00:00,"Collision with vehicle","Wednesday","Day",3,3,"T intersection",3,60,"B",2017,"DC UTE","ISUZU","Utility","M",34,"30-39","Drivers"
"T20190007769","24/4/19",16:00:00,"Collision with vehicle","Wednesday","Day",3,3,"T intersection",3,60,"C",2010,"TRAY","MAZDA","Light Commercial Vehicle (Rigid) <= 4.5 Tonnes GVM","M",51,"50-59","Drivers"
"T20190007773","24/4/19",16:25:00,"Collision with vehicle","Wednesday","Day",2,4,"Not at intersection",3,50,"A",2013,"WAGON","TOYOTA","Station Wagon","M",60,"60-64","Drivers"
"T20190007773","24/4/19",16:25:00,"Collision with vehicle","Wednesday","Day",2,4,"Not at intersection",3,50,"B",2003,"WAGON","HONDA","Station Wagon","F",48,"40-49","Drivers"
"T20190007774","24/4/19",19:20:00,"Collision with a fixed object","Wednesday","Dark No street lights",1,1,"T intersection",2,100,"A",2007,"P MVR","F LINE","Prime Mover Only","M",47,"40-49","Drivers"
"T20190007775","24/4/19",16:30:00,"Collision with vehicle","Wednesday","Day",2,2,"T intersection",3,999,"B",2013,"UTIL","TOYOTA","Utility","M",29,"26-29","Drivers"
"T20190007777","25/4/19",00:00:00,"Collision with a fixed object","Thursday","Dark Street lights on",1,1,"Cross intersection",3,60,"A",2005,"SEDAN","HONDA","Car","M",19,"17-21","Drivers"
"T20190007780","24/4/19",23:28:00,"Collision with a fixed object","Wednesday","Dark Street lights on",2,1,"Not at intersection",3,60,"A",2011,"S WAG","TOYOTA","Station Wagon","M",35,"30-39","Drivers"
"T20190007785","25/4/19",05:45:00,"Collision with a fixed object","Thursday","Dark No street lights",1,2,"Not at intersection",3,100,"A",2001,"SEDAN","HOLDEN","Car","M",18,"17-21","Drivers"
"T20190007786","5/3/19",12:30:00,"Collision with vehicle","Tuesday","Day",2,3,"Not at intersection",3,60,"A",2016,"S WAG","NISSAN","Station Wagon","F",70,"70+","Drivers"
"T20190007786","5/3/19",12:30:00,"Collision with vehicle","Tuesday","Day",2,3,"Not at intersection",3,60,"B",2009,"SEDAN","SUZUKI","Car","F",23,"22-25","Drivers"
"T20190007787","24/4/19",16:40:00,"Collision with a fixed object","Wednesday","Day",1,1,"Not at intersection",2,80,"A",2007,"SEDAN","ALFA R","Car","M",33,"30-39","Drivers"
"T20190007788","25/4/19",08:05:00,"Collision with vehicle","Thursday","Day",2,3,"Cross intersection",3,70,"A",2015,"WAGON","NISSAN","Station Wagon","F",40,"40-49","Drivers"
"T20190007788","25/4/19",08:05:00,"Collision with vehicle","Thursday","Day",2,3,"Cross intersection",3,70,"B",2001,"SEDAN","MAZDA","Car","M",53,"50-59","Drivers"
"T20190007790","25/4/19",07:10:00,"Struck Pedestrian","Thursday","Day",1,2,"Not at intersection",2,50,"A",2006,"WAGON","TOYOTA","Station Wagon","M",43,"40-49","Drivers"
"T20190007796","25/4/19",08:59:00,"Collision with a fixed object","Thursday","Day",1,1,"Not at intersection",3,60,"A",2007,"SEDAN","SUZUKI","Car","F",19,"17-21","Drivers"
"T20190007799","25/4/19",11:50:00,"Collision with vehicle","Thursday","Day",4,2,"Not at intersection",3,60,"A",2014,"SEDAN","SUZUKI","Car","M",67,"64-69","Drivers"
"T20190007802","22/4/19",10:43:00,"Collision with a fixed object","Monday","Day",1,1,"Not at intersection",3,60,"A",2007,"SEDAN","TOYOTA","Car","F",51,"50-59","Drivers"
"T20190007808","23/4/19",21:00:00,"Collision with vehicle","Tuesday","Dusk/Dawn",2,2,"Cross intersection",3,60,"A",0,"SEDAN","UNKN","Unknown","U",NA,"unknown","Drivers"
"T20190007809","30/3/19",16:04:00,"Collision with a fixed object","Saturday","Day",1,1,"Not at intersection",3,60,"A",2017,"SEDAN","TOYOTA","Car","M",48,"40-49","Drivers"
"T20190007810","9/4/19",15:12:00,"Collision with vehicle","Tuesday","Day",2,2,"T intersection",3,60,"A",2013,"WAGON","MAZDA","Station Wagon","F",41,"40-49","Drivers"
"T20190007810","9/4/19",15:12:00,"Collision with vehicle","Tuesday","Day",2,2,"T intersection",3,60,"B",2010,"T SDS","FORD","Light Commercial Vehicle (Rigid) <= 4.5 Tonnes GVM","M",20,"17-21","Drivers"
"T20190007811","25/4/19",13:10:00,"Vehicle overturned (no collision)","Thursday","Day",1,1,"Not at intersection",1,100,"A",2001,"SEDAN","MITSUB","Car","F",89,"70+","Drivers"
"T20190007812","25/4/19",12:30:00,"Collision with vehicle","Thursday","Day",2,2,"Not at intersection",1,60,"A",2012,"SEDAN","MAZDA","Car","M",55,"50-59","Drivers"
"T20190007813","22/4/19",18:10:00,"Struck Pedestrian","Monday","Dark Street lights on",1,2,"Not at intersection",3,50,"A",0,"SEDAN","UNKN","Car","U",NA,"unknown","Drivers"
"T20190007819","25/4/19",17:00:00,"Collision with a fixed object","Thursday","Day",2,3,"T intersection",2,50,"A",2005,"UTIL","HOLDEN","Utility","M",32,"30-39","Drivers"
"T20190007819","25/4/19",17:00:00,"Collision with a fixed object","Thursday","Day",2,3,"T intersection",2,50,"B",2018,"UTIL","HOLDEN","Utility","U",NA,"unknown","Drivers"
"T20190007820","25/4/19",18:00:00,"Struck Pedestrian","Thursday","Dark No street lights",1,2,"Not at intersection",2,50,"A",2006,"WAGON","VOLKS","Station Wagon","M",69,"64-69","Drivers"
"T20190007821","25/4/19",18:11:00,"Collision with vehicle","Thursday","Dark Street lights on",2,2,"T intersection",3,60,"A",2004,"WAGON","REN","Station Wagon","F",58,"50-59","Drivers"
"T20190007821","25/4/19",18:11:00,"Collision with vehicle","Thursday","Dark Street lights on",2,2,"T intersection",3,60,"B",2007,"SEDAN","HOLDEN","Car","M",19,"17-21","Drivers"
"T20190007822","25/4/19",18:06:00,"Collision with vehicle","Thursday","Dark Street lights on",3,6,"Cross intersection",2,60,"A",2008,"BUS","SCANIA","Bus/Coach","M",35,"30-39","Drivers"
"T20190007822","25/4/19",18:06:00,"Collision with vehicle","Thursday","Dark Street lights on",3,6,"Cross intersection",2,60,"B",2011,"SEDAN","MAZDA","Car","F",28,"26-29","Drivers"
"T20190007822","25/4/19",18:06:00,"Collision with vehicle","Thursday","Dark Street lights on",3,6,"Cross intersection",2,60,"C",2017,"SEDAN","TOYOTA","Car","M",44,"40-49","Drivers"
"T20190007823","25/4/19",13:10:00,"Collision with vehicle","Thursday","Day",2,4,"Not at intersection",3,80,"A",2014,"WAGON","TOYOTA","Station Wagon","M",42,"40-49","Drivers"
"T20190007823","25/4/19",13:10:00,"Collision with vehicle","Thursday","Day",2,4,"Not at intersection",3,80,"B",2005,"SEDAN","FORD","Car","M",56,"50-59","Drivers"