"ACCIDENT_NO","ACCIDENTDATE","ACCIDENTTIME","Accident Type Desc","Day Week Description","Light Condition Desc","NO_OF_VEHICLES","NO_PERSONS","Road Geometry Desc","SEVERITY","SPEED_ZONE","VEHICLE_ID","VEHICLE_YEAR_MANUF","VEHICLE_BODY_STYLE","VEHICLE_MAKE","Vehicle Type Desc","SEX","AGE","Age Group","Road User Type Desc"
"T20190007825","24/4/19",09:00:00,"Collision with a fixed object","Wednesday","Day",1,3,"Not at intersection",3,100,"A",2010,"DC UTE","G WALL","Utility","M",16,"16-17","Drivers"
"T20190007828","25/4/19",21:25:00,"Collision with vehicle","Thursday","Dark Street lights unknown",3,1,"Not at intersection",3,50,"A",0,"SED","B.M.W.","Car","F",24,"22-25","Drivers"
"T20190007829","25/4/19",02:30:00,"Vehicle overturned (no collision)","Thursday","Dark No street lights",1,1,"Not at intersection",3,60,"A",2011,"SEDAN","HOLDEN","Car","F",23,"22-25","Drivers"
"T20190007833","26/4/19",03:34:00,"Collision with a fixed object","Friday","Dark No street lights",1,1,"Not at intersection",2,100,"A",2002,"SEDAN","MITSUB","Car","F",25,"22-25","Drivers"
"T20190007834","26/4/19",06:05:00,"Collision with vehicle","Friday","Dark Street lights on",2,4,"T intersection",2,60,"A",2000,"SEDAN","HOLDEN","Car","M",29,"26-29","Drivers"
"T20190007838","25/4/19",15:15:00,"Vehicle overturned (no collision)","Thursday","Day",1,2,"Not at intersection",3,100,"A",2004,"S WAG","NISSAN","Station Wagon","M",23,"22-25","Drivers"
"T20190007839","26/4/19",06:12:00,"Collision with vehicle","Friday","Dark No street lights",2,2,"Not at intersection",3,100,"A",2013,"TRAY","MITSUB","Light Commercial Vehicle (Rigid) <= 4.5 Tonnes GVM","M",34,"30-39","Drivers"
"T20190007839","26/4/19",06:12:00,"Collision with vehicle","Friday","Dark No street lights",2,2,"Not at intersection",3,100,"B",2013,"SEDAN","VOLKS","Car","F",59,"50-59","Drivers"
"T20190007841","26/4/19",08:10:00,"Collision with vehicle","Friday","Day",2,5,"Cross intersection",3,50,"A",1999,"SEDAN","HOLDEN","Car","F",28,"26-29","Drivers"
"T20190007841","26/4/19",08:10:00,"Collision with vehicle","Friday","Day",2,5,"Cross intersection",3,50,"B",2008,"SEDAN","SUZUKI","Car","F",48,"40-49","Drivers"
"T20190007842","22/4/19",13:30:00,"Vehicle overturned (no collision)","Monday","Day",1,2,"Not at intersection",3,888,"A",1998,"WAGON","NISSAN","Station Wagon","M",27,"26-29","Drivers"
"T20190007843","26/4/19",06:55:00,"Collision with vehicle","Friday","Dusk/Dawn",2,2,"Cross intersection",2,50,"A",2007,"WAGON","FORD","Station Wagon","M",37,"30-39","Drivers"
"T20190007844","25/4/19",11:04:00,"Collision with vehicle","Thursday","Day",2,2,"Not at intersection",2,60,"B",2018,"S WAG","SKODA","Station Wagon","F",24,"22-25","Drivers"
"T20190007847","26/4/19",09:55:00,"Collision with vehicle","Friday","Day",4,5,"Not at intersection",3,70,"B",2014,"DC UTE","TOYOTA","Utility","M",36,"30-39","Drivers"
"T20190007847","26/4/19",09:55:00,"Collision with vehicle","Friday","Day",4,5,"Not at intersection",3,70,"C",2016,"SEDAN","SUZUKI","Car","F",60,"60-64","Drivers"
"T20190007850","24/4/19",15:00:00,"Struck Pedestrian","Wednesday","Day",1,2,"Not at intersection",3,50,"A",2017,"SEDAN","MITSUB","Car","M",60,"60-64","Drivers"
"T20190007852","26/4/19",08:30:00,"Collision with vehicle","Friday","Day",2,2,"T intersection",3,60,"A",2018,"SEDAN","MAZDA","Car","F",22,"22-25","Drivers"
"T20190007852","26/4/19",08:30:00,"Collision with vehicle","Friday","Day",2,2,"T intersection",3,60,"B",2007,"UTIL","FORD","Utility","M",60,"60-64","Drivers"
"T20190007853","26/4/19",11:04:00,"Collision with a fixed object","Friday","Day",1,2,"Not at intersection",3,80,"A",2000,"SEDAN","FORD","Car","F",53,"50-59","Drivers"
"T20190007856","25/4/19",22:30:00,"Collision with a fixed object","Thursday","Dark Street lights on",1,1,"T intersection",3,60,"A",2009,"WAGON","NISSAN","Station Wagon","M",29,"26-29","Drivers"
"T20190007858","26/4/19",11:25:00,"Collision with vehicle","Friday","Day",2,2,"T intersection",2,60,"A",2015,"T SDS","TOYOTA","Light Commercial Vehicle (Rigid) <= 4.5 Tonnes GVM","M",46,"40-49","Drivers"
"T20190007859","26/4/19",12:40:00,"Collision with vehicle","Friday","Day",2,2,"Cross intersection",3,70,"A",2007,"UTIL","HOLDEN","Utility","M",53,"50-59","Drivers"
"T20190007859","26/4/19",12:40:00,"Collision with vehicle","Friday","Day",2,2,"Cross intersection",3,70,"B",2007,"COUPE","TOYOTA","Car","F",22,"22-25","Drivers"
"T20190007861","26/4/19",13:00:00,"Collision with a fixed object","Friday","Day",1,2,"Not at intersection",3,100,"A",2010,"DC UTE","FORD","Utility","M",82,"70+","Drivers"
"T20190007862","26/4/19",11:15:00,"Collision with a fixed object","Friday","Day",1,1,"Not at intersection",1,100,"A",1995,"SEDAN","HOLDEN","Car","M",82,"70+","Drivers"
"T20190007863","26/4/19",13:07:00,"Collision with vehicle","Friday","Day",3,3,"Not at intersection",2,60,"A",2006,"S WAG","HONDA","Station Wagon","M",46,"40-49","Drivers"
"T20190007863","26/4/19",13:07:00,"Collision with vehicle","Friday","Day",3,3,"Not at intersection",2,60,"B",2012,"WAGON","MERC B","Station Wagon","F",29,"26-29","Drivers"
"T20190007863","26/4/19",13:07:00,"Collision with vehicle","Friday","Day",3,3,"Not at intersection",2,60,"C",2015,"S WAG","HOLDEN","Taxi","M",22,"22-25","Drivers"
"T20190007864","26/4/19",13:10:00,"Collision with vehicle","Friday","Day",2,4,"Not at intersection",2,80,"A",2014,"SEDAN","SUZUKI","Car","F",58,"50-59","Drivers"
"T20190007864","26/4/19",13:10:00,"Collision with vehicle","Friday","Day",2,4,"Not at intersection",2,80,"B",2004,"SED","HONDA","Car","M",29,"26-29","Drivers"
"T20190007867","26/4/19",07:31:00,"Collision with vehicle","Friday","Day",3,3,"Cross intersection",2,70,"A",2014,"SEDAN","SUBARU","Car","F",29,"26-29","Drivers"
"T20190007867","26/4/19",07:31:00,"Collision with vehicle","Friday","Day",3,3,"Cross intersection",2,70,"B",2012,"SEDAN","HYNDAI","Car","F",47,"40-49","Drivers"
"T20190007867","26/4/19",07:31:00,"Collision with vehicle","Friday","Day",3,3,"Cross intersection",2,70,"C",2007,"SEDAN","HOLDEN","Car","M",55,"50-59","Drivers"
"T20190007873","26/4/19",15:30:00,"Collision with vehicle","Friday","Day",2,2,"Cross intersection",2,80,"A",2008,"SEDAN","TOYOTA","Car","M",46,"40-49","Drivers"
"T20190007873","26/4/19",15:30:00,"Collision with vehicle","Friday","Day",2,2,"Cross intersection",2,80,"B",2011,"SED","NISSAN","Car","F",27,"26-29","Drivers"
"T20190007874","26/4/19",18:15:00,"Collision with vehicle","Friday","Dusk/Dawn",2,5,"Not at intersection",2,80,"A",1998,"SEDAN","B M W","Car","F",43,"40-49","Drivers"
"T20190007874","26/4/19",18:15:00,"Collision with vehicle","Friday","Dusk/Dawn",2,5,"Not at intersection",2,80,"B",2001,"SEDAN","LEXUS","Car","F",80,"70+","Drivers"
"T20190007876","26/4/19",14:00:00,"Collision with a fixed object","Friday","Day",1,2,"Not at intersection",2,100,"A",2018,"S WAG","FORD","Station Wagon","F",41,"40-49","Drivers"
"T20190007878","26/4/19",14:42:00,"Collision with vehicle","Friday","Day",2,4,"Not at intersection",2,100,"A",2017,"WAGON","NISSAN","Station Wagon","M",21,"17-21","Drivers"
"T20190007878","26/4/19",14:42:00,"Collision with vehicle","Friday","Day",2,4,"Not at intersection",2,100,"B",2007,"SEDAN","TOYOTA","Car","F",23,"22-25","Drivers"
"T20190007881","26/4/19",19:00:00,"Collision with vehicle","Friday","Dark No street lights",2,2,"T intersection",2,60,"A",2018,"WAGON","MAZDA","Station Wagon","M",43,"40-49","Drivers"
"T20190007884","26/4/19",19:22:00,"Collision with vehicle","Friday","Dark No street lights",4,7,"Not at intersection",2,100,"A",2005,"SEDAN","FORD","Car","M",23,"22-25","Drivers"
"T20190007884","26/4/19",19:22:00,"Collision with vehicle","Friday","Dark No street lights",4,7,"Not at intersection",2,100,"B",2013,"SEDAN","MAZDA","Car","M",34,"30-39","Drivers"
"T20190007884","26/4/19",19:22:00,"Collision with vehicle","Friday","Dark No street lights",4,7,"Not at intersection",2,100,"C",2017,"WAGON","MITSUB","Station Wagon","M",41,"40-49","Drivers"
"T20190007884","26/4/19",19:22:00,"Collision with vehicle","Friday","Dark No street lights",4,7,"Not at intersection",2,100,"D",2013,"SEDAN","SKODA","Car","M",23,"22-25","Drivers"
"T20190007888","26/4/19",18:45:00,"Collision with vehicle","Friday","Dark Street lights on",2,2,"T intersection",2,60,"A",2018,"WAGON","MERC B","Station Wagon","F",41,"40-49","Drivers"
"T20190007888","26/4/19",18:45:00,"Collision with vehicle","Friday","Dark Street lights on",2,2,"T intersection",2,60,"B",1998,"SEDAN","FORD","Car","M",39,"30-39","Drivers"
"T20190007889","26/4/19",19:52:00,"Collision with vehicle","Friday","Dark No street lights",2,2,"Not at intersection",3,80,"A",2004,"SEDAN","B M W","Car","M",22,"22-25","Drivers"
"T20190007889","26/4/19",19:52:00,"Collision with vehicle","Friday","Dark No street lights",2,2,"Not at intersection",3,80,"B",1997,"SEDAN","SUBARU","Car","M",63,"60-64","Drivers"
"T20190007893","26/4/19",21:50:00,"Collision with vehicle","Friday","Dark No street lights",2,2,"Not at intersection",3,50,"A",2016,"WAGON","SUZUKI","Station Wagon","F",28,"26-29","Drivers"
"T20190007893","26/4/19",21:50:00,"Collision with vehicle","Friday","Dark No street lights",2,2,"Not at intersection",3,50,"B",2002,"COUPE","MITSUB","Car","F",21,"17-21","Drivers"
"T20190007896","27/4/19",01:03:00,"Collision with a fixed object","Saturday","Dark Street lights on",1,1,"T intersection",3,50,"A",2008,"WAGON","TOYOTA","Station Wagon","M",18,"17-21","Drivers"
"T20190007903","27/4/19",06:40:00,"Collision with vehicle","Saturday","Day",2,2,"T intersection",2,40,"A",2015,"SEDAN","TOYOTA","Car","F",79,"70+","Drivers"
"T20190007905","26/4/19",17:30:00,"Collision with vehicle","Friday","Dark Street lights on",2,3,"Cross intersection",3,50,"A",2007,"WAGON","MAZDA","Car","F",46,"40-49","Drivers"
"T20190007913","27/4/19",09:07:00,"Collision with a fixed object","Saturday","Day",1,1,"Not at intersection",3,90,"A",2001,"S WAG","TOYOTA","Station Wagon","M",69,"64-69","Drivers"
"T20190007914","27/4/19",13:00:00,"Collision with vehicle","Saturday","Day",2,4,"Not at intersection",3,80,"A",2014,"SEDAN","TOYOTA","Car","F",39,"30-39","Drivers"
"T20190007914","27/4/19",13:00:00,"Collision with vehicle","Saturday","Day",2,4,"Not at intersection",3,80,"B",2011,"DC UTE","MITSUB","Utility","M",23,"22-25","Drivers"
"T20190007915","27/4/19",10:10:00,"Collision with a fixed object","Saturday","Day",1,2,"Not at intersection",2,100,"A",2006,"SED","HOLDEN","Car","M",31,"30-39","Drivers"
"T20190007917","24/3/19",19:22:00,"Collision with a fixed object","Sunday","Dark Street lights unknown",1,1,"Not at intersection",2,50,"A",2018,"WAGON","TOYOTA","Station Wagon","F",60,"60-64","Drivers"
"T20190007919","27/4/19",14:20:00,"Collision with vehicle","Saturday","Day",2,2,"T intersection",3,40,"A",2006,"UTIL","HOLDEN","Utility","M",31,"30-39","Drivers"
"T20190007920","26/4/19",07:00:00,"Collision with vehicle","Friday","Day",2,2,"Not at intersection",2,100,"A",2008,"SEDAN","NISSAN","Car","F",22,"22-25","Drivers"
"T20190007920","26/4/19",07:00:00,"Collision with vehicle","Friday","Day",2,2,"Not at intersection",2,100,"B",2003,"P MVR","KENWTH","Prime Mover Only","M",64,"60-64","Drivers"
"T20190007923","27/4/19",16:30:00,"Collision with vehicle","Saturday","Dusk/Dawn",2,2,"T intersection",2,60,"B",2005,"SEDAN","HYNDAI","Car","F",86,"70+","Drivers"
"T20190007924","27/4/19",16:40:00,"Collision with vehicle","Saturday","Day",2,2,"T intersection",3,999,"A",2008,"UTIL","HOLDEN","Utility","M",27,"26-29","Drivers"
"T20190007924","27/4/19",16:40:00,"Collision with vehicle","Saturday","Day",2,2,"T intersection",3,999,"B",2018,"SEDAN","HOLDEN","Car","F",26,"26-29","Drivers"
"T20190007926","27/4/19",18:05:00,"Collision with vehicle","Saturday","Dark No street lights",2,4,"Cross intersection",2,100,"A",2007,"S WAG","MERC B","Station Wagon","F",44,"40-49","Drivers"
"T20190007926","27/4/19",18:05:00,"Collision with vehicle","Saturday","Dark No street lights",2,4,"Cross intersection",2,100,"B",2017,"SEDAN","TOYOTA","Car","M",29,"26-29","Drivers"
"T20190007928","27/4/19",14:15:00,"Collision with vehicle","Saturday","Day",2,2,"Not at intersection",2,60,"A",2015,"SEDAN","VOLKS","Car","M",54,"50-59","Drivers"
"T20190007931","27/4/19",17:57:00,"Vehicle overturned (no collision)","Saturday","Dark No street lights",1,1,"Not at intersection",3,60,"A",2011,"WAGON","TOYOTA","Station Wagon","M",27,"26-29","Drivers"
"T20190007932","27/4/19",21:20:00,"Collision with a fixed object","Saturday","Dark No street lights",1,1,"Not at intersection",2,70,"A",2000,"SEDAN","HOLDEN","Car","M",38,"30-39","Drivers"
"T20190007933","27/4/19",20:30:00,"Collision with a fixed object","Saturday","Dark No street lights",1,1,"Not at intersection",2,100,"A",2005,"WAGON","JEEP","Station Wagon","M",51,"50-59","Drivers"
"T20190007938","27/4/19",17:35:00,"Struck Pedestrian","Saturday","Dusk/Dawn",1,4,"Not at intersection",2,777,"A",2001,"SEDAN","FORD","Car","M",29,"26-29","Drivers"
"T20190007939","27/4/19",21:50:00,"Vehicle overturned (no collision)","Saturday","Dark No street lights",1,1,"Not at intersection",3,100,"A",2000,"WAGON","HONDA","Station Wagon","F",19,"17-21","Drivers"
"T20190007947","28/4/19",03:12:00,"Collision with a fixed object","Sunday","Dark Street lights on",1,1,"Cross intersection",2,80,"A",2004,"SEDAN","VOLKS","Car","F",28,"26-29","Drivers"
"T20190007950","28/4/19",06:00:00,"Collision with vehicle","Sunday","Dark No street lights",2,4,"Not at intersection",2,110,"A",1998,"SEDAN","FORD","Car","M",56,"50-59","Drivers"
"T20190007950","28/4/19",06:00:00,"Collision with vehicle","Sunday","Dark No street lights",2,4,"Not at intersection",2,110,"B",2008,"SED","FORD","Car","M",29,"26-29","Drivers"
"T20190007961","28/4/19",11:55:00,"Collision with a fixed object","Sunday","Day",1,1,"Not at intersection",3,60,"A",2006,"SEDAN","KIA","Car","M",20,"17-21","Drivers"
"T20190007963","28/4/19",13:15:00,"Collision with vehicle","Sunday","Day",2,4,"Cross intersection",3,60,"A",1997,"SEDAN","MITSUB","Car","M",57,"50-59","Drivers"
"T20190007963","28/4/19",13:15:00,"Collision with vehicle","Sunday","Day",2,4,"Cross intersection",3,60,"B",1999,"SEDAN","FORD","Car","M",66,"64-69","Drivers"
"T20190007966","28/4/19",12:50:00,"Collision with vehicle","Sunday","Day",2,5,"Not at intersection",3,100,"A",2007,"WAGON","SUBARU","Station Wagon","F",22,"22-25","Drivers"
"T20190007966","28/4/19",12:50:00,"Collision with vehicle","Sunday","Day",2,5,"Not at intersection",3,100,"B",2019,"WAGON","KIA","Station Wagon","M",37,"30-39","Drivers"
"T20190007972","28/4/19",15:40:00,"Collision with a fixed object","Sunday","Day",1,2,"Not at intersection",2,100,"A",2008,"UTIL","HOLDEN","Utility","M",19,"17-21","Drivers"
"T20190007973","23/4/19",11:30:00,"Collision with vehicle","Tuesday","Day",2,3,"Not at intersection",3,60,"A",2015,"WAGON","NISSAN","Station Wagon","M",30,"30-39","Drivers"
"T20190007973","23/4/19",11:30:00,"Collision with vehicle","Tuesday","Day",2,3,"Not at intersection",3,60,"B",2002,"S WAG","SUBARU","Station Wagon","M",21,"17-21","Drivers"
"T20190007976","28/4/19",16:05:00,"Collision with a fixed object","Sunday","Day",1,1,"Not at intersection",3,100,"A",1993,"P MVR","FORD","Prime Mover - Single Trailer","M",69,"64-69","Drivers"
"T20190007978","28/4/19",17:00:00,"Collision with a fixed object","Sunday","Dusk/Dawn",1,2,"Not at intersection",3,100,"A",2003,"S WAG","SUZUKI","Station Wagon","F",72,"70+","Drivers"
"T20190007981","28/4/19",17:30:00,"Collision with vehicle","Sunday","Dusk/Dawn",2,5,"Not at intersection",3,60,"A",2004,"SEDAN","HOLDEN","Car","M",30,"30-39","Drivers"
"T20190007981","28/4/19",17:30:00,"Collision with vehicle","Sunday","Dusk/Dawn",2,5,"Not at intersection",3,60,"B",2013,"WAGON","JEEP","Car","F",45,"40-49","Drivers"
"T20190007984","28/4/19",19:40:00,"Collision with vehicle","Sunday","Dark Street lights on",2,3,"Cross intersection",3,50,"A",2009,"SEDAN","HYNDAI","Car","M",17,"16-17","Drivers"
"T20190007984","28/4/19",19:40:00,"Collision with vehicle","Sunday","Dark Street lights on",2,3,"Cross intersection",3,50,"B",2012,"SEDAN","FORD","Car","M",20,"17-21","Drivers"
"T20190007988","28/4/19",19:36:00,"Struck Pedestrian","Sunday","Dark Street lights on",1,2,"Cross intersection",2,50,"A",2015,"S WAG","MAZDA","Station Wagon","M",36,"30-39","Drivers"
"T20190007992","29/4/19",00:00:00,"Collision with a fixed object","Monday","Dark Street lights on",1,2,"Cross intersection",2,70,"A",2000,"SEDAN","UNKN","Car","M",47,"40-49","Drivers"
"T20190007994","29/4/19",07:12:00,"Vehicle overturned (no collision)","Monday","Day",1,1,"Not at intersection",3,100,"A",2000,"WAGON","TOYOTA","Station Wagon","F",18,"17-21","Drivers"
"T20190007995","26/4/19",23:30:00,"Collision with a fixed object","Friday","Dark No street lights",1,1,"Not at intersection",2,50,"A",2005,"WAGON","FORD","Station Wagon","F",49,"40-49","Drivers"
"T20190007996","27/4/19",12:00:00,"Collision with vehicle","Saturday","Day",2,2,"Not at intersection",3,100,"B",2001,"S WAG","MITSUB","Station Wagon","M",37,"30-39","Drivers"
"T20190008001","29/4/19",08:20:00,"Collision with vehicle","Monday","Day",4,4,"Not at intersection",3,80,"A",2012,"P MVR","FRGHTR","Prime Mover Only","M",55,"50-59","Drivers"
"T20190008001","29/4/19",08:20:00,"Collision with vehicle","Monday","Day",4,4,"Not at intersection",3,80,"B",2017,"WAGON","TOYOTA","Station Wagon","F",48,"40-49","Drivers"
"T20190008001","29/4/19",08:20:00,"Collision with vehicle","Monday","Day",4,4,"Not at intersection",3,80,"C",2006,"SEDAN","FORD","Car","F",23,"22-25","Drivers"
"T20190008001","29/4/19",08:20:00,"Collision with vehicle","Monday","Day",4,4,"Not at intersection",3,80,"D",2012,"WAGON","FORD","Station Wagon","M",37,"30-39","Drivers"
"T20190008002","29/4/19",07:09:00,"Collision with vehicle","Monday","Day",2,2,"Cross intersection",3,80,"A",2005,"WAGON","SUBARU","Station Wagon","F",25,"22-25","Drivers"
"T20190008003","26/4/19",19:10:00,"Collision with vehicle","Friday","Dark Street lights on",2,2,"Cross intersection",3,60,"A",2014,"WAGON","NISSAN","Station Wagon","M",66,"64-69","Drivers"
"T20190008003","26/4/19",19:10:00,"Collision with vehicle","Friday","Dark Street lights on",2,2,"Cross intersection",3,60,"B",2016,"SEDAN","FORD","Car","F",33,"30-39","Drivers"
"T20190008004","29/4/19",06:15:00,"Collision with vehicle","Monday","Dusk/Dawn",2,2,"T intersection",2,50,"A",0,"SED","ROVER","Car","M",34,"30-39","Drivers"
"T20190008005","28/4/19",19:15:00,"Collision with a fixed object","Sunday","Dark Street lights on",1,1,"Not at intersection",3,50,"A",2001,"TRAY","TOYOTA","Light Commercial Vehicle (Rigid) <= 4.5 Tonnes GVM","M",21,"17-21","Drivers"
"T20190008009","29/4/19",10:00:00,"Collision with vehicle","Monday","Day",3,5,"Cross intersection",2,80,"A",2008,"SEDAN","VOLKS","Car","M",28,"26-29","Drivers"
"T20190008009","29/4/19",10:00:00,"Collision with vehicle","Monday","Day",3,5,"Cross intersection",2,80,"B",2018,"DC UTE","VOLKS","Utility","M",32,"30-39","Drivers"
"T20190008009","29/4/19",10:00:00,"Collision with vehicle","Monday","Day",3,5,"Cross intersection",2,80,"C",2017,"DC UTE","FORD","Utility","M",25,"22-25","Drivers"
"T20190008011","29/4/19",11:54:00,"Collision with vehicle","Monday","Day",2,2,"Cross intersection",3,50,"A",2014,"SEDAN","FORD","Car","F",26,"26-29","Drivers"
"T20190008011","29/4/19",11:54:00,"Collision with vehicle","Monday","Day",2,2,"Cross intersection",3,50,"B",2008,"SEDAN","UNKN","Car","M",90,"70+","Drivers"
"T20190008012","29/4/19",08:52:00,"Collision with vehicle","Monday","Day",2,2,"T intersection",3,60,"A",2008,"SEDAN","TOYOTA","Car","F",30,"30-39","Drivers"
"T20190008012","29/4/19",08:52:00,"Collision with vehicle","Monday","Day",2,2,"T intersection",3,60,"B",2007,"SEDAN","TOYOTA","Car","F",54,"50-59","Drivers"
"T20190008014","27/4/19",16:44:00,"Collision with vehicle","Saturday","Day",2,4,"Not at intersection",3,80,"A",2007,"SEDAN","TOYOTA","Car","M",41,"40-49","Drivers"
"T20190008014","27/4/19",16:44:00,"Collision with vehicle","Saturday","Day",2,4,"Not at intersection",3,80,"B",2007,"WAGON","TOYOTA","Station Wagon","F",42,"40-49","Drivers"
"T20190008017","29/4/19",08:50:00,"Struck Pedestrian","Monday","Day",1,2,"T intersection",3,40,"A",2009,"SEDAN","UNKN","Car","M",46,"40-49","Drivers"
"T20190008019","22/4/19",18:05:00,"Collision with vehicle","Monday","Dusk/Dawn",2,2,"Cross intersection",2,999,"A",1997,"WAGON","NISSAN","Station Wagon","M",18,"17-21","Drivers"
"T20190008022","29/4/19",12:22:00,"Collision with vehicle","Monday","Day",2,2,"Cross intersection",2,80,"A",2002,"SED","B M W","Car","M",18,"17-21","Drivers"
"T20190008022","29/4/19",12:22:00,"Collision with vehicle","Monday","Day",2,2,"Cross intersection",2,80,"B",2014,"SEDAN","HONDA","Car","F",74,"70+","Drivers"
"T20190008023","29/4/19",13:45:00,"Collision with vehicle","Monday","Day",2,2,"T intersection",2,50,"A",2000,"SEDAN","FORD","Car","M",49,"40-49","Drivers"
"T20190008023","29/4/19",13:45:00,"Collision with vehicle","Monday","Day",2,2,"T intersection",2,50,"B",2014,"SEDAN","TOYOTA","Car","F",51,"50-59","Drivers"
"T20190008024","29/4/19",12:31:00,"Collision with vehicle","Monday","Day",2,2,"Not at intersection",2,50,"A",1999,"SEDAN","MERC B","Car","M",79,"70+","Drivers"
"T20190008025","29/4/19",14:45:00,"Collision with vehicle","Monday","Day",6,5,"Not at intersection",3,100,"A",2002,"SEDAN","VOLKS","Car","F",33,"30-39","Drivers"
"T20190008025","29/4/19",14:45:00,"Collision with vehicle","Monday","Day",6,5,"Not at intersection",3,100,"B",2014,"SEDAN","HOLDEN","Car","F",50,"50-59","Drivers"
"T20190008025","29/4/19",14:45:00,"Collision with vehicle","Monday","Day",6,5,"Not at intersection",3,100,"D",2014,"SEDAN","HOLDEN","Car","M",19,"17-21","Drivers"
"T20190008025","29/4/19",14:45:00,"Collision with vehicle","Monday","Day",6,5,"Not at intersection",3,100,"E",2016,"SEDAN","HOLDEN","Car","M",53,"50-59","Drivers"
"T20190008025","29/4/19",14:45:00,"Collision with vehicle","Monday","Day",6,5,"Not at intersection",3,100,"F",2014,"SEDAN","MAZDA","Car","F",53,"50-59","Drivers"
"T20190008028","29/4/19",16:00:00,"Collision with vehicle","Monday","Day",2,4,"Cross intersection",3,60,"A",2014,"WAGON","JEEP","Station Wagon","M",49,"40-49","Drivers"
"T20190008028","29/4/19",16:00:00,"Collision with vehicle","Monday","Day",2,4,"Cross intersection",3,60,"B",2004,"SEDAN","HYNDAI","Car","M",82,"70+","Drivers"
"T20190008029","29/4/19",15:14:00,"Collision with vehicle","Monday","Day",2,2,"T intersection",2,60,"A",2007,"SEDAN","TOYOTA","Car","F",59,"50-59","Drivers"
"T20190008029","29/4/19",15:14:00,"Collision with vehicle","Monday","Day",2,2,"T intersection",2,60,"B",2018,"TRAY","JMC","Light Commercial Vehicle (Rigid) <= 4.5 Tonnes GVM","M",32,"30-39","Drivers"
"T20190008030","29/4/19",16:25:00,"Collision with vehicle","Monday","Day",3,4,"Not at intersection",3,100,"A",2012,"P MVR","VOLVO","Prime Mover - Single Trailer","M",60,"60-64","Drivers"
"T20190008030","29/4/19",16:25:00,"Collision with vehicle","Monday","Day",3,4,"Not at intersection",3,100,"B",2007,"SEDAN","TOYOTA","Car","M",78,"70+","Drivers"
"T20190008030","29/4/19",16:25:00,"Collision with vehicle","Monday","Day",3,4,"Not at intersection",3,100,"C",1996,"WAGON","MITSUB","Station Wagon","M",37,"30-39","Drivers"
"T20190008031","29/4/19",13:00:00,"Collision with a fixed object","Monday","Day",1,1,"Not at intersection",1,100,"A",1994,"P MVR","KENWTH","Prime Mover - Single Trailer","M",53,"50-59","Drivers"
"T20190008034","29/4/19",16:00:00,"Collision with a fixed object","Monday","Dusk/Dawn",1,2,"Cross intersection",3,60,"A",2012,"SEDAN","MAZDA","Car","F",71,"70+","Drivers"
"T20190008035","29/4/19",19:00:00,"Collision with vehicle","Monday","Dark Street lights unknown",2,2,"Cross intersection",3,60,"A",2015,"WAGON","HONDA","Station Wagon","F",50,"50-59","Drivers"
"T20190008036","29/4/19",15:00:00,"Collision with vehicle","Monday","Day",2,2,"Not at intersection",3,60,"A",2009,"SEDAN","MAZDA","Car","F",57,"50-59","Drivers"
"T20190008036","29/4/19",15:00:00,"Collision with vehicle","Monday","Day",2,2,"Not at intersection",3,60,"B",2016,"VAN","HYNDAI","Panel Van","M",26,"26-29","Drivers"
"T20190008037","29/4/19",16:50:00,"Collision with vehicle","Monday","Day",2,3,"Cross intersection",3,40,"A",2006,"WAGON","MERC B","Station Wagon","M",36,"30-39","Drivers"
"T20190008042","29/4/19",18:29:00,"Collision with vehicle","Monday","Dark Street lights on",3,7,"Not at intersection",2,70,"A",2014,"WAGON","NISSAN","Station Wagon","F",44,"40-49","Drivers"
"T20190008042","29/4/19",18:29:00,"Collision with vehicle","Monday","Dark Street lights on",3,7,"Not at intersection",2,70,"B",2007,"SEDAN","FORD","Car","M",24,"22-25","Drivers"
"T20190008042","29/4/19",18:29:00,"Collision with vehicle","Monday","Dark Street lights on",3,7,"Not at intersection",2,70,"C",2000,"SEDAN","FORD","Car","M",44,"40-49","Drivers"
"T20190008044","29/4/19",15:10:00,"Collision with vehicle","Monday","Day",2,2,"T intersection",3,999,"B",2007,"WAGON","KIA","Station Wagon","M",62,"60-64","Drivers"
"T20190008046","29/4/19",20:50:00,"Collision with vehicle","Monday","Dark Street lights on",2,2,"Not at intersection",2,60,"A",2008,"COUPE","HOLDEN","Car","F",59,"50-59","Drivers"
"T20190008049","29/4/19",18:21:00,"Collision with vehicle","Monday","Dark No street lights",3,4,"Not at intersection",2,80,"A",2017,"SEDAN","UNKN","Car","F",46,"40-49","Drivers"
"T20190008049","29/4/19",18:21:00,"Collision with vehicle","Monday","Dark No street lights",3,4,"Not at intersection",2,80,"B",2008,"SEDAN","MAZDA","Car","F",29,"26-29","Drivers"
"T20190008051","29/4/19",22:43:00,"Collision with a fixed object","Monday","Dark No street lights",1,3,"Not at intersection",2,80,"A",2010,"WAGON","FORD","Station Wagon","F",29,"26-29","Drivers"