"ACCIDENT_NO","ACCIDENTDATE","ACCIDENTTIME","Accident Type Desc","Day Week Description","Light Condition Desc","NO_OF_VEHICLES","NO_PERSONS","Road Geometry Desc","SEVERITY","SPEED_ZONE","VEHICLE_ID","VEHICLE_YEAR_MANUF","VEHICLE_BODY_STYLE","VEHICLE_MAKE","Vehicle Type Desc","SEX","AGE","Age Group","Road User Type Desc"
"T20190008054","29/4/19",22:00:00,"Collision with vehicle","Monday","Dark Street lights on",2,2,"T intersection",2,60,"A",2018,"UTIL","HOLDEN","Utility","M",34,"30-39","Drivers"
"T20190008057","29/4/19",12:25:00,"Vehicle overturned (no collision)","Monday","Day",1,1,"Not at intersection",2,100,"A",2001,"SEDAN","NISSAN","Car","F",47,"40-49","Drivers"
"T20190008059","30/4/19",07:50:00,"Collision with vehicle","Tuesday","Day",2,2,"Not at intersection",3,70,"A",2008,"SEDAN","TOYOTA","Car","F",28,"26-29","Drivers"
"T20190008060","30/4/19",08:20:00,"Collision with vehicle","Tuesday","Day",2,2,"Cross intersection",2,40,"A",2015,"WAGON","HYNDAI","Station Wagon","F",32,"30-39","Drivers"
"T20190008060","30/4/19",08:20:00,"Collision with vehicle","Tuesday","Day",2,2,"Cross intersection",2,40,"B",2011,"SEDAN","HOLDEN","Car","F",20,"17-21","Drivers"
"T20190008065","29/4/19",19:20:00,"Collision with a fixed object","Monday","Dark Street lights on",1,1,"Not at intersection",3,60,"A",1991,"S WAG","TOYOTA","Station Wagon","M",23,"22-25","Drivers"
"T20190008066","30/4/19",08:30:00,"Collision with a fixed object","Tuesday","Day",1,1,"Not at intersection",3,100,"A",2003,"UTIL","NISSAN","Utility","M",64,"60-64","Drivers"
"T20190008067","26/4/19",16:30:00,"Collision with vehicle","Friday","Day",3,1,"Cross intersection",3,60,"A",2008,"WAGON","TOYOTA","Station Wagon","M",40,"40-49","Drivers"
"T20190008068","30/4/19",09:32:00,"Collision with vehicle","Tuesday","Day",2,2,"T intersection",2,60,"A",2007,"WAGON","TOYOTA","Station Wagon","F",50,"50-59","Drivers"
"T20190008072","30/4/19",10:00:00,"Collision with vehicle","Tuesday","Day",2,3,"Not at intersection",3,40,"B",2015,"SEDAN","TOYOTA","Car","M",26,"26-29","Drivers"
"T20190008073","30/4/19",10:20:00,"Collision with vehicle","Tuesday","Day",2,2,"Not at intersection",3,80,"A",2007,"WAGON","NISSAN","Station Wagon","M",82,"70+","Drivers"
"T20190008073","30/4/19",10:20:00,"Collision with vehicle","Tuesday","Day",2,2,"Not at intersection",3,80,"B",2001,"SEDAN","MAZDA","Car","F",18,"17-21","Drivers"
"T20190008079","30/4/19",11:50:00,"Collision with vehicle","Tuesday","Day",2,2,"Cross intersection",3,80,"B",2017,"WAGON","MAZDA","Station Wagon","F",31,"30-39","Drivers"
"T20190008081","30/4/19",10:06:00,"Collision with vehicle","Tuesday","Day",2,2,"Not at intersection",2,50,"A",2013,"SEDAN","TOYOTA","Taxi","M",43,"40-49","Drivers"
"T20190008082","27/4/19",15:20:00,"Collision with vehicle","Saturday","Day",2,2,"T intersection",3,40,"B",0,"SEDAN","UNKN","Car","U",NA,"unknown","Drivers"
"T20190008086","30/4/19",12:45:00,"Collision with vehicle","Tuesday","Day",2,2,"Cross intersection",3,60,"A",2016,"SEDAN","HYNDAI","Car","M",47,"40-49","Drivers"
"T20190008086","30/4/19",12:45:00,"Collision with vehicle","Tuesday","Day",2,2,"Cross intersection",3,60,"B",2007,"SEDAN","HOLDEN","Car","F",30,"30-39","Drivers"
"T20190008090","30/4/19",13:37:00,"Collision with vehicle","Tuesday","Day",2,2,"Not at intersection",3,60,"A",2004,"WAGON","TOYOTA","Station Wagon","F",30,"30-39","Drivers"
"T20190008090","30/4/19",13:37:00,"Collision with vehicle","Tuesday","Day",2,2,"Not at intersection",3,60,"B",2011,"SEDAN","HOLDEN","Car","F",64,"60-64","Drivers"
"T20190008093","30/4/19",12:30:00,"Collision with a fixed object","Tuesday","Day",1,1,"Not at intersection",3,110,"A",2015,"SEDAN","HOLDEN","Car","M",70,"70+","Drivers"
"T20190008095","30/4/19",15:00:00,"Collision with a fixed object","Tuesday","Day",1,1,"T intersection",2,60,"A",2011,"SEDAN","MAZDA","Car","F",65,"64-69","Drivers"
"T20190008097","29/4/19",14:55:00,"Collision with a fixed object","Monday","Day",1,2,"Not at intersection",2,60,"A",2009,"WAGON","HOLDEN","Station Wagon","M",29,"26-29","Drivers"
"T20190008098","30/4/19",09:00:00,"Collision with vehicle","Tuesday","Day",2,2,"Cross intersection",3,40,"A",2011,"SEDAN","TOYOTA","Car","M",58,"50-59","Drivers"
"T20190008102","30/4/19",14:00:00,"Struck Pedestrian","Tuesday","Day",1,2,"T intersection",2,40,"A",2006,"SEDAN","B M W","Car","F",34,"30-39","Drivers"
"T20190008104","30/4/19",15:30:00,"Collision with vehicle","Tuesday","Day",2,2,"Cross intersection",3,50,"B",2000,"SEDAN","FORD","Car","U",NA,"unknown","Drivers"
"T20190008105","30/4/19",16:15:00,"Collision with vehicle","Tuesday","Day",2,4,"T intersection",2,70,"A",1995,"SEDAN","HOLDEN","Car","F",30,"30-39","Drivers"
"T20190008105","30/4/19",16:15:00,"Collision with vehicle","Tuesday","Day",2,4,"T intersection",2,70,"B",2005,"SEDAN","KIA","Car","M",47,"40-49","Drivers"
"T20190008106","30/4/19",16:12:00,"Collision with vehicle","Tuesday","Day",4,10,"Not at intersection",3,80,"A",2006,"WAGON","NISSAN","Station Wagon","M",24,"22-25","Drivers"
"T20190008106","30/4/19",16:12:00,"Collision with vehicle","Tuesday","Day",4,10,"Not at intersection",3,80,"B",2002,"SEDAN","MAZDA","Car","F",26,"26-29","Drivers"
"T20190008106","30/4/19",16:12:00,"Collision with vehicle","Tuesday","Day",4,10,"Not at intersection",3,80,"C",2013,"DC UTE","HOLDEN","Utility","M",39,"30-39","Drivers"
"T20190008106","30/4/19",16:12:00,"Collision with vehicle","Tuesday","Day",4,10,"Not at intersection",3,80,"D",2005,"WAGON","TOYOTA","Station Wagon","F",40,"40-49","Drivers"
"T20190008107","30/4/19",16:00:00,"Collision with vehicle","Tuesday","Day",2,2,"T intersection",3,60,"A",2017,"SEDAN","SUZUKI","Car","F",43,"40-49","Drivers"
"T20190008108","30/4/19",16:15:00,"Collision with vehicle","Tuesday","Day",2,2,"T intersection",2,60,"A",2018,"SEDAN","FORD","Car","F",58,"50-59","Drivers"
"T20190008108","30/4/19",16:15:00,"Collision with vehicle","Tuesday","Day",2,2,"T intersection",2,60,"B",2012,"DC UTE","NISSAN","Utility","M",33,"30-39","Drivers"
"T20190008110","29/4/19",18:45:00,"Collision with vehicle","Monday","Unknown",2,2,"Multiple intersection",3,999,"A",2018,"SEDAN","TOYOTA","Car","M",55,"50-59","Drivers"
"T20190008110","29/4/19",18:45:00,"Collision with vehicle","Monday","Unknown",2,2,"Multiple intersection",3,999,"B",1997,"VAN","VOLKS","Panel Van","M",64,"60-64","Drivers"
"T20190008112","30/4/19",15:30:00,"Struck Pedestrian","Tuesday","Day",1,2,"Not at intersection",3,60,"A",2007,"WAGON","TOYOTA","Station Wagon","F",20,"17-21","Drivers"
"T20190008114","30/4/19",17:24:00,"Collision with vehicle","Tuesday","Day",2,2,"Cross intersection",2,50,"A",2011,"SEDAN","TOYOTA","Car","F",21,"17-21","Drivers"
"T20190008114","30/4/19",17:24:00,"Collision with vehicle","Tuesday","Day",2,2,"Cross intersection",2,50,"B",2015,"WAGON","MAZDA","Station Wagon","F",64,"60-64","Drivers"
"T20190008122","30/4/19",20:43:00,"Collision with vehicle","Tuesday","Dark Street lights on",2,2,"T intersection",3,70,"A",2002,"SEDAN","MAZDA","Car","F",22,"22-25","Drivers"
"T20190008122","30/4/19",20:43:00,"Collision with vehicle","Tuesday","Dark Street lights on",2,2,"T intersection",3,70,"B",2010,"SEDAN","HOLDEN","Car","M",28,"26-29","Drivers"
"T20190008123","30/4/19",19:30:00,"Collision with vehicle","Tuesday","Dark Street lights on",2,4,"Cross intersection",2,110,"A",2007,"DC UTE","MITSUB","Utility","M",17,"16-17","Drivers"
"T20190008123","30/4/19",19:30:00,"Collision with vehicle","Tuesday","Dark Street lights on",2,4,"Cross intersection",2,110,"B",2016,"P MVR","DAF","Prime Mover - Single Trailer","U",NA,"unknown","Drivers"
"T20190008124","30/4/19",15:15:00,"Collision with vehicle","Tuesday","Day",2,2,"Not at intersection",2,999,"A",2012,"SEDAN","TOYOTA","Car","M",87,"70+","Drivers"
"T20190008124","30/4/19",15:15:00,"Collision with vehicle","Tuesday","Day",2,2,"Not at intersection",2,999,"B",2002,"SEDAN","FORD","Car","M",49,"40-49","Drivers"
"T20190008125","28/4/19",00:55:00,"Collision with vehicle","Sunday","Dark Street lights on",2,3,"Cross intersection",3,60,"A",2018,"UTIL","HOLDEN","Utility","F",53,"50-59","Drivers"
"T20190008125","28/4/19",00:55:00,"Collision with vehicle","Sunday","Dark Street lights on",2,3,"Cross intersection",3,60,"B",2013,"SED","HOLDEN","Car","M",27,"26-29","Drivers"
"T20190008131","30/4/19",18:00:00,"Struck Pedestrian","Tuesday","Day",1,2,"Not at intersection",2,80,"A",1997,"SEDAN","TOYOTA","Car","M",86,"70+","Drivers"
"T20190008134","30/4/19",21:37:00,"Collision with vehicle","Tuesday","Dark Street lights on",3,5,"Cross intersection",3,60,"A",2004,"SEDAN","HONDA","Car","M",18,"17-21","Drivers"
"T20190008134","30/4/19",21:37:00,"Collision with vehicle","Tuesday","Dark Street lights on",3,5,"Cross intersection",3,60,"B",2006,"SEDAN","FORD","Car","M",21,"17-21","Drivers"
"T20190008134","30/4/19",21:37:00,"Collision with vehicle","Tuesday","Dark Street lights on",3,5,"Cross intersection",3,60,"C",2000,"SEDAN","NISSAN","Car","M",26,"26-29","Drivers"
"T20190008139","30/4/19",22:15:00,"Collision with vehicle","Tuesday","Dark Street lights on",2,3,"Cross intersection",2,80,"A",2012,"SEDAN","UNKN","Car","F",73,"70+","Drivers"
"T20190008139","30/4/19",22:15:00,"Collision with vehicle","Tuesday","Dark Street lights on",2,3,"Cross intersection",2,80,"B",2008,"SEDAN","HONDA","Car","M",28,"26-29","Drivers"
"T20190008140","1/5/19",02:23:00,"Collision with vehicle","Wednesday","Dark Street lights on",2,2,"Cross intersection",3,80,"A",2000,"SEDAN","MITSUB","Car","M",24,"22-25","Drivers"
"T20190008140","1/5/19",02:23:00,"Collision with vehicle","Wednesday","Dark Street lights on",2,2,"Cross intersection",3,80,"B",2002,"SEDAN","MITSUB","Car","M",22,"22-25","Drivers"
"T20190008142","1/5/19",02:30:00,"Collision with vehicle","Wednesday","Dark Street lights on",2,4,"Cross intersection",3,60,"A",2000,"SEDAN","TOYOTA","Car","F",54,"50-59","Drivers"
"T20190008142","1/5/19",02:30:00,"Collision with vehicle","Wednesday","Dark Street lights on",2,4,"Cross intersection",3,60,"B",2014,"WAGON","FIAT","Station Wagon","F",42,"40-49","Drivers"
"T20190008143","1/5/19",01:15:00,"Vehicle overturned (no collision)","Wednesday","Dark No street lights",1,2,"Not at intersection",1,100,"A",1998,"SEDAN","FORD","Car","M",42,"40-49","Drivers"
"T20190008144","30/4/19",23:45:00,"Collision with a fixed object","Tuesday","Dark Street lights unknown",1,2,"Not at intersection",3,80,"A",2012,"SEDAN","CHRYS","Car","M",67,"64-69","Drivers"
"T20190008148","30/4/19",16:30:00,"Collision with vehicle","Tuesday","Day",2,3,"Not at intersection",3,999,"A",2015,"SEDAN","HOLDEN","Car","M",54,"50-59","Drivers"
"T20190008153","30/4/19",16:10:00,"Collision with vehicle","Tuesday","Day",2,3,"T intersection",3,60,"A",2006,"SEDAN","MAZDA","Car","F",21,"17-21","Drivers"
"T20190008153","30/4/19",16:10:00,"Collision with vehicle","Tuesday","Day",2,3,"T intersection",3,60,"B",2000,"SEDAN","NISSAN","Car","F",21,"17-21","Drivers"
"T20190008154","1/5/19",10:45:00,"Collision with vehicle","Wednesday","Day",2,3,"Not at intersection",3,60,"A",2015,"VAN","ISUZU","Light Commercial Vehicle (Rigid) <= 4.5 Tonnes GVM","M",33,"30-39","Drivers"
"T20190008154","1/5/19",10:45:00,"Collision with vehicle","Wednesday","Day",2,3,"Not at intersection",3,60,"B",2005,"UTIL","TOYOTA","Utility","M",34,"30-39","Drivers"
"T20190008157","1/5/19",10:54:00,"Collision with a fixed object","Wednesday","Day",1,5,"Not at intersection",2,110,"A",2013,"SEDAN","HOLDEN","Car","M",38,"30-39","Drivers"
"T20190008158","1/5/19",10:59:00,"Collision with vehicle","Wednesday","Day",2,3,"T intersection",2,60,"A",2001,"WAGON","MAZDA","Station Wagon","F",41,"40-49","Drivers"
"T20190008158","1/5/19",10:59:00,"Collision with vehicle","Wednesday","Day",2,3,"T intersection",2,60,"B",2014,"SEDAN","SUZUKI","Car","F",84,"70+","Drivers"
"T20190008159","1/5/19",11:30:00,"Struck Pedestrian","Wednesday","Day",1,2,"Cross intersection",2,60,"A",1998,"S WAG","FORD","Station Wagon","F",60,"60-64","Drivers"
"T20190008162","9/3/19",05:45:00,"Struck animal","Saturday","Dark No street lights",1,1,"Not at intersection",3,100,"A",2002,"VAN","TOYOTA","Panel Van","F",60,"60-64","Drivers"
"T20190008163","12/4/19",07:10:00,"Collision with vehicle","Friday","Day",2,3,"T intersection",3,60,"A",2005,"SEDAN","HOLDEN","Car","M",19,"17-21","Drivers"
"T20190008163","12/4/19",07:10:00,"Collision with vehicle","Friday","Day",2,3,"T intersection",3,60,"B",2013,"WAGON","NISSAN","Station Wagon","F",52,"50-59","Drivers"
"T20190008164","19/4/19",08:50:00,"Vehicle overturned (no collision)","Friday","Day",1,2,"Not at intersection",3,110,"A",2005,"S WAG","FORD","Station Wagon","M",28,"26-29","Drivers"
"T20190008166","1/5/19",04:30:00,"Collision with a fixed object","Wednesday","Dark No street lights",1,1,"Not at intersection",1,100,"A",2005,"P MVR","INTERN","Prime Mover - Single Trailer","M",63,"60-64","Drivers"
"T20190008170","1/5/19",10:29:00,"Collision with vehicle","Wednesday","Day",2,3,"T intersection",3,999,"A",2014,"S WAG","SUBARU","Station Wagon","F",51,"50-59","Drivers"
"T20190008170","1/5/19",10:29:00,"Collision with vehicle","Wednesday","Day",2,3,"T intersection",3,999,"B",2014,"UTIL","TOYOTA","Utility","M",51,"50-59","Drivers"
"T20190008174","1/5/19",15:55:00,"Collision with vehicle","Wednesday","Day",2,2,"Cross intersection",3,50,"A",2004,"SEDAN","TOYOTA","Car","M",40,"40-49","Drivers"
"T20190008174","1/5/19",15:55:00,"Collision with vehicle","Wednesday","Day",2,2,"Cross intersection",3,50,"B",0,"S WAG","FORD","Station Wagon","F",64,"60-64","Drivers"
"T20190008176","1/5/19",17:00:00,"Struck Pedestrian","Wednesday","Day",1,2,"Cross intersection",3,60,"A",2006,"SEDAN","TOYOTA","Car","M",46,"40-49","Drivers"
"T20190008181","1/5/19",15:56:00,"Collision with vehicle","Wednesday","Day",2,2,"Not at intersection",3,100,"A",2006,"WAGON","PORSCH","Station Wagon","F",26,"26-29","Drivers"
"T20190008181","1/5/19",15:56:00,"Collision with vehicle","Wednesday","Day",2,2,"Not at intersection",3,100,"B",2005,"UTIL","TOYOTA","Utility","M",49,"40-49","Drivers"
"T20190008184","1/5/19",18:00:00,"Collision with vehicle","Wednesday","Dark Street lights on",2,6,"Not at intersection",2,80,"A",2008,"SEDAN","TOYOTA","Car","F",29,"26-29","Drivers"
"T20190008184","1/5/19",18:00:00,"Collision with vehicle","Wednesday","Dark Street lights on",2,6,"Not at intersection",2,80,"B",2012,"SEDAN","FORD","Car","M",36,"30-39","Drivers"
"T20190008185","1/5/19",18:40:00,"Struck Pedestrian","Wednesday","Dark Street lights on",1,2,"Cross intersection",3,40,"A",2003,"WAGON","HOLDEN","Station Wagon","M",55,"50-59","Drivers"
"T20190008191","29/4/19",15:30:00,"Collision with vehicle","Monday","Day",3,3,"Not at intersection",3,60,"A",2010,"UTIL","HOLDEN","Utility","M",21,"17-21","Drivers"
"T20190008191","29/4/19",15:30:00,"Collision with vehicle","Monday","Day",3,3,"Not at intersection",3,60,"B",2009,"SEDAN","MAZDA","Car","F",19,"17-21","Drivers"
"T20190008191","29/4/19",15:30:00,"Collision with vehicle","Monday","Day",3,3,"Not at intersection",3,60,"C",2017,"S WAG","MERC B","Station Wagon","F",48,"40-49","Drivers"
"T20190008193","1/5/19",17:05:00,"Struck Pedestrian","Wednesday","Day",1,2,"Not at intersection",2,60,"A",2014,"SEDAN","HYNDAI","Car","M",53,"50-59","Drivers"
"T20190008194","1/5/19",18:30:00,"Collision with vehicle","Wednesday","Dark Street lights on",4,4,"Not at intersection",2,60,"A",2008,"WAGON","FORD","Station Wagon","M",27,"26-29","Drivers"
"T20190008194","1/5/19",18:30:00,"Collision with vehicle","Wednesday","Dark Street lights on",4,4,"Not at intersection",2,60,"B",2004,"UTIL","TOYOTA","Utility","M",25,"22-25","Drivers"
"T20190008194","1/5/19",18:30:00,"Collision with vehicle","Wednesday","Dark Street lights on",4,4,"Not at intersection",2,60,"C",2013,"SEDAN","HOLDEN","Car","F",22,"22-25","Drivers"
"T20190008194","1/5/19",18:30:00,"Collision with vehicle","Wednesday","Dark Street lights on",4,4,"Not at intersection",2,60,"D",2013,"SEDAN","NISSAN","Car","M",46,"40-49","Drivers"
"T20190008195","1/5/19",16:11:00,"Collision with a fixed object","Wednesday","Day",1,1,"Not at intersection",2,60,"A",2005,"DC UTE","HOLDEN","Utility","M",21,"17-21","Drivers"
"T20190008198","1/5/19",15:50:00,"Collision with vehicle","Wednesday","Day",2,2,"T intersection",3,50,"B",1999,"S WAG","TOYOTA","Car","F",41,"40-49","Drivers"
"T20190008199","1/5/19",17:04:00,"Collision with vehicle","Wednesday","Dark Street lights on",2,2,"Not at intersection",2,60,"A",2008,"SEDAN","TOYOTA","Car","M",24,"22-25","Drivers"
"T20190008199","1/5/19",17:04:00,"Collision with vehicle","Wednesday","Dark Street lights on",2,2,"Not at intersection",2,60,"B",2004,"SEDAN","HYNDAI","Car","M",25,"22-25","Drivers"
"T20190008201","1/5/19",16:09:00,"Collision with vehicle","Wednesday","Day",2,2,"Not at intersection",3,80,"A",2009,"SEDAN","TOYOTA","Car","F",48,"40-49","Drivers"
"T20190008201","1/5/19",16:09:00,"Collision with vehicle","Wednesday","Day",2,2,"Not at intersection",3,80,"B",2013,"WAGON","HOLDEN","Station Wagon","M",24,"22-25","Drivers"
"T20190008202","2/5/19",00:10:00,"Collision with vehicle","Thursday","Dark Street lights on",2,2,"Not at intersection",2,60,"A",2015,"WAGON","L ROV","Station Wagon","M",48,"40-49","Drivers"
"T20190008202","2/5/19",00:10:00,"Collision with vehicle","Thursday","Dark Street lights on",2,2,"Not at intersection",2,60,"B",2017,"P MVR","MACK","Prime Mover - Single Trailer","U",NA,"unknown","Drivers"
"T20190008203","1/5/19",23:30:00,"Collision with vehicle","Wednesday","Dark Street lights on",2,3,"T intersection",2,60,"A",2005,"SEDAN","TOYOTA","Car","M",75,"70+","Drivers"
"T20190008203","1/5/19",23:30:00,"Collision with vehicle","Wednesday","Dark Street lights on",2,3,"T intersection",2,60,"B",2013,"SEDAN","HOLDEN","Car","F",61,"60-64","Drivers"
"T20190008207","2/5/19",05:50:00,"Collision with vehicle","Thursday","Dark Street lights on",4,2,"T intersection",3,60,"A",2000,"SEDAN","B M W","Car","F",48,"40-49","Drivers"
"T20190008207","2/5/19",05:50:00,"Collision with vehicle","Thursday","Dark Street lights on",4,2,"T intersection",3,60,"B",2012,"UTIL","HOLDEN","Utility","M",25,"22-25","Drivers"
"T20190008209","2/5/19",07:05:00,"Collision with vehicle","Thursday","Day",3,2,"Not at intersection",3,60,"A",2010,"UTIL","TOYOTA","Utility","M",58,"50-59","Drivers"
"T20190008209","2/5/19",07:05:00,"Collision with vehicle","Thursday","Day",3,2,"Not at intersection",3,60,"B",2017,"SEDAN","TOYOTA","Car","F",63,"60-64","Drivers"
"T20190008215","2/5/19",06:45:00,"Collision with vehicle","Thursday","Dark No street lights",2,2,"Not at intersection",3,80,"A",2000,"SEDAN","FORD","Car","M",27,"26-29","Drivers"
"T20190008215","2/5/19",06:45:00,"Collision with vehicle","Thursday","Dark No street lights",2,2,"Not at intersection",3,80,"B",2013,"WAGON","TOYOTA","Station Wagon","M",35,"30-39","Drivers"
"T20190008216","1/5/19",06:55:00,"Collision with vehicle","Wednesday","Dusk/Dawn",2,2,"Not at intersection",2,70,"A",2004,"SEDAN","MAZDA","Car","F",29,"26-29","Drivers"
"T20190008216","1/5/19",06:55:00,"Collision with vehicle","Wednesday","Dusk/Dawn",2,2,"Not at intersection",2,70,"B",2007,"SEDAN","FORD","Car","M",22,"22-25","Drivers"
"T20190008218","25/4/19",13:30:00,"Collision with vehicle","Thursday","Day",2,2,"Not at intersection",3,60,"A",2007,"SEDAN","HONDA","Car","F",46,"40-49","Drivers"
"T20190008218","25/4/19",13:30:00,"Collision with vehicle","Thursday","Day",2,2,"Not at intersection",3,60,"B",2009,"SEDAN","KIA","Car","F",36,"30-39","Drivers"
"T20190008222","2/5/19",09:45:00,"Collision with a fixed object","Thursday","Day",1,1,"Not at intersection",2,100,"A",1996,"SEDAN","TOYOTA","Car","F",57,"50-59","Drivers"
"T20190008227","2/5/19",07:48:00,"Collision with vehicle","Thursday","Day",2,2,"Not at intersection",2,100,"A",2012,"SEDAN","FORD","Car","M",25,"22-25","Drivers"
"T20190008227","2/5/19",07:48:00,"Collision with vehicle","Thursday","Day",2,2,"Not at intersection",2,100,"B",2019,"UTIL","FORD","Utility","M",39,"30-39","Drivers"
"T20190008228","2/5/19",09:45:00,"Collision with vehicle","Thursday","Day",2,2,"T intersection",3,50,"A",2015,"WAGON","MITSUB","Station Wagon","F",53,"50-59","Drivers"
"T20190008229","2/5/19",09:05:00,"Collision with a fixed object","Thursday","Day",1,1,"Not at intersection",3,50,"A",2002,"WAGON","HYNDAI","Station Wagon","M",29,"26-29","Drivers"
"T20190008233","2/5/19",13:15:00,"Collision with vehicle","Thursday","Day",3,2,"Not at intersection",3,50,"B",2011,"SEDAN","TOYOTA","Car","F",64,"60-64","Drivers"
"T20190008233","2/5/19",13:15:00,"Collision with vehicle","Thursday","Day",3,2,"Not at intersection",3,50,"C",2006,"SEDAN","HYNDAI","Car","F",76,"70+","Drivers"
"T20190008234","18/4/19",14:40:00,"Collision with vehicle","Thursday","Day",3,3,"Cross intersection",3,80,"A",2018,"SEDAN","HYNDAI","Car","F",27,"26-29","Drivers"
"T20190008234","18/4/19",14:40:00,"Collision with vehicle","Thursday","Day",3,3,"Cross intersection",3,80,"B",2014,"WAGON","MITSUB","Station Wagon","F",30,"30-39","Drivers"
"T20190008234","18/4/19",14:40:00,"Collision with vehicle","Thursday","Day",3,3,"Cross intersection",3,80,"C",2011,"TRAY","FORD","Utility","M",65,"64-69","Drivers"
"T20190008235","2/5/19",13:10:00,"Struck Pedestrian","Thursday","Day",1,2,"Cross intersection",2,60,"A",2008,"SEDAN","HONDA","Car","F",69,"64-69","Drivers"
"T20190008236","2/5/19",10:50:00,"Collision with vehicle","Thursday","Day",2,2,"Cross intersection",3,40,"A",2013,"WAGON","MERC B","Station Wagon","F",35,"30-39","Drivers"
"T20190008236","2/5/19",10:50:00,"Collision with vehicle","Thursday","Day",2,2,"Cross intersection",3,40,"B",2014,"TRAY","F LINE","Light Commercial Vehicle (Rigid) <= 4.5 Tonnes GVM","M",57,"50-59","Drivers"
"T20190008240","2/5/19",13:30:00,"Collision with vehicle","Thursday","Day",2,1,"Not at intersection",3,50,"A",2009,"SEDAN","NISSAN","Car","M",22,"22-25","Drivers"
"T20190008243","2/5/19",09:45:00,"Collision with a fixed object","Thursday","Day",1,1,"Cross intersection",3,50,"A",1999,"S WAG","HYNDAI","Station Wagon","F",72,"70+","Drivers"
"T20190008244","2/5/19",14:40:00,"Collision with vehicle","Thursday","Day",3,3,"Not at intersection",3,100,"A",2005,"WAGON","NISSAN","Station Wagon","F",35,"30-39","Drivers"
"T20190008244","2/5/19",14:40:00,"Collision with vehicle","Thursday","Day",3,3,"Not at intersection",3,100,"B",2004,"VAN","ISUZU","Panel Van","M",51,"50-59","Drivers"
"T20190008244","2/5/19",14:40:00,"Collision with vehicle","Thursday","Day",3,3,"Not at intersection",3,100,"C",2016,"WAGON","TOYOTA","Station Wagon","F",33,"30-39","Drivers"
"T20190008246","2/5/19",14:20:00,"Collision with vehicle","Thursday","Day",2,2,"Not at intersection",3,40,"A",2013,"COUPE","SUBARU","Car","M",43,"40-49","Drivers"
"T20190008246","2/5/19",14:20:00,"Collision with vehicle","Thursday","Day",2,2,"Not at intersection",3,40,"B",2017,"SEDAN","MERC B","Car","F",81,"70+","Drivers"
"T20190008247","2/5/19",11:50:00,"Collision with vehicle","Thursday","Day",2,3,"Not at intersection",3,60,"A",2018,"WAGON","VOLKS","Station Wagon","F",27,"26-29","Drivers"
"T20190008247","2/5/19",11:50:00,"Collision with vehicle","Thursday","Day",2,3,"Not at intersection",3,60,"B",2006,"SEDAN","HONDA","Car","M",18,"17-21","Drivers"
"T20190008251","2/5/19",11:36:00,"Struck Pedestrian","Thursday","Day",1,2,"Cross intersection",2,60,"A",2015,"WAGON","SUBARU","Station Wagon","F",88,"70+","Drivers"
"T20190008254","2/5/19",17:10:00,"Collision with a fixed object","Thursday","Dusk/Dawn",1,1,"Not at intersection",3,80,"A",2003,"UTIL","HOLDEN","Utility","M",38,"30-39","Drivers"
"T20190008255","1/5/19",08:52:00,"Collision with vehicle","Wednesday","Day",2,2,"T intersection",2,60,"A",2010,"WAGON","TOYOTA","Station Wagon","F",32,"30-39","Drivers"
"T20190008255","1/5/19",08:52:00,"Collision with vehicle","Wednesday","Day",2,2,"T intersection",2,60,"B",2005,"S WAG","TOYOTA","Station Wagon","M",78,"70+","Drivers"
"T20190008257","2/5/19",17:55:00,"Collision with vehicle","Thursday","Dark Street lights on",3,3,"T intersection",3,60,"A",2017,"VAN","LDV","Panel Van","M",28,"26-29","Drivers"
"T20190008257","2/5/19",17:55:00,"Collision with vehicle","Thursday","Dark Street lights on",3,3,"T intersection",3,60,"B",2004,"SEDAN","TOYOTA","Car","F",49,"40-49","Drivers"
"T20190008257","2/5/19",17:55:00,"Collision with vehicle","Thursday","Dark Street lights on",3,3,"T intersection",3,60,"C",2004,"SEDAN","HOLDEN","Car","M",64,"60-64","Drivers"
"T20190008258","2/5/19",15:20:00,"Collision with vehicle","Thursday","Day",2,2,"Not at intersection",3,50,"B",2014,"BUS","VOLVO","Other Vehicle","M",32,"30-39","Drivers"
"T20190008259","2/5/19",18:05:00,"Collision with vehicle","Thursday","Dark Street lights on",2,3,"T intersection",2,70,"A",2014,"SEDAN","TOYOTA","Car","F",60,"60-64","Drivers"
"T20190008259","2/5/19",18:05:00,"Collision with vehicle","Thursday","Dark Street lights on",2,3,"T intersection",2,70,"B",1998,"SEDAN","TOYOTA","Car","M",36,"30-39","Drivers"
"T20190008262","2/5/19",17:00:00,"Collision with vehicle","Thursday","Dark Street lights on",2,2,"Cross intersection",2,40,"B",2018,"WAGON","FORD","Station Wagon","F",29,"26-29","Drivers"
"T20190008264","14/3/19",18:30:00,"Collision with a fixed object","Thursday","Day",1,1,"T intersection",3,80,"A",2011,"SEDAN","HONDA","Car","M",31,"30-39","Drivers"
"T20190008265","2/5/19",16:45:00,"Collision with vehicle","Thursday","Dusk/Dawn",3,7,"Not at intersection",2,80,"A",2014,"SEDAN","HYNDAI","Car","F",28,"26-29","Drivers"
"T20190008265","2/5/19",16:45:00,"Collision with vehicle","Thursday","Dusk/Dawn",3,7,"Not at intersection",2,80,"B",2014,"WAGON","TOYOTA","Station Wagon","F",31,"30-39","Drivers"