"ACCIDENT_NO","ACCIDENTDATE","ACCIDENTTIME","Accident Type Desc","Day Week Description","Light Condition Desc","NO_OF_VEHICLES","NO_PERSONS","Road Geometry Desc","SEVERITY","SPEED_ZONE","VEHICLE_ID","VEHICLE_YEAR_MANUF","VEHICLE_BODY_STYLE","VEHICLE_MAKE","Vehicle Type Desc","SEX","AGE","Age Group","Road User Type Desc"
"T20190008265","2/5/19",16:45:00,"Collision with vehicle","Thursday","Dusk/Dawn",3,7,"Not at intersection",2,80,"C",2011,"WAGON","MITSUB","Station Wagon","F",24,"22-25","Drivers"
"T20190008266","2/5/19",17:50:00,"Collision with vehicle","Thursday","Dark Street lights on",3,4,"Not at intersection",3,70,"A",2015,"WAGON","NISSAN","Station Wagon","M",24,"22-25","Drivers"
"T20190008266","2/5/19",17:50:00,"Collision with vehicle","Thursday","Dark Street lights on",3,4,"Not at intersection",3,70,"B",2014,"SEDAN","HONDA","Car","F",43,"40-49","Drivers"
"T20190008267","2/5/19",15:20:00,"Collision with vehicle","Thursday","Day",2,3,"Not at intersection",3,100,"A",2014,"S WAG","HOLDEN","Station Wagon","M",80,"70+","Drivers"
"T20190008267","2/5/19",15:20:00,"Collision with vehicle","Thursday","Day",2,3,"Not at intersection",3,100,"B",2009,"WAGON","FORD","Station Wagon","F",23,"22-25","Drivers"
"T20190008268","2/5/19",05:38:00,"Vehicle overturned (no collision)","Thursday","Dark No street lights",1,1,"Not at intersection",3,100,"A",2013,"P MVR","IVECO","Prime Mover - Single Trailer","M",52,"50-59","Drivers"
"T20190008269","2/5/19",21:35:00,"Collision with vehicle","Thursday","Dark Street lights on",2,2,"Multiple intersection",3,60,"A",2016,"SEDAN","SUZUKI","Car","F",42,"40-49","Drivers"
"T20190008269","2/5/19",21:35:00,"Collision with vehicle","Thursday","Dark Street lights on",2,2,"Multiple intersection",3,60,"B",1997,"COUPE","MITSUB","Car","M",20,"17-21","Drivers"
"T20190008272","3/5/19",00:34:00,"Collision with vehicle","Friday","Dark Street lights on",2,2,"Cross intersection",3,50,"A",1995,"S WAG","TOYOTA","Station Wagon","F",43,"40-49","Drivers"
"T20190008272","3/5/19",00:34:00,"Collision with vehicle","Friday","Dark Street lights on",2,2,"Cross intersection",3,50,"B",2016,"WAGON","TOYOTA","Station Wagon","M",23,"22-25","Drivers"
"T20190008277","2/5/19",18:15:00,"Collision with vehicle","Thursday","Dark Street lights on",2,2,"Cross intersection",2,50,"A",2017,"SEDAN","HOLDEN","Car","M",74,"70+","Drivers"
"T20190008277","2/5/19",18:15:00,"Collision with vehicle","Thursday","Dark Street lights on",2,2,"Cross intersection",2,50,"B",1997,"SEDAN","TOYOTA","Car","M",37,"30-39","Drivers"
"T20190008278","2/5/19",16:30:00,"Struck Pedestrian","Thursday","Day",1,2,"Cross intersection",3,50,"A",2012,"SWV1","TOYOTA","Quad Bike","M",42,"40-49","Drivers"
"T20190008279","26/4/19",16:45:00,"Collision with vehicle","Friday","Day",2,2,"Not at intersection",3,60,"A",2011,"SEDAN","NISSAN","Car","F",68,"64-69","Drivers"
"T20190008279","26/4/19",16:45:00,"Collision with vehicle","Friday","Day",2,2,"Not at intersection",3,60,"B",2017,"SEDAN","MAZDA","Car","U",NA,"unknown","Drivers"
"T20190008281","3/5/19",08:15:00,"Collision with vehicle","Friday","Day",2,3,"Cross intersection",3,80,"A",2016,"WAGON","MITSUB","Station Wagon","F",35,"30-39","Drivers"
"T20190008281","3/5/19",08:15:00,"Collision with vehicle","Friday","Day",2,3,"Cross intersection",3,80,"B",2010,"DC UTE","TOYOTA","Utility","M",36,"30-39","Drivers"
"T20190008284","3/5/19",07:38:00,"Collision with vehicle","Friday","Day",2,2,"T intersection",2,70,"B",2010,"SEDAN","FORD","Car","F",18,"17-21","Drivers"
"T20190008285","3/5/19",06:35:00,"Collision with vehicle","Friday","Dusk/Dawn",2,2,"Not at intersection",2,60,"B",2007,"SEDAN","MAZDA","Car","M",43,"40-49","Drivers"
"T20190008286","3/5/19",09:11:00,"Collision with vehicle","Friday","Day",2,2,"Not at intersection",2,60,"A",2008,"SEDAN","TOYOTA","Car","F",39,"30-39","Drivers"
"T20190008286","3/5/19",09:11:00,"Collision with vehicle","Friday","Day",2,2,"Not at intersection",2,60,"B",2012,"S WAG","TOYOTA","Station Wagon","F",44,"40-49","Drivers"
"T20190008288","3/5/19",08:10:00,"Collision with vehicle","Friday","Day",2,2,"Not at intersection",3,60,"A",2011,"COUPE","B M W","Car","M",24,"22-25","Drivers"
"T20190008289","3/5/19",10:30:00,"Collision with vehicle","Friday","Day",2,3,"Cross intersection",3,50,"A",2015,"TOURER","B M W","Car","F",26,"26-29","Drivers"
"T20190008289","3/5/19",10:30:00,"Collision with vehicle","Friday","Day",2,3,"Cross intersection",3,50,"B",2013,"SEDAN","TOYOTA","Car","M",46,"40-49","Drivers"
"T20190008290","3/5/19",12:24:00,"Struck Pedestrian","Friday","Day",1,2,"Not at intersection",3,60,"A",2013,"SEDAN","FORD","Car","M",67,"64-69","Drivers"
"T20190008292","3/5/19",10:40:00,"Collision with vehicle","Friday","Day",2,2,"Cross intersection",2,60,"A",2016,"SEDAN","NISSAN","Car","F",48,"40-49","Drivers"
"T20190008292","3/5/19",10:40:00,"Collision with vehicle","Friday","Day",2,2,"Cross intersection",2,60,"B",1999,"SEDAN","FORD","Car","F",83,"70+","Drivers"
"T20190008297","1/5/19",16:35:00,"Collision with vehicle","Wednesday","Day",2,2,"Cross intersection",3,90,"A",2015,"DC UTE","VOLKS","Utility","M",41,"40-49","Drivers"
"T20190008297","1/5/19",16:35:00,"Collision with vehicle","Wednesday","Day",2,2,"Cross intersection",3,90,"B",1988,"S WAG","TOYOTA","Station Wagon","M",74,"70+","Drivers"
"T20190008298","26/4/19",19:30:00,"Collision with a fixed object","Friday","Dark No street lights",1,1,"Not at intersection",2,50,"A",2006,"DC UTE","TOYOTA","Utility","M",80,"70+","Drivers"
"T20190008307","2/5/19",10:40:00,"Collision with a fixed object","Thursday","Day",1,1,"Not at intersection",3,60,"A",2013,"SEDAN","TOYOTA","Car","F",20,"17-21","Drivers"
"T20190008308","3/5/19",08:46:00,"Collision with vehicle","Friday","Day",2,4,"T intersection",2,80,"A",2015,"SEDAN","TOYOTA","Car","F",28,"26-29","Drivers"
"T20190008308","3/5/19",08:46:00,"Collision with vehicle","Friday","Day",2,4,"T intersection",2,80,"B",2017,"SEDAN","TOYOTA","Car","F",26,"26-29","Drivers"
"T20190008311","3/5/19",12:40:00,"Collision with vehicle","Friday","Day",2,2,"Not at intersection",3,80,"A",2013,"SEDAN","TOYOTA","Car","F",75,"70+","Drivers"
"T20190008313","3/5/19",06:00:00,"Struck Pedestrian","Friday","Dark Street lights on",1,2,"T intersection",3,60,"A",2009,"SEDAN","HOLDEN","Car","M",34,"30-39","Drivers"
"T20190008315","3/5/19",12:50:00,"Vehicle overturned (no collision)","Friday","Day",1,1,"Not at intersection",3,80,"A",2015,"BD/PMR","SCANIA","Prime Mover B-Double","M",31,"30-39","Drivers"
"T20190008317","3/5/19",14:40:00,"Collision with vehicle","Friday","Day",2,2,"Not at intersection",2,50,"A",2015,"WAGON","B M W","Station Wagon","M",64,"60-64","Drivers"
"T20190008317","3/5/19",14:40:00,"Collision with vehicle","Friday","Day",2,2,"Not at intersection",2,50,"B",2012,"SEDAN","NISSAN","Car","F",22,"22-25","Drivers"
"T20190008319","3/5/19",15:25:00,"No collision and no object struck","Friday","Day",2,2,"T intersection",3,60,"A",2010,"SEDAN","VOLVO","Car","F",21,"17-21","Drivers"
"T20190008319","3/5/19",15:25:00,"No collision and no object struck","Friday","Day",2,2,"T intersection",3,60,"B",2007,"S WAG","HOLDEN","Station Wagon","M",40,"40-49","Drivers"
"T20190008320","3/5/19",16:00:00,"Collision with vehicle","Friday","Day",2,2,"Cross intersection",3,50,"A",2018,"VAN","VOLKS","Panel Van","F",43,"40-49","Drivers"
"T20190008320","3/5/19",16:00:00,"Collision with vehicle","Friday","Day",2,2,"Cross intersection",3,50,"B",2013,"SEDAN","HOLDEN","Car","F",25,"22-25","Drivers"
"T20190008321","25/4/19",11:10:00,"Collision with vehicle","Thursday","Day",2,2,"Cross intersection",3,80,"A",2010,"SEDAN","HOLDEN","Car","M",56,"50-59","Drivers"
"T20190008321","25/4/19",11:10:00,"Collision with vehicle","Thursday","Day",2,2,"Cross intersection",3,80,"B",2001,"SEDAN","HOLDEN","Car","M",60,"60-64","Drivers"
"T20190008322","3/5/19",15:50:00,"Collision with a fixed object","Friday","Day",1,3,"Not at intersection",3,100,"A",1999,"WAGON","HONDA","Station Wagon","F",34,"30-39","Drivers"
"T20190008323","3/5/19",16:30:00,"Collision with vehicle","Friday","Dusk/Dawn",3,5,"Not at intersection",3,80,"A",2007,"SEDAN","PEUG","Car","M",29,"26-29","Drivers"
"T20190008323","3/5/19",16:30:00,"Collision with vehicle","Friday","Dusk/Dawn",3,5,"Not at intersection",3,80,"B",2004,"UTIL","HOLDEN","Utility","M",26,"26-29","Drivers"
"T20190008323","3/5/19",16:30:00,"Collision with vehicle","Friday","Dusk/Dawn",3,5,"Not at intersection",3,80,"C",2009,"WAGON","MAZDA","Station Wagon","F",26,"26-29","Drivers"
"T20190008325","3/5/19",17:40:00,"Collision with vehicle","Friday","Dusk/Dawn",2,4,"T intersection",3,70,"A",2015,"WAGON","MAZDA","Station Wagon","M",86,"70+","Drivers"
"T20190008325","3/5/19",17:40:00,"Collision with vehicle","Friday","Dusk/Dawn",2,4,"T intersection",3,70,"B",2018,"BUS","SCANIA","Bus/Coach","M",37,"30-39","Drivers"
"T20190008327","26/4/19",11:20:00,"Collision with vehicle","Friday","Day",2,2,"Cross intersection",3,60,"A",2001,"SEDAN","NISSAN","Car","M",33,"30-39","Drivers"
"T20190008327","26/4/19",11:20:00,"Collision with vehicle","Friday","Day",2,2,"Cross intersection",3,60,"B",2006,"SEDAN","MITSUB","Car","F",22,"22-25","Drivers"
"T20190008328","25/4/19",08:30:00,"Collision with vehicle","Thursday","Day",2,2,"Not at intersection",3,50,"A",2006,"SEDAN","HYNDAI","Car","M",72,"70+","Drivers"
"T20190008329","3/5/19",17:48:00,"Collision with vehicle","Friday","Dusk/Dawn",2,2,"Cross intersection",3,100,"A",2003,"SEDAN","NISSAN","Car","M",47,"40-49","Drivers"
"T20190008333","3/5/19",17:35:00,"Collision with vehicle","Friday","Dusk/Dawn",3,3,"T intersection",2,60,"A",2008,"RDSTR","B M W","Car","M",75,"70+","Drivers"
"T20190008333","3/5/19",17:35:00,"Collision with vehicle","Friday","Dusk/Dawn",3,3,"T intersection",2,60,"B",2018,"S WAG","HOLDEN","Station Wagon","U",NA,"unknown","Drivers"
"T20190008334","3/5/19",15:35:00,"Collision with vehicle","Friday","Day",2,2,"Not at intersection",3,60,"A",2016,"DC UTE","HOLDEN","Utility","F",58,"50-59","Drivers"
"T20190008338","3/5/19",18:30:00,"Collision with vehicle","Friday","Dark No street lights",5,5,"Not at intersection",2,80,"A",2003,"COUPE","MITSUB","Car","M",26,"26-29","Drivers"
"T20190008338","3/5/19",18:30:00,"Collision with vehicle","Friday","Dark No street lights",5,5,"Not at intersection",2,80,"B",2003,"SEDAN","TOYOTA","Car","M",34,"30-39","Drivers"
"T20190008338","3/5/19",18:30:00,"Collision with vehicle","Friday","Dark No street lights",5,5,"Not at intersection",2,80,"C",2013,"VAN","VOLKS","Panel Van","F",61,"60-64","Drivers"
"T20190008338","3/5/19",18:30:00,"Collision with vehicle","Friday","Dark No street lights",5,5,"Not at intersection",2,80,"D",2012,"SEDAN","HOLDEN","Car","F",29,"26-29","Drivers"
"T20190008338","3/5/19",18:30:00,"Collision with vehicle","Friday","Dark No street lights",5,5,"Not at intersection",2,80,"E",1958,"UTIL","FORD","Utility","M",61,"60-64","Drivers"
"T20190008339","3/5/19",19:12:00,"Collision with a fixed object","Friday","Dark No street lights",1,1,"T intersection",2,100,"A",2018,"WAGON","TOYOTA","Station Wagon","F",58,"50-59","Drivers"
"T20190008342","3/5/19",18:00:00,"Collision with vehicle","Friday","Dark Street lights on",3,8,"Not at intersection",2,100,"A",2010,"UTIL","NISSAN","Utility","M",37,"30-39","Drivers"
"T20190008342","3/5/19",18:00:00,"Collision with vehicle","Friday","Dark Street lights on",3,8,"Not at intersection",2,100,"B",2014,"SEDAN","SUZUKI","Car","F",26,"26-29","Drivers"
"T20190008342","3/5/19",18:00:00,"Collision with vehicle","Friday","Dark Street lights on",3,8,"Not at intersection",2,100,"C",2005,"WAGON","TOYOTA","Station Wagon","M",45,"40-49","Drivers"
"T20190008343","3/5/19",20:50:00,"Collision with vehicle","Friday","Dark Street lights on",2,2,"T intersection",2,60,"A",2000,"SEDAN","DAEWOO","Car","M",21,"17-21","Drivers"
"T20190008345","3/5/19",05:33:00,"Collision with vehicle","Friday","Dark Street lights on",2,2,"Cross intersection",2,80,"A",2003,"SEDAN","FORD","Car","M",21,"17-21","Drivers"
"T20190008345","3/5/19",05:33:00,"Collision with vehicle","Friday","Dark Street lights on",2,2,"Cross intersection",2,80,"B",2006,"SED","MAZDA","Car","F",22,"22-25","Drivers"
"T20190008353","3/5/19",16:30:00,"Collision with vehicle","Friday","Day",2,1,"Not at intersection",3,50,"A",2004,"SED","NISSAN","Car","M",72,"70+","Drivers"
"T20190008358","3/5/19",22:20:00,"Struck Pedestrian","Friday","Dark Street lights on",1,2,"Cross intersection",2,80,"A",1998,"SEDAN","HONDA","Car","M",21,"17-21","Drivers"
"T20190008359","3/5/19",20:30:00,"Collision with vehicle","Friday","Dark Street lights off",2,1,"Not at intersection",3,50,"A",2013,"WAGON","MAZDA","Station Wagon","M",27,"26-29","Drivers"
"T20190008360","3/5/19",22:40:00,"Collision with vehicle","Friday","Dark Street lights on",2,3,"Not at intersection",3,50,"A",2014,"SEDAN","TOYOTA","Car","F",26,"26-29","Drivers"
"T20190008360","3/5/19",22:40:00,"Collision with vehicle","Friday","Dark Street lights on",2,3,"Not at intersection",3,50,"B",2016,"SEDAN","HOLDEN","Car","M",21,"17-21","Drivers"
"T20190008362","3/5/19",22:46:00,"Collision with vehicle","Friday","Dark Street lights on",2,3,"Cross intersection",3,50,"A",2015,"WAGON","NISSAN","Station Wagon","F",44,"40-49","Drivers"
"T20190008362","3/5/19",22:46:00,"Collision with vehicle","Friday","Dark Street lights on",2,3,"Cross intersection",3,50,"B",2001,"SEDAN","HOLDEN","Car","U",NA,"unknown","Drivers"
"T20190008364","3/5/19",19:56:00,"Collision with vehicle","Friday","Dark Street lights on",3,3,"Not at intersection",3,100,"A",2013,"COUPE","M MOVE","Car","F",20,"17-21","Drivers"
"T20190008364","3/5/19",19:56:00,"Collision with vehicle","Friday","Dark Street lights on",3,3,"Not at intersection",3,100,"B",1996,"SED","TOYOTA","Car","M",44,"40-49","Drivers"
"T20190008364","3/5/19",19:56:00,"Collision with vehicle","Friday","Dark Street lights on",3,3,"Not at intersection",3,100,"C",2014,"WAGON","HONDA","Station Wagon","M",31,"30-39","Drivers"
"T20190008366","3/5/19",19:30:00,"Collision with vehicle","Friday","Dark Street lights on",2,1,"Not at intersection",3,50,"A",2013,"DC UTE","NISSAN","Utility","M",29,"26-29","Drivers"
"T20190008368","3/5/19",23:45:00,"Collision with a fixed object","Friday","Dark No street lights",1,1,"Not at intersection",2,100,"A",2000,"WAGON","LEXUS","Station Wagon","M",46,"40-49","Drivers"
"T20190008369","4/5/19",03:50:00,"Collision with vehicle","Saturday","Dark Street lights on",2,2,"Cross intersection",2,999,"A",2018,"G UNIT","U D","Heavy Vehicle (Rigid) > 4.5 Tonnes","M",45,"40-49","Drivers"
"T20190008369","4/5/19",03:50:00,"Collision with vehicle","Saturday","Dark Street lights on",2,2,"Cross intersection",2,999,"B",2001,"SEDAN","HOLDEN","Car","M",25,"22-25","Drivers"
"T20190008371","3/5/19",13:20:00,"Collision with vehicle","Friday","Day",4,7,"Not at intersection",2,60,"A",2011,"SEDAN","TOYOTA","Car","M",36,"30-39","Drivers"
"T20190008371","3/5/19",13:20:00,"Collision with vehicle","Friday","Day",4,7,"Not at intersection",2,60,"B",2003,"SEDAN","HOLDEN","Car","M",50,"50-59","Drivers"
"T20190008371","3/5/19",13:20:00,"Collision with vehicle","Friday","Day",4,7,"Not at intersection",2,60,"C",2010,"WAGON","TOYOTA","Station Wagon","F",46,"40-49","Drivers"
"T20190008371","3/5/19",13:20:00,"Collision with vehicle","Friday","Day",4,7,"Not at intersection",2,60,"D",1994,"DC UTE","NISSAN","Utility","M",47,"40-49","Drivers"
"T20190008373","4/5/19",04:06:00,"Collision with a fixed object","Saturday","Dark Street lights on",1,1,"Not at intersection",3,50,"A",2015,"SEDAN","TOYOTA","Car","M",42,"40-49","Drivers"
"T20190008375","22/4/19",21:00:00,"Collision with vehicle","Monday","Dark Street lights on",2,2,"Cross intersection",3,40,"B",2015,"SEDAN","VOLKS","Car","M",30,"30-39","Drivers"
"T20190008377","4/5/19",08:14:00,"Collision with a fixed object","Saturday","Day",1,1,"T intersection",3,80,"A",2006,"UTIL","HOLDEN","Utility","F",20,"17-21","Drivers"
"T20190008379","25/4/19",16:30:00,"Collision with vehicle","Thursday","Day",2,2,"T intersection",3,40,"A",2009,"SEDAN","PEUG","Car","M",55,"50-59","Drivers"
"T20190008380","4/5/19",07:17:00,"Vehicle overturned (no collision)","Saturday","Day",1,1,"T intersection",2,100,"A",1997,"WAGON","TOYOTA","Station Wagon","M",65,"64-69","Drivers"
"T20190008381","4/5/19",08:30:00,"Collision with vehicle","Saturday","Day",2,2,"Not at intersection",2,70,"A",2004,"SEDAN","HOLDEN","Car","F",30,"30-39","Drivers"
"T20190008381","4/5/19",08:30:00,"Collision with vehicle","Saturday","Day",2,2,"Not at intersection",2,70,"B",2005,"DC UTE","TOYOTA","Utility","M",30,"30-39","Drivers"
"T20190008384","4/5/19",11:19:00,"Collision with vehicle","Saturday","Day",2,2,"Not at intersection",2,60,"A",2016,"SEDAN","VOLVO","Car","F",56,"50-59","Drivers"
"T20190008384","4/5/19",11:19:00,"Collision with vehicle","Saturday","Day",2,2,"Not at intersection",2,60,"B",2001,"SEDAN","TOYOTA","Car","M",27,"26-29","Drivers"
"T20190008385","4/5/19",09:40:00,"Struck Pedestrian","Saturday","Day",1,2,"T intersection",2,50,"A",2015,"SEDAN","TOYOTA","Car","F",78,"70+","Drivers"
"T20190008386","4/5/19",11:35:00,"Collision with vehicle","Saturday","Day",4,5,"Not at intersection",3,60,"A",2004,"SEDAN","TOYOTA","Car","F",47,"40-49","Drivers"
"T20190008386","4/5/19",11:35:00,"Collision with vehicle","Saturday","Day",4,5,"Not at intersection",3,60,"B",2004,"SEDAN","HOLDEN","Car","F",25,"22-25","Drivers"
"T20190008386","4/5/19",11:35:00,"Collision with vehicle","Saturday","Day",4,5,"Not at intersection",3,60,"C",2012,"DC UTE","MITSUB","Utility","M",19,"17-21","Drivers"
"T20190008388","4/5/19",07:38:00,"Collision with vehicle","Saturday","Day",2,3,"Not at intersection",1,100,"A",2000,"UTIL","FORD","Utility","M",18,"17-21","Drivers"
"T20190008388","4/5/19",07:38:00,"Collision with vehicle","Saturday","Day",2,3,"Not at intersection",1,100,"B",2002,"VAN","ISUZU","Heavy Vehicle (Rigid) > 4.5 Tonnes","M",32,"30-39","Drivers"
"T20190008390","4/5/19",07:08:00,"Collision with vehicle","Saturday","Dusk/Dawn",2,3,"Not at intersection",3,60,"A",2002,"SEDAN","HOLDEN","Car","M",22,"22-25","Drivers"
"T20190008390","4/5/19",07:08:00,"Collision with vehicle","Saturday","Dusk/Dawn",2,3,"Not at intersection",3,60,"B",2012,"COUPE","MERC B","Car","F",55,"50-59","Drivers"
"T20190008391","4/5/19",12:10:00,"Collision with vehicle","Saturday","Day",2,2,"Cross intersection",3,60,"A",2004,"S WAG","HOLDEN","Station Wagon","F",42,"40-49","Drivers"
"T20190008392","4/5/19",06:15:00,"Collision with a fixed object","Saturday","Dark Street lights on",2,2,"Not at intersection",2,80,"A",2005,"UTIL","FORD","Utility","M",60,"60-64","Drivers"
"T20190008392","4/5/19",06:15:00,"Collision with a fixed object","Saturday","Dark Street lights on",2,2,"Not at intersection",2,80,"B",2008,"SEDAN","HYNDAI","Car","F",30,"30-39","Drivers"
"T20190008395","26/4/19",18:00:00,"Collision with vehicle","Friday","Dusk/Dawn",3,4,"Cross intersection",3,60,"B",2003,"SEDAN","LEXUS","Car","M",36,"30-39","Drivers"
"T20190008395","26/4/19",18:00:00,"Collision with vehicle","Friday","Dusk/Dawn",3,4,"Cross intersection",3,60,"C",2017,"SEDAN","HYNDAI","Car","F",33,"30-39","Drivers"
"T20190008396","1/5/19",20:30:00,"Collision with vehicle","Wednesday","Dark Street lights on",2,7,"T intersection",3,50,"A",2007,"SEDAN","TOYOTA","Car","M",22,"22-25","Drivers"
"T20190008396","1/5/19",20:30:00,"Collision with vehicle","Wednesday","Dark Street lights on",2,7,"T intersection",3,50,"B",2011,"WAGON","KIA","Station Wagon","F",45,"40-49","Drivers"
"T20190008397","3/5/19",17:06:00,"Collision with vehicle","Friday","Day",2,2,"T intersection",3,60,"A",2006,"SEDAN","MITSUB","Car","F",77,"70+","Drivers"
"T20190008398","4/5/19",12:08:00,"Collision with vehicle","Saturday","Day",3,5,"T intersection",2,60,"A",2018,"SEDAN","MERC B","Car","F",22,"22-25","Drivers"
"T20190008398","4/5/19",12:08:00,"Collision with vehicle","Saturday","Day",3,5,"T intersection",2,60,"B",2017,"SEDAN","HOLDEN","Car","M",27,"26-29","Drivers"
"T20190008398","4/5/19",12:08:00,"Collision with vehicle","Saturday","Day",3,5,"T intersection",2,60,"C",2016,"WAGON","VOLKS","Station Wagon","M",71,"70+","Drivers"
"T20190008400","4/5/19",13:53:00,"Collision with vehicle","Saturday","Day",2,4,"Not at intersection",3,100,"A",2011,"WAGON","NISSAN","Station Wagon","F",38,"30-39","Drivers"
"T20190008400","4/5/19",13:53:00,"Collision with vehicle","Saturday","Day",2,4,"Not at intersection",3,100,"B",2003,"TRAY","TOYOTA","Utility","M",35,"30-39","Drivers"
"T20190008403","4/5/19",07:50:00,"Collision with vehicle","Saturday","Dark Street lights on",2,2,"Not at intersection",3,60,"A",2001,"SEDAN","MITSUB","Car","M",28,"26-29","Drivers"
"T20190008403","4/5/19",07:50:00,"Collision with vehicle","Saturday","Dark Street lights on",2,2,"Not at intersection",3,60,"B",2001,"SEDAN","FORD","Car","U",NA,"unknown","Drivers"
"T20190008404","4/5/19",13:00:00,"Collision with vehicle","Saturday","Day",3,4,"T intersection",2,60,"A",1998,"SEDAN","NISSAN","Car","F",17,"16-17","Drivers"
"T20190008404","4/5/19",13:00:00,"Collision with vehicle","Saturday","Day",3,4,"T intersection",2,60,"B",1995,"SEDAN","TOYOTA","Car","M",47,"40-49","Drivers"
"T20190008404","4/5/19",13:00:00,"Collision with vehicle","Saturday","Day",3,4,"T intersection",2,60,"C",1999,"SEDAN","FORD","Car","F",47,"40-49","Drivers"
"T20190008405","4/5/19",13:45:00,"Collision with vehicle","Saturday","Day",2,2,"Not at intersection",2,100,"A",2006,"SED","FORD","Car","M",43,"40-49","Drivers"
"T20190008405","4/5/19",13:45:00,"Collision with vehicle","Saturday","Day",2,2,"Not at intersection",2,100,"B",2010,"SEDAN","MAZDA","Car","F",48,"40-49","Drivers"
"T20190008406","4/5/19",15:20:00,"Collision with vehicle","Saturday","Day",2,1,"Cross intersection",3,60,"A",2006,"SEDAN","HOLDEN","Car","M",28,"26-29","Drivers"
"T20190008408","4/5/19",15:40:00,"Collision with vehicle","Saturday","Day",2,3,"Not at intersection",2,50,"A",2003,"SEDAN","HOLDEN","Car","F",36,"30-39","Drivers"
"T20190008408","4/5/19",15:40:00,"Collision with vehicle","Saturday","Day",2,3,"Not at intersection",2,50,"B",2017,"SEDAN","TOYOTA","Car","M",68,"64-69","Drivers"
"T20190008412","3/5/19",17:55:00,"Collision with vehicle","Friday","Dark Street lights on",2,4,"T intersection",3,60,"A",2004,"WAGON","MAZDA","Station Wagon","M",18,"17-21","Drivers"
"T20190008412","3/5/19",17:55:00,"Collision with vehicle","Friday","Dark Street lights on",2,4,"T intersection",3,60,"B",2007,"SEDAN","TOYOTA","Car","M",20,"17-21","Drivers"
"T20190008413","4/5/19",17:30:00,"Collision with a fixed object","Saturday","Dusk/Dawn",1,1,"Not at intersection",3,80,"A",2004,"WAGON","FORD","Station Wagon","M",38,"30-39","Drivers"
"T20190008414","4/5/19",17:10:00,"Collision with vehicle","Saturday","Day",2,4,"Cross intersection",3,50,"A",2012,"VAN","U D","Heavy Vehicle (Rigid) > 4.5 Tonnes","F",69,"64-69","Drivers"
"T20190008414","4/5/19",17:10:00,"Collision with vehicle","Saturday","Day",2,4,"Cross intersection",3,50,"B",2014,"SEDAN","MAZDA","Car","M",24,"22-25","Drivers"
"T20190008417","4/5/19",14:43:00,"Struck Pedestrian","Saturday","Day",1,2,"T intersection",2,70,"A",2019,"WAGON","FORD","Station Wagon","F",49,"40-49","Drivers"
"T20190008418","4/5/19",18:15:00,"Collision with vehicle","Saturday","Dark Street lights on",2,2,"T intersection",2,50,"A",1998,"WAGON","HOLDEN","Station Wagon","M",30,"30-39","Drivers"
"T20190008421","4/5/19",19:00:00,"Collision with vehicle","Saturday","Dark Street lights on",2,2,"Not at intersection",3,50,"A",2006,"SEDAN","MAZDA","Car","M",28,"26-29","Drivers"
"T20190008423","4/5/19",20:04:00,"Collision with vehicle","Saturday","Dark No street lights",4,6,"Not at intersection",2,60,"A",2017,"SEDAN","HOLDEN","Car","M",67,"64-69","Drivers"
"T20190008423","4/5/19",20:04:00,"Collision with vehicle","Saturday","Dark No street lights",4,6,"Not at intersection",2,60,"B",2010,"SEDAN","MITSUB","Car","F",62,"60-64","Drivers"
"T20190008423","4/5/19",20:04:00,"Collision with vehicle","Saturday","Dark No street lights",4,6,"Not at intersection",2,60,"C",2015,"SEDAN","TOYOTA","Car","M",39,"30-39","Drivers"
"T20190008423","4/5/19",20:04:00,"Collision with vehicle","Saturday","Dark No street lights",4,6,"Not at intersection",2,60,"D",2016,"P MVR","MERC B","Prime Mover Only","M",50,"50-59","Drivers"
"T20190008424","4/5/19",14:24:00,"Collision with a fixed object","Saturday","Day",1,1,"Not at intersection",3,50,"A",2016,"WAGON","HYNDAI","Station Wagon","F",29,"26-29","Drivers"
"T20190008426","4/5/19",17:50:00,"Collision with vehicle","Saturday","Dark Street lights on",2,3,"Not at intersection",3,60,"A",2007,"SEDAN","HOLDEN","Car","F",39,"30-39","Drivers"
"T20190008426","4/5/19",17:50:00,"Collision with vehicle","Saturday","Dark Street lights on",2,3,"Not at intersection",3,60,"B",2011,"SEDAN","AUDI","Car","U",NA,"unknown","Drivers"
"T20190008427","4/5/19",20:50:00,"Collision with a fixed object","Saturday","Dark No street lights",1,2,"Dead end",3,40,"A",2000,"SEDAN","MITSUB","Car","M",23,"22-25","Drivers"
"T20190008429","4/5/19",18:00:00,"Struck Pedestrian","Saturday","Day",1,2,"Cross intersection",3,50,"A",2017,"SED","TOYOTA","Taxi","M",51,"50-59","Drivers"
"T20190008434","4/5/19",21:55:00,"Collision with a fixed object","Saturday","Dark Street lights on",1,1,"Not at intersection",2,80,"B",2019,"WAGON","HYNDAI","Station Wagon","F",46,"40-49","Drivers"
"T20190008439","29/4/19",08:20:00,"Collision with vehicle","Monday","Day",2,2,"Not at intersection",3,40,"A",2001,"SEDAN","SUBARU","Car","F",50,"50-59","Drivers"