"ACCIDENT_NO","ACCIDENTDATE","ACCIDENTTIME","Accident Type Desc","Day Week Description","Light Condition Desc","NO_OF_VEHICLES","NO_PERSONS","Road Geometry Desc","SEVERITY","SPEED_ZONE","VEHICLE_ID","VEHICLE_YEAR_MANUF","VEHICLE_BODY_STYLE","VEHICLE_MAKE","Vehicle Type Desc","SEX","AGE","Age Group","Road User Type Desc"
"T20190008439","29/4/19",08:20:00,"Collision with vehicle","Monday","Day",2,2,"Not at intersection",3,40,"B",2000,"SEDAN","TOYOTA","Car","M",47,"40-49","Drivers"
"T20190008440","2/5/19",18:30:00,"Collision with vehicle","Thursday","Dark Street lights on",2,3,"Cross intersection",2,60,"A",2004,"S WAG","HOLDEN","Station Wagon","F",36,"30-39","Drivers"
"T20190008440","2/5/19",18:30:00,"Collision with vehicle","Thursday","Dark Street lights on",2,3,"Cross intersection",2,60,"B",2004,"WAGON","CHRYS","Station Wagon","M",46,"40-49","Drivers"
"T20190008441","5/5/19",06:06:00,"Collision with a fixed object","Sunday","Dark Street lights on",1,2,"Cross intersection",2,80,"A",2005,"SEDAN","HOLDEN","Car","M",21,"17-21","Drivers"
"T20190008444","5/5/19",07:00:00,"Collision with vehicle","Sunday","Dusk/Dawn",2,7,"Not at intersection",3,60,"A",2012,"DC UTE","MITSUB","Utility","M",27,"26-29","Drivers"
"T20190008444","5/5/19",07:00:00,"Collision with vehicle","Sunday","Dusk/Dawn",2,7,"Not at intersection",3,60,"B",2018,"WAGON","KIA","Station Wagon","M",39,"30-39","Drivers"
"T20190008447","15/4/19",13:25:00,"Collision with vehicle","Monday","Day",2,3,"Cross intersection",3,999,"A",2012,"SEDAN","MAZDA","Car","F",22,"22-25","Drivers"
"T20190008447","15/4/19",13:25:00,"Collision with vehicle","Monday","Day",2,3,"Cross intersection",3,999,"B",2015,"S WAG","MAZDA","Station Wagon","F",19,"17-21","Drivers"
"T20190008449","5/5/19",12:34:00,"Collision with a fixed object","Sunday","Day",2,3,"Cross intersection",3,100,"A",2006,"DC UTE","TOYOTA","Utility","M",20,"17-21","Drivers"
"T20190008449","5/5/19",12:34:00,"Collision with a fixed object","Sunday","Day",2,3,"Cross intersection",3,100,"B",0,"DC UTE","FORD","Utility","M",43,"40-49","Drivers"
"T20190008451","5/5/19",12:30:00,"Collision with vehicle","Sunday","Day",2,3,"T intersection",3,80,"A",2005,"SEDAN","FORD","Car","F",20,"17-21","Drivers"
"T20190008451","5/5/19",12:30:00,"Collision with vehicle","Sunday","Day",2,3,"T intersection",3,80,"B",2013,"SEDAN","AUDI","Car","M",59,"50-59","Drivers"
"T20190008452","5/5/19",10:15:00,"Collision with vehicle","Sunday","Day",2,3,"Cross intersection",2,60,"A",2010,"DC UTE","FORD","Utility","M",49,"40-49","Drivers"
"T20190008452","5/5/19",10:15:00,"Collision with vehicle","Sunday","Day",2,3,"Cross intersection",2,60,"B",2004,"WAGON","HONDA","Station Wagon","M",74,"70+","Drivers"
"T20190008453","4/5/19",12:30:00,"Collision with vehicle","Saturday","Unknown",2,2,"T intersection",3,60,"A",2016,"WAGON","MERC B","Station Wagon","F",32,"30-39","Drivers"
"T20190008454","2/5/19",10:00:00,"Collision with a fixed object","Thursday","Day",1,3,"Not at intersection",3,100,"A",1999,"WAGON","HOLDEN","Station Wagon","F",42,"40-49","Drivers"
"T20190008460","5/5/19",15:25:00,"Collision with a fixed object","Sunday","Day",1,1,"Not at intersection",2,60,"A",2014,"SEDAN","TOYOTA","Car","F",78,"70+","Drivers"
"T20190008461","4/5/19",19:13:00,"Collision with vehicle","Saturday","Dark No street lights",2,3,"Not at intersection",3,80,"A",1998,"WAGON","HOLDEN","Station Wagon","F",56,"50-59","Drivers"
"T20190008461","4/5/19",19:13:00,"Collision with vehicle","Saturday","Dark No street lights",2,3,"Not at intersection",3,80,"B",2017,"TRAY","ISUZU","Light Commercial Vehicle (Rigid) <= 4.5 Tonnes GVM","M",21,"17-21","Drivers"
"T20190008464","5/5/19",18:25:00,"Collision with vehicle","Sunday","Dark Street lights on",2,4,"T intersection",2,60,"A",2012,"S WAG","NISSAN","Station Wagon","F",53,"50-59","Drivers"
"T20190008464","5/5/19",18:25:00,"Collision with vehicle","Sunday","Dark Street lights on",2,4,"T intersection",2,60,"B",2012,"SEDAN","MAZDA","Car","F",21,"17-21","Drivers"
"T20190008466","5/5/19",17:52:00,"Collision with a fixed object","Sunday","Dusk/Dawn",1,1,"Not at intersection",3,50,"A",2003,"WAGON","HOLDEN","Station Wagon","F",59,"50-59","Drivers"
"T20190008467","5/5/19",19:05:00,"Collision with a fixed object","Sunday","Dark No street lights",1,1,"Not at intersection",2,100,"A",2000,"SEDAN","NISSAN","Car","F",39,"30-39","Drivers"
"T20190008470","5/5/19",16:45:00,"Collision with vehicle","Sunday","Day",2,2,"Cross intersection",2,50,"A",2003,"WAGON","NISSAN","Station Wagon","F",45,"40-49","Drivers"
"T20190008471","5/5/19",17:30:00,"Collision with a fixed object","Sunday","Dark No street lights",1,2,"Not at intersection",2,100,"A",1999,"SEDAN","DAEWOO","Car","M",28,"26-29","Drivers"
"T20190008472","5/5/19",18:45:00,"Collision with a fixed object","Sunday","Dark No street lights",1,1,"Not at intersection",3,80,"A",2015,"COUPE","TOYOTA","Car","M",21,"17-21","Drivers"
"T20190008478","5/5/19",17:00:00,"Collision with vehicle","Sunday","Dusk/Dawn",2,4,"Cross intersection",1,100,"A",2005,"S WAG","TOYOTA","Station Wagon","F",49,"40-49","Drivers"
"T20190008478","5/5/19",17:00:00,"Collision with vehicle","Sunday","Dusk/Dawn",2,4,"Cross intersection",1,100,"B",2009,"SEDAN","AUDI","Car","M",19,"17-21","Drivers"
"T20190008479","5/5/19",18:30:00,"Collision with vehicle","Sunday","Dark Street lights on",3,3,"Not at intersection",2,50,"A",2002,"S WAG","HOLDEN","Station Wagon","M",25,"22-25","Drivers"
"T20190008479","5/5/19",18:30:00,"Collision with vehicle","Sunday","Dark Street lights on",3,3,"Not at intersection",2,50,"B",2014,"WAGON","FORD","Station Wagon","F",63,"60-64","Drivers"
"T20190008479","5/5/19",18:30:00,"Collision with vehicle","Sunday","Dark Street lights on",3,3,"Not at intersection",2,50,"C",2004,"SEDAN","HOLDEN","Car","F",42,"40-49","Drivers"
"T20190008480","5/5/19",20:35:00,"Struck Pedestrian","Sunday","Dark No street lights",1,2,"Not at intersection",2,60,"A",0,"COUPE","HYNDAI","Car","U",NA,"unknown","Drivers"
"T20190008481","5/5/19",19:50:00,"Collision with vehicle","Sunday","Dark Street lights on",2,2,"T intersection",2,60,"A",2006,"UTIL","HOLDEN","Utility","M",29,"26-29","Drivers"
"T20190008483","5/5/19",20:02:00,"Collision with vehicle","Sunday","Dark Street lights on",2,1,"Not at intersection",2,50,"A",2007,"S WAG","HONDA","Station Wagon","M",50,"50-59","Drivers"
"T20190008489","4/5/19",22:40:00,"Collision with a fixed object","Saturday","Dark No street lights",1,2,"Not at intersection",3,100,"A",2004,"SEDAN","SUBARU","Car","M",27,"26-29","Drivers"
"T20190008493","5/5/19",19:00:00,"Struck Pedestrian","Sunday","Dark Street lights on",1,2,"Not at intersection",3,60,"A",2012,"UTIL","HOLDEN","Utility","M",NA,"unknown","Drivers"
"T20190008494","6/5/19",07:49:00,"Struck Pedestrian","Monday","Day",1,2,"Cross intersection",2,60,"A",2000,"TIPPER","STERLI","Heavy Vehicle (Rigid) > 4.5 Tonnes","M",62,"60-64","Drivers"
"T20190008495","6/5/19",08:50:00,"Collision with vehicle","Monday","Day",2,2,"T intersection",2,60,"A",2007,"WAGON","MERC B","Station Wagon","F",52,"50-59","Drivers"
"T20190008495","6/5/19",08:50:00,"Collision with vehicle","Monday","Day",2,2,"T intersection",2,60,"B",2001,"VAN","TOYOTA","Panel Van","M",26,"26-29","Drivers"
"T20190008499","6/5/19",08:22:00,"Struck Pedestrian","Monday","Day",2,2,"Not at intersection",2,100,"A",2012,"P MVR","VOLVO","Prime Mover - Single Trailer","M",45,"40-49","Drivers"
"T20190008501","6/5/19",09:35:00,"Vehicle overturned (no collision)","Monday","Day",1,1,"Not at intersection",2,100,"A",2004,"P MVR","STERLI","Prime Mover - Single Trailer","M",53,"50-59","Drivers"
"T20190008504","6/5/19",12:00:00,"collision with some other object","Monday","Day",2,2,"Not at intersection",3,100,"A",2016,"SEDAN","FORD","Car","F",23,"22-25","Drivers"
"T20190008504","6/5/19",12:00:00,"collision with some other object","Monday","Day",2,2,"Not at intersection",3,100,"B",2015,"G UNIT","SCANIA","Heavy Vehicle (Rigid) > 4.5 Tonnes","M",41,"40-49","Drivers"
"T20190008505","6/5/19",09:09:00,"Collision with vehicle","Monday","Day",3,3,"T intersection",2,60,"A",2018,"WAGON","NISSAN","Station Wagon","M",32,"30-39","Drivers"
"T20190008505","6/5/19",09:09:00,"Collision with vehicle","Monday","Day",3,3,"T intersection",2,60,"B",2007,"VAN","TOYOTA","Panel Van","M",43,"40-49","Drivers"
"T20190008505","6/5/19",09:09:00,"Collision with vehicle","Monday","Day",3,3,"T intersection",2,60,"C",2017,"SEDAN","HONDA","Car","F",78,"70+","Drivers"
"T20190008506","2/5/19",17:45:00,"Struck Pedestrian","Thursday","Dark Street lights on",1,2,"Cross intersection",2,80,"A",2018,"SEDAN","HOLDEN","Car","F",18,"17-21","Drivers"
"T20190008507","2/5/19",17:00:00,"Collision with vehicle","Thursday","Day",2,2,"T intersection",3,60,"A",2010,"DC UTE","TOYOTA","Utility","M",27,"26-29","Drivers"
"T20190008507","2/5/19",17:00:00,"Collision with vehicle","Thursday","Day",2,2,"T intersection",3,60,"B",2003,"SEDAN","TOYOTA","Car","F",35,"30-39","Drivers"
"T20190008510","6/5/19",06:50:00,"Collision with vehicle","Monday","Day",2,2,"Cross intersection",3,40,"B",2010,"SEDAN","HOLDEN","Car","M",38,"30-39","Drivers"
"T20190008514","2/5/19",16:35:00,"Collision with vehicle","Thursday","Day",2,2,"Not at intersection",3,60,"A",2018,"WAGON","HONDA","Station Wagon","F",58,"50-59","Drivers"
"T20190008514","2/5/19",16:35:00,"Collision with vehicle","Thursday","Day",2,2,"Not at intersection",3,60,"B",2006,"SEDAN","UNKN","Car","M",24,"22-25","Drivers"
"T20190008516","6/5/19",07:41:00,"Collision with vehicle","Monday","Day",2,2,"T intersection",2,40,"A",2010,"SEDAN","TOYOTA","Car","F",54,"50-59","Drivers"
"T20190008517","6/5/19",14:30:00,"Collision with a fixed object","Monday","Day",1,1,"Not at intersection",2,80,"A",2013,"SEDAN","MAZDA","Car","M",58,"50-59","Drivers"
"T20190008519","4/5/19",14:00:00,"Collision with vehicle","Saturday","Day",2,6,"Not at intersection",3,70,"A",2012,"WAGON","HONDA","Station Wagon","F",59,"50-59","Drivers"
"T20190008519","4/5/19",14:00:00,"Collision with vehicle","Saturday","Day",2,6,"Not at intersection",3,70,"B",2009,"WAGON","KIA","Station Wagon","F",27,"26-29","Drivers"
"T20190008522","5/5/19",00:05:00,"Collision with vehicle","Sunday","Dark No street lights",2,2,"Not at intersection",3,110,"A",2012,"SEDAN","HOLDEN","Car","F",20,"17-21","Drivers"
"T20190008522","5/5/19",00:05:00,"Collision with vehicle","Sunday","Dark No street lights",2,2,"Not at intersection",3,110,"B",1988,"BUS","VOLVO","Bus/Coach","M",57,"50-59","Drivers"
"T20190008524","7/3/19",21:30:00,"Struck animal","Thursday","Dark No street lights",1,2,"Not at intersection",3,999,"A",2007,"UTIL","MITSUB","Utility","M",31,"30-39","Drivers"
"T20190008525","6/5/19",15:55:00,"Collision with vehicle","Monday","Day",2,3,"T intersection",2,50,"A",2009,"SEDAN","HOLDEN","Car","M",62,"60-64","Drivers"
"T20190008525","6/5/19",15:55:00,"Collision with vehicle","Monday","Day",2,3,"T intersection",2,50,"B",2013,"SED","TOYOTA","Taxi","M",80,"70+","Drivers"
"T20190008526","29/4/19",08:30:00,"Collision with vehicle","Monday","Day",2,2,"Not at intersection",3,999,"A",2008,"SEDAN","NISSAN","Car","F",60,"60-64","Drivers"
"T20190008527","6/5/19",15:16:00,"Collision with vehicle","Monday","Day",2,2,"Not at intersection",3,60,"A",2008,"WAGON","MAZDA","Station Wagon","M",31,"30-39","Drivers"
"T20190008527","6/5/19",15:16:00,"Collision with vehicle","Monday","Day",2,2,"Not at intersection",3,60,"B",2011,"SEDAN","HONDA","Car","F",36,"30-39","Drivers"
"T20190008528","6/5/19",13:35:00,"Collision with a fixed object","Monday","Day",1,1,"Not at intersection",3,100,"A",2012,"UTIL","HOLDEN","Utility","F",34,"30-39","Drivers"
"T20190008532","5/5/19",09:45:00,"Collision with vehicle","Sunday","Day",2,2,"Not at intersection",3,60,"B",2001,"SEDAN","TOYOTA","Car","M",83,"70+","Drivers"
"T20190008533","6/5/19",19:00:00,"Struck Pedestrian","Monday","Dark Street lights on",1,2,"Cross intersection",2,60,"A",2012,"SEDAN","MAZDA","Car","F",45,"40-49","Drivers"
"T20190008535","6/5/19",17:40:00,"Collision with vehicle","Monday","Day",2,2,"Not at intersection",2,70,"A",2002,"SEDAN","HOLDEN","Car","F",48,"40-49","Drivers"
"T20190008536","6/5/19",20:30:00,"Collision with a fixed object","Monday","Dark No street lights",1,1,"Not at intersection",2,100,"A",2010,"S WAG","HOLDEN","Station Wagon","M",28,"26-29","Drivers"
"T20190008539","6/5/19",21:00:00,"Struck Pedestrian","Monday","Dark Street lights on",1,2,"Not at intersection",3,40,"A",0,"COUPE","UNKN","Car","U",NA,"unknown","Drivers"
"T20190008540","6/5/19",20:26:00,"Collision with vehicle","Monday","Dark Street lights on",2,2,"Not at intersection",3,60,"A",2018,"WAGON","MERC B","Station Wagon","F",29,"26-29","Drivers"
"T20190008540","6/5/19",20:26:00,"Collision with vehicle","Monday","Dark Street lights on",2,2,"Not at intersection",3,60,"B",2018,"TOURER","MERC B","Car","F",67,"64-69","Drivers"
"T20190008541","6/5/19",14:50:00,"Vehicle overturned (no collision)","Monday","Day",1,1,"Not at intersection",2,100,"A",2010,"UTIL","ISUZU","Utility","M",69,"64-69","Drivers"
"T20190008542","6/5/19",20:40:00,"Collision with a fixed object","Monday","Dark No street lights",1,1,"Not at intersection",3,110,"A",2005,"WAGON","HOLDEN","Station Wagon","M",27,"26-29","Drivers"
"T20190008544","6/5/19",15:50:00,"Collision with vehicle","Monday","Day",2,2,"Not at intersection",3,999,"A",2016,"WAGON","HOLDEN","Station Wagon","F",42,"40-49","Drivers"
"T20190008549","7/5/19",00:01:00,"Collision with vehicle","Tuesday","Dark Street lights on",4,7,"T intersection",3,999,"A",2014,"SEDAN","MERC B","Car","M",24,"22-25","Drivers"
"T20190008549","7/5/19",00:01:00,"Collision with vehicle","Tuesday","Dark Street lights on",4,7,"T intersection",3,999,"B",2010,"SEDAN","MITSUB","Car","M",19,"17-21","Drivers"
"T20190008549","7/5/19",00:01:00,"Collision with vehicle","Tuesday","Dark Street lights on",4,7,"T intersection",3,999,"C",2014,"SEDAN","TOYOTA","Car","M",39,"30-39","Drivers"
"T20190008549","7/5/19",00:01:00,"Collision with vehicle","Tuesday","Dark Street lights on",4,7,"T intersection",3,999,"D",2017,"SEDAN","TOYOTA","Car","M",35,"30-39","Drivers"
"T20190008551","6/5/19",21:50:00,"Collision with vehicle","Monday","Dark Street lights on",2,2,"Cross intersection",3,60,"A",2014,"SED","MITSUB","Car","F",21,"17-21","Drivers"
"T20190008555","7/5/19",05:57:00,"Collision with a fixed object","Tuesday","Dark Street lights on",1,2,"Not at intersection",3,50,"A",2016,"SEDAN","MITSUB","Car","M",24,"22-25","Drivers"
"T20190008557","6/5/19",14:10:00,"Collision with vehicle","Monday","Day",2,2,"Multiple intersection",2,50,"A",2003,"SEDAN","HOLDEN","Car","M",42,"40-49","Drivers"
"T20190008558","7/5/19",06:15:00,"Collision with vehicle","Tuesday","Dark Street lights on",2,2,"Not at intersection",3,60,"A",2003,"DC UTE","HOLDEN","Utility","F",26,"26-29","Drivers"
"T20190008558","7/5/19",06:15:00,"Collision with vehicle","Tuesday","Dark Street lights on",2,2,"Not at intersection",3,60,"B",2007,"UTIL","TOYOTA","Utility","M",21,"17-21","Drivers"
"T20190008559","7/5/19",06:45:00,"Collision with vehicle","Tuesday","Day",3,3,"T intersection",2,60,"A",2015,"SEDAN","MERC B","Car","M",44,"40-49","Drivers"
"T20190008561","7/5/19",08:30:00,"Collision with vehicle","Tuesday","Day",2,2,"T intersection",3,80,"A",2010,"P MVR","VOLVO","Prime Mover - Single Trailer","M",46,"40-49","Drivers"
"T20190008561","7/5/19",08:30:00,"Collision with vehicle","Tuesday","Day",2,2,"T intersection",3,80,"B",2004,"SEDAN","FORD","Car","M",34,"30-39","Drivers"
"T20190008562","7/5/19",08:19:00,"Collision with vehicle","Tuesday","Day",3,3,"T intersection",3,60,"A",2016,"COUPE","M MOVE","Car","F",29,"26-29","Drivers"
"T20190008562","7/5/19",08:19:00,"Collision with vehicle","Tuesday","Day",3,3,"T intersection",3,60,"B",2007,"BUS","SCANIA","Bus/Coach","M",48,"40-49","Drivers"
"T20190008563","7/5/19",06:52:00,"Collision with vehicle","Tuesday","Dark Street lights on",4,4,"Not at intersection",3,80,"A",2005,"SEDAN","TOYOTA","Car","F",61,"60-64","Drivers"
"T20190008563","7/5/19",06:52:00,"Collision with vehicle","Tuesday","Dark Street lights on",4,4,"Not at intersection",3,80,"B",1981,"TRAY","KENWTH","Heavy Vehicle (Rigid) > 4.5 Tonnes","M",60,"60-64","Drivers"
"T20190008563","7/5/19",06:52:00,"Collision with vehicle","Tuesday","Dark Street lights on",4,4,"Not at intersection",3,80,"C",1999,"S WAG","SUBARU","Station Wagon","F",33,"30-39","Drivers"
"T20190008563","7/5/19",06:52:00,"Collision with vehicle","Tuesday","Dark Street lights on",4,4,"Not at intersection",3,80,"D",2017,"BUS","SCANIA","Bus/Coach","M",62,"60-64","Drivers"
"T20190008565","7/5/19",09:45:00,"Collision with vehicle","Tuesday","Day",2,2,"T intersection",3,60,"B",2011,"WAGON","HYNDAI","Station Wagon","F",19,"17-21","Drivers"
"T20190008565","7/5/19",09:45:00,"Collision with vehicle","Tuesday","Day",2,2,"T intersection",3,60,"C",2018,"WAGON","HOLDEN","Station Wagon","F",18,"17-21","Drivers"
"T20190008566","7/5/19",07:45:00,"Collision with vehicle","Tuesday","Day",2,2,"Cross intersection",2,60,"A",1984,"TIPPER","SCANIA","Heavy Vehicle (Rigid) > 4.5 Tonnes","M",41,"40-49","Drivers"
"T20190008566","7/5/19",07:45:00,"Collision with vehicle","Tuesday","Day",2,2,"Cross intersection",2,60,"B",2008,"VAN","MERC B","Panel Van","M",25,"22-25","Drivers"
"T20190008567","4/5/19",14:15:00,"Collision with a fixed object","Saturday","Day",2,2,"Not at intersection",3,80,"A",1997,"SEDAN","NISSAN","Car","F",22,"22-25","Drivers"
"T20190008569","7/5/19",10:45:00,"Struck Pedestrian","Tuesday","Day",1,2,"Not at intersection",3,60,"A",2015,"WAGON","TOYOTA","Station Wagon","M",49,"40-49","Drivers"
"T20190008572","7/5/19",08:10:00,"Struck Pedestrian","Tuesday","Day",1,2,"Not at intersection",2,50,"A",2007,"SEDAN","HOLDEN","Car","F",58,"50-59","Drivers"
"T20190008573","7/5/19",11:49:00,"Collision with a fixed object","Tuesday","Day",1,1,"Not at intersection",3,80,"A",2008,"SEDAN","SUZUKI","Car","F",18,"17-21","Drivers"
"T20190008576","2/5/19",16:43:00,"Collision with a fixed object","Thursday","Day",1,1,"Not at intersection",3,80,"A",2004,"SEDAN","HONDA","Car","M",42,"40-49","Drivers"
"T20190008579","7/5/19",08:31:00,"Collision with vehicle","Tuesday","Day",2,2,"Cross intersection",3,50,"A",2013,"WAGON","FORD","Station Wagon","M",23,"22-25","Drivers"
"T20190008580","3/5/19",16:00:00,"Collision with vehicle","Friday","Day",3,4,"T intersection",3,50,"A",2005,"SEDAN","HONDA","Car","M",39,"30-39","Drivers"
"T20190008580","3/5/19",16:00:00,"Collision with vehicle","Friday","Day",3,4,"T intersection",3,50,"B",2000,"WAGON","MITSUB","Station Wagon","M",21,"17-21","Drivers"
"T20190008580","3/5/19",16:00:00,"Collision with vehicle","Friday","Day",3,4,"T intersection",3,50,"C",2012,"SEDAN","TOYOTA","Car","F",36,"30-39","Drivers"
"T20190008581","7/5/19",12:06:00,"Collision with vehicle","Tuesday","Day",2,3,"Cross intersection",3,60,"A",2018,"WAGON","SUBARU","Station Wagon","F",51,"50-59","Drivers"
"T20190008581","7/5/19",12:06:00,"Collision with vehicle","Tuesday","Day",2,3,"Cross intersection",3,60,"B",2008,"UTIL","FORD","Utility","M",20,"17-21","Drivers"
"T20190008582","7/5/19",08:25:00,"Struck Pedestrian","Tuesday","Day",1,2,"Cross intersection",2,50,"A",2013,"UTIL","FORD","Utility","M",65,"64-69","Drivers"
"T20190008584","7/5/19",10:30:00,"Collision with vehicle","Tuesday","Day",2,2,"T intersection",2,60,"A",2008,"UTIL","MITSUB","Utility","M",59,"50-59","Drivers"
"T20190008585","7/5/19",07:37:00,"Collision with vehicle","Tuesday","Day",5,5,"Not at intersection",2,80,"A",2005,"TIPPER","F LINE","Heavy Vehicle (Rigid) > 4.5 Tonnes","M",36,"30-39","Drivers"
"T20190008585","7/5/19",07:37:00,"Collision with vehicle","Tuesday","Day",5,5,"Not at intersection",2,80,"B",2015,"TRAY","FORD","Light Commercial Vehicle (Rigid) <= 4.5 Tonnes GVM","M",25,"22-25","Drivers"
"T20190008585","7/5/19",07:37:00,"Collision with vehicle","Tuesday","Day",5,5,"Not at intersection",2,80,"C",2012,"SEDAN","VOLKS","Car","F",25,"22-25","Drivers"
"T20190008585","7/5/19",07:37:00,"Collision with vehicle","Tuesday","Day",5,5,"Not at intersection",2,80,"D",2018,"UTIL","MITSUB","Utility","M",42,"40-49","Drivers"
"T20190008585","7/5/19",07:37:00,"Collision with vehicle","Tuesday","Day",5,5,"Not at intersection",2,80,"E",1966,"COUPE","FORD","Car","M",39,"30-39","Drivers"
"T20190008586","7/5/19",13:02:00,"Struck Pedestrian","Tuesday","Day",1,2,"Cross intersection",2,60,"A",1995,"SEDAN","HOLDEN","Car","F",42,"40-49","Drivers"
"T20190008589","7/5/19",10:35:00,"Struck Pedestrian","Tuesday","Day",1,2,"Cross intersection",1,50,"A",2014,"WAGON","HYNDAI","Station Wagon","F",53,"50-59","Drivers"
"T20190008592","7/5/19",07:00:00,"Collision with vehicle","Tuesday","Day",2,2,"T intersection",2,70,"A",2006,"SEDAN","SUBARU","Car","M",24,"22-25","Drivers"
"T20190008592","7/5/19",07:00:00,"Collision with vehicle","Tuesday","Day",2,2,"T intersection",2,70,"B",2010,"TIPPER","VOLVO","Heavy Vehicle (Rigid) > 4.5 Tonnes","M",60,"60-64","Drivers"
"T20190008593","7/5/19",10:25:00,"Collision with vehicle","Tuesday","Day",2,3,"Cross intersection",2,80,"A",2015,"DC UTE","HOLDEN","Utility","F",68,"64-69","Drivers"
"T20190008593","7/5/19",10:25:00,"Collision with vehicle","Tuesday","Day",2,3,"Cross intersection",2,80,"B",2018,"SEDAN","SUBARU","Car","F",74,"70+","Drivers"
"T20190008594","6/5/19",08:45:00,"Struck Pedestrian","Monday","Day",1,4,"Cross intersection",3,40,"A",2008,"TRAY","FORD","Light Commercial Vehicle (Rigid) <= 4.5 Tonnes GVM","M",30,"30-39","Drivers"
"T20190008595","7/5/19",08:15:00,"Collision with vehicle","Tuesday","Day",2,4,"Cross intersection",2,60,"A",2010,"SEDAN","AUDI","Car","M",19,"17-21","Drivers"
"T20190008595","7/5/19",08:15:00,"Collision with vehicle","Tuesday","Day",2,4,"Cross intersection",2,60,"B",2007,"SEDAN","TOYOTA","Car","M",41,"40-49","Drivers"
"T20190008597","7/5/19",14:00:00,"Struck Pedestrian","Tuesday","Day",1,2,"T intersection",3,50,"A",2014,"UTIL","TOYOTA","Utility","M",55,"50-59","Drivers"
"T20190008601","30/4/19",17:20:00,"Collision with vehicle","Tuesday","Day",2,2,"T intersection",3,60,"B",2006,"SEDAN","FORD","Car","F",46,"40-49","Drivers"
"T20190008602","7/5/19",15:45:00,"Collision with vehicle","Tuesday","Day",2,4,"Cross intersection",3,50,"A",2012,"WAGON","HYNDAI","Station Wagon","M",86,"70+","Drivers"
"T20190008602","7/5/19",15:45:00,"Collision with vehicle","Tuesday","Day",2,4,"Cross intersection",3,50,"B",2009,"WAGON","HYNDAI","Station Wagon","F",35,"30-39","Drivers"
"T20190008603","7/5/19",15:40:00,"Collision with vehicle","Tuesday","Day",2,2,"Not at intersection",2,50,"A",2004,"UTIL","NISSAN","Utility","M",24,"22-25","Drivers"
"T20190008607","7/5/19",13:36:00,"Struck Pedestrian","Tuesday","Day",1,2,"T intersection",2,60,"A",2007,"SEDAN","TOYOTA","Car","M",96,"70+","Drivers"
"T20190008610","7/5/19",11:00:00,"Collision with vehicle","Tuesday","Day",2,3,"Cross intersection",3,60,"A",2018,"SEDAN","HYNDAI","Car","F",74,"70+","Drivers"
"T20190008610","7/5/19",11:00:00,"Collision with vehicle","Tuesday","Day",2,3,"Cross intersection",3,60,"B",2011,"SEDAN","UNKN","Car","F",70,"70+","Drivers"
"T20190008611","7/5/19",17:39:00,"Collision with vehicle","Tuesday","Dusk/Dawn",3,3,"T intersection",2,80,"A",2014,"SEDAN","MAZDA","Car","F",52,"50-59","Drivers"
"T20190008612","7/5/19",17:30:00,"Collision with vehicle","Tuesday","Dark Street lights on",2,3,"Cross intersection",2,60,"A",2003,"COUPE","MITSUB","Car","F",24,"22-25","Drivers"
"T20190008612","7/5/19",17:30:00,"Collision with vehicle","Tuesday","Dark Street lights on",2,3,"Cross intersection",2,60,"B",2016,"COUPE","B M W","Car","F",48,"40-49","Drivers"
"T20190008617","7/5/19",18:30:00,"Collision with vehicle","Tuesday","Dark Street lights on",2,2,"T intersection",3,50,"A",2014,"S WAG","B M W","Station Wagon","M",48,"40-49","Drivers"
"T20190008619","7/5/19",18:20:00,"Collision with vehicle","Tuesday","Dark Street lights on",4,4,"Not at intersection",3,80,"B",2010,"WAGON","SUBARU","Station Wagon","F",29,"26-29","Drivers"
"T20190008619","7/5/19",18:20:00,"Collision with vehicle","Tuesday","Dark Street lights on",4,4,"Not at intersection",3,80,"D",1999,"SEDAN","TOYOTA","Car","M",51,"50-59","Drivers"
"T20190008622","7/5/19",17:42:00,"Collision with vehicle","Tuesday","Day",2,2,"Not at intersection",3,80,"A",1997,"SEDAN","TOYOTA","Car","M",52,"50-59","Drivers"
"T20190008622","7/5/19",17:42:00,"Collision with vehicle","Tuesday","Day",2,2,"Not at intersection",3,80,"B",2010,"TRAY","MAZDA","Light Commercial Vehicle (Rigid) <= 4.5 Tonnes GVM","M",23,"22-25","Drivers"
"T20190008623","7/5/19",16:00:00,"Collision with a fixed object","Tuesday","Day",1,3,"Not at intersection",2,50,"A",2006,"S WAG","FORD","Station Wagon","M",59,"50-59","Drivers"
"T20190008624","7/5/19",18:30:00,"Collision with a fixed object","Tuesday","Dark No street lights",1,1,"Cross intersection",2,100,"A",2014,"WAGON","NISSAN","Station Wagon","M",27,"26-29","Drivers"
"T20190008626","7/5/19",18:30:00,"Collision with vehicle","Tuesday","Dark Street lights on",3,3,"Not at intersection",3,60,"B",2014,"S WAG","FORD","Station Wagon","M",50,"50-59","Drivers"
"T20190008626","7/5/19",18:30:00,"Collision with vehicle","Tuesday","Dark Street lights on",3,3,"Not at intersection",3,60,"C",2018,"WAGON","VOLKS","Station Wagon","M",45,"40-49","Drivers"
"T20190008628","7/5/19",06:03:00,"Collision with vehicle","Tuesday","Dusk/Dawn",4,4,"Not at intersection",2,80,"A",2012,"UTIL","FORD","Utility","M",61,"60-64","Drivers"
"T20190008628","7/5/19",06:03:00,"Collision with vehicle","Tuesday","Dusk/Dawn",4,4,"Not at intersection",2,80,"B",2015,"SEDAN","TOYOTA","Car","M",33,"30-39","Drivers"