"ACCIDENT_NO","ACCIDENTDATE","ACCIDENTTIME","Accident Type Desc","Day Week Description","Light Condition Desc","NO_OF_VEHICLES","NO_PERSONS","Road Geometry Desc","SEVERITY","SPEED_ZONE","VEHICLE_ID","VEHICLE_YEAR_MANUF","VEHICLE_BODY_STYLE","VEHICLE_MAKE","Vehicle Type Desc","SEX","AGE","Age Group","Road User Type Desc"
"T20190008628","7/5/19",06:03:00,"Collision with vehicle","Tuesday","Dusk/Dawn",4,4,"Not at intersection",2,80,"C",2012,"UTIL","G WALL","Utility","M",55,"50-59","Drivers"
"T20190008628","7/5/19",06:03:00,"Collision with vehicle","Tuesday","Dusk/Dawn",4,4,"Not at intersection",2,80,"D",2010,"UTIL","HOLDEN","Utility","M",21,"17-21","Drivers"
"T20190008630","7/5/19",19:16:00,"Collision with a fixed object","Tuesday","Dusk/Dawn",2,3,"Not at intersection",2,70,"A",2003,"UTIL","FORD","Utility","M",23,"22-25","Drivers"
"T20190008632","7/5/19",15:55:00,"Collision with vehicle","Tuesday","Day",2,2,"T intersection",2,50,"A",2013,"SEDAN","FORD","Car","F",52,"50-59","Drivers"
"T20190008632","7/5/19",15:55:00,"Collision with vehicle","Tuesday","Day",2,2,"T intersection",2,50,"B",2013,"WAGON","LEXUS","Station Wagon","F",67,"64-69","Drivers"
"T20190008638","7/5/19",22:40:00,"Collision with vehicle","Tuesday","Dark Street lights on",2,5,"Cross intersection",3,60,"A",2005,"SEDAN","MERC B","Car","M",18,"17-21","Drivers"
"T20190008638","7/5/19",22:40:00,"Collision with vehicle","Tuesday","Dark Street lights on",2,5,"Cross intersection",3,60,"B",2006,"S WAG","MITSUB","Station Wagon","F",84,"70+","Drivers"
"T20190008642","3/5/19",16:15:00,"Collision with vehicle","Friday","Day",2,2,"T intersection",3,60,"A",2007,"SEDAN","VOLKS","Car","F",48,"40-49","Drivers"
"T20190008642","3/5/19",16:15:00,"Collision with vehicle","Friday","Day",2,2,"T intersection",3,60,"B",2012,"WAGON","NISSAN","Station Wagon","M",40,"40-49","Drivers"
"T20190008645","8/5/19",05:40:00,"Collision with vehicle","Wednesday","Dark Street lights on",2,2,"Cross intersection",2,60,"B",0,"SEDAN","UNKN","Car","U",NA,"unknown","Drivers"
"T20190008648","8/5/19",07:30:00,"Collision with vehicle","Wednesday","Day",2,1,"Not at intersection",3,50,"A",2016,"VAN","HYNDAI","Panel Van","M",45,"40-49","Drivers"
"T20190008654","6/5/19",06:25:00,"Collision with vehicle","Monday","Day",2,2,"T intersection",3,60,"B",2013,"SED","MAZDA","Car","F",24,"22-25","Drivers"
"T20190008655","8/5/19",08:10:00,"Collision with vehicle","Wednesday","Day",3,3,"Not at intersection",3,80,"A",2013,"VAN","FIAT","Light Commercial Vehicle (Rigid) <= 4.5 Tonnes GVM","M",42,"40-49","Drivers"
"T20190008655","8/5/19",08:10:00,"Collision with vehicle","Wednesday","Day",3,3,"Not at intersection",3,80,"B",2016,"SEDAN","KIA","Car","F",45,"40-49","Drivers"
"T20190008655","8/5/19",08:10:00,"Collision with vehicle","Wednesday","Day",3,3,"Not at intersection",3,80,"C",2001,"WAGON","MAZDA","Station Wagon","F",35,"30-39","Drivers"
"T20190008656","8/5/19",06:15:00,"Collision with vehicle","Wednesday","Dark Street lights on",2,2,"T intersection",3,80,"A",2001,"WAGON","FORD","Station Wagon","M",56,"50-59","Drivers"
"T20190008656","8/5/19",06:15:00,"Collision with vehicle","Wednesday","Dark Street lights on",2,2,"T intersection",3,80,"B",2008,"TRAY","TOYOTA","Light Commercial Vehicle (Rigid) <= 4.5 Tonnes GVM","M",38,"30-39","Drivers"
"T20190008660","8/5/19",06:52:00,"Collision with vehicle","Wednesday","Day",2,3,"Cross intersection",3,60,"A",2013,"DC UTE","NISSAN","Utility","M",35,"30-39","Drivers"
"T20190008660","8/5/19",06:52:00,"Collision with vehicle","Wednesday","Day",2,3,"Cross intersection",3,60,"B",2016,"SEDAN","HYNDAI","Car","M",60,"60-64","Drivers"
"T20190008667","8/5/19",07:30:00,"Collision with vehicle","Wednesday","Day",2,2,"Not at intersection",3,50,"A",2009,"SEDAN","FORD","Car","F",53,"50-59","Drivers"
"T20190008668","8/5/19",11:00:00,"Collision with vehicle","Wednesday","Day",2,2,"Not at intersection",3,80,"A",2006,"DC UTE","TOYOTA","Utility","F",26,"26-29","Drivers"
"T20190008668","8/5/19",11:00:00,"Collision with vehicle","Wednesday","Day",2,2,"Not at intersection",3,80,"B",2006,"SEDAN","HOLDEN","Car","M",71,"70+","Drivers"
"T20190008670","8/5/19",10:00:00,"Collision with vehicle","Wednesday","Day",2,2,"Cross intersection",3,60,"A",2008,"SEDAN","HONDA","Car","F",40,"40-49","Drivers"
"T20190008670","8/5/19",10:00:00,"Collision with vehicle","Wednesday","Day",2,2,"Cross intersection",3,60,"B",2006,"SEDAN","HOLDEN","Car","M",20,"17-21","Drivers"
"T20190008671","7/5/19",16:05:00,"Struck Pedestrian","Tuesday","Day",1,2,"Cross intersection",3,60,"A",2011,"SEDAN","MERC B","Car","F",55,"50-59","Drivers"
"T20190008674","8/5/19",11:25:00,"Struck Pedestrian","Wednesday","Day",1,2,"Not at intersection",2,888,"A",2007,"SEDAN","HYNDAI","Car","F",56,"50-59","Drivers"
"T20190008676","8/5/19",10:40:00,"Collision with a fixed object","Wednesday","Day",1,1,"Not at intersection",3,100,"A",2012,"WAGON","SKODA","Station Wagon","F",42,"40-49","Drivers"
"T20190008679","8/5/19",12:55:00,"No collision and no object struck","Wednesday","Day",1,1,"Not at intersection",3,50,"A",2014,"UTIL","NISSAN","Utility","M",51,"50-59","Drivers"
"T20190008682","8/5/19",08:05:00,"Collision with a fixed object","Wednesday","Day",3,3,"Not at intersection",2,80,"A",1993,"SEDAN","FORD","Car","F",53,"50-59","Drivers"
"T20190008682","8/5/19",08:05:00,"Collision with a fixed object","Wednesday","Day",3,3,"Not at intersection",2,80,"B",2012,"TRAY","ISUZU","Light Commercial Vehicle (Rigid) <= 4.5 Tonnes GVM","M",30,"30-39","Drivers"
"T20190008682","8/5/19",08:05:00,"Collision with a fixed object","Wednesday","Day",3,3,"Not at intersection",2,80,"C",2014,"SEDAN","NISSAN","Car","F",24,"22-25","Drivers"
"T20190008684","7/5/19",11:49:00,"Collision with vehicle","Tuesday","Day",2,2,"Cross intersection",3,40,"A",2009,"WAGON","AUDI","Station Wagon","F",61,"60-64","Drivers"
"T20190008684","7/5/19",11:49:00,"Collision with vehicle","Tuesday","Day",2,2,"Cross intersection",3,40,"B",2008,"TIPPER","MACK","Prime Mover - Single Trailer","M",31,"30-39","Drivers"
"T20190008685","8/5/19",10:50:00,"Collision with vehicle","Wednesday","Day",2,2,"T intersection",3,40,"B",1999,"SEDAN","FORD","Car","F",82,"70+","Drivers"
"T20190008688","8/5/19",14:45:00,"Collision with vehicle","Wednesday","Day",2,2,"Not at intersection",3,999,"A",2018,"SEDAN","HONDA","Car","M",40,"40-49","Drivers"
"T20190008688","8/5/19",14:45:00,"Collision with vehicle","Wednesday","Day",2,2,"Not at intersection",3,999,"B",1995,"P MVR","INTERN","Prime Mover - Single Trailer","M",32,"30-39","Drivers"
"T20190008689","7/5/19",15:32:00,"Collision with vehicle","Tuesday","Day",2,2,"Not at intersection",3,80,"A",2010,"WAGON","MITSUB","Station Wagon","M",29,"26-29","Drivers"
"T20190008689","7/5/19",15:32:00,"Collision with vehicle","Tuesday","Day",2,2,"Not at intersection",3,80,"B",2018,"DC UTE","TOYOTA","Utility","M",55,"50-59","Drivers"
"T20190008691","8/5/19",17:20:00,"Collision with vehicle","Wednesday","Dusk/Dawn",2,2,"T intersection",3,80,"A",2017,"WAGON","MITSUB","Station Wagon","M",41,"40-49","Drivers"
"T20190008691","8/5/19",17:20:00,"Collision with vehicle","Wednesday","Dusk/Dawn",2,2,"T intersection",3,80,"B",2017,"DC UTE","ISUZU","Utility","F",26,"26-29","Drivers"
"T20190008692","8/5/19",14:05:00,"Collision with vehicle","Wednesday","Day",2,4,"Cross intersection",2,60,"A",2017,"SEDAN","SUZUKI","Car","M",75,"70+","Drivers"
"T20190008692","8/5/19",14:05:00,"Collision with vehicle","Wednesday","Day",2,4,"Cross intersection",2,60,"B",2007,"SEDAN","HYNDAI","Car","F",74,"70+","Drivers"
"T20190008693","8/5/19",17:40:00,"Collision with vehicle","Wednesday","Dusk/Dawn",2,2,"Cross intersection",2,40,"A",2016,"SEDAN","TOYOTA","Car","M",24,"22-25","Drivers"
"T20190008698","8/5/19",17:31:00,"Collision with vehicle","Wednesday","Dark Street lights on",2,4,"T intersection",2,60,"A",2012,"SED","NISSAN","Car","F",72,"70+","Drivers"
"T20190008700","8/5/19",14:45:00,"Collision with vehicle","Wednesday","Day",2,1,"T intersection",3,40,"A",2016,"SWV1","TORO","Quad Bike","M",40,"40-49","Drivers"
"T20190008701","8/5/19",17:48:00,"Collision with a fixed object","Wednesday","Dark Street lights on",1,1,"Not at intersection",3,60,"A",1988,"UTIL","TOYOTA","Utility","M",71,"70+","Drivers"
"T20190008705","8/5/19",20:30:00,"Collision with a fixed object","Wednesday","Dark No street lights",1,1,"Not at intersection",2,80,"A",2010,"SEDAN","MAZDA","Car","F",27,"26-29","Drivers"
"T20190008708","8/5/19",21:10:00,"Collision with vehicle","Wednesday","Dark Street lights on",2,2,"T intersection",3,60,"A",2011,"SEDAN","HOLDEN","Car","M",21,"17-21","Drivers"
"T20190008710","8/5/19",14:35:00,"collision with some other object","Wednesday","Day",1,1,"T intersection",3,40,"A",2006,"WAGON","SUBARU","Station Wagon","F",77,"70+","Drivers"
"T20190008711","2/5/19",19:00:00,"Collision with vehicle","Thursday","Dark Street lights on",2,3,"Cross intersection",3,100,"A",2007,"SEDAN","HONDA","Car","M",68,"64-69","Drivers"
"T20190008711","2/5/19",19:00:00,"Collision with vehicle","Thursday","Dark Street lights on",2,3,"Cross intersection",3,100,"B",2016,"WAGON","HONDA","Station Wagon","F",48,"40-49","Drivers"
"T20190008714","3/5/19",16:15:00,"Collision with vehicle","Friday","Day",2,2,"T intersection",3,50,"A",2016,"UTIL","NISSAN","Utility","F",42,"40-49","Drivers"
"T20190008714","3/5/19",16:15:00,"Collision with vehicle","Friday","Day",2,2,"T intersection",3,50,"B",2011,"SEDAN","HOLDEN","Car","F",28,"26-29","Drivers"
"T20190008717","9/5/19",08:20:00,"Collision with vehicle","Thursday","Day",3,3,"Cross intersection",3,60,"A",2014,"SEDAN","HYNDAI","Car","F",78,"70+","Drivers"
"T20190008717","9/5/19",08:20:00,"Collision with vehicle","Thursday","Day",3,3,"Cross intersection",3,60,"B",1997,"WAGON","L ROV","Station Wagon","M",45,"40-49","Drivers"
"T20190008717","9/5/19",08:20:00,"Collision with vehicle","Thursday","Day",3,3,"Cross intersection",3,60,"C",2014,"VAN","U D","Light Commercial Vehicle (Rigid) <= 4.5 Tonnes GVM","M",31,"30-39","Drivers"
"T20190008718","8/5/19",21:10:00,"Collision with vehicle","Wednesday","Dark Street lights on",3,3,"Not at intersection",3,60,"A",2008,"SED","HONDA","Car","M",56,"50-59","Drivers"
"T20190008718","8/5/19",21:10:00,"Collision with vehicle","Wednesday","Dark Street lights on",3,3,"Not at intersection",3,60,"B",2006,"VAN","SUZUKI","Panel Van","M",46,"40-49","Drivers"
"T20190008718","8/5/19",21:10:00,"Collision with vehicle","Wednesday","Dark Street lights on",3,3,"Not at intersection",3,60,"C",2009,"UTIL","HOLDEN","Utility","M",63,"60-64","Drivers"
"T20190008719","6/5/19",09:24:00,"Collision with vehicle","Monday","Day",3,4,"Cross intersection",3,60,"A",2006,"SEDAN","TOYOTA","Car","F",26,"26-29","Drivers"
"T20190008719","6/5/19",09:24:00,"Collision with vehicle","Monday","Day",3,4,"Cross intersection",3,60,"B",2006,"COUPE","VOLKS","Car","F",42,"40-49","Drivers"
"T20190008719","6/5/19",09:24:00,"Collision with vehicle","Monday","Day",3,4,"Cross intersection",3,60,"C",2010,"P MVR","MITSUB","Prime Mover - Single Trailer","M",53,"50-59","Drivers"
"T20190008722","9/5/19",08:31:00,"Collision with vehicle","Thursday","Day",3,3,"T intersection",3,40,"A",2008,"WAGON","DODGE","Station Wagon","M",49,"40-49","Drivers"
"T20190008722","9/5/19",08:31:00,"Collision with vehicle","Thursday","Day",3,3,"T intersection",3,40,"B",2018,"SEDAN","SUZUKI","Car","F",48,"40-49","Drivers"
"T20190008722","9/5/19",08:31:00,"Collision with vehicle","Thursday","Day",3,3,"T intersection",3,40,"C",2007,"P MVR","KENWTH","Prime Mover Only","M",40,"40-49","Drivers"
"T20190008723","9/5/19",06:45:00,"Collision with vehicle","Thursday","Dusk/Dawn",2,3,"Cross intersection",2,80,"A",2016,"UTIL","HOLDEN","Utility","M",31,"30-39","Drivers"
"T20190008723","9/5/19",06:45:00,"Collision with vehicle","Thursday","Dusk/Dawn",2,3,"Cross intersection",2,80,"B",2008,"VAN","TOYOTA","Panel Van","M",38,"30-39","Drivers"
"T20190008724","9/5/19",08:27:00,"Collision with vehicle","Thursday","Day",3,5,"T intersection",3,50,"A",2005,"SEDAN","HOLDEN","Car","M",24,"22-25","Drivers"
"T20190008724","9/5/19",08:27:00,"Collision with vehicle","Thursday","Day",3,5,"T intersection",3,50,"C",2017,"SEDAN","HOLDEN","Car","U",NA,"unknown","Drivers"
"T20190008725","9/5/19",08:05:00,"Collision with vehicle","Thursday","Day",2,2,"T intersection",1,70,"A",2017,"TRAY","MITSUB","Light Commercial Vehicle (Rigid) <= 4.5 Tonnes GVM","M",65,"64-69","Drivers"
"T20190008726","9/5/19",08:00:00,"Collision with a fixed object","Thursday","Day",1,1,"Not at intersection",3,100,"A",2003,"SEDAN","HOLDEN","Car","F",20,"17-21","Drivers"
"T20190008729","8/5/19",18:30:00,"Collision with vehicle","Wednesday","Dark Street lights on",2,3,"Not at intersection",2,50,"A",2011,"SEDAN","MAZDA","Car","M",51,"50-59","Drivers"
"T20190008729","8/5/19",18:30:00,"Collision with vehicle","Wednesday","Dark Street lights on",2,3,"Not at intersection",2,50,"B",2015,"SEDAN","MAZDA","Car","M",31,"30-39","Drivers"
"T20190008731","26/4/19",17:50:00,"Collision with vehicle","Friday","Dusk/Dawn",4,4,"Not at intersection",3,999,"A",2018,"SEDAN","HYNDAI","Car","M",32,"30-39","Drivers"
"T20190008731","26/4/19",17:50:00,"Collision with vehicle","Friday","Dusk/Dawn",4,4,"Not at intersection",3,999,"B",2004,"SEDAN","TOYOTA","Car","F",44,"40-49","Drivers"
"T20190008731","26/4/19",17:50:00,"Collision with vehicle","Friday","Dusk/Dawn",4,4,"Not at intersection",3,999,"C",2001,"SEDAN","TOYOTA","Car","M",30,"30-39","Drivers"
"T20190008731","26/4/19",17:50:00,"Collision with vehicle","Friday","Dusk/Dawn",4,4,"Not at intersection",3,999,"D",2002,"SEDAN","TOYOTA","Car","M",27,"26-29","Drivers"
"T20190008733","9/5/19",10:34:00,"Collision with vehicle","Thursday","Day",2,3,"Cross intersection",3,50,"A",1996,"SEDAN","MITSUB","Car","M",34,"30-39","Drivers"
"T20190008733","9/5/19",10:34:00,"Collision with vehicle","Thursday","Day",2,3,"Cross intersection",3,50,"B",2010,"BUS","VOLVO","Bus/Coach","M",62,"60-64","Drivers"
"T20190008739","9/5/19",08:45:00,"Collision with vehicle","Thursday","Day",2,2,"Not at intersection",3,60,"B",0,"S WAG","TOYOTA","Station Wagon","U",NA,"unknown","Drivers"
"T20190008742","4/5/19",11:30:00,"Collision with vehicle","Saturday","Day",2,2,"T intersection",3,50,"A",2017,"WAGON","MAZDA","Station Wagon","M",26,"26-29","Drivers"
"T20190008742","4/5/19",11:30:00,"Collision with vehicle","Saturday","Day",2,2,"T intersection",3,50,"B",2011,"WAGON","PORSCH","Station Wagon","F",36,"30-39","Drivers"
"T20190008744","9/5/19",14:45:00,"Collision with vehicle","Thursday","Day",2,2,"Not at intersection",2,60,"A",0,"SEDAN","FORD","Car","F",40,"40-49","Drivers"
"T20190008744","9/5/19",14:45:00,"Collision with vehicle","Thursday","Day",2,2,"Not at intersection",2,60,"B",2008,"WAGON","FORD","Station Wagon","M",33,"30-39","Drivers"
"T20190008745","9/5/19",15:55:00,"Collision with vehicle","Thursday","Day",2,2,"Not at intersection",2,80,"A",2015,"P MVR","F LINE","Prime Mover - Single Trailer","M",67,"64-69","Drivers"
"T20190008745","9/5/19",15:55:00,"Collision with vehicle","Thursday","Day",2,2,"Not at intersection",2,80,"B",2014,"SEDAN","HOLDEN","Car","M",56,"50-59","Drivers"
"T20190008746","2/5/19",13:30:00,"Collision with vehicle","Thursday","Day",2,2,"T intersection",3,60,"A",2014,"VAN","VOLKS","Station Wagon","M",36,"30-39","Drivers"
"T20190008746","2/5/19",13:30:00,"Collision with vehicle","Thursday","Day",2,2,"T intersection",3,60,"B",2017,"WAGON","HYNDAI","Station Wagon","U",NA,"unknown","Drivers"
"T20190008748","9/5/19",16:45:00,"Collision with vehicle","Thursday","Day",2,3,"Not at intersection",2,100,"A",2011,"WAGON","MITSUB","Station Wagon","F",30,"30-39","Drivers"
"T20190008752","9/5/19",18:20:00,"Collision with vehicle","Thursday","Dark Street lights on",4,5,"Not at intersection",2,60,"A",2016,"SEDAN","HYNDAI","Car","F",23,"22-25","Drivers"
"T20190008752","9/5/19",18:20:00,"Collision with vehicle","Thursday","Dark Street lights on",4,5,"Not at intersection",2,60,"B",2009,"SEDAN","FORD","Car","F",27,"26-29","Drivers"
"T20190008752","9/5/19",18:20:00,"Collision with vehicle","Thursday","Dark Street lights on",4,5,"Not at intersection",2,60,"C",1998,"SEDAN","NISSAN","Car","M",18,"17-21","Drivers"
"T20190008752","9/5/19",18:20:00,"Collision with vehicle","Thursday","Dark Street lights on",4,5,"Not at intersection",2,60,"D",2018,"DC UTE","TOYOTA","Utility","M",23,"22-25","Drivers"
"T20190008754","9/5/19",18:30:00,"Collision with vehicle","Thursday","Dark Street lights on",2,2,"Cross intersection",3,999,"A",2014,"COUPE","MERC B","Car","F",31,"30-39","Drivers"
"T20190008755","9/5/19",17:20:00,"Collision with vehicle","Thursday","Dusk/Dawn",2,2,"Cross intersection",2,50,"A",2013,"SED","HOLDEN","Car","F",26,"26-29","Drivers"
"T20190008757","9/5/19",18:19:00,"Collision with vehicle","Thursday","Dark Street lights on",2,2,"Not at intersection",3,60,"A",2018,"SEDAN","VOLKS","Car","F",22,"22-25","Drivers"
"T20190008757","9/5/19",18:19:00,"Collision with vehicle","Thursday","Dark Street lights on",2,2,"Not at intersection",3,60,"B",2012,"COUPE","PEUG","Car","F",24,"22-25","Drivers"
"T20190008761","23/4/19",17:10:00,"Collision with vehicle","Tuesday","Dusk/Dawn",2,2,"T intersection",3,60,"A",2011,"SEDAN","MAZDA","Car","F",44,"40-49","Drivers"
"T20190008761","23/4/19",17:10:00,"Collision with vehicle","Tuesday","Dusk/Dawn",2,2,"T intersection",3,60,"B",2012,"UTIL","MITSUB","Utility","M",21,"17-21","Drivers"
"T20190008762","9/5/19",19:35:00,"Collision with vehicle","Thursday","Dark Street lights on",2,2,"Not at intersection",2,80,"A",2016,"SEDAN","HOLDEN","Car","M",21,"17-21","Drivers"
"T20190008762","9/5/19",19:35:00,"Collision with vehicle","Thursday","Dark Street lights on",2,2,"Not at intersection",2,80,"B",2010,"SEDAN","TOYOTA","Car","M",53,"50-59","Drivers"
"T20190008765","9/5/19",15:10:00,"Collision with vehicle","Thursday","Day",2,3,"T intersection",2,60,"A",2012,"SEDAN","HYNDAI","Car","F",50,"50-59","Drivers"
"T20190008765","9/5/19",15:10:00,"Collision with vehicle","Thursday","Day",2,3,"T intersection",2,60,"B",1992,"SEDAN","TOYOTA","Car","F",25,"22-25","Drivers"
"T20190008766","9/5/19",19:20:00,"Collision with vehicle","Thursday","Dark Street lights on",2,2,"T intersection",2,70,"A",2016,"SEDAN","FORD","Car","M",54,"50-59","Drivers"
"T20190008767","9/5/19",20:15:00,"Collision with vehicle","Thursday","Dark Street lights on",2,2,"T intersection",2,50,"A",2000,"SEDAN","HONDA","Car","M",29,"26-29","Drivers"
"T20190008768","9/5/19",15:40:00,"Collision with vehicle","Thursday","Day",2,3,"Multiple intersection",3,60,"A",0,"P VAN","SCANIA","Prime Mover Only","M",21,"17-21","Drivers"
"T20190008768","9/5/19",15:40:00,"Collision with vehicle","Thursday","Day",2,3,"Multiple intersection",3,60,"B",2005,"TRAY","MITSUB","Light Commercial Vehicle (Rigid) <= 4.5 Tonnes GVM","M",43,"40-49","Drivers"
"T20190008770","9/5/19",18:36:00,"Collision with a fixed object","Thursday","Dark Street lights on",1,1,"Not at intersection",3,80,"A",2016,"BUS","HIGER","Bus/Coach","M",55,"50-59","Drivers"
"T20190008771","9/5/19",18:21:00,"Collision with a fixed object","Thursday","Dark Street lights on",1,1,"Not at intersection",2,60,"A",2005,"COUPE","HOLDEN","Car","M",37,"30-39","Drivers"
"T20190008773","9/5/19",15:24:00,"Collision with vehicle","Thursday","Day",2,2,"T intersection",3,70,"B",2014,"SEDAN","ALFA R","Car","M",17,"16-17","Drivers"
"T20190008774","9/5/19",21:40:00,"Collision with vehicle","Thursday","Dark Street lights on",3,3,"T intersection",3,50,"A",2012,"SEDAN","TOYOTA","Car","M",22,"22-25","Drivers"
"T20190008774","9/5/19",21:40:00,"Collision with vehicle","Thursday","Dark Street lights on",3,3,"T intersection",3,50,"B",2016,"SEDAN","MAZDA","Car","M",27,"26-29","Drivers"
"T20190008774","9/5/19",21:40:00,"Collision with vehicle","Thursday","Dark Street lights on",3,3,"T intersection",3,50,"C",2016,"SEDAN","TOYOTA","Car","M",49,"40-49","Drivers"
"T20190008776","9/5/19",00:30:00,"Collision with vehicle","Thursday","Dark Street lights on",2,2,"Cross intersection",2,60,"A",2016,"WAGON","HOLDEN","Station Wagon","F",30,"30-39","Drivers"
"T20190008776","9/5/19",00:30:00,"Collision with vehicle","Thursday","Dark Street lights on",2,2,"Cross intersection",2,60,"B",2014,"WAGON","FORD","Station Wagon","M",60,"60-64","Drivers"
"T20190008778","9/5/19",21:56:00,"Collision with vehicle","Thursday","Dark Street lights on",2,2,"Cross intersection",2,80,"A",2012,"SEDAN","SUZUKI","Car","F",46,"40-49","Drivers"
"T20190008781","9/5/19",22:10:00,"Collision with vehicle","Thursday","Dark Street lights on",2,2,"T intersection",3,60,"A",2002,"S WAG","MAZDA","Station Wagon","M",63,"60-64","Drivers"
"T20190008781","9/5/19",22:10:00,"Collision with vehicle","Thursday","Dark Street lights on",2,2,"T intersection",3,60,"B",2012,"WAGON","TOYOTA","Station Wagon","F",40,"40-49","Drivers"
"T20190008784","10/5/19",06:25:00,"Collision with vehicle","Friday","Dusk/Dawn",2,2,"Cross intersection",2,80,"A",1999,"SEDAN","TOYOTA","Car","M",22,"22-25","Drivers"
"T20190008784","10/5/19",06:25:00,"Collision with vehicle","Friday","Dusk/Dawn",2,2,"Cross intersection",2,80,"B",1998,"SEDAN","FORD","Car","F",NA,"unknown","Drivers"
"T20190008785","8/5/19",08:50:00,"Collision with vehicle","Wednesday","Unknown",2,2,"Cross intersection",3,60,"A",2007,"SED","M MOVE","Car","F",NA,"unknown","Drivers"
"T20190008785","8/5/19",08:50:00,"Collision with vehicle","Wednesday","Unknown",2,2,"Cross intersection",3,60,"B",2010,"SEDAN","MAZDA","Car","M",80,"70+","Drivers"
"T20190008786","9/5/19",19:20:00,"Collision with vehicle","Thursday","Dark Street lights on",2,2,"T intersection",3,60,"A",2010,"WAGON","TOYOTA","Station Wagon","F",48,"40-49","Drivers"
"T20190008786","9/5/19",19:20:00,"Collision with vehicle","Thursday","Dark Street lights on",2,2,"T intersection",3,60,"B",2004,"TRAY","MAZDA","Light Commercial Vehicle (Rigid) <= 4.5 Tonnes GVM","M",21,"17-21","Drivers"
"T20190008788","10/5/19",08:39:00,"Collision with vehicle","Friday","Day",2,3,"Not at intersection",3,70,"A",1996,"SEDAN","HOLDEN","Car","M",69,"64-69","Drivers"
"T20190008789","10/5/19",08:41:00,"Struck Pedestrian","Friday","Day",1,2,"Not at intersection",2,60,"A",2017,"UTIL","FORD","Utility","M",58,"50-59","Drivers"
"T20190008790","8/5/19",15:45:00,"Collision with vehicle","Wednesday","Day",2,2,"Cross intersection",3,40,"A",2017,"WAGON","MERC B","Car","M",58,"50-59","Drivers"
"T20190008798","10/5/19",11:45:00,"Collision with vehicle","Friday","Day",3,3,"Not at intersection",3,60,"A",2013,"SEDAN","HYNDAI","Car","F",28,"26-29","Drivers"
"T20190008798","10/5/19",11:45:00,"Collision with vehicle","Friday","Day",3,3,"Not at intersection",3,60,"B",2017,"SEDAN","VOLKS","Car","M",65,"64-69","Drivers"
"T20190008798","10/5/19",11:45:00,"Collision with vehicle","Friday","Day",3,3,"Not at intersection",3,60,"C",2004,"VAN","MITSUB","Panel Van","M",26,"26-29","Drivers"
"T20190008802","9/5/19",13:00:00,"Collision with vehicle","Thursday","Day",2,2,"T intersection",3,60,"A",2015,"SEDAN","MITSUB","Car","F",33,"30-39","Drivers"
"T20190008802","9/5/19",13:00:00,"Collision with vehicle","Thursday","Day",2,2,"T intersection",3,60,"B",2006,"COUPE","FORD","Car","M",39,"30-39","Drivers"
"T20190008803","9/5/19",17:00:00,"Collision with vehicle","Thursday","Day",2,2,"T intersection",3,50,"A",2016,"SEDAN","TOYOTA","Car","M",45,"40-49","Drivers"
"T20190008803","9/5/19",17:00:00,"Collision with vehicle","Thursday","Day",2,2,"T intersection",3,50,"B",2005,"UTIL","MITSUB","Utility","F",42,"40-49","Drivers"
"T20190008804","9/5/19",18:30:00,"Collision with vehicle","Thursday","Dark Street lights unknown",2,2,"Not at intersection",2,40,"B",2005,"SEDAN","HOLDEN","Car","F",28,"26-29","Drivers"
"T20190008807","10/5/19",08:20:00,"Collision with vehicle","Friday","Day",2,2,"Cross intersection",3,80,"A",2015,"WAGON","JEEP","Station Wagon","M",59,"50-59","Drivers"
"T20190008807","10/5/19",08:20:00,"Collision with vehicle","Friday","Day",2,2,"Cross intersection",3,80,"B",2003,"SEDAN","TOYOTA","Car","F",21,"17-21","Drivers"
"T20190008812","25/4/19",17:00:00,"Collision with vehicle","Thursday","Unknown",2,3,"Not at intersection",3,40,"B",0,"SEDAN","UNKN","Car","U",NA,"unknown","Drivers"
"T20190008813","10/5/19",10:00:00,"Collision with vehicle","Friday","Day",3,3,"Cross intersection",2,60,"A",2001,"SEDAN","FORD","Car","M",78,"70+","Drivers"
"T20190008813","10/5/19",10:00:00,"Collision with vehicle","Friday","Day",3,3,"Cross intersection",2,60,"B",2015,"WAGON","HONDA","Station Wagon","F",34,"30-39","Drivers"
"T20190008813","10/5/19",10:00:00,"Collision with vehicle","Friday","Day",3,3,"Cross intersection",2,60,"C",2015,"SEDAN","MITSUB","Car","F",38,"30-39","Drivers"
"T20190008815","9/5/19",16:05:00,"Collision with vehicle","Thursday","Day",4,4,"Cross intersection",2,50,"A",2017,"SEDAN","TOYOTA","Car","M",76,"70+","Drivers"
"T20190008815","9/5/19",16:05:00,"Collision with vehicle","Thursday","Day",4,4,"Cross intersection",2,50,"B",2014,"SEDAN","TOYOTA","Car","F",58,"50-59","Drivers"
"T20190008815","9/5/19",16:05:00,"Collision with vehicle","Thursday","Day",4,4,"Cross intersection",2,50,"C",2016,"SEDAN","NISSAN","Car","F",64,"60-64","Drivers"
"T20190008815","9/5/19",16:05:00,"Collision with vehicle","Thursday","Day",4,4,"Cross intersection",2,50,"D",2009,"SEDAN","MERC B","Car","M",73,"70+","Drivers"
"T20190008816","6/5/19",22:31:00,"Collision with vehicle","Monday","Dark Street lights unknown",2,2,"Not at intersection",3,40,"A",2010,"SEDAN","MITSUB","Car","F",21,"17-21","Drivers"
"T20190008816","6/5/19",22:31:00,"Collision with vehicle","Monday","Dark Street lights unknown",2,2,"Not at intersection",3,40,"B",2016,"TIPPER","VOLVO","Heavy Vehicle (Rigid) > 4.5 Tonnes","M",40,"40-49","Drivers"