"ACCIDENT_NO","ACCIDENTDATE","ACCIDENTTIME","Accident Type Desc","Day Week Description","Light Condition Desc","NO_OF_VEHICLES","NO_PERSONS","Road Geometry Desc","SEVERITY","SPEED_ZONE","VEHICLE_ID","VEHICLE_YEAR_MANUF","VEHICLE_BODY_STYLE","VEHICLE_MAKE","Vehicle Type Desc","SEX","AGE","Age Group","Road User Type Desc"
"T20190008819","10/5/19",09:30:00,"Collision with vehicle","Friday","Day",2,2,"Cross intersection",3,50,"A",2015,"SEDAN","HOLDEN","Car","F",28,"26-29","Drivers"
"T20190008819","10/5/19",09:30:00,"Collision with vehicle","Friday","Day",2,2,"Cross intersection",3,50,"B",2008,"SEDAN","VOLKS","Car","F",44,"40-49","Drivers"
"T20190008823","10/5/19",13:31:00,"Collision with vehicle","Friday","Day",2,3,"Cross intersection",3,50,"A",2018,"WAGON","NISSAN","Station Wagon","M",40,"40-49","Drivers"
"T20190008823","10/5/19",13:31:00,"Collision with vehicle","Friday","Day",2,3,"Cross intersection",3,50,"B",2013,"DC UTE","TOYOTA","Utility","M",39,"30-39","Drivers"
"T20190008824","10/5/19",13:40:00,"Struck Pedestrian","Friday","Day",1,2,"Not at intersection",3,50,"A",2010,"SEDAN","TOYOTA","Car","F",81,"70+","Drivers"
"T20190008825","10/5/19",16:50:00,"Collision with vehicle","Friday","Dusk/Dawn",3,4,"T intersection",3,80,"A",2013,"SEDAN","HYNDAI","Car","F",21,"17-21","Drivers"
"T20190008825","10/5/19",16:50:00,"Collision with vehicle","Friday","Dusk/Dawn",3,4,"T intersection",3,80,"B",2012,"SEDAN","SUBARU","Car","F",43,"40-49","Drivers"
"T20190008825","10/5/19",16:50:00,"Collision with vehicle","Friday","Dusk/Dawn",3,4,"T intersection",3,80,"C",2014,"SEDAN","MERC B","Car","F",41,"40-49","Drivers"
"T20190008826","6/5/19",09:20:00,"Struck Pedestrian","Monday","Day",1,2,"T intersection",3,40,"A",2008,"WAGON","TOYOTA","Station Wagon","F",72,"70+","Drivers"
"T20190008827","10/5/19",13:50:00,"Collision with vehicle","Friday","Day",2,2,"Cross intersection",3,40,"A",2007,"S WAG","NISSAN","Station Wagon","M",18,"17-21","Drivers"
"T20190008827","10/5/19",13:50:00,"Collision with vehicle","Friday","Day",2,2,"Cross intersection",3,40,"B",2008,"S WAG","SUBARU","Station Wagon","M",78,"70+","Drivers"
"T20190008830","10/5/19",18:00:00,"Collision with vehicle","Friday","Dark Street lights unknown",3,3,"Not at intersection",3,100,"A",2011,"DC UTE","TOYOTA","Utility","M",24,"22-25","Drivers"
"T20190008830","10/5/19",18:00:00,"Collision with vehicle","Friday","Dark Street lights unknown",3,3,"Not at intersection",3,100,"B",2014,"SEDAN","MAZDA","Car","F",28,"26-29","Drivers"
"T20190008830","10/5/19",18:00:00,"Collision with vehicle","Friday","Dark Street lights unknown",3,3,"Not at intersection",3,100,"C",2017,"WAGON","HONDA","Station Wagon","F",48,"40-49","Drivers"
"T20190008831","10/5/19",17:00:00,"Collision with vehicle","Friday","Dusk/Dawn",2,3,"Cross intersection",3,50,"B",2013,"WAGON","MERC B","Station Wagon","F",42,"40-49","Drivers"
"T20190008832","10/5/19",18:00:00,"Vehicle overturned (no collision)","Friday","Dark No street lights",1,2,"Y intersection",2,100,"A",2016,"DC UTE","FORD","Utility","M",20,"17-21","Drivers"
"T20190008833","10/5/19",16:07:00,"Collision with a fixed object","Friday","Day",2,4,"Not at intersection",2,60,"A",2013,"SED","PORSCH","Car","M",36,"30-39","Drivers"
"T20190008833","10/5/19",16:07:00,"Collision with a fixed object","Friday","Day",2,4,"Not at intersection",2,60,"B",2013,"SEDAN","AUDI","Car","M",32,"30-39","Drivers"
"T20190008837","10/5/19",18:30:00,"Struck Pedestrian","Friday","Dark No street lights",1,4,"Not at intersection",1,80,"A",2010,"WAGON","JEEP","Station Wagon","F",30,"30-39","Drivers"
"T20190008838","10/5/19",15:22:00,"Struck Pedestrian","Friday","Day",1,2,"Not at intersection",3,40,"A",2018,"SEDAN","HOLDEN","Car","F",42,"40-49","Drivers"
"T20190008842","10/5/19",20:00:00,"Collision with a fixed object","Friday","Dark Street lights on",1,3,"Not at intersection",2,50,"A",2012,"COUPE","HYNDAI","Car","F",19,"17-21","Drivers"
"T20190008843","10/5/19",18:55:00,"Collision with vehicle","Friday","Dark No street lights",2,2,"T intersection",3,80,"A",2010,"SEDAN","FORD","Car","M",20,"17-21","Drivers"
"T20190008843","10/5/19",18:55:00,"Collision with vehicle","Friday","Dark No street lights",2,2,"T intersection",3,80,"B",1985,"S WAG","TOYOTA","Station Wagon","M",19,"17-21","Drivers"
"T20190008846","11/5/19",01:15:00,"Collision with vehicle","Saturday","Dark Street lights on",2,1,"Not at intersection",3,50,"B",2014,"SED","HOLDEN","Car","M",21,"17-21","Drivers"
"T20190008847","10/5/19",23:55:00,"Collision with a fixed object","Friday","Dark Street lights on",2,3,"Not at intersection",2,60,"A",2009,"TRAY","TOYOTA","Light Commercial Vehicle (Rigid) <= 4.5 Tonnes GVM","M",24,"22-25","Drivers"
"T20190008847","10/5/19",23:55:00,"Collision with a fixed object","Friday","Dark Street lights on",2,3,"Not at intersection",2,60,"B",2006,"SEDAN","REN","Car","M",29,"26-29","Drivers"
"T20190008848","10/5/19",20:30:00,"Collision with vehicle","Friday","Dark No street lights",3,3,"Not at intersection",2,100,"B",1999,"P MVR","INTERN","Prime Mover - Single Trailer","M",75,"70+","Drivers"
"T20190008848","10/5/19",20:30:00,"Collision with vehicle","Friday","Dark No street lights",3,3,"Not at intersection",2,100,"C",2013,"SEDAN","FORD","Car","F",47,"40-49","Drivers"
"T20190008851","10/5/19",22:10:00,"Collision with vehicle","Friday","Dark Street lights on",2,2,"Not at intersection",2,60,"A",2010,"SEDAN","TOYOTA","Taxi","M",34,"30-39","Drivers"
"T20190008854","11/5/19",05:00:00,"Collision with a fixed object","Saturday","Dark Street lights on",2,4,"T intersection",3,50,"A",2000,"SEDAN","HOLDEN","Car","F",29,"26-29","Drivers"
"T20190008854","11/5/19",05:00:00,"Collision with a fixed object","Saturday","Dark Street lights on",2,4,"T intersection",3,50,"B",2017,"UTIL","HOLDEN","Utility","U",NA,"unknown","Drivers"
"T20190008855","10/5/19",14:25:00,"Collision with a fixed object","Friday","Day",2,1,"Not at intersection",3,60,"A",2002,"SEDAN","HOLDEN","Car","M",20,"17-21","Drivers"
"T20190008859","11/5/19",11:10:00,"Collision with vehicle","Saturday","Day",2,2,"T intersection",2,80,"A",2011,"WAGON","B M W","Station Wagon","F",42,"40-49","Drivers"
"T20190008860","11/5/19",08:15:00,"Collision with a fixed object","Saturday","Day",1,1,"Not at intersection",3,100,"A",2002,"SEDAN","HOLDEN","Car","M",18,"17-21","Drivers"
"T20190008862","9/5/19",09:20:00,"Collision with vehicle","Thursday","Day",2,3,"Unknown",3,40,"A",2012,"SEDAN","FORD","Car","M",42,"40-49","Drivers"
"T20190008863","11/5/19",07:39:00,"Collision with a fixed object","Saturday","Day",1,3,"Not at intersection",2,70,"A",2005,"SEDAN","HONDA","Car","F",48,"40-49","Drivers"
"T20190008868","11/5/19",12:35:00,"Collision with vehicle","Saturday","Day",2,2,"T intersection",3,60,"A",2011,"SEDAN","TOYOTA","Car","M",29,"26-29","Drivers"
"T20190008870","10/5/19",10:59:00,"Collision with vehicle","Friday","Day",2,2,"Multiple intersection",3,999,"A",2013,"WAGON","NISSAN","Station Wagon","F",29,"26-29","Drivers"
"T20190008870","10/5/19",10:59:00,"Collision with vehicle","Friday","Day",2,2,"Multiple intersection",3,999,"B",2011,"SEDAN","HOLDEN","Car","M",19,"17-21","Drivers"
"T20190008871","11/5/19",14:00:00,"Struck Pedestrian","Saturday","Day",1,2,"Not at intersection",2,50,"A",2008,"SEDAN","MAZDA","Car","M",77,"70+","Drivers"
"T20190008872","11/5/19",14:15:00,"Collision with vehicle","Saturday","Day",2,2,"Cross intersection",2,50,"A",2000,"TRAY","TOYOTA","Light Commercial Vehicle (Rigid) <= 4.5 Tonnes GVM","M",73,"70+","Drivers"
"T20190008873","11/5/19",14:00:00,"Collision with vehicle","Saturday","Day",2,5,"Cross intersection",3,50,"A",2008,"COUPE","VOLKS","Car","F",17,"16-17","Drivers"
"T20190008873","11/5/19",14:00:00,"Collision with vehicle","Saturday","Day",2,5,"Cross intersection",3,50,"B",2009,"SEDAN","SUBARU","Car","F",30,"30-39","Drivers"
"T20190008874","10/5/19",15:30:00,"Collision with vehicle","Friday","Day",2,3,"Not at intersection",3,60,"A",2017,"WAGON","NISSAN","Station Wagon","M",55,"50-59","Drivers"
"T20190008874","10/5/19",15:30:00,"Collision with vehicle","Friday","Day",2,3,"Not at intersection",3,60,"B",1991,"S WAG","FORD","Station Wagon","M",68,"64-69","Drivers"
"T20190008876","11/5/19",09:25:00,"Collision with vehicle","Saturday","Day",10,11,"Not at intersection",2,100,"A",1996,"WAGON","NISSAN","Station Wagon","F",59,"50-59","Drivers"
"T20190008876","11/5/19",09:25:00,"Collision with vehicle","Saturday","Day",10,11,"Not at intersection",2,100,"B",2001,"WAGON","TOYOTA","Station Wagon","F",49,"40-49","Drivers"
"T20190008876","11/5/19",09:25:00,"Collision with vehicle","Saturday","Day",10,11,"Not at intersection",2,100,"C",2018,"WAGON","LEXUS","Station Wagon","F",57,"50-59","Drivers"
"T20190008879","11/5/19",16:34:00,"Collision with a fixed object","Saturday","Day",1,1,"T intersection",3,50,"A",2008,"SEDAN","FORD","Car","M",50,"50-59","Drivers"
"T20190008880","11/5/19",13:35:00,"Collision with a fixed object","Saturday","Day",1,2,"Not at intersection",2,80,"A",2008,"COUPE","B M W","Car","M",19,"17-21","Drivers"
"T20190008884","11/5/19",15:44:00,"Collision with vehicle","Saturday","Day",2,2,"T intersection",2,60,"B",2006,"SEDAN","SUBARU","Car","F",33,"30-39","Drivers"
"T20190008885","11/5/19",17:40:00,"Struck animal","Saturday","Dark No street lights",1,2,"Not at intersection",3,100,"A",2002,"UTIL","MAZDA","Utility","F",34,"30-39","Drivers"
"T20190008886","11/5/19",20:30:00,"Collision with vehicle","Saturday","Dark Street lights on",2,2,"Not at intersection",3,60,"A",2019,"SEDAN","MERC B","Car","M",57,"50-59","Drivers"
"T20190008886","11/5/19",20:30:00,"Collision with vehicle","Saturday","Dark Street lights on",2,2,"Not at intersection",3,60,"B",2001,"WAGON","SUBARU","Station Wagon","M",44,"40-49","Drivers"
"T20190008887","11/5/19",17:08:00,"Struck Pedestrian","Saturday","Day",1,2,"Not at intersection",3,50,"A",2004,"S WAG","SUBARU","Station Wagon","M",19,"17-21","Drivers"
"T20190008888","11/5/19",15:34:00,"Collision with vehicle","Saturday","Day",2,2,"Not at intersection",1,60,"A",2005,"SEDAN","MITSUB","Car","M",88,"70+","Drivers"
"T20190008888","11/5/19",15:34:00,"Collision with vehicle","Saturday","Day",2,2,"Not at intersection",1,60,"B",2013,"SEDAN","VOLKS","Car","F",26,"26-29","Drivers"
"T20190008892","11/5/19",20:50:00,"Collision with a fixed object","Saturday","Dark Street lights on",1,1,"Not at intersection",2,60,"A",2010,"WAGON","MITSUB","Car","M",30,"30-39","Drivers"
"T20190008893","11/5/19",18:11:00,"Collision with vehicle","Saturday","Dark Street lights on",2,3,"Cross intersection",2,60,"A",2010,"TIPPER","KENWTH","Heavy Vehicle (Rigid) > 4.5 Tonnes","M",42,"40-49","Drivers"
"T20190008893","11/5/19",18:11:00,"Collision with vehicle","Saturday","Dark Street lights on",2,3,"Cross intersection",2,60,"B",2017,"SEDAN","TOYOTA","Car","F",39,"30-39","Drivers"
"T20190008897","11/5/19",20:05:00,"Collision with vehicle","Saturday","Dark Street lights on",2,4,"T intersection",1,60,"A",2008,"SED","TOYOTA","Car","M",24,"22-25","Drivers"
"T20190008898","2/5/19",16:57:00,"Collision with vehicle","Thursday","Dusk/Dawn",2,4,"Not at intersection",3,80,"A",2015,"SEDAN","KIA","Car","F",39,"30-39","Drivers"
"T20190008898","2/5/19",16:57:00,"Collision with vehicle","Thursday","Dusk/Dawn",2,4,"Not at intersection",3,80,"B",2006,"SEDAN","HONDA","Car","M",41,"40-49","Drivers"
"T20190008900","11/5/19",22:13:00,"Collision with vehicle","Saturday","Dark Street lights on",4,2,"Not at intersection",2,50,"A",2002,"S WAG","HOLDEN","Station Wagon","M",19,"17-21","Drivers"
"T20190008904","1/5/19",08:40:00,"Collision with vehicle","Wednesday","Day",2,2,"Not at intersection",3,60,"A",2014,"WAGON","SUBARU","Station Wagon","F",41,"40-49","Drivers"
"T20190008904","1/5/19",08:40:00,"Collision with vehicle","Wednesday","Day",2,2,"Not at intersection",3,60,"B",2018,"TRAY","HINO","Light Commercial Vehicle (Rigid) <= 4.5 Tonnes GVM","M",56,"50-59","Drivers"
"T20190008905","12/5/19",06:01:00,"Collision with vehicle","Sunday","Dark Street lights on",2,6,"Multiple intersection",2,60,"A",2014,"SEDAN","UNKN","Car","M",23,"22-25","Drivers"
"T20190008905","12/5/19",06:01:00,"Collision with vehicle","Sunday","Dark Street lights on",2,6,"Multiple intersection",2,60,"B",2019,"WAGON","HAVAL","Station Wagon","M",40,"40-49","Drivers"
"T20190008909","10/5/19",13:40:00,"collision with some other object","Friday","Day",1,1,"Not at intersection",3,80,"A",2017,"DC UTE","NISSAN","Utility","M",42,"40-49","Drivers"
"T20190008911","12/5/19",07:45:00,"Collision with a fixed object","Sunday","Day",1,2,"Not at intersection",2,100,"A",1999,"S WAG","FORD","Station Wagon","M",21,"17-21","Drivers"
"T20190008915","11/5/19",18:30:00,"Collision with vehicle","Saturday","Dark Street lights on",2,2,"Cross intersection",3,50,"A",2016,"SEDAN","HOLDEN","Car","M",18,"17-21","Drivers"
"T20190008915","11/5/19",18:30:00,"Collision with vehicle","Saturday","Dark Street lights on",2,2,"Cross intersection",3,50,"B",2014,"WAGON","SUBARU","Car","M",42,"40-49","Drivers"
"T20190008916","10/5/19",16:30:00,"Collision with vehicle","Friday","Day",3,3,"Not at intersection",3,60,"A",2006,"DC UTE","NISSAN","Utility","M",21,"17-21","Drivers"
"T20190008916","10/5/19",16:30:00,"Collision with vehicle","Friday","Day",3,3,"Not at intersection",3,60,"B",2015,"SEDAN","HYNDAI","Car","M",29,"26-29","Drivers"
"T20190008916","10/5/19",16:30:00,"Collision with vehicle","Friday","Day",3,3,"Not at intersection",3,60,"C",2017,"SEDAN","TOYOTA","Car","F",43,"40-49","Drivers"
"T20190008919","12/5/19",10:24:00,"Collision with vehicle","Sunday","Day",2,3,"Cross intersection",2,60,"A",2005,"SEDAN","TOYOTA","Car","M",70,"70+","Drivers"
"T20190008919","12/5/19",10:24:00,"Collision with vehicle","Sunday","Day",2,3,"Cross intersection",2,60,"B",2016,"WAGON","TOYOTA","Station Wagon","M",33,"30-39","Drivers"
"T20190008922","11/5/19",23:07:00,"Collision with vehicle","Saturday","Dark Street lights on",3,6,"T intersection",2,70,"A",2008,"WAGON","HOLDEN","Station Wagon","M",18,"17-21","Drivers"
"T20190008922","11/5/19",23:07:00,"Collision with vehicle","Saturday","Dark Street lights on",3,6,"T intersection",2,70,"B",2007,"SEDAN","HONDA","Car","M",22,"22-25","Drivers"
"T20190008922","11/5/19",23:07:00,"Collision with vehicle","Saturday","Dark Street lights on",3,6,"T intersection",2,70,"C",0,"UTIL","UNKN","Utility","U",NA,"unknown","Drivers"
"T20190008923","12/5/19",09:30:00,"Collision with vehicle","Sunday","Unknown",2,2,"Not at intersection",3,40,"A",2018,"DC UTE","NISSAN","Utility","M",27,"26-29","Drivers"
"T20190008930","12/5/19",17:20:00,"Collision with vehicle","Sunday","Dusk/Dawn",2,5,"T intersection",3,60,"A",2008,"SEDAN","TOYOTA","Car","M",26,"26-29","Drivers"
"T20190008930","12/5/19",17:20:00,"Collision with vehicle","Sunday","Dusk/Dawn",2,5,"T intersection",3,60,"B",2010,"SEDAN","MAZDA","Car","F",48,"40-49","Drivers"
"T20190008934","12/5/19",17:45:00,"Struck Pedestrian","Sunday","Dark No street lights",1,3,"Cross intersection",1,60,"A",2004,"SEDAN","AUDI","Car","M",66,"64-69","Drivers"
"T20190008935","12/5/19",16:50:00,"Collision with vehicle","Sunday","Day",2,2,"Not at intersection",2,100,"A",2006,"VAN","TOYOTA","Panel Van","M",31,"30-39","Drivers"
"T20190008935","12/5/19",16:50:00,"Collision with vehicle","Sunday","Day",2,2,"Not at intersection",2,100,"B",2015,"WAGON","VOLKS","Station Wagon","F",36,"30-39","Drivers"
"T20190008939","12/5/19",22:15:00,"Collision with vehicle","Sunday","Dark Street lights on",2,3,"T intersection",3,60,"A",2010,"SED","TOYOTA","Car","M",23,"22-25","Drivers"
"T20190008939","12/5/19",22:15:00,"Collision with vehicle","Sunday","Dark Street lights on",2,3,"T intersection",3,60,"B",2011,"SEDAN","FORD","Car","M",72,"70+","Drivers"
"T20190008940","12/5/19",16:45:00,"Collision with a fixed object","Sunday","Day",1,2,"Not at intersection",3,50,"A",2002,"S WAG","HOLDEN","Station Wagon","M",22,"22-25","Drivers"
"T20190008944","12/5/19",22:00:00,"Vehicle overturned (no collision)","Sunday","Dark No street lights",1,1,"Not at intersection",2,100,"A",2001,"WAGON","DAIHAT","Station Wagon","F",19,"17-21","Drivers"
"T20190008947","13/5/19",06:55:00,"Collision with vehicle","Monday","Day",2,2,"Cross intersection",2,50,"A",2010,"SEDAN","HOLDEN","Taxi","M",44,"40-49","Drivers"
"T20190008947","13/5/19",06:55:00,"Collision with vehicle","Monday","Day",2,2,"Cross intersection",2,50,"B",2015,"VAN","ISUZU","Light Commercial Vehicle (Rigid) <= 4.5 Tonnes GVM","M",46,"40-49","Drivers"
"T20190008949","13/5/19",04:20:00,"Collision with a fixed object","Monday","Dark No street lights",1,1,"Not at intersection",3,100,"A",2004,"TIPPER","KENWTH","Heavy Vehicle (Rigid) > 4.5 Tonnes","M",24,"22-25","Drivers"
"T20190008952","10/5/19",15:15:00,"Collision with vehicle","Friday","Day",2,2,"Not at intersection",3,999,"B",2004,"SEDAN","NISSAN","Car","F",76,"70+","Drivers"
"T20190008956","13/5/19",08:00:00,"Struck Pedestrian","Monday","Day",1,2,"Not at intersection",3,40,"A",2011,"WAGON","VOLKS","Station Wagon","M",50,"50-59","Drivers"
"T20190008959","13/5/19",09:35:00,"Collision with a fixed object","Monday","Day",3,4,"T intersection",2,60,"A",1999,"SEDAN","FORD","Car","M",73,"70+","Drivers"
"T20190008959","13/5/19",09:35:00,"Collision with a fixed object","Monday","Day",3,4,"T intersection",2,60,"B",2019,"WAGON","TOYOTA","Station Wagon","M",59,"50-59","Drivers"
"T20190008959","13/5/19",09:35:00,"Collision with a fixed object","Monday","Day",3,4,"T intersection",2,60,"C",2016,"WAGON","HYNDAI","Taxi","F",64,"60-64","Drivers"
"T20190008960","13/5/19",09:52:00,"Collision with vehicle","Monday","Day",3,2,"Cross intersection",2,50,"A",2018,"SEDAN","KIA","Car","F",22,"22-25","Drivers"
"T20190008960","13/5/19",09:52:00,"Collision with vehicle","Monday","Day",3,2,"Cross intersection",2,50,"B",2011,"SEDAN","SUZUKI","Car","F",55,"50-59","Drivers"
"T20190008961","13/5/19",10:24:00,"Collision with vehicle","Monday","Day",3,3,"Not at intersection",3,60,"A",2018,"S WAG","SUBARU","Station Wagon","M",30,"30-39","Drivers"
"T20190008961","13/5/19",10:24:00,"Collision with vehicle","Monday","Day",3,3,"Not at intersection",3,60,"B",2000,"SED","AUDI","Car","M",26,"26-29","Drivers"
"T20190008961","13/5/19",10:24:00,"Collision with vehicle","Monday","Day",3,3,"Not at intersection",3,60,"C",2011,"SEDAN","AUDI","Car","F",28,"26-29","Drivers"
"T20190008965","13/5/19",07:14:00,"Collision with vehicle","Monday","Day",3,3,"Cross intersection",3,60,"A",2018,"SEDAN","MAZDA","Car","M",25,"22-25","Drivers"
"T20190008965","13/5/19",07:14:00,"Collision with vehicle","Monday","Day",3,3,"Cross intersection",3,60,"B",2010,"SEDAN","MITSUB","Car","M",36,"30-39","Drivers"
"T20190008965","13/5/19",07:14:00,"Collision with vehicle","Monday","Day",3,3,"Cross intersection",3,60,"C",2016,"SEDAN","MERC B","Car","M",49,"40-49","Drivers"
"T20190008966","12/5/19",09:20:00,"Struck Pedestrian","Sunday","Day",1,2,"Not at intersection",3,40,"A",0,"SEDAN","UNKN","Taxi","U",NA,"unknown","Drivers"
"T20190008967","13/5/19",12:15:00,"Collision with vehicle","Monday","Day",2,3,"Not at intersection",2,60,"A",2000,"SEDAN","HYNDAI","Car","F",62,"60-64","Drivers"
"T20190008967","13/5/19",12:15:00,"Collision with vehicle","Monday","Day",2,3,"Not at intersection",2,60,"B",2005,"DC UTE","TOYOTA","Utility","M",26,"26-29","Drivers"
"T20190008968","13/5/19",12:35:00,"Collision with vehicle","Monday","Day",2,2,"Not at intersection",3,999,"A",2008,"SEDAN","HYNDAI","Car","F",32,"30-39","Drivers"
"T20190008968","13/5/19",12:35:00,"Collision with vehicle","Monday","Day",2,2,"Not at intersection",3,999,"B",2011,"DC UTE","NISSAN","Utility","M",34,"30-39","Drivers"
"T20190008972","13/5/19",07:25:00,"Collision with a fixed object","Monday","Day",1,1,"Cross intersection",2,50,"A",1999,"SEDAN","HOLDEN","Car","M",21,"17-21","Drivers"
"T20190008973","7/5/19",16:13:00,"Struck Pedestrian","Tuesday","Day",1,2,"T intersection",2,60,"A",2015,"WAGON","MERC B","Station Wagon","M",48,"40-49","Drivers"
"T20190008974","10/5/19",11:00:00,"Collision with vehicle","Friday","Unknown",2,1,"T intersection",2,50,"A",1997,"SED","FORD","Car","F",58,"50-59","Drivers"
"T20190008975","13/5/19",12:20:00,"Collision with vehicle","Monday","Day",4,6,"Not at intersection",2,60,"A",2007,"SEDAN","TOYOTA","Car","M",23,"22-25","Drivers"
"T20190008975","13/5/19",12:20:00,"Collision with vehicle","Monday","Day",4,6,"Not at intersection",2,60,"B",2012,"WAGON","LEXUS","Station Wagon","F",49,"40-49","Drivers"
"T20190008975","13/5/19",12:20:00,"Collision with vehicle","Monday","Day",4,6,"Not at intersection",2,60,"C",2007,"SEDAN","FORD","Car","M",19,"17-21","Drivers"
"T20190008975","13/5/19",12:20:00,"Collision with vehicle","Monday","Day",4,6,"Not at intersection",2,60,"D",2004,"WAGON","TOYOTA","Station Wagon","F",28,"26-29","Drivers"
"T20190008979","13/5/19",07:44:00,"Struck Pedestrian","Monday","Day",1,2,"Cross intersection",2,70,"A",2004,"VAN","MERC B","Panel Van","M",68,"64-69","Drivers"
"T20190008980","13/5/19",09:40:00,"Collision with vehicle","Monday","Day",2,2,"Not at intersection",2,50,"A",2005,"SEDAN","HOLDEN","Car","F",21,"17-21","Drivers"
"T20190008980","13/5/19",09:40:00,"Collision with vehicle","Monday","Day",2,2,"Not at intersection",2,50,"B",2000,"WAGON","NISSAN","Station Wagon","F",34,"30-39","Drivers"
"T20190008981","13/5/19",08:09:00,"Collision with vehicle","Monday","Day",2,2,"Cross intersection",3,60,"B",2007,"SEDAN","TOYOTA","Car","F",61,"60-64","Drivers"
"T20190008984","13/5/19",12:10:00,"Collision with vehicle","Monday","Day",4,4,"Not at intersection",2,100,"A",2018,"WAGON","MAZDA","Station Wagon","M",80,"70+","Drivers"
"T20190008984","13/5/19",12:10:00,"Collision with vehicle","Monday","Day",4,4,"Not at intersection",2,100,"B",2017,"P MVR","KENWTH","Prime Mover - Single Trailer","M",52,"50-59","Drivers"
"T20190008984","13/5/19",12:10:00,"Collision with vehicle","Monday","Day",4,4,"Not at intersection",2,100,"C",2005,"VAN","HINO","Light Commercial Vehicle (Rigid) <= 4.5 Tonnes GVM","M",41,"40-49","Drivers"
"T20190008984","13/5/19",12:10:00,"Collision with vehicle","Monday","Day",4,4,"Not at intersection",2,100,"D",2013,"UTIL","MAZDA","Utility","M",67,"64-69","Drivers"
"T20190008985","13/5/19",14:03:00,"Collision with vehicle","Monday","Day",2,2,"Cross intersection",2,60,"A",2008,"SEDAN","TOYOTA","Car","F",37,"30-39","Drivers"
"T20190008985","13/5/19",14:03:00,"Collision with vehicle","Monday","Day",2,2,"Cross intersection",2,60,"B",2001,"S WAG","SUBARU","Station Wagon","M",75,"70+","Drivers"
"T20190008987","13/5/19",12:25:00,"Collision with vehicle","Monday","Day",2,4,"Not at intersection",3,50,"A",2003,"WAGON","HONDA","Station Wagon","M",37,"30-39","Drivers"
"T20190008987","13/5/19",12:25:00,"Collision with vehicle","Monday","Day",2,4,"Not at intersection",3,50,"B",2013,"SED","TOYOTA","Taxi","F",41,"40-49","Drivers"
"T20190008988","3/5/19",06:26:00,"Collision with vehicle","Friday","Dusk/Dawn",3,3,"Not at intersection",3,60,"A",2014,"DC UTE","TOYOTA","Utility","M",38,"30-39","Drivers"
"T20190008988","3/5/19",06:26:00,"Collision with vehicle","Friday","Dusk/Dawn",3,3,"Not at intersection",3,60,"B",2007,"SEDAN","TOYOTA","Car","M",51,"50-59","Drivers"
"T20190008988","3/5/19",06:26:00,"Collision with vehicle","Friday","Dusk/Dawn",3,3,"Not at intersection",3,60,"C",2005,"SEDAN","TOYOTA","Car","M",26,"26-29","Drivers"
"T20190008992","2/5/19",06:10:00,"Collision with vehicle","Thursday","Dark Street lights on",2,2,"Not at intersection",3,80,"B",2005,"SED","TOYOTA","Car","M",28,"26-29","Drivers"
"T20190008994","13/5/19",10:44:00,"Collision with vehicle","Monday","Day",2,2,"T intersection",3,70,"A",2004,"SEDAN","HOLDEN","Car","M",75,"70+","Drivers"
"T20190008994","13/5/19",10:44:00,"Collision with vehicle","Monday","Day",2,2,"T intersection",3,70,"B",2008,"SEDAN","HOLDEN","Car","M",59,"50-59","Drivers"
"T20190008996","13/5/19",14:15:00,"Collision with vehicle","Monday","Day",2,2,"Multiple intersection",2,60,"A",2010,"WAGON","HOLDEN","Station Wagon","M",48,"40-49","Drivers"
"T20190008996","13/5/19",14:15:00,"Collision with vehicle","Monday","Day",2,2,"Multiple intersection",2,60,"B",1999,"SEDAN","HOLDEN","Car","F",58,"50-59","Drivers"
"T20190008997","13/5/19",15:44:00,"Collision with vehicle","Monday","Day",3,7,"Not at intersection",3,80,"A",2013,"UTIL","MITSUB","Utility","M",22,"22-25","Drivers"
"T20190008997","13/5/19",15:44:00,"Collision with vehicle","Monday","Day",3,7,"Not at intersection",3,80,"B",2001,"WAGON","NISSAN","Station Wagon","F",41,"40-49","Drivers"
"T20190008997","13/5/19",15:44:00,"Collision with vehicle","Monday","Day",3,7,"Not at intersection",3,80,"C",2014,"WAGON","TOYOTA","Station Wagon","M",50,"50-59","Drivers"
"T20190008999","13/5/19",14:40:00,"No collision and no object struck","Monday","Day",2,2,"T intersection",3,50,"A",2007,"SEDAN","TOYOTA","Car","F",47,"40-49","Drivers"
"T20190008999","13/5/19",14:40:00,"No collision and no object struck","Monday","Day",2,2,"T intersection",3,50,"B",2004,"WAGON","B M W","Station Wagon","M",71,"70+","Drivers"
"T20190009000","13/5/19",13:30:00,"Collision with vehicle","Monday","Day",2,4,"Cross intersection",1,80,"A",2003,"S WAG","MITSUB","Station Wagon","M",52,"50-59","Drivers"
"T20190009000","13/5/19",13:30:00,"Collision with vehicle","Monday","Day",2,4,"Cross intersection",1,80,"B",2013,"VAN","U D","Heavy Vehicle (Rigid) > 4.5 Tonnes","M",46,"40-49","Drivers"
"T20190009003","13/5/19",16:10:00,"Collision with vehicle","Monday","Day",3,3,"Not at intersection",2,100,"A",2014,"TIPPER","HINO","Light Commercial Vehicle (Rigid) <= 4.5 Tonnes GVM","M",22,"22-25","Drivers"