"ACCIDENT_NO","ACCIDENTDATE","ACCIDENTTIME","Accident Type Desc","Day Week Description","Light Condition Desc","NO_OF_VEHICLES","NO_PERSONS","Road Geometry Desc","SEVERITY","SPEED_ZONE","VEHICLE_ID","VEHICLE_YEAR_MANUF","VEHICLE_BODY_STYLE","VEHICLE_MAKE","Vehicle Type Desc","SEX","AGE","Age Group","Road User Type Desc"
"T20190009003","13/5/19",16:10:00,"Collision with vehicle","Monday","Day",3,3,"Not at intersection",2,100,"B",2007,"SEDAN","FORD","Car","M",30,"30-39","Drivers"
"T20190009003","13/5/19",16:10:00,"Collision with vehicle","Monday","Day",3,3,"Not at intersection",2,100,"C",2014,"UTIL","MITSUB","Utility","M",24,"22-25","Drivers"
"T20190009004","13/5/19",15:10:00,"Collision with vehicle","Monday","Day",3,2,"Cross intersection",2,40,"A",2005,"SED","TOYOTA","Car","M",40,"40-49","Drivers"
"T20190009005","13/5/19",15:22:00,"Collision with a fixed object","Monday","Day",1,1,"Not at intersection",2,100,"A",2016,"SEDAN","KIA","Car","F",20,"17-21","Drivers"
"T20190009008","11/4/19",14:00:00,"Collision with vehicle","Thursday","Day",2,2,"Not at intersection",3,50,"A",2002,"SEDAN","VOLKS","Car","F",56,"50-59","Drivers"
"T20190009008","11/4/19",14:00:00,"Collision with vehicle","Thursday","Day",2,2,"Not at intersection",3,50,"B",2014,"SEDAN","VOLKS","Car","M",29,"26-29","Drivers"
"T20190009010","13/5/19",18:27:00,"Collision with a fixed object","Monday","Dark No street lights",1,1,"Not at intersection",2,110,"A",2008,"SEDAN","HONDA","Car","F",27,"26-29","Drivers"
"T20190009011","13/5/19",15:15:00,"Collision with a fixed object","Monday","Day",1,2,"Cross intersection",2,50,"A",2007,"SEDAN","HYNDAI","Car","M",88,"70+","Drivers"
"T20190009015","13/5/19",15:30:00,"Collision with vehicle","Monday","Day",2,2,"Cross intersection",3,50,"B",2010,"SED","HOLDEN","Car","M",19,"17-21","Drivers"
"T20190009016","13/5/19",18:34:00,"Collision with vehicle","Monday","Dark No street lights",4,4,"Not at intersection",2,80,"A",1994,"TRAY","HOLDEN","Light Commercial Vehicle (Rigid) <= 4.5 Tonnes GVM","M",26,"26-29","Drivers"
"T20190009016","13/5/19",18:34:00,"Collision with vehicle","Monday","Dark No street lights",4,4,"Not at intersection",2,80,"B",2002,"UTIL","HOLDEN","Utility","F",31,"30-39","Drivers"
"T20190009016","13/5/19",18:34:00,"Collision with vehicle","Monday","Dark No street lights",4,4,"Not at intersection",2,80,"C",2012,"SEDAN","HOLDEN","Car","F",25,"22-25","Drivers"
"T20190009016","13/5/19",18:34:00,"Collision with vehicle","Monday","Dark No street lights",4,4,"Not at intersection",2,80,"D",2010,"SEDAN","MERC B","Car","M",63,"60-64","Drivers"
"T20190009017","13/5/19",20:40:00,"Collision with vehicle","Monday","Dark Street lights on",2,3,"Cross intersection",3,80,"A",2008,"SEDAN","HONDA","Car","M",37,"30-39","Drivers"
"T20190009017","13/5/19",20:40:00,"Collision with vehicle","Monday","Dark Street lights on",2,3,"Cross intersection",3,80,"B",2005,"WAGON","VOLVO","Station Wagon","F",54,"50-59","Drivers"
"T20190009018","13/5/19",00:07:00,"Struck animal","Monday","Dark No street lights",1,1,"Not at intersection",2,100,"A",2010,"SEDAN","HOLDEN","Car","F",51,"50-59","Drivers"
"T20190009019","13/5/19",22:45:00,"Collision with a fixed object","Monday","Dark Street lights on",2,3,"T intersection",3,60,"A",2004,"SEDAN","HOLDEN","Car","M",18,"17-21","Drivers"
"T20190009021","14/5/19",03:20:00,"Collision with a fixed object","Tuesday","Dark No street lights",1,1,"Not at intersection",3,110,"A",0,"SED","FORD","Car","F",30,"30-39","Drivers"
"T20190009023","13/5/19",12:45:00,"Collision with vehicle","Monday","Day",2,3,"T intersection",3,60,"A",2000,"WAGON","SUBARU","Station Wagon","M",82,"70+","Drivers"
"T20190009023","13/5/19",12:45:00,"Collision with vehicle","Monday","Day",2,3,"T intersection",3,60,"B",2003,"SEDAN","FORD","Car","M",74,"70+","Drivers"
"T20190009024","14/5/19",06:34:00,"Collision with vehicle","Tuesday","Day",2,2,"T intersection",3,100,"B",2012,"UTIL","NISSAN","Utility","M",42,"40-49","Drivers"
"T20190009025","14/5/19",07:15:00,"Collision with a fixed object","Tuesday","Day",1,2,"Not at intersection",2,999,"A",2007,"SED","HONDA","Car","M",39,"30-39","Drivers"
"T20190009027","14/5/19",08:40:00,"Collision with vehicle","Tuesday","Day",2,2,"T intersection",3,60,"A",2017,"WAGON","NISSAN","Station Wagon","F",34,"30-39","Drivers"
"T20190009028","14/5/19",08:30:00,"Collision with vehicle","Tuesday","Day",2,2,"Not at intersection",2,100,"A",2017,"WAGON","NISSAN","Station Wagon","F",51,"50-59","Drivers"
"T20190009029","12/5/19",08:22:00,"Collision with vehicle","Sunday","Day",2,1,"Not at intersection",3,50,"A",2016,"SEDAN","AUDI","Car","F",35,"30-39","Drivers"
"T20190009032","6/5/19",11:55:00,"Collision with vehicle","Monday","Day",2,2,"T intersection",3,50,"A",2005,"SEDAN","HYNDAI","Car","F",74,"70+","Drivers"
"T20190009033","14/5/19",11:05:00,"Collision with vehicle","Tuesday","Day",3,1,"Not at intersection",3,60,"A",2001,"S WAG","HYNDAI","Station Wagon","F",70,"70+","Drivers"
"T20190009034","14/5/19",07:08:00,"Collision with vehicle","Tuesday","Day",3,4,"T intersection",1,80,"A",1998,"SEDAN","TOYOTA","Car","M",20,"17-21","Drivers"
"T20190009034","14/5/19",07:08:00,"Collision with vehicle","Tuesday","Day",3,4,"T intersection",1,80,"B",2005,"BUS","TOYOTA","Mini Bus(9-13 seats)","M",34,"30-39","Drivers"
"T20190009034","14/5/19",07:08:00,"Collision with vehicle","Tuesday","Day",3,4,"T intersection",1,80,"C",2007,"SEDAN","TOYOTA","Car","F",75,"70+","Drivers"
"T20190009035","14/5/19",10:35:00,"Struck Pedestrian","Tuesday","Day",1,2,"Cross intersection",2,40,"A",2005,"SEDAN","MERC B","Car","F",21,"17-21","Drivers"
"T20190009036","14/5/19",11:13:00,"Collision with a fixed object","Tuesday","Day",1,1,"Not at intersection",2,80,"A",2002,"SEDAN","HONDA","Car","M",35,"30-39","Drivers"
"T20190009037","14/5/19",12:00:00,"Collision with vehicle","Tuesday","Day",2,3,"Cross intersection",3,60,"A",2006,"SEDAN","HOLDEN","Car","F",19,"17-21","Drivers"
"T20190009037","14/5/19",12:00:00,"Collision with vehicle","Tuesday","Day",2,3,"Cross intersection",3,60,"B",2008,"COUPE","HYNDAI","Car","M",87,"70+","Drivers"
"T20190009039","13/5/19",22:30:00,"Collision with vehicle","Monday","Dark Street lights on",2,3,"Not at intersection",2,60,"A",2010,"SEDAN","TOYOTA","Car","F",26,"26-29","Drivers"
"T20190009039","13/5/19",22:30:00,"Collision with vehicle","Monday","Dark Street lights on",2,3,"Not at intersection",2,60,"B",2016,"SEDAN","MAZDA","Car","M",22,"22-25","Drivers"
"T20190009040","8/5/19",09:15:00,"Collision with vehicle","Wednesday","Day",2,2,"Not at intersection",3,60,"A",2013,"SEDAN","KIA","Car","M",33,"30-39","Drivers"
"T20190009040","8/5/19",09:15:00,"Collision with vehicle","Wednesday","Day",2,2,"Not at intersection",3,60,"B",2002,"SED","HOLDEN","Car","M",34,"30-39","Drivers"
"T20190009042","14/5/19",13:10:00,"Collision with vehicle","Tuesday","Day",2,2,"Not at intersection",2,40,"A",2014,"COUPE","MERC B","Car","M",53,"50-59","Drivers"
"T20190009042","14/5/19",13:10:00,"Collision with vehicle","Tuesday","Day",2,2,"Not at intersection",2,40,"B",1975,"SEDAN","VOLKS","Car","M",71,"70+","Drivers"
"T20190009043","10/5/19",08:20:00,"Collision with vehicle","Friday","Day",2,2,"Not at intersection",2,100,"A",2007,"SEDAN","FORD","Car","M",34,"30-39","Drivers"
"T20190009043","10/5/19",08:20:00,"Collision with vehicle","Friday","Day",2,2,"Not at intersection",2,100,"B",2016,"SEDAN","SUBARU","Car","F",33,"30-39","Drivers"
"T20190009044","10/5/19",19:00:00,"Collision with a fixed object","Friday","Dark No street lights",1,1,"Not at intersection",2,100,"A",2001,"SEDAN","VOLKS","Car","F",20,"17-21","Drivers"
"T20190009045","14/5/19",08:33:00,"Struck Pedestrian","Tuesday","Day",1,2,"Not at intersection",2,50,"A",2013,"SEDAN","MAZDA","Car","F",24,"22-25","Drivers"
"T20190009046","14/5/19",10:00:00,"Collision with vehicle","Tuesday","Day",2,2,"Cross intersection",2,999,"B",2010,"TRAY","FORD","Utility","M",67,"64-69","Drivers"
"T20190009048","14/5/19",12:30:00,"Collision with vehicle","Tuesday","Day",2,2,"Cross intersection",3,80,"A",2018,"TRAY","ISUZU","Light Commercial Vehicle (Rigid) <= 4.5 Tonnes GVM","M",19,"17-21","Drivers"
"T20190009048","14/5/19",12:30:00,"Collision with vehicle","Tuesday","Day",2,2,"Cross intersection",3,80,"B",2018,"WAGON","B M W","Station Wagon","F",46,"40-49","Drivers"
"T20190009050","12/5/19",12:30:00,"Collision with vehicle","Sunday","Day",2,3,"Not at intersection",3,999,"A",2016,"DC UTE","MITSUB","Utility","M",65,"64-69","Drivers"
"T20190009050","12/5/19",12:30:00,"Collision with vehicle","Sunday","Day",2,3,"Not at intersection",3,999,"B",2014,"UTIL","NISSAN","Utility","M",37,"30-39","Drivers"
"T20190009052","14/5/19",10:19:00,"Collision with vehicle","Tuesday","Day",2,2,"Not at intersection",2,80,"A",2018,"S WAG","KIA","Station Wagon","M",39,"30-39","Drivers"
"T20190009053","14/5/19",13:10:00,"Collision with vehicle","Tuesday","Day",2,4,"Not at intersection",2,999,"A",2009,"WAGON","HOLDEN","Station Wagon","M",74,"70+","Drivers"
"T20190009053","14/5/19",13:10:00,"Collision with vehicle","Tuesday","Day",2,4,"Not at intersection",2,999,"B",2016,"TIPPER","HINO","Light Commercial Vehicle (Rigid) <= 4.5 Tonnes GVM","M",59,"50-59","Drivers"
"T20190009054","14/5/19",14:15:00,"Collision with vehicle","Tuesday","Day",2,2,"Cross intersection",3,60,"A",2006,"SEDAN","HYNDAI","Car","F",85,"70+","Drivers"
"T20190009054","14/5/19",14:15:00,"Collision with vehicle","Tuesday","Day",2,2,"Cross intersection",3,60,"B",2005,"SEDAN","KIA","Car","M",26,"26-29","Drivers"
"T20190009056","14/5/19",09:25:00,"Vehicle overturned (no collision)","Tuesday","Day",1,1,"Not at intersection",2,100,"A",2006,"SEDAN","FORD","Car","F",52,"50-59","Drivers"
"T20190009064","14/5/19",11:50:00,"Collision with a fixed object","Tuesday","Day",1,1,"Not at intersection",3,100,"A",2017,"SEDAN","HYNDAI","Car","F",21,"17-21","Drivers"
"T20190009065","14/5/19",14:57:00,"Collision with vehicle","Tuesday","Day",2,2,"Not at intersection",2,80,"A",2018,"SEDAN","HOLDEN","Car","M",94,"70+","Drivers"
"T20190009065","14/5/19",14:57:00,"Collision with vehicle","Tuesday","Day",2,2,"Not at intersection",2,80,"B",2016,"VAN","HINO","Light Commercial Vehicle (Rigid) <= 4.5 Tonnes GVM","M",31,"30-39","Drivers"
"T20190009066","11/5/19",06:41:00,"Collision with vehicle","Saturday","Dusk/Dawn",2,2,"T intersection",3,80,"A",2018,"BUS","SCANIA","Bus/Coach","M",30,"30-39","Drivers"
"T20190009066","11/5/19",06:41:00,"Collision with vehicle","Saturday","Dusk/Dawn",2,2,"T intersection",3,80,"B",2016,"SEDAN","TOYOTA","Car","M",28,"26-29","Drivers"
"T20190009070","14/5/19",09:34:00,"Collision with a fixed object","Tuesday","Day",3,1,"Not at intersection",3,100,"A",2007,"P MVR","KENWTH","Prime Mover B-Double","M",57,"50-59","Drivers"
"T20190009071","14/5/19",16:35:00,"Collision with vehicle","Tuesday","Day",2,2,"T intersection",2,60,"B",2003,"SEDAN","LEXUS","Car","F",72,"70+","Drivers"
"T20190009075","14/5/19",14:40:00,"Collision with vehicle","Tuesday","Day",2,2,"Cross intersection",3,80,"A",0,"P MVR","VOLVO","Prime Mover - Single Trailer","M",29,"26-29","Drivers"
"T20190009075","14/5/19",14:40:00,"Collision with vehicle","Tuesday","Day",2,2,"Cross intersection",3,80,"B",2013,"S WAG","HYNDAI","Station Wagon","F",47,"40-49","Drivers"
"T20190009076","14/5/19",19:05:00,"Collision with vehicle","Tuesday","Dark Street lights on",2,2,"Cross intersection",3,50,"A",2017,"SEDAN","HYNDAI","Car","M",27,"26-29","Drivers"
"T20190009076","14/5/19",19:05:00,"Collision with vehicle","Tuesday","Dark Street lights on",2,2,"Cross intersection",3,50,"B",2009,"WAGON","HYNDAI","Station Wagon","M",22,"22-25","Drivers"
"T20190009078","14/5/19",18:37:00,"Collision with vehicle","Tuesday","Dark Street lights on",2,3,"Not at intersection",2,80,"A",2004,"RDSTR","B M W","Car","M",53,"50-59","Drivers"
"T20190009078","14/5/19",18:37:00,"Collision with vehicle","Tuesday","Dark Street lights on",2,3,"Not at intersection",2,80,"B",2013,"WAGON","VOLKS","Station Wagon","M",31,"30-39","Drivers"
"T20190009080","14/5/19",19:50:00,"No collision and no object struck","Tuesday","Dark Street lights on",2,2,"Not at intersection",3,70,"A",2000,"SEDAN","MITSUB","Car","M",28,"26-29","Drivers"
"T20190009081","14/5/19",17:45:00,"Collision with vehicle","Tuesday","Dark Street lights on",3,3,"Not at intersection",2,50,"B",0,"PBVEH","ELTRAN","Other Vehicle","F",60,"60-64","Drivers"
"T20190009081","14/5/19",17:45:00,"Collision with vehicle","Tuesday","Dark Street lights on",3,3,"Not at intersection",2,50,"C",2017,"WAGON","MAZDA","Station Wagon","F",27,"26-29","Drivers"
"T20190009086","13/5/19",02:08:00,"Collision with vehicle","Monday","Dark Street lights on",2,2,"Cross intersection",2,60,"A",2002,"SEDAN","TOYOTA","Car","U",30,"30-39","Drivers"
"T20190009086","13/5/19",02:08:00,"Collision with vehicle","Monday","Dark Street lights on",2,2,"Cross intersection",2,60,"B",2010,"SEDAN","TOYOTA","Car","M",38,"30-39","Drivers"
"T20190009087","14/5/19",23:15:00,"Collision with a fixed object","Tuesday","Dark Street lights on",1,1,"Not at intersection",3,50,"A",2013,"SEDAN","TOYOTA","Car","M",24,"22-25","Drivers"
"T20190009089","15/5/19",05:35:00,"Collision with vehicle","Wednesday","Dark Street lights on",3,3,"T intersection",2,80,"B",2006,"SED","HONDA","Car","F",35,"30-39","Drivers"
"T20190009089","15/5/19",05:35:00,"Collision with vehicle","Wednesday","Dark Street lights on",3,3,"T intersection",2,80,"C",2012,"VAN","HYNDAI","Panel Van","U",NA,"unknown","Drivers"
"T20190009090","11/5/19",11:00:00,"Collision with vehicle","Saturday","Day",2,2,"Cross intersection",3,60,"A",2002,"SEDAN","DAEWOO","Car","F",44,"40-49","Drivers"
"T20190009090","11/5/19",11:00:00,"Collision with vehicle","Saturday","Day",2,2,"Cross intersection",3,60,"B",2005,"SEDAN","FORD","Car","M",51,"50-59","Drivers"
"T20190009093","14/5/19",20:15:00,"Collision with a fixed object","Tuesday","Dark No street lights",1,2,"Not at intersection",2,100,"A",2004,"SEDAN","NISSAN","Car","M",33,"30-39","Drivers"
"T20190009097","15/5/19",06:32:00,"Collision with vehicle","Wednesday","Dark Street lights on",3,4,"Not at intersection",3,80,"A",2018,"SEDAN","TOYOTA","Car","F",21,"17-21","Drivers"
"T20190009097","15/5/19",06:32:00,"Collision with vehicle","Wednesday","Dark Street lights on",3,4,"Not at intersection",3,80,"B",2006,"UTIL","HOLDEN","Utility","M",25,"22-25","Drivers"
"T20190009097","15/5/19",06:32:00,"Collision with vehicle","Wednesday","Dark Street lights on",3,4,"Not at intersection",3,80,"C",2015,"UTIL","HOLDEN","Utility","M",59,"50-59","Drivers"
"T20190009099","13/5/19",17:45:00,"Collision with a fixed object","Monday","Dusk/Dawn",1,1,"Not at intersection",3,999,"B",2010,"SEDAN","HOLDEN","Car","F",59,"50-59","Drivers"
"T20190009101","15/5/19",09:35:00,"Collision with vehicle","Wednesday","Day",3,3,"Not at intersection",2,80,"B",2009,"VAN","ISUZU","Light Commercial Vehicle (Rigid) <= 4.5 Tonnes GVM","M",31,"30-39","Drivers"
"T20190009101","15/5/19",09:35:00,"Collision with vehicle","Wednesday","Day",3,3,"Not at intersection",2,80,"C",2018,"DC UTE","TOYOTA","Utility","M",35,"30-39","Drivers"
"T20190009102","26/4/19",23:00:00,"Collision with vehicle","Friday","Dark Street lights on",2,3,"Cross intersection",2,60,"B",2013,"SEDAN","HOLDEN","Car","M",46,"40-49","Drivers"
"T20190009103","15/5/19",08:00:00,"Collision with vehicle","Wednesday","Day",2,2,"Multiple intersection",3,60,"A",2018,"UTIL","FORD","Utility","M",58,"50-59","Drivers"
"T20190009108","15/5/19",09:00:00,"Collision with vehicle","Wednesday","Day",2,2,"Not at intersection",2,50,"A",2009,"SEDAN","HYNDAI","Car","F",21,"17-21","Drivers"
"T20190009109","15/5/19",10:53:00,"Collision with vehicle","Wednesday","Day",3,3,"Not at intersection",3,60,"A",2016,"COUPE","HYNDAI","Car","M",22,"22-25","Drivers"
"T20190009109","15/5/19",10:53:00,"Collision with vehicle","Wednesday","Day",3,3,"Not at intersection",3,60,"B",2017,"SEDAN","TOYOTA","Car","F",63,"60-64","Drivers"
"T20190009109","15/5/19",10:53:00,"Collision with vehicle","Wednesday","Day",3,3,"Not at intersection",3,60,"C",2012,"SEDAN","TOYOTA","Car","F",41,"40-49","Drivers"
"T20190009111","14/5/19",23:15:00,"collision with some other object","Tuesday","Dark No street lights",1,2,"Not at intersection",3,100,"A",2015,"WAGON","HOLDEN","Car","F",72,"70+","Drivers"
"T20190009113","15/5/19",13:30:00,"Collision with vehicle","Wednesday","Day",2,2,"Cross intersection",3,110,"A",2001,"SED","TOYOTA","Car","F",69,"64-69","Drivers"
"T20190009113","15/5/19",13:30:00,"Collision with vehicle","Wednesday","Day",2,2,"Cross intersection",3,110,"B",2017,"P MVR","SCANIA","Prime Mover - Single Trailer","M",44,"40-49","Drivers"
"T20190009117","8/5/19",08:15:00,"Collision with vehicle","Wednesday","Day",2,2,"Not at intersection",3,60,"A",2008,"SEDAN","MAZDA","Car","F",18,"17-21","Drivers"
"T20190009117","8/5/19",08:15:00,"Collision with vehicle","Wednesday","Day",2,2,"Not at intersection",3,60,"B",2015,"WAGON","NISSAN","Station Wagon","F",26,"26-29","Drivers"
"T20190009119","15/5/19",14:00:00,"Collision with vehicle","Wednesday","Day",2,3,"Not at intersection",3,40,"A",2018,"SEDAN","TOYOTA","Car","F",60,"60-64","Drivers"
"T20190009120","15/5/19",15:47:00,"Collision with vehicle","Wednesday","Day",2,2,"Not at intersection",2,50,"A",2011,"SEDAN","HOLDEN","Car","M",20,"17-21","Drivers"
"T20190009121","15/5/19",13:40:00,"Collision with vehicle","Wednesday","Day",3,4,"Not at intersection",3,60,"A",2015,"TIPPER","HINO","Light Commercial Vehicle (Rigid) <= 4.5 Tonnes GVM","M",47,"40-49","Drivers"
"T20190009121","15/5/19",13:40:00,"Collision with vehicle","Wednesday","Day",3,4,"Not at intersection",3,60,"B",2014,"WAGON","PORSCH","Station Wagon","M",52,"50-59","Drivers"
"T20190009121","15/5/19",13:40:00,"Collision with vehicle","Wednesday","Day",3,4,"Not at intersection",3,60,"C",2018,"SEDAN","VOLKS","Car","F",24,"22-25","Drivers"
"T20190009123","8/5/19",17:50:00,"Collision with vehicle","Wednesday","Unknown",2,2,"Cross intersection",3,999,"A",2017,"SEDAN","KIA","Car","F",50,"50-59","Drivers"
"T20190009123","8/5/19",17:50:00,"Collision with vehicle","Wednesday","Unknown",2,2,"Cross intersection",3,999,"B",2016,"COUPE","FORD","Car","M",38,"30-39","Drivers"
"T20190009124","23/4/19",08:15:00,"Collision with vehicle","Tuesday","Day",2,2,"T intersection",3,60,"A",2000,"S WAG","NISSAN","Station Wagon","F",53,"50-59","Drivers"
"T20190009124","23/4/19",08:15:00,"Collision with vehicle","Tuesday","Day",2,2,"T intersection",3,60,"B",2014,"TRAY","ISUZU","Light Commercial Vehicle (Rigid) <= 4.5 Tonnes GVM","M",48,"40-49","Drivers"
"T20190009126","15/5/19",16:30:00,"Collision with vehicle","Wednesday","Dusk/Dawn",3,3,"Not at intersection",2,80,"B",2010,"WAGON","FORD","Station Wagon","F",35,"30-39","Drivers"
"T20190009126","15/5/19",16:30:00,"Collision with vehicle","Wednesday","Dusk/Dawn",3,3,"Not at intersection",2,80,"C",2003,"SEDAN","HOLDEN","Car","M",35,"30-39","Drivers"
"T20190009127","24/4/19",08:00:00,"Collision with vehicle","Wednesday","Day",2,2,"Not at intersection",3,80,"A",2013,"SEDAN","HYNDAI","Car","M",35,"30-39","Drivers"
"T20190009127","24/4/19",08:00:00,"Collision with vehicle","Wednesday","Day",2,2,"Not at intersection",3,80,"B",2006,"WAGON","HOLDEN","Station Wagon","F",40,"40-49","Drivers"
"T20190009128","15/5/19",14:32:00,"Collision with vehicle","Wednesday","Day",2,2,"Cross intersection",2,60,"A",2004,"SEDAN","TOYOTA","Car","F",30,"30-39","Drivers"
"T20190009128","15/5/19",14:32:00,"Collision with vehicle","Wednesday","Day",2,2,"Cross intersection",2,60,"B",2007,"S WAG","HONDA","Station Wagon","F",92,"70+","Drivers"
"T20190009130","15/5/19",15:44:00,"Collision with vehicle","Wednesday","Day",4,5,"T intersection",2,80,"A",2000,"SEDAN","NISSAN","Car","F",60,"60-64","Drivers"
"T20190009130","15/5/19",15:44:00,"Collision with vehicle","Wednesday","Day",4,5,"T intersection",2,80,"B",2008,"SEDAN","SUZUKI","Car","F",44,"40-49","Drivers"
"T20190009130","15/5/19",15:44:00,"Collision with vehicle","Wednesday","Day",4,5,"T intersection",2,80,"C",2012,"UTIL","TOYOTA","Utility","M",21,"17-21","Drivers"
"T20190009130","15/5/19",15:44:00,"Collision with vehicle","Wednesday","Day",4,5,"T intersection",2,80,"D",2009,"SEDAN","HONDA","Car","F",32,"30-39","Drivers"
"T20190009131","15/5/19",16:55:00,"Collision with vehicle","Wednesday","Day",3,5,"Not at intersection",3,100,"A",2011,"S WAG","HOLDEN","Station Wagon","M",41,"40-49","Drivers"
"T20190009131","15/5/19",16:55:00,"Collision with vehicle","Wednesday","Day",3,5,"Not at intersection",3,100,"B",2018,"WAGON","L ROV","Station Wagon","F",31,"30-39","Drivers"
"T20190009131","15/5/19",16:55:00,"Collision with vehicle","Wednesday","Day",3,5,"Not at intersection",3,100,"C",2014,"DC UTE","MITSUB","Utility","M",59,"50-59","Drivers"
"T20190009132","15/5/19",17:23:00,"Collision with vehicle","Wednesday","Day",2,2,"Cross intersection",2,80,"A",2007,"SEDAN","VOLKS","Car","M",18,"17-21","Drivers"
"T20190009132","15/5/19",17:23:00,"Collision with vehicle","Wednesday","Day",2,2,"Cross intersection",2,80,"B",2015,"UTIL","FORD","Utility","M",28,"26-29","Drivers"
"T20190009133","15/5/19",18:00:00,"Collision with vehicle","Wednesday","Dark Street lights on",2,2,"T intersection",2,60,"A",2010,"SEDAN","HOLDEN","Car","M",44,"40-49","Drivers"
"T20190009134","15/5/19",14:40:00,"Collision with vehicle","Wednesday","Day",2,2,"T intersection",2,50,"A",2009,"WAGON","VOLKS","Station Wagon","M",82,"70+","Drivers"
"T20190009137","15/5/19",17:50:00,"Collision with vehicle","Wednesday","Dusk/Dawn",2,2,"Not at intersection",3,100,"B",2014,"S WAG","VOLKS","Station Wagon","F",22,"22-25","Drivers"
"T20190009141","15/5/19",17:11:00,"Collision with vehicle","Wednesday","Day",2,2,"T intersection",3,40,"A",2001,"WAGON","L ROV","Station Wagon","M",48,"40-49","Drivers"
"T20190009141","15/5/19",17:11:00,"Collision with vehicle","Wednesday","Day",2,2,"T intersection",3,40,"B",2018,"SEDAN","HYNDAI","Car","F",61,"60-64","Drivers"
"T20190009142","15/5/19",17:58:00,"Collision with vehicle","Wednesday","Dark Street lights on",2,3,"Not at intersection",2,40,"A",1999,"WAGON","TOYOTA","Station Wagon","M",44,"40-49","Drivers"
"T20190009143","15/5/19",17:30:00,"Collision with vehicle","Wednesday","Dusk/Dawn",2,3,"Cross intersection",3,40,"A",2011,"SEDAN","MAZDA","Car","F",66,"64-69","Drivers"
"T20190009143","15/5/19",17:30:00,"Collision with vehicle","Wednesday","Dusk/Dawn",2,3,"Cross intersection",3,40,"B",2009,"SEDAN","HONDA","Car","M",30,"30-39","Drivers"
"T20190009145","15/5/19",14:30:00,"Collision with vehicle","Wednesday","Day",2,2,"Not at intersection",3,40,"A",2014,"SEDAN","TOYOTA","Car","F",37,"30-39","Drivers"
"T20190009145","15/5/19",14:30:00,"Collision with vehicle","Wednesday","Day",2,2,"Not at intersection",3,40,"B",2008,"VAN","TOYOTA","Panel Van","M",69,"64-69","Drivers"
"T20190009148","15/5/19",00:23:00,"Vehicle overturned (no collision)","Wednesday","Dark No street lights",1,1,"Not at intersection",3,80,"A",2005,"SEDAN","PEUG","Car","M",23,"22-25","Drivers"
"T20190009153","15/5/19",16:50:00,"Collision with vehicle","Wednesday","Day",2,2,"Cross intersection",2,60,"A",2004,"SEDAN","UNKN","Car","M",68,"64-69","Drivers"
"T20190009154","16/5/19",00:28:00,"Collision with a fixed object","Thursday","Dark Street lights on",1,1,"T intersection",2,80,"A",2009,"SED","TOYOTA","Car","M",28,"26-29","Drivers"
"T20190009156","15/5/19",20:30:00,"Collision with a fixed object","Wednesday","Dark Street lights on",1,1,"Not at intersection",3,60,"A",2012,"TRAY","MITSUB","Light Commercial Vehicle (Rigid) <= 4.5 Tonnes GVM","M",44,"40-49","Drivers"
"T20190009157","15/5/19",23:40:00,"Collision with vehicle","Wednesday","Dark No street lights",2,2,"Not at intersection",2,100,"A",2013,"WAGON","TOYOTA","Station Wagon","M",33,"30-39","Drivers"
"T20190009157","15/5/19",23:40:00,"Collision with vehicle","Wednesday","Dark No street lights",2,2,"Not at intersection",2,100,"B",2017,"SEDAN","HYNDAI","Car","F",51,"50-59","Drivers"
"T20190009159","16/5/19",05:40:00,"Collision with vehicle","Thursday","Dusk/Dawn",2,2,"T intersection",3,80,"A",2010,"TRAY","FORD","Light Commercial Vehicle (Rigid) <= 4.5 Tonnes GVM","M",49,"40-49","Drivers"
"T20190009159","16/5/19",05:40:00,"Collision with vehicle","Thursday","Dusk/Dawn",2,2,"T intersection",3,80,"B",1999,"WAGON","HONDA","Station Wagon","M",28,"26-29","Drivers"
"T20190009160","14/5/19",15:00:00,"Collision with vehicle","Tuesday","Day",3,1,"Not at intersection",3,50,"A",2008,"WAGON","FORD","Station Wagon","M",26,"26-29","Drivers"
"T20190009161","16/5/19",04:02:00,"Collision with vehicle","Thursday","Dark Street lights on",2,3,"Not at intersection",2,80,"A",2005,"SEDAN","TOYOTA","Car","M",22,"22-25","Drivers"
"T20190009161","16/5/19",04:02:00,"Collision with vehicle","Thursday","Dark Street lights on",2,3,"Not at intersection",2,80,"B",2018,"UTIL","HOLDEN","Utility","U",NA,"unknown","Drivers"
"T20190009162","13/5/19",16:55:00,"Collision with vehicle","Monday","Day",2,3,"Not at intersection",3,60,"A",2015,"WAGON","HONDA","Station Wagon","M",90,"70+","Drivers"
"T20190009162","13/5/19",16:55:00,"Collision with vehicle","Monday","Day",2,3,"Not at intersection",3,60,"B",2006,"SEDAN","CHRYS","Car","F",48,"40-49","Drivers"
"T20190009164","15/5/19",19:36:00,"Collision with vehicle","Wednesday","Dark Street lights on",2,1,"Not at intersection",3,60,"A",2013,"SEDAN","TOYOTA","Car","F",75,"70+","Drivers"
"T20190009165","16/5/19",08:16:00,"Collision with vehicle","Thursday","Day",2,2,"Not at intersection",3,100,"A",2009,"P MVR","F LINE","Prime Mover - Single Trailer","M",36,"30-39","Drivers"