"ACCIDENT_NO","ACCIDENTDATE","ACCIDENTTIME","Accident Type Desc","Day Week Description","Light Condition Desc","NO_OF_VEHICLES","NO_PERSONS","Road Geometry Desc","SEVERITY","SPEED_ZONE","VEHICLE_ID","VEHICLE_YEAR_MANUF","VEHICLE_BODY_STYLE","VEHICLE_MAKE","Vehicle Type Desc","SEX","AGE","Age Group","Road User Type Desc"
"T20190009165","16/5/19",08:16:00,"Collision with vehicle","Thursday","Day",2,2,"Not at intersection",3,100,"B",2012,"SEDAN","HYNDAI","Car","F",26,"26-29","Drivers"
"T20190009167","15/5/19",22:30:00,"Collision with vehicle","Wednesday","Dark Street lights on",2,2,"Cross intersection",3,60,"A",2017,"WAGON","MITSUB","Station Wagon","F",27,"26-29","Drivers"
"T20190009167","15/5/19",22:30:00,"Collision with vehicle","Wednesday","Dark Street lights on",2,2,"Cross intersection",3,60,"B",2005,"SEDAN","MITSUB","Car","M",22,"22-25","Drivers"
"T20190009168","15/5/19",18:15:00,"Collision with vehicle","Wednesday","Unknown",2,2,"Not at intersection",3,60,"B",2016,"WAGON","L ROV","Station Wagon","M",55,"50-59","Drivers"
"T20190009169","16/5/19",07:17:00,"Collision with vehicle","Thursday","Day",2,2,"T intersection",3,60,"B",2002,"WAGON","FORD","Station Wagon","M",59,"50-59","Drivers"
"T20190009172","16/5/19",10:51:00,"Collision with vehicle","Thursday","Day",2,2,"T intersection",2,60,"A",2014,"WAGON","TOYOTA","Station Wagon","M",73,"70+","Drivers"
"T20190009172","16/5/19",10:51:00,"Collision with vehicle","Thursday","Day",2,2,"T intersection",2,60,"B",2012,"TIPPER","HINO","Heavy Vehicle (Rigid) > 4.5 Tonnes","M",50,"50-59","Drivers"
"T20190009173","16/5/19",07:50:00,"Collision with vehicle","Thursday","Day",2,2,"Cross intersection",3,60,"A",2017,"SEDAN","VOLKS","Car","F",28,"26-29","Drivers"
"T20190009173","16/5/19",07:50:00,"Collision with vehicle","Thursday","Day",2,2,"Cross intersection",3,60,"B",2000,"S WAG","FORD","Station Wagon","M",45,"40-49","Drivers"
"T20190009178","16/5/19",05:50:00,"Collision with vehicle","Thursday","Dark No street lights",2,2,"Not at intersection",3,80,"A",2012,"TIPPER","F LINE","Heavy Vehicle (Rigid) > 4.5 Tonnes","M",50,"50-59","Drivers"
"T20190009178","16/5/19",05:50:00,"Collision with vehicle","Thursday","Dark No street lights",2,2,"Not at intersection",3,80,"B",2012,"SEDAN","MAZDA","Car","F",28,"26-29","Drivers"
"T20190009180","16/5/19",07:45:00,"Collision with vehicle","Thursday","Day",2,2,"Not at intersection",3,80,"A",2005,"WAGON","NISSAN","Station Wagon","F",52,"50-59","Drivers"
"T20190009180","16/5/19",07:45:00,"Collision with vehicle","Thursday","Day",2,2,"Not at intersection",3,80,"B",2019,"WAGON","TOYOTA","Station Wagon","F",38,"30-39","Drivers"
"T20190009182","2/5/19",21:00:00,"Collision with vehicle","Thursday","Unknown",2,2,"Cross intersection",3,60,"A",2000,"SEDAN","MAZDA","Car","M",57,"50-59","Drivers"
"T20190009182","2/5/19",21:00:00,"Collision with vehicle","Thursday","Unknown",2,2,"Cross intersection",3,60,"B",2006,"SEDAN","MAZDA","Car","F",21,"17-21","Drivers"
"T20190009183","16/5/19",09:00:00,"Collision with a fixed object","Thursday","Day",1,1,"Not at intersection",2,60,"A",2012,"SEDAN","TOYOTA","Car","M",61,"60-64","Drivers"
"T20190009185","13/5/19",14:00:00,"Collision with vehicle","Monday","Day",3,3,"Not at intersection",3,100,"B",2008,"WAGON","TOYOTA","Station Wagon","F",27,"26-29","Drivers"
"T20190009185","13/5/19",14:00:00,"Collision with vehicle","Monday","Day",3,3,"Not at intersection",3,100,"C",2007,"UTIL","TOYOTA","Utility","M",30,"30-39","Drivers"
"T20190009185","13/5/19",14:00:00,"Collision with vehicle","Monday","Day",3,3,"Not at intersection",3,100,"D",2013,"DC UTE","FORD","Utility","M",23,"22-25","Drivers"
"T20190009186","16/5/19",08:15:00,"Struck Pedestrian","Thursday","Day",1,2,"Not at intersection",2,40,"A",2015,"BUS","MERC B","Bus/Coach","M",57,"50-59","Drivers"
"T20190009188","15/5/19",19:16:00,"Collision with vehicle","Wednesday","Dark Street lights on",3,4,"Cross intersection",3,60,"A",2016,"WAGON","NISSAN","Station Wagon","F",57,"50-59","Drivers"
"T20190009188","15/5/19",19:16:00,"Collision with vehicle","Wednesday","Dark Street lights on",3,4,"Cross intersection",3,60,"B",2000,"S WAG","TOYOTA","Station Wagon","M",72,"70+","Drivers"
"T20190009188","15/5/19",19:16:00,"Collision with vehicle","Wednesday","Dark Street lights on",3,4,"Cross intersection",3,60,"C",2011,"WAGON","SUBARU","Station Wagon","U",NA,"unknown","Drivers"
"T20190009190","15/5/19",18:55:00,"Collision with vehicle","Wednesday","Dark Street lights on",2,2,"Not at intersection",3,60,"A",2007,"TRAY","TOYOTA","Light Commercial Vehicle (Rigid) <= 4.5 Tonnes GVM","M",26,"26-29","Drivers"
"T20190009190","15/5/19",18:55:00,"Collision with vehicle","Wednesday","Dark Street lights on",2,2,"Not at intersection",3,60,"B",2016,"SEDAN","MITSUB","Car","M",36,"30-39","Drivers"
"T20190009191","8/5/19",14:00:00,"Collision with vehicle","Wednesday","Day",2,3,"Not at intersection",3,60,"A",2005,"WAGON","HYNDAI","Station Wagon","F",40,"40-49","Drivers"
"T20190009191","8/5/19",14:00:00,"Collision with vehicle","Wednesday","Day",2,3,"Not at intersection",3,60,"B",2003,"WAGON","TOYOTA","Panel Van","F",39,"30-39","Drivers"
"T20190009195","15/5/19",15:30:00,"Struck Pedestrian","Wednesday","Day",1,2,"Cross intersection",3,40,"A",2009,"COUPE","B M W","Car","M",60,"60-64","Drivers"
"T20190009196","16/5/19",14:10:00,"Collision with a fixed object","Thursday","Day",1,2,"Not at intersection",2,50,"A",2001,"SEDAN","MITSUB","Car","M",79,"70+","Drivers"
"T20190009197","30/1/19",19:30:00,"Collision with a fixed object","Wednesday","Dusk/Dawn",1,1,"T intersection",3,60,"A",2014,"UTIL","HOLDEN","Utility","M",27,"26-29","Drivers"
"T20190009198","16/5/19",12:40:00,"Collision with vehicle","Thursday","Day",2,2,"Not at intersection",2,70,"A",2004,"SEDAN","TOYOTA","Car","F",27,"26-29","Drivers"
"T20190009198","16/5/19",12:40:00,"Collision with vehicle","Thursday","Day",2,2,"Not at intersection",2,70,"B",2007,"WAGON","L ROV","Station Wagon","M",38,"30-39","Drivers"
"T20190009199","15/5/19",18:15:00,"Collision with vehicle","Wednesday","Dark Street lights on",2,2,"T intersection",2,60,"A",1994,"SEDAN","TOYOTA","Car","M",37,"30-39","Drivers"
"T20190009201","16/5/19",14:00:00,"Collision with a fixed object","Thursday","Day",1,2,"T intersection",2,60,"A",2009,"SEDAN","MAZDA","Car","M",86,"70+","Drivers"
"T20190009202","16/5/19",14:40:00,"Collision with vehicle","Thursday","Day",2,2,"Not at intersection",2,80,"A",2005,"SEDAN","MAZDA","Car","F",69,"64-69","Drivers"
"T20190009202","16/5/19",14:40:00,"Collision with vehicle","Thursday","Day",2,2,"Not at intersection",2,80,"B",2010,"SEDAN","FORD","Car","M",59,"50-59","Drivers"
"T20190009203","16/5/19",15:51:00,"Collision with vehicle","Thursday","Day",2,2,"Cross intersection",3,60,"A",2007,"SEDAN","MAZDA","Car","F",19,"17-21","Drivers"
"T20190009203","16/5/19",15:51:00,"Collision with vehicle","Thursday","Day",2,2,"Cross intersection",3,60,"B",2016,"WAGON","HOLDEN","Station Wagon","F",32,"30-39","Drivers"
"T20190009204","16/5/19",14:12:00,"Collision with vehicle","Thursday","Day",2,2,"T intersection",2,60,"A",2009,"TOURER","MERC B","Car","M",20,"17-21","Drivers"
"T20190009205","16/5/19",15:30:00,"Collision with vehicle","Thursday","Day",2,3,"Cross intersection",2,60,"A",2000,"SEDAN","HONDA","Car","M",89,"70+","Drivers"
"T20190009205","16/5/19",15:30:00,"Collision with vehicle","Thursday","Day",2,3,"Cross intersection",2,60,"B",2005,"DC UTE","TOYOTA","Utility","M",54,"50-59","Drivers"
"T20190009206","9/5/19",17:58:00,"Collision with vehicle","Thursday","Dark Street lights on",3,4,"Not at intersection",3,100,"A",2007,"SEDAN","TOYOTA","Car","F",21,"17-21","Drivers"
"T20190009206","9/5/19",17:58:00,"Collision with vehicle","Thursday","Dark Street lights on",3,4,"Not at intersection",3,100,"B",2016,"UTIL","FORD","Utility","M",31,"30-39","Drivers"
"T20190009206","9/5/19",17:58:00,"Collision with vehicle","Thursday","Dark Street lights on",3,4,"Not at intersection",3,100,"C",2013,"SEDAN","HYNDAI","Car","F",28,"26-29","Drivers"
"T20190009207","16/5/19",14:40:00,"Collision with vehicle","Thursday","Day",2,2,"Not at intersection",2,60,"A",2004,"SEDAN","HOLDEN","Car","M",35,"30-39","Drivers"
"T20190009207","16/5/19",14:40:00,"Collision with vehicle","Thursday","Day",2,2,"Not at intersection",2,60,"B",2006,"SEDAN","HOLDEN","Car","F",37,"30-39","Drivers"
"T20190009212","16/5/19",16:00:00,"Collision with vehicle","Thursday","Day",2,3,"Not at intersection",3,60,"A",2009,"SEDAN","HYNDAI","Car","F",48,"40-49","Drivers"
"T20190009212","16/5/19",16:00:00,"Collision with vehicle","Thursday","Day",2,3,"Not at intersection",3,60,"B",2014,"UTIL","TOYOTA","Utility","M",29,"26-29","Drivers"
"T20190009214","16/5/19",18:15:00,"Collision with vehicle","Thursday","Dark Street lights on",2,3,"Not at intersection",2,80,"A",2012,"WAGON","TOYOTA","Station Wagon","M",73,"70+","Drivers"
"T20190009214","16/5/19",18:15:00,"Collision with vehicle","Thursday","Dark Street lights on",2,3,"Not at intersection",2,80,"B",2011,"SEDAN","TOYOTA","Car","M",43,"40-49","Drivers"
"T20190009215","16/5/19",16:12:00,"Collision with vehicle","Thursday","Day",2,8,"Not at intersection",3,60,"B",2013,"SEDAN","MAZDA","Car","F",46,"40-49","Drivers"
"T20190009215","16/5/19",16:12:00,"Collision with vehicle","Thursday","Day",2,8,"Not at intersection",3,60,"C",2008,"WAGON","TOYOTA","Station Wagon","F",43,"40-49","Drivers"
"T20190009222","16/5/19",16:50:00,"Collision with vehicle","Thursday","Day",3,4,"Not at intersection",3,80,"A",1997,"SEDAN","HONDA","Car","M",26,"26-29","Drivers"
"T20190009222","16/5/19",16:50:00,"Collision with vehicle","Thursday","Day",3,4,"Not at intersection",3,80,"B",2009,"SEDAN","HONDA","Car","M",23,"22-25","Drivers"
"T20190009222","16/5/19",16:50:00,"Collision with vehicle","Thursday","Day",3,4,"Not at intersection",3,80,"C",2008,"SEDAN","SUBARU","Car","M",48,"40-49","Drivers"
"T20190009223","16/5/19",14:30:00,"Collision with vehicle","Thursday","Day",3,1,"Not at intersection",3,60,"A",2005,"SEDAN","HOLDEN","Car","F",28,"26-29","Drivers"
"T20190009224","16/5/19",18:22:00,"Collision with a fixed object","Thursday","Dark No street lights",1,1,"Not at intersection",3,100,"A",2007,"SEDAN","FORD","Car","F",22,"22-25","Drivers"
"T20190009226","16/5/19",20:20:00,"Collision with vehicle","Thursday","Dark Street lights on",2,1,"Not at intersection",2,50,"A",2003,"UTIL","TOYOTA","Utility","M",55,"50-59","Drivers"
"T20190009227","16/5/19",22:15:00,"Collision with a fixed object","Thursday","Dark No street lights",1,2,"T intersection",2,80,"A",2019,"SEDAN","HYNDAI","Car","M",81,"70+","Drivers"
"T20190009229","16/5/19",22:03:00,"Collision with vehicle","Thursday","Dark Street lights on",2,2,"Cross intersection",2,60,"A",2013,"SEDAN","MERC B","Car","M",73,"70+","Drivers"
"T20190009229","16/5/19",22:03:00,"Collision with vehicle","Thursday","Dark Street lights on",2,2,"Cross intersection",2,60,"B",2013,"SEDAN","TOYOTA","Taxi","M",29,"26-29","Drivers"
"T20190009230","16/5/19",18:15:00,"Collision with vehicle","Thursday","Dark Street lights on",3,3,"Not at intersection",3,50,"A",2006,"SEDAN","HONDA","Car","M",23,"22-25","Drivers"
"T20190009230","16/5/19",18:15:00,"Collision with vehicle","Thursday","Dark Street lights on",3,3,"Not at intersection",3,50,"B",2008,"WAGON","TOYOTA","Station Wagon","F",39,"30-39","Drivers"
"T20190009230","16/5/19",18:15:00,"Collision with vehicle","Thursday","Dark Street lights on",3,3,"Not at intersection",3,50,"C",2004,"SEDAN","TOYOTA","Car","M",34,"30-39","Drivers"
"T20190009232","17/5/19",04:30:00,"No collision and no object struck","Friday","Dark No street lights",1,1,"T intersection",2,100,"A",2006,"SEDAN","HOLDEN","Car","F",61,"60-64","Drivers"
"T20190009234","17/5/19",06:10:00,"No collision and no object struck","Friday","Dark No street lights",1,1,"T intersection",2,100,"A",2000,"WAGON","TOYOTA","Station Wagon","M",27,"26-29","Drivers"
"T20190009235","16/5/19",13:50:00,"Collision with vehicle","Thursday","Day",2,3,"T intersection",3,60,"A",2001,"COUPE","HYNDAI","Car","M",31,"30-39","Drivers"
"T20190009235","16/5/19",13:50:00,"Collision with vehicle","Thursday","Day",2,3,"T intersection",3,60,"B",1997,"TOURER","SAAB","Car","M",51,"50-59","Drivers"
"T20190009239","17/5/19",06:55:00,"Collision with vehicle","Friday","Day",2,2,"Not at intersection",2,60,"A",2001,"UTIL","FORD","Utility","M",49,"40-49","Drivers"
"T20190009239","17/5/19",06:55:00,"Collision with vehicle","Friday","Day",2,2,"Not at intersection",2,60,"B",2002,"COUPE","B M W","Car","M",26,"26-29","Drivers"
"T20190009240","17/5/19",08:50:00,"Collision with vehicle","Friday","Day",2,3,"Not at intersection",3,60,"A",2015,"SEDAN","TOYOTA","Car","F",45,"40-49","Drivers"
"T20190009240","17/5/19",08:50:00,"Collision with vehicle","Friday","Day",2,3,"Not at intersection",3,60,"B",2002,"SEDAN","HONDA","Car","M",24,"22-25","Drivers"
"T20190009242","17/5/19",08:14:00,"Collision with vehicle","Friday","Day",3,4,"T intersection",3,80,"A",2001,"WAGON","NISSAN","Station Wagon","M",26,"26-29","Drivers"
"T20190009242","17/5/19",08:14:00,"Collision with vehicle","Friday","Day",3,4,"T intersection",3,80,"B",2018,"WAGON","MERC B","Station Wagon","M",50,"50-59","Drivers"
"T20190009242","17/5/19",08:14:00,"Collision with vehicle","Friday","Day",3,4,"T intersection",3,80,"C",1989,"SEDAN","SUZUKI","Car","M",36,"30-39","Drivers"
"T20190009244","17/5/19",06:59:00,"Struck Pedestrian","Friday","Dusk/Dawn",1,2,"Multiple intersection",3,40,"A",2001,"SEDAN","HOLDEN","Car","M",75,"70+","Drivers"
"T20190009246","10/5/19",19:35:00,"Collision with vehicle","Friday","Dark Street lights off",2,2,"Not at intersection",3,50,"A",2006,"S WAG","VOLKS","Station Wagon","M",51,"50-59","Drivers"
"T20190009246","10/5/19",19:35:00,"Collision with vehicle","Friday","Dark Street lights off",2,2,"Not at intersection",3,50,"B",2006,"SEDAN","FORD","Car","M",19,"17-21","Drivers"
"T20190009247","17/5/19",10:43:00,"Struck Pedestrian","Friday","Day",1,2,"T intersection",3,60,"A",2000,"UTIL","FORD","Utility","M",65,"64-69","Drivers"
"T20190009248","17/5/19",08:35:00,"Collision with vehicle","Friday","Day",3,4,"Multiple intersection",2,100,"A",2018,"SEDAN","HYNDAI","Car","F",28,"26-29","Drivers"
"T20190009248","17/5/19",08:35:00,"Collision with vehicle","Friday","Day",3,4,"Multiple intersection",2,100,"B",2004,"VAN","MITSUB","Light Commercial Vehicle (Rigid) <= 4.5 Tonnes GVM","M",25,"22-25","Drivers"
"T20190009248","17/5/19",08:35:00,"Collision with vehicle","Friday","Day",3,4,"Multiple intersection",2,100,"C",2016,"S WAG","HOLDEN","Station Wagon","F",38,"30-39","Drivers"
"T20190009249","17/5/19",12:20:00,"Collision with vehicle","Friday","Day",2,3,"T intersection",3,60,"A",2010,"SEDAN","MAZDA","Car","F",56,"50-59","Drivers"
"T20190009251","17/5/19",10:15:00,"Collision with vehicle","Friday","Day",2,2,"Not at intersection",2,80,"A",2011,"SEDAN","SUBARU","Car","M",23,"22-25","Drivers"
"T20190009251","17/5/19",10:15:00,"Collision with vehicle","Friday","Day",2,2,"Not at intersection",2,80,"B",2014,"SEDAN","HONDA","Car","M",52,"50-59","Drivers"
"T20190009253","17/5/19",09:30:00,"Collision with vehicle","Friday","Day",3,3,"Not at intersection",3,60,"A",2014,"SEDAN","TOYOTA","Car","M",33,"30-39","Drivers"
"T20190009253","17/5/19",09:30:00,"Collision with vehicle","Friday","Day",3,3,"Not at intersection",3,60,"B",2005,"UTIL","TOYOTA","Utility","M",28,"26-29","Drivers"
"T20190009253","17/5/19",09:30:00,"Collision with vehicle","Friday","Day",3,3,"Not at intersection",3,60,"C",0,"S WAG","LAND R","Station Wagon","M",21,"17-21","Drivers"
"T20190009255","17/5/19",08:25:00,"Collision with vehicle","Friday","Day",2,2,"Not at intersection",2,80,"A",2011,"S WAG","SUBARU","Station Wagon","M",44,"40-49","Drivers"
"T20190009255","17/5/19",08:25:00,"Collision with vehicle","Friday","Day",2,2,"Not at intersection",2,80,"B",2000,"VAN","HINO","Light Commercial Vehicle (Rigid) <= 4.5 Tonnes GVM","M",64,"60-64","Drivers"
"T20190009256","17/5/19",13:00:00,"Collision with vehicle","Friday","Day",2,2,"T intersection",2,60,"B",2012,"SEDAN","TOYOTA","Taxi","M",27,"26-29","Drivers"
"T20190009259","17/5/19",11:50:00,"Collision with vehicle","Friday","Day",2,3,"T intersection",3,40,"A",0,"SED","TOYOTA","Car","F",38,"30-39","Drivers"
"T20190009259","17/5/19",11:50:00,"Collision with vehicle","Friday","Day",2,3,"T intersection",3,40,"B",2019,"T SDS","NISSAN","Light Commercial Vehicle (Rigid) <= 4.5 Tonnes GVM","M",58,"50-59","Drivers"
"T20190009263","16/5/19",18:00:00,"Collision with vehicle","Thursday","Dark No street lights",3,3,"Not at intersection",2,70,"A",2018,"WAGON","NISSAN","Station Wagon","M",53,"50-59","Drivers"
"T20190009263","16/5/19",18:00:00,"Collision with vehicle","Thursday","Dark No street lights",3,3,"Not at intersection",2,70,"B",2013,"SEDAN","FORD","Car","M",26,"26-29","Drivers"
"T20190009263","16/5/19",18:00:00,"Collision with vehicle","Thursday","Dark No street lights",3,3,"Not at intersection",2,70,"C",2012,"WAGON","NISSAN","Station Wagon","F",36,"30-39","Drivers"
"T20190009267","16/5/19",15:40:00,"Collision with vehicle","Thursday","Day",2,4,"T intersection",3,50,"A",2013,"SEDAN","HYNDAI","Car","F",63,"60-64","Drivers"
"T20190009267","16/5/19",15:40:00,"Collision with vehicle","Thursday","Day",2,4,"T intersection",3,50,"B",2012,"SEDAN","HONDA","Car","M",22,"22-25","Drivers"
"T20190009269","16/5/19",17:00:00,"Collision with vehicle","Thursday","Day",2,2,"Dead end",3,50,"A",2010,"SEDAN","MITSUB","Car","F",21,"17-21","Drivers"
"T20190009269","16/5/19",17:00:00,"Collision with vehicle","Thursday","Day",2,2,"Dead end",3,50,"B",2002,"SEDAN","HYNDAI","Car","F",24,"22-25","Drivers"
"T20190009270","17/5/19",12:40:00,"Collision with vehicle","Friday","Day",2,6,"Not at intersection",2,60,"A",2019,"WAGON","MITSUB","Station Wagon","F",26,"26-29","Drivers"
"T20190009271","17/5/19",16:05:00,"Collision with vehicle","Friday","Day",2,4,"T intersection",3,80,"A",2017,"SEDAN","HOLDEN","Car","U",NA,"unknown","Drivers"
"T20190009271","17/5/19",16:05:00,"Collision with vehicle","Friday","Day",2,4,"T intersection",3,80,"B",2013,"WAGON","SUBARU","Car","F",25,"22-25","Drivers"
"T20190009277","17/5/19",14:01:00,"Collision with vehicle","Friday","Day",2,3,"Cross intersection",2,60,"A",2002,"SEDAN","MITSUB","Car","M",30,"30-39","Drivers"
"T20190009277","17/5/19",14:01:00,"Collision with vehicle","Friday","Day",2,3,"Cross intersection",2,60,"B",2012,"WAGON","JEEP","Station Wagon","F",51,"50-59","Drivers"
"T20190009281","17/5/19",16:20:00,"Collision with vehicle","Friday","Day",2,2,"Cross intersection",2,50,"A",2014,"WAGON","HOLDEN","Station Wagon","F",60,"60-64","Drivers"
"T20190009285","15/5/19",19:30:00,"Collision with vehicle","Wednesday","Day",2,3,"Not at intersection",2,40,"A",2014,"DC UTE","VOLKS","Utility","F",25,"22-25","Drivers"
"T20190009287","17/5/19",15:17:00,"Struck Pedestrian","Friday","Day",1,2,"Not at intersection",3,40,"A",2013,"WAGON","MAZDA","Station Wagon","F",32,"30-39","Drivers"
"T20190009288","17/5/19",21:13:00,"Collision with vehicle","Friday","Dark Street lights on",2,2,"Not at intersection",2,60,"A",2005,"SEDAN","VOLKS","Car","M",28,"26-29","Drivers"
"T20190009289","17/5/19",15:00:00,"Collision with vehicle","Friday","Day",2,2,"T intersection",2,40,"A",2000,"SEDAN","HOLDEN","Car","F",47,"40-49","Drivers"
"T20190009290","17/5/19",15:10:00,"Collision with vehicle","Friday","Day",2,5,"Not at intersection",1,100,"A",2017,"WAGON","HYNDAI","Station Wagon","F",56,"50-59","Drivers"
"T20190009290","17/5/19",15:10:00,"Collision with vehicle","Friday","Day",2,5,"Not at intersection",1,100,"B",2018,"WAGON","MITSUB","Station Wagon","M",73,"70+","Drivers"
"T20190009292","17/5/19",21:00:00,"Collision with vehicle","Friday","Dark Street lights on",2,2,"Not at intersection",3,60,"A",2011,"WAGON","HOLDEN","Station Wagon","M",29,"26-29","Drivers"
"T20190009292","17/5/19",21:00:00,"Collision with vehicle","Friday","Dark Street lights on",2,2,"Not at intersection",3,60,"B",2015,"SEDAN","HOLDEN","Car","M",29,"26-29","Drivers"
"T20190009294","17/5/19",22:52:00,"Struck animal","Friday","Dark Street lights on",2,2,"T intersection",3,60,"A",2013,"SEDAN","MAZDA","Car","F",57,"50-59","Drivers"
"T20190009294","17/5/19",22:52:00,"Struck animal","Friday","Dark Street lights on",2,2,"T intersection",3,60,"B",2004,"SEDAN","HYNDAI","Car","F",33,"30-39","Drivers"
"T20190009295","17/5/19",18:15:00,"Struck Pedestrian","Friday","Dark Street lights on",1,4,"T intersection",2,50,"A",2013,"WAGON","JEEP","Station Wagon","F",38,"30-39","Drivers"
"T20190009300","18/5/19",02:05:00,"Collision with vehicle","Saturday","Dark Street lights off",2,3,"T intersection",3,80,"A",2011,"WAGON","L ROV","Station Wagon","U",NA,"unknown","Drivers"
"T20190009300","18/5/19",02:05:00,"Collision with vehicle","Saturday","Dark Street lights off",2,3,"T intersection",3,80,"B",2018,"SEDAN","B M W","Car","U",NA,"unknown","Drivers"
"T20190009302","17/5/19",23:50:00,"Collision with a fixed object","Friday","Unknown",1,2,"Not at intersection",3,777,"A",2014,"SEDAN","HOLDEN","Car","F",35,"30-39","Drivers"
"T20190009304","18/5/19",02:20:00,"Collision with vehicle","Saturday","Dark Street lights on",2,2,"Not at intersection",2,60,"A",2006,"G UNIT","VOLVO","Heavy Vehicle (Rigid) > 4.5 Tonnes","M",48,"40-49","Drivers"
"T20190009304","18/5/19",02:20:00,"Collision with vehicle","Saturday","Dark Street lights on",2,2,"Not at intersection",2,60,"B",2008,"SEDAN","HONDA","Car","M",25,"22-25","Drivers"
"T20190009305","18/5/19",02:00:00,"Collision with vehicle","Saturday","Dark Street lights on",2,3,"Not at intersection",3,100,"A",2018,"UTIL","FORD","Utility","M",47,"40-49","Drivers"
"T20190009305","18/5/19",02:00:00,"Collision with vehicle","Saturday","Dark Street lights on",2,3,"Not at intersection",3,100,"B",2010,"SEDAN","TOYOTA","Car","M",27,"26-29","Drivers"
"T20190009306","18/5/19",05:20:00,"Collision with a fixed object","Saturday","Dark No street lights",1,1,"Not at intersection",2,110,"A",2005,"SEDAN","DAIHAT","Car","M",23,"22-25","Drivers"
"T20190009308","18/5/19",07:50:00,"Collision with vehicle","Saturday","Day",2,1,"Not at intersection",2,40,"A",2016,"COUPE","B M W","Car","M",58,"50-59","Drivers"
"T20190009310","18/5/19",09:05:00,"Collision with vehicle","Saturday","Day",2,2,"Not at intersection",3,60,"A",2003,"DC UTE","TOYOTA","Utility","F",18,"17-21","Drivers"
"T20190009310","18/5/19",09:05:00,"Collision with vehicle","Saturday","Day",2,2,"Not at intersection",3,60,"B",2009,"WAGON","FORD","Station Wagon","F",36,"30-39","Drivers"
"T20190009312","17/5/19",22:00:00,"Struck Pedestrian","Friday","Dark No street lights",1,6,"Not at intersection",3,100,"A",2005,"SEDAN","FORD","Car","M",75,"70+","Drivers"
"T20190009313","2/5/19",15:30:00,"Collision with vehicle","Thursday","Unknown",2,2,"Not at intersection",3,50,"A",2018,"SEDAN","TOYOTA","Car","M",39,"30-39","Drivers"
"T20190009313","2/5/19",15:30:00,"Collision with vehicle","Thursday","Unknown",2,2,"Not at intersection",3,50,"B",2017,"SEDAN","TOYOTA","Taxi","M",45,"40-49","Drivers"
"T20190009314","18/5/19",09:32:00,"Struck Pedestrian","Saturday","Day",1,2,"Cross intersection",2,40,"A",2015,"COUPE","HOLDEN","Car","F",44,"40-49","Drivers"
"T20190009315","18/5/19",08:48:00,"Collision with vehicle","Saturday","Day",2,3,"Not at intersection",2,50,"A",2018,"WAGON","HONDA","Station Wagon","F",33,"30-39","Drivers"
"T20190009316","18/5/19",11:58:00,"Collision with vehicle","Saturday","Day",2,6,"T intersection",3,60,"A",2003,"SEDAN","FORD","Car","F",35,"30-39","Drivers"
"T20190009316","18/5/19",11:58:00,"Collision with vehicle","Saturday","Day",2,6,"T intersection",3,60,"B",1997,"SEDAN","NISSAN","Car","M",21,"17-21","Drivers"
"T20190009319","18/5/19",11:30:00,"Collision with vehicle","Saturday","Day",2,2,"Not at intersection",3,60,"B",2017,"SEDAN","HYNDAI","Car","F",57,"50-59","Drivers"
"T20190009320","18/5/19",12:50:00,"Struck Pedestrian","Saturday","Day",1,2,"Not at intersection",3,50,"A",2014,"WAGON","FORD","Station Wagon","M",57,"50-59","Drivers"
"T20190009321","17/5/19",18:00:00,"Collision with vehicle","Friday","Unknown",2,3,"Not at intersection",3,40,"A",2018,"WAGON","TOYOTA","Taxi","M",32,"30-39","Drivers"
"T20190009322","18/5/19",14:01:00,"Collision with vehicle","Saturday","Day",2,2,"Not at intersection",2,50,"A",2003,"UTIL","TOYOTA","Utility","M",38,"30-39","Drivers"
"T20190009323","18/5/19",13:05:00,"Collision with vehicle","Saturday","Day",2,2,"Cross intersection",2,100,"A",2000,"SEDAN","HYNDAI","Car","M",42,"40-49","Drivers"
"T20190009323","18/5/19",13:05:00,"Collision with vehicle","Saturday","Day",2,2,"Cross intersection",2,100,"B",2006,"SEDAN","MITSUB","Car","M",20,"17-21","Drivers"
"T20190009326","18/5/19",14:04:00,"Collision with vehicle","Saturday","Day",2,3,"Cross intersection",3,50,"A",2008,"SEDAN","SUZUKI","Car","M",18,"17-21","Drivers"
"T20190009326","18/5/19",14:04:00,"Collision with vehicle","Saturday","Day",2,3,"Cross intersection",3,50,"B",2002,"SEDAN","MAZDA","Car","F",19,"17-21","Drivers"
"T20190009328","17/5/19",17:10:00,"Collision with vehicle","Friday","Day",2,2,"Cross intersection",2,60,"A",2018,"SEDAN","TOYOTA","Car","F",24,"22-25","Drivers"
"T20190009328","17/5/19",17:10:00,"Collision with vehicle","Friday","Day",2,2,"Cross intersection",2,60,"B",2017,"WAGON","HYNDAI","Station Wagon","F",28,"26-29","Drivers"
"T20190009329","18/5/19",13:55:00,"Collision with vehicle","Saturday","Day",2,4,"Cross intersection",3,70,"A",2001,"SEDAN","HOLDEN","Car","M",22,"22-25","Drivers"
"T20190009329","18/5/19",13:55:00,"Collision with vehicle","Saturday","Day",2,4,"Cross intersection",3,70,"B",2013,"SEDAN","MAZDA","Car","M",30,"30-39","Drivers"