"ACCIDENT_NO","ACCIDENTDATE","ACCIDENTTIME","Accident Type Desc","Day Week Description","Light Condition Desc","NO_OF_VEHICLES","NO_PERSONS","Road Geometry Desc","SEVERITY","SPEED_ZONE","VEHICLE_ID","VEHICLE_YEAR_MANUF","VEHICLE_BODY_STYLE","VEHICLE_MAKE","Vehicle Type Desc","SEX","AGE","Age Group","Road User Type Desc"
"T20190009331","17/5/19",08:43:00,"Collision with vehicle","Friday","Day",2,1,"Not at intersection",3,50,"B",2000,"SEDAN","MITSUB","Car","F",19,"17-21","Drivers"
"T20190009336","18/5/19",08:45:00,"Collision with vehicle","Saturday","Day",2,2,"T intersection",3,50,"A",2012,"SEDAN","FORD","Car","M",29,"26-29","Drivers"
"T20190009338","17/5/19",16:13:00,"Collision with vehicle","Friday","Day",4,3,"Cross intersection",3,80,"A",2016,"SEDAN","MAZDA","Car","M",22,"22-25","Drivers"
"T20190009338","17/5/19",16:13:00,"Collision with vehicle","Friday","Day",4,3,"Cross intersection",3,80,"B",2006,"SEDAN","HOLDEN","Car","F",57,"50-59","Drivers"
"T20190009338","17/5/19",16:13:00,"Collision with vehicle","Friday","Day",4,3,"Cross intersection",3,80,"C",2014,"UTIL","FORD","Utility","M",39,"30-39","Drivers"
"T20190009339","18/5/19",14:51:00,"Collision with vehicle","Saturday","Day",3,4,"T intersection",2,80,"A",2015,"SEDAN","KIA","Car","F",20,"17-21","Drivers"
"T20190009339","18/5/19",14:51:00,"Collision with vehicle","Saturday","Day",3,4,"T intersection",2,80,"B",2004,"SEDAN","MITSUB","Car","M",41,"40-49","Drivers"
"T20190009339","18/5/19",14:51:00,"Collision with vehicle","Saturday","Day",3,4,"T intersection",2,80,"C",2003,"S WAG","HOLDEN","Station Wagon","F",46,"40-49","Drivers"
"T20190009341","15/5/19",20:17:00,"Collision with vehicle","Wednesday","Dark Street lights on",2,2,"Cross intersection",3,60,"A",2005,"SEDAN","TOYOTA","Car","F",30,"30-39","Drivers"
"T20190009341","15/5/19",20:17:00,"Collision with vehicle","Wednesday","Dark Street lights on",2,2,"Cross intersection",3,60,"B",2006,"SED","MERC B","Car","F",35,"30-39","Drivers"
"T20190009342","18/5/19",15:50:00,"Collision with vehicle","Saturday","Day",4,4,"Not at intersection",3,60,"A",2010,"SED","FORD","Car","M",24,"22-25","Drivers"
"T20190009342","18/5/19",15:50:00,"Collision with vehicle","Saturday","Day",4,4,"Not at intersection",3,60,"B",2011,"SED","MAZDA","Car","M",44,"40-49","Drivers"
"T20190009342","18/5/19",15:50:00,"Collision with vehicle","Saturday","Day",4,4,"Not at intersection",3,60,"C",2002,"SED","FORD","Car","M",45,"40-49","Drivers"
"T20190009342","18/5/19",15:50:00,"Collision with vehicle","Saturday","Day",4,4,"Not at intersection",3,60,"D",2001,"SED","HOLDEN","Car","F",47,"40-49","Drivers"
"T20190009343","17/5/19",14:50:00,"Vehicle overturned (no collision)","Friday","Day",1,1,"Not at intersection",3,60,"A",2007,"SED","HONDA","Car","M",27,"26-29","Drivers"
"T20190009347","18/5/19",16:45:00,"Collision with vehicle","Saturday","Day",2,2,"Not at intersection",2,60,"A",2018,"DC UTE","MAZDA","Utility","M",33,"30-39","Drivers"
"T20190009349","18/5/19",14:47:00,"Collision with vehicle","Saturday","Day",2,3,"T intersection",3,60,"A",2008,"SEDAN","AUDI","Car","M",21,"17-21","Drivers"
"T20190009351","18/5/19",15:45:00,"Vehicle overturned (no collision)","Saturday","Day",2,4,"Not at intersection",1,60,"A",2014,"SEDAN","SUBARU","Car","M",18,"17-21","Drivers"
"T20190009352","18/5/19",17:55:00,"Collision with vehicle","Saturday","Dark Street lights on",2,2,"Not at intersection",3,60,"A",2015,"S WAG","VOLKS","Station Wagon","M",63,"60-64","Drivers"
"T20190009353","18/5/19",15:45:00,"Collision with vehicle","Saturday","Day",2,4,"Cross intersection",2,50,"A",2003,"SEDAN","FORD","Car","F",53,"50-59","Drivers"
"T20190009353","18/5/19",15:45:00,"Collision with vehicle","Saturday","Day",2,4,"Cross intersection",2,50,"B",2010,"SEDAN","FORD","Car","M",43,"40-49","Drivers"
"T20190009354","18/5/19",17:00:00,"Collision with vehicle","Saturday","Day",2,8,"Multiple intersection",3,70,"A",2009,"SEDAN","FORD","Car","M",20,"17-21","Drivers"
"T20190009354","18/5/19",17:00:00,"Collision with vehicle","Saturday","Day",2,8,"Multiple intersection",3,70,"B",0,"S WAG","TOYOTA","Mini Bus(9-13 seats)","M",29,"26-29","Drivers"
"T20190009355","18/5/19",17:51:00,"Collision with vehicle","Saturday","Dark Street lights on",2,2,"T intersection",3,60,"A",2015,"WAGON","HONDA","Station Wagon","F",53,"50-59","Drivers"
"T20190009355","18/5/19",17:51:00,"Collision with vehicle","Saturday","Dark Street lights on",2,2,"T intersection",3,60,"B",2012,"WAGON","JEEP","Station Wagon","M",27,"26-29","Drivers"
"T20190009356","18/5/19",21:16:00,"Collision with vehicle","Saturday","Dark Street lights on",2,2,"T intersection",2,60,"A",2015,"WAGON","LEXUS","Station Wagon","M",25,"22-25","Drivers"
"T20190009358","18/5/19",22:00:00,"Collision with vehicle","Saturday","Dark Street lights on",2,2,"Cross intersection",3,80,"A",2004,"SEDAN","TOYOTA","Car","M",66,"64-69","Drivers"
"T20190009358","18/5/19",22:00:00,"Collision with vehicle","Saturday","Dark Street lights on",2,2,"Cross intersection",3,80,"B",2016,"SEDAN","SUZUKI","Car","F",66,"64-69","Drivers"
"T20190009363","18/5/19",21:10:00,"Collision with a fixed object","Saturday","Dark Street lights on",1,2,"T intersection",3,50,"A",2013,"DC UTE","TOYOTA","Utility","U",NA,"unknown","Drivers"
"T20190009365","7/5/19",18:25:00,"Collision with vehicle","Tuesday","Dark Street lights on",3,3,"T intersection",3,60,"B",2013,"SEDAN","FORD","Car","M",21,"17-21","Drivers"
"T20190009366","17/5/19",23:30:00,"Collision with vehicle","Friday","Dark Street lights on",2,3,"Not at intersection",3,40,"A",2008,"SEDAN","TOYOTA","Car","M",21,"17-21","Drivers"
"T20190009368","18/5/19",23:30:00,"Collision with vehicle","Saturday","Dark Street lights on",2,2,"Cross intersection",3,60,"A",2011,"SEDAN","PEUG","Car","M",45,"40-49","Drivers"
"T20190009368","18/5/19",23:30:00,"Collision with vehicle","Saturday","Dark Street lights on",2,2,"Cross intersection",3,60,"B",2000,"WAGON","HONDA","Station Wagon","M",21,"17-21","Drivers"
"T20190009379","19/5/19",02:30:00,"Collision with a fixed object","Sunday","Dark No street lights",1,2,"Not at intersection",1,100,"A",2009,"DC UTE","TOYOTA","Utility","M",19,"17-21","Drivers"
"T20190009381","19/5/19",11:40:00,"Collision with vehicle","Sunday","Day",3,4,"Cross intersection",3,60,"A",2006,"UTIL","MITSUB","Utility","M",58,"50-59","Drivers"
"T20190009381","19/5/19",11:40:00,"Collision with vehicle","Sunday","Day",3,4,"Cross intersection",3,60,"C",0,"SEDAN","UNKN","Car","U",NA,"unknown","Drivers"
"T20190009382","19/5/19",11:00:00,"Collision with vehicle","Sunday","Day",2,2,"Not at intersection",3,60,"A",2010,"SEDAN","HONDA","Car","F",36,"30-39","Drivers"
"T20190009383","19/5/19",10:30:00,"Collision with vehicle","Sunday","Day",2,2,"T intersection",2,50,"A",2002,"S WAG","HOLDEN","Station Wagon","M",39,"30-39","Drivers"
"T20190009386","19/5/19",10:27:00,"Collision with vehicle","Sunday","Day",3,5,"Not at intersection",3,60,"A",2013,"P VAN","TOYOTA","Panel Van","M",24,"22-25","Drivers"
"T20190009386","19/5/19",10:27:00,"Collision with vehicle","Sunday","Day",3,5,"Not at intersection",3,60,"B",1999,"SEDAN","MITSUB","Car","M",20,"17-21","Drivers"
"T20190009386","19/5/19",10:27:00,"Collision with vehicle","Sunday","Day",3,5,"Not at intersection",3,60,"C",2017,"WAGON","HONDA","Station Wagon","M",50,"50-59","Drivers"
"T20190009387","19/5/19",12:33:00,"Collision with vehicle","Sunday","Day",3,6,"Not at intersection",2,60,"A",2005,"WAGON","SUBARU","Station Wagon","F",21,"17-21","Drivers"
"T20190009387","19/5/19",12:33:00,"Collision with vehicle","Sunday","Day",3,6,"Not at intersection",2,60,"B",2005,"DC UTE","TOYOTA","Utility","M",34,"30-39","Drivers"
"T20190009387","19/5/19",12:33:00,"Collision with vehicle","Sunday","Day",3,6,"Not at intersection",2,60,"C",1997,"SEDAN","MAZDA","Car","F",49,"40-49","Drivers"
"T20190009389","18/5/19",20:15:00,"Collision with vehicle","Saturday","Dark Street lights on",2,8,"Cross intersection",2,100,"A",2011,"SEDAN","HOLDEN","Car","F",24,"22-25","Drivers"
"T20190009389","18/5/19",20:15:00,"Collision with vehicle","Saturday","Dark Street lights on",2,8,"Cross intersection",2,100,"B",1995,"WAGON","TOYOTA","Station Wagon","M",58,"50-59","Drivers"
"T20190009391","19/5/19",12:26:00,"Collision with vehicle","Sunday","Day",2,3,"T intersection",2,80,"A",2014,"SEDAN","MAZDA","Car","M",63,"60-64","Drivers"
"T20190009391","19/5/19",12:26:00,"Collision with vehicle","Sunday","Day",2,3,"T intersection",2,80,"B",2013,"SEDAN","CHRYS","Car","M",23,"22-25","Drivers"
"T20190009392","19/5/19",12:45:00,"Collision with vehicle","Sunday","Day",2,2,"Unknown",3,60,"A",2013,"SEDAN","HONDA","Car","F",55,"50-59","Drivers"
"T20190009392","19/5/19",12:45:00,"Collision with vehicle","Sunday","Day",2,2,"Unknown",3,60,"B",2009,"SEDAN","TOYOTA","Car","F",19,"17-21","Drivers"
"T20190009394","19/5/19",12:30:00,"Collision with vehicle","Sunday","Day",2,2,"T intersection",3,60,"A",2019,"SEDAN","TOYOTA","Car","M",40,"40-49","Drivers"
"T20190009395","19/5/19",13:07:00,"Struck Pedestrian","Sunday","Day",1,2,"Not at intersection",3,40,"A",2015,"UTIL","ISUZU","Utility","M",63,"60-64","Drivers"
"T20190009397","19/5/19",14:15:00,"Collision with vehicle","Sunday","Day",2,6,"Cross intersection",3,60,"A",2005,"SEDAN","CITRN","Car","F",47,"40-49","Drivers"
"T20190009397","19/5/19",14:15:00,"Collision with vehicle","Sunday","Day",2,6,"Cross intersection",3,60,"B",2005,"SEDAN","SUZUKI","Car","F",29,"26-29","Drivers"
"T20190009398","19/5/19",14:20:00,"Collision with vehicle","Sunday","Day",2,3,"Cross intersection",2,60,"A",2001,"WAGON","MAZDA","Station Wagon","M",82,"70+","Drivers"
"T20190009398","19/5/19",14:20:00,"Collision with vehicle","Sunday","Day",2,3,"Cross intersection",2,60,"B",2016,"SEDAN","HYNDAI","Car","F",20,"17-21","Drivers"
"T20190009399","19/5/19",14:50:00,"Collision with vehicle","Sunday","Day",2,2,"Cross intersection",3,60,"A",2001,"S WAG","MITSUB","Station Wagon","M",52,"50-59","Drivers"
"T20190009402","12/5/19",09:45:00,"Collision with vehicle","Sunday","Day",2,2,"Not at intersection",3,60,"A",2012,"COUPE","MERC B","Car","F",18,"17-21","Drivers"
"T20190009402","12/5/19",09:45:00,"Collision with vehicle","Sunday","Day",2,2,"Not at intersection",3,60,"B",2011,"SEDAN","HYNDAI","Car","F",32,"30-39","Drivers"
"T20190009403","19/5/19",16:35:00,"Struck Pedestrian","Sunday","Dusk/Dawn",1,2,"Cross intersection",2,60,"A",2002,"WAGON","MITSUB","Station Wagon","M",39,"30-39","Drivers"
"T20190009409","19/5/19",15:32:00,"collision with some other object","Sunday","Day",1,1,"Not at intersection",2,100,"A",2004,"SEDAN","FORD","Car","F",58,"50-59","Drivers"
"T20190009410","19/5/19",16:40:00,"Collision with a fixed object","Sunday","Day",1,5,"Not at intersection",2,100,"A",2002,"CARVN","TOYOTA","Panel Van","M",42,"40-49","Drivers"
"T20190009411","19/5/19",14:10:00,"Collision with a fixed object","Sunday","Day",1,1,"Not at intersection",3,60,"A",1995,"SEDAN","HOLDEN","Car","F",33,"30-39","Drivers"
"T20190009412","19/5/19",17:05:00,"Collision with vehicle","Sunday","Dusk/Dawn",2,2,"Not at intersection",3,100,"A",2006,"SEDAN","HOLDEN","Car","M",29,"26-29","Drivers"
"T20190009412","19/5/19",17:05:00,"Collision with vehicle","Sunday","Dusk/Dawn",2,2,"Not at intersection",3,100,"B",2015,"UTIL","NISSAN","Utility","M",61,"60-64","Drivers"
"T20190009413","19/5/19",16:05:00,"Vehicle overturned (no collision)","Sunday","Day",1,1,"Not at intersection",1,100,"A",2011,"BD/PMR","DAF","Prime Mover - Single Trailer","M",59,"50-59","Drivers"
"T20190009416","19/5/19",15:30:00,"Collision with vehicle","Sunday","Day",2,2,"Not at intersection",3,40,"B",1995,"SEDAN","FORD","Car","M",32,"30-39","Drivers"
"T20190009421","19/5/19",16:54:00,"Collision with a fixed object","Sunday","Day",1,1,"Not at intersection",2,100,"A",2002,"TIPPER","MITSUB","Heavy Vehicle (Rigid) > 4.5 Tonnes","M",43,"40-49","Drivers"
"T20190009424","19/5/19",19:22:00,"Collision with vehicle","Sunday","Dark Street lights on",2,1,"Not at intersection",2,50,"A",2003,"SEDAN","FORD","Car","M",45,"40-49","Drivers"
"T20190009427","20/5/19",00:30:00,"Collision with a fixed object","Monday","Dark No street lights",1,1,"Not at intersection",2,100,"A",2002,"WAGON","SUBARU","Station Wagon","M",55,"50-59","Drivers"
"T20190009430","1/5/19",15:00:00,"Collision with vehicle","Wednesday","Day",3,3,"Not at intersection",3,70,"A",2001,"SED","HONDA","Car","M",39,"30-39","Drivers"
"T20190009430","1/5/19",15:00:00,"Collision with vehicle","Wednesday","Day",3,3,"Not at intersection",3,70,"B",2001,"UTIL","NISSAN","Utility","M",23,"22-25","Drivers"
"T20190009430","1/5/19",15:00:00,"Collision with vehicle","Wednesday","Day",3,3,"Not at intersection",3,70,"C",0,"SEDAN","UNKN","Car","U",NA,"unknown","Drivers"
"T20190009431","20/5/19",06:00:00,"Collision with vehicle","Monday","Dark No street lights",2,1,"Not at intersection",3,110,"A",2007,"DC UTE","NISSAN","Utility","M",30,"30-39","Drivers"
"T20190009432","20/5/19",05:58:00,"Collision with vehicle","Monday","Dark Street lights on",4,4,"Not at intersection",2,80,"A",2008,"SEDAN","HONDA","Car","M",24,"22-25","Drivers"
"T20190009432","20/5/19",05:58:00,"Collision with vehicle","Monday","Dark Street lights on",4,4,"Not at intersection",2,80,"B",2010,"COUPE","HYNDAI","Car","F",55,"50-59","Drivers"
"T20190009432","20/5/19",05:58:00,"Collision with vehicle","Monday","Dark Street lights on",4,4,"Not at intersection",2,80,"C",2010,"RDSTR","AUDI","Car","F",46,"40-49","Drivers"
"T20190009432","20/5/19",05:58:00,"Collision with vehicle","Monday","Dark Street lights on",4,4,"Not at intersection",2,80,"D",2008,"WAGON","MITSUB","Station Wagon","F",40,"40-49","Drivers"
"T20190009439","18/5/19",19:20:00,"Collision with vehicle","Saturday","Dark Street lights on",2,2,"Not at intersection",3,60,"A",2007,"DC UTE","TOYOTA","Utility","M",22,"22-25","Drivers"
"T20190009440","20/5/19",08:05:00,"Collision with vehicle","Monday","Day",2,2,"Not at intersection",2,60,"A",2010,"SEDAN","MAZDA","Car","M",23,"22-25","Drivers"
"T20190009445","20/5/19",07:00:00,"Struck Pedestrian","Monday","Dusk/Dawn",1,2,"Cross intersection",2,40,"A",2014,"SEDAN","HYNDAI","Car","F",46,"40-49","Drivers"
"T20190009446","20/5/19",08:45:00,"Collision with vehicle","Monday","Day",2,2,"T intersection",3,60,"A",2001,"WAGON","TOYOTA","Station Wagon","F",20,"17-21","Drivers"
"T20190009446","20/5/19",08:45:00,"Collision with vehicle","Monday","Day",2,2,"T intersection",3,60,"B",2012,"SEDAN","MAZDA","Car","F",56,"50-59","Drivers"
"T20190009448","20/5/19",08:45:00,"Collision with vehicle","Monday","Day",2,3,"T intersection",3,60,"A",2012,"WAGON","TOYOTA","Station Wagon","M",45,"40-49","Drivers"
"T20190009448","20/5/19",08:45:00,"Collision with vehicle","Monday","Day",2,3,"T intersection",3,60,"B",2012,"SEDAN","SUZUKI","Car","F",45,"40-49","Drivers"
"T20190009450","17/5/19",18:11:00,"Collision with vehicle","Friday","Dark Street lights on",3,3,"Not at intersection",2,80,"A",2013,"WAGON","AUDI","Station Wagon","F",43,"40-49","Drivers"
"T20190009450","17/5/19",18:11:00,"Collision with vehicle","Friday","Dark Street lights on",3,3,"Not at intersection",2,80,"B",2009,"UTIL","HOLDEN","Utility","M",57,"50-59","Drivers"
"T20190009450","17/5/19",18:11:00,"Collision with vehicle","Friday","Dark Street lights on",3,3,"Not at intersection",2,80,"C",2001,"SEDAN","HOLDEN","Car","M",24,"22-25","Drivers"
"T20190009451","20/5/19",08:50:00,"Collision with vehicle","Monday","Day",2,3,"Cross intersection",2,60,"A",2015,"SEDAN","TOYOTA","Car","M",25,"22-25","Drivers"
"T20190009451","20/5/19",08:50:00,"Collision with vehicle","Monday","Day",2,3,"Cross intersection",2,60,"B",2005,"SED","FORD","Car","F",49,"40-49","Drivers"
"T20190009452","19/5/19",08:34:00,"Collision with vehicle","Sunday","Day",2,2,"Cross intersection",3,60,"A",2013,"SEDAN","HOLDEN","Taxi","M",37,"30-39","Drivers"
"T20190009453","20/5/19",11:00:00,"Collision with vehicle","Monday","Day",2,2,"T intersection",3,999,"A",2015,"SEDAN","JEEP","Car","F",55,"50-59","Drivers"
"T20190009453","20/5/19",11:00:00,"Collision with vehicle","Monday","Day",2,2,"T intersection",3,999,"B",2018,"SEDAN","HONDA","Car","F",69,"64-69","Drivers"
"T20190009454","20/5/19",11:08:00,"Collision with vehicle","Monday","Day",3,3,"Cross intersection",2,100,"A",2011,"UTIL","MITSUB","Utility","M",28,"26-29","Drivers"
"T20190009454","20/5/19",11:08:00,"Collision with vehicle","Monday","Day",3,3,"Cross intersection",2,100,"B",2002,"VAN","TOYOTA","Panel Van","M",72,"70+","Drivers"
"T20190009454","20/5/19",11:08:00,"Collision with vehicle","Monday","Day",3,3,"Cross intersection",2,100,"C",2007,"SEDAN","HONDA","Car","M",34,"30-39","Drivers"
"T20190009461","15/5/19",19:10:00,"Collision with vehicle","Wednesday","Unknown",2,2,"Not at intersection",3,999,"B",2011,"SEDAN","HOLDEN","Car","U",NA,"unknown","Drivers"
"T20190009462","20/5/19",14:37:00,"Collision with vehicle","Monday","Day",2,5,"Not at intersection",2,60,"A",2011,"SEDAN","FORD","Car","M",21,"17-21","Drivers"
"T20190009462","20/5/19",14:37:00,"Collision with vehicle","Monday","Day",2,5,"Not at intersection",2,60,"B",2006,"WAGON","TOYOTA","Station Wagon","M",23,"22-25","Drivers"
"T20190009464","20/5/19",14:27:00,"Collision with a fixed object","Monday","Day",1,2,"Not at intersection",1,60,"A",2015,"S WAG","SUZUKI","Station Wagon","M",79,"70+","Drivers"
"T20190009466","20/5/19",13:48:00,"Collision with vehicle","Monday","Day",2,2,"Not at intersection",3,80,"A",2002,"SEDAN","FORD","Car","F",17,"16-17","Drivers"
"T20190009466","20/5/19",13:48:00,"Collision with vehicle","Monday","Day",2,2,"Not at intersection",3,80,"B",2013,"SEDAN","HYNDAI","Car","F",28,"26-29","Drivers"
"T20190009470","20/5/19",18:10:00,"Collision with vehicle","Monday","Dark Street lights on",2,2,"Not at intersection",3,40,"A",2012,"SED","TOYOTA","Taxi","M",45,"40-49","Drivers"
"T20190009471","20/5/19",17:44:00,"Struck Pedestrian","Monday","Dusk/Dawn",1,2,"T intersection",2,60,"A",2010,"SEDAN","HOLDEN","Car","M",22,"22-25","Drivers"
"T20190009473","20/5/19",17:21:00,"Collision with vehicle","Monday","Dusk/Dawn",4,4,"Not at intersection",3,70,"A",2012,"WAGON","KIA","Station Wagon","F",35,"30-39","Drivers"
"T20190009473","20/5/19",17:21:00,"Collision with vehicle","Monday","Dusk/Dawn",4,4,"Not at intersection",3,70,"B",1992,"WAGON","NISSAN","Station Wagon","M",19,"17-21","Drivers"
"T20190009473","20/5/19",17:21:00,"Collision with vehicle","Monday","Dusk/Dawn",4,4,"Not at intersection",3,70,"C",2011,"SEDAN","VOLKS","Car","M",19,"17-21","Drivers"
"T20190009473","20/5/19",17:21:00,"Collision with vehicle","Monday","Dusk/Dawn",4,4,"Not at intersection",3,70,"D",2018,"DC UTE","FORD","Utility","M",44,"40-49","Drivers"
"T20190009476","20/5/19",18:00:00,"Collision with vehicle","Monday","Dark Street lights on",3,3,"T intersection",3,70,"A",2012,"SEDAN","HONDA","Car","F",23,"22-25","Drivers"
"T20190009476","20/5/19",18:00:00,"Collision with vehicle","Monday","Dark Street lights on",3,3,"T intersection",3,70,"B",2008,"DC UTE","NISSAN","Utility","M",20,"17-21","Drivers"
"T20190009476","20/5/19",18:00:00,"Collision with vehicle","Monday","Dark Street lights on",3,3,"T intersection",3,70,"C",2011,"SEDAN","MITSUB","Car","M",27,"26-29","Drivers"
"T20190009479","20/5/19",15:45:00,"Collision with vehicle","Monday","Day",3,3,"Not at intersection",3,80,"A",2006,"SEDAN","HOLDEN","Car","M",25,"22-25","Drivers"
"T20190009479","20/5/19",15:45:00,"Collision with vehicle","Monday","Day",3,3,"Not at intersection",3,80,"B",2008,"S WAG","FORD","Station Wagon","M",48,"40-49","Drivers"
"T20190009479","20/5/19",15:45:00,"Collision with vehicle","Monday","Day",3,3,"Not at intersection",3,80,"C",2012,"T SDS","TOYOTA","Utility","M",58,"50-59","Drivers"
"T20190009481","20/5/19",18:00:00,"Collision with a fixed object","Monday","Dark Street lights on",1,4,"Cross intersection",3,80,"A",1997,"SEDAN","NISSAN","Car","F",32,"30-39","Drivers"
"T20190009482","20/5/19",10:42:00,"Collision with vehicle","Monday","Day",2,3,"Not at intersection",1,110,"A",1986,"TRAY","HINO","Light Commercial Vehicle (Rigid) <= 4.5 Tonnes GVM","M",20,"17-21","Drivers"
"T20190009482","20/5/19",10:42:00,"Collision with vehicle","Monday","Day",2,3,"Not at intersection",1,110,"B",2000,"SEDAN","FORD","Car","F",77,"70+","Drivers"
"T20190009489","21/5/19",00:30:00,"Collision with a fixed object","Tuesday","Dark Street lights on",1,1,"Not at intersection",3,60,"A",1988,"SEDAN","MERC B","Car","M",24,"22-25","Drivers"
"T20190009494","7/5/19",08:00:00,"Collision with vehicle","Tuesday","Unknown",2,2,"T intersection",3,999,"A",2003,"SEDAN","HOLDEN","Car","M",26,"26-29","Drivers"
"T20190009494","7/5/19",08:00:00,"Collision with vehicle","Tuesday","Unknown",2,2,"T intersection",3,999,"B",2017,"WAGON","SUBARU","Station Wagon","F",36,"30-39","Drivers"
"T20190009495","18/5/19",14:35:00,"Collision with a fixed object","Saturday","Day",1,1,"Not at intersection",3,50,"A",2011,"WAGON","HYNDAI","Car","F",31,"30-39","Drivers"
"T20190009501","21/5/19",09:00:00,"Collision with vehicle","Tuesday","Day",2,3,"Cross intersection",3,60,"A",2009,"WAGON","HOLDEN","Station Wagon","F",44,"40-49","Drivers"
"T20190009501","21/5/19",09:00:00,"Collision with vehicle","Tuesday","Day",2,3,"Cross intersection",3,60,"B",2007,"WAGON","TOYOTA","Station Wagon","F",40,"40-49","Drivers"
"T20190009502","20/5/19",09:10:00,"Collision with vehicle","Monday","Day",2,2,"Multiple intersection",3,60,"A",2010,"BUS","TOYOTA","Taxi","M",NA,"unknown","Drivers"
"T20190009504","21/5/19",06:20:00,"Collision with vehicle","Tuesday","Dark Street lights on",3,3,"Not at intersection",3,80,"A",2015,"SEDAN","KIA","Car","F",47,"40-49","Drivers"
"T20190009504","21/5/19",06:20:00,"Collision with vehicle","Tuesday","Dark Street lights on",3,3,"Not at intersection",3,80,"B",2017,"TIPPER","MACK","Heavy Vehicle (Rigid) > 4.5 Tonnes","M",42,"40-49","Drivers"
"T20190009504","21/5/19",06:20:00,"Collision with vehicle","Tuesday","Dark Street lights on",3,3,"Not at intersection",3,80,"C",2013,"WAGON","JEEP","Station Wagon","M",22,"22-25","Drivers"
"T20190009507","21/5/19",11:00:00,"Collision with vehicle","Tuesday","Day",2,2,"Not at intersection",3,80,"B",2014,"WAGON","NISSAN","Station Wagon","M",38,"30-39","Drivers"
"T20190009508","21/5/19",09:28:00,"Collision with vehicle","Tuesday","Day",2,3,"T intersection",3,60,"A",2003,"SEDAN","SUBARU","Car","F",38,"30-39","Drivers"
"T20190009508","21/5/19",09:28:00,"Collision with vehicle","Tuesday","Day",2,3,"T intersection",3,60,"B",2009,"SEDAN","HOLDEN","Car","F",44,"40-49","Drivers"
"T20190009509","20/5/19",16:00:00,"Struck Pedestrian","Monday","Day",1,2,"Not at intersection",2,100,"A",2014,"SEDAN","HYNDAI","Car","F",77,"70+","Drivers"
"T20190009510","21/5/19",10:30:00,"Collision with vehicle","Tuesday","Day",2,2,"Cross intersection",2,60,"A",2010,"SEDAN","TOYOTA","Car","F",28,"26-29","Drivers"
"T20190009510","21/5/19",10:30:00,"Collision with vehicle","Tuesday","Day",2,2,"Cross intersection",2,60,"B",2006,"WAGON","HYNDAI","Station Wagon","M",77,"70+","Drivers"
"T20190009512","15/5/19",07:20:00,"Collision with vehicle","Wednesday","Day",2,2,"Cross intersection",3,70,"A",2011,"SEDAN","MITSUB","Car","M",42,"40-49","Drivers"
"T20190009512","15/5/19",07:20:00,"Collision with vehicle","Wednesday","Day",2,2,"Cross intersection",3,70,"B",2002,"SEDAN","TOYOTA","Car","M",24,"22-25","Drivers"
"T20190009518","21/5/19",12:10:00,"Collision with vehicle","Tuesday","Day",2,3,"Cross intersection",2,70,"A",2011,"WAGON","B M W","Station Wagon","M",23,"22-25","Drivers"
"T20190009518","21/5/19",12:10:00,"Collision with vehicle","Tuesday","Day",2,3,"Cross intersection",2,70,"B",2017,"SEDAN","KIA","Car","F",37,"30-39","Drivers"
"T20190009520","14/5/19",17:20:00,"Collision with vehicle","Tuesday","Dusk/Dawn",2,2,"T intersection",2,30,"B",2007,"COUPE","B M W","Car","M",50,"50-59","Drivers"
"T20190009521","20/5/19",18:25:00,"Collision with vehicle","Monday","Dark Street lights on",4,4,"Not at intersection",2,100,"A",2014,"WAGON","AUDI","Station Wagon","F",46,"40-49","Drivers"
"T20190009521","20/5/19",18:25:00,"Collision with vehicle","Monday","Dark Street lights on",4,4,"Not at intersection",2,100,"B",2017,"DC UTE","TOYOTA","Utility","M",32,"30-39","Drivers"
"T20190009521","20/5/19",18:25:00,"Collision with vehicle","Monday","Dark Street lights on",4,4,"Not at intersection",2,100,"C",2005,"SEDAN","MITSUB","Car","F",24,"22-25","Drivers"
"T20190009521","20/5/19",18:25:00,"Collision with vehicle","Monday","Dark Street lights on",4,4,"Not at intersection",2,100,"D",2016,"SEDAN","HYNDAI","Car","F",26,"26-29","Drivers"
"T20190009524","21/5/19",10:13:00,"Collision with vehicle","Tuesday","Day",2,2,"T intersection",3,60,"A",2016,"SED","TOYOTA","Car","M",33,"30-39","Drivers"
"T20190009524","21/5/19",10:13:00,"Collision with vehicle","Tuesday","Day",2,2,"T intersection",3,60,"B",2017,"WAGON","TOYOTA","Station Wagon","F",42,"40-49","Drivers"
"T20190009526","20/5/19",18:25:00,"Collision with vehicle","Monday","Dark Street lights on",2,2,"Not at intersection",3,60,"A",2005,"SEDAN","MAZDA","Car","M",49,"40-49","Drivers"
"T20190009526","20/5/19",18:25:00,"Collision with vehicle","Monday","Dark Street lights on",2,2,"Not at intersection",3,60,"B",2016,"SEDAN","TOYOTA","Car","F",66,"64-69","Drivers"
"T20190009528","21/5/19",09:23:00,"Fall from or in moving vehicle","Tuesday","Day",2,3,"T intersection",3,40,"A",2017,"S WAG","HOLDEN","Station Wagon","U",NA,"unknown","Drivers"
"T20190009528","21/5/19",09:23:00,"Fall from or in moving vehicle","Tuesday","Day",2,3,"T intersection",3,40,"B",2012,"BUS","VOLVO","Bus/Coach","M",52,"50-59","Drivers"