"ACCIDENT_NO","ACCIDENTDATE","ACCIDENTTIME","Accident Type Desc","Day Week Description","Light Condition Desc","NO_OF_VEHICLES","NO_PERSONS","Road Geometry Desc","SEVERITY","SPEED_ZONE","VEHICLE_ID","VEHICLE_YEAR_MANUF","VEHICLE_BODY_STYLE","VEHICLE_MAKE","Vehicle Type Desc","SEX","AGE","Age Group","Road User Type Desc"
"T20190009529","19/5/19",13:57:00,"Collision with vehicle","Sunday","Day",2,3,"Not at intersection",3,50,"A",2000,"WAGON","HONDA","Station Wagon","F",47,"40-49","Drivers"
"T20190009529","19/5/19",13:57:00,"Collision with vehicle","Sunday","Day",2,3,"Not at intersection",3,50,"B",2018,"SEDAN","TOYOTA","Car","F",69,"64-69","Drivers"
"T20190009531","21/5/19",13:00:00,"Collision with vehicle","Tuesday","Day",2,2,"Not at intersection",2,80,"A",2011,"SEDAN","HOLDEN","Car","M",75,"70+","Drivers"
"T20190009531","21/5/19",13:00:00,"Collision with vehicle","Tuesday","Day",2,2,"Not at intersection",2,80,"B",1997,"SEDAN","TOYOTA","Car","M",31,"30-39","Drivers"
"T20190009533","9/5/19",13:30:00,"Collision with vehicle","Thursday","Day",2,2,"Multiple intersection",3,999,"A",2017,"RDSTR","MERC B","Car","M",44,"40-49","Drivers"
"T20190009533","9/5/19",13:30:00,"Collision with vehicle","Thursday","Day",2,2,"Multiple intersection",3,999,"B",2014,"SEDAN","TOYOTA","Car","M",28,"26-29","Drivers"
"T20190009535","21/5/19",16:10:00,"Collision with vehicle","Tuesday","Day",2,2,"Not at intersection",3,50,"A",2014,"WAGON","HONDA","Station Wagon","F",44,"40-49","Drivers"
"T20190009537","21/5/19",13:30:00,"Collision with a fixed object","Tuesday","Day",1,1,"T intersection",2,50,"A",2004,"S WAG","MITSUB","Station Wagon","M",72,"70+","Drivers"
"T20190009544","21/5/19",18:00:00,"Collision with vehicle","Tuesday","Dark Street lights on",2,2,"T intersection",3,60,"A",2013,"SEDAN","NISSAN","Car","F",41,"40-49","Drivers"
"T20190009544","21/5/19",18:00:00,"Collision with vehicle","Tuesday","Dark Street lights on",2,2,"T intersection",3,60,"B",2002,"SEDAN","UNKN","Car","M",43,"40-49","Drivers"
"T20190009545","21/5/19",18:11:00,"Collision with vehicle","Tuesday","Dark Street lights on",3,3,"Not at intersection",3,80,"A",2012,"WAGON","B M W","Station Wagon","F",50,"50-59","Drivers"
"T20190009545","21/5/19",18:11:00,"Collision with vehicle","Tuesday","Dark Street lights on",3,3,"Not at intersection",3,80,"B",1996,"SEDAN","HOLDEN","Car","M",70,"70+","Drivers"
"T20190009545","21/5/19",18:11:00,"Collision with vehicle","Tuesday","Dark Street lights on",3,3,"Not at intersection",3,80,"C",2013,"UTIL","FORD","Utility","M",40,"40-49","Drivers"
"T20190009546","10/5/19",08:56:00,"Collision with a fixed object","Friday","Day",1,1,"Not at intersection",3,80,"A",2003,"WAGON","NISSAN","Station Wagon","F",25,"22-25","Drivers"
"T20190009549","21/5/19",18:50:00,"Collision with vehicle","Tuesday","Dark Street lights on",2,5,"T intersection",3,60,"A",2011,"WAGON","MITSUB","Station Wagon","M",38,"30-39","Drivers"
"T20190009549","21/5/19",18:50:00,"Collision with vehicle","Tuesday","Dark Street lights on",2,5,"T intersection",3,60,"B",2008,"SEDAN","HOLDEN","Car","U",NA,"unknown","Drivers"
"T20190009550","21/5/19",20:40:00,"Collision with a fixed object","Tuesday","Dark No street lights",1,1,"T intersection",2,80,"A",2016,"WAGON","KIA","Station Wagon","M",46,"40-49","Drivers"
"T20190009551","21/5/19",19:38:00,"Struck Pedestrian","Tuesday","Dark Street lights on",1,2,"Not at intersection",3,60,"A",2008,"SEDAN","HOLDEN","Car","M",46,"40-49","Drivers"
"T20190009554","21/5/19",22:38:00,"Collision with a fixed object","Tuesday","Dark Street lights on",1,1,"Not at intersection",3,80,"A",1999,"SEDAN","MITSUB","Car","F",31,"30-39","Drivers"
"T20190009555","21/5/19",22:24:00,"Collision with vehicle","Tuesday","Dark Street lights on",2,2,"Cross intersection",3,60,"A",2016,"SEDAN","MAZDA","Car","F",26,"26-29","Drivers"
"T20190009555","21/5/19",22:24:00,"Collision with vehicle","Tuesday","Dark Street lights on",2,2,"Cross intersection",3,60,"B",2006,"T SDS","NISSAN","Light Commercial Vehicle (Rigid) <= 4.5 Tonnes GVM","M",36,"30-39","Drivers"
"T20190009557","22/5/19",01:00:00,"Collision with a fixed object","Wednesday","Dark Street lights on",1,1,"Not at intersection",2,60,"A",2013,"RDSTR","MERC B","Car","M",55,"50-59","Drivers"
"T20190009558","22/5/19",01:39:00,"Collision with vehicle","Wednesday","Dark Street lights on",2,3,"T intersection",2,80,"B",1999,"SEDAN","MAZDA","Car","M",21,"17-21","Drivers"
"T20190009558","22/5/19",01:39:00,"Collision with vehicle","Wednesday","Dark Street lights on",2,3,"T intersection",2,80,"C",2011,"SEDAN","MITSUB","Car","M",20,"17-21","Drivers"
"T20190009560","22/5/19",05:00:00,"Collision with a fixed object","Wednesday","Dark Street lights on",2,2,"Not at intersection",3,60,"A",2008,"SEDAN","FORD","Car","M",52,"50-59","Drivers"
"T20190009561","22/5/19",06:55:00,"Collision with vehicle","Wednesday","Dusk/Dawn",2,2,"T intersection",2,80,"A",2011,"SEDAN","NISSAN","Car","F",45,"40-49","Drivers"
"T20190009561","22/5/19",06:55:00,"Collision with vehicle","Wednesday","Dusk/Dawn",2,2,"T intersection",2,80,"B",2018,"WAGON","FORD","Station Wagon","F",76,"70+","Drivers"
"T20190009563","22/5/19",07:01:00,"Collision with vehicle","Wednesday","Day",2,3,"Not at intersection",3,60,"A",2015,"SEDAN","TOYOTA","Car","M",25,"22-25","Drivers"
"T20190009565","22/5/19",06:45:00,"Collision with vehicle","Wednesday","Day",4,4,"Not at intersection",3,60,"A",2015,"P MVR","MACK","Prime Mover B-Double","M",26,"26-29","Drivers"
"T20190009565","22/5/19",06:45:00,"Collision with vehicle","Wednesday","Day",4,4,"Not at intersection",3,60,"B",2004,"TIPPER","STERLI","Light Commercial Vehicle (Rigid) <= 4.5 Tonnes GVM","M",57,"50-59","Drivers"
"T20190009565","22/5/19",06:45:00,"Collision with vehicle","Wednesday","Day",4,4,"Not at intersection",3,60,"C",2013,"TRAY","IVECO","Light Commercial Vehicle (Rigid) <= 4.5 Tonnes GVM","M",47,"40-49","Drivers"
"T20190009565","22/5/19",06:45:00,"Collision with vehicle","Wednesday","Day",4,4,"Not at intersection",3,60,"D",1997,"VAN","TOYOTA","Panel Van","M",35,"30-39","Drivers"
"T20190009566","22/5/19",07:45:00,"Collision with vehicle","Wednesday","Day",2,2,"Cross intersection",3,50,"A",2014,"WAGON","TOYOTA","Station Wagon","M",37,"30-39","Drivers"
"T20190009568","22/5/19",06:25:00,"Struck Pedestrian","Wednesday","Dark No street lights",1,2,"Cross intersection",3,40,"A",1995,"SEDAN","LEXUS","Car","M",60,"60-64","Drivers"
"T20190009570","22/5/19",08:13:00,"Collision with vehicle","Wednesday","Day",2,2,"Not at intersection",2,40,"A",2018,"C MIX","ISUZU","Heavy Vehicle (Rigid) > 4.5 Tonnes","M",25,"22-25","Drivers"
"T20190009574","22/5/19",06:43:00,"Collision with vehicle","Wednesday","Dark Street lights on",3,3,"Not at intersection",2,100,"B",2015,"TOURER","VOLKS","Car","F",26,"26-29","Drivers"
"T20190009574","22/5/19",06:43:00,"Collision with vehicle","Wednesday","Dark Street lights on",3,3,"Not at intersection",2,100,"C",2007,"P MVR","STERLI","Prime Mover - Single Trailer","M",61,"60-64","Drivers"
"T20190009575","22/5/19",06:39:00,"Collision with vehicle","Wednesday","Dark Street lights on",2,2,"Not at intersection",3,100,"A",2011,"SEDAN","MAZDA","Car","F",21,"17-21","Drivers"
"T20190009575","22/5/19",06:39:00,"Collision with vehicle","Wednesday","Dark Street lights on",2,2,"Not at intersection",3,100,"B",2008,"UTIL","FORD","Utility","M",20,"17-21","Drivers"
"T20190009576","21/5/19",19:00:00,"Collision with vehicle","Tuesday","Dark Street lights on",2,2,"T intersection",2,70,"A",2017,"SEDAN","TOYOTA","Car","M",33,"30-39","Drivers"
"T20190009577","22/5/19",09:45:00,"Collision with vehicle","Wednesday","Day",2,2,"Not at intersection",3,80,"A",2009,"SEDAN","HOLDEN","Car","M",19,"17-21","Drivers"
"T20190009577","22/5/19",09:45:00,"Collision with vehicle","Wednesday","Day",2,2,"Not at intersection",3,80,"B",2015,"UTIL","HOLDEN","Utility","F",52,"50-59","Drivers"
"T20190009578","22/5/19",08:00:00,"Collision with vehicle","Wednesday","Day",2,2,"Cross intersection",2,100,"A",2000,"SEDAN","UNKN","Car","M",23,"22-25","Drivers"
"T20190009578","22/5/19",08:00:00,"Collision with vehicle","Wednesday","Day",2,2,"Cross intersection",2,100,"B",0,"S WAG","TOYOTA","Station Wagon","M",69,"64-69","Drivers"
"T20190009579","21/5/19",17:30:00,"Collision with vehicle","Tuesday","Dark Street lights unknown",2,2,"Cross intersection",3,50,"A",2005,"SEDAN","TOYOTA","Car","F",65,"64-69","Drivers"
"T20190009583","22/5/19",11:39:00,"Collision with a fixed object","Wednesday","Day",1,1,"Not at intersection",2,40,"A",2006,"SED","TOYOTA","Car","M",83,"70+","Drivers"
"T20190009586","22/5/19",08:50:00,"Struck Pedestrian","Wednesday","Unknown",1,3,"Not at intersection",3,60,"A",2013,"SEDAN","SUBARU","Car","F",37,"30-39","Drivers"
"T20190009587","21/5/19",17:43:00,"Collision with vehicle","Tuesday","Dusk/Dawn",2,2,"T intersection",2,80,"A",2016,"SEDAN","TOYOTA","Car","M",50,"50-59","Drivers"
"T20190009587","21/5/19",17:43:00,"Collision with vehicle","Tuesday","Dusk/Dawn",2,2,"T intersection",2,80,"B",1990,"SEDAN","HONDA","Car","M",23,"22-25","Drivers"
"T20190009590","21/5/19",19:32:00,"Vehicle overturned (no collision)","Tuesday","Dark No street lights",1,2,"Not at intersection",2,100,"A",2009,"DC UTE","NISSAN","Utility","M",33,"30-39","Drivers"
"T20190009593","22/5/19",13:12:00,"Struck Pedestrian","Wednesday","Day",1,2,"Not at intersection",2,40,"A",1994,"SEDAN","TOYOTA","Car","F",73,"70+","Drivers"
"T20190009594","22/5/19",11:20:00,"Collision with vehicle","Wednesday","Day",2,3,"Cross intersection",2,70,"A",2003,"SEDAN","HONDA","Car","F",25,"22-25","Drivers"
"T20190009594","22/5/19",11:20:00,"Collision with vehicle","Wednesday","Day",2,3,"Cross intersection",2,70,"B",2010,"DC UTE","TOYOTA","Utility","M",41,"40-49","Drivers"
"T20190009597","22/5/19",14:20:00,"Collision with a fixed object","Wednesday","Day",1,1,"Not at intersection",2,80,"A",2018,"S WAG","SUBARU","Station Wagon","M",70,"70+","Drivers"
"T20190009602","22/5/19",09:02:00,"Struck Pedestrian","Wednesday","Day",1,2,"Not at intersection",3,999,"A",1969,"COUPE","VOLKS","Car","M",81,"70+","Drivers"
"T20190009604","17/5/19",17:12:00,"Struck Pedestrian","Friday","Dusk/Dawn",1,2,"T intersection",3,60,"A",2002,"SEDAN","TOYOTA","Car","F",23,"22-25","Drivers"
"T20190009605","22/5/19",13:45:00,"Struck Pedestrian","Wednesday","Day",1,2,"Not at intersection",3,50,"A",1999,"SEDAN","HONDA","Car","F",35,"30-39","Drivers"
"T20190009606","22/5/19",10:55:00,"Collision with vehicle","Wednesday","Day",3,4,"T intersection",3,60,"A",2018,"DC UTE","NISSAN","Utility","M",54,"50-59","Drivers"
"T20190009606","22/5/19",10:55:00,"Collision with vehicle","Wednesday","Day",3,4,"T intersection",3,60,"B",2018,"WAGON","VOLKS","Station Wagon","F",33,"30-39","Drivers"
"T20190009606","22/5/19",10:55:00,"Collision with vehicle","Wednesday","Day",3,4,"T intersection",3,60,"C",2008,"SEDAN","B M W","Car","M",72,"70+","Drivers"
"T20190009610","22/5/19",14:55:00,"Collision with a fixed object","Wednesday","Day",1,3,"Not at intersection",2,100,"A",2017,"WAGON","NISSAN","Station Wagon","M",27,"26-29","Drivers"
"T20190009612","6/5/19",08:30:00,"Collision with vehicle","Monday","Day",2,2,"T intersection",3,50,"A",2016,"WAGON","MITSUB","Station Wagon","M",52,"50-59","Drivers"
"T20190009613","22/5/19",17:55:00,"Collision with vehicle","Wednesday","Dark Street lights on",2,2,"T intersection",2,60,"A",2011,"SEDAN","TOYOTA","Car","F",24,"22-25","Drivers"
"T20190009615","22/5/19",16:45:00,"Collision with vehicle","Wednesday","Dusk/Dawn",2,2,"T intersection",2,80,"A",2010,"COUPE","KIA","Car","M",18,"17-21","Drivers"
"T20190009618","22/5/19",17:30:00,"Collision with vehicle","Wednesday","Dusk/Dawn",3,3,"Not at intersection",3,100,"A",2007,"VAN","HINO","Light Commercial Vehicle (Rigid) <= 4.5 Tonnes GVM","M",20,"17-21","Drivers"
"T20190009618","22/5/19",17:30:00,"Collision with vehicle","Wednesday","Dusk/Dawn",3,3,"Not at intersection",3,100,"B",2011,"SEDAN","VOLKS","Car","M",31,"30-39","Drivers"
"T20190009618","22/5/19",17:30:00,"Collision with vehicle","Wednesday","Dusk/Dawn",3,3,"Not at intersection",3,100,"C",2013,"VAN","HINO","Heavy Vehicle (Rigid) > 4.5 Tonnes","M",30,"30-39","Drivers"
"T20190009619","22/5/19",18:00:00,"Collision with vehicle","Wednesday","Dark Street lights on",4,6,"Not at intersection",2,100,"A",2008,"SEDAN","HOLDEN","Car","F",19,"17-21","Drivers"
"T20190009619","22/5/19",18:00:00,"Collision with vehicle","Wednesday","Dark Street lights on",4,6,"Not at intersection",2,100,"B",2009,"SEDAN","HONDA","Car","F",38,"30-39","Drivers"
"T20190009619","22/5/19",18:00:00,"Collision with vehicle","Wednesday","Dark Street lights on",4,6,"Not at intersection",2,100,"C",2009,"SEDAN","FORD","Car","M",31,"30-39","Drivers"
"T20190009619","22/5/19",18:00:00,"Collision with vehicle","Wednesday","Dark Street lights on",4,6,"Not at intersection",2,100,"D",1995,"SEDAN","MITSUB","Car","F",60,"60-64","Drivers"
"T20190009620","22/5/19",16:20:00,"Collision with vehicle","Wednesday","Day",3,3,"Not at intersection",3,100,"A",2003,"SEDAN","HOLDEN","Car","M",28,"26-29","Drivers"
"T20190009620","22/5/19",16:20:00,"Collision with vehicle","Wednesday","Day",3,3,"Not at intersection",3,100,"B",2013,"SEDAN","AUDI","Car","M",44,"40-49","Drivers"
"T20190009620","22/5/19",16:20:00,"Collision with vehicle","Wednesday","Day",3,3,"Not at intersection",3,100,"C",2012,"SEDAN","HOLDEN","Car","F",56,"50-59","Drivers"
"T20190009623","22/5/19",16:00:00,"Collision with vehicle","Wednesday","Dusk/Dawn",2,6,"T intersection",3,50,"A",2011,"WAGON","TOYOTA","Station Wagon","F",42,"40-49","Drivers"
"T20190009623","22/5/19",16:00:00,"Collision with vehicle","Wednesday","Dusk/Dawn",2,6,"T intersection",3,50,"B",2013,"WAGON","MAZDA","Station Wagon","F",40,"40-49","Drivers"
"T20190009626","22/5/19",21:30:00,"Collision with vehicle","Wednesday","Dark Street lights on",2,2,"Not at intersection",2,70,"A",2002,"SED","HYNDAI","Car","F",55,"50-59","Drivers"
"T20190009626","22/5/19",21:30:00,"Collision with vehicle","Wednesday","Dark Street lights on",2,2,"Not at intersection",2,70,"B",0,"SEDAN","UNKN","Car","M",56,"50-59","Drivers"
"T20190009627","22/5/19",17:30:00,"Collision with vehicle","Wednesday","Dusk/Dawn",2,2,"T intersection",3,60,"A",2007,"SEDAN","MAZDA","Car","F",24,"22-25","Drivers"
"T20190009627","22/5/19",17:30:00,"Collision with vehicle","Wednesday","Dusk/Dawn",2,2,"T intersection",3,60,"B",2014,"WAGON","PORSCH","Station Wagon","M",62,"60-64","Drivers"
"T20190009629","22/5/19",20:45:00,"Collision with vehicle","Wednesday","Dark Street lights on",2,2,"Not at intersection",3,60,"A",2006,"TRAY","IVECO","Heavy Vehicle (Rigid) > 4.5 Tonnes","M",38,"30-39","Drivers"
"T20190009629","22/5/19",20:45:00,"Collision with vehicle","Wednesday","Dark Street lights on",2,2,"Not at intersection",3,60,"B",2016,"WAGON","MAZDA","Station Wagon","F",48,"40-49","Drivers"
"T20190009635","23/5/19",01:45:00,"Collision with a fixed object","Thursday","Dark No street lights",1,2,"Not at intersection",2,100,"A",2005,"S WAG","FORD","Station Wagon","F",43,"40-49","Drivers"
"T20190009636","22/5/19",12:45:00,"Collision with vehicle","Wednesday","Day",2,1,"Not at intersection",2,50,"A",2000,"SEDAN","FORD","Car","F",37,"30-39","Drivers"
"T20190009638","23/5/19",06:50:00,"Collision with vehicle","Thursday","Dusk/Dawn",2,2,"Not at intersection",3,60,"A",2006,"SEDAN","UNKN","Car","M",47,"40-49","Drivers"
"T20190009642","23/5/19",07:51:00,"Collision with vehicle","Thursday","Day",2,3,"T intersection",3,60,"A",2013,"SEDAN","HOLDEN","Car","M",60,"60-64","Drivers"
"T20190009642","23/5/19",07:51:00,"Collision with vehicle","Thursday","Day",2,3,"T intersection",3,60,"B",2014,"WAGON","HYNDAI","Station Wagon","F",50,"50-59","Drivers"
"T20190009644","22/5/19",15:30:00,"Struck Pedestrian","Wednesday","Day",1,2,"T intersection",3,999,"A",0,NA,"FORD","Car","M",46,"40-49","Drivers"
"T20190009646","23/5/19",09:45:00,"Collision with vehicle","Thursday","Day",2,8,"Cross intersection",2,60,"A",1995,"BUS","TOYOTA","Mini Bus(9-13 seats)","F",40,"40-49","Drivers"
"T20190009646","23/5/19",09:45:00,"Collision with vehicle","Thursday","Day",2,8,"Cross intersection",2,60,"B",1995,"SEDAN","FORD","Car","F",35,"30-39","Drivers"
"T20190009648","23/5/19",08:24:00,"Collision with vehicle","Thursday","Day",8,8,"Not at intersection",3,100,"A",2017,"WAGON","VOLKS","Station Wagon","M",42,"40-49","Drivers"
"T20190009648","23/5/19",08:24:00,"Collision with vehicle","Thursday","Day",8,8,"Not at intersection",3,100,"B",2006,"COUPE","HOLDEN","Car","M",33,"30-39","Drivers"
"T20190009648","23/5/19",08:24:00,"Collision with vehicle","Thursday","Day",8,8,"Not at intersection",3,100,"C",2017,"SEDAN","HONDA","Car","F",32,"30-39","Drivers"
"T20190009648","23/5/19",08:24:00,"Collision with vehicle","Thursday","Day",8,8,"Not at intersection",3,100,"D",2012,"SEDAN","HYNDAI","Car","F",22,"22-25","Drivers"
"T20190009648","23/5/19",08:24:00,"Collision with vehicle","Thursday","Day",8,8,"Not at intersection",3,100,"E",2018,"S WAG","HOLDEN","Station Wagon","M",41,"40-49","Drivers"
"T20190009648","23/5/19",08:24:00,"Collision with vehicle","Thursday","Day",8,8,"Not at intersection",3,100,"F",2006,"SEDAN","HONDA","Car","F",58,"50-59","Drivers"
"T20190009648","23/5/19",08:24:00,"Collision with vehicle","Thursday","Day",8,8,"Not at intersection",3,100,"G",2003,"WAGON","MAZDA","Station Wagon","F",28,"26-29","Drivers"
"T20190009648","23/5/19",08:24:00,"Collision with vehicle","Thursday","Day",8,8,"Not at intersection",3,100,"H",2005,"SEDAN","TOYOTA","Car","M",24,"22-25","Drivers"
"T20190009650","23/5/19",09:50:00,"Collision with vehicle","Thursday","Day",2,2,"T intersection",3,60,"A",2009,"SEDAN","TOYOTA","Car","M",33,"30-39","Drivers"
"T20190009651","23/5/19",06:20:00,"Collision with vehicle","Thursday","Dark Street lights unknown",2,2,"Not at intersection",3,60,"A",2012,"SEDAN","MITSUB","Car","M",21,"17-21","Drivers"
"T20190009651","23/5/19",06:20:00,"Collision with vehicle","Thursday","Dark Street lights unknown",2,2,"Not at intersection",3,60,"B",2013,"DC UTE","NISSAN","Utility","M",24,"22-25","Drivers"
"T20190009652","23/5/19",10:00:00,"Struck Pedestrian","Thursday","Day",1,2,"T intersection",2,50,"A",2010,"WAGON","DODGE","Car","M",49,"40-49","Drivers"
"T20190009653","23/5/19",10:47:00,"Collision with vehicle","Thursday","Day",2,2,"T intersection",3,60,"A",2011,"SEDAN","NISSAN","Car","F",57,"50-59","Drivers"
"T20190009653","23/5/19",10:47:00,"Collision with vehicle","Thursday","Day",2,2,"T intersection",3,60,"B",2015,"TRAY","HINO","Light Commercial Vehicle (Rigid) <= 4.5 Tonnes GVM","M",26,"26-29","Drivers"
"T20190009654","12/4/19",16:48:00,"Struck Pedestrian","Friday","Day",1,2,"Cross intersection",3,50,"A",2012,"COUPE","B M W","Car","F",79,"70+","Drivers"
"T20190009655","18/3/19",16:45:00,"Collision with vehicle","Monday","Day",2,2,"Not at intersection",3,999,"A",2014,"SEDAN","TOYOTA","Car","M",61,"60-64","Drivers"
"T20190009655","18/3/19",16:45:00,"Collision with vehicle","Monday","Day",2,2,"Not at intersection",3,999,"B",1999,"WAGON","HOLDEN","Station Wagon","M",53,"50-59","Drivers"
"T20190009657","23/5/19",09:00:00,"Collision with vehicle","Thursday","Day",2,3,"Not at intersection",3,100,"A",2009,"SEDAN","NISSAN","Car","M",62,"60-64","Drivers"
"T20190009657","23/5/19",09:00:00,"Collision with vehicle","Thursday","Day",2,3,"Not at intersection",3,100,"B",2012,"P MVR","MACK","Prime Mover - Single Trailer","M",49,"40-49","Drivers"
"T20190009662","19/5/19",17:50:00,"Vehicle overturned (no collision)","Sunday","Dark No street lights",1,2,"Not at intersection",3,100,"A",1996,"SEDAN","FORD","Car","F",23,"22-25","Drivers"
"T20190009663","19/5/19",15:19:00,"Collision with vehicle","Sunday","Day",2,3,"Cross intersection",2,60,"A",2015,"SEDAN","HYNDAI","Car","F",66,"64-69","Drivers"
"T20190009663","19/5/19",15:19:00,"Collision with vehicle","Sunday","Day",2,3,"Cross intersection",2,60,"B",2016,"WAGON","LEXUS","Station Wagon","M",26,"26-29","Drivers"
"T20190009664","23/5/19",11:45:00,"Collision with vehicle","Thursday","Day",2,2,"Cross intersection",3,50,"A",2012,"UTIL","HOLDEN","Utility","M",62,"60-64","Drivers"
"T20190009664","23/5/19",11:45:00,"Collision with vehicle","Thursday","Day",2,2,"Cross intersection",3,50,"B",2010,"WAGON","MAZDA","Car","F",50,"50-59","Drivers"
"T20190009665","23/5/19",09:30:00,"Collision with vehicle","Thursday","Day",2,2,"T intersection",2,60,"A",2011,"SEDAN","MITSUB","Car","F",31,"30-39","Drivers"
"T20190009665","23/5/19",09:30:00,"Collision with vehicle","Thursday","Day",2,2,"T intersection",2,60,"B",2001,"UTIL","FORD","Utility","M",48,"40-49","Drivers"
"T20190009669","23/5/19",14:34:00,"Collision with vehicle","Thursday","Day",2,2,"Multiple intersection",3,60,"A",2008,"SEDAN","TOYOTA","Car","F",54,"50-59","Drivers"
"T20190009669","23/5/19",14:34:00,"Collision with vehicle","Thursday","Day",2,2,"Multiple intersection",3,60,"B",2009,"DC UTE","ISUZU","Utility","M",32,"30-39","Drivers"
"T20190009670","23/5/19",09:20:00,"Collision with vehicle","Thursday","Day",2,4,"Not at intersection",2,60,"A",1995,"COUPE","TOYOTA","Car","M",22,"22-25","Drivers"
"T20190009670","23/5/19",09:20:00,"Collision with vehicle","Thursday","Day",2,4,"Not at intersection",2,60,"B",2017,"WAGON","MAZDA","Station Wagon","F",62,"60-64","Drivers"
"T20190009672","21/5/19",08:30:00,"Collision with vehicle","Tuesday","Day",2,2,"T intersection",2,100,"A",2007,"UTIL","TOYOTA","Utility","M",63,"60-64","Drivers"
"T20190009674","23/5/19",12:25:00,"Collision with vehicle","Thursday","Unknown",2,2,"Not at intersection",3,60,"A",1993,"TIPPER","MERC B","Heavy Vehicle (Rigid) > 4.5 Tonnes","M",43,"40-49","Drivers"
"T20190009674","23/5/19",12:25:00,"Collision with vehicle","Thursday","Unknown",2,2,"Not at intersection",3,60,"B",1993,"SEDAN","FORD","Car","M",86,"70+","Drivers"
"T20190009675","23/5/19",15:35:00,"Struck Pedestrian","Thursday","Day",1,2,"Not at intersection",3,50,"A",2005,"WAGON","FORD","Station Wagon","M",33,"30-39","Drivers"
"T20190009677","23/5/19",14:35:00,"Collision with a fixed object","Thursday","Day",1,2,"T intersection",3,50,"A",2008,"SEDAN","VOLKS","Car","F",36,"30-39","Drivers"
"T20190009678","23/5/19",15:45:00,"Collision with vehicle","Thursday","Day",2,3,"Not at intersection",2,60,"B",2017,"SEDAN","TOYOTA","Car","M",34,"30-39","Drivers"
"T20190009679","21/5/19",16:45:00,"Collision with vehicle","Tuesday","Day",2,2,"Cross intersection",3,70,"B",0,NA,"UNKN","Car","U",NA,"unknown","Drivers"
"T20190009681","23/5/19",14:05:00,"Collision with vehicle","Thursday","Day",2,1,"Not at intersection",3,50,"A",1998,"SEDAN","HOLDEN","Car","M",50,"50-59","Drivers"
"T20190009684","23/5/19",15:45:00,"Collision with vehicle","Thursday","Day",2,3,"T intersection",3,60,"A",2016,"S WAG","VOLKS","Car","F",41,"40-49","Drivers"
"T20190009684","23/5/19",15:45:00,"Collision with vehicle","Thursday","Day",2,3,"T intersection",3,60,"B",2006,"SEDAN","MITSUB","Car","M",26,"26-29","Drivers"
"T20190009685","23/5/19",15:48:00,"Struck Pedestrian","Thursday","Day",1,2,"Not at intersection",3,40,"A",2007,"WAGON","HONDA","Station Wagon","F",39,"30-39","Drivers"
"T20190009687","23/5/19",14:50:00,"Collision with vehicle","Thursday","Day",3,3,"Not at intersection",3,80,"A",1997,"SEDAN","FORD","Car","F",44,"40-49","Drivers"
"T20190009687","23/5/19",14:50:00,"Collision with vehicle","Thursday","Day",3,3,"Not at intersection",3,80,"B",2015,"WAGON","B M W","Station Wagon","F",35,"30-39","Drivers"
"T20190009687","23/5/19",14:50:00,"Collision with vehicle","Thursday","Day",3,3,"Not at intersection",3,80,"C",2015,"SEDAN","B M W","Car","F",68,"64-69","Drivers"
"T20190009688","23/5/19",17:22:00,"Collision with vehicle","Thursday","Day",5,6,"Not at intersection",2,80,"A",2013,"DC UTE","MITSUB","Utility","M",69,"64-69","Drivers"
"T20190009688","23/5/19",17:22:00,"Collision with vehicle","Thursday","Day",5,6,"Not at intersection",2,80,"B",2010,"SEDAN","MAZDA","Car","F",28,"26-29","Drivers"
"T20190009688","23/5/19",17:22:00,"Collision with vehicle","Thursday","Day",5,6,"Not at intersection",2,80,"C",2007,"DC UTE","FORD","Utility","M",30,"30-39","Drivers"
"T20190009688","23/5/19",17:22:00,"Collision with vehicle","Thursday","Day",5,6,"Not at intersection",2,80,"D",2018,"VAN","VOLKS","Panel Van","M",55,"50-59","Drivers"
"T20190009688","23/5/19",17:22:00,"Collision with vehicle","Thursday","Day",5,6,"Not at intersection",2,80,"E",2013,"S WAG","HOLDEN","Station Wagon","M",25,"22-25","Drivers"
"T20190009691","23/5/19",17:00:00,"Collision with a fixed object","Thursday","Dark No street lights",1,1,"Not at intersection",2,100,"A",2017,"WAGON","FORD","Station Wagon","F",81,"70+","Drivers"
"T20190009692","16/5/19",16:30:00,"Collision with vehicle","Thursday","Unknown",3,3,"Not at intersection",3,60,"A",2013,"COUPE","HYNDAI","Car","F",46,"40-49","Drivers"
"T20190009692","16/5/19",16:30:00,"Collision with vehicle","Thursday","Unknown",3,3,"Not at intersection",3,60,"B",2006,"SEDAN","HOLDEN","Car","M",26,"26-29","Drivers"
"T20190009692","16/5/19",16:30:00,"Collision with vehicle","Thursday","Unknown",3,3,"Not at intersection",3,60,"C",2017,"SEDAN","HOLDEN","Car","U",NA,"unknown","Drivers"
"T20190009698","23/5/19",20:40:00,"Collision with vehicle","Thursday","Dark Street lights on",3,7,"Cross intersection",2,60,"A",2015,"WAGON","REN","Station Wagon","F",52,"50-59","Drivers"
"T20190009698","23/5/19",20:40:00,"Collision with vehicle","Thursday","Dark Street lights on",3,7,"Cross intersection",2,60,"B",2006,"WAGON","HONDA","Station Wagon","F",57,"50-59","Drivers"