"ACCIDENT_NO","ACCIDENTDATE","ACCIDENTTIME","Accident Type Desc","Day Week Description","Light Condition Desc","NO_OF_VEHICLES","NO_PERSONS","Road Geometry Desc","SEVERITY","SPEED_ZONE","VEHICLE_ID","VEHICLE_YEAR_MANUF","VEHICLE_BODY_STYLE","VEHICLE_MAKE","Vehicle Type Desc","SEX","AGE","Age Group","Road User Type Desc"
"T20190009698","23/5/19",20:40:00,"Collision with vehicle","Thursday","Dark Street lights on",3,7,"Cross intersection",2,60,"C",2005,"DC UTE","TOYOTA","Utility","F",65,"64-69","Drivers"
"T20190009699","23/5/19",15:36:00,"Collision with vehicle","Thursday","Day",2,2,"T intersection",2,80,"A",2006,"S WAG","TOYOTA","Station Wagon","M",80,"70+","Drivers"
"T20190009699","23/5/19",15:36:00,"Collision with vehicle","Thursday","Day",2,2,"T intersection",2,80,"B",2016,"UTIL","FORD","Utility","M",29,"26-29","Drivers"
"T20190009701","23/5/19",21:00:00,"Collision with vehicle","Thursday","Dark Street lights on",2,1,"Not at intersection",2,60,"A",2008,"SEDAN","TOYOTA","Car","F",19,"17-21","Drivers"
"T20190009702","23/5/19",15:30:00,"Collision with vehicle","Thursday","Day",2,2,"T intersection",3,40,"A",2005,"WAGON","TOYOTA","Station Wagon","F",36,"30-39","Drivers"
"T20190009702","23/5/19",15:30:00,"Collision with vehicle","Thursday","Day",2,2,"T intersection",3,40,"B",2013,"SEDAN","TOYOTA","Car","M",30,"30-39","Drivers"
"T20190009706","24/5/19",00:01:00,"Collision with a fixed object","Friday","Dark Street lights on",1,1,"Not at intersection",1,80,"A",2011,"UTIL","TOYOTA","Utility","M",22,"22-25","Drivers"
"T20190009708","23/5/19",09:50:00,"Collision with vehicle","Thursday","Day",2,3,"Cross intersection",3,50,"A",2014,"SEDAN","TOYOTA","Car","M",53,"50-59","Drivers"
"T20190009708","23/5/19",09:50:00,"Collision with vehicle","Thursday","Day",2,3,"Cross intersection",3,50,"B",2010,"SEDAN","TOYOTA","Taxi","M",44,"40-49","Drivers"
"T20190009709","23/5/19",14:00:00,"Collision with a fixed object","Thursday","Day",1,2,"Cross intersection",3,60,"A",2006,"SEDAN","HONDA","Car","M",87,"70+","Drivers"
"T20190009711","24/5/19",06:00:00,"Collision with vehicle","Friday","Dark Street lights on",2,2,"T intersection",2,60,"A",2007,"SEDAN","MAZDA","Car","F",46,"40-49","Drivers"
"T20190009711","24/5/19",06:00:00,"Collision with vehicle","Friday","Dark Street lights on",2,2,"T intersection",2,60,"B",2008,"SEDAN","VOLKS","Car","F",28,"26-29","Drivers"
"T20190009713","24/5/19",07:05:00,"Collision with vehicle","Friday","Dark Street lights on",2,2,"T intersection",2,40,"A",2015,"WAGON","HOLDEN","Station Wagon","M",34,"30-39","Drivers"
"T20190009713","24/5/19",07:05:00,"Collision with vehicle","Friday","Dark Street lights on",2,2,"T intersection",2,40,"B",2008,"UTIL","TOYOTA","Utility","M",52,"50-59","Drivers"
"T20190009714","24/5/19",07:20:00,"Collision with vehicle","Friday","Dusk/Dawn",2,2,"Not at intersection",3,60,"A",2016,"SEDAN","MERC B","Car","M",28,"26-29","Drivers"
"T20190009714","24/5/19",07:20:00,"Collision with vehicle","Friday","Dusk/Dawn",2,2,"Not at intersection",3,60,"B",1997,"WAGON","JEEP","Station Wagon","F",22,"22-25","Drivers"
"T20190009716","24/5/19",09:08:00,"Collision with vehicle","Friday","Day",2,4,"Not at intersection",2,80,"A",2010,"WAGON","FORD","Station Wagon","F",32,"30-39","Drivers"
"T20190009716","24/5/19",09:08:00,"Collision with vehicle","Friday","Day",2,4,"Not at intersection",2,80,"B",2018,"VAN","ISUZU","Panel Van","M",48,"40-49","Drivers"
"T20190009718","24/5/19",10:10:00,"Collision with vehicle","Friday","Day",2,3,"T intersection",3,60,"A",2006,"SEDAN","SUZUKI","Car","M",25,"22-25","Drivers"
"T20190009718","24/5/19",10:10:00,"Collision with vehicle","Friday","Day",2,3,"T intersection",3,60,"B",2017,"SEDAN","HYNDAI","Car","F",68,"64-69","Drivers"
"T20190009719","23/5/19",09:15:00,"Collision with vehicle","Thursday","Day",2,2,"T intersection",3,999,"A",2004,"SEDAN","UNKN","Car","M",57,"50-59","Drivers"
"T20190009723","24/5/19",10:56:00,"Collision with vehicle","Friday","Day",2,3,"Cross intersection",2,50,"A",2017,"JEEP","TOYOTA","Station Wagon","M",54,"50-59","Drivers"
"T20190009723","24/5/19",10:56:00,"Collision with vehicle","Friday","Day",2,3,"Cross intersection",2,50,"B",2001,"SEDAN","KIA","Car","M",61,"60-64","Drivers"
"T20190009724","6/5/19",08:15:00,"Collision with vehicle","Monday","Day",3,3,"Not at intersection",3,999,"A",2010,"SEDAN","HYNDAI","Car","M",54,"50-59","Drivers"
"T20190009724","6/5/19",08:15:00,"Collision with vehicle","Monday","Day",3,3,"Not at intersection",3,999,"B",2010,"SEDAN","B M W","Car","M",44,"40-49","Drivers"
"T20190009724","6/5/19",08:15:00,"Collision with vehicle","Monday","Day",3,3,"Not at intersection",3,999,"C",2012,"WAGON","FORD","Station Wagon","F",38,"30-39","Drivers"
"T20190009727","27/4/19",17:47:00,"Collision with vehicle","Saturday","Unknown",2,2,"Cross intersection",3,80,"A",2006,"WAGON","KIA","Station Wagon","F",42,"40-49","Drivers"
"T20190009727","27/4/19",17:47:00,"Collision with vehicle","Saturday","Unknown",2,2,"Cross intersection",3,80,"B",2017,"WAGON","JEEP","Station Wagon","M",34,"30-39","Drivers"
"T20190009728","24/5/19",09:30:00,"Struck Pedestrian","Friday","Day",1,2,"T intersection",3,40,"A",2018,"SEDAN","MERC B","Car","M",48,"40-49","Drivers"
"T20190009731","24/5/19",10:20:00,"Struck Pedestrian","Friday","Day",1,2,"Not at intersection",3,50,"A",2008,"SEDAN","MERC B","Car","F",85,"70+","Drivers"
"T20190009732","24/5/19",12:55:00,"Collision with vehicle","Friday","Day",2,4,"Cross intersection",2,50,"B",2003,"TIPPER","F LINE","Heavy Vehicle (Rigid) > 4.5 Tonnes","M",50,"50-59","Drivers"
"T20190009732","24/5/19",12:55:00,"Collision with vehicle","Friday","Day",2,4,"Cross intersection",2,50,"D",2016,"SEDAN","VOLKS","Car","M",57,"50-59","Drivers"
"T20190009733","24/5/19",13:50:00,"Collision with vehicle","Friday","Day",2,2,"T intersection",3,60,"A",2018,"SEDAN","KIA","Car","F",46,"40-49","Drivers"
"T20190009733","24/5/19",13:50:00,"Collision with vehicle","Friday","Day",2,2,"T intersection",3,60,"B",2004,"COUPE","TOYOTA","Car","M",52,"50-59","Drivers"
"T20190009735","24/5/19",14:35:00,"Collision with vehicle","Friday","Day",2,3,"Cross intersection",2,70,"A",2000,"SEDAN","HONDA","Car","F",31,"30-39","Drivers"
"T20190009736","23/5/19",16:30:00,"Collision with vehicle","Thursday","Day",2,2,"Cross intersection",2,50,"A",2009,"SEDAN","TOYOTA","Car","F",47,"40-49","Drivers"
"T20190009737","16/5/19",17:40:00,"Collision with vehicle","Thursday","Dusk/Dawn",2,2,"Cross intersection",3,60,"A",2013,"SEDAN","TOYOTA","Car","F",32,"30-39","Drivers"
"T20190009737","16/5/19",17:40:00,"Collision with vehicle","Thursday","Dusk/Dawn",2,2,"Cross intersection",3,60,"B",2005,"SEDAN","VOLKS","Car","M",21,"17-21","Drivers"
"T20190009738","24/5/19",15:23:00,"Struck Pedestrian","Friday","Day",1,2,"Not at intersection",2,50,"A",2004,"SEDAN","FORD","Car","M",59,"50-59","Drivers"
"T20190009739","24/5/19",14:40:00,"Collision with a fixed object","Friday","Day",1,1,"Not at intersection",3,100,"A",2015,"UTIL","FOTON","Utility","M",38,"30-39","Drivers"
"T20190009740","17/5/19",09:00:00,"Collision with vehicle","Friday","Unknown",2,2,"Cross intersection",2,999,"A",2013,"SEDAN","UNKN","Car","F",32,"30-39","Drivers"
"T20190009744","24/5/19",09:06:00,"Collision with vehicle","Friday","Day",2,3,"T intersection",3,70,"A",2007,"SEDAN","HONDA","Car","F",36,"30-39","Drivers"
"T20190009744","24/5/19",09:06:00,"Collision with vehicle","Friday","Day",2,3,"T intersection",3,70,"B",2003,"SEDAN","HOLDEN","Car","M",21,"17-21","Drivers"
"T20190009745","24/5/19",10:40:00,"Vehicle overturned (no collision)","Friday","Day",1,1,"Not at intersection",3,100,"A",2007,"DC UTE","NISSAN","Utility","M",32,"30-39","Drivers"
"T20190009746","24/5/19",13:15:00,"Collision with vehicle","Friday","Day",2,2,"Multiple intersection",3,60,"A",2015,"WAGON","JEEP","Station Wagon","M",79,"70+","Drivers"
"T20190009747","24/5/19",18:33:00,"Collision with vehicle","Friday","Dark Street lights on",2,2,"T intersection",2,50,"A",2018,"SEDAN","MAZDA","Car","F",34,"30-39","Drivers"
"T20190009747","24/5/19",18:33:00,"Collision with vehicle","Friday","Dark Street lights on",2,2,"T intersection",2,50,"B",2017,"BUS","SCANIA","Bus/Coach","M",43,"40-49","Drivers"
"T20190009748","24/5/19",16:28:00,"Struck Pedestrian","Friday","Day",1,2,"Cross intersection",2,60,"A",2013,"SEDAN","TOYOTA","Car","M",62,"60-64","Drivers"
"T20190009750","24/5/19",17:50:00,"Collision with vehicle","Friday","Dark Street lights on",2,2,"Not at intersection",2,60,"A",2013,"WAGON","HYNDAI","Station Wagon","F",52,"50-59","Drivers"
"T20190009753","24/5/19",17:48:00,"Collision with vehicle","Friday","Dark Street lights on",3,5,"Not at intersection",2,70,"A",2013,"WAGON","JEEP","Station Wagon","M",43,"40-49","Drivers"
"T20190009753","24/5/19",17:48:00,"Collision with vehicle","Friday","Dark Street lights on",3,5,"Not at intersection",2,70,"B",2017,"SEDAN","HOLDEN","Car","F",50,"50-59","Drivers"
"T20190009753","24/5/19",17:48:00,"Collision with vehicle","Friday","Dark Street lights on",3,5,"Not at intersection",2,70,"C",2000,"SEDAN","HONDA","Car","M",30,"30-39","Drivers"
"T20190009754","24/5/19",19:24:00,"Collision with vehicle","Friday","Dark Street lights on",2,5,"Cross intersection",3,60,"A",2015,"COUPE","NISSAN","Car","F",65,"64-69","Drivers"
"T20190009754","24/5/19",19:24:00,"Collision with vehicle","Friday","Dark Street lights on",2,5,"Cross intersection",3,60,"B",2016,"WAGON","TOYOTA","Station Wagon","F",39,"30-39","Drivers"
"T20190009758","24/5/19",20:03:00,"Collision with a fixed object","Friday","Dark No street lights",2,3,"Not at intersection",3,40,"A",2011,"SEDAN","TOYOTA","Taxi","M",44,"40-49","Drivers"
"T20190009758","24/5/19",20:03:00,"Collision with a fixed object","Friday","Dark No street lights",2,3,"Not at intersection",3,40,"B",1999,"SEDAN","HOLDEN","Car","F",19,"17-21","Drivers"
"T20190009759","24/5/19",20:21:00,"Struck Pedestrian","Friday","Dark Street lights on",1,2,"Cross intersection",2,50,"A",2010,"COUPE","PORSCH","Car","M",49,"40-49","Drivers"
"T20190009761","24/5/19",19:05:00,"Collision with vehicle","Friday","Dark Street lights on",2,3,"Cross intersection",2,50,"A",2004,"WAGON","TOYOTA","Station Wagon","F",49,"40-49","Drivers"
"T20190009761","24/5/19",19:05:00,"Collision with vehicle","Friday","Dark Street lights on",2,3,"Cross intersection",2,50,"B",2011,"WAGON","NISSAN","Station Wagon","F",46,"40-49","Drivers"
"T20190009767","21/5/19",17:20:00,"Collision with vehicle","Tuesday","Unknown",2,2,"Cross intersection",3,999,"B",1984,"S WAG","TOYOTA","Car","M",35,"30-39","Drivers"
"T20190009768","24/5/19",21:40:00,"Collision with a fixed object","Friday","Dark Street lights on",2,3,"Not at intersection",3,80,"B",1999,"S WAG","HOLDEN","Station Wagon","M",22,"22-25","Drivers"
"T20190009769","23/5/19",09:15:00,"Collision with vehicle","Thursday","Day",2,2,"Not at intersection",3,888,"A",2018,"WAGON","NISSAN","Station Wagon","M",36,"30-39","Drivers"
"T20190009770","25/5/19",02:15:00,"Collision with vehicle","Saturday","Dark Street lights on",2,3,"Cross intersection",3,60,"A",2018,"UTIL","HOLDEN","Utility","U",NA,"unknown","Drivers"
"T20190009771","24/5/19",21:40:00,"Collision with vehicle","Friday","Dark Street lights on",2,2,"Cross intersection",2,40,"A",2004,"SEDAN","TOYOTA","Car","M",24,"22-25","Drivers"
"T20190009771","24/5/19",21:40:00,"Collision with vehicle","Friday","Dark Street lights on",2,2,"Cross intersection",2,40,"B",2006,"WAGON","HONDA","Station Wagon","F",48,"40-49","Drivers"
"T20190009772","25/5/19",00:40:00,"Collision with vehicle","Saturday","Dark No street lights",2,3,"Not at intersection",2,100,"A",2018,"DC UTE","HOLDEN","Utility","M",NA,"unknown","Drivers"
"T20190009772","25/5/19",00:40:00,"Collision with vehicle","Saturday","Dark No street lights",2,3,"Not at intersection",2,100,"B",2014,"WAGON","L ROV","Station Wagon","M",43,"40-49","Drivers"
"T20190009773","24/5/19",22:15:00,"Collision with a fixed object","Friday","Dark Street lights on",2,1,"Cross intersection",3,60,"A",2002,"SEDAN","NISSAN","Car","M",41,"40-49","Drivers"
"T20190009776","25/5/19",07:00:00,"Collision with vehicle","Saturday","Dusk/Dawn",2,2,"T intersection",2,60,"A",2008,"VAN","TOYOTA","Panel Van","M",63,"60-64","Drivers"
"T20190009781","25/2/19",07:00:00,"Collision with vehicle","Monday","Day",2,2,"Cross intersection",3,50,"A",2010,"WAGON","HONDA","Station Wagon","F",20,"17-21","Drivers"
"T20190009781","25/2/19",07:00:00,"Collision with vehicle","Monday","Day",2,2,"Cross intersection",3,50,"B",2012,"TIPPER","SCANIA","Heavy Vehicle (Rigid) > 4.5 Tonnes","M",37,"30-39","Drivers"
"T20190009782","22/5/19",09:45:00,"Collision with vehicle","Wednesday","Day",2,2,"Cross intersection",3,80,"A",0,"S WAG","TOYOTA","Station Wagon","M",39,"30-39","Drivers"
"T20190009782","22/5/19",09:45:00,"Collision with vehicle","Wednesday","Day",2,2,"Cross intersection",3,80,"B",2006,"SEDAN","DODGE","Car","M",66,"64-69","Drivers"
"T20190009785","25/5/19",09:40:00,"Struck Pedestrian","Saturday","Day",1,2,"Not at intersection",2,40,"A",2017,"SEDAN","HYNDAI","Car","M",49,"40-49","Drivers"
"T20190009787","25/5/19",09:00:00,"Collision with a fixed object","Saturday","Day",1,3,"Not at intersection",1,50,"A",2013,"DC UTE","HOLDEN","Utility","M",49,"40-49","Drivers"
"T20190009789","25/5/19",11:30:00,"Struck Pedestrian","Saturday","Day",1,2,"Cross intersection",3,60,"A",2018,"SEDAN","UNKN","Car","F",34,"30-39","Drivers"
"T20190009792","25/5/19",12:00:00,"Collision with vehicle","Saturday","Day",2,2,"Not at intersection",3,777,"A",2011,"S WAG","MERC B","Station Wagon","F",53,"50-59","Drivers"
"T20190009792","25/5/19",12:00:00,"Collision with vehicle","Saturday","Day",2,2,"Not at intersection",3,777,"B",2010,"SEDAN","TOYOTA","Car","F",39,"30-39","Drivers"
"T20190009794","25/5/19",09:20:00,"Collision with vehicle","Saturday","Day",2,2,"Cross intersection",2,100,"A",2003,"UTIL","TOYOTA","Utility","M",83,"70+","Drivers"
"T20190009794","25/5/19",09:20:00,"Collision with vehicle","Saturday","Day",2,2,"Cross intersection",2,100,"B",2003,"SEDAN","FORD","Car","F",50,"50-59","Drivers"
"T20190009798","25/5/19",13:57:00,"Collision with vehicle","Saturday","Day",2,2,"T intersection",2,60,"A",2012,"WAGON","MITSUB","Station Wagon","F",48,"40-49","Drivers"
"T20190009802","25/5/19",10:00:00,"Collision with a fixed object","Saturday","Day",1,1,"Not at intersection",3,50,"A",2013,"SEDAN","NISSAN","Car","F",59,"50-59","Drivers"
"T20190009803","25/5/19",13:50:00,"Collision with vehicle","Saturday","Day",2,4,"Cross intersection",2,80,"A",2004,"SEDAN","MITSUB","Car","F",51,"50-59","Drivers"
"T20190009803","25/5/19",13:50:00,"Collision with vehicle","Saturday","Day",2,4,"Cross intersection",2,80,"B",2011,"WAGON","MITSUB","Station Wagon","F",65,"64-69","Drivers"
"T20190009806","24/5/19",13:31:00,"Collision with vehicle","Friday","Day",2,2,"Not at intersection",3,60,"B",2017,"DC UTE","FORD","Utility","M",43,"40-49","Drivers"
"T20190009808","25/5/19",15:19:00,"Collision with vehicle","Saturday","Day",2,3,"Cross intersection",2,100,"A",2009,"SEDAN","MERC B","Car","F",57,"50-59","Drivers"
"T20190009808","25/5/19",15:19:00,"Collision with vehicle","Saturday","Day",2,3,"Cross intersection",2,100,"B",2016,"SEDAN","MITSUB","Car","F",29,"26-29","Drivers"
"T20190009817","25/5/19",18:50:00,"Struck Pedestrian","Saturday","Dark Street lights on",1,3,"Cross intersection",2,60,"A",2010,"WAGON","HONDA","Station Wagon","M",26,"26-29","Drivers"
"T20190009819","25/5/19",18:15:00,"Struck Pedestrian","Saturday","Dark Street lights on",1,2,"T intersection",3,60,"A",0,"SEDAN","UNKN","Unknown","U",NA,"unknown","Drivers"
"T20190009821","25/5/19",19:00:00,"Collision with vehicle","Saturday","Dark Street lights on",2,3,"Cross intersection",3,60,"A",2000,"SEDAN","HOLDEN","Car","M",26,"26-29","Drivers"
"T20190009821","25/5/19",19:00:00,"Collision with vehicle","Saturday","Dark Street lights on",2,3,"Cross intersection",3,60,"B",2005,"DC UTE","HOLDEN","Utility","M",34,"30-39","Drivers"
"T20190009822","25/5/19",19:25:00,"Collision with a fixed object","Saturday","Dark Street lights on",1,1,"T intersection",2,60,"A",2006,"SEDAN","TOYOTA","Car","M",70,"70+","Drivers"
"T20190009823","25/5/19",21:15:00,"Struck Pedestrian","Saturday","Dark Street lights on",1,2,"Cross intersection",3,60,"A",2008,"SEDAN","HONDA","Car","M",19,"17-21","Drivers"
"T20190009824","25/5/19",13:45:00,"Collision with vehicle","Saturday","Day",2,2,"Not at intersection",3,40,"A",2005,"SEDAN","HOLDEN","Car","M",34,"30-39","Drivers"
"T20190009834","26/5/19",04:00:00,"Collision with a fixed object","Sunday","Dark No street lights",1,1,"Not at intersection",3,80,"A",1997,"SED","HOLDEN","Car","M",30,"30-39","Drivers"
"T20190009836","26/5/19",04:00:00,"Collision with a fixed object","Sunday","Dark No street lights",1,4,"Not at intersection",3,100,"A",2003,"SEDAN","HOLDEN","Car","M",19,"17-21","Drivers"
"T20190009840","24/5/19",16:30:00,"Collision with a fixed object","Friday","Day",1,1,"Not at intersection",2,100,"A",2005,"S WAG","SAAB","Station Wagon","F",32,"30-39","Drivers"
"T20190009841","26/5/19",09:45:00,"Collision with vehicle","Sunday","Day",2,2,"Not at intersection",2,40,"A",2009,"SEDAN","KIA","Car","F",28,"26-29","Drivers"
"T20190009842","22/5/19",10:30:00,"Struck Pedestrian","Wednesday","Day",1,2,"Not at intersection",3,999,"A",1997,"SEDAN","MAZDA","Car","F",NA,"unknown","Drivers"
"T20190009844","26/5/19",10:15:00,"Collision with vehicle","Sunday","Day",2,2,"Unknown",3,40,"A",2000,"SEDAN","MAZDA","Car","M",50,"50-59","Drivers"
"T20190009848","26/5/19",12:00:00,"Collision with vehicle","Sunday","Day",2,3,"T intersection",2,80,"A",1999,"WAGON","NISSAN","Station Wagon","M",81,"70+","Drivers"
"T20190009848","26/5/19",12:00:00,"Collision with vehicle","Sunday","Day",2,3,"T intersection",2,80,"B",2016,"WAGON","HONDA","Station Wagon","F",38,"30-39","Drivers"
"T20190009851","25/5/19",19:20:00,"Struck Pedestrian","Saturday","Dark Street lights on",1,2,"Cross intersection",3,40,"A",2004,"UTIL","FORD","Utility","M",25,"22-25","Drivers"
"T20190009852","26/5/19",11:20:00,"Collision with vehicle","Sunday","Day",2,3,"Not at intersection",2,60,"B",2003,"SED","HOLDEN","Car","M",82,"70+","Drivers"
"T20190009853","26/5/19",09:32:00,"Collision with vehicle","Sunday","Day",2,2,"T intersection",2,50,"A",2018,"WAGON","HYNDAI","Station Wagon","U",NA,"unknown","Drivers"
"T20190009855","26/5/19",13:49:00,"Collision with vehicle","Sunday","Day",3,3,"Cross intersection",2,60,"A",2011,"SEDAN","HOLDEN","Car","F",29,"26-29","Drivers"
"T20190009855","26/5/19",13:49:00,"Collision with vehicle","Sunday","Day",3,3,"Cross intersection",2,60,"B",2005,"WAGON","MITSUB","Car","M",53,"50-59","Drivers"
"T20190009855","26/5/19",13:49:00,"Collision with vehicle","Sunday","Day",3,3,"Cross intersection",2,60,"C",2011,"SEDAN","MAZDA","Car","F",19,"17-21","Drivers"
"T20190009857","26/5/19",09:30:00,"Collision with vehicle","Sunday","Day",2,1,"Not at intersection",3,30,"A",2016,"SEDAN","HONDA","Car","M",83,"70+","Drivers"
"T20190009859","26/5/19",14:15:00,"Struck Pedestrian","Sunday","Day",1,4,"Not at intersection",3,40,"A",2002,"SEDAN","B M W","Car","M",37,"30-39","Drivers"
"T20190009860","27/4/19",10:10:00,"Collision with vehicle","Saturday","Day",2,3,"Not at intersection",3,50,"A",2016,"WAGON","HOLDEN","Station Wagon","F",26,"26-29","Drivers"
"T20190009860","27/4/19",10:10:00,"Collision with vehicle","Saturday","Day",2,3,"Not at intersection",3,50,"B",2015,"SEDAN","MAZDA","Car","M",26,"26-29","Drivers"
"T20190009861","26/5/19",07:00:00,"Collision with a fixed object","Sunday","Dark Street lights on",1,1,"Not at intersection",3,80,"A",2000,"SEDAN","LEXUS","Car","M",25,"22-25","Drivers"
"T20190009862","26/5/19",14:00:00,"Collision with a fixed object","Sunday","Day",1,1,"Not at intersection",3,80,"A",1986,"SEDAN","HOLDEN","Car","M",19,"17-21","Drivers"
"T20190009863","26/5/19",08:00:00,"Collision with vehicle","Sunday","Day",2,2,"Cross intersection",3,50,"A",2011,"SEDAN","SUBARU","Car","F",59,"50-59","Drivers"
"T20190009865","22/5/19",07:00:00,"Struck Pedestrian","Wednesday","Dusk/Dawn",1,2,"Cross intersection",3,60,"A",2012,"SEDAN","NISSAN","Car","F",27,"26-29","Drivers"
"T20190009866","26/5/19",16:15:00,"Collision with vehicle","Sunday","Day",2,4,"Cross intersection",3,100,"A",0,"SED","TOYOTA","Car","M",25,"22-25","Drivers"
"T20190009866","26/5/19",16:15:00,"Collision with vehicle","Sunday","Day",2,4,"Cross intersection",3,100,"B",2004,"TRAY","MITSUB","Utility","F",52,"50-59","Drivers"
"T20190009867","26/5/19",16:54:00,"Collision with vehicle","Sunday","Day",3,7,"Not at intersection",3,60,"A",2012,"WAGON","FORD","Station Wagon","M",30,"30-39","Drivers"
"T20190009867","26/5/19",16:54:00,"Collision with vehicle","Sunday","Day",3,7,"Not at intersection",3,60,"B",2017,"SEDAN","MAZDA","Car","M",50,"50-59","Drivers"
"T20190009867","26/5/19",16:54:00,"Collision with vehicle","Sunday","Day",3,7,"Not at intersection",3,60,"C",2012,"SEDAN","TOYOTA","Car","M",33,"30-39","Drivers"
"T20190009870","26/5/19",17:53:00,"Collision with vehicle","Sunday","Dark Street lights on",3,3,"Not at intersection",2,60,"A",2009,"SEDAN","FORD","Car","F",21,"17-21","Drivers"
"T20190009870","26/5/19",17:53:00,"Collision with vehicle","Sunday","Dark Street lights on",3,3,"Not at intersection",2,60,"B",2002,"SED","TOYOTA","Car","F",27,"26-29","Drivers"
"T20190009870","26/5/19",17:53:00,"Collision with vehicle","Sunday","Dark Street lights on",3,3,"Not at intersection",2,60,"C",2002,"SEDAN","FORD","Car","F",21,"17-21","Drivers"
"T20190009874","26/5/19",18:45:00,"Collision with a fixed object","Sunday","Dark No street lights",1,1,"Not at intersection",3,100,"A",2005,"SEDAN","AUDI","Car","M",36,"30-39","Drivers"
"T20190009875","26/5/19",19:16:00,"Collision with vehicle","Sunday","Dark Street lights on",2,2,"T intersection",3,999,"A",2005,"SEDAN","FORD","Car","M",58,"50-59","Drivers"
"T20190009876","26/5/19",20:00:00,"Collision with vehicle","Sunday","Dark Street lights on",2,3,"Cross intersection",3,80,"A",2013,"WAGON","DODGE","Station Wagon","M",23,"22-25","Drivers"
"T20190009876","26/5/19",20:00:00,"Collision with vehicle","Sunday","Dark Street lights on",2,3,"Cross intersection",3,80,"B",2011,"SEDAN","HYNDAI","Car","M",23,"22-25","Drivers"
"T20190009877","26/5/19",13:15:00,"Collision with a fixed object","Sunday","Day",1,1,"Cross intersection",2,100,"A",2018,"SED","HYUNDA","Car","M",43,"40-49","Drivers"
"T20190009878","26/5/19",16:40:00,"Collision with vehicle","Sunday","Day",2,4,"Cross intersection",2,60,"A",2011,"SEDAN","TOYOTA","Car","F",79,"70+","Drivers"
"T20190009878","26/5/19",16:40:00,"Collision with vehicle","Sunday","Day",2,4,"Cross intersection",2,60,"B",2004,"SEDAN","HOLDEN","Car","M",54,"50-59","Drivers"
"T20190009880","26/5/19",21:17:00,"Struck Pedestrian","Sunday","Dark Street lights on",1,3,"Not at intersection",3,40,"A",2004,"TRAY","FORD","Light Commercial Vehicle (Rigid) <= 4.5 Tonnes GVM","M",65,"64-69","Drivers"
"T20190009881","26/5/19",21:00:00,"Collision with vehicle","Sunday","Dark No street lights",2,2,"Not at intersection",3,110,"A",2003,"S WAG","HOLDEN","Station Wagon","M",43,"40-49","Drivers"
"T20190009881","26/5/19",21:00:00,"Collision with vehicle","Sunday","Dark No street lights",2,2,"Not at intersection",3,110,"B",2010,"SEDAN","TOYOTA","Car","F",38,"30-39","Drivers"
"T20190009882","26/5/19",17:38:00,"Struck Pedestrian","Sunday","Dusk/Dawn",1,2,"Not at intersection",3,80,"A",2002,"WAGON","HOLDEN","Station Wagon","M",63,"60-64","Drivers"
"T20190009883","26/5/19",19:30:00,"Collision with vehicle","Sunday","Unknown",2,2,"Not at intersection",3,999,"A",2005,"WAGON","FORD","Station Wagon","F",27,"26-29","Drivers"
"T20190009884","26/5/19",22:01:00,"Collision with vehicle","Sunday","Dark Street lights on",2,2,"Not at intersection",2,40,"A",2016,"SEDAN","VOLKS","Car","M",32,"30-39","Drivers"
"T20190009890","27/5/19",04:00:00,"Collision with a fixed object","Monday","Dark No street lights",1,1,"Not at intersection",2,999,"A",2017,"SEDAN","KIA","Car","F",20,"17-21","Drivers"
"T20190009891","27/5/19",04:30:00,"Collision with a fixed object","Monday","Dark No street lights",1,1,"Not at intersection",3,100,"A",2013,"DC UTE","ISUZU","Utility","M",36,"30-39","Drivers"
"T20190009893","27/5/19",07:20:00,"Struck Pedestrian","Monday","Dusk/Dawn",1,2,"T intersection",3,50,"A",0,"SEDAN","HOLDEN","Car","U",NA,"unknown","Drivers"
"T20190009895","27/5/19",05:50:00,"Collision with vehicle","Monday","Dark No street lights",2,2,"Not at intersection",2,100,"A",2014,"SEDAN","SKODA","Car","M",48,"40-49","Drivers"
"T20190009895","27/5/19",05:50:00,"Collision with vehicle","Monday","Dark No street lights",2,2,"Not at intersection",2,100,"B",2019,"VAN","TOYOTA","Panel Van","M",41,"40-49","Drivers"
"T20190009897","27/5/19",08:00:00,"Collision with vehicle","Monday","Day",2,4,"Not at intersection",3,50,"A",2006,"WAGON","HONDA","Station Wagon","F",47,"40-49","Drivers"
"T20190009897","27/5/19",08:00:00,"Collision with vehicle","Monday","Day",2,4,"Not at intersection",3,50,"B",2013,"WAGON","TOYOTA","Station Wagon","F",68,"64-69","Drivers"
"T20190009901","27/5/19",08:40:00,"Vehicle overturned (no collision)","Monday","Day",3,3,"Not at intersection",2,40,"B",2008,"SED","MAZDA","Car","F",24,"22-25","Drivers"
"T20190009901","27/5/19",08:40:00,"Vehicle overturned (no collision)","Monday","Day",3,3,"Not at intersection",2,40,"C",2013,"WAGON","PEUG","Station Wagon","F",61,"60-64","Drivers"
"T20190009903","19/4/19",14:50:00,"Collision with vehicle","Friday","Unknown",3,3,"Not at intersection",3,999,"A",2016,"WAGON","MAZDA","Station Wagon","F",27,"26-29","Drivers"