"ACCIDENT_NO","ACCIDENTDATE","ACCIDENTTIME","Accident Type Desc","Day Week Description","Light Condition Desc","NO_OF_VEHICLES","NO_PERSONS","Road Geometry Desc","SEVERITY","SPEED_ZONE","VEHICLE_ID","VEHICLE_YEAR_MANUF","VEHICLE_BODY_STYLE","VEHICLE_MAKE","Vehicle Type Desc","SEX","AGE","Age Group","Road User Type Desc"
"T20190009903","19/4/19",14:50:00,"Collision with vehicle","Friday","Unknown",3,3,"Not at intersection",3,999,"B",1998,"WAGON","NISSAN","Car","M",29,"26-29","Drivers"
"T20190009903","19/4/19",14:50:00,"Collision with vehicle","Friday","Unknown",3,3,"Not at intersection",3,999,"C",2009,"WAGON","MITSUB","Car","M",33,"30-39","Drivers"
"T20190009904","27/5/19",10:05:00,"Collision with vehicle","Monday","Day",2,4,"T intersection",2,50,"A",2012,"SEDAN","HONDA","Car","F",29,"26-29","Drivers"
"T20190009904","27/5/19",10:05:00,"Collision with vehicle","Monday","Day",2,4,"T intersection",2,50,"B",2014,"SEDAN","HOLDEN","Car","F",61,"60-64","Drivers"
"T20190009908","27/5/19",10:24:00,"Collision with vehicle","Monday","Day",2,2,"T intersection",2,60,"A",2017,"WAGON","MAZDA","Station Wagon","M",58,"50-59","Drivers"
"T20190009909","24/5/19",10:15:00,"Struck Pedestrian","Friday","Day",1,2,"Not at intersection",2,60,"A",2004,"SEDAN","HOLDEN","Car","F",77,"70+","Drivers"
"T20190009916","27/5/19",11:45:00,"Collision with vehicle","Monday","Day",2,2,"Cross intersection",2,60,"A",2016,"WAGON","HOLDEN","Station Wagon","F",54,"50-59","Drivers"
"T20190009916","27/5/19",11:45:00,"Collision with vehicle","Monday","Day",2,2,"Cross intersection",2,60,"B",2018,"SKIP C","ISUZU","Heavy Vehicle (Rigid) > 4.5 Tonnes","M",52,"50-59","Drivers"
"T20190009927","18/5/19",15:15:00,"Collision with vehicle","Saturday","Day",2,2,"Not at intersection",3,100,"A",2002,"SEDAN","NISSAN","Car","F",22,"22-25","Drivers"
"T20190009927","18/5/19",15:15:00,"Collision with vehicle","Saturday","Day",2,2,"Not at intersection",3,100,"B",2018,"HOR FL","HINO","Heavy Vehicle (Rigid) > 4.5 Tonnes","M",60,"60-64","Drivers"
"T20190009928","27/5/19",09:30:00,"Collision with a fixed object","Monday","Day",1,2,"Not at intersection",2,100,"A",2008,"WAGON","NISSAN","Station Wagon","F",58,"50-59","Drivers"
"T20190009931","27/5/19",13:30:00,"Struck Pedestrian","Monday","Day",1,2,"Cross intersection",3,60,"A",2007,"VAN","TOYOTA","Panel Van","M",57,"50-59","Drivers"
"T20190009932","15/4/19",13:00:00,"Collision with vehicle","Monday","Day",2,2,"T intersection",3,40,"B",2013,"VAN","ISUZU","Heavy Vehicle (Rigid) > 4.5 Tonnes","M",55,"50-59","Drivers"
"T20190009933","27/5/19",15:05:00,"Collision with a fixed object","Monday","Day",1,1,"Not at intersection",3,60,"A",2007,"SEDAN","SUZUKI","Car","F",19,"17-21","Drivers"
"T20190009934","27/5/19",13:17:00,"Collision with vehicle","Monday","Day",2,3,"Not at intersection",3,40,"A",2013,"TRAY","IVECO","Light Commercial Vehicle (Rigid) <= 4.5 Tonnes GVM","M",20,"17-21","Drivers"
"T20190009934","27/5/19",13:17:00,"Collision with vehicle","Monday","Day",2,3,"Not at intersection",3,40,"B",2011,"UTIL","HOLDEN","Utility","M",71,"70+","Drivers"
"T20190009935","27/5/19",13:07:00,"Collision with vehicle","Monday","Day",2,2,"Not at intersection",2,50,"A",0,"SEDAN","FORD","Car","M",15,"13-15","Drivers"
"T20190009938","27/5/19",17:40:00,"Collision with vehicle","Monday","Dusk/Dawn",2,2,"Cross intersection",3,40,"A",2018,"UTIL","ISUZU","Utility","F",49,"40-49","Drivers"
"T20190009939","27/5/19",16:55:00,"Collision with vehicle","Monday","Day",2,3,"Cross intersection",2,100,"A",2004,"COUPE","TOYOTA","Car","M",37,"30-39","Drivers"
"T20190009939","27/5/19",16:55:00,"Collision with vehicle","Monday","Day",2,3,"Cross intersection",2,100,"B",1998,"UTIL","HOLDEN","Utility","M",35,"30-39","Drivers"
"T20190009940","27/5/19",17:00:00,"Collision with vehicle","Monday","Dusk/Dawn",2,2,"Cross intersection",3,60,"A",2017,"S WAG","MITSUB","Station Wagon","F",47,"40-49","Drivers"
"T20190009941","27/5/19",17:15:00,"Collision with vehicle","Monday","Dark Street lights on",2,2,"Not at intersection",3,100,"A",2010,"SEDAN","MAZDA","Car","M",27,"26-29","Drivers"
"T20190009941","27/5/19",17:15:00,"Collision with vehicle","Monday","Dark Street lights on",2,2,"Not at intersection",3,100,"B",1999,"WAGON","TOYOTA","Station Wagon","F",29,"26-29","Drivers"
"T20190009942","27/5/19",15:15:00,"Collision with vehicle","Monday","Day",2,2,"Not at intersection",3,80,"A",2011,"SEDAN","MERC B","Car","M",70,"70+","Drivers"
"T20190009942","27/5/19",15:15:00,"Collision with vehicle","Monday","Day",2,2,"Not at intersection",3,80,"B",2017,"T SDS","FORD","Light Commercial Vehicle (Rigid) <= 4.5 Tonnes GVM","M",23,"22-25","Drivers"
"T20190009943","27/5/19",13:40:00,"Collision with vehicle","Monday","Day",3,3,"T intersection",3,60,"A",2003,"S WAG","TOYOTA","Station Wagon","F",25,"22-25","Drivers"
"T20190009943","27/5/19",13:40:00,"Collision with vehicle","Monday","Day",3,3,"T intersection",3,60,"B",2007,"SEDAN","TOYOTA","Car","F",52,"50-59","Drivers"
"T20190009943","27/5/19",13:40:00,"Collision with vehicle","Monday","Day",3,3,"T intersection",3,60,"C",2016,"SEDAN","TOYOTA","Car","F",48,"40-49","Drivers"
"T20190009944","27/5/19",17:30:00,"Struck Pedestrian","Monday","Dark Street lights on",1,2,"Cross intersection",2,60,"A",2008,"WAGON","SUBARU","Station Wagon","M",35,"30-39","Drivers"
"T20190009947","27/5/19",19:15:00,"Collision with vehicle","Monday","Dark Street lights on",2,2,"Not at intersection",2,70,"A",1994,"SEDAN","FORD","Car","M",77,"70+","Drivers"
"T20190009947","27/5/19",19:15:00,"Collision with vehicle","Monday","Dark Street lights on",2,2,"Not at intersection",2,70,"B",2014,"UTIL","HOLDEN","Utility","M",37,"30-39","Drivers"
"T20190009948","27/5/19",17:55:00,"Collision with vehicle","Monday","Dark Street lights on",2,2,"T intersection",3,999,"A",2009,"WAGON","MAZDA","Station Wagon","U",NA,"unknown","Drivers"
"T20190009948","27/5/19",17:55:00,"Collision with vehicle","Monday","Dark Street lights on",2,2,"T intersection",3,999,"B",2017,"WAGON","HYNDAI","Station Wagon","F",40,"40-49","Drivers"
"T20190009951","27/5/19",17:30:00,"Struck Pedestrian","Monday","Dark Street lights unknown",1,2,"Cross intersection",2,50,"A",1997,"S WAG","FORD","Station Wagon","M",66,"64-69","Drivers"
"T20190009952","26/5/19",23:45:00,"Collision with vehicle","Sunday","Dark Street lights on",2,4,"Cross intersection",3,60,"A",2000,"SEDAN","FORD","Car","M",22,"22-25","Drivers"
"T20190009952","26/5/19",23:45:00,"Collision with vehicle","Sunday","Dark Street lights on",2,4,"Cross intersection",3,60,"B",2006,"S WAG","HOLDEN","Station Wagon","M",64,"60-64","Drivers"
"T20190009954","27/5/19",22:43:00,"Collision with vehicle","Monday","Dark Street lights on",2,4,"Multiple intersection",2,60,"A",2017,"WAGON","VOLKS","Station Wagon","M",30,"30-39","Drivers"
"T20190009954","27/5/19",22:43:00,"Collision with vehicle","Monday","Dark Street lights on",2,4,"Multiple intersection",2,60,"B",1996,"S WAG","HOLDEN","Station Wagon","F",67,"64-69","Drivers"
"T20190009955","27/5/19",22:45:00,"Collision with a fixed object","Monday","Dark Street lights on",1,2,"T intersection",2,50,"A",1996,"SEDAN","FORD","Car","M",18,"17-21","Drivers"
"T20190009957","27/5/19",21:45:00,"Collision with a fixed object","Monday","Dark Street lights on",1,2,"Not at intersection",2,60,"A",2006,"COUPE","HOLDEN","Car","M",20,"17-21","Drivers"
"T20190009959","27/5/19",21:15:00,"Collision with vehicle","Monday","Dark Street lights on",2,2,"T intersection",3,60,"A",2014,"WAGON","TOYOTA","Station Wagon","M",34,"30-39","Drivers"
"T20190009959","27/5/19",21:15:00,"Collision with vehicle","Monday","Dark Street lights on",2,2,"T intersection",3,60,"B",0,"SEDAN","UNKN","Car","U",NA,"unknown","Drivers"
"T20190009964","20/5/19",08:55:00,"Collision with vehicle","Monday","Day",3,3,"Not at intersection",3,40,"A",2010,"TOURER","VOLKS","Car","F",54,"50-59","Drivers"
"T20190009964","20/5/19",08:55:00,"Collision with vehicle","Monday","Day",3,3,"Not at intersection",3,40,"C",2013,"SEDAN","VOLKS","Car","F",22,"22-25","Drivers"
"T20190009966","27/5/19",20:40:00,"Collision with a fixed object","Monday","Dark Street lights on",1,3,"Not at intersection",1,60,"A",1996,"SEDAN","MERC B","Car","M",39,"30-39","Drivers"
"T20190009967","27/5/19",23:15:00,"Collision with vehicle","Monday","Dark Street lights on",2,3,"T intersection",1,80,"A",2006,"UTIL","HOLDEN","Utility","M",22,"22-25","Drivers"
"T20190009967","27/5/19",23:15:00,"Collision with vehicle","Monday","Dark Street lights on",2,3,"T intersection",1,80,"B",2005,"WAGON","FORD","Station Wagon","M",35,"30-39","Drivers"
"T20190009970","27/5/19",19:35:00,"Struck Pedestrian","Monday","Dusk/Dawn",1,2,"Not at intersection",1,80,"A",1999,"SEDAN","HOLDEN","Car","M",31,"30-39","Drivers"
"T20190009974","27/5/19",13:55:00,"Collision with vehicle","Monday","Day",2,2,"T intersection",3,60,"A",2012,"SEDAN","VOLKS","Car","F",18,"17-21","Drivers"
"T20190009978","20/5/19",14:40:00,"Collision with vehicle","Monday","Day",3,3,"Not at intersection",3,80,"A",2011,"SEDAN","SUZUKI","Car","F",20,"17-21","Drivers"
"T20190009978","20/5/19",14:40:00,"Collision with vehicle","Monday","Day",3,3,"Not at intersection",3,80,"B",2012,"SEDAN","MITSUB","Car","F",53,"50-59","Drivers"
"T20190009981","28/5/19",05:30:00,"Collision with a fixed object","Tuesday","Day",1,3,"Not at intersection",2,999,"A",2004,"SEDAN","HOLDEN","Car","M",23,"22-25","Drivers"
"T20190009983","21/5/19",14:20:00,"No collision and no object struck","Tuesday","Day",2,2,"Not at intersection",2,60,"B",2014,"UTIL","FORD","Utility","M",58,"50-59","Drivers"
"T20190009985","28/5/19",08:25:00,"No collision and no object struck","Tuesday","Day",1,1,"Not at intersection",3,100,"A",2003,"SEDAN","NISSAN","Car","M",18,"17-21","Drivers"
"T20190009986","28/5/19",06:37:00,"Collision with vehicle","Tuesday","Dark Street lights on",2,2,"T intersection",2,80,"A",2002,"TRAY","ISUZU","Heavy Vehicle (Rigid) > 4.5 Tonnes","M",54,"50-59","Drivers"
"T20190009986","28/5/19",06:37:00,"Collision with vehicle","Tuesday","Dark Street lights on",2,2,"T intersection",2,80,"B",2011,"SEDAN","B M W","Car","M",22,"22-25","Drivers"
"T20190009988","9/5/19",18:24:00,"Collision with vehicle","Thursday","Dark Street lights on",2,4,"T intersection",3,80,"A",2012,"WAGON","VOLVO","Station Wagon","M",71,"70+","Drivers"
"T20190009988","9/5/19",18:24:00,"Collision with vehicle","Thursday","Dark Street lights on",2,4,"T intersection",3,80,"B",2003,"COUPE","HONDA","Car","F",26,"26-29","Drivers"
"T20190009989","28/5/19",11:27:00,"Collision with a fixed object","Tuesday","Day",1,1,"Not at intersection",3,100,"A",2004,"SEDAN","FORD","Car","M",31,"30-39","Drivers"
"T20190009992","24/5/19",17:00:00,"Collision with vehicle","Friday","Dusk/Dawn",2,2,"Not at intersection",3,60,"A",2015,"RDSTR","AUDI","Car","M",55,"50-59","Drivers"
"T20190009992","24/5/19",17:00:00,"Collision with vehicle","Friday","Dusk/Dawn",2,2,"Not at intersection",3,60,"B",0,"SEDAN","HOLDEN","Car","M",39,"30-39","Drivers"
"T20190009994","23/5/19",08:00:00,"Collision with vehicle","Thursday","Day",3,3,"Cross intersection",3,60,"B",2009,"SEDAN","VOLKS","Car","F",22,"22-25","Drivers"
"T20190009994","23/5/19",08:00:00,"Collision with vehicle","Thursday","Day",3,3,"Cross intersection",3,60,"C",2017,"COUPE","MITSUB","Car","M",35,"30-39","Drivers"
"T20190009994","23/5/19",08:00:00,"Collision with vehicle","Thursday","Day",3,3,"Cross intersection",3,60,"D",2008,"SEDAN","TOYOTA","Car","F",27,"26-29","Drivers"
"T20190009997","28/5/19",12:55:00,"Collision with a fixed object","Tuesday","Day",2,3,"Not at intersection",2,60,"A",2014,"DC UTE","NISSAN","Utility","M",78,"70+","Drivers"
"T20190009997","28/5/19",12:55:00,"Collision with a fixed object","Tuesday","Day",2,3,"Not at intersection",2,60,"B",2003,"TRAY","HOLDEN","Light Commercial Vehicle (Rigid) <= 4.5 Tonnes GVM","M",46,"40-49","Drivers"
"T20190010002","28/5/19",13:25:00,"Collision with vehicle","Tuesday","Day",2,2,"Not at intersection",2,100,"A",2007,"SEDAN","FORD","Car","M",39,"30-39","Drivers"
"T20190010002","28/5/19",13:25:00,"Collision with vehicle","Tuesday","Day",2,2,"Not at intersection",2,100,"B",2001,"T SDS","MAZDA","Light Commercial Vehicle (Rigid) <= 4.5 Tonnes GVM","M",26,"26-29","Drivers"
"T20190010006","11/4/19",13:02:00,"Collision with vehicle","Thursday","Day",2,1,"T intersection",3,50,"A",2010,"SEDAN","MAZDA","Car","F",64,"60-64","Drivers"
"T20190010008","28/5/19",15:30:00,"Struck Pedestrian","Tuesday","Day",1,2,"Not at intersection",3,40,"A",2016,"SEDAN","HYNDAI","Car","M",22,"22-25","Drivers"
"T20190010009","28/5/19",14:15:00,"Collision with vehicle","Tuesday","Day",2,3,"Not at intersection",2,80,"A",2014,"SEDAN","HOLDEN","Car","M",60,"60-64","Drivers"
"T20190010009","28/5/19",14:15:00,"Collision with vehicle","Tuesday","Day",2,3,"Not at intersection",2,80,"B",2016,"UTIL","MITSUB","Utility","M",58,"50-59","Drivers"
"T20190010010","9/5/19",09:10:00,"Collision with vehicle","Thursday","Day",2,2,"Not at intersection",3,60,"A",2017,"SEDAN","KIA","Car","F",43,"40-49","Drivers"
"T20190010010","9/5/19",09:10:00,"Collision with vehicle","Thursday","Day",2,2,"Not at intersection",3,60,"B",2012,"SEDAN","SUZUKI","Car","M",36,"30-39","Drivers"
"T20190010011","28/5/19",15:28:00,"Collision with vehicle","Tuesday","Day",2,5,"Cross intersection",3,60,"A",2018,"WAGON","KIA","Station Wagon","F",45,"40-49","Drivers"
"T20190010011","28/5/19",15:28:00,"Collision with vehicle","Tuesday","Day",2,5,"Cross intersection",3,60,"B",2002,"SEDAN","HOLDEN","Car","M",23,"22-25","Drivers"
"T20190010015","28/5/19",17:35:00,"No collision and no object struck","Tuesday","Dark Street lights on",2,2,"Cross intersection",2,40,"A",2007,"SEDAN","HOLDEN","Car","F",21,"17-21","Drivers"
"T20190010016","28/5/19",16:05:00,"No collision and no object struck","Tuesday","Day",1,1,"T intersection",2,60,"A",2004,"SEDAN","TOYOTA","Car","F",18,"17-21","Drivers"
"T20190010019","28/5/19",17:40:00,"Collision with vehicle","Tuesday","Dark Street lights on",2,2,"Not at intersection",3,50,"A",2008,"SEDAN","HOLDEN","Car","M",39,"30-39","Drivers"
"T20190010020","28/5/19",17:30:00,"Collision with vehicle","Tuesday","Dark Street lights on",3,2,"T intersection",2,50,"A",2007,"SEDAN","HOLDEN","Car","F",21,"17-21","Drivers"
"T20190010020","28/5/19",17:30:00,"Collision with vehicle","Tuesday","Dark Street lights on",3,2,"T intersection",2,50,"B",1999,"SED","MAZDA","Car","F",45,"40-49","Drivers"
"T20190010021","8/2/19",17:30:00,"Collision with vehicle","Friday","Unknown",2,2,"Cross intersection",3,50,"A",2013,"SEDAN","AUDI","Car","F",25,"22-25","Drivers"
"T20190010023","28/5/19",19:00:00,"Collision with vehicle","Tuesday","Dark Street lights on",4,4,"Cross intersection",3,80,"A",2012,"SEDAN","TOYOTA","Car","M",57,"50-59","Drivers"
"T20190010023","28/5/19",19:00:00,"Collision with vehicle","Tuesday","Dark Street lights on",4,4,"Cross intersection",3,80,"B",2007,"S WAG","FORD","Station Wagon","M",63,"60-64","Drivers"
"T20190010023","28/5/19",19:00:00,"Collision with vehicle","Tuesday","Dark Street lights on",4,4,"Cross intersection",3,80,"C",2001,"SEDAN","TOYOTA","Car","M",38,"30-39","Drivers"
"T20190010023","28/5/19",19:00:00,"Collision with vehicle","Tuesday","Dark Street lights on",4,4,"Cross intersection",3,80,"D",2010,"WAGON","HONDA","Station Wagon","F",43,"40-49","Drivers"
"T20190010024","28/5/19",18:55:00,"Collision with a fixed object","Tuesday","Dark No street lights",1,1,"Not at intersection",3,100,"A",2005,"WAGON","MAZDA","Station Wagon","M",61,"60-64","Drivers"
"T20190010025","28/5/19",20:09:00,"Collision with vehicle","Tuesday","Dark Street lights on",2,4,"Not at intersection",2,80,"B",2001,"WAGON","MAZDA","Station Wagon","F",44,"40-49","Drivers"
"T20190010028","28/5/19",17:49:00,"Collision with vehicle","Tuesday","Dark No street lights",2,2,"T intersection",3,40,"A",2017,"WAGON","HYNDAI","Station Wagon","F",35,"30-39","Drivers"
"T20190010028","28/5/19",17:49:00,"Collision with vehicle","Tuesday","Dark No street lights",2,2,"T intersection",3,40,"B",2000,"SEDAN","HYNDAI","Car","F",57,"50-59","Drivers"
"T20190010029","28/5/19",20:25:00,"Collision with vehicle","Tuesday","Dark Street lights on",3,5,"Not at intersection",2,100,"B",2010,"TOURER","UNKN","Car","M",31,"30-39","Drivers"
"T20190010029","28/5/19",20:25:00,"Collision with vehicle","Tuesday","Dark Street lights on",3,5,"Not at intersection",2,100,"C",2007,"P MVR","MACK","Prime Mover - Single Trailer","M",63,"60-64","Drivers"
"T20190010031","28/5/19",13:55:00,"Struck Pedestrian","Tuesday","Day",1,2,"Not at intersection",3,50,"A",1969,"TIPPER","FORD","Light Commercial Vehicle (Rigid) <= 4.5 Tonnes GVM","M",50,"50-59","Drivers"
"T20190010032","28/5/19",22:30:00,"Collision with vehicle","Tuesday","Dark Street lights unknown",2,2,"Cross intersection",2,60,"A",2008,"WAGON","TOYOTA","Station Wagon","M",49,"40-49","Drivers"
"T20190010032","28/5/19",22:30:00,"Collision with vehicle","Tuesday","Dark Street lights unknown",2,2,"Cross intersection",2,60,"B",2009,"SEDAN","HONDA","Car","M",57,"50-59","Drivers"
"T20190010033","28/5/19",22:52:00,"Collision with vehicle","Tuesday","Dark Street lights on",2,3,"Cross intersection",3,50,"A",2005,"DC UTE","MITSUB","Utility","M",24,"22-25","Drivers"
"T20190010033","28/5/19",22:52:00,"Collision with vehicle","Tuesday","Dark Street lights on",2,3,"Cross intersection",3,50,"B",2007,"SED","FORD","Car","F",77,"70+","Drivers"
"T20190010034","27/5/19",15:55:00,"Collision with vehicle","Monday","Day",2,2,"T intersection",3,60,"A",1995,"SEDAN","FORD","Car","M",22,"22-25","Drivers"
"T20190010034","27/5/19",15:55:00,"Collision with vehicle","Monday","Day",2,2,"T intersection",3,60,"B",2011,"SEDAN","TOYOTA","Car","M",23,"22-25","Drivers"
"T20190010035","24/5/19",20:56:00,"Collision with a fixed object","Friday","Dark Street lights on",1,1,"Cross intersection",2,60,"A",2018,"SEDAN","HYNDAI","Car","M",52,"50-59","Drivers"
"T20190010036","28/5/19",18:05:00,"Collision with vehicle","Tuesday","Dark Street lights on",2,2,"Not at intersection",2,80,"A",2005,"SED","NISSAN","Car","M",78,"70+","Drivers"
"T20190010036","28/5/19",18:05:00,"Collision with vehicle","Tuesday","Dark Street lights on",2,2,"Not at intersection",2,80,"B",2008,"WAGON","HOLDEN","Car","M",61,"60-64","Drivers"
"T20190010041","29/5/19",04:40:00,"Collision with vehicle","Wednesday","Dark Street lights on",2,2,"Not at intersection",3,60,"B",2004,"SEDAN","B M W","Car","M",21,"17-21","Drivers"
"T20190010042","27/5/19",21:29:00,"collision with some other object","Monday","Dark No street lights",4,4,"Not at intersection",3,110,"A",2007,"SEDAN","FORD","Car","M",48,"40-49","Drivers"
"T20190010042","27/5/19",21:29:00,"collision with some other object","Monday","Dark No street lights",4,4,"Not at intersection",3,110,"B",1999,"DC UTE","MITSUB","Utility","M",20,"17-21","Drivers"
"T20190010042","27/5/19",21:29:00,"collision with some other object","Monday","Dark No street lights",4,4,"Not at intersection",3,110,"C",2018,"SEDAN","MERC B","Car","M",30,"30-39","Drivers"
"T20190010042","27/5/19",21:29:00,"collision with some other object","Monday","Dark No street lights",4,4,"Not at intersection",3,110,"D",2014,"WAGON","SUBARU","Station Wagon","F",26,"26-29","Drivers"
"T20190010043","29/5/19",08:30:00,"Collision with vehicle","Wednesday","Day",2,2,"T intersection",2,50,"A",2019,"WAGON","SUBARU","Station Wagon","F",52,"50-59","Drivers"
"T20190010044","29/5/19",06:15:00,"Collision with vehicle","Wednesday","Dark Street lights on",2,2,"Not at intersection",3,100,"A",2017,"DC UTE","VOLKS","Utility","M",44,"40-49","Drivers"
"T20190010044","29/5/19",06:15:00,"Collision with vehicle","Wednesday","Dark Street lights on",2,2,"Not at intersection",3,100,"B",2007,"WAGON","DODGE","Car","F",51,"50-59","Drivers"
"T20190010045","29/5/19",06:05:00,"Collision with vehicle","Wednesday","Dark Street lights on",2,2,"Cross intersection",2,80,"A",2001,"SEDAN","MITSUB","Car","F",36,"30-39","Drivers"
"T20190010045","29/5/19",06:05:00,"Collision with vehicle","Wednesday","Dark Street lights on",2,2,"Cross intersection",2,80,"B",1998,"SEDAN","TOYOTA","Car","M",48,"40-49","Drivers"
"T20190010046","29/5/19",07:48:00,"Collision with vehicle","Wednesday","Day",2,2,"Cross intersection",2,60,"B",2015,"WAGON","B M W","Station Wagon","M",64,"60-64","Drivers"
"T20190010049","14/5/19",11:10:00,"Collision with vehicle","Tuesday","Day",2,2,"Cross intersection",3,60,"A",2012,"SEDAN","SUBARU","Car","M",28,"26-29","Drivers"
"T20190010049","14/5/19",11:10:00,"Collision with vehicle","Tuesday","Day",2,2,"Cross intersection",3,60,"B",2016,"SEDAN","MAZDA","Car","F",38,"30-39","Drivers"
"T20190010051","29/5/19",07:51:00,"Collision with vehicle","Wednesday","Day",2,2,"Not at intersection",2,60,"A",2004,"WAGON","NISSAN","Station Wagon","F",63,"60-64","Drivers"
"T20190010055","8/5/19",15:45:00,"Collision with vehicle","Wednesday","Day",2,2,"Not at intersection",3,100,"A",2016,"T SDS","FORD","Car","M",31,"30-39","Drivers"
"T20190010055","8/5/19",15:45:00,"Collision with vehicle","Wednesday","Day",2,2,"Not at intersection",3,100,"B",2000,"S WAG","TOYOTA","Station Wagon","M",21,"17-21","Drivers"
"T20190010056","27/5/19",16:20:00,"Collision with vehicle","Monday","Day",2,2,"T intersection",3,888,"A",2013,"VAN","FIAT","Panel Van","M",33,"30-39","Drivers"
"T20190010058","29/5/19",11:00:00,"Collision with vehicle","Wednesday","Day",2,2,"Cross intersection",3,60,"A",2014,"COUPE","MERC B","Car","F",30,"30-39","Drivers"
"T20190010058","29/5/19",11:00:00,"Collision with vehicle","Wednesday","Day",2,2,"Cross intersection",3,60,"B",2004,"SEDAN","MAZDA","Car","M",24,"22-25","Drivers"
"T20190010059","29/5/19",07:10:00,"Collision with a fixed object","Wednesday","Dusk/Dawn",1,1,"Not at intersection",2,70,"A",2011,"DC UTE","MITSUB","Utility","M",35,"30-39","Drivers"
"T20190010061","29/5/19",12:30:00,"Collision with vehicle","Wednesday","Day",3,3,"Cross intersection",2,60,"A",2012,"SEDAN","UNKN","Car","F",56,"50-59","Drivers"
"T20190010061","29/5/19",12:30:00,"Collision with vehicle","Wednesday","Day",3,3,"Cross intersection",2,60,"B",2018,"WAGON","HONDA","Station Wagon","F",19,"17-21","Drivers"
"T20190010061","29/5/19",12:30:00,"Collision with vehicle","Wednesday","Day",3,3,"Cross intersection",2,60,"C",2008,"WAGON","HYNDAI","Station Wagon","F",43,"40-49","Drivers"
"T20190010064","25/5/19",11:00:00,"Collision with vehicle","Saturday","Day",2,3,"Not at intersection",2,999,"A",2013,"WAGON","TOYOTA","Station Wagon","F",37,"30-39","Drivers"
"T20190010065","23/5/19",19:00:00,"Collision with a fixed object","Thursday","Dusk/Dawn",1,1,"Not at intersection",3,80,"A",2004,"SEDAN","TOYOTA","Car","F",47,"40-49","Drivers"
"T20190010066","29/5/19",11:45:00,"Collision with vehicle","Wednesday","Day",3,3,"T intersection",2,100,"A",2018,"SEDAN","HYNDAI","Car","M",23,"22-25","Drivers"
"T20190010066","29/5/19",11:45:00,"Collision with vehicle","Wednesday","Day",3,3,"T intersection",2,100,"B",2012,"WAGON","L ROV","Station Wagon","M",73,"70+","Drivers"
"T20190010066","29/5/19",11:45:00,"Collision with vehicle","Wednesday","Day",3,3,"T intersection",2,100,"C",2011,"S WAG","HOLDEN","Station Wagon","F",65,"64-69","Drivers"
"T20190010068","29/5/19",11:34:00,"Collision with vehicle","Wednesday","Day",3,3,"Not at intersection",2,80,"B",2014,"WAGON","JEEP","Station Wagon","M",57,"50-59","Drivers"
"T20190010068","29/5/19",11:34:00,"Collision with vehicle","Wednesday","Day",3,3,"Not at intersection",2,80,"C",2015,"SEDAN","HYNDAI","Car","F",36,"30-39","Drivers"
"T20190010069","29/5/19",12:48:00,"Collision with vehicle","Wednesday","Day",2,2,"Y intersection",3,60,"A",2013,"DC UTE","NISSAN","Utility","M",45,"40-49","Drivers"
"T20190010069","29/5/19",12:48:00,"Collision with vehicle","Wednesday","Day",2,2,"Y intersection",3,60,"B",2011,"SEDAN","NISSAN","Car","F",33,"30-39","Drivers"
"T20190010070","29/5/19",11:20:00,"Collision with a fixed object","Wednesday","Day",1,1,"Not at intersection",3,80,"A",2012,"P MVR","F LINE","Prime Mover B-Triple","M",38,"30-39","Drivers"
"T20190010071","29/5/19",12:15:00,"Collision with vehicle","Wednesday","Day",2,3,"Cross intersection",2,80,"A",2001,"VAN","TOYOTA","Panel Van","M",23,"22-25","Drivers"
"T20190010071","29/5/19",12:15:00,"Collision with vehicle","Wednesday","Day",2,3,"Cross intersection",2,80,"B",2013,"VAN","FORD","Panel Van","M",22,"22-25","Drivers"
"T20190010072","29/5/19",16:15:00,"Collision with vehicle","Wednesday","Day",2,5,"Not at intersection",3,50,"A",2008,"VAN","TOYOTA","Panel Van","M",19,"17-21","Drivers"
"T20190010074","29/5/19",13:45:00,"Collision with vehicle","Wednesday","Day",2,2,"Cross intersection",2,60,"A",2011,"SEDAN","KIA","Car","F",24,"22-25","Drivers"
"T20190010074","29/5/19",13:45:00,"Collision with vehicle","Wednesday","Day",2,2,"Cross intersection",2,60,"B",2005,"SEDAN","TOYOTA","Car","M",38,"30-39","Drivers"
"T20190010076","29/5/19",13:30:00,"Collision with vehicle","Wednesday","Day",2,2,"Not at intersection",3,999,"A",2001,"SEDAN","MAZDA","Car","F",61,"60-64","Drivers"
"T20190010079","29/5/19",10:59:00,"Collision with vehicle","Wednesday","Day",2,2,"Not at intersection",3,60,"A",2012,"SEDAN","TOYOTA","Taxi","M",30,"30-39","Drivers"
"T20190010081","29/5/19",15:00:00,"Collision with vehicle","Wednesday","Day",3,3,"Cross intersection",3,60,"A",2011,"SEDAN","HOLDEN","Car","F",30,"30-39","Drivers"
"T20190010081","29/5/19",15:00:00,"Collision with vehicle","Wednesday","Day",3,3,"Cross intersection",3,60,"B",2005,"S WAG","HOLDEN","Station Wagon","M",22,"22-25","Drivers"
"T20190010081","29/5/19",15:00:00,"Collision with vehicle","Wednesday","Day",3,3,"Cross intersection",3,60,"C",2014,"UTIL","FORD","Utility","F",30,"30-39","Drivers"