"ACCIDENT_NO","ACCIDENTDATE","ACCIDENTTIME","Accident Type Desc","Day Week Description","Light Condition Desc","NO_OF_VEHICLES","NO_PERSONS","Road Geometry Desc","SEVERITY","SPEED_ZONE","VEHICLE_ID","VEHICLE_YEAR_MANUF","VEHICLE_BODY_STYLE","VEHICLE_MAKE","Vehicle Type Desc","SEX","AGE","Age Group","Road User Type Desc"
"T20190010084","29/5/19",15:45:00,"Collision with vehicle","Wednesday","Day",2,2,"T intersection",2,50,"A",2018,"VAN","TOYOTA","Panel Van","M",64,"60-64","Drivers"
"T20190010086","19/5/19",17:45:00,"Collision with vehicle","Sunday","Unknown",2,2,"Cross intersection",3,60,"A",2013,"SEDAN","TOYOTA","Car","F",41,"40-49","Drivers"
"T20190010086","19/5/19",17:45:00,"Collision with vehicle","Sunday","Unknown",2,2,"Cross intersection",3,60,"B",2015,"RDSTR","UNKN","Car","M",61,"60-64","Drivers"
"T20190010088","29/5/19",17:24:00,"Collision with vehicle","Wednesday","Dark Street lights on",2,2,"T intersection",2,60,"A",2012,"SEDAN","NISSAN","Car","F",86,"70+","Drivers"
"T20190010088","29/5/19",17:24:00,"Collision with vehicle","Wednesday","Dark Street lights on",2,2,"T intersection",2,60,"B",2007,"SEDAN","HOLDEN","Car","F",41,"40-49","Drivers"
"T20190010089","29/5/19",18:00:00,"Collision with vehicle","Wednesday","Dark No street lights",2,3,"Not at intersection",2,40,"A",0,"SEDAN","HONDA","Car","F",80,"70+","Drivers"
"T20190010089","29/5/19",18:00:00,"Collision with vehicle","Wednesday","Dark No street lights",2,3,"Not at intersection",2,40,"B",2017,"WAGON","NISSAN","Station Wagon","F",58,"50-59","Drivers"
"T20190010090","29/5/19",17:45:00,"Collision with vehicle","Wednesday","Dark Street lights on",3,3,"T intersection",3,60,"A",2007,"SEDAN","TOYOTA","Car","F",34,"30-39","Drivers"
"T20190010090","29/5/19",17:45:00,"Collision with vehicle","Wednesday","Dark Street lights on",3,3,"T intersection",3,60,"B",2003,"SEDAN","TOYOTA","Car","F",22,"22-25","Drivers"
"T20190010090","29/5/19",17:45:00,"Collision with vehicle","Wednesday","Dark Street lights on",3,3,"T intersection",3,60,"C",2016,"WAGON","MITSUB","Station Wagon","F",37,"30-39","Drivers"
"T20190010091","29/5/19",16:46:00,"Collision with vehicle","Wednesday","Day",2,2,"Not at intersection",3,100,"A",1998,"S WAG","TOYOTA","Station Wagon","F",64,"60-64","Drivers"
"T20190010091","29/5/19",16:46:00,"Collision with vehicle","Wednesday","Day",2,2,"Not at intersection",3,100,"B",2012,"WAGON","NISSAN","Station Wagon","F",33,"30-39","Drivers"
"T20190010093","29/5/19",16:09:00,"Collision with vehicle","Wednesday","Day",2,2,"T intersection",3,60,"A",1994,"WAGON","TOYOTA","Station Wagon","M",18,"17-21","Drivers"
"T20190010093","29/5/19",16:09:00,"Collision with vehicle","Wednesday","Day",2,2,"T intersection",3,60,"B",2013,"SEDAN","HYNDAI","Car","F",21,"17-21","Drivers"
"T20190010095","29/5/19",16:42:00,"Collision with a fixed object","Wednesday","Dusk/Dawn",1,1,"Not at intersection",3,40,"A",2016,"SEDAN","KIA","Car","M",95,"70+","Drivers"
"T20190010096","29/5/19",19:15:00,"Collision with vehicle","Wednesday","Dark Street lights on",2,2,"T intersection",3,50,"A",2017,"WAGON","NISSAN","Station Wagon","F",42,"40-49","Drivers"
"T20190010096","29/5/19",19:15:00,"Collision with vehicle","Wednesday","Dark Street lights on",2,2,"T intersection",3,50,"B",2009,"WAGON","MITSUB","Station Wagon","M",60,"60-64","Drivers"
"T20190010103","29/5/19",16:38:00,"Collision with a fixed object","Wednesday","Day",1,1,"Not at intersection",1,70,"A",2013,"UTIL","HOLDEN","Utility","M",29,"26-29","Drivers"
"T20190010104","29/5/19",14:55:00,"Struck Pedestrian","Wednesday","Day",2,4,"Cross intersection",3,60,"A",2014,"WAGON","NISSAN","Station Wagon","M",29,"26-29","Drivers"
"T20190010105","29/5/19",19:23:00,"Collision with vehicle","Wednesday","Dark Street lights on",2,2,"Not at intersection",2,50,"A",1999,"WAGON","DAIHAT","Station Wagon","F",69,"64-69","Drivers"
"T20190010105","29/5/19",19:23:00,"Collision with vehicle","Wednesday","Dark Street lights on",2,2,"Not at intersection",2,50,"B",2008,"SEDAN","HONDA","Car","M",23,"22-25","Drivers"
"T20190010106","29/5/19",18:00:00,"Collision with a fixed object","Wednesday","Dark Street lights on",1,1,"T intersection",3,40,"A",2019,"WAGON","MAZDA","Station Wagon","M",36,"30-39","Drivers"
"T20190010108","27/5/19",18:00:00,"Collision with vehicle","Monday","Dark No street lights",2,2,"Not at intersection",3,100,"A",2010,"SEDAN","HOLDEN","Car","F",18,"17-21","Drivers"
"T20190010108","27/5/19",18:00:00,"Collision with vehicle","Monday","Dark No street lights",2,2,"Not at intersection",3,100,"B",2011,"SEDAN","FORD","Car","M",18,"17-21","Drivers"
"T20190010110","29/5/19",23:17:00,"Collision with vehicle","Wednesday","Dark Street lights on",2,2,"Cross intersection",2,80,"A",2007,"SEDAN","MITSUB","Car","M",27,"26-29","Drivers"
"T20190010110","29/5/19",23:17:00,"Collision with vehicle","Wednesday","Dark Street lights on",2,2,"Cross intersection",2,80,"B",1997,"SEDAN","VOLKS","Car","M",25,"22-25","Drivers"
"T20190010111","29/5/19",21:22:00,"Struck Pedestrian","Wednesday","Dark Street lights on",1,2,"Cross intersection",2,999,"A",2009,"SEDAN","SUBARU","Car","M",32,"30-39","Drivers"
"T20190010113","30/5/19",06:10:00,"Collision with vehicle","Thursday","Dark Street lights on",2,2,"Cross intersection",3,80,"A",2005,"SEDAN","VOLKS","Car","M",63,"60-64","Drivers"
"T20190010113","30/5/19",06:10:00,"Collision with vehicle","Thursday","Dark Street lights on",2,2,"Cross intersection",3,80,"B",2009,"VAN","MITSUB","Panel Van","F",33,"30-39","Drivers"
"T20190010115","29/5/19",14:33:00,"Collision with a fixed object","Wednesday","Day",1,1,"Not at intersection",2,100,"A",1999,"S WAG","FORD","Station Wagon","M",59,"50-59","Drivers"
"T20190010118","29/5/19",15:50:00,"Collision with vehicle","Wednesday","Day",2,3,"Cross intersection",3,40,"A",2018,"WAGON","HOLDEN","Station Wagon","M",30,"30-39","Drivers"
"T20190010118","29/5/19",15:50:00,"Collision with vehicle","Wednesday","Day",2,3,"Cross intersection",3,40,"B",2011,"UTIL","FORD","Utility","M",51,"50-59","Drivers"
"T20190010119","28/5/19",16:40:00,"Collision with vehicle","Tuesday","Day",3,3,"Not at intersection",2,60,"A",2008,"SEDAN","NISSAN","Car","F",24,"22-25","Drivers"
"T20190010119","28/5/19",16:40:00,"Collision with vehicle","Tuesday","Day",3,3,"Not at intersection",2,60,"B",2013,"WAGON","HONDA","Station Wagon","M",49,"40-49","Drivers"
"T20190010119","28/5/19",16:40:00,"Collision with vehicle","Tuesday","Day",3,3,"Not at intersection",2,60,"C",1994,"TRAY","TOYOTA","Utility","U",28,"26-29","Drivers"
"T20190010120","15/3/19",08:35:00,"Collision with vehicle","Friday","Day",4,4,"T intersection",3,60,"A",2010,"SEDAN","TOYOTA","Car","F",32,"30-39","Drivers"
"T20190010120","15/3/19",08:35:00,"Collision with vehicle","Friday","Day",4,4,"T intersection",3,60,"B",2015,"WAGON","HONDA","Station Wagon","M",66,"64-69","Drivers"
"T20190010120","15/3/19",08:35:00,"Collision with vehicle","Friday","Day",4,4,"T intersection",3,60,"C",2012,"SEDAN","TOYOTA","Car","F",25,"22-25","Drivers"
"T20190010120","15/3/19",08:35:00,"Collision with vehicle","Friday","Day",4,4,"T intersection",3,60,"D",2016,"WAGON","HOLDEN","Station Wagon","F",23,"22-25","Drivers"
"T20190010123","30/5/19",09:00:00,"Collision with vehicle","Thursday","Day",2,3,"Cross intersection",3,50,"A",2008,"SEDAN","HONDA","Car","M",50,"50-59","Drivers"
"T20190010123","30/5/19",09:00:00,"Collision with vehicle","Thursday","Day",2,3,"Cross intersection",3,50,"B",2017,"WAGON","MITSUB","Station Wagon","F",38,"30-39","Drivers"
"T20190010129","30/5/19",12:30:00,"Collision with vehicle","Thursday","Day",2,3,"T intersection",2,80,"A",2014,"WAGON","HOLDEN","Car","F",49,"40-49","Drivers"
"T20190010129","30/5/19",12:30:00,"Collision with vehicle","Thursday","Day",2,3,"T intersection",2,80,"B",2014,"SEDAN","MITSUB","Car","F",21,"17-21","Drivers"
"T20190010131","28/5/19",12:30:00,"Struck Pedestrian","Tuesday","Day",1,3,"Not at intersection",3,50,"A",2011,"WAGON","HOLDEN","Station Wagon","F",79,"70+","Drivers"
"T20190010133","29/4/19",13:00:00,"Collision with a fixed object","Monday","Day",1,1,"Dead end",3,50,"A",2012,"WAGON","PEUG","Station Wagon","M",24,"22-25","Drivers"
"T20190010134","25/5/19",22:00:00,"Collision with vehicle","Saturday","Dark Street lights on",2,2,"Not at intersection",3,70,"A",2010,"SEDAN","TOYOTA","Car","F",57,"50-59","Drivers"
"T20190010134","25/5/19",22:00:00,"Collision with vehicle","Saturday","Dark Street lights on",2,2,"Not at intersection",3,70,"B",2004,"WAGON","HOLDEN","Station Wagon","M",27,"26-29","Drivers"
"T20190010135","30/5/19",09:00:00,"Collision with vehicle","Thursday","Day",2,2,"Cross intersection",3,60,"A",2001,"SEDAN","HOLDEN","Car","F",47,"40-49","Drivers"
"T20190010135","30/5/19",09:00:00,"Collision with vehicle","Thursday","Day",2,2,"Cross intersection",3,60,"B",2017,"P MVR","KENWTH","Prime Mover B-Double","M",52,"50-59","Drivers"
"T20190010137","30/5/19",07:45:00,"Collision with vehicle","Thursday","Day",2,3,"Cross intersection",2,80,"A",2007,"SEDAN","MERC B","Car","M",33,"30-39","Drivers"
"T20190010137","30/5/19",07:45:00,"Collision with vehicle","Thursday","Day",2,3,"Cross intersection",2,80,"B",2007,"SED","FORD","Car","M",81,"70+","Drivers"
"T20190010139","29/5/19",14:30:00,"Collision with vehicle","Wednesday","Day",2,2,"T intersection",3,60,"A",2010,"UTIL","FORD","Utility","M",30,"30-39","Drivers"
"T20190010139","29/5/19",14:30:00,"Collision with vehicle","Wednesday","Day",2,2,"T intersection",3,60,"B",2018,"SEDAN","HOLDEN","Car","F",35,"30-39","Drivers"
"T20190010144","30/5/19",14:20:00,"Collision with vehicle","Thursday","Day",2,3,"T intersection",3,60,"A",2008,"SEDAN","TOYOTA","Car","M",28,"26-29","Drivers"
"T20190010144","30/5/19",14:20:00,"Collision with vehicle","Thursday","Day",2,3,"T intersection",3,60,"B",2008,"UTIL","FORD","Utility","M",24,"22-25","Drivers"
"T20190010145","29/5/19",12:21:00,"Collision with vehicle","Wednesday","Day",2,2,"T intersection",2,80,"A",2009,"WAGON","TOYOTA","Station Wagon","M",45,"40-49","Drivers"
"T20190010145","29/5/19",12:21:00,"Collision with vehicle","Wednesday","Day",2,2,"T intersection",2,80,"B",2014,"P MVR","VOLVO","Prime Mover - Single Trailer","M",59,"50-59","Drivers"
"T20190010146","11/4/19",08:30:00,"Collision with vehicle","Thursday","Day",3,3,"Multiple intersection",3,60,"A",2015,"TOURER","UNKN","Car","F",40,"40-49","Drivers"
"T20190010146","11/4/19",08:30:00,"Collision with vehicle","Thursday","Day",3,3,"Multiple intersection",3,60,"C",0,"SP VEH","UNKN","Other Vehicle","M",61,"60-64","Drivers"
"T20190010146","11/4/19",08:30:00,"Collision with vehicle","Thursday","Day",3,3,"Multiple intersection",3,60,"D",0,"UTIL","HOLDEN","Utility","M",30,"30-39","Drivers"
"T20190010147","30/5/19",15:44:00,"Collision with vehicle","Thursday","Day",2,4,"Cross intersection",3,60,"A",1999,"S WAG","HOLDEN","Station Wagon","F",50,"50-59","Drivers"
"T20190010147","30/5/19",15:44:00,"Collision with vehicle","Thursday","Day",2,4,"Cross intersection",3,60,"B",2008,"WAGON","TOYOTA","Station Wagon","F",45,"40-49","Drivers"
"T20190010149","30/5/19",17:01:00,"Collision with vehicle","Thursday","Day",2,2,"T intersection",2,80,"A",2017,"S WAG","TOYOTA","Station Wagon","F",26,"26-29","Drivers"
"T20190010149","30/5/19",17:01:00,"Collision with vehicle","Thursday","Day",2,2,"T intersection",2,80,"B",2005,"SED","TOYOTA","Car","M",21,"17-21","Drivers"
"T20190010150","30/5/19",17:23:00,"Collision with a fixed object","Thursday","Dark No street lights",1,1,"Not at intersection",3,100,"A",2010,"SEDAN","TOYOTA","Car","F",60,"60-64","Drivers"
"T20190010151","30/5/19",17:55:00,"Struck Pedestrian","Thursday","Dark Street lights on",1,3,"Not at intersection",3,777,"A",2012,"SEDAN","FORD","Car","M",19,"17-21","Drivers"
"T20190010152","30/5/19",17:35:00,"Collision with vehicle","Thursday","Dark Street lights on",3,3,"T intersection",2,50,"A",2013,"SEDAN","NISSAN","Car","F",32,"30-39","Drivers"
"T20190010152","30/5/19",17:35:00,"Collision with vehicle","Thursday","Dark Street lights on",3,3,"T intersection",2,50,"C",2014,"SEDAN","TOYOTA","Car","F",37,"30-39","Drivers"
"T20190010159","8/5/19",18:45:00,"Collision with vehicle","Wednesday","Dusk/Dawn",2,3,"Cross intersection",3,60,"A",2011,"SEDAN","TOYOTA","Car","F",23,"22-25","Drivers"
"T20190010159","8/5/19",18:45:00,"Collision with vehicle","Wednesday","Dusk/Dawn",2,3,"Cross intersection",3,60,"B",2012,"SED","FORD","Taxi","M",34,"30-39","Drivers"
"T20190010160","30/5/19",16:14:00,"Collision with vehicle","Thursday","Day",2,2,"Not at intersection",2,80,"A",2018,"WAGON","MITSUB","Station Wagon","F",45,"40-49","Drivers"
"T20190010160","30/5/19",16:14:00,"Collision with vehicle","Thursday","Day",2,2,"Not at intersection",2,80,"B",2018,"SEDAN","HOLDEN","Car","M",58,"50-59","Drivers"
"T20190010161","30/5/19",18:30:00,"Struck Pedestrian","Thursday","Dark Street lights on",1,2,"Cross intersection",3,70,"A",2016,"SEDAN","UNKN","Car","F",70,"70+","Drivers"
"T20190010162","30/5/19",19:15:00,"Collision with vehicle","Thursday","Dark Street lights on",3,2,"Not at intersection",2,999,"A",2008,"SEDAN","HONDA","Car","M",29,"26-29","Drivers"
"T20190010162","30/5/19",19:15:00,"Collision with vehicle","Thursday","Dark Street lights on",3,2,"Not at intersection",2,999,"B",2018,"P MVR","M A N","Prime Mover - Single Trailer","M",60,"60-64","Drivers"
"T20190010163","30/5/19",15:36:00,"Collision with vehicle","Thursday","Day",2,3,"T intersection",3,999,"A",2008,"SEDAN","TOYOTA","Car","M",23,"22-25","Drivers"
"T20190010163","30/5/19",15:36:00,"Collision with vehicle","Thursday","Day",2,3,"T intersection",3,999,"B",2008,"SEDAN","TOYOTA","Car","F",36,"30-39","Drivers"
"T20190010166","30/5/19",22:00:00,"Collision with a fixed object","Thursday","Dark Street lights on",1,6,"Not at intersection",3,80,"A",1997,"SEDAN","HOLDEN","Car","M",21,"17-21","Drivers"
"T20190010175","30/5/19",07:00:00,"Collision with vehicle","Thursday","Day",2,2,"Y intersection",3,60,"A",2016,"SEDAN","HOLDEN","Car","M",41,"40-49","Drivers"
"T20190010175","30/5/19",07:00:00,"Collision with vehicle","Thursday","Day",2,2,"Y intersection",3,60,"B",2009,"DC UTE","MITSUB","Utility","M",48,"40-49","Drivers"
"T20190010176","31/5/19",08:55:00,"Collision with a fixed object","Friday","Day",1,1,"Not at intersection",2,100,"A",2003,"SEDAN","FORD","Car","F",48,"40-49","Drivers"
"T20190010179","31/5/19",09:00:00,"Collision with vehicle","Friday","Day",2,2,"Cross intersection",3,60,"A",2011,"SEDAN","HOLDEN","Car","M",72,"70+","Drivers"
"T20190010179","31/5/19",09:00:00,"Collision with vehicle","Friday","Day",2,2,"Cross intersection",3,60,"B",2017,"BUS","VOLVO","Bus/Coach","M",54,"50-59","Drivers"
"T20190010180","31/5/19",08:00:00,"Collision with a fixed object","Friday","Day",1,1,"T intersection",2,60,"A",2003,"COUPE","SUZUKI","Car","M",24,"22-25","Drivers"
"T20190010181","31/5/19",09:00:00,"collision with some other object","Friday","Day",1,1,"Not at intersection",3,100,"A",2017,"VAN","MERC B","Panel Van","M",48,"40-49","Drivers"
"T20190010182","31/5/19",08:15:00,"Collision with vehicle","Friday","Day",2,3,"Cross intersection",3,80,"A",2006,"SEDAN","MAZDA","Car","F",52,"50-59","Drivers"
"T20190010182","31/5/19",08:15:00,"Collision with vehicle","Friday","Day",2,3,"Cross intersection",3,80,"B",2017,"WAGON","VOLKS","Station Wagon","U",44,"40-49","Drivers"
"T20190010185","31/5/19",09:40:00,"Collision with vehicle","Friday","Day",2,3,"Cross intersection",2,60,"A",2000,"SEDAN","HOLDEN","Car","F",50,"50-59","Drivers"
"T20190010185","31/5/19",09:40:00,"Collision with vehicle","Friday","Day",2,3,"Cross intersection",2,60,"B",1999,"WAGON","L ROV","Station Wagon","F",57,"50-59","Drivers"
"T20190010186","31/5/19",10:45:00,"Collision with vehicle","Friday","Day",2,2,"T intersection",3,60,"A",2008,"DC UTE","NISSAN","Utility","M",34,"30-39","Drivers"
"T20190010186","31/5/19",10:45:00,"Collision with vehicle","Friday","Day",2,2,"T intersection",3,60,"B",2013,"SEDAN","AUDI","Car","M",28,"26-29","Drivers"
"T20190010188","31/5/19",07:30:00,"Collision with vehicle","Friday","Day",2,2,"Cross intersection",2,50,"A",2013,"SEDAN","MITSUB","Car","F",30,"30-39","Drivers"
"T20190010188","31/5/19",07:30:00,"Collision with vehicle","Friday","Day",2,2,"Cross intersection",2,50,"B",2001,"SEDAN","LEXUS","Car","M",80,"70+","Drivers"
"T20190010190","31/5/19",09:00:00,"Struck Pedestrian","Friday","Day",1,2,"Cross intersection",3,50,"A",2008,"WAGON","MAZDA","Station Wagon","F",47,"40-49","Drivers"
"T20190010191","31/5/19",09:15:00,"Struck Pedestrian","Friday","Day",1,2,"Not at intersection",2,60,"A",2004,"WAGON","TOYOTA","Station Wagon","M",47,"40-49","Drivers"
"T20190010193","31/5/19",10:30:00,"Collision with vehicle","Friday","Day",4,5,"T intersection",2,80,"A",2008,"SEDAN","TOYOTA","Car","M",35,"30-39","Drivers"
"T20190010193","31/5/19",10:30:00,"Collision with vehicle","Friday","Day",4,5,"T intersection",2,80,"B",2011,"DC UTE","TOYOTA","Utility","M",46,"40-49","Drivers"
"T20190010193","31/5/19",10:30:00,"Collision with vehicle","Friday","Day",4,5,"T intersection",2,80,"C",2012,"SEDAN","FORD","Car","M",71,"70+","Drivers"
"T20190010193","31/5/19",10:30:00,"Collision with vehicle","Friday","Day",4,5,"T intersection",2,80,"D",2014,"SEDAN","REN","Car","M",71,"70+","Drivers"
"T20190010197","31/5/19",10:09:00,"Collision with vehicle","Friday","Day",2,4,"Not at intersection",3,100,"A",1997,"COUPE","TOYOTA","Car","F",29,"26-29","Drivers"
"T20190010197","31/5/19",10:09:00,"Collision with vehicle","Friday","Day",2,4,"Not at intersection",3,100,"B",2010,"SEDAN","SUZUKI","Car","F",37,"30-39","Drivers"
"T20190010201","31/5/19",08:36:00,"Collision with vehicle","Friday","Day",4,5,"Not at intersection",2,90,"A",1987,"TIPPER","MITSUB","Heavy Vehicle (Rigid) > 4.5 Tonnes","M",44,"40-49","Drivers"
"T20190010201","31/5/19",08:36:00,"Collision with vehicle","Friday","Day",4,5,"Not at intersection",2,90,"B",2001,"VAN","MITSUB","Panel Van","F",51,"50-59","Drivers"
"T20190010201","31/5/19",08:36:00,"Collision with vehicle","Friday","Day",4,5,"Not at intersection",2,90,"C",0,"SEDAN","UNKN","Car","U",NA,"unknown","Drivers"
"T20190010201","31/5/19",08:36:00,"Collision with vehicle","Friday","Day",4,5,"Not at intersection",2,90,"D",0,"SEDAN","UNKN","Car","U",NA,"unknown","Drivers"
"T20190010202","31/5/19",11:35:00,"No collision and no object struck","Friday","Day",2,3,"Not at intersection",2,50,"A",2008,"SEDAN","TOYOTA","Car","F",58,"50-59","Drivers"
"T20190010202","31/5/19",11:35:00,"No collision and no object struck","Friday","Day",2,3,"Not at intersection",2,50,"B",2009,"SEDAN","TOYOTA","Car","M",83,"70+","Drivers"
"T20190010205","30/5/19",16:28:00,"Collision with vehicle","Thursday","Dusk/Dawn",2,2,"Not at intersection",2,80,"A",2014,"SEDAN","MERC B","Car","M",46,"40-49","Drivers"
"T20190010209","31/5/19",13:51:00,"Collision with vehicle","Friday","Day",2,2,"Cross intersection",2,80,"A",2013,"SEDAN","TOYOTA","Car","M",74,"70+","Drivers"
"T20190010209","31/5/19",13:51:00,"Collision with vehicle","Friday","Day",2,2,"Cross intersection",2,80,"B",2007,"SEDAN","SUZUKI","Car","F",21,"17-21","Drivers"
"T20190010210","31/5/19",13:35:00,"Collision with a fixed object","Friday","Day",1,2,"Not at intersection",3,60,"A",2004,"SED","FORD","Car","M",26,"26-29","Drivers"
"T20190010212","31/5/19",12:43:00,"Collision with a fixed object","Friday","Day",1,3,"Not at intersection",2,80,"A",0,"SED","MAZDA","Car","M",53,"50-59","Drivers"
"T20190010213","31/5/19",13:30:00,"Collision with vehicle","Friday","Day",2,3,"Not at intersection",2,100,"A",2010,"TIPPER","ISUZU","Light Commercial Vehicle (Rigid) <= 4.5 Tonnes GVM","M",56,"50-59","Drivers"
"T20190010214","31/5/19",07:45:00,"Collision with vehicle","Friday","Day",2,2,"Cross intersection",2,40,"A",2007,"SEDAN","HOLDEN","Car","M",28,"26-29","Drivers"
"T20190010219","31/5/19",15:15:00,"Collision with vehicle","Friday","Day",2,3,"Cross intersection",2,50,"A",2014,"SEDAN","TOYOTA","Car","M",36,"30-39","Drivers"
"T20190010219","31/5/19",15:15:00,"Collision with vehicle","Friday","Day",2,3,"Cross intersection",2,50,"B",2017,"WAGON","MITSUB","Station Wagon","F",31,"30-39","Drivers"
"T20190010223","31/5/19",16:30:00,"Collision with vehicle","Friday","Day",2,2,"Cross intersection",2,50,"A",2002,"SEDAN","MITSUB","Car","M",23,"22-25","Drivers"
"T20190010223","31/5/19",16:30:00,"Collision with vehicle","Friday","Day",2,2,"Cross intersection",2,50,"B",2006,"SEDAN","HOLDEN","Car","M",26,"26-29","Drivers"
"T20190010225","31/5/19",17:15:00,"Collision with vehicle","Friday","Dark Street lights on",2,2,"Not at intersection",3,888,"B",2015,"SEDAN","MAZDA","Car","F",44,"40-49","Drivers"
"T20190010227","31/5/19",15:40:00,"Collision with a fixed object","Friday","Day",1,1,"Not at intersection",2,50,"A",2002,"SEDAN","TOYOTA","Car","F",67,"64-69","Drivers"
"T20190010228","31/5/19",19:27:00,"Collision with a fixed object","Friday","Dark Street lights on",1,1,"T intersection",3,50,"A",1996,"SEDAN","MITSUB","Car","M",54,"50-59","Drivers"
"T20190010230","31/5/19",19:30:00,"Struck Pedestrian","Friday","Dark Street lights on",1,2,"Unknown",3,40,"A",2017,"VAN","HYNDAI","Panel Van","M",31,"30-39","Drivers"
"T20190010233","31/5/19",17:20:00,"Struck Pedestrian","Friday","Dusk/Dawn",1,2,"T intersection",3,60,"A",2007,"SEDAN","HOLDEN","Car","F",27,"26-29","Drivers"
"T20190010235","31/5/19",18:28:00,"Collision with vehicle","Friday","Dark Street lights on",3,6,"T intersection",3,60,"A",2006,"SEDAN","FORD","Car","U",NA,"unknown","Drivers"
"T20190010235","31/5/19",18:28:00,"Collision with vehicle","Friday","Dark Street lights on",3,6,"T intersection",3,60,"B",2013,"SEDAN","MAZDA","Car","M",35,"30-39","Drivers"
"T20190010235","31/5/19",18:28:00,"Collision with vehicle","Friday","Dark Street lights on",3,6,"T intersection",3,60,"C",2012,"SEDAN","KIA","Car","M",22,"22-25","Drivers"
"T20190010241","31/5/19",17:49:00,"Collision with vehicle","Friday","Day",2,2,"Cross intersection",3,60,"A",2014,"SEDAN","TOYOTA","Car","F",46,"40-49","Drivers"
"T20190010243","1/6/19",00:10:00,"Collision with a fixed object","Saturday","Dark No street lights",1,1,"Not at intersection",2,80,"A",2008,"S WAG","HOLDEN","Station Wagon","F",23,"22-25","Drivers"
"T20190010246","1/6/19",02:14:00,"Struck Pedestrian","Saturday","Dark Street lights on",1,2,"Not at intersection",2,60,"A",1999,"SEDAN","TOYOTA","Car","M",24,"22-25","Drivers"
"T20190010248","1/6/19",05:49:00,"Struck Pedestrian","Saturday","Dark Street lights on",1,2,"Not at intersection",2,60,"A",2004,"SEDAN","HOLDEN","Car","M",30,"30-39","Drivers"
"T20190010250","1/6/19",08:30:00,"Collision with vehicle","Saturday","Day",2,4,"T intersection",3,60,"A",2005,"UTIL","HOLDEN","Utility","M",18,"17-21","Drivers"
"T20190010250","1/6/19",08:30:00,"Collision with vehicle","Saturday","Day",2,4,"T intersection",3,60,"B",2016,"S WAG","NISSAN","Station Wagon","F",30,"30-39","Drivers"
"T20190010251","31/5/19",22:10:00,"collision with some other object","Friday","Dark No street lights",1,1,"Not at intersection",3,100,"A",2004,"SEDAN","HYNDAI","Car","F",25,"22-25","Drivers"
"T20190010255","1/6/19",09:15:00,"Collision with vehicle","Saturday","Day",2,2,"Cross intersection",2,60,"A",1998,"SEDAN","HOLDEN","Car","M",39,"30-39","Drivers"
"T20190010258","1/6/19",09:20:00,"Collision with a fixed object","Saturday","Day",1,2,"Not at intersection",2,60,"A",1999,"UTIL","FORD","Utility","M",18,"17-21","Drivers"
"T20190010267","1/6/19",12:45:00,"Collision with vehicle","Saturday","Day",2,5,"Not at intersection",2,70,"A",2009,"SEDAN","TOYOTA","Car","M",38,"30-39","Drivers"
"T20190010267","1/6/19",12:45:00,"Collision with vehicle","Saturday","Day",2,5,"Not at intersection",2,70,"B",2016,"WAGON","MITSUB","Station Wagon","M",31,"30-39","Drivers"
"T20190010268","1/6/19",12:49:00,"Collision with vehicle","Saturday","Day",2,2,"Cross intersection",2,50,"A",2018,"WAGON","L ROV","Station Wagon","M",64,"60-64","Drivers"
"T20190010269","1/6/19",13:50:00,"Collision with vehicle","Saturday","Day",2,3,"Not at intersection",2,50,"A",2003,"S WAG","HOLDEN","Station Wagon","F",61,"60-64","Drivers"
"T20190010269","1/6/19",13:50:00,"Collision with vehicle","Saturday","Day",2,3,"Not at intersection",2,50,"B",1999,"SEDAN","HOLDEN","Car","F",38,"30-39","Drivers"
"T20190010270","1/6/19",13:22:00,"Collision with vehicle","Saturday","Day",2,3,"Not at intersection",2,60,"A",2016,"SEDAN","FORD","Car","F",20,"17-21","Drivers"
"T20190010271","1/6/19",14:00:00,"Collision with vehicle","Saturday","Day",2,5,"Not at intersection",3,40,"A",2019,"VAN","TOYOTA","Panel Van","M",21,"17-21","Drivers"
"T20190010271","1/6/19",14:00:00,"Collision with vehicle","Saturday","Day",2,5,"Not at intersection",3,40,"B",2018,"WAGON","B M W","Station Wagon","F",38,"30-39","Drivers"
"T20190010274","1/6/19",11:17:00,"Collision with vehicle","Saturday","Day",2,2,"T intersection",2,60,"A",2018,"S WAG","MERC B","Taxi","M",62,"60-64","Drivers"
"T20190010274","1/6/19",11:17:00,"Collision with vehicle","Saturday","Day",2,2,"T intersection",2,60,"B",2012,"SEDAN","HOLDEN","Car","F",48,"40-49","Drivers"
"T20190010276","1/6/19",12:45:00,"Collision with vehicle","Saturday","Day",3,1,"Not at intersection",3,60,"A",2004,"SEDAN","TOYOTA","Car","M",43,"40-49","Drivers"
"T20190010277","1/6/19",09:13:00,"Collision with vehicle","Saturday","Day",3,3,"Cross intersection",3,60,"A",2014,"SEDAN","HYNDAI","Car","F",86,"70+","Drivers"
"T20190010277","1/6/19",09:13:00,"Collision with vehicle","Saturday","Day",3,3,"Cross intersection",3,60,"B",2002,"WAGON","HONDA","Station Wagon","M",18,"17-21","Drivers"
"T20190010282","1/6/19",17:10:00,"Collision with vehicle","Saturday","Dusk/Dawn",2,2,"Cross intersection",3,50,"A",2017,"COUPE","TOYOTA","Car","M",60,"60-64","Drivers"