"ACCIDENT_NO","ACCIDENTDATE","ACCIDENTTIME","Accident Type Desc","Day Week Description","Light Condition Desc","NO_OF_VEHICLES","NO_PERSONS","Road Geometry Desc","SEVERITY","SPEED_ZONE","VEHICLE_ID","VEHICLE_YEAR_MANUF","VEHICLE_BODY_STYLE","VEHICLE_MAKE","Vehicle Type Desc","SEX","AGE","Age Group","Road User Type Desc"
"T20190010283","29/5/19",05:40:00,"Collision with vehicle","Wednesday","Dark No street lights",2,3,"Not at intersection",2,100,"A",2013,"SEDAN","TOYOTA","Car","M",48,"40-49","Drivers"
"T20190010283","29/5/19",05:40:00,"Collision with vehicle","Wednesday","Dark No street lights",2,3,"Not at intersection",2,100,"B",2010,"P MVR","KENWTH","Prime Mover - Single Trailer","M",33,"30-39","Drivers"
"T20190010286","1/6/19",16:35:00,"Collision with vehicle","Saturday","Day",2,6,"T intersection",2,60,"A",2001,"SEDAN","FORD","Car","M",30,"30-39","Drivers"
"T20190010286","1/6/19",16:35:00,"Collision with vehicle","Saturday","Day",2,6,"T intersection",2,60,"B",2009,"SEDAN","HONDA","Car","F",40,"40-49","Drivers"
"T20190010288","1/6/19",17:45:00,"Collision with vehicle","Saturday","Dark Street lights on",2,4,"Not at intersection",3,100,"A",2018,"SEDAN","SUBARU","Car","M",72,"70+","Drivers"
"T20190010288","1/6/19",17:45:00,"Collision with vehicle","Saturday","Dark Street lights on",2,4,"Not at intersection",3,100,"B",2015,"WAGON","VOLKS","Station Wagon","M",47,"40-49","Drivers"
"T20190010290","1/6/19",17:05:00,"Collision with vehicle","Saturday","Day",2,2,"Not at intersection",2,100,"A",2009,"VAN","TOYOTA","Panel Van","M",75,"70+","Drivers"
"T20190010290","1/6/19",17:05:00,"Collision with vehicle","Saturday","Day",2,2,"Not at intersection",2,100,"B",2004,"WAGON","MITSUB","Station Wagon","F",29,"26-29","Drivers"
"T20190010294","31/5/19",14:53:00,"Collision with vehicle","Friday","Day",2,2,"T intersection",3,60,"A",2008,"WAGON","SUZUKI","Station Wagon","F",28,"26-29","Drivers"
"T20190010294","31/5/19",14:53:00,"Collision with vehicle","Friday","Day",2,2,"T intersection",3,60,"B",2016,"SEDAN","TOYOTA","Car","M",33,"30-39","Drivers"
"T20190010298","14/5/19",17:50:00,"Collision with vehicle","Tuesday","Dusk/Dawn",2,2,"T intersection",3,60,"A",2001,"WAGON","HONDA","Station Wagon","F",68,"64-69","Drivers"
"T20190010298","14/5/19",17:50:00,"Collision with vehicle","Tuesday","Dusk/Dawn",2,2,"T intersection",3,60,"B",2004,"UTIL","HOLDEN","Utility","M",34,"30-39","Drivers"
"T20190010299","1/6/19",21:00:00,"Collision with a fixed object","Saturday","Dark No street lights",1,1,"Not at intersection",3,60,"A",2010,"SEDAN","MITSUB","Car","F",18,"17-21","Drivers"
"T20190010300","1/6/19",19:03:00,"Collision with a fixed object","Saturday","Dark No street lights",1,2,"Not at intersection",3,80,"A",2016,"SEDAN","HOLDEN","Car","M",81,"70+","Drivers"
"T20190010305","1/6/19",18:40:00,"Struck animal","Saturday","Dark No street lights",1,1,"Not at intersection",3,80,"A",2017,"S WAG","TOYOTA","Station Wagon","F",36,"30-39","Drivers"
"T20190010308","1/6/19",19:30:00,"Struck Pedestrian","Saturday","Dark Street lights on",1,2,"Not at intersection",1,70,"A",2014,"BUS","SCANIA","Bus/Coach","M",34,"30-39","Drivers"
"T20190010309","1/6/19",23:06:00,"Collision with a fixed object","Saturday","Dark Street lights on",1,1,"Not at intersection",2,60,"A",2008,"SEDAN","FORD","Car","F",64,"60-64","Drivers"
"T20190010312","1/6/19",14:00:00,"Collision with vehicle","Saturday","Day",2,3,"T intersection",2,60,"A",2011,"SEDAN","MERC B","Car","M",45,"40-49","Drivers"
"T20190010312","1/6/19",14:00:00,"Collision with vehicle","Saturday","Day",2,3,"T intersection",2,60,"B",1991,"SEDAN","HONDA","Car","F",64,"60-64","Drivers"
"T20190010313","1/6/19",10:40:00,"Struck Pedestrian","Saturday","Day",1,2,"Cross intersection",3,40,"A",2008,"SEDAN","TOYOTA","Car","F",54,"50-59","Drivers"
"T20190010318","2/6/19",10:00:00,"Collision with vehicle","Sunday","Day",2,3,"Not at intersection",3,100,"A",2017,"WAGON","NISSAN","Station Wagon","M",58,"50-59","Drivers"
"T20190010318","2/6/19",10:00:00,"Collision with vehicle","Sunday","Day",2,3,"Not at intersection",3,100,"B",2008,"WAGON","MAZDA","Station Wagon","F",30,"30-39","Drivers"
"T20190010322","2/6/19",11:15:00,"Collision with vehicle","Sunday","Day",2,4,"T intersection",2,60,"A",2016,"SEDAN","TOYOTA","Car","F",37,"30-39","Drivers"
"T20190010322","2/6/19",11:15:00,"Collision with vehicle","Sunday","Day",2,4,"T intersection",2,60,"B",2016,"WAGON","REN","Station Wagon","F",43,"40-49","Drivers"
"T20190010323","2/6/19",10:00:00,"Collision with vehicle","Sunday","Day",4,2,"Not at intersection",3,60,"C",2016,"SEDAN","FORD","Car","F",42,"40-49","Drivers"
"T20190010323","2/6/19",10:00:00,"Collision with vehicle","Sunday","Day",4,2,"Not at intersection",3,60,"D",1998,"RDSTR","MERC B","Car","M",55,"50-59","Drivers"
"T20190010325","2/6/19",06:40:00,"Struck Pedestrian","Sunday","Dark No street lights",1,2,"T intersection",1,100,"A",2015,"SED","TOYOTA","Car","M",21,"17-21","Drivers"
"T20190010327","2/6/19",13:00:00,"Collision with vehicle","Sunday","Day",2,2,"Not at intersection",3,40,"B",2019,"SEDAN","NISSAN","Car","F",45,"40-49","Drivers"
"T20190010331","1/6/19",20:25:00,"Collision with vehicle","Saturday","Dark Street lights on",3,3,"Cross intersection",3,50,"A",2009,"SEDAN","AUDI","Car","M",30,"30-39","Drivers"
"T20190010331","1/6/19",20:25:00,"Collision with vehicle","Saturday","Dark Street lights on",3,3,"Cross intersection",3,50,"B",2014,"SEDAN","HYNDAI","Car","M",28,"26-29","Drivers"
"T20190010331","1/6/19",20:25:00,"Collision with vehicle","Saturday","Dark Street lights on",3,3,"Cross intersection",3,50,"C",2016,"SEDAN","MAZDA","Car","M",36,"30-39","Drivers"
"T20190010333","2/6/19",10:30:00,"Other accident","Sunday","Day",1,1,"Not at intersection",2,80,"A",2015,"DC UTE","TOYOTA","Utility","M",38,"30-39","Drivers"
"T20190010334","31/5/19",19:26:00,"Collision with vehicle","Friday","Dark Street lights on",3,5,"Not at intersection",3,80,"A",2015,"SEDAN","MAZDA","Car","M",47,"40-49","Drivers"
"T20190010334","31/5/19",19:26:00,"Collision with vehicle","Friday","Dark Street lights on",3,5,"Not at intersection",3,80,"B",2005,"SEDAN","MAZDA","Car","F",25,"22-25","Drivers"
"T20190010334","31/5/19",19:26:00,"Collision with vehicle","Friday","Dark Street lights on",3,5,"Not at intersection",3,80,"C",2003,"SEDAN","TOYOTA","Car","M",20,"17-21","Drivers"
"T20190010336","17/5/19",19:00:00,"Collision with vehicle","Friday","Day",2,2,"T intersection",3,60,"A",2018,"SEDAN","MAZDA","Car","F",26,"26-29","Drivers"
"T20190010336","17/5/19",19:00:00,"Collision with vehicle","Friday","Day",2,2,"T intersection",3,60,"B",2002,"SEDAN","HOLDEN","Car","F",22,"22-25","Drivers"
"T20190010338","1/6/19",18:43:00,"Collision with vehicle","Saturday","Dark Street lights on",2,3,"Cross intersection",3,60,"A",2008,"WAGON","HOLDEN","Station Wagon","F",33,"30-39","Drivers"
"T20190010338","1/6/19",18:43:00,"Collision with vehicle","Saturday","Dark Street lights on",2,3,"Cross intersection",3,60,"B",2007,"SEDAN","MITSUB","Car","F",25,"22-25","Drivers"
"T20190010339","31/5/19",18:40:00,"Collision with vehicle","Friday","Dark Street lights on",2,2,"T intersection",3,50,"A",2010,"WAGON","NISSAN","Station Wagon","F",29,"26-29","Drivers"
"T20190010340","2/6/19",15:22:00,"Struck Pedestrian","Sunday","Day",1,2,"Not at intersection",2,50,"A",2001,"SEDAN","TOYOTA","Car","F",31,"30-39","Drivers"
"T20190010347","2/6/19",16:55:00,"Collision with vehicle","Sunday","Dusk/Dawn",2,4,"Cross intersection",2,60,"A",2015,"SEDAN","TOYOTA","Car","M",27,"26-29","Drivers"
"T20190010347","2/6/19",16:55:00,"Collision with vehicle","Sunday","Dusk/Dawn",2,4,"Cross intersection",2,60,"B",2007,"SEDAN","MAZDA","Car","F",21,"17-21","Drivers"
"T20190010348","2/6/19",17:50:00,"Collision with vehicle","Sunday","Dusk/Dawn",2,2,"Not at intersection",3,80,"A",2007,"SEDAN","TOYOTA","Car","F",63,"60-64","Drivers"
"T20190010348","2/6/19",17:50:00,"Collision with vehicle","Sunday","Dusk/Dawn",2,2,"Not at intersection",3,80,"B",2009,"SEDAN","FORD","Car","M",21,"17-21","Drivers"
"T20190010350","2/6/19",17:00:00,"Collision with vehicle","Sunday","Dark Street lights on",2,2,"Cross intersection",3,60,"B",2000,"WAGON","NISSAN","Station Wagon","M",77,"70+","Drivers"
"T20190010351","2/6/19",17:30:00,"Collision with vehicle","Sunday","Dark Street lights on",2,1,"Cross intersection",3,50,"A",2001,"WAGON","NISSAN","Station Wagon","F",40,"40-49","Drivers"
"T20190010352","2/6/19",18:20:00,"Collision with vehicle","Sunday","Dark Street lights on",2,2,"Cross intersection",2,60,"A",2018,"P MVR","MACK","Prime Mover Only","M",58,"50-59","Drivers"
"T20190010352","2/6/19",18:20:00,"Collision with vehicle","Sunday","Dark Street lights on",2,2,"Cross intersection",2,60,"B",2008,"SED","TOYOTA","Car","F",17,"16-17","Drivers"
"T20190010353","2/6/19",16:15:00,"Collision with a fixed object","Sunday","Day",1,2,"Cross intersection",3,80,"A",2013,"SEDAN","HYNDAI","Car","F",82,"70+","Drivers"
"T20190010354","2/6/19",15:00:00,"Struck Pedestrian","Sunday","Day",2,2,"Not at intersection",2,60,"A",2005,"SEDAN","FORD","Car","M",53,"50-59","Drivers"
"T20190010356","2/6/19",19:40:00,"Collision with vehicle","Sunday","Dark Street lights on",2,2,"Cross intersection",3,80,"A",2013,"SEDAN","TOYOTA","Car","M",28,"26-29","Drivers"
"T20190010356","2/6/19",19:40:00,"Collision with vehicle","Sunday","Dark Street lights on",2,2,"Cross intersection",3,80,"B",2016,"WAGON","FORD","Station Wagon","U",NA,"unknown","Drivers"
"T20190010357","2/6/19",19:35:00,"Collision with a fixed object","Sunday","Dark No street lights",1,1,"Not at intersection",2,80,"A",2006,"SEDAN","AUDI","Car","M",43,"40-49","Drivers"
"T20190010359","2/6/19",17:00:00,"Collision with vehicle","Sunday","Dark No street lights",2,2,"Not at intersection",3,60,"A",2011,"S WAG","NISSAN","Station Wagon","F",34,"30-39","Drivers"
"T20190010359","2/6/19",17:00:00,"Collision with vehicle","Sunday","Dark No street lights",2,2,"Not at intersection",3,60,"B",2017,"S WAG","HOLDEN","Station Wagon","M",25,"22-25","Drivers"
"T20190010362","2/6/19",22:00:00,"Collision with a fixed object","Sunday","Dark No street lights",1,1,"Not at intersection",3,100,"A",2008,"DC UTE","NISSAN","Utility","M",29,"26-29","Drivers"
"T20190010363","17/5/19",08:45:00,"No collision and no object struck","Friday","Day",2,2,"T intersection",3,999,"B",2004,"S WAG","VOLKS","Station Wagon","U",NA,"unknown","Drivers"
"T20190010365","2/6/19",23:45:00,"Collision with vehicle","Sunday","Dark No street lights",2,3,"Not at intersection",2,60,"A",2016,"UTIL","TOYOTA","Utility","M",29,"26-29","Drivers"
"T20190010365","2/6/19",23:45:00,"Collision with vehicle","Sunday","Dark No street lights",2,3,"Not at intersection",2,60,"B",2015,"WAGON","TOYOTA","Station Wagon","M",43,"40-49","Drivers"
"T20190010366","12/4/19",09:30:00,"Collision with a fixed object","Friday","Day",1,1,"Not at intersection",3,999,"A",1991,"UTIL","TOYOTA","Utility","M",19,"17-21","Drivers"
"T20190010371","2/6/19",15:00:00,"Vehicle overturned (no collision)","Sunday","Day",1,2,"T intersection",2,50,"A",2003,"SED","FORD","Car","U",NA,"unknown","Drivers"
"T20190010372","2/6/19",03:19:00,"Collision with vehicle","Sunday","Dark Street lights on",2,2,"Cross intersection",2,80,"A",2010,"SEDAN","HONDA","Car","M",25,"22-25","Drivers"
"T20190010372","2/6/19",03:19:00,"Collision with vehicle","Sunday","Dark Street lights on",2,2,"Cross intersection",2,80,"B",2004,"SEDAN","TOYOTA","Car","F",48,"40-49","Drivers"
"T20190010374","31/5/19",13:13:00,"Collision with vehicle","Friday","Day",2,2,"Cross intersection",3,70,"A",0,"SEDAN","TOYOTA","Car","F",38,"30-39","Drivers"
"T20190010374","31/5/19",13:13:00,"Collision with vehicle","Friday","Day",2,2,"Cross intersection",3,70,"B",2015,"VAN","TOYOTA","Panel Van","M",57,"50-59","Drivers"
"T20190010378","2/6/19",12:42:00,"Collision with vehicle","Sunday","Day",2,3,"Not at intersection",3,60,"A",2017,"WAGON","MERC B","Station Wagon","M",53,"50-59","Drivers"
"T20190010380","3/6/19",08:05:00,"Collision with vehicle","Monday","Day",2,2,"Cross intersection",2,80,"A",2009,"SEDAN","HOLDEN","Car","M",30,"30-39","Drivers"
"T20190010380","3/6/19",08:05:00,"Collision with vehicle","Monday","Day",2,2,"Cross intersection",2,80,"B",2018,"DC UTE","FORD","Utility","M",52,"50-59","Drivers"
"T20190010381","31/5/19",09:30:00,"Collision with vehicle","Friday","Day",2,2,"Cross intersection",3,50,"A",2006,"WAGON","HONDA","Car","F",48,"40-49","Drivers"
"T20190010381","31/5/19",09:30:00,"Collision with vehicle","Friday","Day",2,2,"Cross intersection",3,50,"B",2008,"SEDAN","TOYOTA","Car","F",70,"70+","Drivers"
"T20190010382","2/6/19",00:23:00,"Collision with vehicle","Sunday","Dark Street lights on",2,5,"T intersection",2,60,"A",2015,"SEDAN","HYNDAI","Car","M",37,"30-39","Drivers"
"T20190010382","2/6/19",00:23:00,"Collision with vehicle","Sunday","Dark Street lights on",2,5,"T intersection",2,60,"B",2000,"TOURER","SAAB","Car","M",35,"30-39","Drivers"
"T20190010386","3/6/19",10:30:00,"Collision with vehicle","Monday","Day",2,2,"Cross intersection",3,60,"A",2011,"SEDAN","VOLKS","Car","F",19,"17-21","Drivers"
"T20190010386","3/6/19",10:30:00,"Collision with vehicle","Monday","Day",2,2,"Cross intersection",3,60,"B",2011,"SEDAN","HONDA","Car","F",51,"50-59","Drivers"
"T20190010387","3/6/19",10:59:00,"Collision with vehicle","Monday","Day",2,2,"Cross intersection",3,60,"A",2008,"SEDAN","TOYOTA","Car","F",54,"50-59","Drivers"
"T20190010387","3/6/19",10:59:00,"Collision with vehicle","Monday","Day",2,2,"Cross intersection",3,60,"B",2017,"SEDAN","HONDA","Car","F",50,"50-59","Drivers"
"T20190010388","10/5/19",14:40:00,"Collision with vehicle","Friday","Day",3,3,"Not at intersection",3,40,"A",2018,"S WAG","FORD","Station Wagon","M",39,"30-39","Drivers"
"T20190010388","10/5/19",14:40:00,"Collision with vehicle","Friday","Day",3,3,"Not at intersection",3,40,"B",2008,"WAGON","MITSUB","Station Wagon","M",23,"22-25","Drivers"
"T20190010388","10/5/19",14:40:00,"Collision with vehicle","Friday","Day",3,3,"Not at intersection",3,40,"C",2005,"SEDAN","HONDA","Car","M",78,"70+","Drivers"
"T20190010393","3/6/19",09:10:00,"Collision with vehicle","Monday","Day",2,2,"T intersection",2,60,"A",2003,"SEDAN","TOYOTA","Car","M",35,"30-39","Drivers"
"T20190010393","3/6/19",09:10:00,"Collision with vehicle","Monday","Day",2,2,"T intersection",2,60,"B",2006,"SED","TOYOTA","Car","M",63,"60-64","Drivers"
"T20190010396","3/6/19",08:59:00,"Collision with vehicle","Monday","Day",5,5,"Not at intersection",2,100,"A",2017,"UTIL","MITSUB","Utility","M",48,"40-49","Drivers"
"T20190010396","3/6/19",08:59:00,"Collision with vehicle","Monday","Day",5,5,"Not at intersection",2,100,"B",2009,"UTIL","FORD","Utility","M",27,"26-29","Drivers"
"T20190010396","3/6/19",08:59:00,"Collision with vehicle","Monday","Day",5,5,"Not at intersection",2,100,"C",1999,"SEDAN","MAZDA","Car","F",27,"26-29","Drivers"
"T20190010396","3/6/19",08:59:00,"Collision with vehicle","Monday","Day",5,5,"Not at intersection",2,100,"D",2007,"SEDAN","TOYOTA","Car","F",48,"40-49","Drivers"
"T20190010396","3/6/19",08:59:00,"Collision with vehicle","Monday","Day",5,5,"Not at intersection",2,100,"E",2010,"SEDAN","TOYOTA","Car","F",32,"30-39","Drivers"
"T20190010397","3/6/19",08:31:00,"Collision with vehicle","Monday","Day",4,4,"Not at intersection",2,60,"A",2006,"SEDAN","VOLKS","Car","F",40,"40-49","Drivers"
"T20190010397","3/6/19",08:31:00,"Collision with vehicle","Monday","Day",4,4,"Not at intersection",2,60,"B",2008,"SEDAN","B M W","Car","F",24,"22-25","Drivers"
"T20190010397","3/6/19",08:31:00,"Collision with vehicle","Monday","Day",4,4,"Not at intersection",2,60,"C",2019,"SEDAN","HYNDAI","Car","F",69,"64-69","Drivers"
"T20190010397","3/6/19",08:31:00,"Collision with vehicle","Monday","Day",4,4,"Not at intersection",2,60,"D",2016,"SEDAN","MAZDA","Car","F",60,"60-64","Drivers"
"T20190010400","3/6/19",11:30:00,"Collision with a fixed object","Monday","Day",1,3,"Not at intersection",3,999,"A",2008,"SEDAN","TOYOTA","Car","M",35,"30-39","Drivers"
"T20190010401","3/6/19",11:00:00,"Collision with vehicle","Monday","Day",2,4,"T intersection",3,70,"A",1994,"UTIL","TOYOTA","Utility","M",63,"60-64","Drivers"
"T20190010401","3/6/19",11:00:00,"Collision with vehicle","Monday","Day",2,4,"T intersection",3,70,"B",2007,"SEDAN","TOYOTA","Car","F",28,"26-29","Drivers"
"T20190010405","3/6/19",11:00:00,"Collision with vehicle","Monday","Day",2,2,"T intersection",3,60,"A",2015,"SEDAN","TOYOTA","Taxi","M",65,"64-69","Drivers"
"T20190010408","3/6/19",16:55:00,"Struck Pedestrian","Monday","Dusk/Dawn",1,2,"Not at intersection",2,50,"A",2003,"SEDAN","HOLDEN","Car","F",68,"64-69","Drivers"
"T20190010412","31/5/19",17:45:00,"Struck animal","Friday","Dark No street lights",1,1,"T intersection",3,60,"A",2015,"WAGON","HYNDAI","Station Wagon","F",35,"30-39","Drivers"
"T20190010413","3/6/19",18:34:00,"Collision with vehicle","Monday","Dark Street lights on",2,2,"T intersection",3,60,"A",2013,"WAGON","MITSUB","Station Wagon","F",29,"26-29","Drivers"
"T20190010413","3/6/19",18:34:00,"Collision with vehicle","Monday","Dark Street lights on",2,2,"T intersection",3,60,"B",2003,"UTIL","FORD","Utility","M",23,"22-25","Drivers"
"T20190010414","3/6/19",18:23:00,"Struck Pedestrian","Monday","Dark Street lights on",1,2,"Not at intersection",3,80,"A",2014,"WAGON","JEEP","Car","M",45,"40-49","Drivers"
"T20190010415","3/6/19",16:41:00,"Collision with vehicle","Monday","Dusk/Dawn",2,2,"Not at intersection",2,60,"A",2003,"UTIL","FORD","Utility","M",18,"17-21","Drivers"
"T20190010415","3/6/19",16:41:00,"Collision with vehicle","Monday","Dusk/Dawn",2,2,"Not at intersection",2,60,"B",2008,"SEDAN","NISSAN","Car","F",35,"30-39","Drivers"
"T20190010416","3/6/19",18:27:00,"Collision with vehicle","Monday","Dark Street lights on",4,4,"T intersection",3,60,"B",2009,"SEDAN","SUBARU","Car","F",25,"22-25","Drivers"
"T20190010416","3/6/19",18:27:00,"Collision with vehicle","Monday","Dark Street lights on",4,4,"T intersection",3,60,"C",2014,"SEDAN","TOYOTA","Car","M",47,"40-49","Drivers"
"T20190010416","3/6/19",18:27:00,"Collision with vehicle","Monday","Dark Street lights on",4,4,"T intersection",3,60,"D",2013,"SEDAN","HYNDAI","Car","M",33,"30-39","Drivers"
"T20190010417","29/5/19",17:57:00,"Collision with vehicle","Wednesday","Dark Street lights on",2,2,"T intersection",3,70,"A",2009,"COUPE","B M W","Car","M",25,"22-25","Drivers"
"T20190010417","29/5/19",17:57:00,"Collision with vehicle","Wednesday","Dark Street lights on",2,2,"T intersection",3,70,"B",2011,"SEDAN","TOYOTA","Car","M",73,"70+","Drivers"
"T20190010421","3/6/19",17:28:00,"Collision with vehicle","Monday","Dusk/Dawn",2,3,"Cross intersection",3,70,"A",2015,"SEDAN","VOLKS","Car","M",55,"50-59","Drivers"
"T20190010422","3/6/19",20:00:00,"Collision with vehicle","Monday","Dark Street lights on",5,6,"T intersection",3,80,"A",2004,"S WAG","NISSAN","Station Wagon","F",47,"40-49","Drivers"
"T20190010422","3/6/19",20:00:00,"Collision with vehicle","Monday","Dark Street lights on",5,6,"T intersection",3,80,"B",2005,"UTIL","HOLDEN","Utility","M",47,"40-49","Drivers"
"T20190010422","3/6/19",20:00:00,"Collision with vehicle","Monday","Dark Street lights on",5,6,"T intersection",3,80,"C",2016,"SEDAN","HONDA","Car","M",36,"30-39","Drivers"
"T20190010422","3/6/19",20:00:00,"Collision with vehicle","Monday","Dark Street lights on",5,6,"T intersection",3,80,"D",2001,"SEDAN","HONDA","Car","M",33,"30-39","Drivers"
"T20190010422","3/6/19",20:00:00,"Collision with vehicle","Monday","Dark Street lights on",5,6,"T intersection",3,80,"E",2002,"S WAG","TOYOTA","Station Wagon","M",48,"40-49","Drivers"
"T20190010424","3/6/19",17:30:00,"Collision with vehicle","Monday","Dusk/Dawn",3,3,"Not at intersection",3,60,"A",2015,"UTIL","HOLDEN","Utility","M",20,"17-21","Drivers"
"T20190010424","3/6/19",17:30:00,"Collision with vehicle","Monday","Dusk/Dawn",3,3,"Not at intersection",3,60,"B",2007,"SEDAN","HOLDEN","Car","F",19,"17-21","Drivers"
"T20190010424","3/6/19",17:30:00,"Collision with vehicle","Monday","Dusk/Dawn",3,3,"Not at intersection",3,60,"C",2009,"WAGON","B M W","Station Wagon","M",34,"30-39","Drivers"
"T20190010426","3/6/19",17:20:00,"Struck Pedestrian","Monday","Dusk/Dawn",1,2,"Cross intersection",3,999,"A",2018,"SEDAN","TOYOTA","Car","F",58,"50-59","Drivers"
"T20190010427","3/6/19",20:30:00,"Collision with vehicle","Monday","Dark Street lights on",2,6,"Cross intersection",2,70,"A",2006,"SEDAN","MITSUB","Car","M",24,"22-25","Drivers"
"T20190010427","3/6/19",20:30:00,"Collision with vehicle","Monday","Dark Street lights on",2,6,"Cross intersection",2,70,"B",2010,"SEDAN","TOYOTA","Car","F",27,"26-29","Drivers"
"T20190010429","3/6/19",20:58:00,"Collision with a fixed object","Monday","Dark No street lights",1,1,"Not at intersection",3,80,"A",2011,"SEDAN","HOLDEN","Car","M",26,"26-29","Drivers"
"T20190010431","3/6/19",16:00:00,"Collision with a fixed object","Monday","Day",1,2,"Not at intersection",2,100,"A",2001,"SEDAN","FORD","Car","M",18,"17-21","Drivers"
"T20190010432","3/6/19",06:07:00,"Collision with vehicle","Monday","Dark Street lights on",2,2,"Cross intersection",2,60,"A",0,"SEDAN","FORD","Car","M",25,"22-25","Drivers"
"T20190010432","3/6/19",06:07:00,"Collision with vehicle","Monday","Dark Street lights on",2,2,"Cross intersection",2,60,"B",2000,"WAGON","HONDA","Station Wagon","M",44,"40-49","Drivers"
"T20190010433","3/6/19",14:30:00,"Collision with vehicle","Monday","Day",2,2,"Cross intersection",3,999,"A",2015,"DC UTE","NISSAN","Utility","M",57,"50-59","Drivers"
"T20190010433","3/6/19",14:30:00,"Collision with vehicle","Monday","Day",2,2,"Cross intersection",3,999,"B",2005,"SEDAN","TOYOTA","Car","M",19,"17-21","Drivers"
"T20190010436","3/6/19",23:58:00,"Collision with a fixed object","Monday","Dark Street lights unknown",1,1,"Not at intersection",2,60,"A",2000,"SEDAN","TOYOTA","Car","M",40,"40-49","Drivers"
"T20190010438","4/6/19",01:58:00,"Vehicle overturned (no collision)","Tuesday","Dark No street lights",1,1,"Not at intersection",3,100,"A",1986,"S WAG","TOYOTA","Station Wagon","M",65,"64-69","Drivers"
"T20190010440","3/6/19",23:38:00,"Collision with a fixed object","Monday","Dark No street lights",1,1,"Not at intersection",2,60,"A",2006,"WAGON","TOYOTA","Station Wagon","M",34,"30-39","Drivers"
"T20190010443","2/6/19",01:15:00,"Collision with vehicle","Sunday","Dark Street lights on",3,1,"Not at intersection",3,50,"A",2008,"WAGON","VOLKS","Station Wagon","M",40,"40-49","Drivers"
"T20190010446","4/6/19",06:40:00,"Struck Pedestrian","Tuesday","Dark Street lights on",1,2,"T intersection",2,60,"A",2009,"VAN","HYNDAI","Light Commercial Vehicle (Rigid) <= 4.5 Tonnes GVM","M",52,"50-59","Drivers"
"T20190010448","4/6/19",06:15:00,"collision with some other object","Tuesday","Dark No street lights",1,2,"Not at intersection",3,100,"A",2004,"SEDAN","FORD","Car","M",35,"30-39","Drivers"
"T20190010450","4/6/19",07:00:00,"Collision with vehicle","Tuesday","Dusk/Dawn",3,3,"T intersection",3,999,"A",2013,"DC UTE","NISSAN","Utility","M",50,"50-59","Drivers"
"T20190010450","4/6/19",07:00:00,"Collision with vehicle","Tuesday","Dusk/Dawn",3,3,"T intersection",3,999,"B",2018,"WAGON","KIA","Station Wagon","M",44,"40-49","Drivers"
"T20190010450","4/6/19",07:00:00,"Collision with vehicle","Tuesday","Dusk/Dawn",3,3,"T intersection",3,999,"C",2011,"WAGON","HOLDEN","Station Wagon","F",57,"50-59","Drivers"
"T20190010452","4/6/19",09:32:00,"Collision with vehicle","Tuesday","Day",2,3,"T intersection",2,80,"A",2009,"SEDAN","HONDA","Car","F",39,"30-39","Drivers"
"T20190010452","4/6/19",09:32:00,"Collision with vehicle","Tuesday","Day",2,3,"T intersection",2,80,"B",2008,"WAGON","KIA","Station Wagon","F",46,"40-49","Drivers"
"T20190010463","4/6/19",09:05:00,"Collision with vehicle","Tuesday","Day",3,3,"Not at intersection",3,100,"A",2015,"SEDAN","FORD","Car","F",26,"26-29","Drivers"
"T20190010463","4/6/19",09:05:00,"Collision with vehicle","Tuesday","Day",3,3,"Not at intersection",3,100,"B",2001,"TIPPER","MERC B","Heavy Vehicle (Rigid) > 4.5 Tonnes","M",57,"50-59","Drivers"
"T20190010463","4/6/19",09:05:00,"Collision with vehicle","Tuesday","Day",3,3,"Not at intersection",3,100,"C",2005,"VAN","TOYOTA","Panel Van","M",50,"50-59","Drivers"
"T20190010464","4/6/19",09:30:00,"Collision with vehicle","Tuesday","Day",2,2,"Not at intersection",2,50,"A",2010,"SEDAN","KIA","Taxi","U",NA,"unknown","Drivers"
"T20190010466","29/5/19",09:45:00,"Collision with vehicle","Wednesday","Day",2,3,"Cross intersection",3,100,"A",2017,"SEDAN","AUDI","Car","M",17,"16-17","Drivers"
"T20190010466","29/5/19",09:45:00,"Collision with vehicle","Wednesday","Day",2,3,"Cross intersection",3,100,"B",2012,"SEDAN","VOLKS","Car","M",51,"50-59","Drivers"
"T20190010469","4/6/19",08:00:00,"Collision with vehicle","Tuesday","Day",2,2,"Cross intersection",3,60,"A",2011,"SEDAN","NISSAN","Car","F",40,"40-49","Drivers"
"T20190010469","4/6/19",08:00:00,"Collision with vehicle","Tuesday","Day",2,2,"Cross intersection",3,60,"B",2014,"SEDAN","FORD","Car","M",39,"30-39","Drivers"
"T20190010475","4/6/19",16:25:00,"Collision with vehicle","Tuesday","Day",2,2,"Multiple intersection",2,60,"A",2004,"SED","FORD","Car","M",34,"30-39","Drivers"
"T20190010476","4/6/19",16:30:00,"Struck Pedestrian","Tuesday","Day",1,2,"Not at intersection",3,50,"A",2017,"WAGON","TOYOTA","Car","F",30,"30-39","Drivers"
"T20190010480","27/5/19",15:15:00,"Collision with vehicle","Monday","Unknown",2,2,"Not at intersection",3,60,"B",0,"SED","TOYOTA","Car","F",60,"60-64","Drivers"