"ACCIDENT_NO","ACCIDENTDATE","ACCIDENTTIME","Accident Type Desc","Day Week Description","Light Condition Desc","NO_OF_VEHICLES","NO_PERSONS","Road Geometry Desc","SEVERITY","SPEED_ZONE","VEHICLE_ID","VEHICLE_YEAR_MANUF","VEHICLE_BODY_STYLE","VEHICLE_MAKE","Vehicle Type Desc","SEX","AGE","Age Group","Road User Type Desc"
"T20190010481","4/6/19",15:15:00,"Collision with vehicle","Tuesday","Day",4,9,"Not at intersection",2,100,"B",2003,"SEDAN","TOYOTA","Car","F",24,"22-25","Drivers"
"T20190010481","4/6/19",15:15:00,"Collision with vehicle","Tuesday","Day",4,9,"Not at intersection",2,100,"C",2002,"SEDAN","FORD","Car","F",24,"22-25","Drivers"
"T20190010481","4/6/19",15:15:00,"Collision with vehicle","Tuesday","Day",4,9,"Not at intersection",2,100,"D",2003,"SEDAN","TOYOTA","Car","U",23,"22-25","Drivers"
"T20190010483","4/6/19",16:30:00,"Collision with vehicle","Tuesday","Dusk/Dawn",3,4,"Not at intersection",3,40,"A",2003,"VAN","HINO","Light Commercial Vehicle (Rigid) <= 4.5 Tonnes GVM","M",52,"50-59","Drivers"
"T20190010483","4/6/19",16:30:00,"Collision with vehicle","Tuesday","Dusk/Dawn",3,4,"Not at intersection",3,40,"B",2016,"WAGON","B M W","Station Wagon","F",47,"40-49","Drivers"
"T20190010483","4/6/19",16:30:00,"Collision with vehicle","Tuesday","Dusk/Dawn",3,4,"Not at intersection",3,40,"C",2007,"WAGON","HONDA","Station Wagon","F",40,"40-49","Drivers"
"T20190010486","4/6/19",18:00:00,"Collision with vehicle","Tuesday","Dark Street lights on",2,2,"Not at intersection",3,100,"A",2010,"SEDAN","HYNDAI","Car","M",52,"50-59","Drivers"
"T20190010486","4/6/19",18:00:00,"Collision with vehicle","Tuesday","Dark Street lights on",2,2,"Not at intersection",3,100,"B",2001,"WAGON","MITSUB","Station Wagon","M",47,"40-49","Drivers"
"T20190010488","4/6/19",08:25:00,"Collision with vehicle","Tuesday","Day",2,5,"T intersection",3,80,"A",2019,"SEDAN","TOYOTA","Car","M",33,"30-39","Drivers"
"T20190010488","4/6/19",08:25:00,"Collision with vehicle","Tuesday","Day",2,5,"T intersection",3,80,"B",2011,"TRAY","HOLDEN","Utility","M",43,"40-49","Drivers"
"T20190010489","4/6/19",18:00:00,"Struck Pedestrian","Tuesday","Dark Street lights on",1,2,"Cross intersection",2,50,"A",2008,"SEDAN","FORD","Car","M",77,"70+","Drivers"
"T20190010490","4/6/19",15:30:00,"Collision with vehicle","Tuesday","Day",2,3,"Not at intersection",3,60,"A",2006,"UTIL","FORD","Utility","M",28,"26-29","Drivers"
"T20190010490","4/6/19",15:30:00,"Collision with vehicle","Tuesday","Day",2,3,"Not at intersection",3,60,"B",2006,"BUS","MERC B","Bus/Coach","M",54,"50-59","Drivers"
"T20190010496","4/6/19",17:32:00,"Collision with vehicle","Tuesday","Dusk/Dawn",2,2,"T intersection",2,60,"A",2005,"WAGON","SUBARU","Station Wagon","M",25,"22-25","Drivers"
"T20190010496","4/6/19",17:32:00,"Collision with vehicle","Tuesday","Dusk/Dawn",2,2,"T intersection",2,60,"B",2016,"SEDAN","TOYOTA","Car","F",54,"50-59","Drivers"
"T20190010497","4/6/19",15:35:00,"Collision with vehicle","Tuesday","Day",2,5,"T intersection",3,70,"A",2017,"WAGON","KIA","Station Wagon","M",39,"30-39","Drivers"
"T20190010497","4/6/19",15:35:00,"Collision with vehicle","Tuesday","Day",2,5,"T intersection",3,70,"B",2010,"WAGON","NISSAN","Station Wagon","M",51,"50-59","Drivers"
"T20190010498","4/6/19",21:00:00,"Collision with a fixed object","Tuesday","Dark Street lights on",1,2,"Not at intersection",3,60,"A",2007,"S WAG","FORD","Station Wagon","M",23,"22-25","Drivers"
"T20190010499","4/6/19",19:25:00,"Collision with vehicle","Tuesday","Dark Street lights off",2,2,"Not at intersection",3,60,"A",2011,"TRAY","TOYOTA","Utility","M",18,"17-21","Drivers"
"T20190010499","4/6/19",19:25:00,"Collision with vehicle","Tuesday","Dark Street lights off",2,2,"Not at intersection",3,60,"B",2015,"SEDAN","REN","Car","F",24,"22-25","Drivers"
"T20190010501","4/6/19",18:04:00,"Collision with vehicle","Tuesday","Dark Street lights on",3,3,"Not at intersection",2,60,"A",2016,"SEDAN","FORD","Car","F",20,"17-21","Drivers"
"T20190010501","4/6/19",18:04:00,"Collision with vehicle","Tuesday","Dark Street lights on",3,3,"Not at intersection",2,60,"B",2002,"SEDAN","FORD","Car","F",37,"30-39","Drivers"
"T20190010501","4/6/19",18:04:00,"Collision with vehicle","Tuesday","Dark Street lights on",3,3,"Not at intersection",2,60,"C",2006,"COUPE","TOYOTA","Car","F",21,"17-21","Drivers"
"T20190010502","4/6/19",20:43:00,"Collision with vehicle","Tuesday","Dark Street lights on",2,2,"T intersection",3,80,"A",2012,"SEDAN","TOYOTA","Taxi","M",31,"30-39","Drivers"
"T20190010502","4/6/19",20:43:00,"Collision with vehicle","Tuesday","Dark Street lights on",2,2,"T intersection",3,80,"B",2009,"WAGON","MERC B","Station Wagon","M",38,"30-39","Drivers"
"T20190010503","5/6/19",00:50:00,"Collision with a fixed object","Wednesday","Dark Street lights on",1,1,"Not at intersection",3,100,"A",2013,"WAGON","TOYOTA","Station Wagon","M",33,"30-39","Drivers"
"T20190010505","5/6/19",00:10:00,"Collision with a fixed object","Wednesday","Dark Street lights on",1,1,"Not at intersection",2,60,"A",1994,"VAN","FORD","Panel Van","M",62,"60-64","Drivers"
"T20190010509","5/6/19",06:45:00,"Collision with vehicle","Wednesday","Dark Street lights on",3,3,"Not at intersection",2,100,"A",2011,"S WAG","HOLDEN","Station Wagon","M",34,"30-39","Drivers"
"T20190010509","5/6/19",06:45:00,"Collision with vehicle","Wednesday","Dark Street lights on",3,3,"Not at intersection",2,100,"B",2016,"SEDAN","TOYOTA","Car","F",29,"26-29","Drivers"
"T20190010509","5/6/19",06:45:00,"Collision with vehicle","Wednesday","Dark Street lights on",3,3,"Not at intersection",2,100,"C",2017,"VAN","TOYOTA","Panel Van","M",26,"26-29","Drivers"
"T20190010513","4/6/19",15:30:00,"Collision with a fixed object","Tuesday","Day",1,2,"Not at intersection",2,100,"A",2013,"SEDAN","TOYOTA","Car","M",68,"64-69","Drivers"
"T20190010520","5/6/19",09:37:00,"Collision with vehicle","Wednesday","Day",3,5,"Cross intersection",3,50,"A",2007,"S WAG","KIA","Car","M",68,"64-69","Drivers"
"T20190010520","5/6/19",09:37:00,"Collision with vehicle","Wednesday","Day",3,5,"Cross intersection",3,50,"B",2008,"SEDAN","VOLKS","Car","F",58,"50-59","Drivers"
"T20190010520","5/6/19",09:37:00,"Collision with vehicle","Wednesday","Day",3,5,"Cross intersection",3,50,"C",1999,"SEDAN","HYNDAI","Car","F",37,"30-39","Drivers"
"T20190010523","5/6/19",12:00:00,"Struck Pedestrian","Wednesday","Day",1,2,"T intersection",3,50,"A",2016,"DC UTE","FORD","Utility","M",32,"30-39","Drivers"
"T20190010526","5/6/19",08:45:00,"Collision with vehicle","Wednesday","Day",4,4,"Not at intersection",3,100,"A",2002,"P MVR","KENWTH","Prime Mover Only","M",59,"50-59","Drivers"
"T20190010526","5/6/19",08:45:00,"Collision with vehicle","Wednesday","Day",4,4,"Not at intersection",3,100,"B",2017,"COUPE","AUDI","Car","M",50,"50-59","Drivers"
"T20190010526","5/6/19",08:45:00,"Collision with vehicle","Wednesday","Day",4,4,"Not at intersection",3,100,"C",2014,"VAN","MITSUB","Heavy Vehicle (Rigid) > 4.5 Tonnes","M",51,"50-59","Drivers"
"T20190010526","5/6/19",08:45:00,"Collision with vehicle","Wednesday","Day",4,4,"Not at intersection",3,100,"D",2012,"P MVR","KENWOR","Prime Mover Only","M",28,"26-29","Drivers"
"T20190010530","5/6/19",08:27:00,"Collision with vehicle","Wednesday","Day",2,3,"Unknown",3,80,"A",2000,"COUPE","NISSAN","Car","M",20,"17-21","Drivers"
"T20190010530","5/6/19",08:27:00,"Collision with vehicle","Wednesday","Day",2,3,"Unknown",3,80,"B",2008,"WAGON","HYNDAI","Station Wagon","M",36,"30-39","Drivers"
"T20190010532","4/6/19",21:30:00,"Struck Pedestrian","Tuesday","Dark Street lights on",1,2,"Cross intersection",3,999,"A",2016,"SEDAN","TOYOTA","Car","F",63,"60-64","Drivers"
"T20190010533","5/6/19",07:15:00,"Collision with a fixed object","Wednesday","Day",1,1,"T intersection",2,40,"A",2000,"SEDAN","HYNDAI","Car","F",36,"30-39","Drivers"
"T20190010535","5/6/19",13:30:00,"Collision with vehicle","Wednesday","Day",2,4,"Not at intersection",2,60,"A",2011,"SEDAN","HYNDAI","Car","M",88,"70+","Drivers"
"T20190010535","5/6/19",13:30:00,"Collision with vehicle","Wednesday","Day",2,4,"Not at intersection",2,60,"B",2014,"SEDAN","NISSAN","Car","F",22,"22-25","Drivers"
"T20190010536","5/6/19",11:05:00,"Collision with vehicle","Wednesday","Day",2,3,"T intersection",2,60,"A",2005,"SEDAN","MITSUB","Car","M",30,"30-39","Drivers"
"T20190010536","5/6/19",11:05:00,"Collision with vehicle","Wednesday","Day",2,3,"T intersection",2,60,"B",2014,"VAN","MITSUB","Light Commercial Vehicle (Rigid) <= 4.5 Tonnes GVM","M",42,"40-49","Drivers"
"T20190010539","2/6/19",14:55:00,"Collision with a fixed object","Sunday","Day",1,1,"Not at intersection",3,100,"A",2002,"UTIL","HOLDEN","Utility","F",66,"64-69","Drivers"
"T20190010541","5/6/19",14:15:00,"Collision with a fixed object","Wednesday","Day",2,2,"Multiple intersection",2,60,"A",1999,"S WAG","HOLDEN","Station Wagon","M",39,"30-39","Drivers"
"T20190010542","3/6/19",11:19:00,"Collision with vehicle","Monday","Day",2,2,"Not at intersection",3,100,"A",2009,"P MVR","W STAR","Prime Mover - Single Trailer","M",33,"30-39","Drivers"
"T20190010542","3/6/19",11:19:00,"Collision with vehicle","Monday","Day",2,2,"Not at intersection",3,100,"B",2004,"G UNIT","HINO","Heavy Vehicle (Rigid) > 4.5 Tonnes","M",30,"30-39","Drivers"
"T20190010543","5/6/19",14:30:00,"Struck Pedestrian","Wednesday","Day",1,2,"T intersection",3,40,"A",2012,"SEDAN","HOLDEN","Taxi","M",24,"22-25","Drivers"
"T20190010550","3/6/19",18:20:00,"Collision with vehicle","Monday","Dark Street lights on",2,2,"Cross intersection",3,60,"A",2015,"SEDAN","MAZDA","Car","F",48,"40-49","Drivers"
"T20190010550","3/6/19",18:20:00,"Collision with vehicle","Monday","Dark Street lights on",2,2,"Cross intersection",3,60,"B",2008,"SEDAN","TOYOTA","Car","M",79,"70+","Drivers"
"T20190010551","5/6/19",15:50:00,"Collision with vehicle","Wednesday","Day",2,2,"Not at intersection",3,50,"A",1998,"SEDAN","HOLDEN","Car","M",24,"22-25","Drivers"
"T20190010552","5/6/19",16:55:00,"Struck Pedestrian","Wednesday","Dusk/Dawn",1,2,"T intersection",2,50,"A",2013,"SEDAN","MITSUB","Car","F",47,"40-49","Drivers"
"T20190010558","5/6/19",17:37:00,"Collision with vehicle","Wednesday","Dark Street lights on",2,3,"Cross intersection",3,60,"A",2004,"UTIL","TOYOTA","Utility","M",24,"22-25","Drivers"
"T20190010558","5/6/19",17:37:00,"Collision with vehicle","Wednesday","Dark Street lights on",2,3,"Cross intersection",3,60,"B",2003,"TRAY","FORD","Light Commercial Vehicle (Rigid) <= 4.5 Tonnes GVM","M",23,"22-25","Drivers"
"T20190010562","5/6/19",18:35:00,"Collision with a fixed object","Wednesday","Dark No street lights",1,1,"Not at intersection",2,100,"A",2010,"WAGON","JEEP","Station Wagon","M",19,"17-21","Drivers"
"T20190010564","31/5/19",07:30:00,"Collision with vehicle","Friday","Dusk/Dawn",2,2,"T intersection",3,60,"A",2008,"SEDAN","MAZDA","Car","F",34,"30-39","Drivers"
"T20190010564","31/5/19",07:30:00,"Collision with vehicle","Friday","Dusk/Dawn",2,2,"T intersection",3,60,"B",2018,"SEDAN","KIA","Car","F",25,"22-25","Drivers"
"T20190010569","5/6/19",19:50:00,"Collision with vehicle","Wednesday","Dark Street lights on",2,2,"Cross intersection",3,999,"A",2007,"SEDAN","FORD","Car","M",35,"30-39","Drivers"
"T20190010569","5/6/19",19:50:00,"Collision with vehicle","Wednesday","Dark Street lights on",2,2,"Cross intersection",3,999,"B",2017,"DC UTE","TOYOTA","Utility","M",32,"30-39","Drivers"
"T20190010572","5/6/19",21:00:00,"Collision with vehicle","Wednesday","Dark Street lights on",2,2,"T intersection",3,60,"A",2007,"VAN","NISSAN","Heavy Vehicle (Rigid) > 4.5 Tonnes","M",44,"40-49","Drivers"
"T20190010572","5/6/19",21:00:00,"Collision with vehicle","Wednesday","Dark Street lights on",2,2,"T intersection",3,60,"B",2016,"P MVR","VOLVO","Prime Mover - Single Trailer","M",42,"40-49","Drivers"
"T20190010575","5/6/19",21:50:00,"Collision with vehicle","Wednesday","Dark Street lights on",4,1,"Not at intersection",3,50,"A",2006,"SED","FORD","Car","F",26,"26-29","Drivers"
"T20190010577","5/6/19",00:57:00,"Collision with a fixed object","Wednesday","Dark No street lights",1,1,"Not at intersection",3,110,"A",2003,"SEDAN","HOLDEN","Car","F",21,"17-21","Drivers"
"T20190010584","6/6/19",05:15:00,"Collision with vehicle","Thursday","Dark Street lights on",2,2,"Cross intersection",2,80,"A",2007,"UTIL","NISSAN","Utility","M",42,"40-49","Drivers"
"T20190010584","6/6/19",05:15:00,"Collision with vehicle","Thursday","Dark Street lights on",2,2,"Cross intersection",2,80,"B",2011,"SEDAN","SUZUKI","Car","M",30,"30-39","Drivers"
"T20190010585","27/1/19",10:44:00,"Collision with vehicle","Sunday","Day",2,2,"Not at intersection",3,100,"A",2018,"DC UTE","TOYOTA","Utility","M",41,"40-49","Drivers"
"T20190010585","27/1/19",10:44:00,"Collision with vehicle","Sunday","Day",2,2,"Not at intersection",3,100,"B",2005,"WAGON","FORD","Station Wagon","F",51,"50-59","Drivers"
"T20190010590","6/6/19",08:20:00,"Collision with vehicle","Thursday","Day",2,2,"Cross intersection",3,60,"A",2008,"SEDAN","HOLDEN","Car","M",69,"64-69","Drivers"
"T20190010590","6/6/19",08:20:00,"Collision with vehicle","Thursday","Day",2,2,"Cross intersection",3,60,"B",2014,"SEDAN","NISSAN","Car","F",20,"17-21","Drivers"
"T20190010591","6/6/19",09:40:00,"Collision with vehicle","Thursday","Day",2,2,"Not at intersection",3,60,"A",2007,"SEDAN","HOLDEN","Car","F",53,"50-59","Drivers"
"T20190010591","6/6/19",09:40:00,"Collision with vehicle","Thursday","Day",2,2,"Not at intersection",3,60,"B",2012,"WAGON","FORD","Station Wagon","F",47,"40-49","Drivers"
"T20190010595","6/6/19",10:08:00,"Collision with vehicle","Thursday","Day",2,2,"T intersection",2,60,"B",1995,"SEDAN","FORD","Car","F",77,"70+","Drivers"
"T20190010595","6/6/19",10:08:00,"Collision with vehicle","Thursday","Day",2,2,"T intersection",2,60,"C",2005,"SEDAN","FORD","Car","M",54,"50-59","Drivers"
"T20190010596","6/6/19",09:20:00,"Collision with vehicle","Thursday","Day",2,2,"Not at intersection",3,40,"B",2014,"SEDAN","TOYOTA","Car","F",36,"30-39","Drivers"
"T20190010597","2/5/19",15:00:00,"Collision with vehicle","Thursday","Day",3,3,"Not at intersection",3,60,"A",2018,"SEDAN","HOLDEN","Car","M",21,"17-21","Drivers"
"T20190010597","2/5/19",15:00:00,"Collision with vehicle","Thursday","Day",3,3,"Not at intersection",3,60,"B",2006,"SEDAN","HYNDAI","Car","M",24,"22-25","Drivers"
"T20190010597","2/5/19",15:00:00,"Collision with vehicle","Thursday","Day",3,3,"Not at intersection",3,60,"C",2016,"SEDAN","HOLDEN","Car","M",21,"17-21","Drivers"
"T20190010598","6/6/19",10:13:00,"Collision with a fixed object","Thursday","Day",1,1,"Not at intersection",3,999,"A",2008,"SEDAN","HYNDAI","Car","M",36,"30-39","Drivers"
"T20190010601","6/6/19",09:50:00,"Collision with vehicle","Thursday","Day",3,3,"Not at intersection",2,80,"A",2013,"SEDAN","TOYOTA","Car","M",67,"64-69","Drivers"
"T20190010601","6/6/19",09:50:00,"Collision with vehicle","Thursday","Day",3,3,"Not at intersection",2,80,"B",2005,"CONVRT","MITSUB","Prime Mover - Single Trailer","M",68,"64-69","Drivers"
"T20190010601","6/6/19",09:50:00,"Collision with vehicle","Thursday","Day",3,3,"Not at intersection",2,80,"C",2009,"P MVR","KENWTH","Prime Mover - Single Trailer","M",58,"50-59","Drivers"
"T20190010602","6/6/19",09:27:00,"Collision with vehicle","Thursday","Day",2,2,"T intersection",3,60,"B",2006,"SEDAN","HONDA","Car","F",44,"40-49","Drivers"
"T20190010607","6/6/19",12:25:00,"Collision with vehicle","Thursday","Day",2,2,"T intersection",3,60,"A",2007,"DC UTE","CHEV","Utility","M",83,"70+","Drivers"
"T20190010607","6/6/19",12:25:00,"Collision with vehicle","Thursday","Day",2,2,"T intersection",3,60,"B",2012,"SEDAN","TOYOTA","Car","F",55,"50-59","Drivers"
"T20190010608","6/6/19",13:57:00,"Struck Pedestrian","Thursday","Day",1,2,"Cross intersection",2,40,"A",1995,"S WAG","MITSUB","Station Wagon","M",40,"40-49","Drivers"
"T20190010609","6/6/19",14:45:00,"Collision with a fixed object","Thursday","Day",1,1,"Not at intersection",2,100,"A",2005,"SEDAN","MITSUB","Car","F",21,"17-21","Drivers"
"T20190010610","18/5/19",21:30:00,"Struck Pedestrian","Saturday","Dark Street lights on",1,2,"Not at intersection",3,888,"A",2002,"SEDAN","FORD","Car","F",37,"30-39","Drivers"
"T20190010611","29/5/19",10:15:00,"Vehicle overturned (no collision)","Wednesday","Day",2,2,"Not at intersection",3,60,"B",0,"TIPPER","UNKN","Heavy Vehicle (Rigid) > 4.5 Tonnes","U",NA,"unknown","Drivers"
"T20190010614","6/6/19",16:17:00,"Collision with vehicle","Thursday","Day",2,2,"Cross intersection",3,60,"A",2018,"TRAY","FORD","Light Commercial Vehicle (Rigid) <= 4.5 Tonnes GVM","M",49,"40-49","Drivers"
"T20190010614","6/6/19",16:17:00,"Collision with vehicle","Thursday","Day",2,2,"Cross intersection",3,60,"B",2018,"WAGON","MAZDA","Car","F",65,"64-69","Drivers"
"T20190010615","19/4/19",10:30:00,"Collision with vehicle","Friday","Day",2,3,"Cross intersection",3,50,"A",2013,"VAN","TOYOTA","Panel Van","M",59,"50-59","Drivers"
"T20190010615","19/4/19",10:30:00,"Collision with vehicle","Friday","Day",2,3,"Cross intersection",3,50,"B",2009,"UTIL","FORD","Utility","M",23,"22-25","Drivers"
"T20190010617","6/6/19",14:15:00,"Collision with vehicle","Thursday","Day",2,1,"Not at intersection",2,50,"A",2003,"SEDAN","TOYOTA","Car","F",90,"70+","Drivers"
"T20190010620","6/6/19",18:25:00,"Collision with vehicle","Thursday","Dark Street lights on",2,2,"Not at intersection",2,50,"A",2016,"SEDAN","MAZDA","Car","M",46,"40-49","Drivers"
"T20190010624","6/6/19",14:34:00,"Collision with vehicle","Thursday","Day",2,2,"T intersection",3,60,"B",2013,"SEDAN","HYNDAI","Car","M",38,"30-39","Drivers"
"T20190010627","6/6/19",17:58:00,"Struck Pedestrian","Thursday","Dark No street lights",1,2,"Cross intersection",2,50,"A",2013,"WAGON","HOLDEN","Station Wagon","M",43,"40-49","Drivers"
"T20190010631","6/6/19",19:55:00,"Collision with a fixed object","Thursday","Dark No street lights",1,2,"Not at intersection",3,80,"A",1998,"WAGON","CHRYS","Station Wagon","F",39,"30-39","Drivers"
"T20190010632","6/6/19",17:30:00,"Collision with vehicle","Thursday","Dark Street lights unknown",2,2,"Not at intersection",2,999,"A",2002,"SEDAN","NISSAN","Car","F",81,"70+","Drivers"
"T20190010632","6/6/19",17:30:00,"Collision with vehicle","Thursday","Dark Street lights unknown",2,2,"Not at intersection",2,999,"B",2010,"WAGON","LEXUS","Station Wagon","F",55,"50-59","Drivers"
"T20190010633","6/6/19",17:30:00,"Collision with vehicle","Thursday","Dark Street lights on",2,2,"T intersection",3,60,"A",2018,"SEDAN","HONDA","Car","M",24,"22-25","Drivers"
"T20190010633","6/6/19",17:30:00,"Collision with vehicle","Thursday","Dark Street lights on",2,2,"T intersection",3,60,"B",2013,"SEDAN","SUZUKI","Car","F",26,"26-29","Drivers"
"T20190010634","6/6/19",19:00:00,"Collision with vehicle","Thursday","Dark Street lights on",2,2,"Not at intersection",3,80,"A",2010,"SEDAN","FORD","Car","M",35,"30-39","Drivers"
"T20190010634","6/6/19",19:00:00,"Collision with vehicle","Thursday","Dark Street lights on",2,2,"Not at intersection",3,80,"B",2014,"SEDAN","HYNDAI","Car","F",50,"50-59","Drivers"
"T20190010635","6/6/19",16:45:00,"Collision with vehicle","Thursday","Dusk/Dawn",2,2,"Not at intersection",1,60,"A",1993,"SEDAN","HOLDEN","Car","M",38,"30-39","Drivers"
"T20190010639","6/6/19",18:00:00,"Collision with vehicle","Thursday","Dark Street lights on",3,5,"Cross intersection",3,80,"A",2004,"WAGON","NISSAN","Station Wagon","F",28,"26-29","Drivers"
"T20190010639","6/6/19",18:00:00,"Collision with vehicle","Thursday","Dark Street lights on",3,5,"Cross intersection",3,80,"B",2014,"WAGON","HYNDAI","Station Wagon","M",35,"30-39","Drivers"
"T20190010639","6/6/19",18:00:00,"Collision with vehicle","Thursday","Dark Street lights on",3,5,"Cross intersection",3,80,"C",2014,"SEDAN","VOLKS","Car","M",29,"26-29","Drivers"
"T20190010640","6/6/19",22:10:00,"Collision with vehicle","Thursday","Dark Street lights on",2,3,"Cross intersection",2,60,"A",2007,"SEDAN","FORD","Car","F",18,"17-21","Drivers"
"T20190010640","6/6/19",22:10:00,"Collision with vehicle","Thursday","Dark Street lights on",2,3,"Cross intersection",2,60,"B",2016,"WAGON","MAZDA","Station Wagon","M",49,"40-49","Drivers"
"T20190010644","7/6/19",03:15:00,"Collision with vehicle","Friday","Dark Street lights on",3,3,"Not at intersection",3,60,"A",2019,"SEDAN","HYNDAI","Car","M",24,"22-25","Drivers"
"T20190010644","7/6/19",03:15:00,"Collision with vehicle","Friday","Dark Street lights on",3,3,"Not at intersection",3,60,"B",2017,"WAGON","MERC B","Station Wagon","M",42,"40-49","Drivers"
"T20190010644","7/6/19",03:15:00,"Collision with vehicle","Friday","Dark Street lights on",3,3,"Not at intersection",3,60,"C",2006,"SEDAN","SUBARU","Car","M",21,"17-21","Drivers"
"T20190010647","6/6/19",16:55:00,"Collision with vehicle","Thursday","Dusk/Dawn",2,4,"T intersection",2,70,"A",2014,"WAGON","MITSUB","Station Wagon","F",35,"30-39","Drivers"
"T20190010647","6/6/19",16:55:00,"Collision with vehicle","Thursday","Dusk/Dawn",2,4,"T intersection",2,70,"B",2017,"SEDAN","HYNDAI","Car","F",73,"70+","Drivers"
"T20190010648","7/6/19",06:55:00,"Vehicle overturned (no collision)","Friday","Dusk/Dawn",2,2,"Multiple intersection",3,60,"B",2016,"VAN","ISUZU","Heavy Vehicle (Rigid) > 4.5 Tonnes","M",44,"40-49","Drivers"
"T20190010649","6/6/19",07:00:00,"Collision with vehicle","Thursday","Dusk/Dawn",2,3,"T intersection",3,60,"A",2016,"WAGON","SKODA","Station Wagon","M",47,"40-49","Drivers"
"T20190010649","6/6/19",07:00:00,"Collision with vehicle","Thursday","Dusk/Dawn",2,3,"T intersection",3,60,"B",2011,"UTIL","FORD","Utility","M",33,"30-39","Drivers"
"T20190010650","20/5/19",07:00:00,"Collision with vehicle","Monday","Dark Street lights on",2,2,"T intersection",3,999,"A",2008,"WAGON","HOLDEN","Station Wagon","M",47,"40-49","Drivers"
"T20190010651","6/6/19",21:39:00,"Collision with vehicle","Thursday","Dark Street lights on",2,2,"Cross intersection",3,60,"A",1996,"SEDAN","TOYOTA","Car","M",35,"30-39","Drivers"
"T20190010651","6/6/19",21:39:00,"Collision with vehicle","Thursday","Dark Street lights on",2,2,"Cross intersection",3,60,"B",2015,"SEDAN","HOLDEN","Taxi","M",70,"70+","Drivers"
"T20190010652","7/6/19",08:07:00,"Collision with vehicle","Friday","Day",2,2,"T intersection",3,60,"A",2015,"SEDAN","AUDI","Car","F",24,"22-25","Drivers"
"T20190010652","7/6/19",08:07:00,"Collision with vehicle","Friday","Day",2,2,"T intersection",3,60,"B",2018,"SEDAN","TOYOTA","Car","F",50,"50-59","Drivers"
"T20190010655","6/6/19",17:50:00,"Collision with vehicle","Thursday","Dark Street lights on",3,3,"Not at intersection",2,100,"A",2008,"UTIL","FORD","Utility","M",31,"30-39","Drivers"
"T20190010655","6/6/19",17:50:00,"Collision with vehicle","Thursday","Dark Street lights on",3,3,"Not at intersection",2,100,"B",2013,"S WAG","HOLDEN","Station Wagon","M",30,"30-39","Drivers"
"T20190010655","6/6/19",17:50:00,"Collision with vehicle","Thursday","Dark Street lights on",3,3,"Not at intersection",2,100,"C",2007,"SEDAN","FORD","Car","F",33,"30-39","Drivers"
"T20190010660","7/6/19",06:40:00,"Collision with vehicle","Friday","Dark No street lights",3,3,"Not at intersection",2,100,"C",2017,"SEDAN","HYNDAI","Car","M",37,"30-39","Drivers"
"T20190010661","7/6/19",10:45:00,"Collision with vehicle","Friday","Day",2,2,"Not at intersection",3,50,"A",2009,"SED","TOYOTA","Car","F",59,"50-59","Drivers"
"T20190010661","7/6/19",10:45:00,"Collision with vehicle","Friday","Day",2,2,"Not at intersection",3,50,"B",2012,"UTIL","FORD","Utility","M",50,"50-59","Drivers"
"T20190010663","7/6/19",11:15:00,"Struck Pedestrian","Friday","Day",1,3,"Cross intersection",3,60,"A",2012,"WAGON","VOLKS","Car","M",29,"26-29","Drivers"
"T20190010664","7/6/19",11:07:00,"Collision with vehicle","Friday","Day",2,2,"Cross intersection",2,60,"A",2017,"DC UTE","TOYOTA","Utility","F",23,"22-25","Drivers"
"T20190010666","31/5/19",18:00:00,"Collision with vehicle","Friday","Day",2,2,"Not at intersection",3,100,"A",2010,"WAGON","MITSUB","Station Wagon","F",40,"40-49","Drivers"
"T20190010666","31/5/19",18:00:00,"Collision with vehicle","Friday","Day",2,2,"Not at intersection",3,100,"B",2004,"SEDAN","B M W","Car","M",59,"50-59","Drivers"
"T20190010669","7/6/19",12:45:00,"Collision with vehicle","Friday","Day",2,2,"Cross intersection",2,80,"B",2011,"VAN","MERC B","Panel Van","M",61,"60-64","Drivers"
"T20190010670","30/5/19",04:45:00,"Collision with vehicle","Thursday","Dark Street lights unknown",2,2,"T intersection",3,100,"A",2005,"SEDAN","MAZDA","Car","F",22,"22-25","Drivers"
"T20190010670","30/5/19",04:45:00,"Collision with vehicle","Thursday","Dark Street lights unknown",2,2,"T intersection",3,100,"B",2003,"SEDAN","MITSUB","Car","M",23,"22-25","Drivers"
"T20190010674","7/6/19",12:45:00,"Collision with vehicle","Friday","Day",3,4,"T intersection",3,30,"A",2010,"SEDAN","HOLDEN","Car","M",66,"64-69","Drivers"
"T20190010674","7/6/19",12:45:00,"Collision with vehicle","Friday","Day",3,4,"T intersection",3,30,"B",2015,"WAGON","TOYOTA","Station Wagon","M",68,"64-69","Drivers"
"T20190010674","7/6/19",12:45:00,"Collision with vehicle","Friday","Day",3,4,"T intersection",3,30,"C",2012,"SEDAN","TOYOTA","Car","F",54,"50-59","Drivers"
"T20190010676","7/6/19",15:35:00,"Collision with vehicle","Friday","Day",2,2,"Cross intersection",2,70,"A",2007,"SEDAN","HYNDAI","Car","F",82,"70+","Drivers"
"T20190010676","7/6/19",15:35:00,"Collision with vehicle","Friday","Day",2,2,"Cross intersection",2,70,"B",2008,"WAGON","SUBARU","Station Wagon","M",21,"17-21","Drivers"
"T20190010677","7/6/19",12:11:00,"Collision with vehicle","Friday","Day",2,2,"Cross intersection",1,60,"B",2015,"G UNIT","IVECO","Heavy Vehicle (Rigid) > 4.5 Tonnes","M",41,"40-49","Drivers"