"ACCIDENT_NO","ACCIDENTDATE","ACCIDENTTIME","Accident Type Desc","Day Week Description","Light Condition Desc","NO_OF_VEHICLES","NO_PERSONS","Road Geometry Desc","SEVERITY","SPEED_ZONE","VEHICLE_ID","VEHICLE_YEAR_MANUF","VEHICLE_BODY_STYLE","VEHICLE_MAKE","Vehicle Type Desc","SEX","AGE","Age Group","Road User Type Desc"
"T20190010679","7/6/19",15:22:00,"Collision with vehicle","Friday","Day",7,9,"Not at intersection",2,80,"A",2008,"SEDAN","SUBARU","Car","M",23,"22-25","Drivers"
"T20190010679","7/6/19",15:22:00,"Collision with vehicle","Friday","Day",7,9,"Not at intersection",2,80,"B",2012,"DC UTE","FORD","Utility","M",49,"40-49","Drivers"
"T20190010679","7/6/19",15:22:00,"Collision with vehicle","Friday","Day",7,9,"Not at intersection",2,80,"C",2014,"UTIL","MITSUB","Utility","M",19,"17-21","Drivers"
"T20190010679","7/6/19",15:22:00,"Collision with vehicle","Friday","Day",7,9,"Not at intersection",2,80,"D",2009,"SEDAN","NISSAN","Car","F",40,"40-49","Drivers"
"T20190010679","7/6/19",15:22:00,"Collision with vehicle","Friday","Day",7,9,"Not at intersection",2,80,"E",2008,"SEDAN","HYNDAI","Car","F",24,"22-25","Drivers"
"T20190010679","7/6/19",15:22:00,"Collision with vehicle","Friday","Day",7,9,"Not at intersection",2,80,"F",2009,"UTIL","HOLDEN","Utility","M",60,"60-64","Drivers"
"T20190010679","7/6/19",15:22:00,"Collision with vehicle","Friday","Day",7,9,"Not at intersection",2,80,"G",2005,"COUPE","HOLDEN","Car","F",21,"17-21","Drivers"
"T20190010681","7/6/19",15:40:00,"Collision with a fixed object","Friday","Day",1,1,"Not at intersection",2,100,"A",2015,"WAGON","NISSAN","Station Wagon","M",75,"70+","Drivers"
"T20190010686","7/6/19",18:00:00,"Collision with vehicle","Friday","Dark Street lights on",2,2,"T intersection",2,60,"A",1994,"S WAG","FORD","Station Wagon","M",52,"50-59","Drivers"
"T20190010687","7/6/19",16:15:00,"Collision with vehicle","Friday","Day",3,3,"Not at intersection",3,60,"A",2011,"VAN","HYNDAI","Panel Van","M",34,"30-39","Drivers"
"T20190010687","7/6/19",16:15:00,"Collision with vehicle","Friday","Day",3,3,"Not at intersection",3,60,"B",2015,"TRAY","TOYOTA","Utility","M",33,"30-39","Drivers"
"T20190010687","7/6/19",16:15:00,"Collision with vehicle","Friday","Day",3,3,"Not at intersection",3,60,"C",2010,"SEDAN","SUBARU","Car","F",61,"60-64","Drivers"
"T20190010689","7/6/19",17:55:00,"Collision with vehicle","Friday","Dark No street lights",3,8,"Not at intersection",3,80,"A",2016,"SEDAN","TOYOTA","Car","M",54,"50-59","Drivers"
"T20190010689","7/6/19",17:55:00,"Collision with vehicle","Friday","Dark No street lights",3,8,"Not at intersection",3,80,"B",2010,"SEDAN","FORD","Car","F",39,"30-39","Drivers"
"T20190010689","7/6/19",17:55:00,"Collision with vehicle","Friday","Dark No street lights",3,8,"Not at intersection",3,80,"C",2009,"WAGON","TOYOTA","Station Wagon","F",39,"30-39","Drivers"
"T20190010690","7/6/19",16:30:00,"Struck Pedestrian","Friday","Day",1,3,"Not at intersection",2,50,"A",2003,"SEDAN","FORD","Car","M",66,"64-69","Drivers"
"T20190010695","7/6/19",15:30:00,"Struck Pedestrian","Friday","Day",1,2,"T intersection",3,40,"A",2012,"SEDAN","HONDA","Car","F",53,"50-59","Drivers"
"T20190010698","7/6/19",15:00:00,"Collision with vehicle","Friday","Day",2,6,"Cross intersection",2,60,"A",2010,"SEDAN","HOLDEN","Car","M",79,"70+","Drivers"
"T20190010698","7/6/19",15:00:00,"Collision with vehicle","Friday","Day",2,6,"Cross intersection",2,60,"B",2014,"SEDAN","HOLDEN","Car","M",44,"40-49","Drivers"
"T20190010699","7/6/19",15:45:00,"Collision with vehicle","Friday","Day",2,2,"Cross intersection",2,60,"A",2014,"SEDAN","TOYOTA","Car","M",64,"60-64","Drivers"
"T20190010700","7/6/19",20:15:00,"Collision with vehicle","Friday","Dark Street lights on",2,2,"Cross intersection",3,60,"A",2005,"SEDAN","TOYOTA","Car","M",26,"26-29","Drivers"
"T20190010700","7/6/19",20:15:00,"Collision with vehicle","Friday","Dark Street lights on",2,2,"Cross intersection",3,60,"B",2002,"SEDAN","AUDI","Car","F",21,"17-21","Drivers"
"T20190010701","7/6/19",15:30:00,"Collision with vehicle","Friday","Day",2,4,"T intersection",3,60,"A",1999,"SEDAN","MAZDA","Car","M",52,"50-59","Drivers"
"T20190010701","7/6/19",15:30:00,"Collision with vehicle","Friday","Day",2,4,"T intersection",3,60,"B",2014,"SEDAN","HOLDEN","Car","M",32,"30-39","Drivers"
"T20190010702","7/6/19",17:48:00,"Collision with vehicle","Friday","Dark No street lights",2,4,"Not at intersection",3,100,"A",2014,"SEDAN","HYNDAI","Car","F",71,"70+","Drivers"
"T20190010702","7/6/19",17:48:00,"Collision with vehicle","Friday","Dark No street lights",2,4,"Not at intersection",3,100,"B",2005,"WAGON","TOYOTA","Station Wagon","M",62,"60-64","Drivers"
"T20190010703","7/6/19",16:20:00,"Collision with vehicle","Friday","Day",2,2,"T intersection",3,60,"A",2006,"SEDAN","MAZDA","Car","F",50,"50-59","Drivers"
"T20190010703","7/6/19",16:20:00,"Collision with vehicle","Friday","Day",2,2,"T intersection",3,60,"B",2009,"WAGON","HONDA","Station Wagon","M",33,"30-39","Drivers"
"T20190010705","7/6/19",21:45:00,"Collision with a fixed object","Friday","Dark No street lights",1,1,"Not at intersection",2,50,"A",2000,"T SDS","FORD","Light Commercial Vehicle (Rigid) <= 4.5 Tonnes GVM","M",26,"26-29","Drivers"
"T20190010708","8/6/19",00:09:00,"Collision with vehicle","Saturday","Dark Street lights on",2,2,"Not at intersection",2,50,"A",2002,"UTIL","TOYOTA","Utility","M",49,"40-49","Drivers"
"T20190010711","7/6/19",16:52:00,"Struck Pedestrian","Friday","Dusk/Dawn",1,3,"Cross intersection",2,60,"A",2016,"SEDAN","MAZDA","Car","F",61,"60-64","Drivers"
"T20190010714","6/6/19",08:45:00,"Collision with vehicle","Thursday","Day",2,2,"Cross intersection",2,60,"A",2010,"SEDAN","TOYOTA","Car","F",25,"22-25","Drivers"
"T20190010715","7/6/19",22:38:00,"Collision with vehicle","Friday","Dark Street lights on",2,3,"Not at intersection",2,60,"A",2013,"SEDAN","TOYOTA","Car","M",27,"26-29","Drivers"
"T20190010715","7/6/19",22:38:00,"Collision with vehicle","Friday","Dark Street lights on",2,3,"Not at intersection",2,60,"B",2017,"WAGON","MAZDA","Station Wagon","M",31,"30-39","Drivers"
"T20190010719","8/6/19",04:30:00,"Collision with a fixed object","Saturday","Dark Street lights on",1,1,"Cross intersection",2,60,"A",2004,"WAGON","HONDA","Station Wagon","M",25,"22-25","Drivers"
"T20190010720","7/6/19",11:40:00,"Collision with vehicle","Friday","Day",2,3,"Not at intersection",3,60,"A",1995,"SEDAN","MITSUB","Car","F",29,"26-29","Drivers"
"T20190010720","7/6/19",11:40:00,"Collision with vehicle","Friday","Day",2,3,"Not at intersection",3,60,"B",2012,"SEDAN","HYNDAI","Car","F",29,"26-29","Drivers"
"T20190010725","8/6/19",11:00:00,"Collision with vehicle","Saturday","Day",2,3,"Cross intersection",3,60,"A",2008,"SEDAN","TOYOTA","Car","F",60,"60-64","Drivers"
"T20190010725","8/6/19",11:00:00,"Collision with vehicle","Saturday","Day",2,3,"Cross intersection",3,60,"B",2016,"SEDAN","VOLKS","Car","F",60,"60-64","Drivers"
"T20190010726","8/6/19",12:10:00,"Collision with vehicle","Saturday","Day",2,2,"Cross intersection",2,60,"A",2016,"WAGON","HONDA","Station Wagon","F",70,"70+","Drivers"
"T20190010726","8/6/19",12:10:00,"Collision with vehicle","Saturday","Day",2,2,"Cross intersection",2,60,"B",2007,"SEDAN","MAZDA","Car","M",78,"70+","Drivers"
"T20190010729","7/6/19",12:30:00,"Collision with a fixed object","Friday","Day",1,1,"Not at intersection",2,100,"A",1997,"SEDAN","MERC B","Car","F",18,"17-21","Drivers"
"T20190010730","8/6/19",09:30:00,"Collision with vehicle","Saturday","Day",3,1,"Not at intersection",2,60,"A",2004,"SED","HOLDEN","Car","M",64,"60-64","Drivers"
"T20190010731","5/6/19",07:45:00,"Collision with vehicle","Wednesday","Day",2,2,"T intersection",3,50,"A",1999,"TRAY","TOYOTA","Utility","M",56,"50-59","Drivers"
"T20190010731","5/6/19",07:45:00,"Collision with vehicle","Wednesday","Day",2,2,"T intersection",3,50,"B",2001,"WAGON","JEEP","Station Wagon","M",21,"17-21","Drivers"
"T20190010732","7/6/19",20:30:00,"Collision with vehicle","Friday","Dark Street lights on",2,1,"Not at intersection",3,50,"A",2012,"SEDAN","TOYOTA","Car","F",31,"30-39","Drivers"
"T20190010741","8/6/19",14:00:00,"Vehicle overturned (no collision)","Saturday","Day",1,2,"Not at intersection",2,100,"A",1997,"WAGON","TOYOTA","Station Wagon","F",29,"26-29","Drivers"
"T20190010745","8/6/19",15:55:00,"Collision with a fixed object","Saturday","Day",2,2,"T intersection",2,80,"A",2002,"SEDAN","FORD","Car","M",72,"70+","Drivers"
"T20190010745","8/6/19",15:55:00,"Collision with a fixed object","Saturday","Day",2,2,"T intersection",2,80,"B",2006,"UTIL","HOLDEN","Utility","M",76,"70+","Drivers"
"T20190010747","8/6/19",15:25:00,"Collision with vehicle","Saturday","Day",4,10,"Not at intersection",3,70,"A",2013,"COUPE","TOYOTA","Car","M",27,"26-29","Drivers"
"T20190010747","8/6/19",15:25:00,"Collision with vehicle","Saturday","Day",4,10,"Not at intersection",3,70,"B",2018,"SEDAN","HOLDEN","Car","F",28,"26-29","Drivers"
"T20190010747","8/6/19",15:25:00,"Collision with vehicle","Saturday","Day",4,10,"Not at intersection",3,70,"C",2006,"SEDAN","TOYOTA","Car","F",25,"22-25","Drivers"
"T20190010747","8/6/19",15:25:00,"Collision with vehicle","Saturday","Day",4,10,"Not at intersection",3,70,"D",2015,"SEDAN","TOYOTA","Car","M",35,"30-39","Drivers"
"T20190010748","8/6/19",15:47:00,"Collision with vehicle","Saturday","Day",2,2,"Multiple intersection",3,60,"A",2006,"WAGON","MITSUB","Station Wagon","M",49,"40-49","Drivers"
"T20190010751","8/6/19",19:05:00,"Struck Pedestrian","Saturday","Dark Street lights unknown",1,2,"Not at intersection",3,50,"A",1999,"SEDAN","TOYOTA","Car","M",26,"26-29","Drivers"
"T20190010752","8/6/19",13:55:00,"Collision with vehicle","Saturday","Day",2,3,"Cross intersection",3,50,"A",2010,"SEDAN","SKODA","Car","M",71,"70+","Drivers"
"T20190010752","8/6/19",13:55:00,"Collision with vehicle","Saturday","Day",2,3,"Cross intersection",3,50,"B",2017,"WAGON","MITSUB","Station Wagon","F",58,"50-59","Drivers"
"T20190010753","8/6/19",13:55:00,"Collision with vehicle","Saturday","Day",2,5,"Not at intersection",3,100,"A",1929,"SEDAN","FORD","Car","M",83,"70+","Drivers"
"T20190010754","8/6/19",17:42:00,"Collision with vehicle","Saturday","Dark Street lights on",2,3,"T intersection",2,80,"A",2007,"UTIL","FORD","Utility","M",42,"40-49","Drivers"
"T20190010754","8/6/19",17:42:00,"Collision with vehicle","Saturday","Dark Street lights on",2,3,"T intersection",2,80,"B",2016,"WAGON","NISSAN","Station Wagon","M",72,"70+","Drivers"
"T20190010755","8/6/19",18:31:00,"Collision with vehicle","Saturday","Dark Street lights on",2,3,"Not at intersection",3,60,"A",2010,"SED","TOYOTA","Car","M",42,"40-49","Drivers"
"T20190010756","8/6/19",15:40:00,"Struck Pedestrian","Saturday","Day",1,2,"Cross intersection",3,50,"A",1998,"SEDAN","HOLDEN","Car","M",47,"40-49","Drivers"
"T20190010762","8/6/19",16:25:00,"Collision with vehicle","Saturday","Day",2,3,"Cross intersection",2,50,"A",2015,"SEDAN","HYNDAI","Car","F",78,"70+","Drivers"
"T20190010762","8/6/19",16:25:00,"Collision with vehicle","Saturday","Day",2,3,"Cross intersection",2,50,"B",2011,"SEDAN","FORD","Car","F",20,"17-21","Drivers"
"T20190010764","8/6/19",19:35:00,"No collision and no object struck","Saturday","Dark No street lights",1,1,"Not at intersection",1,100,"A",2003,"DC UTE","NISSAN","Utility","M",37,"30-39","Drivers"
"T20190010768","8/6/19",23:20:00,"Struck Pedestrian","Saturday","Dark No street lights",1,2,"Not at intersection",1,100,"A",2004,"WAGON","SUBARU","Station Wagon","M",21,"17-21","Drivers"
"T20190010769","9/6/19",03:50:00,"Struck animal","Sunday","Dark No street lights",2,5,"T intersection",3,100,"A",2017,"WAGON","HYNDAI","Station Wagon","F",35,"30-39","Drivers"
"T20190010769","9/6/19",03:50:00,"Struck animal","Sunday","Dark No street lights",2,5,"T intersection",3,100,"B",2002,"S WAG","NISSAN","Station Wagon","M",24,"22-25","Drivers"
"T20190010770","7/6/19",15:10:00,"Collision with vehicle","Friday","Day",2,2,"Not at intersection",3,70,"A",2006,"SEDAN","TOYOTA","Car","F",22,"22-25","Drivers"
"T20190010770","7/6/19",15:10:00,"Collision with vehicle","Friday","Day",2,2,"Not at intersection",3,70,"B",2011,"G UNIT","IVECO","Heavy Vehicle (Rigid) > 4.5 Tonnes","M",30,"30-39","Drivers"
"T20190010775","8/6/19",16:45:00,"Vehicle overturned (no collision)","Saturday","Day",1,2,"Not at intersection",3,60,"A",2008,"UTIL","TOYOTA","Utility","M",25,"22-25","Drivers"
"T20190010776","9/6/19",08:49:00,"Collision with vehicle","Sunday","Day",3,3,"Not at intersection",2,70,"A",2011,"DC UTE","TOYOTA","Utility","M",53,"50-59","Drivers"
"T20190010778","9/6/19",06:40:00,"No collision and no object struck","Sunday","Dark No street lights",1,1,"Not at intersection",2,100,"A",2012,"SEDAN","HOLDEN","Car","M",21,"17-21","Drivers"
"T20190010779","6/6/19",15:38:00,"Collision with vehicle","Thursday","Day",2,2,"Not at intersection",3,40,"A",2013,"SEDAN","HYNDAI","Car","F",50,"50-59","Drivers"
"T20190010779","6/6/19",15:38:00,"Collision with vehicle","Thursday","Day",2,2,"Not at intersection",3,40,"B",2010,"WAGON","TOYOTA","Station Wagon","F",45,"40-49","Drivers"
"T20190010780","9/6/19",09:30:00,"Collision with vehicle","Sunday","Day",2,2,"Cross intersection",3,80,"A",1999,"SEDAN","TOYOTA","Car","F",32,"30-39","Drivers"
"T20190010780","9/6/19",09:30:00,"Collision with vehicle","Sunday","Day",2,2,"Cross intersection",3,80,"B",2016,"SEDAN","HOLDEN","Car","M",49,"40-49","Drivers"
"T20190010790","9/6/19",12:56:00,"Struck Pedestrian","Sunday","Day",1,2,"Cross intersection",2,80,"A",2006,"WAGON","MERC B","Station Wagon","M",29,"26-29","Drivers"
"T20190010791","20/5/19",16:00:00,"Collision with vehicle","Monday","Day",2,2,"Not at intersection",3,999,"A",2014,"SED","TOYOTA","Car","F",54,"50-59","Drivers"
"T20190010791","20/5/19",16:00:00,"Collision with vehicle","Monday","Day",2,2,"Not at intersection",3,999,"B",2014,"SEDAN","FORD","Car","F",65,"64-69","Drivers"
"T20190010794","9/6/19",11:30:00,"Collision with a fixed object","Sunday","Day",1,1,"Not at intersection",2,100,"A",2012,"DC UTE","TOYOTA","Utility","M",57,"50-59","Drivers"
"T20190010802","9/6/19",14:29:00,"Collision with a fixed object","Sunday","Day",1,1,"T intersection",3,80,"A",1997,"WAGON","NISSAN","Station Wagon","M",21,"17-21","Drivers"
"T20190010805","9/6/19",17:23:00,"Collision with vehicle","Sunday","Dark Street lights on",2,3,"T intersection",2,60,"A",2018,"WAGON","B M W","Station Wagon","F",46,"40-49","Drivers"
"T20190010805","9/6/19",17:23:00,"Collision with vehicle","Sunday","Dark Street lights on",2,3,"T intersection",2,60,"B",2014,"SEDAN","HOLDEN","Car","F",19,"17-21","Drivers"
"T20190010806","9/6/19",16:40:00,"Collision with vehicle","Sunday","Day",3,8,"T intersection",2,80,"A",2015,"VAN","FORD","Panel Van","M",19,"17-21","Drivers"
"T20190010806","9/6/19",16:40:00,"Collision with vehicle","Sunday","Day",3,8,"T intersection",2,80,"B",2007,"SEDAN","MITSUB","Car","F",51,"50-59","Drivers"
"T20190010806","9/6/19",16:40:00,"Collision with vehicle","Sunday","Day",3,8,"T intersection",2,80,"C",2017,"WAGON","NISSAN","Station Wagon","M",30,"30-39","Drivers"
"T20190010808","9/6/19",17:15:00,"Collision with vehicle","Sunday","Dusk/Dawn",2,5,"Not at intersection",2,100,"A",2005,"S WAG","HOLDEN","Station Wagon","M",78,"70+","Drivers"
"T20190010808","9/6/19",17:15:00,"Collision with vehicle","Sunday","Dusk/Dawn",2,5,"Not at intersection",2,100,"B",2004,"WAGON","NISSAN","Station Wagon","F",46,"40-49","Drivers"
"T20190010812","9/6/19",16:15:00,"Collision with a fixed object","Sunday","Day",1,2,"Not at intersection",3,50,"A",2004,"SEDAN","TOYOTA","Car","M",83,"70+","Drivers"
"T20190010813","9/6/19",19:50:00,"Collision with vehicle","Sunday","Dark Street lights on",3,5,"Not at intersection",3,70,"A",2015,"SEDAN","HOLDEN","Car","M",20,"17-21","Drivers"
"T20190010813","9/6/19",19:50:00,"Collision with vehicle","Sunday","Dark Street lights on",3,5,"Not at intersection",3,70,"B",2003,"SEDAN","TOYOTA","Car","M",42,"40-49","Drivers"
"T20190010813","9/6/19",19:50:00,"Collision with vehicle","Sunday","Dark Street lights on",3,5,"Not at intersection",3,70,"C",2001,"SEDAN","HOLDEN","Car","M",36,"30-39","Drivers"
"T20190010814","9/6/19",11:00:00,"Collision with vehicle","Sunday","Unknown",2,2,"Not at intersection",3,999,"A",2017,"SEDAN","SUBARU","Car","M",27,"26-29","Drivers"
"T20190010814","9/6/19",11:00:00,"Collision with vehicle","Sunday","Unknown",2,2,"Not at intersection",3,999,"B",1997,"WAGON","HOLDEN","Station Wagon","M",41,"40-49","Drivers"
"T20190010816","10/6/19",00:59:00,"Collision with a fixed object","Monday","Dark Street lights on",1,1,"Not at intersection",3,60,"A",2013,"WAGON","SUBARU","Car","F",32,"30-39","Drivers"
"T20190010822","8/6/19",13:40:00,"Collision with vehicle","Saturday","Day",2,2,"Not at intersection",2,60,"A",2011,"SEDAN","HOLDEN","Car","M",32,"30-39","Drivers"
"T20190010823","9/6/19",13:40:00,"Collision with a fixed object","Sunday","Day",1,4,"Cross intersection",3,80,"A",2018,"WAGON","SKODA","Station Wagon","F",55,"50-59","Drivers"
"T20190010825","4/5/19",18:45:00,"Collision with vehicle","Saturday","Dark Street lights unknown",2,3,"Not at intersection",3,80,"A",2017,"SEDAN","TOYOTA","Car","F",43,"40-49","Drivers"
"T20190010825","4/5/19",18:45:00,"Collision with vehicle","Saturday","Dark Street lights unknown",2,3,"Not at intersection",3,80,"B",2008,"SEDAN","B M W","Car","M",74,"70+","Drivers"
"T20190010826","9/6/19",21:35:00,"Collision with a fixed object","Sunday","Dark No street lights",1,1,"T intersection",2,80,"A",1999,"SEDAN","HOLDEN","Car","F",42,"40-49","Drivers"
"T20190010832","10/6/19",01:00:00,"Collision with a fixed object","Monday","Dark Street lights on",1,1,"Cross intersection",2,60,"A",2003,"SEDAN","MAZDA","Car","F",27,"26-29","Drivers"
"T20190010836","9/6/19",21:30:00,"Collision with a fixed object","Sunday","Dark No street lights",1,1,"Not at intersection",3,100,"A",2008,"SEDAN","FORD","Car","F",22,"22-25","Drivers"
"T20190010837","5/6/19",08:10:00,"Collision with vehicle","Wednesday","Day",3,3,"T intersection",3,70,"A",2014,"WAGON","DODGE","Station Wagon","F",43,"40-49","Drivers"
"T20190010837","5/6/19",08:10:00,"Collision with vehicle","Wednesday","Day",3,3,"T intersection",3,70,"B",2018,"WAGON","NISSAN","Station Wagon","M",53,"50-59","Drivers"
"T20190010837","5/6/19",08:10:00,"Collision with vehicle","Wednesday","Day",3,3,"T intersection",3,70,"C",2005,"C CHAS","VOLVO","Heavy Vehicle (Rigid) > 4.5 Tonnes","M",59,"50-59","Drivers"
"T20190010842","10/6/19",12:05:00,"Collision with vehicle","Monday","Day",3,6,"Cross intersection",2,80,"A",2018,"SEDAN","HYNDAI","Car","F",27,"26-29","Drivers"
"T20190010842","10/6/19",12:05:00,"Collision with vehicle","Monday","Day",3,6,"Cross intersection",2,80,"B",2012,"SEDAN","FORD","Car","F",22,"22-25","Drivers"
"T20190010842","10/6/19",12:05:00,"Collision with vehicle","Monday","Day",3,6,"Cross intersection",2,80,"C",2017,"UTIL","NISSAN","Utility","M",38,"30-39","Drivers"
"T20190010843","10/6/19",12:13:00,"Collision with vehicle","Monday","Day",5,5,"Not at intersection",3,100,"A",2016,"SEDAN","FORD","Car","M",38,"30-39","Drivers"
"T20190010843","10/6/19",12:13:00,"Collision with vehicle","Monday","Day",5,5,"Not at intersection",3,100,"B",2005,"SEDAN","MITSUB","Car","F",29,"26-29","Drivers"
"T20190010843","10/6/19",12:13:00,"Collision with vehicle","Monday","Day",5,5,"Not at intersection",3,100,"C",2013,"SEDAN","MAZDA","Car","M",68,"64-69","Drivers"
"T20190010843","10/6/19",12:13:00,"Collision with vehicle","Monday","Day",5,5,"Not at intersection",3,100,"D",2015,"SEDAN","HONDA","Car","F",44,"40-49","Drivers"
"T20190010843","10/6/19",12:13:00,"Collision with vehicle","Monday","Day",5,5,"Not at intersection",3,100,"E",2017,"SEDAN","MITSUB","Car","M",42,"40-49","Drivers"
"T20190010846","10/6/19",12:00:00,"Collision with vehicle","Monday","Day",2,4,"T intersection",3,100,"A",2008,"UTIL","HOLDEN","Utility","M",31,"30-39","Drivers"
"T20190010846","10/6/19",12:00:00,"Collision with vehicle","Monday","Day",2,4,"T intersection",3,100,"B",2007,"DC UTE","TOYOTA","Utility","M",25,"22-25","Drivers"
"T20190010849","10/6/19",10:40:00,"Struck Pedestrian","Monday","Day",1,2,"T intersection",3,60,"A",2003,"SEDAN","B M W","Car","M",47,"40-49","Drivers"
"T20190010850","10/6/19",12:50:00,"Collision with vehicle","Monday","Day",2,1,"Not at intersection",3,60,"A",2008,"SEDAN","TOYOTA","Car","F",48,"40-49","Drivers"
"T20190010854","31/5/19",17:58:00,"Collision with vehicle","Friday","Dusk/Dawn",2,2,"Not at intersection",3,40,"B",0,"SEDAN","UNKN","Car","U",NA,"unknown","Drivers"
"T20190010855","10/6/19",13:21:00,"Vehicle overturned (no collision)","Monday","Day",1,2,"Not at intersection",3,100,"A",2004,"SEDAN","HOLDEN","Car","F",26,"26-29","Drivers"
"T20190010856","10/6/19",12:30:00,"Collision with vehicle","Monday","Day",2,8,"Not at intersection",2,80,"A",2002,"WAGON","NISSAN","Station Wagon","M",45,"40-49","Drivers"
"T20190010856","10/6/19",12:30:00,"Collision with vehicle","Monday","Day",2,8,"Not at intersection",2,80,"B",2014,"WAGON","HONDA","Station Wagon","M",34,"30-39","Drivers"
"T20190010859","10/6/19",14:15:00,"Collision with vehicle","Monday","Day",2,3,"Not at intersection",3,60,"A",2016,"SEDAN","HOLDEN","Car","F",28,"26-29","Drivers"
"T20190010859","10/6/19",14:15:00,"Collision with vehicle","Monday","Day",2,3,"Not at intersection",3,60,"B",2007,"DC UTE","NISSAN","Utility","F",52,"50-59","Drivers"
"T20190010861","10/6/19",16:58:00,"Collision with vehicle","Monday","Day",3,3,"Cross intersection",2,80,"A",2008,"SEDAN","TOYOTA","Car","F",63,"60-64","Drivers"
"T20190010861","10/6/19",16:58:00,"Collision with vehicle","Monday","Day",3,3,"Cross intersection",2,80,"B",1999,"SEDAN","TOYOTA","Car","F",32,"30-39","Drivers"
"T20190010861","10/6/19",16:58:00,"Collision with vehicle","Monday","Day",3,3,"Cross intersection",2,80,"C",2004,"WAGON","SUBARU","Station Wagon","M",39,"30-39","Drivers"
"T20190010863","10/6/19",15:33:00,"Collision with vehicle","Monday","Day",3,3,"Not at intersection",2,60,"A",2008,"SEDAN","HYNDAI","Car","F",54,"50-59","Drivers"
"T20190010863","10/6/19",15:33:00,"Collision with vehicle","Monday","Day",3,3,"Not at intersection",2,60,"B",1998,"SED","HOLDEN","Car","F",61,"60-64","Drivers"
"T20190010863","10/6/19",15:33:00,"Collision with vehicle","Monday","Day",3,3,"Not at intersection",2,60,"C",2003,"SEDAN","HOLDEN","Car","M",46,"40-49","Drivers"
"T20190010864","9/6/19",20:47:00,"Struck Pedestrian","Sunday","Dark Street lights on",1,2,"Not at intersection",3,40,"A",2010,"SEDAN","HOLDEN","Car","M",24,"22-25","Drivers"
"T20190010867","10/6/19",17:00:00,"Collision with vehicle","Monday","Day",2,4,"Cross intersection",3,80,"A",2016,"SEDAN","HOLDEN","Car","F",68,"64-69","Drivers"
"T20190010867","10/6/19",17:00:00,"Collision with vehicle","Monday","Day",2,4,"Cross intersection",3,80,"B",2011,"SEDAN","NISSAN","Car","F",68,"64-69","Drivers"
"T20190010868","10/6/19",16:41:00,"Collision with vehicle","Monday","Dusk/Dawn",2,2,"T intersection",3,80,"A",2004,"SEDAN","HYNDAI","Car","M",28,"26-29","Drivers"
"T20190010868","10/6/19",16:41:00,"Collision with vehicle","Monday","Dusk/Dawn",2,2,"T intersection",3,80,"B",2001,"SEDAN","HOLDEN","Car","M",19,"17-21","Drivers"
"T20190010869","11/6/19",00:48:00,"Collision with a fixed object","Tuesday","Dark Street lights on",1,1,"Not at intersection",2,50,"A",2003,"VAN","VOLKS","Panel Van","M",33,"30-39","Drivers"
"T20190010870","11/6/19",00:10:00,"Collision with a fixed object","Tuesday","Dark No street lights",1,4,"Not at intersection",2,100,"A",2013,"WAGON","HOLDEN","Station Wagon","M",47,"40-49","Drivers"
"T20190010871","30/5/19",10:30:00,"Struck Pedestrian","Thursday","Day",1,2,"Not at intersection",3,40,"A",2004,"SEDAN","VOLKS","Car","M",78,"70+","Drivers"
"T20190010872","11/6/19",05:30:00,"Collision with vehicle","Tuesday","Dark Street lights on",3,1,"Not at intersection",3,50,"A",2004,"SEDAN","HOLDEN","Car","F",24,"22-25","Drivers"
"T20190010873","11/6/19",07:09:00,"Collision with a fixed object","Tuesday","Dusk/Dawn",1,1,"Not at intersection",2,999,"A",2008,"WAGON","NISSAN","Station Wagon","F",69,"64-69","Drivers"
"T20190010874","11/6/19",08:35:00,"Collision with vehicle","Tuesday","Day",3,4,"T intersection",3,80,"A",2015,"VAN","HYNDAI","Panel Van","M",35,"30-39","Drivers"
"T20190010874","11/6/19",08:35:00,"Collision with vehicle","Tuesday","Day",3,4,"T intersection",3,80,"B",2014,"SEDAN","HOLDEN","Taxi","M",48,"40-49","Drivers"
"T20190010874","11/6/19",08:35:00,"Collision with vehicle","Tuesday","Day",3,4,"T intersection",3,80,"C",2016,"WAGON","SUZUKI","Station Wagon","F",24,"22-25","Drivers"
"T20190010877","11/6/19",07:35:00,"Struck Pedestrian","Tuesday","Day",1,2,"Not at intersection",2,50,"A",2006,"SEDAN","HOLDEN","Car","M",34,"30-39","Drivers"
"T20190010879","11/6/19",08:06:00,"Collision with vehicle","Tuesday","Day",2,4,"Not at intersection",2,80,"A",2008,"SED","MITSUB","Car","M",20,"17-21","Drivers"
"T20190010879","11/6/19",08:06:00,"Collision with vehicle","Tuesday","Day",2,4,"Not at intersection",2,80,"B",1988,"S WAG","NISSAN","Station Wagon","M",34,"30-39","Drivers"
"T20190010881","11/6/19",08:55:00,"Struck Pedestrian","Tuesday","Day",1,2,"T intersection",2,50,"A",2014,"SEDAN","KIA","Car","F",28,"26-29","Drivers"
"T20190010882","11/6/19",07:53:00,"Collision with a fixed object","Tuesday","Day",1,1,"Not at intersection",3,110,"A",2008,"SEDAN","HYNDAI","Car","F",26,"26-29","Drivers"
"T20190010883","6/6/19",01:00:00,"Collision with vehicle","Thursday","Dark Street lights on",2,2,"Cross intersection",3,60,"A",2003,"SEDAN","FORD","Car","F",25,"22-25","Drivers"