"ACCIDENT_NO","ACCIDENTDATE","ACCIDENTTIME","Accident Type Desc","Day Week Description","Light Condition Desc","NO_OF_VEHICLES","NO_PERSONS","Road Geometry Desc","SEVERITY","SPEED_ZONE","VEHICLE_ID","VEHICLE_YEAR_MANUF","VEHICLE_BODY_STYLE","VEHICLE_MAKE","Vehicle Type Desc","SEX","AGE","Age Group","Road User Type Desc"
"T20190010883","6/6/19",01:00:00,"Collision with vehicle","Thursday","Dark Street lights on",2,2,"Cross intersection",3,60,"B",2001,"SEDAN","VOLKS","Car","M",28,"26-29","Drivers"
"T20190010885","11/6/19",08:40:00,"Collision with vehicle","Tuesday","Unknown",2,3,"Not at intersection",2,60,"A",2016,"SEDAN","B M W","Car","M",21,"17-21","Drivers"
"T20190010885","11/6/19",08:40:00,"Collision with vehicle","Tuesday","Unknown",2,3,"Not at intersection",2,60,"B",2000,"WAGON","NISSAN","Station Wagon","F",53,"50-59","Drivers"
"T20190010888","11/6/19",12:30:00,"Collision with vehicle","Tuesday","Day",2,2,"T intersection",3,60,"A",2017,"SEDAN","HYNDAI","Car","F",19,"17-21","Drivers"
"T20190010888","11/6/19",12:30:00,"Collision with vehicle","Tuesday","Day",2,2,"T intersection",3,60,"B",2015,"WAGON","MAZDA","Station Wagon","F",45,"40-49","Drivers"
"T20190010890","11/6/19",08:25:00,"Collision with vehicle","Tuesday","Day",2,2,"Cross intersection",2,80,"A",2001,"COUPE","MITSUB","Car","M",48,"40-49","Drivers"
"T20190010890","11/6/19",08:25:00,"Collision with vehicle","Tuesday","Day",2,2,"Cross intersection",2,80,"B",2019,"VAN","TOYOTA","Light Commercial Vehicle (Rigid) <= 4.5 Tonnes GVM","F",35,"30-39","Drivers"
"T20190010892","11/6/19",11:00:00,"Collision with vehicle","Tuesday","Day",2,2,"T intersection",3,50,"A",2006,"SEDAN","MAZDA","Car","M",36,"30-39","Drivers"
"T20190010892","11/6/19",11:00:00,"Collision with vehicle","Tuesday","Day",2,2,"T intersection",3,50,"B",2016,"WAGON","HOLDEN","Station Wagon","F",42,"40-49","Drivers"
"T20190010895","11/6/19",12:12:00,"Collision with vehicle","Tuesday","Day",2,3,"T intersection",2,100,"B",2001,"UTIL","HOLDEN","Utility","M",76,"70+","Drivers"
"T20190010898","11/6/19",13:20:00,"Collision with vehicle","Tuesday","Day",3,3,"T intersection",2,60,"A",2011,"SEDAN","FORD","Car","F",19,"17-21","Drivers"
"T20190010898","11/6/19",13:20:00,"Collision with vehicle","Tuesday","Day",3,3,"T intersection",2,60,"B",2000,"COUPE","FORD","Car","M",79,"70+","Drivers"
"T20190010898","11/6/19",13:20:00,"Collision with vehicle","Tuesday","Day",3,3,"T intersection",2,60,"C",2010,"BUS","TOYOTA","Taxi","M",39,"30-39","Drivers"
"T20190010902","11/6/19",15:45:00,"Collision with vehicle","Tuesday","Day",2,2,"T intersection",3,60,"A",2011,"WAGON","HONDA","Station Wagon","F",48,"40-49","Drivers"
"T20190010907","11/6/19",15:47:00,"Collision with vehicle","Tuesday","Day",2,1,"Not at intersection",3,60,"A",2013,"VAN","TOYOTA","Panel Van","F",56,"50-59","Drivers"
"T20190010908","11/6/19",16:10:00,"Struck Pedestrian","Tuesday","Day",1,2,"Not at intersection",3,40,"B",2008,"SEDAN","FORD","Car","M",39,"30-39","Drivers"
"T20190010909","11/6/19",16:25:00,"Collision with a fixed object","Tuesday","Day",1,1,"Not at intersection",2,100,"A",2005,"COUPE","HYNDAI","Car","F",42,"40-49","Drivers"
"T20190010910","8/6/19",16:30:00,"Collision with vehicle","Saturday","Unknown",2,2,"Cross intersection",2,999,"A",2007,"WAGON","B M W","Station Wagon","F",49,"40-49","Drivers"
"T20190010912","11/6/19",16:10:00,"Collision with vehicle","Tuesday","Day",2,2,"Not at intersection",3,100,"A",2013,"TRAY","MAZDA","Light Commercial Vehicle (Rigid) <= 4.5 Tonnes GVM","M",50,"50-59","Drivers"
"T20190010912","11/6/19",16:10:00,"Collision with vehicle","Tuesday","Day",2,2,"Not at intersection",3,100,"B",2009,"WAGON","REN","Station Wagon","F",21,"17-21","Drivers"
"T20190010913","11/6/19",18:30:00,"Collision with vehicle","Tuesday","Dark No street lights",3,3,"Not at intersection",3,60,"A",2013,"SEDAN","TOYOTA","Car","F",34,"30-39","Drivers"
"T20190010913","11/6/19",18:30:00,"Collision with vehicle","Tuesday","Dark No street lights",3,3,"Not at intersection",3,60,"B",2008,"SEDAN","TOYOTA","Car","F",20,"17-21","Drivers"
"T20190010913","11/6/19",18:30:00,"Collision with vehicle","Tuesday","Dark No street lights",3,3,"Not at intersection",3,60,"C",2018,"SEDAN","SUBARU","Car","F",56,"50-59","Drivers"
"T20190010916","11/6/19",19:20:00,"Collision with a fixed object","Tuesday","Dark No street lights",1,1,"Not at intersection",2,100,"A",2004,"SEDAN","HOLDEN","Car","M",27,"26-29","Drivers"
"T20190010917","11/6/19",19:40:00,"Collision with vehicle","Tuesday","Dark Street lights on",2,5,"Not at intersection",2,60,"A",2003,"WAGON","NISSAN","Station Wagon","F",20,"17-21","Drivers"
"T20190010920","11/6/19",12:00:00,"Collision with vehicle","Tuesday","Day",2,2,"Cross intersection",3,60,"A",2002,"WAGON","MAZDA","Station Wagon","M",22,"22-25","Drivers"
"T20190010920","11/6/19",12:00:00,"Collision with vehicle","Tuesday","Day",2,2,"Cross intersection",3,60,"B",2018,"SEDAN","TOYOTA","Car","F",23,"22-25","Drivers"
"T20190010923","11/6/19",04:19:00,"Collision with a fixed object","Tuesday","Dark No street lights",1,1,"Not at intersection",2,100,"A",1992,"SEDAN","TOYOTA","Car","M",25,"22-25","Drivers"
"T20190010925","12/6/19",04:29:00,"Collision with vehicle","Wednesday","Dark Street lights on",2,3,"Cross intersection",3,40,"A",2017,"WAGON","HOLDEN","Station Wagon","U",NA,"unknown","Drivers"
"T20190010930","11/6/19",13:50:00,"Collision with vehicle","Tuesday","Day",2,2,"T intersection",2,60,"B",2013,"WAGON","NISSAN","Station Wagon","M",62,"60-64","Drivers"
"T20190010933","12/6/19",07:20:00,"Collision with a fixed object","Wednesday","Day",1,1,"Not at intersection",3,60,"A",2019,"COUPE","KIA","Car","F",72,"70+","Drivers"
"T20190010934","12/6/19",07:52:00,"Collision with vehicle","Wednesday","Day",2,2,"Not at intersection",3,80,"A",2010,"SED","HOLDEN","Car","M",21,"17-21","Drivers"
"T20190010941","12/6/19",08:55:00,"Collision with vehicle","Wednesday","Day",2,2,"Cross intersection",3,60,"A",2015,"JEEP","JEEP","Station Wagon","F",29,"26-29","Drivers"
"T20190010941","12/6/19",08:55:00,"Collision with vehicle","Wednesday","Day",2,2,"Cross intersection",3,60,"B",2009,"WAGON","TOYOTA","Station Wagon","M",68,"64-69","Drivers"
"T20190010942","12/6/19",08:43:00,"Collision with vehicle","Wednesday","Day",2,2,"Cross intersection",2,40,"A",2009,"WAGON","TOYOTA","Station Wagon","F",36,"30-39","Drivers"
"T20190010942","12/6/19",08:43:00,"Collision with vehicle","Wednesday","Day",2,2,"Cross intersection",2,40,"B",2018,"SEDAN","TOYOTA","Car","F",48,"40-49","Drivers"
"T20190010943","12/6/19",09:48:00,"Collision with vehicle","Wednesday","Day",2,2,"T intersection",2,80,"A",2008,"COUPE","TOYOTA","Car","F",86,"70+","Drivers"
"T20190010943","12/6/19",09:48:00,"Collision with vehicle","Wednesday","Day",2,2,"T intersection",2,80,"B",2017,"COUPE","FORD","Car","M",67,"64-69","Drivers"
"T20190010945","12/6/19",09:26:00,"Collision with vehicle","Wednesday","Day",4,4,"Not at intersection",3,60,"A",1998,"WAGON","HOLDEN","Station Wagon","U",NA,"unknown","Drivers"
"T20190010945","12/6/19",09:26:00,"Collision with vehicle","Wednesday","Day",4,4,"Not at intersection",3,60,"B",2013,"SEDAN","MAZDA","Car","F",31,"30-39","Drivers"
"T20190010945","12/6/19",09:26:00,"Collision with vehicle","Wednesday","Day",4,4,"Not at intersection",3,60,"C",2012,"SEDAN","VOLKS","Car","F",42,"40-49","Drivers"
"T20190010945","12/6/19",09:26:00,"Collision with vehicle","Wednesday","Day",4,4,"Not at intersection",3,60,"D",2009,"SEDAN","PEUG","Car","F",75,"70+","Drivers"
"T20190010946","12/6/19",07:35:00,"Collision with vehicle","Wednesday","Day",2,3,"Not at intersection",3,100,"A",2011,"SEDAN","FORD","Taxi","M",47,"40-49","Drivers"
"T20190010946","12/6/19",07:35:00,"Collision with vehicle","Wednesday","Day",2,3,"Not at intersection",3,100,"B",2013,"P MVR","F LINE","Prime Mover - Single Trailer","M",30,"30-39","Drivers"
"T20190010949","9/6/19",10:35:00,"Collision with vehicle","Sunday","Day",2,3,"Not at intersection",3,80,"A",2002,"SED","HOLDEN","Car","F",23,"22-25","Drivers"
"T20190010949","9/6/19",10:35:00,"Collision with vehicle","Sunday","Day",2,3,"Not at intersection",3,80,"B",2009,"SEDAN","VOLKS","Car","M",47,"40-49","Drivers"
"T20190010952","12/6/19",09:01:00,"Collision with vehicle","Wednesday","Day",3,3,"Not at intersection",2,90,"A",2002,"SEDAN","TOYOTA","Car","F",61,"60-64","Drivers"
"T20190010952","12/6/19",09:01:00,"Collision with vehicle","Wednesday","Day",3,3,"Not at intersection",2,90,"B",2004,"WAGON","FORD","Station Wagon","F",42,"40-49","Drivers"
"T20190010952","12/6/19",09:01:00,"Collision with vehicle","Wednesday","Day",3,3,"Not at intersection",2,90,"C",2011,"SEDAN","FORD","Car","F",49,"40-49","Drivers"
"T20190010953","6/6/19",15:25:00,"Struck Pedestrian","Thursday","Day",1,2,"Cross intersection",2,80,"A",2013,"SEDAN","TOYOTA","Car","M",36,"30-39","Drivers"
"T20190010954","12/6/19",12:30:00,"Collision with vehicle","Wednesday","Day",2,5,"Cross intersection",3,80,"A",2018,"SEDAN","KIA","Car","M",23,"22-25","Drivers"
"T20190010954","12/6/19",12:30:00,"Collision with vehicle","Wednesday","Day",2,5,"Cross intersection",3,80,"B",2007,"RDSTR","MERC B","Car","F",51,"50-59","Drivers"
"T20190010958","12/6/19",14:20:00,"Collision with vehicle","Wednesday","Day",3,3,"T intersection",2,60,"A",2010,"UTIL","MITSUB","Utility","M",55,"50-59","Drivers"
"T20190010958","12/6/19",14:20:00,"Collision with vehicle","Wednesday","Day",3,3,"T intersection",2,60,"B",2012,"SEDAN","MAZDA","Car","F",71,"70+","Drivers"
"T20190010958","12/6/19",14:20:00,"Collision with vehicle","Wednesday","Day",3,3,"T intersection",2,60,"C",2017,"VAN","TOYOTA","Panel Van","M",26,"26-29","Drivers"
"T20190010959","12/6/19",10:45:00,"Collision with vehicle","Wednesday","Day",2,2,"T intersection",2,60,"A",2005,"SEDAN","HYNDAI","Car","M",62,"60-64","Drivers"
"T20190010959","12/6/19",10:45:00,"Collision with vehicle","Wednesday","Day",2,2,"T intersection",2,60,"B",2011,"S WAG","FORD","Station Wagon","M",35,"30-39","Drivers"
"T20190010960","12/6/19",14:35:00,"Collision with vehicle","Wednesday","Day",2,2,"Cross intersection",3,60,"A",2017,"SEDAN","MERC B","Car","M",82,"70+","Drivers"
"T20190010960","12/6/19",14:35:00,"Collision with vehicle","Wednesday","Day",2,2,"Cross intersection",3,60,"B",2012,"WAGON","HYNDAI","Station Wagon","F",43,"40-49","Drivers"
"T20190010961","12/6/19",15:00:00,"Collision with vehicle","Wednesday","Day",2,2,"T intersection",2,80,"A",2018,"UTIL","ISUZU","Utility","M",39,"30-39","Drivers"
"T20190010961","12/6/19",15:00:00,"Collision with vehicle","Wednesday","Day",2,2,"T intersection",2,80,"B",1998,"WAGON","HONDA","Station Wagon","F",55,"50-59","Drivers"
"T20190010964","11/6/19",01:20:00,"No collision and no object struck","Tuesday","Dark No street lights",1,3,"Not at intersection",3,100,"A",2010,"DC UTE","TOYOTA","Utility","F",42,"40-49","Drivers"
"T20190010966","12/6/19",17:24:00,"Collision with vehicle","Wednesday","Dark Street lights on",2,3,"T intersection",2,80,"A",2007,"SEDAN","FORD","Car","M",19,"17-21","Drivers"
"T20190010966","12/6/19",17:24:00,"Collision with vehicle","Wednesday","Dark Street lights on",2,3,"T intersection",2,80,"B",2016,"WAGON","HONDA","Station Wagon","M",76,"70+","Drivers"
"T20190010969","12/6/19",17:50:00,"Collision with vehicle","Wednesday","Dark Street lights on",2,2,"Cross intersection",3,50,"A",2007,"SEDAN","MAZDA","Car","M",32,"30-39","Drivers"
"T20190010969","12/6/19",17:50:00,"Collision with vehicle","Wednesday","Dark Street lights on",2,2,"Cross intersection",3,50,"B",2016,"SEDAN","HOLDEN","Car","F",34,"30-39","Drivers"
"T20190010973","12/6/19",17:19:00,"Collision with vehicle","Wednesday","Dark Street lights on",2,4,"Cross intersection",2,50,"A",1998,"BUS","TOYOTA","Mini Bus(9-13 seats)","M",31,"30-39","Drivers"
"T20190010973","12/6/19",17:19:00,"Collision with vehicle","Wednesday","Dark Street lights on",2,4,"Cross intersection",2,50,"B",2007,"SEDAN","HOLDEN","Car","M",27,"26-29","Drivers"
"T20190010975","12/6/19",20:27:00,"Struck Pedestrian","Wednesday","Dark Street lights on",1,2,"Not at intersection",3,60,"A",2000,"BUS","SCANIA","Bus/Coach","M",57,"50-59","Drivers"
"T20190010978","12/6/19",19:30:00,"Collision with vehicle","Wednesday","Dark No street lights",2,2,"T intersection",2,60,"A",2017,"UTIL","FORD","Utility","M",41,"40-49","Drivers"
"T20190010979","12/6/19",19:37:00,"Collision with vehicle","Wednesday","Dark Street lights on",4,2,"Not at intersection",3,50,"A",2007,"SEDAN","HOLDEN","Car","M",67,"64-69","Drivers"
"T20190010979","12/6/19",19:37:00,"Collision with vehicle","Wednesday","Dark Street lights on",4,2,"Not at intersection",3,50,"B",2003,"SEDAN","FORD","Car","M",49,"40-49","Drivers"
"T20190010980","12/6/19",19:29:00,"Collision with vehicle","Wednesday","Dark Street lights on",3,3,"Cross intersection",2,60,"A",2003,"SEDAN","MITSUB","Car","M",26,"26-29","Drivers"
"T20190010980","12/6/19",19:29:00,"Collision with vehicle","Wednesday","Dark Street lights on",3,3,"Cross intersection",2,60,"B",2005,"SEDAN","HONDA","Car","M",22,"22-25","Drivers"
"T20190010980","12/6/19",19:29:00,"Collision with vehicle","Wednesday","Dark Street lights on",3,3,"Cross intersection",2,60,"C",1999,"WAGON","TOYOTA","Station Wagon","M",49,"40-49","Drivers"
"T20190010982","12/6/19",18:26:00,"Collision with vehicle","Wednesday","Dark Street lights on",2,3,"T intersection",2,70,"A",1998,"SEDAN","MAZDA","Car","M",23,"22-25","Drivers"
"T20190010982","12/6/19",18:26:00,"Collision with vehicle","Wednesday","Dark Street lights on",2,3,"T intersection",2,70,"B",2016,"SEDAN","MITSUB","Car","M",56,"50-59","Drivers"
"T20190010983","11/6/19",04:15:00,"Collision with a fixed object","Tuesday","Dark No street lights",1,1,"Not at intersection",3,888,"A",2004,"DC UTE","NISSAN","Utility","M",27,"26-29","Drivers"
"T20190010985","12/6/19",22:15:00,"Collision with a fixed object","Wednesday","Dark Street lights on",1,1,"Not at intersection",2,50,"A",1997,"UTIL","HOLDEN","Utility","M",17,"16-17","Drivers"
"T20190010986","12/6/19",06:15:00,"Collision with vehicle","Wednesday","Dusk/Dawn",2,2,"T intersection",2,80,"A",2008,"SEDAN","HONDA","Car","F",48,"40-49","Drivers"
"T20190010986","12/6/19",06:15:00,"Collision with vehicle","Wednesday","Dusk/Dawn",2,2,"T intersection",2,80,"B",2007,"SEDAN","SUBARU","Car","M",34,"30-39","Drivers"
"T20190010988","12/6/19",23:00:00,"Collision with vehicle","Wednesday","Dark Street lights on",2,2,"Not at intersection",3,40,"A",2012,"VAN","TOYOTA","Car","M",52,"50-59","Drivers"
"T20190010992","12/6/19",22:31:00,"collision with some other object","Wednesday","Dark No street lights",1,1,"Not at intersection",2,100,"A",2005,"COUPE","VOLKS","Car","F",19,"17-21","Drivers"
"T20190010993","30/4/19",16:15:00,"Collision with vehicle","Tuesday","Day",2,2,"Not at intersection",2,60,"A",2011,"TOURER","UNKN","Car","F",46,"40-49","Drivers"
"T20190010993","30/4/19",16:15:00,"Collision with vehicle","Tuesday","Day",2,2,"Not at intersection",2,60,"B",2010,"SEDAN","UNKN","Car","F",67,"64-69","Drivers"
"T20190010995","13/6/19",07:33:00,"Collision with vehicle","Thursday","Day",2,2,"Cross intersection",2,60,"B",2018,"WAGON","SKODA","Station Wagon","F",38,"30-39","Drivers"
"T20190010996","13/6/19",06:50:00,"Collision with vehicle","Thursday","Dark Street lights on",2,2,"T intersection",2,50,"A",2016,"WAGON","LEXUS","Station Wagon","M",38,"30-39","Drivers"
"T20190010998","9/6/19",11:00:00,"Collision with vehicle","Sunday","Day",2,3,"Not at intersection",3,60,"A",2015,"WAGON","B M W","Station Wagon","M",47,"40-49","Drivers"
"T20190010998","9/6/19",11:00:00,"Collision with vehicle","Sunday","Day",2,3,"Not at intersection",3,60,"B",2003,"WAGON","SUBARU","Station Wagon","F",58,"50-59","Drivers"
"T20190010999","13/6/19",08:37:00,"Collision with vehicle","Thursday","Day",3,4,"Not at intersection",3,110,"A",2013,"SEDAN","VOLKS","Car","F",35,"30-39","Drivers"
"T20190010999","13/6/19",08:37:00,"Collision with vehicle","Thursday","Day",3,4,"Not at intersection",3,110,"B",2017,"UTIL","MAZDA","Utility","M",38,"30-39","Drivers"
"T20190010999","13/6/19",08:37:00,"Collision with vehicle","Thursday","Day",3,4,"Not at intersection",3,110,"C",2011,"WAGON","NISSAN","Car","M",35,"30-39","Drivers"
"T20190011000","12/6/19",15:15:00,"Struck Pedestrian","Wednesday","Day",1,2,"Not at intersection",3,50,"A",2018,"SEDAN","HYNDAI","Car","M",45,"40-49","Drivers"
"T20190011003","12/6/19",14:30:00,"Collision with vehicle","Wednesday","Day",2,3,"Not at intersection",3,100,"A",2017,"SEDAN","HOLDEN","Car","U",NA,"unknown","Drivers"
"T20190011003","12/6/19",14:30:00,"Collision with vehicle","Wednesday","Day",2,3,"Not at intersection",3,100,"B",2002,"SEDAN","HOLDEN","Car","M",30,"30-39","Drivers"
"T20190011007","13/6/19",09:30:00,"Collision with a fixed object","Thursday","Day",1,1,"Not at intersection",2,60,"A",2004,"SEDAN","KIA","Car","M",69,"64-69","Drivers"
"T20190011009","13/6/19",09:35:00,"Collision with vehicle","Thursday","Day",4,3,"Not at intersection",3,100,"A",2001,"VAN","ISUZU","Light Commercial Vehicle (Rigid) <= 4.5 Tonnes GVM","M",33,"30-39","Drivers"
"T20190011009","13/6/19",09:35:00,"Collision with vehicle","Thursday","Day",4,3,"Not at intersection",3,100,"B",2019,"WAGON","TOYOTA","Station Wagon","M",48,"40-49","Drivers"
"T20190011009","13/6/19",09:35:00,"Collision with vehicle","Thursday","Day",4,3,"Not at intersection",3,100,"C",2018,"UTIL","HOLDEN","Utility","M",65,"64-69","Drivers"
"T20190011010","13/6/19",10:15:00,"Collision with vehicle","Thursday","Day",2,2,"T intersection",2,60,"A",2011,"G UNIT","IVECO","Heavy Vehicle (Rigid) > 4.5 Tonnes","M",58,"50-59","Drivers"
"T20190011010","13/6/19",10:15:00,"Collision with vehicle","Thursday","Day",2,2,"T intersection",2,60,"B",2008,"COUPE","VOLKS","Car","F",77,"70+","Drivers"
"T20190011012","12/4/19",07:50:00,"Collision with vehicle","Friday","Unknown",2,2,"Not at intersection",3,60,"A",2012,"VAN","UNKN","Panel Van","M",29,"26-29","Drivers"
"T20190011012","12/4/19",07:50:00,"Collision with vehicle","Friday","Unknown",2,2,"Not at intersection",3,60,"B",2009,"SED","HONDA","Car","M",31,"30-39","Drivers"
"T20190011014","12/6/19",14:15:00,"Collision with vehicle","Wednesday","Day",2,2,"T intersection",2,60,"A",2005,"WAGON","MAZDA","Station Wagon","M",77,"70+","Drivers"
"T20190011025","13/6/19",08:30:00,"Collision with a fixed object","Thursday","Day",1,2,"Cross intersection",2,100,"A",1996,"SEDAN","FORD","Car","M",73,"70+","Drivers"
"T20190011027","13/6/19",13:51:00,"Collision with vehicle","Thursday","Day",2,1,"T intersection",3,50,"A",2017,"SEDAN","SUZUKI","Car","F",67,"64-69","Drivers"
"T20190011029","13/6/19",12:10:00,"Collision with vehicle","Thursday","Day",2,3,"T intersection",3,60,"A",2018,"SEDAN","TOYOTA","Car","F",82,"70+","Drivers"
"T20190011029","13/6/19",12:10:00,"Collision with vehicle","Thursday","Day",2,3,"T intersection",3,60,"B",2003,"WAGON","HONDA","Station Wagon","F",23,"22-25","Drivers"
"T20190011039","13/6/19",16:49:00,"Collision with vehicle","Thursday","Dusk/Dawn",3,3,"Cross intersection",2,80,"A",2017,"WAGON","HONDA","Station Wagon","F",45,"40-49","Drivers"
"T20190011039","13/6/19",16:49:00,"Collision with vehicle","Thursday","Dusk/Dawn",3,3,"Cross intersection",2,80,"B",2019,"WAGON","NISSAN","Station Wagon","M",37,"30-39","Drivers"
"T20190011039","13/6/19",16:49:00,"Collision with vehicle","Thursday","Dusk/Dawn",3,3,"Cross intersection",2,80,"C",2018,"WAGON","SUBARU","Station Wagon","F",32,"30-39","Drivers"
"T20190011040","13/6/19",15:30:00,"Collision with vehicle","Thursday","Day",2,2,"Not at intersection",3,60,"A",2018,"SEDAN","VOLVO","Car","M",42,"40-49","Drivers"
"T20190011043","13/6/19",17:35:00,"Collision with vehicle","Thursday","Dark No street lights",2,2,"Cross intersection",3,80,"A",2008,"SEDAN","HOLDEN","Car","F",58,"50-59","Drivers"
"T20190011043","13/6/19",17:35:00,"Collision with vehicle","Thursday","Dark No street lights",2,2,"Cross intersection",3,80,"B",2013,"DC UTE","MAZDA","Utility","M",18,"17-21","Drivers"
"T20190011045","13/6/19",17:41:00,"Collision with vehicle","Thursday","Dark Street lights unknown",2,6,"T intersection",3,60,"A",2010,"WAGON","VOLVO","Station Wagon","F",39,"30-39","Drivers"
"T20190011045","13/6/19",17:41:00,"Collision with vehicle","Thursday","Dark Street lights unknown",2,6,"T intersection",3,60,"B",2015,"WAGON","HYNDAI","Station Wagon","F",35,"30-39","Drivers"
"T20190011046","13/6/19",17:30:00,"Collision with vehicle","Thursday","Dark Street lights on",2,2,"Not at intersection",3,60,"A",2018,"SEDAN","HONDA","Car","F",44,"40-49","Drivers"
"T20190011046","13/6/19",17:30:00,"Collision with vehicle","Thursday","Dark Street lights on",2,2,"Not at intersection",3,60,"B",2018,"UTIL","FORD","Utility","M",35,"30-39","Drivers"
"T20190011047","13/6/19",18:00:00,"Collision with vehicle","Thursday","Dark Street lights on",3,6,"Cross intersection",2,60,"A",2006,"SEDAN","HOLDEN","Car","M",87,"70+","Drivers"
"T20190011047","13/6/19",18:00:00,"Collision with vehicle","Thursday","Dark Street lights on",3,6,"Cross intersection",2,60,"B",2013,"DC UTE","HOLDEN","Utility","M",45,"40-49","Drivers"
"T20190011047","13/6/19",18:00:00,"Collision with vehicle","Thursday","Dark Street lights on",3,6,"Cross intersection",2,60,"C",2002,"SED","FORD","Car","M",48,"40-49","Drivers"
"T20190011048","13/6/19",17:40:00,"Collision with vehicle","Thursday","Dark Street lights on",2,2,"T intersection",3,60,"A",1998,"SEDAN","TOYOTA","Car","M",73,"70+","Drivers"
"T20190011048","13/6/19",17:40:00,"Collision with vehicle","Thursday","Dark Street lights on",2,2,"T intersection",3,60,"B",2016,"COUPE","MERC B","Car","M",46,"40-49","Drivers"
"T20190011049","11/6/19",11:45:00,"Collision with vehicle","Tuesday","Day",2,2,"Not at intersection",3,60,"A",2016,"P CARR","TOYOTA","Taxi","M",40,"40-49","Drivers"
"T20190011050","13/6/19",18:13:00,"Collision with vehicle","Thursday","Dark Street lights on",2,2,"T intersection",3,60,"A",2017,"WAGON","B M W","Station Wagon","F",32,"30-39","Drivers"
"T20190011050","13/6/19",18:13:00,"Collision with vehicle","Thursday","Dark Street lights on",2,2,"T intersection",3,60,"B",2000,"SEDAN","TOYOTA","Car","M",19,"17-21","Drivers"
"T20190011051","13/6/19",18:11:00,"Collision with vehicle","Thursday","Dark Street lights on",2,2,"T intersection",3,60,"A",2010,"UTIL","TOYOTA","Utility","M",22,"22-25","Drivers"
"T20190011051","13/6/19",18:11:00,"Collision with vehicle","Thursday","Dark Street lights on",2,2,"T intersection",3,60,"B",2013,"WAGON","HOLDEN","Station Wagon","M",56,"50-59","Drivers"
"T20190011052","18/5/19",05:30:00,"Collision with vehicle","Saturday","Dark Street lights on",3,3,"Not at intersection",2,60,"A",1997,"WAGON","TOYOTA","Station Wagon","M",63,"60-64","Drivers"
"T20190011052","18/5/19",05:30:00,"Collision with vehicle","Saturday","Dark Street lights on",3,3,"Not at intersection",2,60,"B",2002,"TRAY","FORD","Utility","M",73,"70+","Drivers"
"T20190011052","18/5/19",05:30:00,"Collision with vehicle","Saturday","Dark Street lights on",3,3,"Not at intersection",2,60,"C",2012,"UTIL","HOLDEN","Utility","M",63,"60-64","Drivers"
"T20190011054","13/6/19",12:35:00,"Collision with vehicle","Thursday","Day",2,2,"Cross intersection",3,60,"A",2010,"SEDAN","TOYOTA","Car","F",30,"30-39","Drivers"
"T20190011054","13/6/19",12:35:00,"Collision with vehicle","Thursday","Day",2,2,"Cross intersection",3,60,"B",2005,"SEDAN","FORD","Car","M",80,"70+","Drivers"
"T20190011058","13/6/19",19:05:00,"Struck Pedestrian","Thursday","Dark Street lights on",1,2,"Cross intersection",2,60,"A",2012,"SEDAN","VOLKS","Car","F",59,"50-59","Drivers"
"T20190011061","13/6/19",22:30:00,"Struck Pedestrian","Thursday","Dark Street lights on",1,2,"Cross intersection",2,60,"A",2008,"SEDAN","TOYOTA","Car","M",48,"40-49","Drivers"
"T20190011062","13/6/19",13:30:00,"Collision with a fixed object","Thursday","Day",1,1,"Not at intersection",1,100,"A",2019,"TIPPER","MACK","Heavy Vehicle (Rigid) > 4.5 Tonnes","M",52,"50-59","Drivers"
"T20190011063","13/6/19",19:05:00,"Struck Pedestrian","Thursday","Dark Street lights on",1,3,"Not at intersection",3,40,"A",2012,"SED","VOLKS","Car","M",32,"30-39","Drivers"
"T20190011064","13/6/19",20:00:00,"Collision with vehicle","Thursday","Day",2,2,"Cross intersection",3,60,"A",2008,"SEDAN","MITSUB","Car","M",19,"17-21","Drivers"
"T20190011064","13/6/19",20:00:00,"Collision with vehicle","Thursday","Day",2,2,"Cross intersection",3,60,"B",2010,"SEDAN","HOLDEN","Car","F",49,"40-49","Drivers"
"T20190011066","14/6/19",02:00:00,"Collision with a fixed object","Friday","Dark Street lights on",1,2,"T intersection",2,100,"A",2007,"SEDAN","CITRN","Car","M",81,"70+","Drivers"
"T20190011073","14/6/19",04:30:00,"Collision with a fixed object","Friday","Dark No street lights",1,2,"Not at intersection",2,80,"A",1994,"WAGON","SUZUKI","Car","F",24,"22-25","Drivers"
"T20190011078","14/6/19",09:15:00,"Struck Pedestrian","Friday","Day",1,2,"Cross intersection",3,60,"A",2007,"WAGON","FORD","Car","F",67,"64-69","Drivers"
"T20190011080","12/6/19",17:00:00,"Collision with a fixed object","Wednesday","Dusk/Dawn",1,2,"Not at intersection",2,60,"A",1996,"SEDAN","HOLDEN","Car","M",22,"22-25","Drivers"
"T20190011081","12/6/19",09:20:00,"Collision with vehicle","Wednesday","Day",2,2,"Cross intersection",3,80,"A",2002,"VAN","MERC B","Panel Van","M",30,"30-39","Drivers"
"T20190011081","12/6/19",09:20:00,"Collision with vehicle","Wednesday","Day",2,2,"Cross intersection",3,80,"B",1999,"P MVR","LUCAR","Prime Mover - Single Trailer","M",73,"70+","Drivers"
"T20190011082","12/6/19",08:45:00,"Collision with vehicle","Wednesday","Day",2,2,"Not at intersection",3,999,"A",2016,"UTIL","FORD","Utility","M",48,"40-49","Drivers"