"ACCIDENT_NO","ACCIDENTDATE","ACCIDENTTIME","Accident Type Desc","Day Week Description","Light Condition Desc","NO_OF_VEHICLES","NO_PERSONS","Road Geometry Desc","SEVERITY","SPEED_ZONE","VEHICLE_ID","VEHICLE_YEAR_MANUF","VEHICLE_BODY_STYLE","VEHICLE_MAKE","Vehicle Type Desc","SEX","AGE","Age Group","Road User Type Desc"
"T20190011082","12/6/19",08:45:00,"Collision with vehicle","Wednesday","Day",2,2,"Not at intersection",3,999,"B",2014,"DC UTE","MITSUB","Utility","M",50,"50-59","Drivers"
"T20190011090","12/6/19",19:11:00,"Struck Pedestrian","Wednesday","Dark Street lights on",1,2,"Cross intersection",2,70,"A",2018,"WAGON","FORD","Station Wagon","M",52,"50-59","Drivers"
"T20190011093","14/6/19",14:30:00,"Collision with vehicle","Friday","Day",2,2,"T intersection",3,50,"A",2001,"SEDAN","NISSAN","Car","M",40,"40-49","Drivers"
"T20190011093","14/6/19",14:30:00,"Collision with vehicle","Friday","Day",2,2,"T intersection",3,50,"B",2013,"WAGON","NISSAN","Station Wagon","M",37,"30-39","Drivers"
"T20190011100","14/6/19",14:38:00,"Collision with vehicle","Friday","Day",2,2,"T intersection",2,50,"A",2015,"WAGON","HONDA","Station Wagon","F",45,"40-49","Drivers"
"T20190011100","14/6/19",14:38:00,"Collision with vehicle","Friday","Day",2,2,"T intersection",2,50,"B",2005,"P MVR","KENWTH","Prime Mover - Single Trailer","M",45,"40-49","Drivers"
"T20190011104","14/6/19",15:00:00,"Collision with a fixed object","Friday","Day",1,2,"Not at intersection",2,50,"A",2004,"SEDAN","HOLDEN","Car","F",29,"26-29","Drivers"
"T20190011106","14/6/19",17:52:00,"Collision with vehicle","Friday","Dark Street lights on",2,2,"Cross intersection",3,60,"A",2013,"SEDAN","HOLDEN","Car","F",60,"60-64","Drivers"
"T20190011108","14/6/19",16:00:00,"No collision and no object struck","Friday","Day",1,1,"Not at intersection",2,100,"A",0,"SWV1","YAMAHA","Quad Bike","M",50,"50-59","Drivers"
"T20190011111","14/6/19",16:29:00,"Collision with vehicle","Friday","Dusk/Dawn",2,4,"T intersection",3,80,"A",0,"S WAG","NIS","Station Wagon","M",22,"22-25","Drivers"
"T20190011111","14/6/19",16:29:00,"Collision with vehicle","Friday","Dusk/Dawn",2,4,"T intersection",3,80,"B",2015,"VAN","TOYOTA","Panel Van","F",38,"30-39","Drivers"
"T20190011112","14/6/19",17:05:00,"Collision with vehicle","Friday","Dusk/Dawn",2,2,"Not at intersection",3,100,"A",0,"JEEP","JEEP","Station Wagon","U",NA,"unknown","Drivers"
"T20190011112","14/6/19",17:05:00,"Collision with vehicle","Friday","Dusk/Dawn",2,2,"Not at intersection",3,100,"B",2012,"SEDAN","NISSAN","Car","F",20,"17-21","Drivers"
"T20190011117","14/6/19",18:20:00,"Struck Pedestrian","Friday","Dark Street lights on",1,4,"Not at intersection",3,60,"A",2010,"WAGON","TOYOTA","Station Wagon","F",42,"40-49","Drivers"
"T20190011118","14/6/19",17:35:00,"Struck Pedestrian","Friday","Dark Street lights on",1,2,"T intersection",3,80,"A",2016,"SEDAN","MAZDA","Car","F",39,"30-39","Drivers"
"T20190011120","14/6/19",16:45:00,"Collision with vehicle","Friday","Dusk/Dawn",2,3,"T intersection",2,100,"A",1999,"S WAG","VOLVO","Station Wagon","M",42,"40-49","Drivers"
"T20190011120","14/6/19",16:45:00,"Collision with vehicle","Friday","Dusk/Dawn",2,3,"T intersection",2,100,"B",2012,"SEDAN","HOLDEN","Car","F",62,"60-64","Drivers"
"T20190011122","14/6/19",17:35:00,"Collision with vehicle","Friday","Dusk/Dawn",3,4,"Not at intersection",3,60,"A",2012,"WAGON","MAZDA","Station Wagon","F",33,"30-39","Drivers"
"T20190011122","14/6/19",17:35:00,"Collision with vehicle","Friday","Dusk/Dawn",3,4,"Not at intersection",3,60,"B",2004,"SED","TOYOTA","Car","M",62,"60-64","Drivers"
"T20190011122","14/6/19",17:35:00,"Collision with vehicle","Friday","Dusk/Dawn",3,4,"Not at intersection",3,60,"C",2006,"SEDAN","HOLDEN","Car","M",77,"70+","Drivers"
"T20190011128","14/6/19",17:30:00,"Collision with vehicle","Friday","Dark No street lights",2,2,"Not at intersection",2,100,"A",2014,"SEDAN","TOYOTA","Car","F",37,"30-39","Drivers"
"T20190011128","14/6/19",17:30:00,"Collision with vehicle","Friday","Dark No street lights",2,2,"Not at intersection",2,100,"B",2004,"SEDAN","MAZDA","Car","F",34,"30-39","Drivers"
"T20190011129","14/6/19",18:05:00,"Collision with vehicle","Friday","Dark Street lights on",2,2,"T intersection",2,60,"A",2005,"UTIL","HOLDEN","Utility","M",18,"17-21","Drivers"
"T20190011129","14/6/19",18:05:00,"Collision with vehicle","Friday","Dark Street lights on",2,2,"T intersection",2,60,"B",2003,"SEDAN","HOLDEN","Car","M",76,"70+","Drivers"
"T20190011131","14/6/19",19:00:00,"Collision with vehicle","Friday","Dark Street lights on",3,1,"Not at intersection",2,60,"A",2018,"SEDAN","TOYOTA","Car","M",84,"70+","Drivers"
"T20190011136","15/6/19",01:15:00,"Collision with a fixed object","Saturday","Dark Street lights on",1,1,"T intersection",3,90,"A",2008,"UTIL","FORD","Utility","M",33,"30-39","Drivers"
"T20190011141","15/6/19",08:00:00,"Collision with vehicle","Saturday","Day",2,6,"Cross intersection",3,50,"A",2001,"SEDAN","B M W","Car","M",40,"40-49","Drivers"
"T20190011141","15/6/19",08:00:00,"Collision with vehicle","Saturday","Day",2,6,"Cross intersection",3,50,"B",2011,"SEDAN","TOYOTA","Car","M",66,"64-69","Drivers"
"T20190011146","15/6/19",09:33:00,"Collision with vehicle","Saturday","Day",2,2,"Not at intersection",2,80,"A",1999,"SEDAN","MERC B","Car","M",40,"40-49","Drivers"
"T20190011148","15/6/19",08:05:00,"Collision with vehicle","Saturday","Day",2,1,"Not at intersection",2,50,"A",2006,"S WAG","HOLDEN","Station Wagon","M",77,"70+","Drivers"
"T20190011149","15/6/19",09:25:00,"Collision with a fixed object","Saturday","Day",1,1,"T intersection",3,80,"A",2010,"SEDAN","HYNDAI","Car","F",54,"50-59","Drivers"
"T20190011153","15/6/19",12:44:00,"Collision with vehicle","Saturday","Day",2,3,"T intersection",3,70,"A",2018,"DC UTE","FORD","Utility","M",51,"50-59","Drivers"
"T20190011154","8/6/19",17:29:00,"Collision with vehicle","Saturday","Dark Street lights on",2,2,"Cross intersection",3,50,"A",2006,"SEDAN","HOLDEN","Car","M",72,"70+","Drivers"
"T20190011154","8/6/19",17:29:00,"Collision with vehicle","Saturday","Dark Street lights on",2,2,"Cross intersection",3,50,"B",1990,"SEDAN","NISSAN","Car","F",68,"64-69","Drivers"
"T20190011155","15/6/19",13:50:00,"Struck Pedestrian","Saturday","Day",1,3,"T intersection",2,60,"A",2008,"DC UTE","TOYOTA","Utility","M",20,"17-21","Drivers"
"T20190011157","14/6/19",17:07:00,"Struck Pedestrian","Friday","Dark Street lights on",1,2,"Cross intersection",3,60,"A",2017,"VAN","TOYOTA","Panel Van","M",24,"22-25","Drivers"
"T20190011158","15/6/19",14:11:00,"Collision with vehicle","Saturday","Day",2,2,"Cross intersection",2,60,"A",2014,"DC UTE","HOLDEN","Utility","M",23,"22-25","Drivers"
"T20190011158","15/6/19",14:11:00,"Collision with vehicle","Saturday","Day",2,2,"Cross intersection",2,60,"B",2009,"SEDAN","FORD","Car","M",55,"50-59","Drivers"
"T20190011159","15/6/19",11:50:00,"Collision with a fixed object","Saturday","Day",1,2,"Cross intersection",3,50,"A",2014,"SEDAN","MAZDA","Car","F",43,"40-49","Drivers"
"T20190011161","15/6/19",08:57:00,"Collision with vehicle","Saturday","Day",2,1,"Not at intersection",3,50,"A",2017,"WAGON","JEEP","Station Wagon","F",23,"22-25","Drivers"
"T20190011165","15/6/19",15:36:00,"Collision with vehicle","Saturday","Unknown",2,2,"Multiple intersection",3,999,"A",2000,"WAGON","HONDA","Station Wagon","F",19,"17-21","Drivers"
"T20190011165","15/6/19",15:36:00,"Collision with vehicle","Saturday","Unknown",2,2,"Multiple intersection",3,999,"B",1992,"SEDAN","NISSAN","Car","M",55,"50-59","Drivers"
"T20190011167","15/6/19",15:30:00,"Collision with vehicle","Saturday","Day",2,3,"Multiple intersection",3,100,"A",2010,"SEDAN","FORD","Car","F",18,"17-21","Drivers"
"T20190011167","15/6/19",15:30:00,"Collision with vehicle","Saturday","Day",2,3,"Multiple intersection",3,100,"B",2011,"SEDAN","TOYOTA","Car","F",65,"64-69","Drivers"
"T20190011168","15/6/19",16:40:00,"Collision with vehicle","Saturday","Day",2,2,"Not at intersection",3,80,"A",2007,"SEDAN","FORD","Car","M",40,"40-49","Drivers"
"T20190011168","15/6/19",16:40:00,"Collision with vehicle","Saturday","Day",2,2,"Not at intersection",3,80,"B",2009,"WAGON","SUZUKI","Station Wagon","M",56,"50-59","Drivers"
"T20190011169","13/6/19",17:00:00,"Collision with vehicle","Thursday","Unknown",2,2,"Cross intersection",3,999,"A",2013,"SEDAN","HYNDAI","Car","M",29,"26-29","Drivers"
"T20190011169","13/6/19",17:00:00,"Collision with vehicle","Thursday","Unknown",2,2,"Cross intersection",3,999,"B",2011,"SEDAN","FORD","Car","M",18,"17-21","Drivers"
"T20190011170","15/6/19",17:40:00,"Struck Pedestrian","Saturday","Dark Street lights on",1,2,"Unknown",3,50,"A",2015,"WAGON","HYNDAI","Station Wagon","F",52,"50-59","Drivers"
"T20190011174","15/6/19",15:39:00,"Struck Pedestrian","Saturday","Day",1,3,"Not at intersection",2,40,"A",2005,"SEDAN","HOLDEN","Car","F",25,"22-25","Drivers"
"T20190011179","13/6/19",20:30:00,"Struck Pedestrian","Thursday","Dark Street lights on",1,3,"Cross intersection",3,60,"A",2019,"SEDAN","SUZUKI","Car","M",76,"70+","Drivers"
"T20190011180","14/6/19",17:40:00,"Struck Pedestrian","Friday","Dark Street lights on",1,2,"Cross intersection",2,60,"A",2004,"SED","NISSAN","Car","F",59,"50-59","Drivers"
"T20190011183","15/6/19",12:45:00,"Struck Pedestrian","Saturday","Day",1,2,"Not at intersection",3,888,"A",2015,"WAGON","R ROV","Station Wagon","M",48,"40-49","Drivers"
"T20190011185","16/6/19",00:00:00,"Struck Pedestrian","Sunday","Dark Street lights on",1,6,"Not at intersection",1,50,"A",2008,"DC UTE","TOYOTA","Utility","M",23,"22-25","Drivers"
"T20190011186","15/6/19",07:26:00,"Collision with vehicle","Saturday","Dusk/Dawn",2,3,"Not at intersection",3,40,"A",1999,"WAGON","TOYOTA","Station Wagon","M",19,"17-21","Drivers"
"T20190011188","15/6/19",08:30:00,"Collision with a fixed object","Saturday","Day",3,3,"Cross intersection",3,60,"A",2008,"UTIL","MAZDA","Utility","M",31,"30-39","Drivers"
"T20190011188","15/6/19",08:30:00,"Collision with a fixed object","Saturday","Day",3,3,"Cross intersection",3,60,"B",2011,"WAGON","MAZDA","Station Wagon","M",43,"40-49","Drivers"
"T20190011188","15/6/19",08:30:00,"Collision with a fixed object","Saturday","Day",3,3,"Cross intersection",3,60,"C",2014,"WAGON","FORD","Station Wagon","M",59,"50-59","Drivers"
"T20190011191","14/6/19",16:10:00,"Collision with vehicle","Friday","Day",2,2,"T intersection",3,60,"A",2010,"WAGON","HOLDEN","Station Wagon","F",51,"50-59","Drivers"
"T20190011191","14/6/19",16:10:00,"Collision with vehicle","Friday","Day",2,2,"T intersection",3,60,"B",1998,"WAGON","MITSUB","Station Wagon","M",37,"30-39","Drivers"
"T20190011192","16/6/19",07:30:00,"Collision with a fixed object","Sunday","Day",1,1,"Not at intersection",3,100,"A",2016,"WAGON","MITSUB","Station Wagon","F",37,"30-39","Drivers"
"T20190011193","16/6/19",06:15:00,"Collision with vehicle","Sunday","Day",2,2,"Cross intersection",3,999,"B",2001,"SEDAN","FORD","Car","M",25,"22-25","Drivers"
"T20190011195","16/6/19",11:10:00,"Collision with vehicle","Sunday","Day",2,3,"Cross intersection",3,50,"A",2001,"SEDAN","FORD","Car","F",66,"64-69","Drivers"
"T20190011195","16/6/19",11:10:00,"Collision with vehicle","Sunday","Day",2,3,"Cross intersection",3,50,"B",2010,"SEDAN","FORD","Car","F",25,"22-25","Drivers"
"T20190011201","15/6/19",23:57:00,"Collision with a fixed object","Saturday","Dark No street lights",1,1,"Not at intersection",3,100,"A",2010,"UTIL","TOYOTA","Utility","M",41,"40-49","Drivers"
"T20190011202","16/6/19",10:22:00,"Collision with a fixed object","Sunday","Day",1,2,"Not at intersection",3,50,"A",2013,"WAGON","HOLDEN","Station Wagon","F",22,"22-25","Drivers"
"T20190011205","16/6/19",11:10:00,"Collision with vehicle","Sunday","Day",2,2,"Cross intersection",3,60,"A",2007,"SEDAN","TOYOTA","Car","F",32,"30-39","Drivers"
"T20190011205","16/6/19",11:10:00,"Collision with vehicle","Sunday","Day",2,2,"Cross intersection",3,60,"B",2016,"WAGON","NISSAN","Station Wagon","M",45,"40-49","Drivers"
"T20190011209","16/6/19",14:42:00,"Collision with vehicle","Sunday","Day",3,3,"Not at intersection",3,80,"A",2013,"SEDAN","MERC B","Car","F",24,"22-25","Drivers"
"T20190011209","16/6/19",14:42:00,"Collision with vehicle","Sunday","Day",3,3,"Not at intersection",3,80,"B",2013,"SEDAN","MAZDA","Car","F",57,"50-59","Drivers"
"T20190011209","16/6/19",14:42:00,"Collision with vehicle","Sunday","Day",3,3,"Not at intersection",3,80,"C",2017,"WAGON","TOYOTA","Station Wagon","M",22,"22-25","Drivers"
"T20190011210","16/6/19",14:00:00,"Collision with vehicle","Sunday","Day",2,4,"Cross intersection",3,60,"A",2013,"WAGON","NISSAN","Station Wagon","F",31,"30-39","Drivers"
"T20190011210","16/6/19",14:00:00,"Collision with vehicle","Sunday","Day",2,4,"Cross intersection",3,60,"B",2007,"COUPE","B M W","Car","M",29,"26-29","Drivers"
"T20190011213","16/6/19",13:38:00,"Collision with a fixed object","Sunday","Day",1,1,"Not at intersection",2,100,"A",2014,"UTIL","NISSAN","Utility","M",23,"22-25","Drivers"
"T20190011216","16/6/19",17:40:00,"Collision with vehicle","Sunday","Dark Street lights on",2,2,"Not at intersection",2,60,"A",2007,"SEDAN","NISSAN","Car","F",72,"70+","Drivers"
"T20190011217","16/6/19",16:30:00,"No collision and no object struck","Sunday","Day",5,12,"Cross intersection",2,80,"A",2012,"SEDAN","HOLDEN","Car","M",46,"40-49","Drivers"
"T20190011217","16/6/19",16:30:00,"No collision and no object struck","Sunday","Day",5,12,"Cross intersection",2,80,"B",2012,"S WAG","G WALL","Station Wagon","F",27,"26-29","Drivers"
"T20190011217","16/6/19",16:30:00,"No collision and no object struck","Sunday","Day",5,12,"Cross intersection",2,80,"C",2017,"WAGON","FORD","Station Wagon","M",41,"40-49","Drivers"
"T20190011217","16/6/19",16:30:00,"No collision and no object struck","Sunday","Day",5,12,"Cross intersection",2,80,"D",2018,"WAGON","TOYOTA","Station Wagon","F",34,"30-39","Drivers"
"T20190011217","16/6/19",16:30:00,"No collision and no object struck","Sunday","Day",5,12,"Cross intersection",2,80,"E",2016,"SEDAN","NISSAN","Car","F",61,"60-64","Drivers"
"T20190011218","16/6/19",17:10:00,"Collision with vehicle","Sunday","Dark No street lights",2,2,"Cross intersection",2,999,"A",2002,"SEDAN","FORD","Car","M",25,"22-25","Drivers"
"T20190011220","16/6/19",17:37:00,"Collision with a fixed object","Sunday","Dusk/Dawn",1,1,"Not at intersection",2,50,"A",2015,"SEDAN","MAZDA","Car","F",29,"26-29","Drivers"
"T20190011221","16/6/19",17:42:00,"Collision with vehicle","Sunday","Dark Street lights on",3,2,"Not at intersection",3,50,"A",2009,"WAGON","HOLDEN","Station Wagon","F",44,"40-49","Drivers"
"T20190011223","16/6/19",16:22:00,"Collision with vehicle","Sunday","Day",2,5,"Cross intersection",1,80,"A",2005,"WAGON","HYNDAI","Station Wagon","M",51,"50-59","Drivers"
"T20190011223","16/6/19",16:22:00,"Collision with vehicle","Sunday","Day",2,5,"Cross intersection",1,80,"B",2010,"SEDAN","TOYOTA","Car","M",40,"40-49","Drivers"
"T20190011224","16/6/19",21:45:00,"Collision with vehicle","Sunday","Dark Street lights on",2,2,"T intersection",2,60,"A",2008,"WAGON","NISSAN","Station Wagon","F",32,"30-39","Drivers"
"T20190011224","16/6/19",21:45:00,"Collision with vehicle","Sunday","Dark Street lights on",2,2,"T intersection",2,60,"B",2008,"WAGON","HOLDEN","Station Wagon","F",30,"30-39","Drivers"
"T20190011225","1/2/19",23:30:00,"Collision with vehicle","Friday","Dark No street lights",2,2,"Not at intersection",3,100,"A",2017,"UTIL","MAZDA","Utility","M",41,"40-49","Drivers"
"T20190011225","1/2/19",23:30:00,"Collision with vehicle","Friday","Dark No street lights",2,2,"Not at intersection",3,100,"B",2008,"WAGON","TOYOTA","Station Wagon","M",32,"30-39","Drivers"
"T20190011226","16/6/19",21:47:00,"Collision with vehicle","Sunday","Dark Street lights on",2,1,"Not at intersection",2,50,"A",2006,"SEDAN","NISSAN","Car","M",24,"22-25","Drivers"
"T20190011232","16/6/19",21:16:00,"Collision with vehicle","Sunday","Dark Street lights on",3,5,"Cross intersection",2,60,"A",2012,"S WAG","JEEP","Station Wagon","M",58,"50-59","Drivers"
"T20190011232","16/6/19",21:16:00,"Collision with vehicle","Sunday","Dark Street lights on",3,5,"Cross intersection",2,60,"B",2001,"SEDAN","HONDA","Car","U",20,"17-21","Drivers"
"T20190011232","16/6/19",21:16:00,"Collision with vehicle","Sunday","Dark Street lights on",3,5,"Cross intersection",2,60,"C",2009,"SEDAN","HONDA","Car","M",26,"26-29","Drivers"
"T20190011233","16/6/19",20:00:00,"Collision with vehicle","Sunday","Dark Street lights on",2,5,"Cross intersection",2,60,"A",2008,"SEDAN","HOLDEN","Car","M",25,"22-25","Drivers"
"T20190011233","16/6/19",20:00:00,"Collision with vehicle","Sunday","Dark Street lights on",2,5,"Cross intersection",2,60,"B",2000,"SED","HYNDAI","Car","F",18,"17-21","Drivers"
"T20190011237","17/6/19",05:44:00,"Collision with vehicle","Monday","Dark No street lights",2,2,"Not at intersection",2,110,"A",2001,"SEDAN","TOYOTA","Car","M",30,"30-39","Drivers"
"T20190011237","17/6/19",05:44:00,"Collision with vehicle","Monday","Dark No street lights",2,2,"Not at intersection",2,110,"B",2007,"P MVR","F LINE","Prime Mover - Single Trailer","M",62,"60-64","Drivers"
"T20190011238","17/6/19",06:03:00,"Collision with vehicle","Monday","Dusk/Dawn",2,3,"Cross intersection",2,80,"A",0,NA,"FORD","Car","U",NA,"unknown","Drivers"
"T20190011240","17/6/19",07:09:00,"Collision with vehicle","Monday","Dark Street lights on",2,2,"Cross intersection",2,80,"A",2013,"S WAG","HYNDAI","Station Wagon","F",58,"50-59","Drivers"
"T20190011240","17/6/19",07:09:00,"Collision with vehicle","Monday","Dark Street lights on",2,2,"Cross intersection",2,80,"B",2017,"TRAY","TOYOTA","Utility","M",60,"60-64","Drivers"
"T20190011243","17/6/19",07:55:00,"Collision with vehicle","Monday","Day",2,3,"Not at intersection",3,80,"A",2012,"SEDAN","MAZDA","Car","F",41,"40-49","Drivers"
"T20190011243","17/6/19",07:55:00,"Collision with vehicle","Monday","Day",2,3,"Not at intersection",3,80,"B",1995,"SEDAN","TOYOTA","Car","M",24,"22-25","Drivers"
"T20190011246","17/6/19",10:25:00,"Collision with vehicle","Monday","Day",2,3,"T intersection",2,110,"A",1993,"S WAG","MITSUB","Station Wagon","M",84,"70+","Drivers"
"T20190011246","17/6/19",10:25:00,"Collision with vehicle","Monday","Day",2,3,"T intersection",2,110,"B",2011,"SEDAN","MAZDA","Car","M",87,"70+","Drivers"
"T20190011248","17/6/19",12:15:00,"Struck Pedestrian","Monday","Day",1,2,"Not at intersection",3,50,"A",2015,"SEDAN","HOLDEN","Car","M",73,"70+","Drivers"
"T20190011252","17/6/19",08:50:00,"Collision with vehicle","Monday","Day",2,3,"Cross intersection",3,50,"A",2000,"SEDAN","FORD","Car","M",84,"70+","Drivers"
"T20190011252","17/6/19",08:50:00,"Collision with vehicle","Monday","Day",2,3,"Cross intersection",3,50,"B",2007,"SEDAN","HOLDEN","Car","M",53,"50-59","Drivers"
"T20190011253","17/6/19",08:54:00,"Collision with a fixed object","Monday","Day",1,3,"Not at intersection",2,80,"A",2016,"WAGON","JEEP","Station Wagon","M",32,"30-39","Drivers"
"T20190011254","17/6/19",13:06:00,"Collision with vehicle","Monday","Day",4,1,"Not at intersection",3,80,"A",1999,"DC UTE","MITSUB","Utility","M",39,"30-39","Drivers"
"T20190011255","17/6/19",10:20:00,"Collision with vehicle","Monday","Day",2,2,"Cross intersection",3,100,"A",2001,"SEDAN","CHRYS","Car","M",71,"70+","Drivers"
"T20190011255","17/6/19",10:20:00,"Collision with vehicle","Monday","Day",2,2,"Cross intersection",3,100,"B",2016,"SKIP C","ISUZU","Heavy Vehicle (Rigid) > 4.5 Tonnes","M",60,"60-64","Drivers"
"T20190011256","12/6/19",14:30:00,"No collision and no object struck","Wednesday","Day",1,1,"Not at intersection",3,100,"A",2013,"P MVR","F LINE","Prime Mover - Single Trailer","M",38,"30-39","Drivers"
"T20190011258","17/6/19",10:49:00,"Collision with vehicle","Monday","Day",2,3,"Not at intersection",3,60,"A",2018,"SEDAN","HYNDAI","Car","M",76,"70+","Drivers"
"T20190011259","17/6/19",08:30:00,"Collision with vehicle","Monday","Day",2,3,"Cross intersection",2,50,"A",2014,"SEDAN","MAZDA","Car","F",60,"60-64","Drivers"
"T20190011259","17/6/19",08:30:00,"Collision with vehicle","Monday","Day",2,3,"Cross intersection",2,50,"B",2005,"SEDAN","TOYOTA","Car","F",76,"70+","Drivers"
"T20190011260","17/6/19",12:30:00,"Collision with vehicle","Monday","Day",2,2,"Not at intersection",2,999,"A",2008,"UTIL","NISSAN","Utility","M",33,"30-39","Drivers"
"T20190011263","17/6/19",11:20:00,"Collision with vehicle","Monday","Day",2,2,"Not at intersection",3,60,"A",2008,"TIPPER","MERC B","Heavy Vehicle (Rigid) > 4.5 Tonnes","F",34,"30-39","Drivers"
"T20190011263","17/6/19",11:20:00,"Collision with vehicle","Monday","Day",2,2,"Not at intersection",3,60,"B",2010,"SEDAN","MAZDA","Car","M",69,"64-69","Drivers"
"T20190011265","17/6/19",08:33:00,"Collision with vehicle","Monday","Day",3,3,"Not at intersection",3,60,"A",2009,"B BIN","SCANIA","Heavy Vehicle (Rigid) > 4.5 Tonnes","M",66,"64-69","Drivers"
"T20190011265","17/6/19",08:33:00,"Collision with vehicle","Monday","Day",3,3,"Not at intersection",3,60,"B",1997,"COUPE","HONDA","Car","F",33,"30-39","Drivers"
"T20190011265","17/6/19",08:33:00,"Collision with vehicle","Monday","Day",3,3,"Not at intersection",3,60,"C",2014,"UTIL","FORD","Utility","M",25,"22-25","Drivers"
"T20190011267","17/6/19",14:15:00,"Collision with a fixed object","Monday","Day",1,1,"Not at intersection",2,80,"A",2018,"TRICAR","H DAV","Other Vehicle","M",66,"64-69","Drivers"
"T20190011269","17/6/19",10:44:00,"Struck Pedestrian","Monday","Day",1,2,"Unknown",2,777,"A",1997,"S WAG","TOYOTA","Station Wagon","F",52,"50-59","Drivers"
"T20190011271","17/6/19",15:12:00,"Struck Pedestrian","Monday","Day",1,2,"T intersection",2,60,"A",2006,"DC UTE","NISSAN","Utility","M",19,"17-21","Drivers"
"T20190011272","16/6/19",15:00:00,"Collision with vehicle","Sunday","Day",2,5,"Not at intersection",3,60,"A",2014,"WAGON","KIA","Station Wagon","F",29,"26-29","Drivers"
"T20190011272","16/6/19",15:00:00,"Collision with vehicle","Sunday","Day",2,5,"Not at intersection",3,60,"B",2019,"WAGON","NISSAN","Station Wagon","M",50,"50-59","Drivers"
"T20190011273","17/6/19",15:31:00,"Collision with a fixed object","Monday","Day",1,1,"Not at intersection",1,50,"A",2012,"SEDAN","HONDA","Car","M",93,"70+","Drivers"
"T20190011274","17/6/19",16:06:00,"Struck Pedestrian","Monday","Day",1,3,"T intersection",2,50,"A",2007,"WAGON","HYNDAI","Station Wagon","M",47,"40-49","Drivers"
"T20190011278","17/6/19",18:26:00,"Collision with vehicle","Monday","Dark No street lights",2,2,"Not at intersection",2,100,"A",2012,"SED","FORD","Car","F",35,"30-39","Drivers"
"T20190011278","17/6/19",18:26:00,"Collision with vehicle","Monday","Dark No street lights",2,2,"Not at intersection",2,100,"B",2009,"TRAY","MAZDA","Light Commercial Vehicle (Rigid) <= 4.5 Tonnes GVM","M",53,"50-59","Drivers"
"T20190011279","17/6/19",17:15:00,"Collision with vehicle","Monday","Dark Street lights on",2,1,"Not at intersection",3,50,"A",1982,"SEDAN","MERC B","Car","M",71,"70+","Drivers"
"T20190011281","17/6/19",17:30:00,"Collision with vehicle","Monday","Dusk/Dawn",2,2,"Not at intersection",3,60,"A",2016,"SEDAN","HOLDEN","Car","F",32,"30-39","Drivers"
"T20190011281","17/6/19",17:30:00,"Collision with vehicle","Monday","Dusk/Dawn",2,2,"Not at intersection",3,60,"B",2009,"SEDAN","NISSAN","Car","F",73,"70+","Drivers"
"T20190011283","17/6/19",18:50:00,"Collision with vehicle","Monday","Dark Street lights on",2,2,"Cross intersection",3,60,"A",2017,"SEDAN","HOLDEN","Car","U",NA,"unknown","Drivers"
"T20190011283","17/6/19",18:50:00,"Collision with vehicle","Monday","Dark Street lights on",2,2,"Cross intersection",3,60,"B",2013,"SEDAN","HOLDEN","Car","M",25,"22-25","Drivers"
"T20190011284","17/6/19",16:26:00,"Collision with vehicle","Monday","Day",2,2,"Not at intersection",3,80,"A",2005,"SEDAN","MAZDA","Car","F",39,"30-39","Drivers"
"T20190011284","17/6/19",16:26:00,"Collision with vehicle","Monday","Day",2,2,"Not at intersection",3,80,"B",1999,"VAN","HOLDEN","Panel Van","M",84,"70+","Drivers"
"T20190011286","17/6/19",15:15:00,"Collision with a fixed object","Monday","Day",1,1,"Not at intersection",3,100,"A",2014,"BD/PMR","KENWTH","Prime Mover Only","M",43,"40-49","Drivers"
"T20190011287","24/4/19",19:00:00,"Collision with a fixed object","Wednesday","Dark No street lights",2,4,"Not at intersection",3,100,"A",2005,"WAGON","FORD","Station Wagon","F",51,"50-59","Drivers"
"T20190011287","24/4/19",19:00:00,"Collision with a fixed object","Wednesday","Dark No street lights",2,4,"Not at intersection",3,100,"B",2009,"VAN","TOYOTA","Panel Van","F",18,"17-21","Drivers"
"T20190011289","17/6/19",18:19:00,"Collision with vehicle","Monday","Dark Street lights on",2,2,"Not at intersection",3,100,"A",2006,"WAGON","NISSAN","Station Wagon","F",49,"40-49","Drivers"
"T20190011289","17/6/19",18:19:00,"Collision with vehicle","Monday","Dark Street lights on",2,2,"Not at intersection",3,100,"B",2004,"SEDAN","HYNDAI","Car","M",73,"70+","Drivers"
"T20190011290","17/6/19",21:00:00,"Collision with a fixed object","Monday","Dark No street lights",1,1,"Not at intersection",2,80,"A",2016,"SEDAN","SUZUKI","Car","F",56,"50-59","Drivers"
"T20190011291","17/6/19",17:38:00,"Collision with vehicle","Monday","Dark Street lights on",3,3,"Not at intersection",3,60,"A",2009,"SEDAN","AUDI","Car","F",34,"30-39","Drivers"
"T20190011291","17/6/19",17:38:00,"Collision with vehicle","Monday","Dark Street lights on",3,3,"Not at intersection",3,60,"B",2017,"SEDAN","HYNDAI","Car","M",41,"40-49","Drivers"
"T20190011291","17/6/19",17:38:00,"Collision with vehicle","Monday","Dark Street lights on",3,3,"Not at intersection",3,60,"C",2008,"UTIL","TOYOTA","Utility","M",29,"26-29","Drivers"