"ACCIDENT_NO","ACCIDENTDATE","ACCIDENTTIME","Accident Type Desc","Day Week Description","Light Condition Desc","NO_OF_VEHICLES","NO_PERSONS","Road Geometry Desc","SEVERITY","SPEED_ZONE","VEHICLE_ID","VEHICLE_YEAR_MANUF","VEHICLE_BODY_STYLE","VEHICLE_MAKE","Vehicle Type Desc","SEX","AGE","Age Group","Road User Type Desc"
"T20190011292","17/6/19",19:40:00,"Collision with vehicle","Monday","Dark No street lights",2,2,"Not at intersection",1,40,"A",2005,"VAN","MERC B","Panel Van","M",48,"40-49","Drivers"
"T20190011292","17/6/19",19:40:00,"Collision with vehicle","Monday","Dark No street lights",2,2,"Not at intersection",1,40,"B",2013,"P MVR","IVECO","Prime Mover - Single Trailer","M",42,"40-49","Drivers"
"T20190011293","11/6/19",07:45:00,"Collision with vehicle","Tuesday","Day",2,2,"Not at intersection",3,50,"A",2016,"WAGON","KIA","Station Wagon","F",46,"40-49","Drivers"
"T20190011297","13/6/19",10:00:00,"Struck Pedestrian","Thursday","Day",1,2,"Not at intersection",3,40,"A",2018,"SEDAN","TOYOTA","Car","F",34,"30-39","Drivers"
"T20190011302","18/6/19",06:50:00,"Collision with vehicle","Tuesday","Dusk/Dawn",2,2,"Cross intersection",2,70,"A",2016,"SEDAN","TOYOTA","Car","M",35,"30-39","Drivers"
"T20190011306","18/6/19",09:25:00,"Collision with vehicle","Tuesday","Day",2,2,"Not at intersection",2,80,"A",2005,"SEDAN","KIA","Car","M",87,"70+","Drivers"
"T20190011306","18/6/19",09:25:00,"Collision with vehicle","Tuesday","Day",2,2,"Not at intersection",2,80,"B",1990,"VAN","ISUZU","Heavy Vehicle (Rigid) > 4.5 Tonnes","M",64,"60-64","Drivers"
"T20190011308","13/6/19",16:12:00,"Collision with vehicle","Thursday","Day",2,2,"Cross intersection",3,50,"A",2003,"SEDAN","TOYOTA","Car","F",54,"50-59","Drivers"
"T20190011308","13/6/19",16:12:00,"Collision with vehicle","Thursday","Day",2,2,"Cross intersection",3,50,"B",2013,"SEDAN","TOYOTA","Car","F",35,"30-39","Drivers"
"T20190011309","16/6/19",11:35:00,"Collision with vehicle","Sunday","Day",2,2,"Not at intersection",3,40,"A",2013,"WAGON","TOYOTA","Station Wagon","F",21,"17-21","Drivers"
"T20190011310","12/6/19",00:30:00,"Collision with vehicle","Wednesday","Dark Street lights on",2,2,"Not at intersection",2,80,"A",2000,"SEDAN","HOLDEN","Car","M",58,"50-59","Drivers"
"T20190011310","12/6/19",00:30:00,"Collision with vehicle","Wednesday","Dark Street lights on",2,2,"Not at intersection",2,80,"B",2006,"SEDAN","LEXUS","Car","F",20,"17-21","Drivers"
"T20190011313","18/6/19",11:00:00,"Collision with vehicle","Tuesday","Day",2,2,"T intersection",3,60,"A",2018,"UTIL","MAZDA","Utility","M",59,"50-59","Drivers"
"T20190011313","18/6/19",11:00:00,"Collision with vehicle","Tuesday","Day",2,2,"T intersection",3,60,"B",2009,"SEDAN","FORD","Car","M",39,"30-39","Drivers"
"T20190011315","17/6/19",13:50:00,"Collision with vehicle","Monday","Day",2,3,"T intersection",3,80,"A",2017,"SEDAN","MAZDA","Car","F",27,"26-29","Drivers"
"T20190011315","17/6/19",13:50:00,"Collision with vehicle","Monday","Day",2,3,"T intersection",3,80,"B",2010,"SEDAN","HYNDAI","Car","M",48,"40-49","Drivers"
"T20190011317","17/6/19",08:58:00,"Collision with vehicle","Monday","Day",2,2,"T intersection",2,60,"A",2008,"DC UTE","HOLDEN","Utility","F",57,"50-59","Drivers"
"T20190011317","17/6/19",08:58:00,"Collision with vehicle","Monday","Day",2,2,"T intersection",2,60,"B",2014,"SEDAN","TOYOTA","Car","M",24,"22-25","Drivers"
"T20190011319","18/6/19",11:50:00,"Collision with vehicle","Tuesday","Day",2,2,"T intersection",2,100,"A",2015,"SEDAN","HOLDEN","Car","F",82,"70+","Drivers"
"T20190011319","18/6/19",11:50:00,"Collision with vehicle","Tuesday","Day",2,2,"T intersection",2,100,"B",2005,"UTIL","FORD","Utility","M",64,"60-64","Drivers"
"T20190011320","12/6/19",15:35:00,"Collision with vehicle","Wednesday","Day",2,2,"Cross intersection",3,999,"B",2009,"WAGON","NISSAN","Station Wagon","F",45,"40-49","Drivers"
"T20190011321","18/6/19",12:29:00,"Collision with vehicle","Tuesday","Day",2,2,"Not at intersection",3,50,"A",2003,"WAGON","TOYOTA","Station Wagon","F",54,"50-59","Drivers"
"T20190011321","18/6/19",12:29:00,"Collision with vehicle","Tuesday","Day",2,2,"Not at intersection",3,50,"B",2012,"SED","NISSAN","Car","F",33,"30-39","Drivers"
"T20190011322","18/6/19",09:01:00,"Collision with vehicle","Tuesday","Day",2,2,"Cross intersection",3,50,"A",2015,"TRAY","MITSUB","Utility","M",28,"26-29","Drivers"
"T20190011322","18/6/19",09:01:00,"Collision with vehicle","Tuesday","Day",2,2,"Cross intersection",3,50,"B",2014,"WAGON","FORD","Station Wagon","M",48,"40-49","Drivers"
"T20190011323","18/6/19",12:50:00,"collision with some other object","Tuesday","Day",2,1,"Not at intersection",3,50,"A",2010,"SEDAN","TOYOTA","Car","F",52,"50-59","Drivers"
"T20190011324","18/6/19",09:00:00,"Collision with vehicle","Tuesday","Day",2,2,"Not at intersection",2,100,"A",2003,"SEDAN","MITSUB","Car","F",30,"30-39","Drivers"
"T20190011324","18/6/19",09:00:00,"Collision with vehicle","Tuesday","Day",2,2,"Not at intersection",2,100,"B",2014,"WAGON","NISSAN","Station Wagon","F",42,"40-49","Drivers"
"T20190011325","18/6/19",13:25:00,"Collision with vehicle","Tuesday","Day",2,2,"T intersection",3,70,"A",2013,"COUPE","TOYOTA","Car","F",68,"64-69","Drivers"
"T20190011325","18/6/19",13:25:00,"Collision with vehicle","Tuesday","Day",2,2,"T intersection",3,70,"B",2012,"WAGON","NISSAN","Station Wagon","M",81,"70+","Drivers"
"T20190011330","18/6/19",14:28:00,"Collision with vehicle","Tuesday","Day",2,4,"Cross intersection",3,50,"A",2018,"VAN","TOYOTA","Panel Van","M",61,"60-64","Drivers"
"T20190011330","18/6/19",14:28:00,"Collision with vehicle","Tuesday","Day",2,4,"Cross intersection",3,50,"B",2013,"COUPE","TOYOTA","Car","F",18,"17-21","Drivers"
"T20190011331","18/6/19",16:15:00,"Collision with vehicle","Tuesday","Day",2,5,"Cross intersection",2,60,"A",2017,"SEDAN","MAZDA","Car","F",32,"30-39","Drivers"
"T20190011331","18/6/19",16:15:00,"Collision with vehicle","Tuesday","Day",2,5,"Cross intersection",2,60,"B",2000,"SEDAN","TOYOTA","Car","F",23,"22-25","Drivers"
"T20190011332","18/6/19",01:05:00,"Collision with vehicle","Tuesday","Dark Street lights on",2,3,"Not at intersection",3,60,"A",2013,"S WAG","VOLKSW","Station Wagon","M",40,"40-49","Drivers"
"T20190011337","18/6/19",17:45:00,"Collision with vehicle","Tuesday","Dark No street lights",2,2,"Not at intersection",3,60,"A",2012,"SEDAN","TOYOTA","Car","F",28,"26-29","Drivers"
"T20190011337","18/6/19",17:45:00,"Collision with vehicle","Tuesday","Dark No street lights",2,2,"Not at intersection",3,60,"B",1998,"WAGON","HONDA","Station Wagon","M",70,"70+","Drivers"
"T20190011341","18/6/19",16:45:00,"Collision with a fixed object","Tuesday","Day",1,1,"Not at intersection",2,100,"A",1997,"UTIL","TOYOTA","Utility","M",43,"40-49","Drivers"
"T20190011342","18/6/19",17:50:00,"Collision with a fixed object","Tuesday","Dark Street lights on",1,1,"Not at intersection",2,80,"A",2008,"SEDAN","TOYOTA","Car","F",21,"17-21","Drivers"
"T20190011343","15/6/19",16:30:00,"Collision with vehicle","Saturday","Dusk/Dawn",2,2,"Not at intersection",3,999,"A",2012,"SEDAN","TOYOTA","Car","M",33,"30-39","Drivers"
"T20190011344","18/6/19",17:04:00,"Collision with vehicle","Tuesday","Dark Street lights on",2,2,"Not at intersection",2,70,"A",2001,"TRAY","FORD","Utility","M",53,"50-59","Drivers"
"T20190011344","18/6/19",17:04:00,"Collision with vehicle","Tuesday","Dark Street lights on",2,2,"Not at intersection",2,70,"B",2017,"UTIL","FORD","Utility","M",25,"22-25","Drivers"
"T20190011345","27/5/19",14:00:00,"Collision with vehicle","Monday","Day",2,2,"T intersection",2,80,"A",2016,"P MVR","KENWTH","Prime Mover - Single Trailer","M",53,"50-59","Drivers"
"T20190011345","27/5/19",14:00:00,"Collision with vehicle","Monday","Day",2,2,"T intersection",2,80,"B",1999,"WAGON","HOLDEN","Station Wagon","M",70,"70+","Drivers"
"T20190011346","18/6/19",14:30:00,"Collision with vehicle","Tuesday","Day",2,2,"T intersection",2,60,"A",2015,"SEDAN","LEXUS","Car","F",75,"70+","Drivers"
"T20190011348","18/6/19",18:08:00,"Struck animal","Tuesday","Dark Street lights on",3,4,"Not at intersection",3,60,"A",2002,"SEDAN","HYNDAI","Car","M",24,"22-25","Drivers"
"T20190011350","18/6/19",18:15:00,"Vehicle overturned (no collision)","Tuesday","Dark No street lights",1,1,"Not at intersection",2,100,"A",1993,"WAGON","TOYOTA","Station Wagon","M",78,"70+","Drivers"
"T20190011353","18/6/19",17:30:00,"Collision with vehicle","Tuesday","Dark Street lights on",2,3,"Not at intersection",2,40,"A",2009,"SEDAN","HYNDAI","Car","M",66,"64-69","Drivers"
"T20190011353","18/6/19",17:30:00,"Collision with vehicle","Tuesday","Dark Street lights on",2,3,"Not at intersection",2,40,"B",2017,"WAGON","TOYOTA","Car","M",30,"30-39","Drivers"
"T20190011355","18/6/19",19:14:00,"Collision with vehicle","Tuesday","Dark Street lights on",2,2,"T intersection",2,60,"A",2011,"SEDAN","FORD","Car","F",39,"30-39","Drivers"
"T20190011358","18/6/19",13:59:00,"Collision with vehicle","Tuesday","Day",2,2,"Cross intersection",3,80,"A",2011,"UTIL","NISSAN","Utility","M",28,"26-29","Drivers"
"T20190011358","18/6/19",13:59:00,"Collision with vehicle","Tuesday","Day",2,2,"Cross intersection",3,80,"B",2010,"UTIL","KIA","Utility","M",37,"30-39","Drivers"
"T20190011359","18/6/19",18:25:00,"Collision with vehicle","Tuesday","Dark Street lights on",2,3,"Not at intersection",2,50,"B",2011,"SED","VOLKSW","Car","F",26,"26-29","Drivers"
"T20190011360","18/6/19",18:10:00,"Collision with vehicle","Tuesday","Dark Street lights on",2,1,"Not at intersection",2,60,"A",2003,"SEDAN","HOLDEN","Car","M",44,"40-49","Drivers"
"T20190011368","5/6/19",13:50:00,"Collision with vehicle","Wednesday","Day",2,2,"Not at intersection",3,50,"A",2005,"WAGON","FORD","Station Wagon","M",44,"40-49","Drivers"
"T20190011368","5/6/19",13:50:00,"Collision with vehicle","Wednesday","Day",2,2,"Not at intersection",3,50,"B",2017,"VAN","MERC B","Panel Van","M",36,"30-39","Drivers"
"T20190011370","18/6/19",21:00:00,"Collision with a fixed object","Tuesday","Dark No street lights",1,4,"Not at intersection",2,60,"A",0,"SED","FORD","Car","M",25,"22-25","Drivers"
"T20190011372","18/6/19",23:15:00,"Collision with a fixed object","Tuesday","Dark No street lights",1,3,"Not at intersection",2,100,"A",2013,"S WAG","UNKN","Station Wagon","F",33,"30-39","Drivers"
"T20190011375","19/6/19",05:05:00,"Collision with a fixed object","Wednesday","Dark Street lights on",1,2,"Not at intersection",2,60,"A",2006,"SEDAN","SUBARU","Car","F",24,"22-25","Drivers"
"T20190011376","24/5/19",19:15:00,"Collision with vehicle","Friday","Dark Street lights on",2,3,"Not at intersection",2,60,"A",2005,"SED","MITSUB","Car","M",23,"22-25","Drivers"
"T20190011376","24/5/19",19:15:00,"Collision with vehicle","Friday","Dark Street lights on",2,3,"Not at intersection",2,60,"B",2007,"SEDAN","VOLKS","Car","M",18,"17-21","Drivers"
"T20190011379","19/6/19",06:15:00,"Struck Pedestrian","Wednesday","Dark Street lights on",1,2,"Cross intersection",3,50,"A",1999,"SEDAN","TOYOTA","Car","M",46,"40-49","Drivers"
"T20190011380","19/6/19",07:35:00,"Collision with a fixed object","Wednesday","Day",1,1,"T intersection",2,50,"A",2010,"SEDAN","TOYOTA","Car","M",66,"64-69","Drivers"
"T20190011382","19/6/19",06:37:00,"Collision with vehicle","Wednesday","Dark No street lights",2,2,"Not at intersection",3,60,"A",2007,"UTIL","TOYOTA","Utility","M",21,"17-21","Drivers"
"T20190011382","19/6/19",06:37:00,"Collision with vehicle","Wednesday","Dark No street lights",2,2,"Not at intersection",3,60,"B",2011,"DC UTE","TOYOTA","Utility","M",34,"30-39","Drivers"
"T20190011383","19/6/19",08:45:00,"Collision with a fixed object","Wednesday","Day",1,1,"Not at intersection",2,100,"A",2003,"SEDAN","NISSAN","Car","F",71,"70+","Drivers"
"T20190011385","19/6/19",06:55:00,"Collision with vehicle","Wednesday","Dusk/Dawn",2,2,"Not at intersection",3,80,"A",2000,"S WAG","MAZDA","Station Wagon","M",61,"60-64","Drivers"
"T20190011385","19/6/19",06:55:00,"Collision with vehicle","Wednesday","Dusk/Dawn",2,2,"Not at intersection",3,80,"B",2008,"SEDAN","NISSAN","Car","F",33,"30-39","Drivers"
"T20190011386","18/6/19",13:10:00,"Collision with vehicle","Tuesday","Day",2,3,"T intersection",2,100,"A",2011,"SEDAN","SUBARU","Car","F",54,"50-59","Drivers"
"T20190011386","18/6/19",13:10:00,"Collision with vehicle","Tuesday","Day",2,3,"T intersection",2,100,"B",2007,"WAGON","SUBARU","Station Wagon","M",88,"70+","Drivers"
"T20190011392","17/6/19",13:50:00,"Collision with vehicle","Monday","Day",2,2,"Not at intersection",3,999,"B",2017,"SEDAN","KIA","Car","M",69,"64-69","Drivers"
"T20190011394","19/6/19",09:35:00,"Collision with vehicle","Wednesday","Day",2,2,"T intersection",2,80,"A",2015,"VAN","HINO","Heavy Vehicle (Rigid) > 4.5 Tonnes","M",29,"26-29","Drivers"
"T20190011394","19/6/19",09:35:00,"Collision with vehicle","Wednesday","Day",2,2,"T intersection",2,80,"B",2014,"UTIL","NISSAN","Utility","F",72,"70+","Drivers"
"T20190011395","19/6/19",07:30:00,"Collision with vehicle","Wednesday","Dusk/Dawn",2,3,"Cross intersection",3,80,"A",2012,"WAGON","MITSUB","Station Wagon","F",32,"30-39","Drivers"
"T20190011395","19/6/19",07:30:00,"Collision with vehicle","Wednesday","Dusk/Dawn",2,3,"Cross intersection",3,80,"B",2019,"WAGON","NISSAN","Station Wagon","M",23,"22-25","Drivers"
"T20190011398","19/6/19",10:25:00,"Collision with vehicle","Wednesday","Day",3,2,"Not at intersection",3,80,"A",2006,"SEDAN","B M W","Car","F",29,"26-29","Drivers"
"T20190011398","19/6/19",10:25:00,"Collision with vehicle","Wednesday","Day",3,2,"Not at intersection",3,80,"B",2007,"SEDAN","TOYOTA","Car","M",50,"50-59","Drivers"
"T20190011402","19/6/19",13:00:00,"Collision with a fixed object","Wednesday","Day",1,1,"Not at intersection",2,100,"A",2007,"COUPE","HOLDEN","Car","F",54,"50-59","Drivers"
"T20190011403","15/6/19",13:40:00,"No collision and no object struck","Saturday","Day",1,1,"Not at intersection",2,100,"A",1997,"TRAY","TOYOTA","Light Commercial Vehicle (Rigid) <= 4.5 Tonnes GVM","F",20,"17-21","Drivers"
"T20190011404","19/6/19",12:50:00,"Collision with vehicle","Wednesday","Day",2,5,"T intersection",3,80,"A",2000,"SEDAN","HOLDEN","Car","M",34,"30-39","Drivers"
"T20190011404","19/6/19",12:50:00,"Collision with vehicle","Wednesday","Day",2,5,"T intersection",3,80,"B",2011,"WAGON","MAZDA","Car","F",34,"30-39","Drivers"
"T20190011405","18/6/19",06:48:00,"Collision with vehicle","Tuesday","Dark Street lights unknown",2,2,"Not at intersection",3,100,"A",2016,"DC UTE","TOYOTA","Utility","M",46,"40-49","Drivers"
"T20190011405","18/6/19",06:48:00,"Collision with vehicle","Tuesday","Dark Street lights unknown",2,2,"Not at intersection",3,100,"B",2001,"SEDAN","MERC B","Car","M",23,"22-25","Drivers"
"T20190011407","19/6/19",14:30:00,"Collision with vehicle","Wednesday","Day",2,3,"Cross intersection",2,100,"A",2006,"TRAY","KIA","Light Commercial Vehicle (Rigid) <= 4.5 Tonnes GVM","M",29,"26-29","Drivers"
"T20190011407","19/6/19",14:30:00,"Collision with vehicle","Wednesday","Day",2,3,"Cross intersection",2,100,"B",2009,"SEDAN","PEUG","Car","M",55,"50-59","Drivers"
"T20190011409","19/6/19",16:30:00,"Collision with vehicle","Wednesday","Dusk/Dawn",2,2,"Not at intersection",3,60,"A",2018,"SEDAN","KIA","Car","F",53,"50-59","Drivers"
"T20190011410","19/6/19",15:55:00,"Collision with vehicle","Wednesday","Day",2,2,"Not at intersection",2,60,"A",1986,"SEDAN","HOLDEN","Car","F",73,"70+","Drivers"
"T20190011410","19/6/19",15:55:00,"Collision with vehicle","Wednesday","Day",2,2,"Not at intersection",2,60,"B",2014,"SEDAN","MAZDA","Car","F",30,"30-39","Drivers"
"T20190011412","19/6/19",16:54:00,"Collision with vehicle","Wednesday","Day",2,2,"T intersection",2,60,"A",2010,"S WAG","NISSAN","Station Wagon","M",42,"40-49","Drivers"
"T20190011417","19/6/19",18:04:00,"Collision with vehicle","Wednesday","Dark Street lights on",3,7,"Not at intersection",2,80,"A",2009,"SEDAN","HYNDAI","Car","F",36,"30-39","Drivers"
"T20190011417","19/6/19",18:04:00,"Collision with vehicle","Wednesday","Dark Street lights on",3,7,"Not at intersection",2,80,"B",2006,"SEDAN","FORD","Car","M",27,"26-29","Drivers"
"T20190011417","19/6/19",18:04:00,"Collision with vehicle","Wednesday","Dark Street lights on",3,7,"Not at intersection",2,80,"C",2011,"DC UTE","VOLKS","Utility","M",50,"50-59","Drivers"
"T20190011418","19/6/19",19:45:00,"Struck Pedestrian","Wednesday","Dark Street lights on",1,2,"Not at intersection",2,60,"A",2008,"SEDAN","TOYOTA","Car","M",31,"30-39","Drivers"
"T20190011421","19/6/19",17:40:00,"Struck Pedestrian","Wednesday","Dark Street lights on",1,2,"Cross intersection",3,60,"A",2000,"SEDAN","TOYOTA","Car","M",35,"30-39","Drivers"
"T20190011423","19/6/19",20:00:00,"Collision with a fixed object","Wednesday","Dark No street lights",1,4,"Not at intersection",3,60,"A",2004,"WAGON","TOYOTA","Station Wagon","F",50,"50-59","Drivers"
"T20190011425","19/6/19",20:42:00,"Struck Pedestrian","Wednesday","Dark Street lights on",1,3,"Cross intersection",2,60,"A",2007,"SEDAN","MITSUB","Car","M",24,"22-25","Drivers"
"T20190011432","20/6/19",06:50:00,"Struck Pedestrian","Thursday","Dark Street lights unknown",1,2,"Cross intersection",2,50,"A",2017,"DC UTE","MAZDA","Utility","M",51,"50-59","Drivers"
"T20190011433","20/6/19",06:00:00,"Collision with vehicle","Thursday","Dark Street lights on",2,2,"T intersection",3,60,"A",2011,"P MVR","KENWTH","Prime Mover - Single Trailer","M",38,"30-39","Drivers"
"T20190011436","20/6/19",06:50:00,"Struck Pedestrian","Thursday","Dark Street lights unknown",1,3,"T intersection",3,60,"A",2015,"SEDAN","HOLDEN","Car","F",35,"30-39","Drivers"
"T20190011439","19/6/19",13:52:00,"Collision with vehicle","Wednesday","Day",3,3,"Not at intersection",3,60,"A",2005,"SERV","ISUZU","Heavy Vehicle (Rigid) > 4.5 Tonnes","M",47,"40-49","Drivers"
"T20190011439","19/6/19",13:52:00,"Collision with vehicle","Wednesday","Day",3,3,"Not at intersection",3,60,"B",2012,"SEDAN","TOYOTA","Car","F",27,"26-29","Drivers"
"T20190011439","19/6/19",13:52:00,"Collision with vehicle","Wednesday","Day",3,3,"Not at intersection",3,60,"C",2016,"SEDAN","HONDA","Car","F",81,"70+","Drivers"
"T20190011440","20/6/19",08:25:00,"Struck Pedestrian","Thursday","Day",1,2,"Not at intersection",2,60,"A",2008,"WAGON","NISSAN","Station Wagon","M",23,"22-25","Drivers"
"T20190011442","20/6/19",07:40:00,"Collision with vehicle","Thursday","Day",2,4,"Cross intersection",2,60,"A",2005,"UTIL","NISSAN","Utility","F",20,"17-21","Drivers"
"T20190011442","20/6/19",07:40:00,"Collision with vehicle","Thursday","Day",2,4,"Cross intersection",2,60,"B",2017,"WAGON","MITSUB","Station Wagon","M",17,"16-17","Drivers"
"T20190011443","20/6/19",08:28:00,"Collision with a fixed object","Thursday","Day",1,1,"Not at intersection",3,110,"A",2004,"SEDAN","HOLDEN","Car","M",18,"17-21","Drivers"
"T20190011444","20/6/19",09:10:00,"Collision with vehicle","Thursday","Day",2,2,"Not at intersection",2,60,"A",2004,"WAGON","NISSAN","Station Wagon","F",46,"40-49","Drivers"
"T20190011444","20/6/19",09:10:00,"Collision with vehicle","Thursday","Day",2,2,"Not at intersection",2,60,"B",2014,"P MVR","VOLVO","Prime Mover - Single Trailer","M",50,"50-59","Drivers"
"T20190011446","19/6/19",15:50:00,"Collision with vehicle","Wednesday","Day",3,3,"Not at intersection",3,80,"A",2006,"SEDAN","HYNDAI","Car","F",33,"30-39","Drivers"
"T20190011446","19/6/19",15:50:00,"Collision with vehicle","Wednesday","Day",3,3,"Not at intersection",3,80,"B",2012,"WAGON","TOYOTA","Car","F",27,"26-29","Drivers"
"T20190011446","19/6/19",15:50:00,"Collision with vehicle","Wednesday","Day",3,3,"Not at intersection",3,80,"C",2012,"WAGON","HOLDEN","Car","F",29,"26-29","Drivers"
"T20190011450","23/5/19",12:40:00,"Collision with vehicle","Thursday","Day",2,3,"Not at intersection",3,70,"A",2003,"SEDAN","FORD","Car","M",86,"70+","Drivers"
"T20190011450","23/5/19",12:40:00,"Collision with vehicle","Thursday","Day",2,3,"Not at intersection",3,70,"B",1997,"BUS","SCANIA","Bus/Coach","M",61,"60-64","Drivers"
"T20190011451","20/6/19",07:35:00,"Collision with vehicle","Thursday","Dusk/Dawn",2,2,"Not at intersection",2,80,"A",2012,"UTIL","NISSAN","Utility","M",23,"22-25","Drivers"
"T20190011451","20/6/19",07:35:00,"Collision with vehicle","Thursday","Dusk/Dawn",2,2,"Not at intersection",2,80,"B",2016,"UTIL","FORD","Utility","M",40,"40-49","Drivers"
"T20190011453","5/4/19",10:30:00,"Collision with vehicle","Friday","Day",2,2,"T intersection",2,80,"A",2010,"SEDAN","MAZDA","Car","F",42,"40-49","Drivers"
"T20190011453","5/4/19",10:30:00,"Collision with vehicle","Friday","Day",2,2,"T intersection",2,80,"B",2011,"SEDAN","HOLDEN","Car","M",62,"60-64","Drivers"
"T20190011455","20/6/19",08:55:00,"Vehicle overturned (no collision)","Thursday","Day",1,1,"Not at intersection",2,100,"A",2013,"SED","KIA","Car","F",20,"17-21","Drivers"
"T20190011458","19/6/19",17:56:00,"Struck Pedestrian","Wednesday","Dark Street lights on",1,2,"Cross intersection",2,60,"A",2012,"SEDAN","VOLKS","Car","F",37,"30-39","Drivers"
"T20190011463","20/6/19",11:54:00,"Collision with vehicle","Thursday","Day",2,2,"Cross intersection",3,50,"B",2016,"SEDAN","MERC B","Car","F",34,"30-39","Drivers"
"T20190011466","20/6/19",07:30:00,"Struck Pedestrian","Thursday","Day",1,2,"Cross intersection",2,40,"A",2008,"WAGON","TOYOTA","Station Wagon","F",25,"22-25","Drivers"
"T20190011469","20/6/19",12:00:00,"Collision with a fixed object","Thursday","Day",1,1,"Not at intersection",2,100,"A",2009,"SEDAN","KIA","Car","M",92,"70+","Drivers"
"T20190011471","20/6/19",13:30:00,"Collision with vehicle","Thursday","Day",2,2,"Not at intersection",2,80,"A",2005,"T SDS","TOYOTA","Light Commercial Vehicle (Rigid) <= 4.5 Tonnes GVM","M",64,"60-64","Drivers"
"T20190011471","20/6/19",13:30:00,"Collision with vehicle","Thursday","Day",2,2,"Not at intersection",2,80,"B",2001,"SEDAN","TOYOTA","Car","F",72,"70+","Drivers"
"T20190011473","20/6/19",17:00:00,"Collision with vehicle","Thursday","Day",7,7,"Cross intersection",3,70,"A",2006,"S WAG","VOLVO","Station Wagon","F",19,"17-21","Drivers"
"T20190011473","20/6/19",17:00:00,"Collision with vehicle","Thursday","Day",7,7,"Cross intersection",3,70,"B",2016,"WAGON","MITSUB","Station Wagon","F",48,"40-49","Drivers"
"T20190011473","20/6/19",17:00:00,"Collision with vehicle","Thursday","Day",7,7,"Cross intersection",3,70,"C",2008,"SEDAN","TOYOTA","Car","F",19,"17-21","Drivers"
"T20190011473","20/6/19",17:00:00,"Collision with vehicle","Thursday","Day",7,7,"Cross intersection",3,70,"D",2004,"S WAG","SUBARU","Station Wagon","M",21,"17-21","Drivers"
"T20190011473","20/6/19",17:00:00,"Collision with vehicle","Thursday","Day",7,7,"Cross intersection",3,70,"E",2014,"SEDAN","HOLDEN","Car","M",19,"17-21","Drivers"
"T20190011473","20/6/19",17:00:00,"Collision with vehicle","Thursday","Day",7,7,"Cross intersection",3,70,"F",2001,"TRAY","TOYOTA","Light Commercial Vehicle (Rigid) <= 4.5 Tonnes GVM","M",24,"22-25","Drivers"
"T20190011473","20/6/19",17:00:00,"Collision with vehicle","Thursday","Day",7,7,"Cross intersection",3,70,"G",2004,"SED","MAZDA","Car","M",26,"26-29","Drivers"
"T20190011474","20/6/19",16:10:00,"Collision with vehicle","Thursday","Day",4,7,"Not at intersection",3,80,"A",2001,"SEDAN","FORD","Car","M",23,"22-25","Drivers"
"T20190011474","20/6/19",16:10:00,"Collision with vehicle","Thursday","Day",4,7,"Not at intersection",3,80,"B",2015,"SEDAN","TOYOTA","Car","F",57,"50-59","Drivers"
"T20190011474","20/6/19",16:10:00,"Collision with vehicle","Thursday","Day",4,7,"Not at intersection",3,80,"C",2012,"SEDAN","MAZDA","Car","F",33,"30-39","Drivers"
"T20190011474","20/6/19",16:10:00,"Collision with vehicle","Thursday","Day",4,7,"Not at intersection",3,80,"D",2003,"SEDAN","FORD","Car","M",58,"50-59","Drivers"
"T20190011480","20/6/19",15:30:00,"Collision with vehicle","Thursday","Day",2,2,"Not at intersection",3,40,"A",2012,"SEDAN","TOYOTA","Car","M",39,"30-39","Drivers"
"T20190011480","20/6/19",15:30:00,"Collision with vehicle","Thursday","Day",2,2,"Not at intersection",3,40,"B",2013,"UTIL","NISSAN","Utility","U",NA,"unknown","Drivers"
"T20190011482","20/6/19",17:51:00,"Collision with vehicle","Thursday","Dark Street lights on",3,3,"Not at intersection",2,60,"A",2014,"WAGON","TOYOTA","Station Wagon","F",50,"50-59","Drivers"
"T20190011482","20/6/19",17:51:00,"Collision with vehicle","Thursday","Dark Street lights on",3,3,"Not at intersection",2,60,"B",2006,"SEDAN","VOLKS","Car","M",22,"22-25","Drivers"
"T20190011482","20/6/19",17:51:00,"Collision with vehicle","Thursday","Dark Street lights on",3,3,"Not at intersection",2,60,"C",2007,"SEDAN","TOYOTA","Car","M",22,"22-25","Drivers"
"T20190011483","20/6/19",18:00:00,"Collision with vehicle","Thursday","Dark Street lights on",2,2,"T intersection",2,60,"A",2016,"WAGON","MERC B","Station Wagon","F",38,"30-39","Drivers"
"T20190011483","20/6/19",18:00:00,"Collision with vehicle","Thursday","Dark Street lights on",2,2,"T intersection",2,60,"B",2006,"SEDAN","CITRN","Car","M",69,"64-69","Drivers"
"T20190011485","20/6/19",19:45:00,"Collision with a fixed object","Thursday","Dark Street lights on",1,1,"T intersection",3,60,"A",1997,"SEDAN","HONDA","Car","M",21,"17-21","Drivers"
"T20190011492","20/6/19",20:45:00,"Struck Pedestrian","Thursday","Dark Street lights on",1,2,"T intersection",3,50,"A",2010,"SEDAN","TOYOTA","Car","F",71,"70+","Drivers"
"T20190011493","20/6/19",15:00:00,"Collision with vehicle","Thursday","Day",2,2,"Cross intersection",2,50,"A",2009,"SEDAN","MAZDA","Car","F",53,"50-59","Drivers"