"ACCIDENT_NO","ACCIDENTDATE","ACCIDENTTIME","Accident Type Desc","Day Week Description","Light Condition Desc","NO_OF_VEHICLES","NO_PERSONS","Road Geometry Desc","SEVERITY","SPEED_ZONE","VEHICLE_ID","VEHICLE_YEAR_MANUF","VEHICLE_BODY_STYLE","VEHICLE_MAKE","Vehicle Type Desc","SEX","AGE","Age Group","Road User Type Desc"
"T20190011493","20/6/19",15:00:00,"Collision with vehicle","Thursday","Day",2,2,"Cross intersection",2,50,"B",2012,"SEDAN","VOLKS","Car","F",60,"60-64","Drivers"
"T20190011494","20/6/19",17:10:00,"Struck Pedestrian","Thursday","Dusk/Dawn",1,2,"T intersection",2,40,"A",2018,"UTIL","MAZDA","Utility","F",51,"50-59","Drivers"
"T20190011497","20/6/19",20:55:00,"Collision with vehicle","Thursday","Dark Street lights on",2,2,"Not at intersection",2,80,"A",2013,"SEDAN","NISSAN","Car","F",44,"40-49","Drivers"
"T20190011497","20/6/19",20:55:00,"Collision with vehicle","Thursday","Dark Street lights on",2,2,"Not at intersection",2,80,"B",2011,"SEDAN","FORD","Car","U",NA,"unknown","Drivers"
"T20190011502","20/6/19",14:22:00,"Collision with vehicle","Thursday","Day",2,2,"Not at intersection",2,80,"A",2019,"DC UTE","TOYOTA","Utility","M",61,"60-64","Drivers"
"T20190011502","20/6/19",14:22:00,"Collision with vehicle","Thursday","Day",2,2,"Not at intersection",2,80,"B",2012,"TRAY","MAZDA","Light Commercial Vehicle (Rigid) <= 4.5 Tonnes GVM","M",65,"64-69","Drivers"
"T20190011503","21/6/19",06:12:00,"Collision with vehicle","Friday","Dark Street lights on",2,2,"Not at intersection",2,60,"A",1995,"UTIL","HOLDEN","Utility","M",46,"40-49","Drivers"
"T20190011503","21/6/19",06:12:00,"Collision with vehicle","Friday","Dark Street lights on",2,2,"Not at intersection",2,60,"B",2012,"TIPPER","VOLVO","Heavy Vehicle (Rigid) > 4.5 Tonnes","M",38,"30-39","Drivers"
"T20190011504","20/6/19",14:10:00,"Collision with vehicle","Thursday","Day",2,2,"Cross intersection",2,60,"A",2012,"WAGON","TOYOTA","Station Wagon","F",50,"50-59","Drivers"
"T20190011505","19/6/19",18:00:00,"Collision with vehicle","Wednesday","Dark Street lights on",3,1,"Not at intersection",3,50,"A",1998,"SEDAN","FORD","Car","M",40,"40-49","Drivers"
"T20190011507","21/6/19",06:50:00,"Struck Pedestrian","Friday","Dark Street lights on",1,2,"Cross intersection",3,60,"A",2011,"WAGON","SUBARU","Station Wagon","F",60,"60-64","Drivers"
"T20190011508","21/6/19",07:00:00,"Collision with vehicle","Friday","Dark Street lights on",2,3,"T intersection",2,70,"A",1999,"SEDAN","HYNDAI","Car","M",22,"22-25","Drivers"
"T20190011508","21/6/19",07:00:00,"Collision with vehicle","Friday","Dark Street lights on",2,3,"T intersection",2,70,"B",2018,"WAGON","MAZDA","Station Wagon","M",62,"60-64","Drivers"
"T20190011509","21/6/19",08:17:00,"Collision with vehicle","Friday","Dusk/Dawn",3,3,"Not at intersection",3,80,"A",2005,"SEDAN","TOYOTA","Car","M",32,"30-39","Drivers"
"T20190011509","21/6/19",08:17:00,"Collision with vehicle","Friday","Dusk/Dawn",3,3,"Not at intersection",3,80,"B",2016,"SEDAN","HONDA","Car","F",42,"40-49","Drivers"
"T20190011509","21/6/19",08:17:00,"Collision with vehicle","Friday","Dusk/Dawn",3,3,"Not at intersection",3,80,"C",0,"SEDAN","UNKN","Car","U",NA,"unknown","Drivers"
"T20190011510","14/6/19",17:20:00,"Collision with vehicle","Friday","Dark Street lights on",3,3,"Cross intersection",3,60,"A",2003,"SEDAN","FORD","Car","F",60,"60-64","Drivers"
"T20190011510","14/6/19",17:20:00,"Collision with vehicle","Friday","Dark Street lights on",3,3,"Cross intersection",3,60,"B",0,"DC UTE","NISSAN","Utility","M",40,"40-49","Drivers"
"T20190011510","14/6/19",17:20:00,"Collision with vehicle","Friday","Dark Street lights on",3,3,"Cross intersection",3,60,"C",2010,"TRAY","FORD","Light Commercial Vehicle (Rigid) <= 4.5 Tonnes GVM","M",55,"50-59","Drivers"
"T20190011512","21/6/19",08:30:00,"collision with some other object","Friday","Day",1,1,"Not at intersection",3,100,"A",2006,"SEDAN","MERC B","Car","M",50,"50-59","Drivers"
"T20190011514","21/6/19",09:55:00,"Struck Pedestrian","Friday","Day",1,2,"Not at intersection",3,50,"A",2015,"VAN","TOYOTA","Light Commercial Vehicle (Rigid) <= 4.5 Tonnes GVM","M",34,"30-39","Drivers"
"T20190011515","21/6/19",07:30:00,"Collision with vehicle","Friday","Day",2,5,"Not at intersection",3,60,"A",2017,"UTIL","HOLDEN","Utility","M",29,"26-29","Drivers"
"T20190011515","21/6/19",07:30:00,"Collision with vehicle","Friday","Day",2,5,"Not at intersection",3,60,"B",2017,"DC UTE","TOYOTA","Utility","M",39,"30-39","Drivers"
"T20190011516","20/6/19",22:10:00,"Collision with a fixed object","Thursday","Dark No street lights",1,1,"T intersection",3,100,"A",2003,"UTIL","FORD","Utility","M",54,"50-59","Drivers"
"T20190011518","21/6/19",11:40:00,"Struck Pedestrian","Friday","Day",1,2,"T intersection",2,80,"A",2012,"SEDAN","TOYOTA","Car","F",81,"70+","Drivers"
"T20190011520","21/6/19",12:13:00,"Collision with vehicle","Friday","Day",3,3,"Not at intersection",3,40,"B",2010,"SEDAN","HOLDEN","Car","M",29,"26-29","Drivers"
"T20190011520","21/6/19",12:13:00,"Collision with vehicle","Friday","Day",3,3,"Not at intersection",3,40,"C",2010,"SEDAN","PEUG","Car","F",37,"30-39","Drivers"
"T20190011521","18/6/19",13:04:00,"Struck Pedestrian","Tuesday","Day",1,2,"Y intersection",2,40,"A",2012,"BUS","VOLVO","Bus/Coach","M",43,"40-49","Drivers"
"T20190011522","21/6/19",11:32:00,"Collision with vehicle","Friday","Day",2,2,"Cross intersection",3,50,"A",2013,"COUPE","TOYOTA","Car","F",66,"64-69","Drivers"
"T20190011522","21/6/19",11:32:00,"Collision with vehicle","Friday","Day",2,2,"Cross intersection",3,50,"B",2012,"SEDAN","TOYOTA","Car","F",75,"70+","Drivers"
"T20190011523","21/6/19",11:30:00,"Collision with vehicle","Friday","Day",2,2,"T intersection",2,50,"A",2003,"SEDAN","TOYOTA","Car","F",81,"70+","Drivers"
"T20190011525","21/6/19",10:45:00,"Collision with vehicle","Friday","Day",2,3,"Cross intersection",3,80,"A",2011,"WAGON","VOLKS","Station Wagon","F",65,"64-69","Drivers"
"T20190011525","21/6/19",10:45:00,"Collision with vehicle","Friday","Day",2,3,"Cross intersection",3,80,"B",2006,"SEDAN","HOLDEN","Car","M",27,"26-29","Drivers"
"T20190011527","21/6/19",11:58:00,"Collision with vehicle","Friday","Day",3,6,"T intersection",2,60,"A",2017,"WAGON","HYNDAI","Station Wagon","F",29,"26-29","Drivers"
"T20190011527","21/6/19",11:58:00,"Collision with vehicle","Friday","Day",3,6,"T intersection",2,60,"B",2003,"WAGON","FORD","Station Wagon","M",73,"70+","Drivers"
"T20190011527","21/6/19",11:58:00,"Collision with vehicle","Friday","Day",3,6,"T intersection",2,60,"C",2000,"SEDAN","HOLDEN","Car","M",69,"64-69","Drivers"
"T20190011528","21/6/19",12:40:00,"Collision with vehicle","Friday","Day",2,2,"Not at intersection",3,60,"B",2009,"T SDS","MAZDA","Light Commercial Vehicle (Rigid) <= 4.5 Tonnes GVM","M",62,"60-64","Drivers"
"T20190011531","21/6/19",09:05:00,"Struck Pedestrian","Friday","Day",1,2,"Cross intersection",3,40,"A",2006,"WAGON","SUBARU","Station Wagon","M",69,"64-69","Drivers"
"T20190011532","10/6/19",01:30:00,"Struck Pedestrian","Monday","Dark Street lights on",1,2,"Cross intersection",3,40,"A",2012,"SED","FORD","Taxi","M",30,"30-39","Drivers"
"T20190011533","21/6/19",07:40:00,"Collision with vehicle","Friday","Day",2,3,"Not at intersection",3,100,"A",2011,"P MVR","KENWTH","Prime Mover Only","M",50,"50-59","Drivers"
"T20190011533","21/6/19",07:40:00,"Collision with vehicle","Friday","Day",2,3,"Not at intersection",3,100,"B",2006,"S WAG","HOLDEN","Station Wagon","M",41,"40-49","Drivers"
"T20190011535","21/6/19",12:00:00,"Collision with vehicle","Friday","Day",2,2,"Cross intersection",3,60,"A",2001,"SEDAN","HOLDEN","Car","F",58,"50-59","Drivers"
"T20190011535","21/6/19",12:00:00,"Collision with vehicle","Friday","Day",2,2,"Cross intersection",3,60,"B",2009,"SEDAN","HOLDEN","Car","M",51,"50-59","Drivers"
"T20190011539","21/6/19",09:20:00,"Vehicle overturned (no collision)","Friday","Day",1,1,"Not at intersection",2,100,"A",2007,"P MVR","W STAR","Prime Mover B-Double","M",57,"50-59","Drivers"
"T20190011540","21/6/19",07:25:00,"Collision with vehicle","Friday","Dusk/Dawn",2,2,"Not at intersection",2,80,"A",2018,"SEDAN","HYNDAI","Car","F",24,"22-25","Drivers"
"T20190011540","21/6/19",07:25:00,"Collision with vehicle","Friday","Dusk/Dawn",2,2,"Not at intersection",2,80,"B",0,"TRAY","UNKN","Heavy Vehicle (Rigid) > 4.5 Tonnes","U",NA,"unknown","Drivers"
"T20190011542","21/6/19",06:10:00,"Collision with a fixed object","Friday","Dark No street lights",1,1,"Not at intersection",2,100,"A",2012,"P MVR","VOLVO","Prime Mover B-Double","M",30,"30-39","Drivers"
"T20190011546","18/6/19",14:00:00,"Collision with a fixed object","Tuesday","Day",1,1,"Not at intersection",2,60,"A",2008,"SEDAN","TOYOTA","Car","F",66,"64-69","Drivers"
"T20190011549","21/6/19",16:35:00,"Collision with vehicle","Friday","Day",2,4,"Not at intersection",3,80,"A",1988,"SEDAN","HOLDEN","Car","M",27,"26-29","Drivers"
"T20190011549","21/6/19",16:35:00,"Collision with vehicle","Friday","Day",2,4,"Not at intersection",3,80,"B",2009,"DC UTE","MITSUB","Utility","M",47,"40-49","Drivers"
"T20190011551","21/6/19",16:50:00,"Collision with vehicle","Friday","Day",2,2,"Not at intersection",3,80,"A",2015,"WAGON","HOLDEN","Station Wagon","F",47,"40-49","Drivers"
"T20190011551","21/6/19",16:50:00,"Collision with vehicle","Friday","Day",2,2,"Not at intersection",3,80,"B",2013,"WAGON","MITSUB","Station Wagon","M",33,"30-39","Drivers"
"T20190011552","21/6/19",15:47:00,"Vehicle overturned (no collision)","Friday","Day",2,2,"Not at intersection",2,60,"B",2009,"SEDAN","MAZDA","Car","M",45,"40-49","Drivers"
"T20190011554","21/6/19",17:40:00,"Collision with vehicle","Friday","Dark Street lights on",2,2,"T intersection",3,60,"A",2003,"SEDAN","KIA","Car","F",21,"17-21","Drivers"
"T20190011554","21/6/19",17:40:00,"Collision with vehicle","Friday","Dark Street lights on",2,2,"T intersection",3,60,"B",2009,"SEDAN","HYNDAI","Car","F",25,"22-25","Drivers"
"T20190011556","21/6/19",15:31:00,"Struck Pedestrian","Friday","Day",1,2,"T intersection",3,60,"A",2017,"UTIL","HOLDEN","Utility","M",40,"40-49","Drivers"
"T20190011558","21/6/19",17:15:00,"Collision with vehicle","Friday","Dark Street lights on",2,3,"T intersection",2,60,"A",2010,"TILTER","HINO","Heavy Vehicle (Rigid) > 4.5 Tonnes","M",35,"30-39","Drivers"
"T20190011558","21/6/19",17:15:00,"Collision with vehicle","Friday","Dark Street lights on",2,3,"T intersection",2,60,"B",2010,"WAGON","FORD","Station Wagon","M",73,"70+","Drivers"
"T20190011559","21/6/19",16:00:00,"Collision with vehicle","Friday","Day",2,2,"Cross intersection",3,50,"A",1998,"SEDAN","FORD","Car","F",66,"64-69","Drivers"
"T20190011559","21/6/19",16:00:00,"Collision with vehicle","Friday","Day",2,2,"Cross intersection",3,50,"B",2008,"UTIL","HOLDEN","Utility","F",43,"40-49","Drivers"
"T20190011561","21/6/19",17:40:00,"Collision with vehicle","Friday","Dark Street lights on",3,3,"Not at intersection",3,60,"A",2008,"SEDAN","HOLDEN","Car","M",41,"40-49","Drivers"
"T20190011561","21/6/19",17:40:00,"Collision with vehicle","Friday","Dark Street lights on",3,3,"Not at intersection",3,60,"B",2008,"SEDAN","TOYOTA","Car","F",40,"40-49","Drivers"
"T20190011561","21/6/19",17:40:00,"Collision with vehicle","Friday","Dark Street lights on",3,3,"Not at intersection",3,60,"C",2006,"SEDAN","HOLDEN","Car","F",21,"17-21","Drivers"
"T20190011566","21/6/19",18:20:00,"Collision with vehicle","Friday","Dark Street lights on",2,2,"Not at intersection",2,60,"A",2015,"WAGON","SKODA","Station Wagon","M",83,"70+","Drivers"
"T20190011566","21/6/19",18:20:00,"Collision with vehicle","Friday","Dark Street lights on",2,2,"Not at intersection",2,60,"B",2006,"SEDAN","MAZDA","Car","F",22,"22-25","Drivers"
"T20190011567","21/6/19",17:20:00,"Collision with vehicle","Friday","Dusk/Dawn",2,2,"Cross intersection",3,50,"A",1999,"SEDAN","FORD","Car","F",60,"60-64","Drivers"
"T20190011567","21/6/19",17:20:00,"Collision with vehicle","Friday","Dusk/Dawn",2,2,"Cross intersection",3,50,"B",2017,"WAGON","HOLDEN","Car","M",43,"40-49","Drivers"
"T20190011570","21/6/19",18:13:00,"Collision with vehicle","Friday","Dark Street lights on",2,2,"T intersection",2,60,"A",2007,"SEDAN","UNKN","Car","F",74,"70+","Drivers"
"T20190011572","21/6/19",18:39:00,"Collision with vehicle","Friday","Dark Street lights on",2,2,"Not at intersection",3,40,"A",2006,"SEDAN","MAZDA","Car","M",44,"40-49","Drivers"
"T20190011578","21/6/19",22:00:00,"Collision with vehicle","Friday","Dark Street lights on",2,2,"Not at intersection",3,70,"A",2018,"WAGON","NISSAN","Station Wagon","M",38,"30-39","Drivers"
"T20190011578","21/6/19",22:00:00,"Collision with vehicle","Friday","Dark Street lights on",2,2,"Not at intersection",3,70,"B",2001,"SEDAN","HOLDEN","Car","F",33,"30-39","Drivers"
"T20190011579","20/6/19",19:05:00,"Collision with a fixed object","Thursday","Dark Street lights on",1,1,"T intersection",2,70,"A",2016,"UTIL","HOLDEN","Utility","M",34,"30-39","Drivers"
"T20190011582","21/6/19",22:15:00,"Collision with vehicle","Friday","Dark Street lights on",2,10,"Not at intersection",2,100,"A",1998,"SEDAN","TOYOTA","Car","F",44,"40-49","Drivers"
"T20190011582","21/6/19",22:15:00,"Collision with vehicle","Friday","Dark Street lights on",2,10,"Not at intersection",2,100,"B",2009,"WAGON","HOLDEN","Station Wagon","F",37,"30-39","Drivers"
"T20190011589","25/5/19",18:00:00,"Collision with vehicle","Saturday","Dark Street lights on",2,4,"Not at intersection",3,777,"A",2005,"SEDAN","TOYOTA","Car","M",41,"40-49","Drivers"
"T20190011589","25/5/19",18:00:00,"Collision with vehicle","Saturday","Dark Street lights on",2,4,"Not at intersection",3,777,"B",0,"SEDAN","UNKN","Car","U",NA,"unknown","Drivers"
"T20190011591","21/6/19",05:40:00,"Collision with vehicle","Friday","Dark Street lights on",2,2,"Cross intersection",2,80,"A",2016,"WAGON","SUBARU","Station Wagon","M",53,"50-59","Drivers"
"T20190011591","21/6/19",05:40:00,"Collision with vehicle","Friday","Dark Street lights on",2,2,"Cross intersection",2,80,"B",1999,"SEDAN","TOYOTA","Car","M",21,"17-21","Drivers"
"T20190011592","22/6/19",04:55:00,"Collision with a fixed object","Saturday","Dark Street lights on",1,1,"T intersection",3,60,"A",2002,"SEDAN","LEXUS","Car","M",21,"17-21","Drivers"
"T20190011594","22/6/19",07:30:00,"Collision with vehicle","Saturday","Day",2,2,"Cross intersection",3,60,"A",2014,"SEDAN","NISSAN","Car","F",48,"40-49","Drivers"
"T20190011594","22/6/19",07:30:00,"Collision with vehicle","Saturday","Day",2,2,"Cross intersection",3,60,"B",2017,"UTIL","MITSUB","Utility","M",34,"30-39","Drivers"
"T20190011599","22/6/19",10:00:00,"Collision with vehicle","Saturday","Day",2,2,"T intersection",2,50,"A",2004,"WAGON","HONDA","Station Wagon","M",89,"70+","Drivers"
"T20190011600","22/6/19",11:00:00,"Struck Pedestrian","Saturday","Day",2,3,"T intersection",3,50,"B",2005,"VAN","ISUZU","Heavy Vehicle (Rigid) > 4.5 Tonnes","M",25,"22-25","Drivers"
"T20190011601","25/5/19",11:00:00,"Collision with vehicle","Saturday","Day",2,4,"T intersection",3,50,"A",2007,"COUPE","AUDI","Car","M",55,"50-59","Drivers"
"T20190011601","25/5/19",11:00:00,"Collision with vehicle","Saturday","Day",2,4,"T intersection",3,50,"B",2001,"SEDAN","HYNDAI","Car","M",42,"40-49","Drivers"
"T20190011602","22/6/19",09:02:00,"No collision and no object struck","Saturday","Day",1,1,"Not at intersection",3,50,"A",2002,"WAGON","FORD","Station Wagon","M",21,"17-21","Drivers"
"T20190011603","21/6/19",16:10:00,"Collision with vehicle","Friday","Day",2,2,"Cross intersection",2,40,"A",2000,"VAN","TOYOTA","Panel Van","M",32,"30-39","Drivers"
"T20190011603","21/6/19",16:10:00,"Collision with vehicle","Friday","Day",2,2,"Cross intersection",2,40,"B",2008,"WAGON","AUDI","Station Wagon","M",58,"50-59","Drivers"
"T20190011604","22/6/19",11:00:00,"Collision with vehicle","Saturday","Day",3,3,"T intersection",3,80,"A",2013,"WAGON","JEEP","Station Wagon","F",53,"50-59","Drivers"
"T20190011604","22/6/19",11:00:00,"Collision with vehicle","Saturday","Day",3,3,"T intersection",3,80,"B",2013,"SEDAN","TOYOTA","Car","F",35,"30-39","Drivers"
"T20190011604","22/6/19",11:00:00,"Collision with vehicle","Saturday","Day",3,3,"T intersection",3,80,"C",2015,"DUMPER","KENWTH","Heavy Vehicle (Rigid) > 4.5 Tonnes","M",48,"40-49","Drivers"
"T20190011606","22/6/19",12:09:00,"No collision and no object struck","Saturday","Day",2,2,"Not at intersection",2,60,"A",2010,"DC UTE","FORD","Utility","M",38,"30-39","Drivers"
"T20190011606","22/6/19",12:09:00,"No collision and no object struck","Saturday","Day",2,2,"Not at intersection",2,60,"B",2004,"SEDAN","TOYOTA","Car","F",31,"30-39","Drivers"
"T20190011608","22/6/19",13:15:00,"Collision with vehicle","Saturday","Day",3,3,"Not at intersection",2,70,"A",2013,"SEDAN","TOYOTA","Car","F",33,"30-39","Drivers"
"T20190011608","22/6/19",13:15:00,"Collision with vehicle","Saturday","Day",3,3,"Not at intersection",2,70,"B",2013,"WAGON","MAZDA","Station Wagon","M",58,"50-59","Drivers"
"T20190011608","22/6/19",13:15:00,"Collision with vehicle","Saturday","Day",3,3,"Not at intersection",2,70,"C",2019,"WAGON","HYNDAI","Station Wagon","M",41,"40-49","Drivers"
"T20190011611","12/6/19",15:22:00,"Struck Pedestrian","Wednesday","Day",1,2,"T intersection",3,60,"A",2017,"SEDAN","MITSUB","Car","F",36,"30-39","Drivers"
"T20190011613","17/6/19",10:00:00,"Collision with vehicle","Monday","Day",2,2,"Not at intersection",3,80,"A",2007,"WAGON","TOYOTA","Station Wagon","F",31,"30-39","Drivers"
"T20190011613","17/6/19",10:00:00,"Collision with vehicle","Monday","Day",2,2,"Not at intersection",3,80,"B",2013,"WAGON","TOYOTA","Station Wagon","F",37,"30-39","Drivers"
"T20190011615","22/6/19",15:43:00,"Collision with vehicle","Saturday","Day",2,2,"T intersection",3,999,"A",2005,"SEDAN","FORD","Car","M",24,"22-25","Drivers"
"T20190011615","22/6/19",15:43:00,"Collision with vehicle","Saturday","Day",2,2,"T intersection",3,999,"B",2014,"SEDAN","SUBARU","Car","F",28,"26-29","Drivers"
"T20190011621","22/6/19",16:35:00,"Collision with vehicle","Saturday","Day",2,2,"T intersection",2,60,"A",2015,"WAGON","HONDA","Station Wagon","F",31,"30-39","Drivers"
"T20190011621","22/6/19",16:35:00,"Collision with vehicle","Saturday","Day",2,2,"T intersection",2,60,"B",2017,"WAGON","HONDA","Station Wagon","F",29,"26-29","Drivers"
"T20190011622","22/6/19",17:42:00,"Collision with vehicle","Saturday","Dark Street lights on",3,5,"Not at intersection",3,80,"A",2018,"WAGON","HYNDAI","Station Wagon","M",30,"30-39","Drivers"
"T20190011622","22/6/19",17:42:00,"Collision with vehicle","Saturday","Dark Street lights on",3,5,"Not at intersection",3,80,"B",2006,"COUPE","VOLKS","Car","F",18,"17-21","Drivers"
"T20190011622","22/6/19",17:42:00,"Collision with vehicle","Saturday","Dark Street lights on",3,5,"Not at intersection",3,80,"C",2001,"SEDAN","MAZDA","Car","F",24,"22-25","Drivers"
"T20190011623","22/6/19",15:30:00,"Collision with vehicle","Saturday","Day",2,2,"Cross intersection",3,60,"A",2014,"S WAG","FORD","Station Wagon","M",80,"70+","Drivers"
"T20190011623","22/6/19",15:30:00,"Collision with vehicle","Saturday","Day",2,2,"Cross intersection",3,60,"B",2006,"WAGON","HYNDAI","Station Wagon","F",35,"30-39","Drivers"
"T20190011626","22/6/19",15:30:00,"Collision with a fixed object","Saturday","Day",1,1,"Not at intersection",2,80,"A",2008,"SEDAN","TOYOTA","Car","F",52,"50-59","Drivers"
"T20190011628","22/6/19",20:00:00,"Collision with vehicle","Saturday","Dark Street lights on",2,4,"T intersection",3,80,"A",2014,"SEDAN","TOYOTA","Car","F",43,"40-49","Drivers"
"T20190011628","22/6/19",20:00:00,"Collision with vehicle","Saturday","Dark Street lights on",2,4,"T intersection",3,80,"B",0,NA,"UNKN","Prime Mover - Single Trailer","U",NA,"unknown","Drivers"
"T20190011629","22/6/19",19:20:00,"Collision with vehicle","Saturday","Dark Street lights on",2,2,"Not at intersection",3,60,"B",2005,"UTIL","FORD","Utility","M",20,"17-21","Drivers"
"T20190011633","22/6/19",23:44:00,"Collision with vehicle","Saturday","Dark Street lights on",2,3,"Cross intersection",3,60,"A",2018,"WAGON","TOYOTA","Station Wagon","U",NA,"unknown","Drivers"
"T20190011633","22/6/19",23:44:00,"Collision with vehicle","Saturday","Dark Street lights on",2,3,"Cross intersection",3,60,"B",0,"S WAG","NIS","Station Wagon","M",26,"26-29","Drivers"
"T20190011635","23/6/19",00:13:00,"Collision with a fixed object","Sunday","Dark Street lights on",1,1,"T intersection",2,60,"A",2011,"SEDAN","HONDA","Car","M",26,"26-29","Drivers"
"T20190011636","22/6/19",23:40:00,"Struck animal","Saturday","Dark No street lights",1,1,"Not at intersection",3,80,"A",2015,"SEDAN","TOYOTA","Car","M",52,"50-59","Drivers"
"T20190011637","22/6/19",23:38:00,"Collision with vehicle","Saturday","Dark Street lights on",2,2,"Cross intersection",3,60,"A",2003,"SEDAN","HYNDAI","Car","M",22,"22-25","Drivers"
"T20190011637","22/6/19",23:38:00,"Collision with vehicle","Saturday","Dark Street lights on",2,2,"Cross intersection",3,60,"B",2010,"WAGON","TOYOTA","Station Wagon","M",45,"40-49","Drivers"
"T20190011644","20/6/19",16:15:00,"Collision with vehicle","Thursday","Day",5,5,"T intersection",3,80,"A",2002,"SEDAN","HOLDEN","Car","M",33,"30-39","Drivers"
"T20190011644","20/6/19",16:15:00,"Collision with vehicle","Thursday","Day",5,5,"T intersection",3,80,"B",2013,"UTIL","HOLDEN","Utility","M",21,"17-21","Drivers"
"T20190011644","20/6/19",16:15:00,"Collision with vehicle","Thursday","Day",5,5,"T intersection",3,80,"C",2014,"DC UTE","MITSUB","Utility","M",60,"60-64","Drivers"
"T20190011644","20/6/19",16:15:00,"Collision with vehicle","Thursday","Day",5,5,"T intersection",3,80,"D",2016,"S WAG","HOLDEN","Station Wagon","M",47,"40-49","Drivers"
"T20190011644","20/6/19",16:15:00,"Collision with vehicle","Thursday","Day",5,5,"T intersection",3,80,"E",2005,"SEDAN","FORD","Car","F",21,"17-21","Drivers"
"T20190011648","23/6/19",09:05:00,"Collision with vehicle","Sunday","Day",2,2,"Not at intersection",2,80,"A",2015,"S WAG","MERC B","Station Wagon","F",55,"50-59","Drivers"
"T20190011649","23/6/19",07:58:00,"Collision with vehicle","Sunday","Day",2,2,"T intersection",2,70,"A",2017,"SEDAN","TOYOTA","Car","F",49,"40-49","Drivers"
"T20190011650","23/6/19",08:15:00,"Collision with a fixed object","Sunday","Day",1,1,"Not at intersection",3,777,"A",2002,"SEDAN","HOLDEN","Car","M",80,"70+","Drivers"
"T20190011655","23/6/19",11:40:00,"Collision with vehicle","Sunday","Day",3,2,"Not at intersection",3,60,"A",2010,"BUS","TOYOTA","Taxi","F",41,"40-49","Drivers"
"T20190011655","23/6/19",11:40:00,"Collision with vehicle","Sunday","Day",3,2,"Not at intersection",3,60,"B",2010,"DC UTE","NISSAN","Utility","M",18,"17-21","Drivers"
"T20190011656","23/6/19",12:17:00,"Collision with vehicle","Sunday","Day",2,2,"Cross intersection",2,60,"A",2017,"SEDAN","MITSUB","Car","F",39,"30-39","Drivers"
"T20190011657","23/6/19",12:45:00,"Collision with a fixed object","Sunday","Day",1,1,"Not at intersection",3,80,"A",2004,"SEDAN","TOYOTA","Car","M",53,"50-59","Drivers"
"T20190011659","23/6/19",11:30:00,"Collision with vehicle","Sunday","Day",2,5,"Not at intersection",2,60,"A",2017,"SEDAN","HYNDAI","Car","M",77,"70+","Drivers"
"T20190011659","23/6/19",11:30:00,"Collision with vehicle","Sunday","Day",2,5,"Not at intersection",2,60,"B",2009,"SEDAN","SUBARU","Car","M",35,"30-39","Drivers"
"T20190011662","23/6/19",14:44:00,"Collision with vehicle","Sunday","Day",2,2,"T intersection",2,60,"A",2012,"SEDAN","HOLDEN","Car","M",31,"30-39","Drivers"
"T20190011664","20/6/19",09:45:00,"Collision with vehicle","Thursday","Day",2,4,"Cross intersection",2,80,"A",2008,"DC UTE","MITSUB","Utility","F",31,"30-39","Drivers"
"T20190011664","20/6/19",09:45:00,"Collision with vehicle","Thursday","Day",2,4,"Cross intersection",2,80,"B",2016,"SED","HYUNDA","Car","M",63,"60-64","Drivers"
"T20190011665","23/6/19",13:40:00,"Collision with vehicle","Sunday","Day",2,2,"Not at intersection",3,80,"A",2004,"SEDAN","TOYOTA","Car","M",25,"22-25","Drivers"
"T20190011665","23/6/19",13:40:00,"Collision with vehicle","Sunday","Day",2,2,"Not at intersection",3,80,"B",2015,"SED","TOYOTA","Car","M",39,"30-39","Drivers"
"T20190011666","23/6/19",15:00:00,"Collision with vehicle","Sunday","Day",2,6,"Not at intersection",2,80,"A",2007,"SEDAN","HONDA","Car","M",46,"40-49","Drivers"
"T20190011666","23/6/19",15:00:00,"Collision with vehicle","Sunday","Day",2,6,"Not at intersection",2,80,"B",2011,"SEDAN","TOYOTA","Car","M",39,"30-39","Drivers"
"T20190011668","23/6/19",13:56:00,"Collision with vehicle","Sunday","Day",2,3,"Cross intersection",3,80,"A",2014,"WAGON","MITSUB","Station Wagon","M",58,"50-59","Drivers"
"T20190011668","23/6/19",13:56:00,"Collision with vehicle","Sunday","Day",2,3,"Cross intersection",3,80,"B",2014,"S WAG","HOLDEN","Station Wagon","F",28,"26-29","Drivers"
"T20190011669","23/6/19",15:28:00,"Collision with vehicle","Sunday","Day",3,2,"Not at intersection",3,60,"A",2008,"SEDAN","VOLKS","Car","F",18,"17-21","Drivers"
"T20190011674","23/6/19",18:02:00,"Collision with vehicle","Sunday","Dark Street lights on",2,2,"T intersection",3,60,"A",2002,"SED","TOYOTA","Car","M",28,"26-29","Drivers"
"T20190011674","23/6/19",18:02:00,"Collision with vehicle","Sunday","Dark Street lights on",2,2,"T intersection",3,60,"B",2013,"SEDAN","MERC B","Car","M",24,"22-25","Drivers"
"T20190011675","22/6/19",16:30:00,"Collision with vehicle","Saturday","Day",2,2,"Cross intersection",3,40,"A",2000,"WAGON","HONDA","Car","F",20,"17-21","Drivers"
"T20190011677","22/6/19",23:42:00,"Collision with a fixed object","Saturday","Dark No street lights",2,3,"Not at intersection",3,60,"A",2002,"WAGON","L ROV","Station Wagon","M",48,"40-49","Drivers"