"ACCIDENT_NO","ACCIDENTDATE","ACCIDENTTIME","Accident Type Desc","Day Week Description","Light Condition Desc","NO_OF_VEHICLES","NO_PERSONS","Road Geometry Desc","SEVERITY","SPEED_ZONE","VEHICLE_ID","VEHICLE_YEAR_MANUF","VEHICLE_BODY_STYLE","VEHICLE_MAKE","Vehicle Type Desc","SEX","AGE","Age Group","Road User Type Desc"
"T20190011678","23/6/19",16:35:00,"Collision with vehicle","Sunday","Day",3,3,"T intersection",2,80,"A",2003,"SEDAN","MITSUB","Car","M",30,"30-39","Drivers"
"T20190011682","23/6/19",17:19:00,"Collision with vehicle","Sunday","Dark No street lights",2,3,"T intersection",2,80,"A",2013,"SEDAN","SUZUKI","Car","F",30,"30-39","Drivers"
"T20190011682","23/6/19",17:19:00,"Collision with vehicle","Sunday","Dark No street lights",2,3,"T intersection",2,80,"B",2018,"SEDAN","MERC B","Car","M",39,"30-39","Drivers"
"T20190011685","23/6/19",19:50:00,"Collision with vehicle","Sunday","Dark No street lights",3,4,"T intersection",2,60,"A",2008,"S WAG","HOLDEN","Station Wagon","M",78,"70+","Drivers"
"T20190011685","23/6/19",19:50:00,"Collision with vehicle","Sunday","Dark No street lights",3,4,"T intersection",2,60,"B",2002,"SEDAN","FORD","Car","M",67,"64-69","Drivers"
"T20190011685","23/6/19",19:50:00,"Collision with vehicle","Sunday","Dark No street lights",3,4,"T intersection",2,60,"C",2009,"UTIL","MITSUB","Utility","M",38,"30-39","Drivers"
"T20190011686","23/6/19",15:36:00,"Collision with vehicle","Sunday","Day",4,5,"Not at intersection",3,110,"A",2010,"WAGON","HOLDEN","Station Wagon","F",44,"40-49","Drivers"
"T20190011686","23/6/19",15:36:00,"Collision with vehicle","Sunday","Day",4,5,"Not at intersection",3,110,"B",2013,"SEDAN","HYNDAI","Car","F",52,"50-59","Drivers"
"T20190011686","23/6/19",15:36:00,"Collision with vehicle","Sunday","Day",4,5,"Not at intersection",3,110,"C",2018,"SEDAN","B M W","Car","U",NA,"unknown","Drivers"
"T20190011686","23/6/19",15:36:00,"Collision with vehicle","Sunday","Day",4,5,"Not at intersection",3,110,"D",2016,"WAGON","HYNDAI","Station Wagon","M",36,"30-39","Drivers"
"T20190011687","23/6/19",17:01:00,"Collision with vehicle","Sunday","Dark Street lights on",2,5,"Not at intersection",2,100,"A",2018,"SEDAN","TOYOTA","Car","M",24,"22-25","Drivers"
"T20190011687","23/6/19",17:01:00,"Collision with vehicle","Sunday","Dark Street lights on",2,5,"Not at intersection",2,100,"B",2008,"WAGON","HONDA","Station Wagon","F",52,"50-59","Drivers"
"T20190011688","23/6/19",18:30:00,"Collision with a fixed object","Sunday","Dark Street lights on",1,1,"Not at intersection",3,50,"A",2010,"DC UTE","ISUZU","Utility","M",20,"17-21","Drivers"
"T20190011689","23/6/19",19:53:00,"Collision with vehicle","Sunday","Dark Street lights on",2,3,"Cross intersection",3,80,"A",2010,"UTIL","TOYOTA","Utility","M",25,"22-25","Drivers"
"T20190011689","23/6/19",19:53:00,"Collision with vehicle","Sunday","Dark Street lights on",2,3,"Cross intersection",3,80,"B",2008,"COUPE","B M W","Car","M",22,"22-25","Drivers"
"T20190011690","23/6/19",01:00:00,"Collision with a fixed object","Sunday","Dark Street lights on",1,1,"Not at intersection",2,60,"A",2001,"SEDAN","MERC B","Car","M",30,"30-39","Drivers"
"T20190011692","23/6/19",19:35:00,"Collision with vehicle","Sunday","Dark No street lights",2,5,"Not at intersection",3,100,"A",2003,"SEDAN","FORD","Car","F",59,"50-59","Drivers"
"T20190011692","23/6/19",19:35:00,"Collision with vehicle","Sunday","Dark No street lights",2,5,"Not at intersection",3,100,"B",2018,"WAGON","NISSAN","Station Wagon","M",51,"50-59","Drivers"
"T20190011698","23/6/19",23:45:00,"Collision with vehicle","Sunday","Dark Street lights on",2,2,"Not at intersection",2,50,"B",2002,"DC UTE","HOLDEN","Utility","M",22,"22-25","Drivers"
"T20190011700","23/6/19",07:32:00,"Collision with a fixed object","Sunday","Dusk/Dawn",1,1,"Not at intersection",3,110,"A",2005,"SEDAN","MITSUB","Car","F",32,"30-39","Drivers"
"T20190011702","24/6/19",06:50:00,"Collision with vehicle","Monday","Dusk/Dawn",5,5,"Not at intersection",3,80,"A",2017,"WAGON","SUBARU","Station Wagon","M",41,"40-49","Drivers"
"T20190011702","24/6/19",06:50:00,"Collision with vehicle","Monday","Dusk/Dawn",5,5,"Not at intersection",3,80,"B",2003,"SEDAN","FORD","Car","M",63,"60-64","Drivers"
"T20190011702","24/6/19",06:50:00,"Collision with vehicle","Monday","Dusk/Dawn",5,5,"Not at intersection",3,80,"C",2016,"WAGON","B M W","Station Wagon","F",58,"50-59","Drivers"
"T20190011702","24/6/19",06:50:00,"Collision with vehicle","Monday","Dusk/Dawn",5,5,"Not at intersection",3,80,"D",2004,"SEDAN","HONDA","Car","M",34,"30-39","Drivers"
"T20190011702","24/6/19",06:50:00,"Collision with vehicle","Monday","Dusk/Dawn",5,5,"Not at intersection",3,80,"E",2002,"SEDAN","HOLDEN","Car","M",47,"40-49","Drivers"
"T20190011703","21/6/19",12:15:00,"Collision with a fixed object","Friday","Day",1,1,"Not at intersection",3,100,"A",0,"SED","HONDA","Car","M",65,"64-69","Drivers"
"T20190011704","24/6/19",08:15:00,"Struck Pedestrian","Monday","Day",1,2,"Cross intersection",3,40,"A",2007,"SEDAN","NISSAN","Car","F",28,"26-29","Drivers"
"T20190011705","24/6/19",09:05:00,"Collision with vehicle","Monday","Day",2,2,"Cross intersection",2,80,"A",2016,"WAGON","SUBARU","Station Wagon","F",45,"40-49","Drivers"
"T20190011705","24/6/19",09:05:00,"Collision with vehicle","Monday","Day",2,2,"Cross intersection",2,80,"B",1994,"S WAG","HOLDEN","Station Wagon","M",71,"70+","Drivers"
"T20190011706","24/6/19",08:45:00,"Collision with vehicle","Monday","Day",2,2,"Not at intersection",3,60,"A",2010,"SEDAN","FORD","Car","F",39,"30-39","Drivers"
"T20190011706","24/6/19",08:45:00,"Collision with vehicle","Monday","Day",2,2,"Not at intersection",3,60,"B",2014,"WAGON","FORD","Station Wagon","F",26,"26-29","Drivers"
"T20190011707","16/6/19",12:00:00,"Collision with vehicle","Sunday","Day",3,3,"T intersection",3,999,"A",2003,"SEDAN","FORD","Car","F",81,"70+","Drivers"
"T20190011707","16/6/19",12:00:00,"Collision with vehicle","Sunday","Day",3,3,"T intersection",3,999,"B",2011,"SEDAN","MAZDA","Car","F",29,"26-29","Drivers"
"T20190011707","16/6/19",12:00:00,"Collision with vehicle","Sunday","Day",3,3,"T intersection",3,999,"C",2016,"SEDAN","TOYOTA","Car","F",34,"30-39","Drivers"
"T20190011710","24/6/19",08:05:00,"Struck Pedestrian","Monday","Day",1,2,"Not at intersection",2,888,"A",2017,"C MIX","HINO","Light Commercial Vehicle (Rigid) <= 4.5 Tonnes GVM","M",53,"50-59","Drivers"
"T20190011711","24/6/19",06:40:00,"Struck Pedestrian","Monday","Dark Street lights on",1,4,"Cross intersection",3,60,"A",2013,"WAGON","FORD","Station Wagon","F",65,"64-69","Drivers"
"T20190011714","24/6/19",11:00:00,"Collision with a fixed object","Monday","Day",1,3,"Not at intersection",2,999,"A",2012,"SEDAN","MAZDA","Car","F",76,"70+","Drivers"
"T20190011716","24/6/19",12:15:00,"Collision with vehicle","Monday","Day",2,2,"Cross intersection",2,40,"A",2014,"SEDAN","MAZDA","Car","M",30,"30-39","Drivers"
"T20190011717","21/6/19",14:50:00,"Collision with vehicle","Friday","Day",2,3,"Not at intersection",3,60,"A",2018,"WAGON","HONDA","Station Wagon","F",52,"50-59","Drivers"
"T20190011717","21/6/19",14:50:00,"Collision with vehicle","Friday","Day",2,3,"Not at intersection",3,60,"B",2015,"SEDAN","HYNDAI","Car","M",43,"40-49","Drivers"
"T20190011718","24/6/19",11:00:00,"Collision with a fixed object","Monday","Day",1,1,"Not at intersection",2,100,"A",2002,"SEDAN","HOLDEN","Car","F",79,"70+","Drivers"
"T20190011721","24/6/19",11:15:00,"Collision with vehicle","Monday","Day",2,2,"Cross intersection",3,60,"A",2007,"SEDAN","HOLDEN","Car","F",68,"64-69","Drivers"
"T20190011721","24/6/19",11:15:00,"Collision with vehicle","Monday","Day",2,2,"Cross intersection",3,60,"B",2004,"UTIL","HOLDEN","Utility","M",61,"60-64","Drivers"
"T20190011723","24/6/19",15:03:00,"Collision with vehicle","Monday","Day",2,2,"Cross intersection",2,60,"A",2006,"SEDAN","MAZDA","Car","F",67,"64-69","Drivers"
"T20190011723","24/6/19",15:03:00,"Collision with vehicle","Monday","Day",2,2,"Cross intersection",2,60,"B",2000,"S WAG","NISSAN","Station Wagon","F",26,"26-29","Drivers"
"T20190011724","24/6/19",14:58:00,"Collision with vehicle","Monday","Day",3,2,"Not at intersection",3,40,"A",2014,"WAGON","HOLDEN","Station Wagon","F",58,"50-59","Drivers"
"T20190011725","21/6/19",09:05:00,"Collision with vehicle","Friday","Day",3,4,"Not at intersection",2,80,"A",2015,"UTIL","VOLKS","Utility","M",60,"60-64","Drivers"
"T20190011725","21/6/19",09:05:00,"Collision with vehicle","Friday","Day",3,4,"Not at intersection",2,80,"B",2017,"WAGON","MITSUB","Station Wagon","M",60,"60-64","Drivers"
"T20190011725","21/6/19",09:05:00,"Collision with vehicle","Friday","Day",3,4,"Not at intersection",2,80,"C",2010,"WAGON","TOYOTA","Station Wagon","F",36,"30-39","Drivers"
"T20190011732","16/5/19",07:09:00,"Collision with vehicle","Thursday","Day",2,3,"Not at intersection",3,999,"A",2006,"DC UTE","NISSAN","Utility","M",26,"26-29","Drivers"
"T20190011732","16/5/19",07:09:00,"Collision with vehicle","Thursday","Day",2,3,"Not at intersection",3,999,"B",2009,"SEDAN","TOYOTA","Car","F",30,"30-39","Drivers"
"T20190011733","24/6/19",07:00:00,"Collision with vehicle","Monday","Dusk/Dawn",3,3,"Not at intersection",3,50,"A",2009,"T SDS","TOYOTA","Car","M",21,"17-21","Drivers"
"T20190011733","24/6/19",07:00:00,"Collision with vehicle","Monday","Dusk/Dawn",3,3,"Not at intersection",3,50,"B",2004,"SED","HYNDAI","Car","F",20,"17-21","Drivers"
"T20190011733","24/6/19",07:00:00,"Collision with vehicle","Monday","Dusk/Dawn",3,3,"Not at intersection",3,50,"C",2013,"S WAG","TOYOTA","Station Wagon","F",51,"50-59","Drivers"
"T20190011734","24/6/19",16:45:00,"Collision with vehicle","Monday","Day",2,2,"Cross intersection",3,50,"B",2008,"SEDAN","AUDI","Car","M",26,"26-29","Drivers"
"T20190011735","24/6/19",15:23:00,"Struck Pedestrian","Monday","Day",1,2,"Not at intersection",3,80,"A",2010,"WAGON","MITSUB","Station Wagon","F",58,"50-59","Drivers"
"T20190011736","24/6/19",17:55:00,"Collision with vehicle","Monday","Dark Street lights on",2,2,"Cross intersection",2,60,"A",2008,"SEDAN","AUDI","Car","F",55,"50-59","Drivers"
"T20190011736","24/6/19",17:55:00,"Collision with vehicle","Monday","Dark Street lights on",2,2,"Cross intersection",2,60,"B",2018,"SEDAN","HYNDAI","Car","F",29,"26-29","Drivers"
"T20190011737","24/6/19",15:15:00,"Collision with vehicle","Monday","Day",2,2,"T intersection",3,60,"A",2016,"WAGON","MAZDA","Station Wagon","F",33,"30-39","Drivers"
"T20190011737","24/6/19",15:15:00,"Collision with vehicle","Monday","Day",2,2,"T intersection",3,60,"B",2014,"WAGON","HONDA","Station Wagon","F",47,"40-49","Drivers"
"T20190011738","24/6/19",18:15:00,"Struck Pedestrian","Monday","Dark Street lights on",1,2,"Not at intersection",2,60,"A",1999,"SEDAN","B M W","Car","M",70,"70+","Drivers"
"T20190011739","24/6/19",17:50:00,"Collision with vehicle","Monday","Dark No street lights",2,2,"Not at intersection",3,60,"A",2008,"SEDAN","TOYOTA","Car","M",36,"30-39","Drivers"
"T20190011739","24/6/19",17:50:00,"Collision with vehicle","Monday","Dark No street lights",2,2,"Not at intersection",3,60,"B",2009,"SEDAN","HONDA","Car","M",63,"60-64","Drivers"
"T20190011740","24/6/19",16:30:00,"Collision with vehicle","Monday","Day",2,3,"Cross intersection",3,60,"A",2016,"SEDAN","FORD","Car","M",45,"40-49","Drivers"
"T20190011740","24/6/19",16:30:00,"Collision with vehicle","Monday","Day",2,3,"Cross intersection",3,60,"B",2013,"WAGON","HONDA","Station Wagon","M",64,"60-64","Drivers"
"T20190011744","24/6/19",18:00:00,"Collision with vehicle","Monday","Dark Street lights on",5,5,"Not at intersection",3,100,"A",2017,"WAGON","TESLA","Station Wagon","F",37,"30-39","Drivers"
"T20190011744","24/6/19",18:00:00,"Collision with vehicle","Monday","Dark Street lights on",5,5,"Not at intersection",3,100,"B",2015,"SEDAN","HONDA","Car","F",51,"50-59","Drivers"
"T20190011744","24/6/19",18:00:00,"Collision with vehicle","Monday","Dark Street lights on",5,5,"Not at intersection",3,100,"C",2012,"SEDAN","TOYOTA","Car","F",27,"26-29","Drivers"
"T20190011744","24/6/19",18:00:00,"Collision with vehicle","Monday","Dark Street lights on",5,5,"Not at intersection",3,100,"D",2017,"SEDAN","MERC B","Car","F",30,"30-39","Drivers"
"T20190011744","24/6/19",18:00:00,"Collision with vehicle","Monday","Dark Street lights on",5,5,"Not at intersection",3,100,"E",2005,"SEDAN","HOLDEN","Car","M",22,"22-25","Drivers"
"T20190011745","24/6/19",08:15:00,"Struck Pedestrian","Monday","Unknown",1,2,"Not at intersection",3,50,"A",1999,"UTIL","TOYOTA","Utility","M",29,"26-29","Drivers"
"T20190011746","24/6/19",20:15:00,"Collision with vehicle","Monday","Dark No street lights",2,2,"Not at intersection",3,100,"A",2001,"SEDAN","HYNDAI","Car","F",53,"50-59","Drivers"
"T20190011746","24/6/19",20:15:00,"Collision with vehicle","Monday","Dark No street lights",2,2,"Not at intersection",3,100,"B",2011,"SEDAN","MERC B","Car","M",49,"40-49","Drivers"
"T20190011747","24/6/19",18:00:00,"Collision with vehicle","Monday","Dark Street lights on",2,2,"Cross intersection",3,60,"A",2018,"DC UTE","TOYOTA","Utility","M",57,"50-59","Drivers"
"T20190011757","15/6/19",13:00:00,"Collision with vehicle","Saturday","Day",2,2,"T intersection",3,60,"A",2009,"S WAG","HOLDEN","Station Wagon","F",38,"30-39","Drivers"
"T20190011757","15/6/19",13:00:00,"Collision with vehicle","Saturday","Day",2,2,"T intersection",3,60,"B",2005,"S WAG","TOYOTA","Station Wagon","M",36,"30-39","Drivers"
"T20190011758","25/6/19",02:17:00,"Collision with a fixed object","Tuesday","Dark Street lights on",1,2,"T intersection",2,60,"A",2006,"UTIL","FORD","Utility","M",21,"17-21","Drivers"
"T20190011759","24/6/19",20:40:00,"Collision with vehicle","Monday","Dark Street lights on",2,2,"Not at intersection",3,999,"A",2016,"SEDAN","FORD","Car","F",68,"64-69","Drivers"
"T20190011761","24/6/19",16:13:00,"Collision with vehicle","Monday","Day",2,4,"Cross intersection",3,100,"A",2017,"WAGON","TOYOTA","Station Wagon","M",19,"17-21","Drivers"
"T20190011761","24/6/19",16:13:00,"Collision with vehicle","Monday","Day",2,4,"Cross intersection",3,100,"B",2009,"T SDS","TOYOTA","Light Commercial Vehicle (Rigid) <= 4.5 Tonnes GVM","M",64,"60-64","Drivers"
"T20190011764","24/6/19",08:50:00,"Collision with vehicle","Monday","Day",2,2,"Not at intersection",2,80,"B",0,"DC UTE","NISSAN","Utility","F",25,"22-25","Drivers"
"T20190011765","25/6/19",07:18:00,"Collision with vehicle","Tuesday","Day",3,3,"Not at intersection",2,100,"A",2008,"P MVR","KENWTH","Prime Mover B-Double","M",58,"50-59","Drivers"
"T20190011765","25/6/19",07:18:00,"Collision with vehicle","Tuesday","Day",3,3,"Not at intersection",2,100,"B",2018,"DC UTE","RAM","Utility","M",39,"30-39","Drivers"
"T20190011765","25/6/19",07:18:00,"Collision with vehicle","Tuesday","Day",3,3,"Not at intersection",2,100,"C",2010,"SEDAN","HOLDEN","Car","M",30,"30-39","Drivers"
"T20190011767","25/6/19",08:25:00,"Collision with vehicle","Tuesday","Day",2,2,"Not at intersection",3,60,"B",2007,"T SDS","TOYOTA","Light Commercial Vehicle (Rigid) <= 4.5 Tonnes GVM","M",60,"60-64","Drivers"
"T20190011776","25/6/19",10:30:00,"Collision with vehicle","Tuesday","Day",2,2,"Multiple intersection",3,80,"A",2018,"DC UTE","NISSAN","Utility","M",66,"64-69","Drivers"
"T20190011776","25/6/19",10:30:00,"Collision with vehicle","Tuesday","Day",2,2,"Multiple intersection",3,80,"B",2015,"SEDAN","KIA","Car","F",77,"70+","Drivers"
"T20190011778","25/6/19",09:10:00,"Collision with vehicle","Tuesday","Day",2,2,"Cross intersection",3,40,"A",2018,"VAN","FORD","Panel Van","M",52,"50-59","Drivers"
"T20190011779","25/5/19",19:00:00,"Collision with vehicle","Saturday","Dark Street lights on",2,6,"T intersection",3,60,"A",2006,"SEDAN","HYNDAI","Car","M",50,"50-59","Drivers"
"T20190011779","25/5/19",19:00:00,"Collision with vehicle","Saturday","Dark Street lights on",2,6,"T intersection",3,60,"B",2004,"WAGON","L ROV","Station Wagon","M",64,"60-64","Drivers"
"T20190011780","25/6/19",11:04:00,"Collision with vehicle","Tuesday","Day",2,3,"T intersection",2,70,"A",2012,"UTIL","TOYOTA","Utility","U",NA,"unknown","Drivers"
"T20190011780","25/6/19",11:04:00,"Collision with vehicle","Tuesday","Day",2,3,"T intersection",2,70,"B",2013,"SEDAN","TOYOTA","Taxi","M",37,"30-39","Drivers"
"T20190011784","25/6/19",13:07:00,"Struck Pedestrian","Tuesday","Day",1,2,"Not at intersection",3,60,"A",2013,"SEDAN","TOYOTA","Car","F",60,"60-64","Drivers"
"T20190011790","25/6/19",10:20:00,"Collision with vehicle","Tuesday","Day",3,3,"T intersection",2,60,"A",2018,"SEDAN","MAZDA","Car","F",53,"50-59","Drivers"
"T20190011790","25/6/19",10:20:00,"Collision with vehicle","Tuesday","Day",3,3,"T intersection",2,60,"B",2000,"VAN","MITSUB","Heavy Vehicle (Rigid) > 4.5 Tonnes","M",31,"30-39","Drivers"
"T20190011790","25/6/19",10:20:00,"Collision with vehicle","Tuesday","Day",3,3,"T intersection",2,60,"C",2001,"SKIP C","INTERN","Heavy Vehicle (Rigid) > 4.5 Tonnes","M",24,"22-25","Drivers"
"T20190011791","25/6/19",09:17:00,"Collision with vehicle","Tuesday","Day",3,5,"Not at intersection",2,70,"A",2004,"DC UTE","HOLDEN","Utility","F",45,"40-49","Drivers"
"T20190011791","25/6/19",09:17:00,"Collision with vehicle","Tuesday","Day",3,5,"Not at intersection",2,70,"B",2017,"SEDAN","SUZUKI","Car","F",19,"17-21","Drivers"
"T20190011791","25/6/19",09:17:00,"Collision with vehicle","Tuesday","Day",3,5,"Not at intersection",2,70,"C",2017,"WAGON","TOYOTA","Station Wagon","F",30,"30-39","Drivers"
"T20190011792","25/6/19",11:18:00,"Collision with vehicle","Tuesday","Day",3,4,"Not at intersection",2,80,"A",2018,"WAGON","TOYOTA","Station Wagon","F",46,"40-49","Drivers"
"T20190011792","25/6/19",11:18:00,"Collision with vehicle","Tuesday","Day",3,4,"Not at intersection",2,80,"B",2011,"WAGON","B M W","Station Wagon","M",23,"22-25","Drivers"
"T20190011792","25/6/19",11:18:00,"Collision with vehicle","Tuesday","Day",3,4,"Not at intersection",2,80,"C",1998,"WAGON","HONDA","Station Wagon","F",92,"70+","Drivers"
"T20190011797","25/6/19",10:00:00,"Collision with vehicle","Tuesday","Day",2,2,"Cross intersection",2,40,"A",2010,"SEDAN","VOLKS","Car","F",72,"70+","Drivers"
"T20190011797","25/6/19",10:00:00,"Collision with vehicle","Tuesday","Day",2,2,"Cross intersection",2,40,"B",2015,"SEDAN","HYNDAI","Car","F",28,"26-29","Drivers"
"T20190011799","24/6/19",17:30:00,"Collision with vehicle","Monday","Dusk/Dawn",2,2,"T intersection",2,80,"B",2010,"SEDAN","HYNDAI","Car","F",71,"70+","Drivers"
"T20190011800","25/6/19",15:00:00,"Collision with vehicle","Tuesday","Day",5,7,"Cross intersection",2,60,"A",2010,"SEDAN","FORD","Car","F",25,"22-25","Drivers"
"T20190011800","25/6/19",15:00:00,"Collision with vehicle","Tuesday","Day",5,7,"Cross intersection",2,60,"B",2008,"SED","TOYOTA","Car","M",31,"30-39","Drivers"
"T20190011800","25/6/19",15:00:00,"Collision with vehicle","Tuesday","Day",5,7,"Cross intersection",2,60,"C",2006,"WAGON","PORSCH","Station Wagon","F",32,"30-39","Drivers"
"T20190011800","25/6/19",15:00:00,"Collision with vehicle","Tuesday","Day",5,7,"Cross intersection",2,60,"D",2010,"WAGON","HOLDEN","Station Wagon","F",55,"50-59","Drivers"
"T20190011800","25/6/19",15:00:00,"Collision with vehicle","Tuesday","Day",5,7,"Cross intersection",2,60,"E",1994,"SED","FORD","Car","F",48,"40-49","Drivers"
"T20190011804","25/6/19",16:02:00,"Collision with vehicle","Tuesday","Day",2,2,"Not at intersection",2,100,"A",2008,"DC UTE","NISSAN","Utility","M",19,"17-21","Drivers"
"T20190011804","25/6/19",16:02:00,"Collision with vehicle","Tuesday","Day",2,2,"Not at intersection",2,100,"B",2012,"WAGON","SUBARU","Station Wagon","F",71,"70+","Drivers"
"T20190011808","25/6/19",06:30:00,"Collision with vehicle","Tuesday","Dark Street lights unknown",2,2,"Not at intersection",3,60,"A",2017,"UTIL","TOYOTA","Utility","M",48,"40-49","Drivers"
"T20190011808","25/6/19",06:30:00,"Collision with vehicle","Tuesday","Dark Street lights unknown",2,2,"Not at intersection",3,60,"C",2019,"UTIL","MITSUB","Utility","M",50,"50-59","Drivers"
"T20190011809","25/6/19",16:20:00,"Struck Pedestrian","Tuesday","Day",1,2,"Not at intersection",3,60,"A",2015,"WAGON","HOLDEN","Station Wagon","F",33,"30-39","Drivers"
"T20190011813","25/6/19",17:10:00,"Collision with vehicle","Tuesday","Dusk/Dawn",4,4,"Not at intersection",2,100,"A",2013,"VAN","IVECO","Heavy Vehicle (Rigid) > 4.5 Tonnes","M",57,"50-59","Drivers"
"T20190011813","25/6/19",17:10:00,"Collision with vehicle","Tuesday","Dusk/Dawn",4,4,"Not at intersection",2,100,"B",2000,"SEDAN","HOLDEN","Car","M",32,"30-39","Drivers"
"T20190011813","25/6/19",17:10:00,"Collision with vehicle","Tuesday","Dusk/Dawn",4,4,"Not at intersection",2,100,"C",2014,"WAGON","FORD","Station Wagon","F",34,"30-39","Drivers"
"T20190011813","25/6/19",17:10:00,"Collision with vehicle","Tuesday","Dusk/Dawn",4,4,"Not at intersection",2,100,"D",2013,"S WAG","HOLDEN","Station Wagon","M",25,"22-25","Drivers"
"T20190011816","25/6/19",15:20:00,"Struck Pedestrian","Tuesday","Day",1,2,"Not at intersection",3,60,"A",2010,"SEDAN","MERC B","Car","M",57,"50-59","Drivers"
"T20190011817","25/6/19",19:38:00,"Collision with a fixed object","Tuesday","Dark No street lights",1,1,"Not at intersection",3,80,"A",2016,"SEDAN","HONDA","Car","M",39,"30-39","Drivers"
"T20190011819","21/6/19",17:56:00,"Collision with vehicle","Friday","Dark Street lights on",2,2,"Not at intersection",3,100,"A",2010,"WAGON","B M W","Station Wagon","M",50,"50-59","Drivers"
"T20190011820","25/6/19",19:20:00,"Collision with vehicle","Tuesday","Dark Street lights on",2,2,"Cross intersection",2,60,"A",2001,"SEDAN","HOLDEN","Car","M",32,"30-39","Drivers"
"T20190011820","25/6/19",19:20:00,"Collision with vehicle","Tuesday","Dark Street lights on",2,2,"Cross intersection",2,60,"B",2016,"SEDAN","HYNDAI","Car","F",18,"17-21","Drivers"
"T20190011821","25/6/19",19:30:00,"Collision with vehicle","Tuesday","Dark Street lights on",2,3,"Cross intersection",2,60,"A",2017,"UTIL","HOLDEN","Utility","M",36,"30-39","Drivers"
"T20190011821","25/6/19",19:30:00,"Collision with vehicle","Tuesday","Dark Street lights on",2,3,"Cross intersection",2,60,"B",2012,"SEDAN","CHRYS","Car","M",42,"40-49","Drivers"
"T20190011822","25/6/19",22:10:00,"Collision with vehicle","Tuesday","Dark Street lights on",2,3,"Cross intersection",2,80,"A",2008,"SEDAN","MAZDA","Car","F",19,"17-21","Drivers"
"T20190011822","25/6/19",22:10:00,"Collision with vehicle","Tuesday","Dark Street lights on",2,3,"Cross intersection",2,80,"B",2013,"SEDAN","MITSUB","Car","F",19,"17-21","Drivers"
"T20190011823","25/6/19",18:10:00,"Collision with vehicle","Tuesday","Dark Street lights on",2,3,"Not at intersection",2,80,"A",2011,"WAGON","HOLDEN","Station Wagon","F",32,"30-39","Drivers"
"T20190011823","25/6/19",18:10:00,"Collision with vehicle","Tuesday","Dark Street lights on",2,3,"Not at intersection",2,80,"B",2015,"SEDAN","AUDI","Car","F",38,"30-39","Drivers"
"T20190011828","25/6/19",21:25:00,"Collision with vehicle","Tuesday","Dark Street lights on",4,4,"Not at intersection",3,60,"A",2008,"WAGON","HOLDEN","Station Wagon","F",37,"30-39","Drivers"
"T20190011828","25/6/19",21:25:00,"Collision with vehicle","Tuesday","Dark Street lights on",4,4,"Not at intersection",3,60,"B",2011,"SEDAN","MAZDA","Car","M",40,"40-49","Drivers"
"T20190011828","25/6/19",21:25:00,"Collision with vehicle","Tuesday","Dark Street lights on",4,4,"Not at intersection",3,60,"C",2009,"SEDAN","VOLKS","Car","F",45,"40-49","Drivers"
"T20190011828","25/6/19",21:25:00,"Collision with vehicle","Tuesday","Dark Street lights on",4,4,"Not at intersection",3,60,"D",2011,"WAGON","TOYOTA","Station Wagon","F",52,"50-59","Drivers"
"T20190011829","25/6/19",23:45:00,"Struck Pedestrian","Tuesday","Dark Street lights on",1,2,"Cross intersection",3,50,"A",2007,"WAGON","TOYOTA","Station Wagon","F",51,"50-59","Drivers"
"T20190011830","25/6/19",09:28:00,"Collision with vehicle","Tuesday","Day",3,2,"Not at intersection",2,50,"A",2001,"SED","MAZDA","Car","M",79,"70+","Drivers"
"T20190011830","25/6/19",09:28:00,"Collision with vehicle","Tuesday","Day",3,2,"Not at intersection",2,50,"B",2010,"SEDAN","HOLDEN","Car","M",48,"40-49","Drivers"
"T20190011831","11/6/19",09:30:00,"Collision with vehicle","Tuesday","Day",2,2,"Cross intersection",2,80,"A",2015,"COUPE","M MOVE","Car","F",66,"64-69","Drivers"
"T20190011831","11/6/19",09:30:00,"Collision with vehicle","Tuesday","Day",2,2,"Cross intersection",2,80,"B",2013,"SEDAN","HOLDEN","Car","M",79,"70+","Drivers"
"T20190011833","26/6/19",07:00:00,"Struck Pedestrian","Wednesday","Dusk/Dawn",1,2,"Cross intersection",3,60,"A",2018,"WAGON","NISSAN","Station Wagon","F",56,"50-59","Drivers"
"T20190011835","26/6/19",06:23:00,"Collision with vehicle","Wednesday","Dark Street lights on",2,2,"Not at intersection",3,60,"A",2010,"VAN","TOYOTA","Panel Van","F",61,"60-64","Drivers"
"T20190011838","26/6/19",08:26:00,"Collision with vehicle","Wednesday","Day",2,2,"Cross intersection",3,50,"A",2011,"SEDAN","TOYOTA","Car","F",36,"30-39","Drivers"
"T20190011839","26/6/19",09:05:00,"Collision with vehicle","Wednesday","Day",2,2,"Cross intersection",2,60,"A",2002,"SEDAN","TOYOTA","Car","F",24,"22-25","Drivers"
"T20190011840","26/6/19",09:00:00,"Collision with vehicle","Wednesday","Day",2,2,"Not at intersection",3,70,"A",2016,"VAN","HYNDAI","Panel Van","M",37,"30-39","Drivers"
"T20190011844","26/6/19",08:30:00,"Collision with a fixed object","Wednesday","Day",1,1,"Not at intersection",3,80,"A",1998,"UTIL","TOYOTA","Utility","M",37,"30-39","Drivers"
"T20190011846","22/6/19",13:35:00,"Collision with vehicle","Saturday","Unknown",2,3,"T intersection",2,999,"A",2019,"DC UTE","FORD","Utility","M",84,"70+","Drivers"