"ACCIDENT_NO","ACCIDENTDATE","ACCIDENTTIME","Accident Type Desc","Day Week Description","Light Condition Desc","NO_OF_VEHICLES","NO_PERSONS","Road Geometry Desc","SEVERITY","SPEED_ZONE","VEHICLE_ID","VEHICLE_YEAR_MANUF","VEHICLE_BODY_STYLE","VEHICLE_MAKE","Vehicle Type Desc","SEX","AGE","Age Group","Road User Type Desc"
"T20190011846","22/6/19",13:35:00,"Collision with vehicle","Saturday","Unknown",2,3,"T intersection",2,999,"B",2005,"WAGON","TOYOTA","Car","M",31,"30-39","Drivers"
"T20190011847","26/6/19",11:15:00,"Collision with vehicle","Wednesday","Day",2,2,"Cross intersection",3,50,"A",2017,"WAGON","KIA","Station Wagon","F",38,"30-39","Drivers"
"T20190011847","26/6/19",11:15:00,"Collision with vehicle","Wednesday","Day",2,2,"Cross intersection",3,50,"B",2003,"SEDAN","FORD","Car","M",37,"30-39","Drivers"
"T20190011849","26/6/19",11:10:00,"Collision with vehicle","Wednesday","Day",3,3,"Not at intersection",2,50,"A",2009,"SEDAN","TOYOTA","Car","F",51,"50-59","Drivers"
"T20190011849","26/6/19",11:10:00,"Collision with vehicle","Wednesday","Day",3,3,"Not at intersection",2,50,"B",2010,"SEDAN","HYNDAI","Car","F",74,"70+","Drivers"
"T20190011852","22/6/19",14:30:00,"Collision with vehicle","Saturday","Day",2,2,"T intersection",2,60,"A",2008,"P VAN","VOLKS","Panel Van","M",63,"60-64","Drivers"
"T20190011853","26/6/19",10:30:00,"Collision with vehicle","Wednesday","Day",2,3,"T intersection",2,60,"A",2012,"SEDAN","TOYOTA","Car","M",42,"40-49","Drivers"
"T20190011853","26/6/19",10:30:00,"Collision with vehicle","Wednesday","Day",2,3,"T intersection",2,60,"B",2006,"SEDAN","FORD","Car","M",57,"50-59","Drivers"
"T20190011854","26/6/19",12:45:00,"Collision with vehicle","Wednesday","Day",2,3,"Not at intersection",3,80,"A",2005,"SEDAN","HYNDAI","Car","F",75,"70+","Drivers"
"T20190011854","26/6/19",12:45:00,"Collision with vehicle","Wednesday","Day",2,3,"Not at intersection",3,80,"B",0,"P MVR","UNKN","Prime Mover - Single Trailer","U",NA,"unknown","Drivers"
"T20190011857","23/5/19",17:15:00,"Collision with vehicle","Thursday","Dusk/Dawn",3,3,"T intersection",3,50,"A",2014,"WAGON","JEEP","Station Wagon","M",44,"40-49","Drivers"
"T20190011857","23/5/19",17:15:00,"Collision with vehicle","Thursday","Dusk/Dawn",3,3,"T intersection",3,50,"B",2011,"WAGON","SKODA","Station Wagon","F",48,"40-49","Drivers"
"T20190011857","23/5/19",17:15:00,"Collision with vehicle","Thursday","Dusk/Dawn",3,3,"T intersection",3,50,"C",2013,"SEDAN","FORD","Car","M",38,"30-39","Drivers"
"T20190011858","26/6/19",08:35:00,"Collision with vehicle","Wednesday","Day",2,3,"Multiple intersection",3,50,"A",2010,"SEDAN","HOLDEN","Car","F",23,"22-25","Drivers"
"T20190011858","26/6/19",08:35:00,"Collision with vehicle","Wednesday","Day",2,3,"Multiple intersection",3,50,"B",2010,"WAGON","L ROV","Station Wagon","F",52,"50-59","Drivers"
"T20190011859","22/6/19",13:40:00,"Collision with vehicle","Saturday","Day",2,3,"T intersection",2,50,"A",2019,"DC UTE","FORD","Utility","M",31,"30-39","Drivers"
"T20190011859","22/6/19",13:40:00,"Collision with vehicle","Saturday","Day",2,3,"T intersection",2,50,"B",2005,"WAGON","TOYOTA","Station Wagon","M",84,"70+","Drivers"
"T20190011862","26/6/19",07:40:00,"Collision with a fixed object","Wednesday","Day",1,1,"Not at intersection",3,100,"A",2010,"DC UTE","FORD","Utility","M",64,"60-64","Drivers"
"T20190011864","26/6/19",12:42:00,"Collision with vehicle","Wednesday","Day",2,2,"Cross intersection",2,60,"A",2005,"SEDAN","NISSAN","Car","F",47,"40-49","Drivers"
"T20190011864","26/6/19",12:42:00,"Collision with vehicle","Wednesday","Day",2,2,"Cross intersection",2,60,"B",1998,"SEDAN","HOLDEN","Car","M",26,"26-29","Drivers"
"T20190011865","26/6/19",15:15:00,"Struck Pedestrian","Wednesday","Day",1,2,"T intersection",2,30,"A",2010,"SEDAN","TOYOTA","Car","F",70,"70+","Drivers"
"T20190011866","26/6/19",09:20:00,"Collision with vehicle","Wednesday","Day",2,2,"Cross intersection",3,60,"A",2015,"SEDAN","CHRYS","Car","F",57,"50-59","Drivers"
"T20190011866","26/6/19",09:20:00,"Collision with vehicle","Wednesday","Day",2,2,"Cross intersection",3,60,"B",2006,"SEDAN","FORD","Car","M",31,"30-39","Drivers"
"T20190011868","26/6/19",11:50:00,"Collision with vehicle","Wednesday","Day",3,1,"Not at intersection",3,50,"A",1995,"SEDAN","PEUG","Car","F",89,"70+","Drivers"
"T20190011869","24/6/19",20:30:00,"Collision with vehicle","Monday","Unknown",2,3,"T intersection",3,40,"B",2012,"SEDAN","MAZDA","Car","M",49,"40-49","Drivers"
"T20190011871","20/6/19",15:25:00,"Collision with vehicle","Thursday","Day",3,3,"Cross intersection",3,80,"A",2014,"WAGON","TOYOTA","Station Wagon","F",44,"40-49","Drivers"
"T20190011871","20/6/19",15:25:00,"Collision with vehicle","Thursday","Day",3,3,"Cross intersection",3,80,"B",2011,"SEDAN","MAZDA","Car","M",93,"70+","Drivers"
"T20190011871","20/6/19",15:25:00,"Collision with vehicle","Thursday","Day",3,3,"Cross intersection",3,80,"C",2012,"VAN","TOYOTA","Panel Van","M",31,"30-39","Drivers"
"T20190011875","26/6/19",14:30:00,"Struck Pedestrian","Wednesday","Day",1,2,"Cross intersection",2,60,"A",2001,"SEDAN","HOLDEN","Car","F",58,"50-59","Drivers"
"T20190011877","26/6/19",16:00:00,"Struck Pedestrian","Wednesday","Day",1,2,"T intersection",3,60,"A",2003,"SEDAN","HOLDEN","Car","M",42,"40-49","Drivers"
"T20190011879","26/6/19",17:00:00,"Collision with vehicle","Wednesday","Dusk/Dawn",2,2,"Cross intersection",3,60,"A",2015,"SEDAN","MERC B","Car","M",34,"30-39","Drivers"
"T20190011882","26/6/19",16:00:00,"Collision with vehicle","Wednesday","Day",3,1,"T intersection",3,50,"A",2014,"WAGON","B M W","Station Wagon","F",81,"70+","Drivers"
"T20190011884","26/6/19",17:28:00,"Collision with vehicle","Wednesday","Dusk/Dawn",2,3,"T intersection",2,70,"A",1998,"SEDAN","HOLDEN","Car","M",21,"17-21","Drivers"
"T20190011884","26/6/19",17:28:00,"Collision with vehicle","Wednesday","Dusk/Dawn",2,3,"T intersection",2,70,"B",2006,"SEDAN","MITSUB","Car","M",35,"30-39","Drivers"
"T20190011885","26/6/19",14:00:00,"Collision with vehicle","Wednesday","Day",2,2,"T intersection",2,60,"A",1994,"SEDAN","TOYOTA","Car","F",92,"70+","Drivers"
"T20190011885","26/6/19",14:00:00,"Collision with vehicle","Wednesday","Day",2,2,"T intersection",2,60,"B",2005,"TIPPER","MERC B","Heavy Vehicle (Rigid) > 4.5 Tonnes","M",62,"60-64","Drivers"
"T20190011887","26/6/19",16:42:00,"Collision with a fixed object","Wednesday","Day",1,1,"Not at intersection",2,50,"A",1991,"SEDAN","TOYOTA","Car","M",47,"40-49","Drivers"
"T20190011889","26/6/19",18:05:00,"Collision with vehicle","Wednesday","Dark Street lights on",3,4,"Not at intersection",2,80,"A",2001,"WAGON","MAZDA","Station Wagon","M",29,"26-29","Drivers"
"T20190011889","26/6/19",18:05:00,"Collision with vehicle","Wednesday","Dark Street lights on",3,4,"Not at intersection",2,80,"B",2012,"WAGON","NISSAN","Station Wagon","M",34,"30-39","Drivers"
"T20190011889","26/6/19",18:05:00,"Collision with vehicle","Wednesday","Dark Street lights on",3,4,"Not at intersection",2,80,"C",2016,"UTIL","TOYOTA","Utility","M",58,"50-59","Drivers"
"T20190011893","26/6/19",18:08:00,"Collision with vehicle","Wednesday","Dark Street lights on",2,2,"Not at intersection",3,80,"A",2008,"COUPE","MERC B","Car","F",27,"26-29","Drivers"
"T20190011893","26/6/19",18:08:00,"Collision with vehicle","Wednesday","Dark Street lights on",2,2,"Not at intersection",3,80,"B",2013,"SEDAN","TOYOTA","Car","F",32,"30-39","Drivers"
"T20190011894","26/6/19",17:00:00,"Struck Pedestrian","Wednesday","Dusk/Dawn",1,2,"Not at intersection",2,60,"A",2014,"WAGON","FIAT","Station Wagon","F",46,"40-49","Drivers"
"T20190011898","26/6/19",18:15:00,"Collision with vehicle","Wednesday","Dark Street lights on",2,2,"Cross intersection",3,60,"A",2014,"SEDAN","TOYOTA","Car","F",53,"50-59","Drivers"
"T20190011898","26/6/19",18:15:00,"Collision with vehicle","Wednesday","Dark Street lights on",2,2,"Cross intersection",3,60,"B",2011,"S WAG","HOLDEN","Station Wagon","M",45,"40-49","Drivers"
"T20190011899","26/6/19",16:20:00,"Collision with vehicle","Wednesday","Day",2,3,"Not at intersection",1,100,"A",1984,"COUPE","PORSCH","Car","M",62,"60-64","Drivers"
"T20190011899","26/6/19",16:20:00,"Collision with vehicle","Wednesday","Day",2,3,"Not at intersection",1,100,"B",2010,"SEDAN","HONDA","Car","M",62,"60-64","Drivers"
"T20190011900","26/6/19",18:30:00,"Collision with vehicle","Wednesday","Dark Street lights on",2,3,"Cross intersection",3,60,"A",2001,"S WAG","SUBARU","Station Wagon","M",19,"17-21","Drivers"
"T20190011900","26/6/19",18:30:00,"Collision with vehicle","Wednesday","Dark Street lights on",2,3,"Cross intersection",3,60,"B",0,"UTIL","VLK","Utility","M",63,"60-64","Drivers"
"T20190011902","26/6/19",19:47:00,"Struck Pedestrian","Wednesday","Dark No street lights",1,3,"Not at intersection",2,100,"A",2004,"TRAY","FORD","Light Commercial Vehicle (Rigid) <= 4.5 Tonnes GVM","M",52,"50-59","Drivers"
"T20190011907","26/6/19",22:33:00,"Collision with vehicle","Wednesday","Dark Street lights on",2,2,"Cross intersection",3,999,"A",2006,"COUPE","TOYOTA","Car","F",29,"26-29","Drivers"
"T20190011907","26/6/19",22:33:00,"Collision with vehicle","Wednesday","Dark Street lights on",2,2,"Cross intersection",3,999,"B",2006,"WAGON","FORD","Car","M",18,"17-21","Drivers"
"T20190011908","26/6/19",10:50:00,"Collision with vehicle","Wednesday","Day",2,4,"Cross intersection",2,60,"A",2006,"SEDAN","TOYOTA","Car","M",30,"30-39","Drivers"
"T20190011908","26/6/19",10:50:00,"Collision with vehicle","Wednesday","Day",2,4,"Cross intersection",2,60,"B",2009,"SEDAN","TOYOTA","Car","F",26,"26-29","Drivers"
"T20190011912","27/6/19",03:00:00,"Collision with a fixed object","Thursday","Dark Street lights on",1,1,"Not at intersection",2,80,"A",2013,"DC UTE","TOYOTA","Utility","M",30,"30-39","Drivers"
"T20190011915","17/6/19",19:15:00,"Collision with vehicle","Monday","Dark Street lights on",2,2,"Not at intersection",3,40,"B",0,"SEDAN","UNKN","Car","U",NA,"unknown","Drivers"
"T20190011917","27/6/19",07:10:00,"No collision and no object struck","Thursday","Day",2,2,"T intersection",2,60,"B",2005,"SEDAN","SUBARU","Car","M",33,"30-39","Drivers"
"T20190011918","27/6/19",07:36:00,"Struck Pedestrian","Thursday","Day",1,3,"Cross intersection",2,60,"A",2015,"WAGON","HOLDEN","Station Wagon","M",61,"60-64","Drivers"
"T20190011923","27/6/19",09:00:00,"Struck Pedestrian","Thursday","Day",1,2,"T intersection",3,999,"A",0,"SEDAN","UNKN","Car","U",NA,"unknown","Drivers"
"T20190011925","27/6/19",09:35:00,"Collision with vehicle","Thursday","Day",2,2,"T intersection",3,50,"B",2017,"WAGON","MAZDA","Station Wagon","M",61,"60-64","Drivers"
"T20190011926","27/6/19",08:40:00,"Struck Pedestrian","Thursday","Day",1,2,"Cross intersection",2,50,"A",2014,"SEDAN","MAZDA","Car","M",23,"22-25","Drivers"
"T20190011931","27/6/19",07:08:00,"Collision with vehicle","Thursday","Day",2,2,"T intersection",2,100,"A",1990,"UTIL","NISSAN","Utility","M",78,"70+","Drivers"
"T20190011934","27/6/19",09:00:00,"Collision with vehicle","Thursday","Day",2,4,"T intersection",3,80,"A",1999,"SEDAN","HOLDEN","Car","F",66,"64-69","Drivers"
"T20190011934","27/6/19",09:00:00,"Collision with vehicle","Thursday","Day",2,4,"T intersection",3,80,"B",2002,"SEDAN","HOLDEN","Car","M",21,"17-21","Drivers"
"T20190011936","14/6/19",08:00:00,"Struck animal","Friday","Unknown",1,1,"Not at intersection",3,100,"A",2007,"SEDAN","MITSUB","Car","F",44,"40-49","Drivers"
"T20190011937","27/6/19",09:48:00,"Collision with vehicle","Thursday","Day",2,3,"Cross intersection",2,40,"A",2009,"SEDAN","TOYOTA","Car","M",67,"64-69","Drivers"
"T20190011937","27/6/19",09:48:00,"Collision with vehicle","Thursday","Day",2,3,"Cross intersection",2,40,"B",2012,"WAGON","HYNDAI","Station Wagon","F",30,"30-39","Drivers"
"T20190011939","26/6/19",12:45:00,"Collision with vehicle","Wednesday","Day",2,2,"Cross intersection",2,60,"A",2014,"SEDAN","TOYOTA","Taxi","M",57,"50-59","Drivers"
"T20190011940","27/6/19",09:30:00,"Collision with a fixed object","Thursday","Day",1,1,"Not at intersection",3,50,"A",2006,"P MVR","M A N","Prime Mover - Single Trailer","M",50,"50-59","Drivers"
"T20190011943","11/5/19",15:00:00,"Collision with vehicle","Saturday","Day",2,2,"Not at intersection",3,60,"A",2002,"SEDAN","SUZUKI","Car","F",88,"70+","Drivers"
"T20190011943","11/5/19",15:00:00,"Collision with vehicle","Saturday","Day",2,2,"Not at intersection",3,60,"B",2005,"SEDAN","MAZDA","Car","F",56,"50-59","Drivers"
"T20190011946","27/6/19",08:45:00,"Collision with a fixed object","Thursday","Day",1,1,"Not at intersection",3,100,"A",2008,"SEDAN","TOYOTA","Car","F",18,"17-21","Drivers"
"T20190011947","27/6/19",10:49:00,"Collision with vehicle","Thursday","Day",3,4,"Not at intersection",3,80,"A",2018,"TRAY","ISUZU","Heavy Vehicle (Rigid) > 4.5 Tonnes","M",38,"30-39","Drivers"
"T20190011947","27/6/19",10:49:00,"Collision with vehicle","Thursday","Day",3,4,"Not at intersection",3,80,"B",2006,"SEDAN","MITSUB","Car","M",61,"60-64","Drivers"
"T20190011947","27/6/19",10:49:00,"Collision with vehicle","Thursday","Day",3,4,"Not at intersection",3,80,"C",2003,"SEDAN","HYNDAI","Car","F",41,"40-49","Drivers"
"T20190011951","27/6/19",09:57:00,"Collision with vehicle","Thursday","Day",2,2,"Not at intersection",3,60,"A",2015,"T SDS","HOLDEN","Utility","M",25,"22-25","Drivers"
"T20190011951","27/6/19",09:57:00,"Collision with vehicle","Thursday","Day",2,2,"Not at intersection",3,60,"B",2007,"SEDAN","HOLDEN","Car","M",28,"26-29","Drivers"
"T20190011955","27/6/19",12:30:00,"Collision with vehicle","Thursday","Day",2,5,"T intersection",3,100,"A",2009,"S WAG","AUDI","Station Wagon","M",24,"22-25","Drivers"
"T20190011955","27/6/19",12:30:00,"Collision with vehicle","Thursday","Day",2,5,"T intersection",3,100,"B",2010,"SEDAN","FORD","Car","M",53,"50-59","Drivers"
"T20190011957","27/6/19",15:30:00,"Collision with vehicle","Thursday","Day",2,2,"T intersection",3,80,"A",2011,"SEDAN","TOYOTA","Car","M",75,"70+","Drivers"
"T20190011959","27/6/19",16:00:00,"Collision with vehicle","Thursday","Day",2,2,"Multiple intersection",3,80,"A",2007,"SEDAN","MITSUB","Car","F",56,"50-59","Drivers"
"T20190011961","27/6/19",14:30:00,"Collision with a fixed object","Thursday","Day",1,2,"Not at intersection",3,80,"A",2016,"COUPE","TOYOTA","Car","M",18,"17-21","Drivers"
"T20190011962","27/6/19",17:40:00,"Collision with vehicle","Thursday","Dark Street lights on",2,2,"Cross intersection",3,80,"A",2010,"SEDAN","VOLKS","Car","F",28,"26-29","Drivers"
"T20190011963","27/6/19",16:39:00,"Collision with vehicle","Thursday","Dusk/Dawn",3,4,"Not at intersection",3,100,"A",2006,"SEDAN","FORD","Car","M",19,"17-21","Drivers"
"T20190011963","27/6/19",16:39:00,"Collision with vehicle","Thursday","Dusk/Dawn",3,4,"Not at intersection",3,100,"B",2006,"SEDAN","TOYOTA","Car","M",44,"40-49","Drivers"
"T20190011963","27/6/19",16:39:00,"Collision with vehicle","Thursday","Dusk/Dawn",3,4,"Not at intersection",3,100,"C",2016,"WAGON","AUDI","Station Wagon","M",47,"40-49","Drivers"
"T20190011964","21/6/19",20:00:00,"Collision with vehicle","Friday","Dark Street lights on",2,2,"T intersection",2,70,"A",2006,"SEDAN","HONDA","Car","M",20,"17-21","Drivers"
"T20190011964","21/6/19",20:00:00,"Collision with vehicle","Friday","Dark Street lights on",2,2,"T intersection",2,70,"B",2003,"TRAY","HOLDEN","Utility","M",65,"64-69","Drivers"
"T20190011965","27/6/19",14:55:00,"Struck Pedestrian","Thursday","Day",1,2,"Cross intersection",1,60,"A",2006,"WAGON","KIA","Station Wagon","F",47,"40-49","Drivers"
"T20190011968","27/6/19",19:45:00,"Collision with vehicle","Thursday","Dark Street lights on",3,4,"Not at intersection",2,50,"A",2018,"TIPPER","VOLVO","Heavy Vehicle (Rigid) > 4.5 Tonnes","M",34,"30-39","Drivers"
"T20190011969","27/6/19",19:50:00,"Collision with vehicle","Thursday","Dark Street lights on",2,3,"Cross intersection",3,60,"A",2003,"S WAG","MAZDA","Station Wagon","M",24,"22-25","Drivers"
"T20190011969","27/6/19",19:50:00,"Collision with vehicle","Thursday","Dark Street lights on",2,3,"Cross intersection",3,60,"B",2017,"WAGON","NISSAN","Station Wagon","F",42,"40-49","Drivers"
"T20190011971","27/6/19",17:20:00,"Collision with vehicle","Thursday","Day",2,2,"Not at intersection",3,60,"A",2015,"WAGON","NISSAN","Car","F",55,"50-59","Drivers"
"T20190011971","27/6/19",17:20:00,"Collision with vehicle","Thursday","Day",2,2,"Not at intersection",3,60,"B",2009,"UTIL","FORD","Utility","M",33,"30-39","Drivers"
"T20190011972","31/5/19",15:00:00,"Collision with vehicle","Friday","Day",2,4,"Not at intersection",2,60,"A",2008,"SEDAN","NISSAN","Car","F",22,"22-25","Drivers"
"T20190011972","31/5/19",15:00:00,"Collision with vehicle","Friday","Day",2,4,"Not at intersection",2,60,"B",2003,"SEDAN","MITSUB","Car","F",40,"40-49","Drivers"
"T20190011974","27/6/19",19:00:00,"Collision with vehicle","Thursday","Dark Street lights on",2,2,"Cross intersection",3,50,"A",2014,"WAGON","MAZDA","Station Wagon","F",48,"40-49","Drivers"
"T20190011974","27/6/19",19:00:00,"Collision with vehicle","Thursday","Dark Street lights on",2,2,"Cross intersection",3,50,"B",2013,"SEDAN","SUZUKI","Car","F",25,"22-25","Drivers"
"T20190011976","27/6/19",16:08:00,"Collision with a fixed object","Thursday","Day",1,2,"Not at intersection",3,50,"A",2004,"BUS","TOYOTA","Mini Bus(9-13 seats)","M",47,"40-49","Drivers"
"T20190011977","27/6/19",17:30:00,"Collision with vehicle","Thursday","Dark Street lights on",3,2,"Cross intersection",3,50,"A",2012,"SEDAN","VOLKS","Car","F",41,"40-49","Drivers"
"T20190011977","27/6/19",17:30:00,"Collision with vehicle","Thursday","Dark Street lights on",3,2,"Cross intersection",3,50,"B",2003,"SEDAN","FORD","Car","U",NA,"unknown","Drivers"
"T20190011980","27/6/19",18:00:00,"Struck Pedestrian","Thursday","Day",1,2,"Cross intersection",3,60,"A",2006,"WAGON","HONDA","Station Wagon","M",67,"64-69","Drivers"
"T20190011981","27/6/19",23:20:00,"Collision with vehicle","Thursday","Dark Street lights on",2,2,"Cross intersection",2,60,"A",2016,"WAGON","MERC B","Station Wagon","M",33,"30-39","Drivers"
"T20190011983","27/6/19",23:00:00,"Collision with a fixed object","Thursday","Dark No street lights",1,1,"Not at intersection",2,100,"A",1995,"SED","HONDA","Car","F",18,"17-21","Drivers"
"T20190011984","27/6/19",23:52:00,"Vehicle overturned (no collision)","Thursday","Dark No street lights",1,2,"Not at intersection",3,100,"A",2008,"DC UTE","FORD","Utility","F",37,"30-39","Drivers"
"T20190011987","28/6/19",04:55:00,"Collision with vehicle","Friday","Dark No street lights",2,2,"Not at intersection",2,100,"A",2010,"SEDAN","TOYOTA","Car","U",NA,"unknown","Drivers"
"T20190011987","28/6/19",04:55:00,"Collision with vehicle","Friday","Dark No street lights",2,2,"Not at intersection",2,100,"B",2013,"SEDAN","KIA","Car","F",24,"22-25","Drivers"
"T20190011988","28/6/19",07:30:00,"Collision with vehicle","Friday","Day",2,2,"Cross intersection",3,80,"A",2013,"SEDAN","MAZDA","Car","F",60,"60-64","Drivers"
"T20190011988","28/6/19",07:30:00,"Collision with vehicle","Friday","Day",2,2,"Cross intersection",3,80,"B",1995,"SEDAN","TOYOTA","Car","M",23,"22-25","Drivers"
"T20190011989","26/6/19",14:05:00,"Struck Pedestrian","Wednesday","Day",1,2,"Not at intersection",2,80,"A",2009,"S WAG","HOLDEN","Station Wagon","F",67,"64-69","Drivers"
"T20190011990","26/6/19",15:30:00,"Collision with vehicle","Wednesday","Day",2,2,"Not at intersection",3,60,"A",2013,"VAN","REN","Panel Van","M",34,"30-39","Drivers"
"T20190011990","26/6/19",15:30:00,"Collision with vehicle","Wednesday","Day",2,2,"Not at intersection",3,60,"B",1996,"WAGON","NISSAN","Car","M",40,"40-49","Drivers"
"T20190011991","25/6/19",06:27:00,"Collision with vehicle","Tuesday","Dusk/Dawn",4,4,"Not at intersection",3,60,"A",2017,"UTIL","TOYOTA","Utility","M",32,"30-39","Drivers"
"T20190011991","25/6/19",06:27:00,"Collision with vehicle","Tuesday","Dusk/Dawn",4,4,"Not at intersection",3,60,"B",2002,"P MVR","KENWTH","Prime Mover - Single Trailer","M",64,"60-64","Drivers"
"T20190011991","25/6/19",06:27:00,"Collision with vehicle","Tuesday","Dusk/Dawn",4,4,"Not at intersection",3,60,"C",2002,"S WAG","VOLVO","Station Wagon","F",40,"40-49","Drivers"
"T20190011991","25/6/19",06:27:00,"Collision with vehicle","Tuesday","Dusk/Dawn",4,4,"Not at intersection",3,60,"D",2004,"SEDAN","TOYOTA","Car","M",35,"30-39","Drivers"
"T20190011994","28/6/19",08:59:00,"Collision with vehicle","Friday","Day",2,2,"Not at intersection",3,50,"A",2013,"SEDAN","FIAT","Car","M",43,"40-49","Drivers"
"T20190011994","28/6/19",08:59:00,"Collision with vehicle","Friday","Day",2,2,"Not at intersection",3,50,"B",2011,"SEDAN","HOLDEN","Car","F",42,"40-49","Drivers"
"T20190011998","28/6/19",09:55:00,"Collision with vehicle","Friday","Day",2,2,"Cross intersection",3,60,"A",2009,"WAGON","FORD","Station Wagon","F",39,"30-39","Drivers"
"T20190011998","28/6/19",09:55:00,"Collision with vehicle","Friday","Day",2,2,"Cross intersection",3,60,"B",2009,"WAGON","VOLVO","Station Wagon","F",28,"26-29","Drivers"
"T20190011999","28/6/19",09:43:00,"Collision with vehicle","Friday","Day",2,2,"T intersection",2,60,"A",2012,"UTIL","NISSAN","Utility","M",37,"30-39","Drivers"
"T20190011999","28/6/19",09:43:00,"Collision with vehicle","Friday","Day",2,2,"T intersection",2,60,"B",2017,"VAN","TOYOTA","Panel Van","F",35,"30-39","Drivers"
"T20190012000","28/6/19",11:20:00,"Collision with vehicle","Friday","Day",2,2,"Cross intersection",2,100,"A",2005,"SEDAN","MAZDA","Car","F",43,"40-49","Drivers"
"T20190012000","28/6/19",11:20:00,"Collision with vehicle","Friday","Day",2,2,"Cross intersection",2,100,"B",2004,"VAN","MITSUB","Panel Van","M",63,"60-64","Drivers"
"T20190012002","28/6/19",12:48:00,"Collision with vehicle","Friday","Day",2,2,"Private property",3,888,"A",2004,"SEDAN","MAZDA","Car","F",31,"30-39","Drivers"
"T20190012003","28/6/19",09:45:00,"Collision with vehicle","Friday","Day",2,2,"Cross intersection",3,60,"A",2014,"SEDAN","MAZDA","Car","M",26,"26-29","Drivers"
"T20190012003","28/6/19",09:45:00,"Collision with vehicle","Friday","Day",2,2,"Cross intersection",3,60,"B",2007,"WAGON","TOYOTA","Station Wagon","M",67,"64-69","Drivers"
"T20190012004","28/6/19",12:45:00,"Collision with a fixed object","Friday","Day",1,1,"Not at intersection",3,110,"A",2004,"WAGON","TOYOTA","Station Wagon","M",53,"50-59","Drivers"
"T20190012006","28/6/19",13:30:00,"Collision with vehicle","Friday","Day",2,2,"Cross intersection",3,999,"A",2010,"SEDAN","TOYOTA","Car","M",NA,"unknown","Drivers"
"T20190012006","28/6/19",13:30:00,"Collision with vehicle","Friday","Day",2,2,"Cross intersection",3,999,"B",2002,"WAGON","NISSAN","Car","F",49,"40-49","Drivers"
"T20190012008","28/6/19",12:30:00,"Collision with vehicle","Friday","Day",4,4,"Not at intersection",3,80,"A",2015,"WAGON","FORD","Station Wagon","M",50,"50-59","Drivers"
"T20190012008","28/6/19",12:30:00,"Collision with vehicle","Friday","Day",4,4,"Not at intersection",3,80,"B",2015,"UTIL","FORD","Utility","M",29,"26-29","Drivers"
"T20190012008","28/6/19",12:30:00,"Collision with vehicle","Friday","Day",4,4,"Not at intersection",3,80,"C",2008,"SEDAN","HONDA","Car","F",34,"30-39","Drivers"
"T20190012012","28/6/19",13:45:00,"Collision with vehicle","Friday","Day",2,5,"Cross intersection",2,40,"A",2014,"BUS","TOYOTA","Taxi","M",38,"30-39","Drivers"
"T20190012012","28/6/19",13:45:00,"Collision with vehicle","Friday","Day",2,5,"Cross intersection",2,40,"B",2017,"SEDAN","TOYOTA","Car","F",38,"30-39","Drivers"
"T20190012014","25/6/19",06:15:00,"Collision with vehicle","Tuesday","Dark No street lights",2,1,"Not at intersection",2,999,"A",2019,"TRAY","TOYOTA","Light Commercial Vehicle (Rigid) <= 4.5 Tonnes GVM","M",45,"40-49","Drivers"
"T20190012020","28/6/19",16:00:00,"Collision with vehicle","Friday","Day",4,4,"Not at intersection",2,70,"B",2014,"SEDAN","SUZUKI","Car","M",47,"40-49","Drivers"
"T20190012020","28/6/19",16:00:00,"Collision with vehicle","Friday","Day",4,4,"Not at intersection",2,70,"C",2003,"S WAG","MITSUB","Station Wagon","M",47,"40-49","Drivers"
"T20190012020","28/6/19",16:00:00,"Collision with vehicle","Friday","Day",4,4,"Not at intersection",2,70,"D",2013,"SEDAN","NISSAN","Car","M",31,"30-39","Drivers"
"T20190012023","28/6/19",16:05:00,"Collision with vehicle","Friday","Day",2,2,"T intersection",3,60,"A",2011,"VAN","TOYOTA","Panel Van","M",28,"26-29","Drivers"
"T20190012023","28/6/19",16:05:00,"Collision with vehicle","Friday","Day",2,2,"T intersection",3,60,"B",2018,"SEDAN","HOLDEN","Car","M",21,"17-21","Drivers"
"T20190012025","28/6/19",12:00:00,"Struck Pedestrian","Friday","Day",1,2,"Cross intersection",1,50,"A",2006,"TIPPER","MERC B","Heavy Vehicle (Rigid) > 4.5 Tonnes","M",57,"50-59","Drivers"
"T20190012026","28/6/19",08:30:00,"No collision and no object struck","Friday","Day",2,2,"Not at intersection",3,60,"A",2017,"TRAY","IVECO","Other Vehicle","M",72,"70+","Drivers"
"T20190012028","28/6/19",01:45:00,"Fall from or in moving vehicle","Friday","Dark Street lights on",1,5,"Not at intersection",2,50,"A",2016,"WAGON","TOYOTA","Station Wagon","M",31,"30-39","Drivers"
"T20190012029","27/6/19",08:15:00,"Struck Pedestrian","Thursday","Day",1,2,"Not at intersection",2,60,"A",2003,"SEDAN","TOYOTA","Car","F",75,"70+","Drivers"
"T20190012030","28/6/19",16:45:00,"Struck Pedestrian","Friday","Day",1,2,"Not at intersection",3,60,"A",2018,"SEDAN","TOYOTA","Car","M",46,"40-49","Drivers"
"T20190012032","28/6/19",17:47:00,"Collision with vehicle","Friday","Dark Street lights on",3,5,"Cross intersection",2,60,"A",1997,"SEDAN","HONDA","Car","F",36,"30-39","Drivers"
"T20190012032","28/6/19",17:47:00,"Collision with vehicle","Friday","Dark Street lights on",3,5,"Cross intersection",2,60,"B",2005,"SEDAN","TOYOTA","Car","F",38,"30-39","Drivers"