"ACCIDENT_NO","ACCIDENTDATE","ACCIDENTTIME","Accident Type Desc","Day Week Description","Light Condition Desc","NO_OF_VEHICLES","NO_PERSONS","Road Geometry Desc","SEVERITY","SPEED_ZONE","VEHICLE_ID","VEHICLE_YEAR_MANUF","VEHICLE_BODY_STYLE","VEHICLE_MAKE","Vehicle Type Desc","SEX","AGE","Age Group","Road User Type Desc"
"T20190012032","28/6/19",17:47:00,"Collision with vehicle","Friday","Dark Street lights on",3,5,"Cross intersection",2,60,"C",2014,"WAGON","MITSUB","Station Wagon","F",45,"40-49","Drivers"
"T20190012033","27/6/19",19:59:00,"Collision with vehicle","Thursday","Dark Street lights on",2,2,"Not at intersection",3,40,"A",2001,"SEDAN","MITSUB","Car","F",33,"30-39","Drivers"
"T20190012033","27/6/19",19:59:00,"Collision with vehicle","Thursday","Dark Street lights on",2,2,"Not at intersection",3,40,"B",2000,"SED","NISSAN","Car","M",26,"26-29","Drivers"
"T20190012034","28/6/19",17:15:00,"Collision with vehicle","Friday","Day",3,3,"Not at intersection",3,60,"A",2018,"DC UTE","HOLDEN","Utility","M",57,"50-59","Drivers"
"T20190012034","28/6/19",17:15:00,"Collision with vehicle","Friday","Day",3,3,"Not at intersection",3,60,"B",2004,"DC UTE","HOLDEN","Utility","M",39,"30-39","Drivers"
"T20190012034","28/6/19",17:15:00,"Collision with vehicle","Friday","Day",3,3,"Not at intersection",3,60,"C",2001,"SEDAN","SUBARU","Car","F",22,"22-25","Drivers"
"T20190012035","30/4/19",16:00:00,"Collision with vehicle","Tuesday","Day",2,2,"Not at intersection",3,999,"C",0,"S WAG","TOYOTA","Station Wagon","U",NA,"unknown","Drivers"
"T20190012036","28/6/19",14:30:00,"Struck Pedestrian","Friday","Day",1,2,"Not at intersection",3,60,"A",2013,"SEDAN","B M W","Car","F",52,"50-59","Drivers"
"T20190012038","28/6/19",19:15:00,"Struck animal","Friday","Dark No street lights",1,2,"Not at intersection",3,100,"A",1997,"S WAG","TOYOTA","Station Wagon","M",46,"40-49","Drivers"
"T20190012043","28/6/19",19:20:00,"Collision with vehicle","Friday","Dark Street lights on",2,2,"T intersection",3,60,"A",2012,"SEDAN","TOYOTA","Car","F",22,"22-25","Drivers"
"T20190012043","28/6/19",19:20:00,"Collision with vehicle","Friday","Dark Street lights on",2,2,"T intersection",3,60,"B",2014,"DC UTE","MITSUB","Utility","M",31,"30-39","Drivers"
"T20190012044","28/6/19",15:45:00,"Collision with vehicle","Friday","Day",2,2,"Y intersection",3,80,"A",2012,"SEDAN","MAZDA","Car","F",23,"22-25","Drivers"
"T20190012044","28/6/19",15:45:00,"Collision with vehicle","Friday","Day",2,2,"Y intersection",3,80,"B",2005,"SEDAN","HOLDEN","Car","F",76,"70+","Drivers"
"T20190012047","28/6/19",22:12:00,"Collision with vehicle","Friday","Dark Street lights off",2,3,"Not at intersection",3,60,"A",2018,"S WAG","HYUNDA","Station Wagon","M",39,"30-39","Drivers"
"T20190012047","28/6/19",22:12:00,"Collision with vehicle","Friday","Dark Street lights off",2,3,"Not at intersection",3,60,"B",2016,"WAGON","B M W","Station Wagon","M",53,"50-59","Drivers"
"T20190012048","28/6/19",14:50:00,"Collision with vehicle","Friday","Day",2,5,"Cross intersection",2,50,"A",2009,"SEDAN","VOLKS","Car","F",68,"64-69","Drivers"
"T20190012048","28/6/19",14:50:00,"Collision with vehicle","Friday","Day",2,5,"Cross intersection",2,50,"B",2016,"SEDAN","TOYOTA","Car","M",72,"70+","Drivers"
"T20190012049","28/6/19",21:30:00,"Collision with vehicle","Friday","Dark Street lights on",2,2,"Not at intersection",3,50,"A",2002,"RDSTR","COBRA","Car","M",46,"40-49","Drivers"
"T20190012051","28/6/19",17:09:00,"Collision with vehicle","Friday","Dark No street lights",2,1,"Cross intersection",3,80,"B",1990,"TRAY","FORD","Light Commercial Vehicle (Rigid) <= 4.5 Tonnes GVM","M",72,"70+","Drivers"
"T20190012055","29/6/19",01:41:00,"Collision with a fixed object","Saturday","Dark Street lights on",1,2,"Not at intersection",2,80,"A",1995,"SEDAN","NISSAN","Car","M",25,"22-25","Drivers"
"T20190012056","28/6/19",23:35:00,"Collision with vehicle","Friday","Dark Street lights on",3,4,"Not at intersection",2,60,"A",2004,"SEDAN","TOYOTA","Car","M",19,"17-21","Drivers"
"T20190012056","28/6/19",23:35:00,"Collision with vehicle","Friday","Dark Street lights on",3,4,"Not at intersection",2,60,"B",2013,"SEDAN","B M W","Car","M",18,"17-21","Drivers"
"T20190012056","28/6/19",23:35:00,"Collision with vehicle","Friday","Dark Street lights on",3,4,"Not at intersection",2,60,"C",2012,"SEDAN","HYNDAI","Car","M",19,"17-21","Drivers"
"T20190012057","29/6/19",03:00:00,"Collision with a fixed object","Saturday","Dark Street lights on",1,1,"Not at intersection",2,60,"A",0,"COUPE","FORD","Car","M",35,"30-39","Drivers"
"T20190012059","29/6/19",06:28:00,"Collision with vehicle","Saturday","Dark Street lights on",2,3,"T intersection",2,80,"A",2018,"WAGON","TOYOTA","Station Wagon","M",29,"26-29","Drivers"
"T20190012059","29/6/19",06:28:00,"Collision with vehicle","Saturday","Dark Street lights on",2,3,"T intersection",2,80,"B",1984,"UTIL","TOYOTA","Utility","M",63,"60-64","Drivers"
"T20190012061","29/6/19",08:35:00,"Collision with vehicle","Saturday","Day",2,2,"Not at intersection",2,999,"A",2015,"SEDAN","TOYOTA","Taxi","M",32,"30-39","Drivers"
"T20190012061","29/6/19",08:35:00,"Collision with vehicle","Saturday","Day",2,2,"Not at intersection",2,999,"B",2012,"WAGON","MAZDA","Station Wagon","F",49,"40-49","Drivers"
"T20190012062","28/6/19",15:00:00,"Collision with vehicle","Friday","Day",2,2,"Not at intersection",3,100,"A",2018,"UTIL","MITSUB","Utility","M",37,"30-39","Drivers"
"T20190012062","28/6/19",15:00:00,"Collision with vehicle","Friday","Day",2,2,"Not at intersection",3,100,"B",2010,"SEDAN","HOLDEN","Car","F",50,"50-59","Drivers"
"T20190012063","29/6/19",06:35:00,"Collision with vehicle","Saturday","Dark No street lights",2,2,"Not at intersection",3,110,"A",2005,"P MVR","F LINE","Prime Mover Only","M",66,"64-69","Drivers"
"T20190012064","29/6/19",11:30:00,"Collision with vehicle","Saturday","Day",2,2,"Cross intersection",2,80,"A",2008,"SED","TOYOTA","Car","M",66,"64-69","Drivers"
"T20190012066","29/6/19",08:41:00,"Collision with vehicle","Saturday","Day",2,2,"Cross intersection",3,60,"A",2014,"SEDAN","HOLDEN","Car","M",59,"50-59","Drivers"
"T20190012066","29/6/19",08:41:00,"Collision with vehicle","Saturday","Day",2,2,"Cross intersection",3,60,"B",2018,"SEDAN","TOYOTA","Car","F",55,"50-59","Drivers"
"T20190012067","27/6/19",10:30:00,"Collision with vehicle","Thursday","Day",2,2,"Cross intersection",3,60,"A",2011,"SEDAN","VOLKS","Car","F",22,"22-25","Drivers"
"T20190012067","27/6/19",10:30:00,"Collision with vehicle","Thursday","Day",2,2,"Cross intersection",3,60,"B",2004,"SEDAN","HOLDEN","Car","F",52,"50-59","Drivers"
"T20190012068","29/6/19",07:12:00,"Collision with vehicle","Saturday","Dusk/Dawn",2,3,"Cross intersection",3,60,"A",2016,"S WAG","M MOVE","Car","M",45,"40-49","Drivers"
"T20190012068","29/6/19",07:12:00,"Collision with vehicle","Saturday","Dusk/Dawn",2,3,"Cross intersection",3,60,"B",2010,"SEDAN","TOYOTA","Car","F",46,"40-49","Drivers"
"T20190012071","29/6/19",11:30:00,"Collision with a fixed object","Saturday","Day",1,1,"Not at intersection",3,50,"A",2016,"WAGON","HONDA","Station Wagon","F",73,"70+","Drivers"
"T20190012072","29/6/19",10:10:00,"Collision with vehicle","Saturday","Day",2,3,"T intersection",3,60,"A",2014,"SEDAN","VOLKS","Car","F",31,"30-39","Drivers"
"T20190012072","29/6/19",10:10:00,"Collision with vehicle","Saturday","Day",2,3,"T intersection",3,60,"B",1990,"WAGON","NISSAN","Station Wagon","M",34,"30-39","Drivers"
"T20190012073","21/6/19",16:45:00,"Collision with vehicle","Friday","Day",2,2,"Not at intersection",3,999,"B",2015,"WAGON","PORSCH","Station Wagon","M",47,"40-49","Drivers"
"T20190012076","24/6/19",16:10:00,"Collision with vehicle","Monday","Day",2,4,"Cross intersection",2,40,"A",2013,"WAGON","AUDI","Station Wagon","F",61,"60-64","Drivers"
"T20190012081","28/6/19",14:15:00,"Struck Pedestrian","Friday","Day",1,2,"Private property",3,999,"A",2011,"SEDAN","VOLKS","Car","F",52,"50-59","Drivers"
"T20190012082","29/6/19",14:00:00,"Collision with vehicle","Saturday","Day",2,4,"Not at intersection",3,100,"A",2010,"SEDAN","FORD","Car","F",24,"22-25","Drivers"
"T20190012082","29/6/19",14:00:00,"Collision with vehicle","Saturday","Day",2,4,"Not at intersection",3,100,"B",2015,"SED","HONDA","Car","F",24,"22-25","Drivers"
"T20190012084","29/6/19",14:40:00,"Collision with a fixed object","Saturday","Day",1,1,"Not at intersection",3,60,"A",2004,"SEDAN","HOLDEN","Car","F",27,"26-29","Drivers"
"T20190012087","29/6/19",17:45:00,"Collision with vehicle","Saturday","Dark Street lights on",2,2,"Not at intersection",2,999,"A",2002,"TRAY","HOLDEN","Utility","M",50,"50-59","Drivers"
"T20190012087","29/6/19",17:45:00,"Collision with vehicle","Saturday","Dark Street lights on",2,2,"Not at intersection",2,999,"B",2002,"COUPE","MERC B","Car","F",73,"70+","Drivers"
"T20190012090","29/6/19",14:05:00,"Collision with a fixed object","Saturday","Day",1,8,"Not at intersection",2,80,"A",2015,"BUS","TOYOTA","Mini Bus(9-13 seats)","M",46,"40-49","Drivers"
"T20190012092","29/6/19",18:40:00,"Collision with vehicle","Saturday","Dark Street lights on",2,3,"Cross intersection",3,60,"A",2017,"WAGON","NISSAN","Station Wagon","F",37,"30-39","Drivers"
"T20190012092","29/6/19",18:40:00,"Collision with vehicle","Saturday","Dark Street lights on",2,3,"Cross intersection",3,60,"B",2003,"S WAG","HOLDEN","Station Wagon","M",19,"17-21","Drivers"
"T20190012095","29/6/19",08:18:00,"Collision with vehicle","Saturday","Day",2,2,"Cross intersection",2,50,"B",2016,"UTIL","NISSAN","Utility","M",62,"60-64","Drivers"
"T20190012098","29/6/19",01:20:00,"Collision with a fixed object","Saturday","Dark No street lights",1,2,"Not at intersection",1,110,"A",2009,"WAGON","FORD","Station Wagon","M",44,"40-49","Drivers"
"T20190012101","29/6/19",17:00:00,"Collision with a fixed object","Saturday","Dusk/Dawn",1,1,"Not at intersection",3,100,"A",2016,"WAGON","MAZDA","Station Wagon","F",25,"22-25","Drivers"
"T20190012103","29/6/19",16:30:00,"Collision with vehicle","Saturday","Dusk/Dawn",2,2,"Not at intersection",3,70,"A",1998,"VAN","TOYOTA","Panel Van","M",54,"50-59","Drivers"
"T20190012103","29/6/19",16:30:00,"Collision with vehicle","Saturday","Dusk/Dawn",2,2,"Not at intersection",3,70,"B",2008,"DC UTE","VOLKS","Utility","M",31,"30-39","Drivers"
"T20190012104","29/6/19",17:17:00,"Collision with a fixed object","Saturday","Dark Street lights on",1,2,"Not at intersection",2,50,"A",2017,"WAGON","NISSAN","Station Wagon","F",43,"40-49","Drivers"
"T20190012106","29/6/19",17:25:00,"Struck Pedestrian","Saturday","Dark Street lights on",1,2,"Not at intersection",2,50,"A",2011,"WAGON","HYNDAI","Station Wagon","F",49,"40-49","Drivers"
"T20190012109","29/6/19",22:31:00,"Collision with a fixed object","Saturday","Dark No street lights",1,1,"Not at intersection",3,80,"A",1998,"S WAG","SUBARU","Station Wagon","M",27,"26-29","Drivers"
"T20190012110","29/6/19",22:00:00,"Collision with vehicle","Saturday","Dark No street lights",7,16,"Not at intersection",2,100,"A",2017,"WAGON","PEUG","Station Wagon","M",44,"40-49","Drivers"
"T20190012110","29/6/19",22:00:00,"Collision with vehicle","Saturday","Dark No street lights",7,16,"Not at intersection",2,100,"B",2016,"WAGON","MAZDA","Station Wagon","F",25,"22-25","Drivers"
"T20190012110","29/6/19",22:00:00,"Collision with vehicle","Saturday","Dark No street lights",7,16,"Not at intersection",2,100,"C",2013,"SEDAN","TOYOTA","Car","F",54,"50-59","Drivers"
"T20190012110","29/6/19",22:00:00,"Collision with vehicle","Saturday","Dark No street lights",7,16,"Not at intersection",2,100,"D",2000,"WAGON","TOYOTA","Station Wagon","M",46,"40-49","Drivers"
"T20190012110","29/6/19",22:00:00,"Collision with vehicle","Saturday","Dark No street lights",7,16,"Not at intersection",2,100,"E",2019,"UTIL","G WALL","Utility","M",49,"40-49","Drivers"
"T20190012110","29/6/19",22:00:00,"Collision with vehicle","Saturday","Dark No street lights",7,16,"Not at intersection",2,100,"F",2017,"WAGON","MITSUB","Station Wagon","F",51,"50-59","Drivers"
"T20190012110","29/6/19",22:00:00,"Collision with vehicle","Saturday","Dark No street lights",7,16,"Not at intersection",2,100,"G",2013,"SEDAN","TOYOTA","Car","M",32,"30-39","Drivers"
"T20190012114","30/6/19",00:46:00,"Struck Pedestrian","Sunday","Dark Street lights on",1,2,"Not at intersection",3,999,"A",2018,"SED","TOYOTA","Taxi","M",26,"26-29","Drivers"
"T20190012115","29/6/19",22:27:00,"Struck Pedestrian","Saturday","Dark Street lights on",1,2,"Multiple intersection",3,70,"A",2013,"SEDAN","TOYOTA","Car","F",33,"30-39","Drivers"
"T20190012117","30/6/19",04:40:00,"Collision with vehicle","Sunday","Dark Street lights on",2,2,"Cross intersection",3,60,"A",2013,"SEDAN","TOYOTA","Taxi","M",27,"26-29","Drivers"
"T20190012117","30/6/19",04:40:00,"Collision with vehicle","Sunday","Dark Street lights on",2,2,"Cross intersection",3,60,"B",0,"UTIL","UNKN","Utility","U",NA,"unknown","Drivers"
"T20190012118","29/6/19",07:40:00,"Collision with a fixed object","Saturday","Dark No street lights",1,3,"Not at intersection",3,100,"A",2005,"SEDAN","TOYOTA","Car","M",33,"30-39","Drivers"
"T20190012119","4/2/19",20:35:00,"Collision with vehicle","Monday","Dark Street lights on",2,2,"Not at intersection",3,40,"A",2015,"SEDAN","MERC B","Car","F",63,"60-64","Drivers"
"T20190012119","4/2/19",20:35:00,"Collision with vehicle","Monday","Dark Street lights on",2,2,"Not at intersection",3,40,"B",2016,"SEDAN","SUZUKI","Car","M",31,"30-39","Drivers"
"T20190012120","26/6/19",15:00:00,"Collision with vehicle","Wednesday","Day",2,2,"Cross intersection",2,60,"A",2008,"SEDAN","MAZDA","Car","F",48,"40-49","Drivers"
"T20190012120","26/6/19",15:00:00,"Collision with vehicle","Wednesday","Day",2,2,"Cross intersection",2,60,"B",2003,"SEDAN","MITSUB","Car","F",60,"60-64","Drivers"
"T20190012122","30/6/19",09:36:00,"Collision with a fixed object","Sunday","Day",2,4,"Cross intersection",3,60,"A",2006,"WAGON","CHRYS","Station Wagon","F",24,"22-25","Drivers"
"T20190012122","30/6/19",09:36:00,"Collision with a fixed object","Sunday","Day",2,4,"Cross intersection",3,60,"B",2013,"WAGON","TOYOTA","Station Wagon","F",34,"30-39","Drivers"
"T20190012124","30/6/19",05:55:00,"Collision with a fixed object","Sunday","Dark Street lights on",1,2,"Cross intersection",1,60,"A",2004,"SEDAN","MERC B","Car","M",22,"22-25","Drivers"
"T20190012126","29/6/19",14:45:00,"Collision with vehicle","Saturday","Unknown",2,2,"Cross intersection",3,50,"A",2018,"WAGON","B M W","Station Wagon","F",38,"30-39","Drivers"
"T20190012130","29/6/19",11:10:00,"Collision with vehicle","Saturday","Day",2,4,"Cross intersection",3,60,"A",2013,"SEDAN","TOYOTA","Car","F",40,"40-49","Drivers"
"T20190012130","29/6/19",11:10:00,"Collision with vehicle","Saturday","Day",2,4,"Cross intersection",3,60,"B",2017,"WAGON","NISSAN","Car","F",39,"30-39","Drivers"
"T20190012131","17/5/19",08:55:00,"Collision with vehicle","Friday","Day",2,2,"Not at intersection",3,777,"A",2017,"WAGON","B M W","Station Wagon","F",47,"40-49","Drivers"
"T20190012133","30/6/19",12:47:00,"Struck Pedestrian","Sunday","Day",1,2,"Cross intersection",3,60,"A",0,"SP VEH","UNKN","Other Vehicle","F",35,"30-39","Drivers"
"T20190012134","30/6/19",12:50:00,"Collision with vehicle","Sunday","Day",2,3,"T intersection",2,70,"A",2019,"SEDAN","VOLKS","Car","F",30,"30-39","Drivers"
"T20190012134","30/6/19",12:50:00,"Collision with vehicle","Sunday","Day",2,3,"T intersection",2,70,"B",2007,"SEDAN","HOLDEN","Car","F",50,"50-59","Drivers"
"T20190012135","30/6/19",12:29:00,"Struck Pedestrian","Sunday","Day",1,2,"Not at intersection",3,40,"A",1998,"SEDAN","SAAB","Car","M",58,"50-59","Drivers"
"T20190012136","30/6/19",12:20:00,"Collision with vehicle","Sunday","Day",2,2,"Cross intersection",3,60,"A",2013,"SEDAN","NISSAN","Car","M",81,"70+","Drivers"
"T20190012141","29/6/19",18:00:00,"Struck Pedestrian","Saturday","Dark Street lights on",1,3,"Cross intersection",3,60,"A",2014,"WAGON","KIA","Station Wagon","F",38,"30-39","Drivers"
"T20190012142","30/6/19",12:15:00,"Collision with a fixed object","Sunday","Day",1,1,"Not at intersection",3,60,"A",2013,"SEDAN","HYNDAI","Car","F",31,"30-39","Drivers"
"T20190012143","30/6/19",12:42:00,"Collision with vehicle","Sunday","Day",2,4,"Cross intersection",3,100,"A",2013,"WAGON","JEEP","Station Wagon","F",54,"50-59","Drivers"
"T20190012143","30/6/19",12:42:00,"Collision with vehicle","Sunday","Day",2,4,"Cross intersection",3,100,"B",1975,"SEDAN","FORD","Car","M",41,"40-49","Drivers"
"T20190012146","30/6/19",11:30:00,"Collision with vehicle","Sunday","Day",4,4,"Not at intersection",3,50,"A",2013,"UTIL","HOLDEN","Utility","M",24,"22-25","Drivers"
"T20190012146","30/6/19",11:30:00,"Collision with vehicle","Sunday","Day",4,4,"Not at intersection",3,50,"D",2012,"WAGON","JEEP","Station Wagon","M",34,"30-39","Drivers"
"T20190012148","30/6/19",12:45:00,"Collision with a fixed object","Sunday","Day",1,3,"Not at intersection",2,100,"A",2015,"WAGON","JEEP","Station Wagon","F",35,"30-39","Drivers"
"T20190012150","29/6/19",20:45:00,"Collision with vehicle","Saturday","Dark Street lights on",2,1,"Not at intersection",3,60,"A",2006,"S WAG","MITSUB","Station Wagon","M",50,"50-59","Drivers"
"T20190012155","30/6/19",15:20:00,"Collision with vehicle","Sunday","Day",2,2,"T intersection",3,80,"A",2005,"SEDAN","FORD","Car","M",49,"40-49","Drivers"
"T20190012156","30/6/19",16:15:00,"Collision with vehicle","Sunday","Day",2,5,"T intersection",3,60,"A",2012,"DC UTE","NISSAN","Utility","M",45,"40-49","Drivers"
"T20190012156","30/6/19",16:15:00,"Collision with vehicle","Sunday","Day",2,5,"T intersection",3,60,"B",2019,"WAGON","B M W","Car","M",36,"30-39","Drivers"
"T20190012157","30/6/19",14:45:00,"Collision with a fixed object","Sunday","Day",1,3,"Not at intersection",3,100,"A",2004,"WAGON","TOYOTA","Station Wagon","M",23,"22-25","Drivers"
"T20190012164","30/6/19",18:00:00,"Collision with vehicle","Sunday","Dark Street lights on",2,2,"Cross intersection",3,40,"A",2009,"SEDAN","HYNDAI","Car","F",22,"22-25","Drivers"
"T20190012164","30/6/19",18:00:00,"Collision with vehicle","Sunday","Dark Street lights on",2,2,"Cross intersection",3,40,"B",2018,"WAGON","PORSCH","Car","M",65,"64-69","Drivers"
"T20190012165","30/6/19",17:55:00,"Collision with vehicle","Sunday","Dark Street lights on",4,4,"Not at intersection",3,100,"A",2013,"SEDAN","TOYOTA","Car","F",44,"40-49","Drivers"
"T20190012165","30/6/19",17:55:00,"Collision with vehicle","Sunday","Dark Street lights on",4,4,"Not at intersection",3,100,"B",2012,"SEDAN","HYNDAI","Car","M",22,"22-25","Drivers"
"T20190012165","30/6/19",17:55:00,"Collision with vehicle","Sunday","Dark Street lights on",4,4,"Not at intersection",3,100,"C",2006,"SEDAN","HOLDEN","Car","F",22,"22-25","Drivers"
"T20190012165","30/6/19",17:55:00,"Collision with vehicle","Sunday","Dark Street lights on",4,4,"Not at intersection",3,100,"D",2010,"SEDAN","TOYOTA","Car","M",51,"50-59","Drivers"
"T20190012172","30/6/19",19:40:00,"Collision with vehicle","Sunday","Dark Street lights on",2,4,"Cross intersection",3,70,"A",2012,"SEDAN","MAZDA","Car","M",46,"40-49","Drivers"
"T20190012172","30/6/19",19:40:00,"Collision with vehicle","Sunday","Dark Street lights on",2,4,"Cross intersection",3,70,"B",2018,"TOURER","B M W","Car","U",NA,"unknown","Drivers"
"T20190012173","30/6/19",19:40:00,"Struck animal","Sunday","Dark No street lights",1,1,"Not at intersection",3,100,"A",2002,"S WAG","FORD","Station Wagon","M",29,"26-29","Drivers"
"T20190012175","30/6/19",19:30:00,"Collision with a fixed object","Sunday","Dark Street lights on",1,1,"Not at intersection",3,80,"A",1994,"S WAG","TOYOTA","Station Wagon","M",46,"40-49","Drivers"
"T20190012177","28/6/19",17:15:00,"Collision with vehicle","Friday","Dark Street lights on",2,3,"T intersection",2,80,"A",2003,"SEDAN","HOLDEN","Car","F",20,"17-21","Drivers"
"T20190012177","28/6/19",17:15:00,"Collision with vehicle","Friday","Dark Street lights on",2,3,"T intersection",2,80,"B",2007,"COUPE","B M W","Car","M",28,"26-29","Drivers"
"T20190012181","1/7/19",05:54:00,"Collision with vehicle","Monday","Dark Street lights on",2,2,"Not at intersection",3,60,"A",2002,"SEDAN","FORD","Car","F",49,"40-49","Drivers"
"T20190012182","1/7/19",00:18:00,"Collision with vehicle","Monday","Dark No street lights",2,2,"Not at intersection",1,60,"A",2011,"SEDAN","HOLDEN","Car","M",20,"17-21","Drivers"
"T20190012187","1/7/19",08:00:00,"Collision with vehicle","Monday","Day",2,2,"T intersection",3,60,"A",2003,"VAN","TOYOTA","Panel Van","M",60,"60-64","Drivers"
"T20190012187","1/7/19",08:00:00,"Collision with vehicle","Monday","Day",2,2,"T intersection",3,60,"B",2004,"SKIP C","IVECO","Heavy Vehicle (Rigid) > 4.5 Tonnes","M",60,"60-64","Drivers"
"T20190012190","12/6/19",17:30:00,"Collision with vehicle","Wednesday","Dusk/Dawn",2,2,"Cross intersection",3,100,"A",2001,"WAGON","TOYOTA","Station Wagon","M",58,"50-59","Drivers"
"T20190012191","1/7/19",09:40:00,"Collision with vehicle","Monday","Day",2,2,"Cross intersection",3,40,"A",2018,"WAGON","AUDI","Station Wagon","M",41,"40-49","Drivers"
"T20190012199","1/7/19",10:55:00,"Collision with vehicle","Monday","Day",2,3,"Not at intersection",3,110,"A",2013,"P MVR","W STAR","Prime Mover Only","M",50,"50-59","Drivers"
"T20190012199","1/7/19",10:55:00,"Collision with vehicle","Monday","Day",2,3,"Not at intersection",3,110,"B",2017,"VAN","TOYOTA","Mini Bus(9-13 seats)","F",28,"26-29","Drivers"
"T20190012200","18/4/19",18:00:00,"Struck Pedestrian","Thursday","Unknown",1,2,"Multiple intersection",3,50,"A",2018,"WAGON","VOLKS","Station Wagon","M",55,"50-59","Drivers"
"T20190012204","1/7/19",11:26:00,"Struck Pedestrian","Monday","Day",1,4,"Not at intersection",3,777,"A",2013,"WAGON","TOYOTA","Car","F",30,"30-39","Drivers"
"T20190012207","26/6/19",17:15:00,"Struck animal","Wednesday","Dusk/Dawn",1,2,"Not at intersection",2,100,"A",2006,"SEDAN","MITSUB","Car","M",44,"40-49","Drivers"
"T20190012209","1/7/19",11:20:00,"Struck Pedestrian","Monday","Day",1,2,"Cross intersection",3,50,"A",2010,"UTIL","HOLDEN","Utility","M",58,"50-59","Drivers"
"T20190012210","16/5/19",08:50:00,"Collision with vehicle","Thursday","Day",2,2,"T intersection",3,50,"A",2005,"SEDAN","B M W","Car","F",33,"30-39","Drivers"
"T20190012211","1/7/19",11:44:00,"Collision with vehicle","Monday","Day",2,2,"Not at intersection",3,100,"A",0,"P MVR","KENWOR","Prime Mover - Single Trailer","M",32,"30-39","Drivers"
"T20190012211","1/7/19",11:44:00,"Collision with vehicle","Monday","Day",2,2,"Not at intersection",3,100,"B",2010,"P MVR","KENWTH","Prime Mover Only","M",28,"26-29","Drivers"
"T20190012212","1/7/19",12:45:00,"Collision with vehicle","Monday","Day",2,2,"Not at intersection",3,80,"A",2010,"BUS","VOLVO","Bus/Coach","M",54,"50-59","Drivers"
"T20190012212","1/7/19",12:45:00,"Collision with vehicle","Monday","Day",2,2,"Not at intersection",3,80,"B",1989,"SEDAN","TOYOTA","Car","M",25,"22-25","Drivers"
"T20190012213","1/7/19",08:10:00,"Collision with vehicle","Monday","Day",2,2,"Not at intersection",3,100,"A",2017,"WAGON","UNKN","Car","F",44,"40-49","Drivers"
"T20190012213","1/7/19",08:10:00,"Collision with vehicle","Monday","Day",2,2,"Not at intersection",3,100,"B",2003,"SEDAN","MAZDA","Car","F",39,"30-39","Drivers"
"T20190012214","1/7/19",14:00:00,"Collision with vehicle","Monday","Day",3,3,"Not at intersection",3,100,"B",2007,"SEDAN","FORD","Car","M",29,"26-29","Drivers"
"T20190012214","1/7/19",14:00:00,"Collision with vehicle","Monday","Day",3,3,"Not at intersection",3,100,"C",2018,"WAGON","TOYOTA","Station Wagon","M",38,"30-39","Drivers"
"T20190012214","1/7/19",14:00:00,"Collision with vehicle","Monday","Day",3,3,"Not at intersection",3,100,"D",2017,"P MVR","KENWTH","Prime Mover Only","M",39,"30-39","Drivers"
"T20190012215","1/7/19",11:50:00,"Collision with vehicle","Monday","Day",2,2,"Not at intersection",3,60,"A",2003,"G UNIT","VOLVO","Heavy Vehicle (Rigid) > 4.5 Tonnes","M",33,"30-39","Drivers"
"T20190012215","1/7/19",11:50:00,"Collision with vehicle","Monday","Day",2,2,"Not at intersection",3,60,"B",1998,"SEDAN","TOYOTA","Car","F",68,"64-69","Drivers"
"T20190012217","1/7/19",15:40:00,"Collision with a fixed object","Monday","Day",1,1,"Not at intersection",3,50,"A",1998,"S WAG","TOYOTA","Station Wagon","M",26,"26-29","Drivers"
"T20190012219","1/7/19",13:45:00,"Collision with vehicle","Monday","Day",2,3,"Not at intersection",3,80,"A",2010,"SEDAN","TOYOTA","Car","F",18,"17-21","Drivers"
"T20190012219","1/7/19",13:45:00,"Collision with vehicle","Monday","Day",2,3,"Not at intersection",3,80,"B",2007,"SEDAN","HOLDEN","Car","M",38,"30-39","Drivers"
"T20190012223","1/7/19",10:30:00,"Collision with vehicle","Monday","Day",2,2,"T intersection",3,60,"A",2000,"WAGON","TOYOTA","Station Wagon","M",70,"70+","Drivers"
"T20190012223","1/7/19",10:30:00,"Collision with vehicle","Monday","Day",2,2,"T intersection",3,60,"B",2005,"SED","HOLDEN","Car","F",60,"60-64","Drivers"
"T20190012224","1/7/19",15:46:00,"Collision with vehicle","Monday","Day",2,2,"Not at intersection",3,100,"A",2012,"TIPPER","U D","Heavy Vehicle (Rigid) > 4.5 Tonnes","M",59,"50-59","Drivers"
"T20190012224","1/7/19",15:46:00,"Collision with vehicle","Monday","Day",2,2,"Not at intersection",3,100,"B",2001,"VAN","TOYOTA","Panel Van","F",53,"50-59","Drivers"
"T20190012225","1/7/19",15:42:00,"Collision with vehicle","Monday","Day",2,2,"Cross intersection",3,100,"A",2009,"S WAG","HOLDEN","Station Wagon","F",22,"22-25","Drivers"
"T20190012225","1/7/19",15:42:00,"Collision with vehicle","Monday","Day",2,2,"Cross intersection",3,100,"B",2017,"UTIL","FORD","Utility","M",41,"40-49","Drivers"