"ACCIDENT_NO","ACCIDENTDATE","ACCIDENTTIME","Accident Type Desc","Day Week Description","Light Condition Desc","NO_OF_VEHICLES","NO_PERSONS","Road Geometry Desc","SEVERITY","SPEED_ZONE","VEHICLE_ID","VEHICLE_YEAR_MANUF","VEHICLE_BODY_STYLE","VEHICLE_MAKE","Vehicle Type Desc","SEX","AGE","Age Group","Road User Type Desc"
"T20190012226","1/7/19",16:00:00,"Collision with a fixed object","Monday","Day",1,1,"Multiple intersection",3,50,"A",2008,"SEDAN","HYNDAI","Car","F",87,"70+","Drivers"
"T20190012229","1/7/19",17:45:00,"Collision with vehicle","Monday","Dark Street lights on",2,3,"T intersection",3,80,"A",2018,"P MVR","DAF","Prime Mover - Single Trailer","M",51,"50-59","Drivers"
"T20190012229","1/7/19",17:45:00,"Collision with vehicle","Monday","Dark Street lights on",2,3,"T intersection",3,80,"B",1995,"SEDAN","NISSAN","Car","M",54,"50-59","Drivers"
"T20190012230","1/7/19",17:38:00,"Collision with vehicle","Monday","Dark Street lights on",3,3,"Not at intersection",3,100,"A",2006,"SEDAN","TOYOTA","Car","F",35,"30-39","Drivers"
"T20190012230","1/7/19",17:38:00,"Collision with vehicle","Monday","Dark Street lights on",3,3,"Not at intersection",3,100,"B",2010,"SEDAN","AUDI","Car","M",61,"60-64","Drivers"
"T20190012230","1/7/19",17:38:00,"Collision with vehicle","Monday","Dark Street lights on",3,3,"Not at intersection",3,100,"C",2007,"SEDAN","TOYOTA","Car","M",47,"40-49","Drivers"
"T20190012231","1/7/19",17:00:00,"Collision with vehicle","Monday","Dark Street lights on",3,3,"Not at intersection",3,999,"A",2003,"SEDAN","HOLDEN","Car","M",46,"40-49","Drivers"
"T20190012231","1/7/19",17:00:00,"Collision with vehicle","Monday","Dark Street lights on",3,3,"Not at intersection",3,999,"B",2007,"SEDAN","VOLKS","Car","M",28,"26-29","Drivers"
"T20190012231","1/7/19",17:00:00,"Collision with vehicle","Monday","Dark Street lights on",3,3,"Not at intersection",3,999,"C",2004,"SEDAN","HOLDEN","Car","M",28,"26-29","Drivers"
"T20190012232","1/7/19",14:20:00,"Collision with vehicle","Monday","Day",3,3,"Not at intersection",3,80,"A",2006,"TRAY","ISUZU","Light Commercial Vehicle (Rigid) <= 4.5 Tonnes GVM","M",38,"30-39","Drivers"
"T20190012232","1/7/19",14:20:00,"Collision with vehicle","Monday","Day",3,3,"Not at intersection",3,80,"B",1992,"SEDAN","HYNDAI","Car","M",61,"60-64","Drivers"
"T20190012232","1/7/19",14:20:00,"Collision with vehicle","Monday","Day",3,3,"Not at intersection",3,80,"C",2001,"S WAG","FORD","Station Wagon","M",72,"70+","Drivers"
"T20190012233","1/7/19",18:46:00,"Collision with vehicle","Monday","Dark Street lights on",2,2,"Cross intersection",3,60,"A",2011,"SEDAN","AUDI","Car","M",71,"70+","Drivers"
"T20190012233","1/7/19",18:46:00,"Collision with vehicle","Monday","Dark Street lights on",2,2,"Cross intersection",3,60,"B",2017,"SEDAN","MITSUB","Car","M",27,"26-29","Drivers"
"T20190012238","1/7/19",16:30:00,"Collision with a fixed object","Monday","Day",1,1,"Not at intersection",3,60,"A",1996,"SED","TOYOTA","Car","M",33,"30-39","Drivers"
"T20190012240","1/7/19",16:37:00,"Collision with vehicle","Monday","Day",2,2,"Not at intersection",3,60,"B",2015,"SEDAN","MERC B","Car","F",51,"50-59","Drivers"
"T20190012241","1/7/19",08:45:00,"Collision with vehicle","Monday","Day",2,2,"Not at intersection",3,60,"A",2013,"WAGON","HONDA","Station Wagon","F",50,"50-59","Drivers"
"T20190012241","1/7/19",08:45:00,"Collision with vehicle","Monday","Day",2,2,"Not at intersection",3,60,"B",2016,"WAGON","SUBARU","Station Wagon","F",47,"40-49","Drivers"
"T20190012242","1/7/19",14:45:00,"Collision with vehicle","Monday","Day",2,3,"Not at intersection",2,100,"A",2001,"SED","FORD","Car","M",30,"30-39","Drivers"
"T20190012242","1/7/19",14:45:00,"Collision with vehicle","Monday","Day",2,3,"Not at intersection",2,100,"B",2015,"DC UTE","FORD","Utility","M",64,"60-64","Drivers"
"T20190012245","1/7/19",11:50:00,"Struck Pedestrian","Monday","Day",1,2,"Not at intersection",3,60,"A",2001,"SEDAN","HOLDEN","Car","F",39,"30-39","Drivers"
"T20190012246","2/7/19",07:15:00,"Collision with vehicle","Tuesday","Dusk/Dawn",3,4,"Not at intersection",2,70,"A",2018,"WAGON","TOYOTA","Station Wagon","M",66,"64-69","Drivers"
"T20190012246","2/7/19",07:15:00,"Collision with vehicle","Tuesday","Dusk/Dawn",3,4,"Not at intersection",2,70,"B",2014,"SEDAN","TOYOTA","Car","M",63,"60-64","Drivers"
"T20190012246","2/7/19",07:15:00,"Collision with vehicle","Tuesday","Dusk/Dawn",3,4,"Not at intersection",2,70,"C",2005,"DC UTE","TOYOTA","Utility","M",54,"50-59","Drivers"
"T20190012247","2/7/19",08:36:00,"Collision with vehicle","Tuesday","Day",2,2,"T intersection",3,60,"A",2011,"VAN","MERC B","Panel Van","M",38,"30-39","Drivers"
"T20190012248","1/7/19",21:55:00,"Collision with a fixed object","Monday","Dark Street lights on",1,1,"Not at intersection",3,80,"A",2011,"SEDAN","AUDI","Car","F",24,"22-25","Drivers"
"T20190012253","6/5/19",08:45:00,"Collision with vehicle","Monday","Day",2,2,"Cross intersection",3,999,"A",2002,"S WAG","HOLDEN","Station Wagon","M",59,"50-59","Drivers"
"T20190012253","6/5/19",08:45:00,"Collision with vehicle","Monday","Day",2,2,"Cross intersection",3,999,"B",2007,"SED","SUBARU","Car","M",36,"30-39","Drivers"
"T20190012255","2/7/19",07:30:00,"Collision with vehicle","Tuesday","Day",2,2,"Not at intersection",3,80,"A",2007,"SEDAN","FORD","Car","M",84,"70+","Drivers"
"T20190012255","2/7/19",07:30:00,"Collision with vehicle","Tuesday","Day",2,2,"Not at intersection",3,80,"B",2011,"DC UTE","MITSUB","Utility","M",21,"17-21","Drivers"
"T20190012259","2/7/19",06:50:00,"Collision with a fixed object","Tuesday","Dusk/Dawn",1,1,"Not at intersection",3,60,"A",2016,"SEDAN","HOLDEN","Car","F",38,"30-39","Drivers"
"T20190012260","2/7/19",12:30:00,"Collision with vehicle","Tuesday","Day",2,2,"Cross intersection",3,80,"A",2010,"WAGON","NISSAN","Station Wagon","F",78,"70+","Drivers"
"T20190012262","2/7/19",09:40:00,"Collision with vehicle","Tuesday","Day",2,2,"Cross intersection",3,80,"A",1992,"S WAG","NISSAN","Station Wagon","U",NA,"unknown","Drivers"
"T20190012262","2/7/19",09:40:00,"Collision with vehicle","Tuesday","Day",2,2,"Cross intersection",3,80,"B",2007,"UTIL","NISSAN","Utility","M",58,"50-59","Drivers"
"T20190012264","2/7/19",06:10:00,"Collision with a fixed object","Tuesday","Dark Street lights on",1,1,"Not at intersection",3,60,"A",2006,"WAGON","FORD","Station Wagon","M",41,"40-49","Drivers"
"T20190012267","2/7/19",13:30:00,"Collision with vehicle","Tuesday","Day",2,3,"Not at intersection",3,40,"A",2014,"SEDAN","SUZUKI","Car","F",25,"22-25","Drivers"
"T20190012268","2/7/19",13:20:00,"Collision with vehicle","Tuesday","Day",2,2,"T intersection",3,100,"A",2009,"SEDAN","TOYOTA","Car","F",86,"70+","Drivers"
"T20190012268","2/7/19",13:20:00,"Collision with vehicle","Tuesday","Day",2,2,"T intersection",3,100,"B",2007,"TRAY","TOYOTA","Car","M",40,"40-49","Drivers"
"T20190012270","28/6/19",15:50:00,"Collision with vehicle","Friday","Day",2,2,"Cross intersection",3,40,"A",2016,"SEDAN","TOYOTA","Car","M",20,"17-21","Drivers"
"T20190012270","28/6/19",15:50:00,"Collision with vehicle","Friday","Day",2,2,"Cross intersection",3,40,"B",2012,"WAGON","MAZDA","Station Wagon","F",39,"30-39","Drivers"
"T20190012271","2/7/19",14:40:00,"Collision with vehicle","Tuesday","Day",4,4,"Not at intersection",2,60,"A",2016,"VAN","HYNDAI","Panel Van","M",28,"26-29","Drivers"
"T20190012271","2/7/19",14:40:00,"Collision with vehicle","Tuesday","Day",4,4,"Not at intersection",2,60,"B",2009,"SEDAN","HOLDEN","Car","M",80,"70+","Drivers"
"T20190012271","2/7/19",14:40:00,"Collision with vehicle","Tuesday","Day",4,4,"Not at intersection",2,60,"C",2011,"JEEP","TOYOTA","Station Wagon","M",41,"40-49","Drivers"
"T20190012271","2/7/19",14:40:00,"Collision with vehicle","Tuesday","Day",4,4,"Not at intersection",2,60,"D",2010,"SEDAN","KIA","Car","F",41,"40-49","Drivers"
"T20190012272","2/7/19",11:46:00,"Collision with a fixed object","Tuesday","Day",1,1,"Not at intersection",3,100,"A",1999,"TRAY","FORD","Light Commercial Vehicle (Rigid) <= 4.5 Tonnes GVM","M",69,"64-69","Drivers"
"T20190012273","2/7/19",05:59:00,"Collision with a fixed object","Tuesday","Dark Street lights on",1,1,"Not at intersection",2,60,"A",2005,"SEDAN","FORD","Car","M",34,"30-39","Drivers"
"T20190012275","27/6/19",01:30:00,"Collision with a fixed object","Thursday","Dark Street lights on",1,1,"Not at intersection",3,60,"A",2005,"S WAG","HOLDEN","Station Wagon","F",24,"22-25","Drivers"
"T20190012276","21/6/19",08:25:00,"Collision with vehicle","Friday","Day",2,2,"Not at intersection",3,60,"A",2013,"WAGON","HYNDAI","Station Wagon","F",27,"26-29","Drivers"
"T20190012276","21/6/19",08:25:00,"Collision with vehicle","Friday","Day",2,2,"Not at intersection",3,60,"B",2001,"WAGON","MITSUB","Station Wagon","M",24,"22-25","Drivers"
"T20190012278","2/7/19",15:20:00,"Struck Pedestrian","Tuesday","Day",1,2,"Not at intersection",3,50,"A",2016,"WAGON","HYNDAI","Station Wagon","F",56,"50-59","Drivers"
"T20190012279","7/6/19",16:30:00,"Collision with vehicle","Friday","Day",2,2,"Cross intersection",3,60,"A",2002,"SEDAN","HONDA","Car","M",49,"40-49","Drivers"
"T20190012279","7/6/19",16:30:00,"Collision with vehicle","Friday","Day",2,2,"Cross intersection",3,60,"B",2001,"SED","FORD","Car","M",60,"60-64","Drivers"
"T20190012281","2/7/19",15:20:00,"Collision with vehicle","Tuesday","Day",3,8,"Cross intersection",3,50,"A",1995,"WAGON","MITSUB","Station Wagon","M",40,"40-49","Drivers"
"T20190012281","2/7/19",15:20:00,"Collision with vehicle","Tuesday","Day",3,8,"Cross intersection",3,50,"B",2006,"DC UTE","HOLDEN","Utility","F",27,"26-29","Drivers"
"T20190012281","2/7/19",15:20:00,"Collision with vehicle","Tuesday","Day",3,8,"Cross intersection",3,50,"C",2015,"SEDAN","MAZDA","Car","F",50,"50-59","Drivers"
"T20190012282","2/7/19",14:00:00,"Collision with vehicle","Tuesday","Day",2,2,"T intersection",3,80,"A",2011,"SEDAN","MERC B","Car","M",70,"70+","Drivers"
"T20190012282","2/7/19",14:00:00,"Collision with vehicle","Tuesday","Day",2,2,"T intersection",3,80,"B",2003,"WAGON","HONDA","Station Wagon","M",69,"64-69","Drivers"
"T20190012283","2/7/19",18:00:00,"Struck Pedestrian","Tuesday","Dark Street lights on",1,2,"T intersection",3,70,"A",2012,"WAGON","JEEP","Station Wagon","F",36,"30-39","Drivers"
"T20190012284","28/6/19",15:40:00,"Collision with vehicle","Friday","Day",2,2,"T intersection",3,60,"A",2010,"SEDAN","KIA","Car","F",40,"40-49","Drivers"
"T20190012284","28/6/19",15:40:00,"Collision with vehicle","Friday","Day",2,2,"T intersection",3,60,"B",2015,"SEDAN","TOYOTA","Car","M",18,"17-21","Drivers"
"T20190012287","27/6/19",16:05:00,"Collision with vehicle","Thursday","Day",2,2,"Not at intersection",3,999,"A",2014,"WAGON","FORD","Station Wagon","M",34,"30-39","Drivers"
"T20190012287","27/6/19",16:05:00,"Collision with vehicle","Thursday","Day",2,2,"Not at intersection",3,999,"B",2010,"WAGON","HOLDEN","Station Wagon","F",38,"30-39","Drivers"
"T20190012288","2/7/19",13:05:00,"Collision with a fixed object","Tuesday","Day",1,2,"Not at intersection",3,60,"A",2008,"SEDAN","TOYOTA","Car","M",31,"30-39","Drivers"
"T20190012289","2/7/19",17:45:00,"Collision with vehicle","Tuesday","Dusk/Dawn",2,2,"T intersection",3,999,"A",0,"SED","UNKN","Car","U",NA,"unknown","Drivers"
"T20190012290","2/7/19",17:56:00,"Collision with vehicle","Tuesday","Dark Street lights on",2,2,"Not at intersection",3,80,"A",2000,"SEDAN","MAZDA","Car","M",22,"22-25","Drivers"
"T20190012290","2/7/19",17:56:00,"Collision with vehicle","Tuesday","Dark Street lights on",2,2,"Not at intersection",3,80,"B",2005,"DC UTE","HOLDEN","Utility","M",28,"26-29","Drivers"
"T20190012293","2/7/19",18:18:00,"Collision with vehicle","Tuesday","Dark Street lights on",2,3,"Cross intersection",3,50,"A",2014,"SEDAN","TOYOTA","Car","M",33,"30-39","Drivers"
"T20190012293","2/7/19",18:18:00,"Collision with vehicle","Tuesday","Dark Street lights on",2,3,"Cross intersection",3,50,"B",2004,"SEDAN","HYNDAI","Car","M",26,"26-29","Drivers"
"T20190012294","2/7/19",19:30:00,"Struck Pedestrian","Tuesday","Dark Street lights on",1,2,"Cross intersection",3,60,"A",2018,"SEDAN","TOYOTA","Car","M",47,"40-49","Drivers"
"T20190012295","2/7/19",19:20:00,"Collision with vehicle","Tuesday","Dark Street lights on",2,2,"Cross intersection",3,60,"A",2009,"WAGON","HONDA","Station Wagon","F",21,"17-21","Drivers"
"T20190012299","2/7/19",13:00:00,"Collision with vehicle","Tuesday","Day",2,2,"T intersection",3,60,"A",2006,"SEDAN","NISSAN","Car","F",34,"30-39","Drivers"
"T20190012299","2/7/19",13:00:00,"Collision with vehicle","Tuesday","Day",2,2,"T intersection",3,60,"B",2016,"DC UTE","NISSAN","Utility","M",30,"30-39","Drivers"
"T20190012302","2/7/19",18:35:00,"Collision with vehicle","Tuesday","Dark Street lights on",2,2,"T intersection",3,60,"B",2008,"SEDAN","TOYOTA","Car","F",21,"17-21","Drivers"
"T20190012304","2/7/19",17:15:00,"Collision with vehicle","Tuesday","Day",2,2,"Not at intersection",3,60,"A",2010,"SEDAN","NISSAN","Car","F",31,"30-39","Drivers"
"T20190012304","2/7/19",17:15:00,"Collision with vehicle","Tuesday","Day",2,2,"Not at intersection",3,60,"B",2009,"SEDAN","VOLKS","Car","F",32,"30-39","Drivers"
"T20190012306","2/7/19",11:15:00,"Collision with a fixed object","Tuesday","Unknown",1,2,"Not at intersection",3,50,"A",2019,"COUPE","UNKN","Car","U",24,"22-25","Drivers"
"T20190012308","1/7/19",15:45:00,"No collision and no object struck","Monday","Day",2,2,"Not at intersection",3,50,"B",2005,"WAGON","MITSUB","Station Wagon","M",38,"30-39","Drivers"
"T20190012310","3/7/19",05:50:00,"Struck Pedestrian","Wednesday","Dark Street lights on",1,2,"T intersection",3,60,"A",2000,"SEDAN","FORD","Car","M",53,"50-59","Drivers"
"T20190012312","26/6/19",18:10:00,"Collision with vehicle","Wednesday","Dark Street lights on",3,3,"Not at intersection",3,80,"A",2013,"SEDAN","MITSUB","Car","F",33,"30-39","Drivers"
"T20190012312","26/6/19",18:10:00,"Collision with vehicle","Wednesday","Dark Street lights on",3,3,"Not at intersection",3,80,"B",2003,"SEDAN","B M W","Car","M",22,"22-25","Drivers"
"T20190012312","26/6/19",18:10:00,"Collision with vehicle","Wednesday","Dark Street lights on",3,3,"Not at intersection",3,80,"C",2017,"WAGON","VOLKS","Station Wagon","F",49,"40-49","Drivers"
"T20190012316","28/6/19",10:00:00,"Collision with vehicle","Friday","Day",3,1,"Not at intersection",2,60,"A",2016,"WAGON","FORD","Station Wagon","M",72,"70+","Drivers"
"T20190012317","3/7/19",07:15:00,"Collision with a fixed object","Wednesday","Dusk/Dawn",1,1,"Not at intersection",3,110,"A",1998,"SEDAN","FORD","Car","M",36,"30-39","Drivers"
"T20190012320","2/7/19",11:00:00,"Collision with vehicle","Tuesday","Day",3,3,"Not at intersection",3,40,"A",2017,"SEDAN","PEUG","Car","M",75,"70+","Drivers"
"T20190012320","2/7/19",11:00:00,"Collision with vehicle","Tuesday","Day",3,3,"Not at intersection",3,40,"B",2013,"SEDAN","VOLKS","Car","M",38,"30-39","Drivers"
"T20190012323","3/7/19",08:30:00,"Collision with a fixed object","Wednesday","Day",1,1,"Not at intersection",3,80,"A",2011,"WAGON","HYNDAI","Station Wagon","F",30,"30-39","Drivers"
"T20190012324","3/7/19",07:15:00,"Collision with a fixed object","Wednesday","Day",1,2,"Not at intersection",3,100,"A",2016,"WAGON","HYNDAI","Station Wagon","M",33,"30-39","Drivers"
"T20190012325","3/7/19",11:00:00,"Struck Pedestrian","Wednesday","Day",1,2,"Not at intersection",3,60,"A",2012,"SEDAN","MERC B","Car","F",62,"60-64","Drivers"
"T20190012327","3/7/19",10:41:00,"Collision with vehicle","Wednesday","Day",3,3,"Not at intersection",3,80,"A",2018,"UTIL","TOYOTA","Utility","M",36,"30-39","Drivers"
"T20190012327","3/7/19",10:41:00,"Collision with vehicle","Wednesday","Day",3,3,"Not at intersection",3,80,"B",2018,"VAN","IVECO","Panel Van","M",70,"70+","Drivers"
"T20190012327","3/7/19",10:41:00,"Collision with vehicle","Wednesday","Day",3,3,"Not at intersection",3,80,"C",2014,"TRAY","U D","Light Commercial Vehicle (Rigid) <= 4.5 Tonnes GVM","M",51,"50-59","Drivers"
"T20190012328","3/7/19",06:40:00,"Collision with vehicle","Wednesday","Dark No street lights",3,3,"Cross intersection",3,80,"A",2006,"SEDAN","KIA","Car","M",26,"26-29","Drivers"
"T20190012328","3/7/19",06:40:00,"Collision with vehicle","Wednesday","Dark No street lights",3,3,"Cross intersection",3,80,"B",2009,"SEDAN","MAZDA","Car","F",34,"30-39","Drivers"
"T20190012328","3/7/19",06:40:00,"Collision with vehicle","Wednesday","Dark No street lights",3,3,"Cross intersection",3,80,"C",2004,"SEDAN","TOYOTA","Car","F",22,"22-25","Drivers"
"T20190012329","3/7/19",08:50:00,"Collision with a fixed object","Wednesday","Day",1,1,"Not at intersection",3,100,"A",2005,"SEDAN","MAZDA","Car","M",20,"17-21","Drivers"
"T20190012331","3/7/19",08:30:00,"Collision with a fixed object","Wednesday","Day",1,1,"Not at intersection",3,100,"A",2005,"SEDAN","MAZDA","Car","M",18,"17-21","Drivers"
"T20190012334","3/7/19",12:50:00,"Collision with vehicle","Wednesday","Day",2,3,"Cross intersection",3,80,"A",2017,"VAN","VOLKS","Panel Van","M",40,"40-49","Drivers"
"T20190012334","3/7/19",12:50:00,"Collision with vehicle","Wednesday","Day",2,3,"Cross intersection",3,80,"B",2009,"SEDAN","HYNDAI","Car","F",69,"64-69","Drivers"
"T20190012335","28/6/19",17:47:00,"Collision with vehicle","Friday","Dark Street lights on",2,2,"Cross intersection",3,50,"A",2008,"SEDAN","TOYOTA","Car","F",20,"17-21","Drivers"
"T20190012337","4/6/19",10:30:00,"Collision with vehicle","Tuesday","Day",2,2,"Cross intersection",3,50,"A",2003,"UTIL","FORD","Utility","M",32,"30-39","Drivers"
"T20190012340","3/7/19",11:30:00,"Collision with vehicle","Wednesday","Day",2,2,"T intersection",3,80,"A",1996,"SEDAN","HOLDEN","Car","M",91,"70+","Drivers"
"T20190012340","3/7/19",11:30:00,"Collision with vehicle","Wednesday","Day",2,2,"T intersection",3,80,"B",1999,"WAGON","TOYOTA","Station Wagon","M",68,"64-69","Drivers"
"T20190012342","3/7/19",10:55:00,"Collision with vehicle","Wednesday","Day",2,4,"Not at intersection",3,100,"A",2003,"P MVR","VOLVO","Prime Mover - Single Trailer","M",48,"40-49","Drivers"
"T20190012342","3/7/19",10:55:00,"Collision with vehicle","Wednesday","Day",2,4,"Not at intersection",3,100,"B",1999,"WAGON","SUBARU","Station Wagon","M",25,"22-25","Drivers"
"T20190012344","9/6/19",21:40:00,"Struck Pedestrian","Sunday","Dark Street lights on",1,2,"Cross intersection",3,40,"A",0,"SEDAN","UNKN","Car","U",NA,"unknown","Drivers"
"T20190012345","3/7/19",11:00:00,"Collision with vehicle","Wednesday","Day",3,6,"Not at intersection",3,80,"A",2002,"S WAG","UNKN","Car","M",83,"70+","Drivers"
"T20190012345","3/7/19",11:00:00,"Collision with vehicle","Wednesday","Day",3,6,"Not at intersection",3,80,"B",2018,"WAGON","HONDA","Car","M",48,"40-49","Drivers"
"T20190012345","3/7/19",11:00:00,"Collision with vehicle","Wednesday","Day",3,6,"Not at intersection",3,80,"C",2009,"WAGON","FORD","Car","M",27,"26-29","Drivers"
"T20190012349","3/7/19",07:50:00,"Collision with vehicle","Wednesday","Day",2,2,"Cross intersection",3,80,"A",2005,"WAGON","SSANGY","Station Wagon","M",28,"26-29","Drivers"
"T20190012349","3/7/19",07:50:00,"Collision with vehicle","Wednesday","Day",2,2,"Cross intersection",3,80,"B",2013,"P MVR","F LINE","Prime Mover - Single Trailer","M",44,"40-49","Drivers"
"T20190012350","3/7/19",15:00:00,"Collision with vehicle","Wednesday","Day",2,2,"Not at intersection",3,60,"A",2019,"WAGON","VOLKS","Station Wagon","M",66,"64-69","Drivers"
"T20190012351","3/7/19",12:11:00,"Collision with vehicle","Wednesday","Day",3,3,"Not at intersection",3,50,"A",2000,"SEDAN","FORD","Car","F",35,"30-39","Drivers"
"T20190012351","3/7/19",12:11:00,"Collision with vehicle","Wednesday","Day",3,3,"Not at intersection",3,50,"B",2003,"SEDAN","HOLDEN","Car","M",35,"30-39","Drivers"
"T20190012351","3/7/19",12:11:00,"Collision with vehicle","Wednesday","Day",3,3,"Not at intersection",3,50,"C",2007,"S WAG","HOLDEN","Station Wagon","F",31,"30-39","Drivers"
"T20190012352","3/7/19",15:25:00,"Collision with vehicle","Wednesday","Day",3,3,"Cross intersection",3,60,"A",2001,"COUPE","PEUG","Car","M",32,"30-39","Drivers"
"T20190012352","3/7/19",15:25:00,"Collision with vehicle","Wednesday","Day",3,3,"Cross intersection",3,60,"B",2000,"DC UTE","HOLDEN","Utility","M",60,"60-64","Drivers"
"T20190012352","3/7/19",15:25:00,"Collision with vehicle","Wednesday","Day",3,3,"Cross intersection",3,60,"C",2010,"SEDAN","VOLKS","Car","F",38,"30-39","Drivers"
"T20190012353","3/7/19",15:50:00,"Collision with vehicle","Wednesday","Day",2,3,"T intersection",1,60,"A",2002,"S WAG","HOLDEN","Station Wagon","M",83,"70+","Drivers"
"T20190012353","3/7/19",15:50:00,"Collision with vehicle","Wednesday","Day",2,3,"T intersection",1,60,"B",2016,"BUS","MERC B","Bus/Coach","M",57,"50-59","Drivers"
"T20190012354","3/7/19",09:15:00,"Collision with a fixed object","Wednesday","Day",1,1,"Not at intersection",3,80,"A",2003,"UTIL","FORD","Utility","M",23,"22-25","Drivers"
"T20190012355","3/7/19",14:30:00,"Collision with a fixed object","Wednesday","Day",1,1,"Not at intersection",3,80,"A",2001,"UTIL","FORD","Utility","M",82,"70+","Drivers"
"T20190012357","3/7/19",16:11:00,"Collision with vehicle","Wednesday","Day",2,2,"Not at intersection",3,60,"A",1999,"S WAG","AUDI","Station Wagon","F",25,"22-25","Drivers"
"T20190012357","3/7/19",16:11:00,"Collision with vehicle","Wednesday","Day",2,2,"Not at intersection",3,60,"B",2017,"TIPPER","ISUZU","Heavy Vehicle (Rigid) > 4.5 Tonnes","M",27,"26-29","Drivers"
"T20190012358","3/7/19",18:25:00,"Struck Pedestrian","Wednesday","Dark Street lights on",1,2,"Y intersection",3,60,"A",2006,"SEDAN","MITSUB","Car","M",24,"22-25","Drivers"
"T20190012361","3/7/19",16:53:00,"Collision with vehicle","Wednesday","Day",5,9,"Cross intersection",3,50,"A",2015,"SEDAN","VOLKS","Car","M",31,"30-39","Drivers"
"T20190012361","3/7/19",16:53:00,"Collision with vehicle","Wednesday","Day",5,9,"Cross intersection",3,50,"B",2000,"WAGON","SUBARU","Station Wagon","M",24,"22-25","Drivers"
"T20190012361","3/7/19",16:53:00,"Collision with vehicle","Wednesday","Day",5,9,"Cross intersection",3,50,"C",2018,"SEDAN","TOYOTA","Car","F",47,"40-49","Drivers"
"T20190012361","3/7/19",16:53:00,"Collision with vehicle","Wednesday","Day",5,9,"Cross intersection",3,50,"D",2016,"SEDAN","MAZDA","Car","F",42,"40-49","Drivers"
"T20190012361","3/7/19",16:53:00,"Collision with vehicle","Wednesday","Day",5,9,"Cross intersection",3,50,"E",2012,"WAGON","TOYOTA","Station Wagon","M",74,"70+","Drivers"
"T20190012363","3/7/19",15:50:00,"Collision with vehicle","Wednesday","Day",3,4,"Not at intersection",3,100,"A",2014,"P MVR","MACK","Prime Mover - Single Trailer","M",38,"30-39","Drivers"
"T20190012363","3/7/19",15:50:00,"Collision with vehicle","Wednesday","Day",3,4,"Not at intersection",3,100,"B",2013,"SEDAN","NISSAN","Car","M",30,"30-39","Drivers"
"T20190012364","3/7/19",06:45:00,"Collision with vehicle","Wednesday","Dark Street lights on",2,1,"Not at intersection",3,60,"A",2002,"SEDAN","HOLDEN","Car","M",78,"70+","Drivers"
"T20190012367","3/7/19",18:40:00,"Collision with vehicle","Wednesday","Dark Street lights on",2,2,"T intersection",3,40,"A",2004,"WAGON","FORD","Station Wagon","F",32,"30-39","Drivers"
"T20190012372","2/7/19",19:00:00,"Collision with vehicle","Tuesday","Dark Street lights unknown",2,2,"Cross intersection",3,60,"A",2011,"SEDAN","TOYOTA","Car","F",28,"26-29","Drivers"
"T20190012372","2/7/19",19:00:00,"Collision with vehicle","Tuesday","Dark Street lights unknown",2,2,"Cross intersection",3,60,"B",1999,"WAGON","NISSAN","Station Wagon","M",26,"26-29","Drivers"
"T20190012375","3/7/19",14:25:00,"Collision with a fixed object","Wednesday","Day",1,1,"T intersection",2,60,"A",2011,"WAGON","HOLDEN","Station Wagon","F",78,"70+","Drivers"
"T20190012382","4/6/19",15:30:00,"Struck Pedestrian","Tuesday","Day",1,2,"Cross intersection",3,50,"A",2010,"SEDAN","FORD","Car","M",20,"17-21","Drivers"
"T20190012386","3/7/19",04:56:00,"Collision with vehicle","Wednesday","Dark Street lights on",2,4,"T intersection",3,60,"A",2017,"S WAG","HOLDEN","Station Wagon","U",NA,"unknown","Drivers"
"T20190012386","3/7/19",04:56:00,"Collision with vehicle","Wednesday","Dark Street lights on",2,4,"T intersection",3,60,"B",2010,"SEDAN","MAZDA","Car","F",50,"50-59","Drivers"
"T20190012387","3/7/19",21:30:00,"Collision with vehicle","Wednesday","Dark Street lights on",2,2,"Not at intersection",3,60,"A",2011,"SEDAN","TOYOTA","Car","M",22,"22-25","Drivers"
"T20190012387","3/7/19",21:30:00,"Collision with vehicle","Wednesday","Dark Street lights on",2,2,"Not at intersection",3,60,"B",2015,"DC UTE","VOLKS","Utility","U",NA,"unknown","Drivers"
"T20190012391","3/7/19",23:59:00,"Struck Pedestrian","Wednesday","Dark Street lights on",1,4,"T intersection",3,50,"A",2008,"SEDAN","HONDA","Car","F",18,"17-21","Drivers"
"T20190012393","4/7/19",03:15:00,"Collision with a fixed object","Thursday","Dark No street lights",1,1,"Not at intersection",3,100,"A",2010,"T SDS","TOYOTA","Utility","M",25,"22-25","Drivers"
"T20190012394","4/7/19",06:30:00,"Collision with vehicle","Thursday","Dark Street lights on",4,4,"Not at intersection",3,80,"A",2012,"SEDAN","MAZDA","Car","F",25,"22-25","Drivers"
"T20190012394","4/7/19",06:30:00,"Collision with vehicle","Thursday","Dark Street lights on",4,4,"Not at intersection",3,80,"B",2006,"WAGON","FORD","Station Wagon","M",23,"22-25","Drivers"
"T20190012394","4/7/19",06:30:00,"Collision with vehicle","Thursday","Dark Street lights on",4,4,"Not at intersection",3,80,"C",2015,"UTIL","HOLDEN","Utility","M",20,"17-21","Drivers"
"T20190012394","4/7/19",06:30:00,"Collision with vehicle","Thursday","Dark Street lights on",4,4,"Not at intersection",3,80,"D",1997,"TRAY","MAZDA","Light Commercial Vehicle (Rigid) <= 4.5 Tonnes GVM","M",68,"64-69","Drivers"