"ACCIDENT_NO","ACCIDENTDATE","ACCIDENTTIME","Accident Type Desc","Day Week Description","Light Condition Desc","NO_OF_VEHICLES","NO_PERSONS","Road Geometry Desc","SEVERITY","SPEED_ZONE","VEHICLE_ID","VEHICLE_YEAR_MANUF","VEHICLE_BODY_STYLE","VEHICLE_MAKE","Vehicle Type Desc","SEX","AGE","Age Group","Road User Type Desc"
"T20190012395","4/7/19",08:20:00,"Collision with vehicle","Thursday","Day",2,2,"Not at intersection",3,100,"A",2015,"DC UTE","NISSAN","Utility","F",24,"22-25","Drivers"
"T20190012395","4/7/19",08:20:00,"Collision with vehicle","Thursday","Day",2,2,"Not at intersection",3,100,"B",2011,"SEDAN","TOYOTA","Car","F",45,"40-49","Drivers"
"T20190012397","1/7/19",14:56:00,"Collision with vehicle","Monday","Day",2,5,"Cross intersection",3,70,"A",2011,"COUPE","VOLKS","Car","M",23,"22-25","Drivers"
"T20190012397","1/7/19",14:56:00,"Collision with vehicle","Monday","Day",2,5,"Cross intersection",3,70,"B",2013,"WAGON","TOYOTA","Station Wagon","F",57,"50-59","Drivers"
"T20190012398","4/7/19",08:10:00,"Collision with vehicle","Thursday","Day",2,2,"T intersection",3,50,"B",2012,"SEDAN","MAZDA","Car","F",34,"30-39","Drivers"
"T20190012399","1/6/19",14:40:00,"Collision with vehicle","Saturday","Unknown",2,4,"T intersection",3,80,"A",2010,"SEDAN","HYNDAI","Car","F",36,"30-39","Drivers"
"T20190012399","1/6/19",14:40:00,"Collision with vehicle","Saturday","Unknown",2,4,"T intersection",3,80,"B",2001,"TRAY","ISUZU","Light Commercial Vehicle (Rigid) <= 4.5 Tonnes GVM","M",56,"50-59","Drivers"
"T20190012400","4/7/19",06:30:00,"Collision with a fixed object","Thursday","Dark Street lights on",1,1,"Not at intersection",3,80,"A",2013,"DC UTE","FORD","Utility","M",60,"60-64","Drivers"
"T20190012404","4/7/19",11:05:00,"Collision with vehicle","Thursday","Day",2,2,"T intersection",3,60,"A",2017,"SEDAN","TOYOTA","Car","F",77,"70+","Drivers"
"T20190012404","4/7/19",11:05:00,"Collision with vehicle","Thursday","Day",2,2,"T intersection",3,60,"B",2016,"SEDAN","HOLDEN","Car","M",23,"22-25","Drivers"
"T20190012405","4/7/19",08:00:00,"Collision with vehicle","Thursday","Day",2,2,"Not at intersection",3,100,"A",2006,"SEDAN","B M W","Car","F",28,"26-29","Drivers"
"T20190012405","4/7/19",08:00:00,"Collision with vehicle","Thursday","Day",2,2,"Not at intersection",3,100,"B",2000,"DC UTE","HOLDEN","Utility","M",31,"30-39","Drivers"
"T20190012406","4/7/19",11:35:00,"Collision with vehicle","Thursday","Day",2,2,"T intersection",3,60,"A",2008,"SEDAN","TOYOTA","Car","F",49,"40-49","Drivers"
"T20190012406","4/7/19",11:35:00,"Collision with vehicle","Thursday","Day",2,2,"T intersection",3,60,"B",2013,"SEDAN","MITSUB","Car","F",79,"70+","Drivers"
"T20190012411","8/6/19",08:05:00,"Collision with vehicle","Saturday","Day",2,2,"Cross intersection",3,50,"A",2017,"TOURER","FORD","Car","M",27,"26-29","Drivers"
"T20190012416","4/7/19",13:20:00,"Collision with vehicle","Thursday","Day",2,2,"T intersection",3,60,"A",2016,"SEDAN","HYNDAI","Car","M",19,"17-21","Drivers"
"T20190012416","4/7/19",13:20:00,"Collision with vehicle","Thursday","Day",2,2,"T intersection",3,60,"B",2006,"SEDAN","MITSUB","Car","F",24,"22-25","Drivers"
"T20190012417","4/7/19",12:00:00,"Collision with a fixed object","Thursday","Day",1,1,"Not at intersection",3,100,"A",2018,"WAGON","HYNDAI","Station Wagon","M",72,"70+","Drivers"
"T20190012419","4/7/19",07:00:00,"Collision with vehicle","Thursday","Dusk/Dawn",2,2,"T intersection",3,70,"A",2000,"WAGON","TOYOTA","Station Wagon","M",56,"50-59","Drivers"
"T20190012421","4/7/19",06:48:00,"Struck Pedestrian","Thursday","Dark Street lights unknown",1,2,"Not at intersection",3,60,"A",2018,"TRAY","MAZDA","Light Commercial Vehicle (Rigid) <= 4.5 Tonnes GVM","M",20,"17-21","Drivers"
"T20190012422","4/7/19",13:25:00,"Struck Pedestrian","Thursday","Day",1,2,"Not at intersection",2,60,"A",2000,"S WAG","FORD","Station Wagon","M",19,"17-21","Drivers"
"T20190012425","4/7/19",04:50:00,"Collision with a fixed object","Thursday","Dark No street lights",1,2,"Not at intersection",3,60,"A",2005,"SEDAN","HOLDEN","Car","M",22,"22-25","Drivers"
"T20190012427","4/7/19",15:50:00,"Collision with vehicle","Thursday","Day",2,2,"Not at intersection",3,70,"A",2017,"SEDAN","HOLDEN","Car","M",49,"40-49","Drivers"
"T20190012427","4/7/19",15:50:00,"Collision with vehicle","Thursday","Day",2,2,"Not at intersection",3,70,"B",2003,"UTIL","HOLDEN","Utility","M",36,"30-39","Drivers"
"T20190012429","4/7/19",16:34:00,"Collision with vehicle","Thursday","Day",2,2,"Cross intersection",3,80,"A",2010,"P VAN","VOLKSW","Panel Van","M",43,"40-49","Drivers"
"T20190012430","2/7/19",21:30:00,"Collision with vehicle","Tuesday","Dark Street lights on",2,2,"Cross intersection",3,60,"A",2015,"SEDAN","TOYOTA","Car","F",59,"50-59","Drivers"
"T20190012430","2/7/19",21:30:00,"Collision with vehicle","Tuesday","Dark Street lights on",2,2,"Cross intersection",3,60,"B",2000,"SEDAN","TOYOTA","Car","F",32,"30-39","Drivers"
"T20190012431","29/6/19",17:15:00,"collision with some other object","Saturday","Dark No street lights",1,4,"Not at intersection",3,100,"A",2004,"WAGON","FORD","Station Wagon","M",60,"60-64","Drivers"
"T20190012436","3/7/19",18:30:00,"Collision with vehicle","Wednesday","Dark Street lights on",2,3,"Not at intersection",3,40,"A",2003,"UTIL","TOYOTA","Utility","M",18,"17-21","Drivers"
"T20190012436","3/7/19",18:30:00,"Collision with vehicle","Wednesday","Dark Street lights on",2,3,"Not at intersection",3,40,"B",0,"MISC","UNKN","Other Vehicle","M",57,"50-59","Drivers"
"T20190012437","3/7/19",21:00:00,"Collision with vehicle","Wednesday","Dark Street lights unknown",2,3,"Y intersection",3,999,"A",2010,"SEDAN","HYNDAI","Car","F",31,"30-39","Drivers"
"T20190012437","3/7/19",21:00:00,"Collision with vehicle","Wednesday","Dark Street lights unknown",2,3,"Y intersection",3,999,"B",2012,"SEDAN","FORD","Taxi","M",63,"60-64","Drivers"
"T20190012439","4/7/19",17:05:00,"Collision with vehicle","Thursday","Day",2,3,"T intersection",3,60,"A",2002,"SEDAN","HYNDAI","Car","M",62,"60-64","Drivers"
"T20190012439","4/7/19",17:05:00,"Collision with vehicle","Thursday","Day",2,3,"T intersection",3,60,"B",2008,"DC UTE","VOLKS","Utility","M",27,"26-29","Drivers"
"T20190012440","4/7/19",11:20:00,"Collision with vehicle","Thursday","Day",4,5,"T intersection",1,60,"A",2009,"G UNIT","IVECO","Heavy Vehicle (Rigid) > 4.5 Tonnes","M",50,"50-59","Drivers"
"T20190012440","4/7/19",11:20:00,"Collision with vehicle","Thursday","Day",4,5,"T intersection",1,60,"B",2012,"SEDAN","MAZDA","Car","M",64,"60-64","Drivers"
"T20190012440","4/7/19",11:20:00,"Collision with vehicle","Thursday","Day",4,5,"T intersection",1,60,"C",2016,"TIPPER","HINO","Heavy Vehicle (Rigid) > 4.5 Tonnes","M",50,"50-59","Drivers"
"T20190012440","4/7/19",11:20:00,"Collision with vehicle","Thursday","Day",4,5,"T intersection",1,60,"D",2017,"VAN","TOYOTA","Panel Van","F",59,"50-59","Drivers"
"T20190012442","4/7/19",17:45:00,"Collision with a fixed object","Thursday","Dark No street lights",1,1,"Not at intersection",3,100,"A",2016,"WAGON","FORD","Station Wagon","M",77,"70+","Drivers"
"T20190012443","27/6/19",19:00:00,"Collision with vehicle","Thursday","Dark Street lights on",2,3,"T intersection",2,60,"A",2012,"SEDAN","HOLDEN","Car","M",21,"17-21","Drivers"
"T20190012443","27/6/19",19:00:00,"Collision with vehicle","Thursday","Dark Street lights on",2,3,"T intersection",2,60,"B",2012,"SEDAN","HOLDEN","Car","M",28,"26-29","Drivers"
"T20190012445","4/7/19",18:35:00,"Struck Pedestrian","Thursday","Dark Street lights on",1,2,"Not at intersection",3,60,"A",2008,"SEDAN","TOYOTA","Car","M",34,"30-39","Drivers"
"T20190012446","4/7/19",16:15:00,"Collision with vehicle","Thursday","Day",2,2,"T intersection",3,60,"A",2015,"SEDAN","KIA","Car","F",76,"70+","Drivers"
"T20190012446","4/7/19",16:15:00,"Collision with vehicle","Thursday","Day",2,2,"T intersection",3,60,"B",2012,"SEDAN","TOYOTA","Car","F",62,"60-64","Drivers"
"T20190012449","4/7/19",19:39:00,"Collision with vehicle","Thursday","Dark Street lights on",2,4,"Not at intersection",3,60,"A",2002,"SEDAN","TOYOTA","Car","M",84,"70+","Drivers"
"T20190012449","4/7/19",19:39:00,"Collision with vehicle","Thursday","Dark Street lights on",2,4,"Not at intersection",3,60,"B",2003,"VAN","TOYOTA","Panel Van","M",25,"22-25","Drivers"
"T20190012451","4/7/19",19:12:00,"Collision with vehicle","Thursday","Dark Street lights on",2,2,"T intersection",3,70,"A",2001,"S WAG","SUBARU","Station Wagon","F",42,"40-49","Drivers"
"T20190012451","4/7/19",19:12:00,"Collision with vehicle","Thursday","Dark Street lights on",2,2,"T intersection",3,70,"B",2018,"DC UTE","TOYOTA","Utility","M",21,"17-21","Drivers"
"T20190012453","4/7/19",18:32:00,"Collision with vehicle","Thursday","Dark Street lights on",3,3,"Not at intersection",3,100,"A",2016,"WAGON","B M W","Station Wagon","M",50,"50-59","Drivers"
"T20190012453","4/7/19",18:32:00,"Collision with vehicle","Thursday","Dark Street lights on",3,3,"Not at intersection",3,100,"B",2010,"T SDS","G WALL","Light Commercial Vehicle (Rigid) <= 4.5 Tonnes GVM","M",42,"40-49","Drivers"
"T20190012453","4/7/19",18:32:00,"Collision with vehicle","Thursday","Dark Street lights on",3,3,"Not at intersection",3,100,"C",2013,"SEDAN","VOLKS","Car","M",25,"22-25","Drivers"
"T20190012455","4/7/19",16:25:00,"Collision with vehicle","Thursday","Day",2,2,"Cross intersection",3,50,"A",2016,"DC UTE","TOYOTA","Utility","M",22,"22-25","Drivers"
"T20190012455","4/7/19",16:25:00,"Collision with vehicle","Thursday","Day",2,2,"Cross intersection",3,50,"B",2006,"SED","RENAUL","Car","M",49,"40-49","Drivers"
"T20190012456","4/7/19",14:37:00,"Collision with vehicle","Thursday","Day",2,2,"Not at intersection",3,60,"A",2016,"SEDAN","MAZDA","Car","F",21,"17-21","Drivers"
"T20190012456","4/7/19",14:37:00,"Collision with vehicle","Thursday","Day",2,2,"Not at intersection",3,60,"B",2005,"WAGON","LEXUS","Station Wagon","F",37,"30-39","Drivers"
"T20190012458","3/7/19",22:04:00,"Struck Pedestrian","Wednesday","Dark Street lights on",1,2,"Not at intersection",3,60,"A",0,"SEDAN","TOYOTA","Car","U",NA,"unknown","Drivers"
"T20190012459","4/7/19",19:00:00,"Collision with vehicle","Thursday","Dark Street lights on",2,3,"Cross intersection",3,999,"A",2013,"SEDAN","B M W","Car","F",29,"26-29","Drivers"
"T20190012459","4/7/19",19:00:00,"Collision with vehicle","Thursday","Dark Street lights on",2,3,"Cross intersection",3,999,"B",2007,"SEDAN","VOLKS","Car","F",27,"26-29","Drivers"
"T20190012463","1/7/19",18:15:00,"Collision with vehicle","Monday","Dark Street lights on",2,2,"Not at intersection",3,50,"A",2008,"S WAG","FORD","Station Wagon","M",31,"30-39","Drivers"
"T20190012467","5/7/19",09:50:00,"Struck Pedestrian","Friday","Day",1,2,"Cross intersection",3,60,"A",2014,"DC UTE","MITSUB","Utility","M",56,"50-59","Drivers"
"T20190012473","5/7/19",08:50:00,"Collision with a fixed object","Friday","Day",1,1,"Not at intersection",3,60,"A",2003,"SEDAN","HYNDAI","Car","F",60,"60-64","Drivers"
"T20190012474","5/7/19",10:48:00,"Struck Pedestrian","Friday","Day",1,2,"Not at intersection",3,888,"A",2011,"SEDAN","NISSAN","Car","M",82,"70+","Drivers"
"T20190012475","5/7/19",10:30:00,"Collision with vehicle","Friday","Day",2,2,"Cross intersection",3,50,"B",2013,"WAGON","HOLDEN","Station Wagon","M",39,"30-39","Drivers"
"T20190012477","5/7/19",10:00:00,"Collision with vehicle","Friday","Day",2,2,"T intersection",3,80,"A",2007,"WAGON","TOYOTA","Station Wagon","F",38,"30-39","Drivers"
"T20190012477","5/7/19",10:00:00,"Collision with vehicle","Friday","Day",2,2,"T intersection",3,80,"B",2006,"S WAG","HOLDEN","Station Wagon","M",22,"22-25","Drivers"
"T20190012478","26/6/19",15:20:00,"Collision with vehicle","Wednesday","Day",2,2,"Cross intersection",3,60,"B",2015,"SEDAN","TOYOTA","Car","M",56,"50-59","Drivers"
"T20190012479","5/7/19",10:17:00,"Collision with a fixed object","Friday","Day",1,1,"Not at intersection",3,40,"A",2013,"WAGON","HYNDAI","Station Wagon","M",39,"30-39","Drivers"
"T20190012481","5/7/19",10:25:00,"Collision with vehicle","Friday","Day",2,2,"Cross intersection",3,50,"A",2014,"SEDAN","HOLDEN","Car","M",64,"60-64","Drivers"
"T20190012481","5/7/19",10:25:00,"Collision with vehicle","Friday","Day",2,2,"Cross intersection",3,50,"B",2004,"TRAY","MAZDA","Light Commercial Vehicle (Rigid) <= 4.5 Tonnes GVM","F",30,"30-39","Drivers"
"T20190012482","3/7/19",21:12:00,"Collision with vehicle","Wednesday","Dark Street lights on",2,8,"Cross intersection",3,60,"A",2004,"WAGON","TOYOTA","Station Wagon","F",25,"22-25","Drivers"
"T20190012482","3/7/19",21:12:00,"Collision with vehicle","Wednesday","Dark Street lights on",2,8,"Cross intersection",3,60,"B",2007,"WAGON","TOYOTA","Station Wagon","M",41,"40-49","Drivers"
"T20190012485","5/7/19",10:26:00,"Collision with a fixed object","Friday","Day",1,3,"Not at intersection",3,100,"A",2018,"WAGON","VOLKS","Station Wagon","U",NA,"unknown","Drivers"
"T20190012488","5/7/19",06:35:00,"Collision with vehicle","Friday","Dark Street lights on",2,2,"Cross intersection",3,60,"A",2010,"SEDAN","HONDA","Car","F",43,"40-49","Drivers"
"T20190012488","5/7/19",06:35:00,"Collision with vehicle","Friday","Dark Street lights on",2,2,"Cross intersection",3,60,"B",2008,"WAGON","TOYOTA","Station Wagon","M",41,"40-49","Drivers"
"T20190012490","5/7/19",12:05:00,"Collision with vehicle","Friday","Day",2,2,"T intersection",3,80,"B",2017,"SEDAN","VOLKS","Car","M",84,"70+","Drivers"
"T20190012491","5/7/19",06:30:00,"Collision with a fixed object","Friday","Dusk/Dawn",1,1,"Not at intersection",3,100,"A",2002,"DC UTE","MITSUB","Utility","M",18,"17-21","Drivers"
"T20190012492","5/7/19",09:30:00,"Collision with vehicle","Friday","Day",2,2,"Not at intersection",3,50,"A",2011,"SEDAN","TOYOTA","Car","F",55,"50-59","Drivers"
"T20190012492","5/7/19",09:30:00,"Collision with vehicle","Friday","Day",2,2,"Not at intersection",3,50,"B",2010,"TIPPER","F LINE","Heavy Vehicle (Rigid) > 4.5 Tonnes","M",42,"40-49","Drivers"
"T20190012493","5/7/19",09:00:00,"Collision with vehicle","Friday","Day",2,6,"T intersection",3,80,"A",2010,"F UNIT","SCANIA","Heavy Vehicle (Rigid) > 4.5 Tonnes","M",33,"30-39","Drivers"
"T20190012493","5/7/19",09:00:00,"Collision with vehicle","Friday","Day",2,6,"T intersection",3,80,"B",2007,"SEDAN","TOYOTA","Car","F",52,"50-59","Drivers"
"T20190012494","26/6/19",08:35:00,"Collision with vehicle","Wednesday","Day",2,2,"Cross intersection",2,50,"A",2010,"SEDAN","NISSAN","Car","M",51,"50-59","Drivers"
"T20190012496","5/7/19",13:20:00,"Collision with a fixed object","Friday","Day",1,2,"Not at intersection",3,999,"A",1999,"SEDAN","HOLDEN","Car","F",20,"17-21","Drivers"
"T20190012498","5/7/19",04:05:00,"Collision with a fixed object","Friday","Dark Street lights on",1,1,"Not at intersection",3,60,"A",2009,"SEDAN","HONDA","Car","M",29,"26-29","Drivers"
"T20190012501","5/7/19",14:20:00,"Struck Pedestrian","Friday","Day",1,2,"Multiple intersection",3,60,"A",2006,"DC UTE","TOYOTA","Utility","M",34,"30-39","Drivers"
"T20190012502","3/7/19",12:30:00,"Collision with vehicle","Wednesday","Day",2,5,"Cross intersection",3,60,"A",1993,"SEDAN","MERC B","Car","F",71,"70+","Drivers"
"T20190012502","3/7/19",12:30:00,"Collision with vehicle","Wednesday","Day",2,5,"Cross intersection",3,60,"B",2004,"SEDAN","TOYOTA","Car","F",39,"30-39","Drivers"
"T20190012506","5/7/19",18:19:00,"Collision with vehicle","Friday","Dark Street lights on",2,1,"Not at intersection",3,999,"A",1998,"COUPE","UNKN","Car","F",74,"70+","Drivers"
"T20190012507","5/7/19",18:56:00,"Struck Pedestrian","Friday","Dark Street lights on",1,3,"Cross intersection",3,50,"A",2015,"S WAG","MAZDA","Station Wagon","F",26,"26-29","Drivers"
"T20190012508","21/6/19",11:30:00,"Collision with vehicle","Friday","Day",2,2,"T intersection",3,50,"A",2017,"SEDAN","HYNDAI","Car","F",34,"30-39","Drivers"
"T20190012508","21/6/19",11:30:00,"Collision with vehicle","Friday","Day",2,2,"T intersection",3,50,"B",2004,"SEDAN","TOYOTA","Car","M",39,"30-39","Drivers"
"T20190012509","2/7/19",17:36:00,"Collision with vehicle","Tuesday","Dark Street lights on",3,3,"Not at intersection",3,70,"A",2005,"SEDAN","FORD","Car","M",31,"30-39","Drivers"
"T20190012509","2/7/19",17:36:00,"Collision with vehicle","Tuesday","Dark Street lights on",3,3,"Not at intersection",3,70,"B",2017,"SEDAN","SUZUKI","Car","M",38,"30-39","Drivers"
"T20190012509","2/7/19",17:36:00,"Collision with vehicle","Tuesday","Dark Street lights on",3,3,"Not at intersection",3,70,"C",2015,"SEDAN","FIAT","Car","F",32,"30-39","Drivers"
"T20190012513","5/7/19",16:34:00,"Struck Pedestrian","Friday","Day",1,2,"T intersection",3,60,"A",2017,"WAGON","B M W","Station Wagon","F",30,"30-39","Drivers"
"T20190012515","5/7/19",18:23:00,"Struck Pedestrian","Friday","Dark Street lights on",1,2,"Cross intersection",3,60,"A",2006,"WAGON","TOYOTA","Station Wagon","M",45,"40-49","Drivers"
"T20190012516","5/7/19",07:00:00,"Collision with vehicle","Friday","Dusk/Dawn",2,2,"T intersection",3,70,"A",2003,"DC UTE","HYNDAI","Utility","F",34,"30-39","Drivers"
"T20190012516","5/7/19",07:00:00,"Collision with vehicle","Friday","Dusk/Dawn",2,2,"T intersection",3,70,"B",2019,"SEDAN","MITSUB","Car","M",35,"30-39","Drivers"
"T20190012517","5/7/19",16:00:00,"Struck Pedestrian","Friday","Day",1,5,"Not at intersection",3,60,"A",2017,"WAGON","KIA","Station Wagon","M",56,"50-59","Drivers"
"T20190012518","5/7/19",14:00:00,"Collision with vehicle","Friday","Day",2,2,"Cross intersection",3,60,"A",2006,"SED","HOLDEN","Car","M",52,"50-59","Drivers"
"T20190012518","5/7/19",14:00:00,"Collision with vehicle","Friday","Day",2,2,"Cross intersection",3,60,"B",2011,"SEDAN","SUBARU","Car","M",26,"26-29","Drivers"
"T20190012519","5/7/19",13:56:00,"Struck Pedestrian","Friday","Day",1,2,"T intersection",1,60,"A",2007,"SEDAN","VOLKS","Car","F",35,"30-39","Drivers"
"T20190012526","5/7/19",12:56:00,"Collision with vehicle","Friday","Day",2,5,"Not at intersection",2,100,"A",0,"MULTI","MAZDA","Utility","M",35,"30-39","Drivers"
"T20190012526","5/7/19",12:56:00,"Collision with vehicle","Friday","Day",2,5,"Not at intersection",2,100,"B",2011,"WAGON","VOLKS","Station Wagon","F",37,"30-39","Drivers"
"T20190012528","28/6/19",12:01:00,"Collision with a fixed object","Friday","Day",1,1,"Not at intersection",2,80,"A",1979,"UTIL","FORD","Utility","M",51,"50-59","Drivers"
"T20190012530","5/7/19",20:50:00,"Collision with a fixed object","Friday","Dark Street lights unknown",1,2,"Not at intersection",3,60,"A",2004,"SEDAN","HOLDEN","Car","M",38,"30-39","Drivers"
"T20190012532","5/7/19",20:33:00,"Collision with vehicle","Friday","Dark Street lights on",4,4,"Not at intersection",3,60,"A",2014,"SEDAN","TOYOTA","Car","F",50,"50-59","Drivers"
"T20190012532","5/7/19",20:33:00,"Collision with vehicle","Friday","Dark Street lights on",4,4,"Not at intersection",3,60,"B",2015,"SEDAN","SUZUKI","Car","F",37,"30-39","Drivers"
"T20190012532","5/7/19",20:33:00,"Collision with vehicle","Friday","Dark Street lights on",4,4,"Not at intersection",3,60,"C",2001,"SEDAN","SUBARU","Car","M",27,"26-29","Drivers"
"T20190012532","5/7/19",20:33:00,"Collision with vehicle","Friday","Dark Street lights on",4,4,"Not at intersection",3,60,"D",2000,"DC UTE","FORD","Utility","M",43,"40-49","Drivers"
"T20190012537","5/7/19",22:19:00,"Collision with vehicle","Friday","Dark Street lights on",2,2,"Cross intersection",3,40,"A",2009,"WAGON","TOYOTA","Station Wagon","F",46,"40-49","Drivers"
"T20190012538","6/7/19",00:03:00,"Collision with vehicle","Saturday","Dark Street lights on",2,1,"Not at intersection",2,60,"A",2001,"WAGON","NISSAN","Station Wagon","M",33,"30-39","Drivers"
"T20190012543","5/7/19",22:50:00,"Collision with vehicle","Friday","Dark Street lights on",2,2,"T intersection",3,60,"A",2008,"SEDAN","B M W","Car","M",18,"17-21","Drivers"
"T20190012543","5/7/19",22:50:00,"Collision with vehicle","Friday","Dark Street lights on",2,2,"T intersection",3,60,"B",2010,"SEDAN","MAZDA","Car","F",51,"50-59","Drivers"
"T20190012547","5/7/19",23:38:00,"Collision with vehicle","Friday","Dark No street lights",2,3,"Not at intersection",2,100,"A",1999,"SEDAN","HOLDEN","Car","M",19,"17-21","Drivers"
"T20190012547","5/7/19",23:38:00,"Collision with vehicle","Friday","Dark No street lights",2,3,"Not at intersection",2,100,"B",2018,"DC UTE","HOLDEN","Utility","U",NA,"unknown","Drivers"
"T20190012548","4/7/19",21:35:00,"Struck Pedestrian","Thursday","Dark Street lights on",1,2,"T intersection",3,50,"A",2003,"SEDAN","HONDA","Car","M",20,"17-21","Drivers"
"T20190012550","6/7/19",08:55:00,"Collision with vehicle","Saturday","Day",2,2,"T intersection",3,50,"A",2018,"SEDAN","SUBARU","Car","M",73,"70+","Drivers"
"T20190012552","6/7/19",07:30:00,"Collision with vehicle","Saturday","Day",2,2,"Cross intersection",3,70,"A",2014,"WAGON","SUBARU","Station Wagon","M",59,"50-59","Drivers"
"T20190012552","6/7/19",07:30:00,"Collision with vehicle","Saturday","Day",2,2,"Cross intersection",3,70,"B",2019,"WAGON","MITSUB","Station Wagon","F",30,"30-39","Drivers"
"T20190012554","6/7/19",08:41:00,"Collision with vehicle","Saturday","Day",2,2,"Cross intersection",3,60,"A",2003,"SEDAN","MITSUB","Car","F",69,"64-69","Drivers"
"T20190012554","6/7/19",08:41:00,"Collision with vehicle","Saturday","Day",2,2,"Cross intersection",3,60,"B",2011,"SEDAN","KIA","Car","F",58,"50-59","Drivers"
"T20190012556","6/7/19",11:14:00,"Collision with a fixed object","Saturday","Day",1,2,"Not at intersection",3,80,"A",2007,"SEDAN","MAZDA","Car","F",27,"26-29","Drivers"
"T20190012559","6/7/19",09:20:00,"Collision with a fixed object","Saturday","Day",1,1,"Not at intersection",3,50,"A",2006,"SEDAN","HOLDEN","Car","F",71,"70+","Drivers"
"T20190012563","6/7/19",07:30:00,"Collision with vehicle","Saturday","Dark Street lights on",2,2,"Not at intersection",3,60,"A",2009,"VAN","UNKN","Panel Van","M",23,"22-25","Drivers"
"T20190012563","6/7/19",07:30:00,"Collision with vehicle","Saturday","Dark Street lights on",2,2,"Not at intersection",3,60,"B",2013,"SEDAN","HOLDEN","Car","M",28,"26-29","Drivers"
"T20190012564","6/7/19",12:45:00,"Collision with vehicle","Saturday","Day",2,3,"Not at intersection",3,80,"A",2017,"SEDAN","TOYOTA","Car","F",38,"30-39","Drivers"
"T20190012564","6/7/19",12:45:00,"Collision with vehicle","Saturday","Day",2,3,"Not at intersection",3,80,"B",2016,"SEDAN","FORD","Car","F",58,"50-59","Drivers"
"T20190012565","6/7/19",11:45:00,"Collision with vehicle","Saturday","Day",2,2,"Cross intersection",3,80,"A",2008,"TRAY","FORD","Light Commercial Vehicle (Rigid) <= 4.5 Tonnes GVM","M",70,"70+","Drivers"
"T20190012565","6/7/19",11:45:00,"Collision with vehicle","Saturday","Day",2,2,"Cross intersection",3,80,"B",2018,"SEDAN","HOLDEN","Car","F",51,"50-59","Drivers"
"T20190012569","6/7/19",07:10:00,"Collision with vehicle","Saturday","Dusk/Dawn",2,2,"Cross intersection",3,60,"A",2010,"SEDAN","TOYOTA","Car","M",40,"40-49","Drivers"
"T20190012571","5/7/19",15:00:00,"Collision with a fixed object","Friday","Day",1,1,"T intersection",3,70,"A",2010,"SEDAN","MAZDA","Car","M",52,"50-59","Drivers"
"T20190012576","6/7/19",13:30:00,"Struck Pedestrian","Saturday","Day",1,2,"Not at intersection",3,40,"A",2009,"SEDAN","FORD","Taxi","M",52,"50-59","Drivers"
"T20190012580","24/6/19",15:00:00,"Collision with vehicle","Monday","Day",2,2,"T intersection",3,60,"A",2006,"SEDAN","SUBARU","Car","M",28,"26-29","Drivers"
"T20190012583","6/7/19",14:45:00,"Collision with vehicle","Saturday","Day",5,5,"Not at intersection",3,80,"A",2014,"DC UTE","HOLDEN","Utility","M",24,"22-25","Drivers"
"T20190012583","6/7/19",14:45:00,"Collision with vehicle","Saturday","Day",5,5,"Not at intersection",3,80,"B",2016,"WAGON","MAZDA","Car","M",27,"26-29","Drivers"
"T20190012583","6/7/19",14:45:00,"Collision with vehicle","Saturday","Day",5,5,"Not at intersection",3,80,"C",2009,"S WAG","HOLDEN","Car","F",44,"40-49","Drivers"
"T20190012583","6/7/19",14:45:00,"Collision with vehicle","Saturday","Day",5,5,"Not at intersection",3,80,"D",2013,"SEDAN","TOYOTA","Car","F",60,"60-64","Drivers"
"T20190012583","6/7/19",14:45:00,"Collision with vehicle","Saturday","Day",5,5,"Not at intersection",3,80,"E",2017,"SEDAN","HOLDEN","Car","M",46,"40-49","Drivers"
"T20190012584","6/7/19",16:30:00,"Collision with vehicle","Saturday","Day",2,2,"Cross intersection",3,70,"A",2015,"S WAG","HYNDAI","Station Wagon","F",41,"40-49","Drivers"
"T20190012585","6/7/19",14:55:00,"Vehicle overturned (no collision)","Saturday","Day",2,2,"T intersection",3,50,"B",1999,"WAGON","TOYOTA","Station Wagon","M",23,"22-25","Drivers"
"T20190012587","5/7/19",17:12:00,"Collision with vehicle","Friday","Day",2,2,"Cross intersection",3,60,"A",2005,"UTIL","FORD","Utility","M",70,"70+","Drivers"
"T20190012587","5/7/19",17:12:00,"Collision with vehicle","Friday","Day",2,2,"Cross intersection",3,60,"B",2004,"SED","HOLDEN","Car","M",78,"70+","Drivers"
"T20190012588","6/7/19",18:00:00,"Collision with vehicle","Saturday","Dusk/Dawn",2,3,"T intersection",3,80,"A",2013,"SEDAN","HONDA","Car","F",19,"17-21","Drivers"
"T20190012588","6/7/19",18:00:00,"Collision with vehicle","Saturday","Dusk/Dawn",2,3,"T intersection",3,80,"B",2003,"SEDAN","NISSAN","Car","F",60,"60-64","Drivers"
"T20190012589","6/7/19",17:15:00,"Collision with vehicle","Saturday","Day",2,6,"T intersection",3,60,"A",2009,"WAGON","TOYOTA","Station Wagon","M",47,"40-49","Drivers"
"T20190012589","6/7/19",17:15:00,"Collision with vehicle","Saturday","Day",2,6,"T intersection",3,60,"B",1993,"S WAG","NISSAN","Station Wagon","M",22,"22-25","Drivers"