"ACCIDENT_NO","ACCIDENTDATE","ACCIDENTTIME","Accident Type Desc","Day Week Description","Light Condition Desc","NO_OF_VEHICLES","NO_PERSONS","Road Geometry Desc","SEVERITY","SPEED_ZONE","VEHICLE_ID","VEHICLE_YEAR_MANUF","VEHICLE_BODY_STYLE","VEHICLE_MAKE","Vehicle Type Desc","SEX","AGE","Age Group","Road User Type Desc"
"T20190012593","6/7/19",19:30:00,"Collision with vehicle","Saturday","Dark Street lights on",2,3,"Not at intersection",3,100,"A",2008,"COUPE","B M W","Car","M",22,"22-25","Drivers"
"T20190012593","6/7/19",19:30:00,"Collision with vehicle","Saturday","Dark Street lights on",2,3,"Not at intersection",3,100,"B",2004,"SEDAN","TOYOTA","Car","M",72,"70+","Drivers"
"T20190012596","6/7/19",18:30:00,"Struck Pedestrian","Saturday","Dark Street lights on",1,2,"Not at intersection",3,50,"A",1999,"S WAG","AUDI","Station Wagon","M",35,"30-39","Drivers"
"T20190012597","5/7/19",15:30:00,"Collision with vehicle","Friday","Day",3,3,"Not at intersection",3,80,"A",2012,"COUPE","JEEP","Car","F",48,"40-49","Drivers"
"T20190012597","5/7/19",15:30:00,"Collision with vehicle","Friday","Day",3,3,"Not at intersection",3,80,"B",2013,"UTIL","NISSAN","Utility","M",36,"30-39","Drivers"
"T20190012597","5/7/19",15:30:00,"Collision with vehicle","Friday","Day",3,3,"Not at intersection",3,80,"C",2016,"SED","HYNDAI","Car","F",24,"22-25","Drivers"
"T20190012599","6/7/19",16:18:00,"Collision with vehicle","Saturday","Day",2,2,"Not at intersection",3,60,"B",2006,"SEDAN","HOLDEN","Car","M",82,"70+","Drivers"
"T20190012601","6/7/19",19:24:00,"Collision with vehicle","Saturday","Dark No street lights",2,2,"T intersection",3,999,"B",2014,"WAGON","FORD","Station Wagon","F",66,"64-69","Drivers"
"T20190012603","6/7/19",13:50:00,"Collision with vehicle","Saturday","Day",2,2,"Cross intersection",3,999,"A",2015,"S WAG","NISSAN","Taxi","M",36,"30-39","Drivers"
"T20190012603","6/7/19",13:50:00,"Collision with vehicle","Saturday","Day",2,2,"Cross intersection",3,999,"B",1994,"SEDAN","FORD","Car","M",47,"40-49","Drivers"
"T20190012606","4/7/19",23:12:00,"Collision with vehicle","Thursday","Dark Street lights on",2,2,"Cross intersection",3,40,"A",2018,"SEDAN","VOLKS","Car","F",41,"40-49","Drivers"
"T20190012608","6/7/19",00:50:00,"Collision with a fixed object","Saturday","Dark Street lights unknown",1,3,"Not at intersection",3,100,"A",2006,"SEDAN","SUBARU","Car","M",34,"30-39","Drivers"
"T20190012609","7/7/19",02:30:00,"Collision with a fixed object","Sunday","Dark Street lights on",1,5,"Not at intersection",3,50,"A",2002,"SEDAN","TOYOTA","Car","M",21,"17-21","Drivers"
"T20190012610","7/7/19",00:15:00,"Collision with vehicle","Sunday","Dark No street lights",2,3,"Not at intersection",3,40,"A",2012,"SEDAN","HYNDAI","Car","M",19,"17-21","Drivers"
"T20190012610","7/7/19",00:15:00,"Collision with vehicle","Sunday","Dark No street lights",2,3,"Not at intersection",3,40,"B",2003,"S WAG","HOLDEN","Station Wagon","M",33,"30-39","Drivers"
"T20190012614","7/7/19",02:30:00,"Collision with vehicle","Sunday","Dark Street lights on",2,2,"Dead end",3,50,"A",2008,"SEDAN","FORD","Car","M",36,"30-39","Drivers"
"T20190012614","7/7/19",02:30:00,"Collision with vehicle","Sunday","Dark Street lights on",2,2,"Dead end",3,50,"B",2018,"SEDAN","HONDA","Taxi","M",43,"40-49","Drivers"
"T20190012621","6/7/19",20:00:00,"Collision with vehicle","Saturday","Dark Street lights on",2,2,"T intersection",3,70,"A",2009,"SEDAN","HONDA","Car","U",28,"26-29","Drivers"
"T20190012621","6/7/19",20:00:00,"Collision with vehicle","Saturday","Dark Street lights on",2,2,"T intersection",3,70,"B",2017,"WAGON","KIA","Station Wagon","M",29,"26-29","Drivers"
"T20190012624","7/7/19",10:30:00,"Collision with vehicle","Sunday","Day",2,2,"Cross intersection",3,60,"B",2004,"SEDAN","TOYOTA","Car","F",83,"70+","Drivers"
"T20190012625","7/7/19",10:30:00,"Collision with vehicle","Sunday","Day",2,2,"T intersection",3,60,"A",2017,"SEDAN","FORD","Car","F",48,"40-49","Drivers"
"T20190012625","7/7/19",10:30:00,"Collision with vehicle","Sunday","Day",2,2,"T intersection",3,60,"B",2016,"UTIL","MITSUB","Utility","M",20,"17-21","Drivers"
"T20190012626","6/7/19",16:15:00,"Collision with vehicle","Saturday","Day",3,4,"Not at intersection",3,90,"A",2009,"DC UTE","TOYOTA","Utility","M",27,"26-29","Drivers"
"T20190012626","6/7/19",16:15:00,"Collision with vehicle","Saturday","Day",3,4,"Not at intersection",3,90,"B",2013,"SEDAN","TOYOTA","Car","F",50,"50-59","Drivers"
"T20190012626","6/7/19",16:15:00,"Collision with vehicle","Saturday","Day",3,4,"Not at intersection",3,90,"C",1993,"S WAG","TOYOTA","Station Wagon","M",39,"30-39","Drivers"
"T20190012629","7/7/19",12:40:00,"Collision with vehicle","Sunday","Day",2,7,"Cross intersection",3,80,"A",2010,"SEDAN","FORD","Car","M",42,"40-49","Drivers"
"T20190012629","7/7/19",12:40:00,"Collision with vehicle","Sunday","Day",2,7,"Cross intersection",3,80,"B",2012,"SEDAN","HYNDAI","Car","M",24,"22-25","Drivers"
"T20190012630","7/7/19",13:25:00,"Collision with a fixed object","Sunday","Day",1,2,"Not at intersection",3,80,"A",2015,"DC UTE","MITSUB","Utility","M",75,"70+","Drivers"
"T20190012632","6/7/19",22:50:00,"Collision with vehicle","Saturday","Dark Street lights on",2,4,"T intersection",3,60,"A",2014,"UTIL","NISSAN","Utility","U",NA,"unknown","Drivers"
"T20190012632","6/7/19",22:50:00,"Collision with vehicle","Saturday","Dark Street lights on",2,4,"T intersection",3,60,"B",2012,"SEDAN","HYNDAI","Car","F",19,"17-21","Drivers"
"T20190012633","7/7/19",09:20:00,"Collision with vehicle","Sunday","Day",4,2,"Not at intersection",3,60,"A",2006,"SED","HOLDEN","Car","F",19,"17-21","Drivers"
"T20190012634","7/7/19",13:42:00,"Struck Pedestrian","Sunday","Day",1,2,"Not at intersection",3,50,"A",2008,"VAN","VOLKS","Panel Van","F",37,"30-39","Drivers"
"T20190012635","7/7/19",13:40:00,"Collision with a fixed object","Sunday","Day",1,1,"Cross intersection",3,50,"A",2015,"WAGON","HYNDAI","Station Wagon","F",74,"70+","Drivers"
"T20190012636","7/7/19",13:17:00,"Vehicle overturned (no collision)","Sunday","Day",1,1,"Not at intersection",3,100,"A",2009,"SEDAN","HOLDEN","Car","F",29,"26-29","Drivers"
"T20190012637","7/7/19",14:30:00,"Collision with vehicle","Sunday","Day",2,4,"Cross intersection",3,60,"A",2007,"WAGON","HONDA","Station Wagon","F",40,"40-49","Drivers"
"T20190012637","7/7/19",14:30:00,"Collision with vehicle","Sunday","Day",2,4,"Cross intersection",3,60,"B",2012,"SEDAN","HONDA","Car","F",25,"22-25","Drivers"
"T20190012639","5/7/19",10:20:00,"Collision with vehicle","Friday","Unknown",2,3,"Cross intersection",3,60,"A",2013,"SEDAN","TOYOTA","Car","M",64,"60-64","Drivers"
"T20190012639","5/7/19",10:20:00,"Collision with vehicle","Friday","Unknown",2,3,"Cross intersection",3,60,"B",2013,"UTIL","TOYOTA","Utility","M",24,"22-25","Drivers"
"T20190012640","7/7/19",01:51:00,"Collision with vehicle","Sunday","Dark No street lights",2,2,"Cross intersection",3,100,"A",1985,"SEDAN","TOYOTA","Car","M",24,"22-25","Drivers"
"T20190012640","7/7/19",01:51:00,"Collision with vehicle","Sunday","Dark No street lights",2,2,"Cross intersection",3,100,"B",2012,"UTIL","HOLDEN","Utility","M",26,"26-29","Drivers"
"T20190012648","7/7/19",15:20:00,"Collision with vehicle","Sunday","Day",2,3,"Cross intersection",3,60,"A",2018,"WAGON","MAZDA","Station Wagon","F",55,"50-59","Drivers"
"T20190012648","7/7/19",15:20:00,"Collision with vehicle","Sunday","Day",2,3,"Cross intersection",3,60,"B",2012,"SEDAN","TOYOTA","Car","F",21,"17-21","Drivers"
"T20190012651","7/7/19",19:25:00,"Collision with vehicle","Sunday","Dark Street lights on",4,5,"T intersection",3,80,"A",2012,"WAGON","MAZDA","Station Wagon","F",19,"17-21","Drivers"
"T20190012651","7/7/19",19:25:00,"Collision with vehicle","Sunday","Dark Street lights on",4,5,"T intersection",3,80,"B",2011,"SEDAN","FORD","Car","M",30,"30-39","Drivers"
"T20190012653","7/7/19",18:10:00,"Collision with vehicle","Sunday","Dark Street lights on",4,8,"Not at intersection",3,80,"A",2003,"VAN","ISUZU","Light Commercial Vehicle (Rigid) <= 4.5 Tonnes GVM","U",23,"22-25","Drivers"
"T20190012653","7/7/19",18:10:00,"Collision with vehicle","Sunday","Dark Street lights on",4,8,"Not at intersection",3,80,"B",2018,"WAGON","MAZDA","Station Wagon","M",30,"30-39","Drivers"
"T20190012653","7/7/19",18:10:00,"Collision with vehicle","Sunday","Dark Street lights on",4,8,"Not at intersection",3,80,"C",2009,"SEDAN","MERC B","Car","M",60,"60-64","Drivers"
"T20190012653","7/7/19",18:10:00,"Collision with vehicle","Sunday","Dark Street lights on",4,8,"Not at intersection",3,80,"D",2005,"SEDAN","VOLKS","Car","F",30,"30-39","Drivers"
"T20190012656","7/7/19",17:20:00,"Collision with a fixed object","Sunday","Dark Street lights on",1,2,"Not at intersection",2,80,"A",1994,"SEDAN","FORD","Car","M",52,"50-59","Drivers"
"T20190012662","30/6/19",03:20:00,"Struck Pedestrian","Sunday","Dark Street lights unknown",1,2,"Not at intersection",3,50,"A",2015,"SEDAN","TOYOTA","Taxi","M",30,"30-39","Drivers"
"T20190012669","8/7/19",04:30:00,"Collision with vehicle","Monday","Dark Street lights on",3,1,"Not at intersection",3,60,"A",2007,"SEDAN","SUBARU","Car","F",40,"40-49","Drivers"
"T20190012673","8/7/19",07:00:00,"Collision with a fixed object","Monday","Dark No street lights",1,3,"Not at intersection",3,100,"A",2011,"SEDAN","FORD","Car","F",48,"40-49","Drivers"
"T20190012675","7/7/19",02:30:00,"Collision with vehicle","Sunday","Dark Street lights on",2,2,"Not at intersection",3,40,"A",2014,"SEDAN","TOYOTA","Taxi","M",35,"30-39","Drivers"
"T20190012675","7/7/19",02:30:00,"Collision with vehicle","Sunday","Dark Street lights on",2,2,"Not at intersection",3,40,"B",2017,"TILTER","ISUZU","Heavy Vehicle (Rigid) > 4.5 Tonnes","M",32,"30-39","Drivers"
"T20190012676","8/7/19",06:58:00,"Collision with vehicle","Monday","Dusk/Dawn",4,4,"T intersection",3,100,"A",0,NA,"DATSUN","Car","U",NA,"unknown","Drivers"
"T20190012676","8/7/19",06:58:00,"Collision with vehicle","Monday","Dusk/Dawn",4,4,"T intersection",3,100,"B",2012,"SEDAN","HONDA","Car","M",63,"60-64","Drivers"
"T20190012676","8/7/19",06:58:00,"Collision with vehicle","Monday","Dusk/Dawn",4,4,"T intersection",3,100,"C",1996,"SEDAN","FORD","Car","M",56,"50-59","Drivers"
"T20190012676","8/7/19",06:58:00,"Collision with vehicle","Monday","Dusk/Dawn",4,4,"T intersection",3,100,"D",2018,"S WAG","ISUZU","Station Wagon","F",42,"40-49","Drivers"
"T20190012677","5/7/19",14:55:00,"Struck Pedestrian","Friday","Day",1,2,"Cross intersection",3,60,"A",0,"SEDAN","NISSAN","Car","U",NA,"unknown","Drivers"
"T20190012679","3/7/19",21:30:00,"Collision with vehicle","Wednesday","Dark Street lights on",2,2,"Not at intersection",3,70,"A",2006,"WAGON","MAZDA","Station Wagon","F",21,"17-21","Drivers"
"T20190012679","3/7/19",21:30:00,"Collision with vehicle","Wednesday","Dark Street lights on",2,2,"Not at intersection",3,70,"B",2011,"RDSTR","AUDI","Car","M",47,"40-49","Drivers"
"T20190012682","29/3/19",13:50:00,"Collision with vehicle","Friday","Day",2,2,"Not at intersection",2,80,"A",2003,"SEDAN","HYNDAI","Car","F",51,"50-59","Drivers"
"T20190012682","29/3/19",13:50:00,"Collision with vehicle","Friday","Day",2,2,"Not at intersection",2,80,"B",2012,"TIPPER","VOLVO","Light Commercial Vehicle (Rigid) <= 4.5 Tonnes GVM","F",42,"40-49","Drivers"
"T20190012685","8/7/19",08:15:00,"Collision with vehicle","Monday","Day",2,2,"T intersection",3,80,"A",2006,"S WAG","HOLDEN","Station Wagon","M",32,"30-39","Drivers"
"T20190012685","8/7/19",08:15:00,"Collision with vehicle","Monday","Day",2,2,"T intersection",3,80,"B",2013,"SEDAN","TOYOTA","Car","M",45,"40-49","Drivers"
"T20190012687","25/5/19",17:30:00,"Vehicle overturned (no collision)","Saturday","Day",1,3,"Not at intersection",2,888,"A",1991,"S WAG","NISSAN","Station Wagon","M",23,"22-25","Drivers"
"T20190012688","7/7/19",17:22:00,"Collision with vehicle","Sunday","Dark Street lights on",2,2,"Cross intersection",3,999,"A",2017,"TOURER","AUDI","Car","F",36,"30-39","Drivers"
"T20190012688","7/7/19",17:22:00,"Collision with vehicle","Sunday","Dark Street lights on",2,2,"Cross intersection",3,999,"B",2006,"SEDAN","FORD","Car","F",40,"40-49","Drivers"
"T20190012690","7/7/19",20:00:00,"Collision with vehicle","Sunday","Dark Street lights on",2,3,"T intersection",3,60,"A",1996,"SEDAN","FORD","Car","M",40,"40-49","Drivers"
"T20190012690","7/7/19",20:00:00,"Collision with vehicle","Sunday","Dark Street lights on",2,3,"T intersection",3,60,"B",2019,"WAGON","TOYOTA","Station Wagon","M",62,"60-64","Drivers"
"T20190012692","8/7/19",12:00:00,"Collision with vehicle","Monday","Day",2,3,"Cross intersection",3,60,"A",2003,"SEDAN","TOYOTA","Car","M",24,"22-25","Drivers"
"T20190012698","8/7/19",09:08:00,"Collision with vehicle","Monday","Day",2,3,"Not at intersection",2,80,"A",2018,"UTIL","ISUZU","Utility","M",29,"26-29","Drivers"
"T20190012698","8/7/19",09:08:00,"Collision with vehicle","Monday","Day",2,3,"Not at intersection",2,80,"B",2016,"T SDS","ISUZU","Heavy Vehicle (Rigid) > 4.5 Tonnes","M",62,"60-64","Drivers"
"T20190012701","8/7/19",11:30:00,"Collision with a fixed object","Monday","Day",1,1,"Not at intersection",3,100,"A",2016,"UTIL","ISUZU","Utility","M",30,"30-39","Drivers"
"T20190012702","8/7/19",13:31:00,"Collision with vehicle","Monday","Day",2,2,"T intersection",3,60,"A",2004,"SEDAN","HOLDEN","Car","M",21,"17-21","Drivers"
"T20190012702","8/7/19",13:31:00,"Collision with vehicle","Monday","Day",2,2,"T intersection",3,60,"B",2014,"SEDAN","FORD","Car","F",54,"50-59","Drivers"
"T20190012704","7/7/19",22:10:00,"Collision with vehicle","Sunday","Dark Street lights on",2,1,"Not at intersection",3,50,"A",2011,"WAGON","TOYOTA","Station Wagon","M",35,"30-39","Drivers"
"T20190012709","2/7/19",14:10:00,"Collision with vehicle","Tuesday","Day",2,2,"Cross intersection",3,50,"A",2017,"WAGON","HONDA","Station Wagon","M",28,"26-29","Drivers"
"T20190012709","2/7/19",14:10:00,"Collision with vehicle","Tuesday","Day",2,2,"Cross intersection",3,50,"B",2000,"SEDAN","TOYOTA","Car","M",19,"17-21","Drivers"
"T20190012710","8/7/19",14:00:00,"Collision with a fixed object","Monday","Day",1,2,"Not at intersection",3,60,"A",2005,"SEDAN","HONDA","Car","F",64,"60-64","Drivers"
"T20190012711","8/7/19",13:33:00,"Collision with vehicle","Monday","Day",2,2,"Cross intersection",3,60,"A",1997,"SEDAN","MAZDA","Car","F",60,"60-64","Drivers"
"T20190012711","8/7/19",13:33:00,"Collision with vehicle","Monday","Day",2,2,"Cross intersection",3,60,"B",2011,"SEDAN","TOYOTA","Taxi","M",55,"50-59","Drivers"
"T20190012713","8/7/19",16:30:00,"Collision with vehicle","Monday","Day",2,3,"Not at intersection",3,80,"A",2017,"S WAG","MITSUB","Station Wagon","F",25,"22-25","Drivers"
"T20190012713","8/7/19",16:30:00,"Collision with vehicle","Monday","Day",2,3,"Not at intersection",3,80,"B",2019,"WAGON","TOYOTA","Station Wagon","M",17,"16-17","Drivers"
"T20190012717","25/6/19",15:00:00,"Collision with vehicle","Tuesday","Day",2,2,"Not at intersection",3,60,"A",1990,"SEDAN","MERC B","Car","M",69,"64-69","Drivers"
"T20190012717","25/6/19",15:00:00,"Collision with vehicle","Tuesday","Day",2,2,"Not at intersection",3,60,"B",2004,"WAGON","TOYOTA","Station Wagon","F",57,"50-59","Drivers"
"T20190012721","8/7/19",18:19:00,"Collision with a fixed object","Monday","Dark Street lights on",1,1,"Not at intersection",3,60,"A",1998,"WAGON","TOYOTA","Station Wagon","M",62,"60-64","Drivers"
"T20190012723","8/7/19",17:54:00,"Collision with vehicle","Monday","Dark Street lights on",4,5,"Not at intersection",3,60,"A",2016,"SEDAN","FIAT","Car","M",29,"26-29","Drivers"
"T20190012723","8/7/19",17:54:00,"Collision with vehicle","Monday","Dark Street lights on",4,5,"Not at intersection",3,60,"B",2008,"SEDAN","TOYOTA","Car","M",71,"70+","Drivers"
"T20190012723","8/7/19",17:54:00,"Collision with vehicle","Monday","Dark Street lights on",4,5,"Not at intersection",3,60,"C",2007,"COUPE","VOLKS","Car","M",33,"30-39","Drivers"
"T20190012723","8/7/19",17:54:00,"Collision with vehicle","Monday","Dark Street lights on",4,5,"Not at intersection",3,60,"D",2007,"WAGON","VOLKS","Station Wagon","M",28,"26-29","Drivers"
"T20190012724","8/7/19",18:20:00,"Struck Pedestrian","Monday","Dark No street lights",1,2,"Not at intersection",3,60,"A",2007,"SEDAN","TOYOTA","Car","M",27,"26-29","Drivers"
"T20190012725","8/7/19",18:45:00,"Struck Pedestrian","Monday","Dark No street lights",1,2,"Not at intersection",3,80,"A",2009,"SEDAN","HONDA","Car","M",22,"22-25","Drivers"
"T20190012726","8/7/19",17:50:00,"Collision with vehicle","Monday","Unknown",2,2,"Not at intersection",3,80,"A",2007,"SEDAN","MITSUB","Car","F",32,"30-39","Drivers"
"T20190012726","8/7/19",17:50:00,"Collision with vehicle","Monday","Unknown",2,2,"Not at intersection",3,80,"B",2013,"DC UTE","VOLKS","Utility","M",25,"22-25","Drivers"
"T20190012727","8/7/19",16:27:00,"Vehicle overturned (no collision)","Monday","Day",1,2,"Y intersection",3,80,"A",2004,"SKIP C","VOLVO","Heavy Vehicle (Rigid) > 4.5 Tonnes","M",49,"40-49","Drivers"
"T20190012728","8/7/19",19:58:00,"Collision with vehicle","Monday","Dark Street lights on",2,3,"Not at intersection",3,60,"A",2003,"DC UTE","TOYOTA","Utility","M",58,"50-59","Drivers"
"T20190012728","8/7/19",19:58:00,"Collision with vehicle","Monday","Dark Street lights on",2,3,"Not at intersection",3,60,"B",2003,"UTIL","FORD","Utility","M",51,"50-59","Drivers"
"T20190012729","8/7/19",22:30:00,"Collision with vehicle","Monday","Dark Street lights on",2,2,"Not at intersection",3,60,"B",2014,"WAGON","KIA","Station Wagon","M",38,"30-39","Drivers"
"T20190012730","8/7/19",01:14:00,"collision with some other object","Monday","Dark No street lights",1,3,"Not at intersection",3,110,"A",2007,"UTIL","MAZDA","Utility","M",58,"50-59","Drivers"
"T20190012731","8/7/19",14:12:00,"Collision with vehicle","Monday","Day",3,6,"Cross intersection",2,80,"A",2012,"SEDAN","HONDA","Car","M",23,"22-25","Drivers"
"T20190012731","8/7/19",14:12:00,"Collision with vehicle","Monday","Day",3,6,"Cross intersection",2,80,"B",2008,"WAGON","TOYOTA","Station Wagon","F",47,"40-49","Drivers"
"T20190012731","8/7/19",14:12:00,"Collision with vehicle","Monday","Day",3,6,"Cross intersection",2,80,"C",2018,"WAGON","VOLKS","Station Wagon","F",31,"30-39","Drivers"
"T20190012732","8/7/19",18:00:00,"Collision with vehicle","Monday","Dark Street lights on",3,3,"Not at intersection",3,80,"A",2019,"SEDAN","HYNDAI","Car","F",62,"60-64","Drivers"
"T20190012732","8/7/19",18:00:00,"Collision with vehicle","Monday","Dark Street lights on",3,3,"Not at intersection",3,80,"B",2014,"SEDAN","NISSAN","Car","F",32,"30-39","Drivers"
"T20190012732","8/7/19",18:00:00,"Collision with vehicle","Monday","Dark Street lights on",3,3,"Not at intersection",3,80,"C",2006,"SEDAN","TOYOTA","Car","M",29,"26-29","Drivers"
"T20190012739","9/7/19",05:00:00,"Collision with vehicle","Tuesday","Dark Street lights on",3,3,"Not at intersection",3,60,"A",2008,"SEDAN","SUBARU","Car","F",37,"30-39","Drivers"
"T20190012739","9/7/19",05:00:00,"Collision with vehicle","Tuesday","Dark Street lights on",3,3,"Not at intersection",3,60,"B",2009,"UTIL","FORD","Utility","M",21,"17-21","Drivers"
"T20190012740","8/7/19",12:14:00,"Collision with vehicle","Monday","Day",2,6,"Not at intersection",3,100,"A",2003,"WAGON","FORD","Station Wagon","F",64,"60-64","Drivers"
"T20190012741","9/7/19",06:00:00,"Struck Pedestrian","Tuesday","Dark Street lights on",1,2,"Not at intersection",3,60,"A",2014,"WAGON","TOYOTA","Station Wagon","M",58,"50-59","Drivers"
"T20190012743","9/7/19",06:50:00,"Collision with vehicle","Tuesday","Dark Street lights on",3,2,"Not at intersection",3,50,"A",2004,"SEDAN","FORD","Car","M",77,"70+","Drivers"
"T20190012745","9/7/19",08:34:00,"Collision with vehicle","Tuesday","Day",2,2,"Cross intersection",3,50,"A",2018,"SEDAN","VOLKS","Car","M",34,"30-39","Drivers"
"T20190012747","9/7/19",10:30:00,"Collision with vehicle","Tuesday","Day",2,2,"T intersection",3,60,"A",2008,"SEDAN","PEUG","Car","M",51,"50-59","Drivers"
"T20190012747","9/7/19",10:30:00,"Collision with vehicle","Tuesday","Day",2,2,"T intersection",3,60,"B",2015,"UTIL","MITSUB","Utility","M",67,"64-69","Drivers"
"T20190012750","9/7/19",09:24:00,"Other accident","Tuesday","Day",1,3,"T intersection",3,999,"A",2014,"UTIL","TOYOTA","Utility","M",42,"40-49","Drivers"
"T20190012755","7/7/19",17:30:00,"Collision with vehicle","Sunday","Dusk/Dawn",2,2,"Not at intersection",3,70,"A",2005,"S WAG","MERC B","Station Wagon","F",60,"60-64","Drivers"
"T20190012755","7/7/19",17:30:00,"Collision with vehicle","Sunday","Dusk/Dawn",2,2,"Not at intersection",3,70,"B",2016,"SED","TOYOTA","Taxi","M",32,"30-39","Drivers"
"T20190012756","9/7/19",10:30:00,"Collision with vehicle","Tuesday","Day",2,4,"Not at intersection",3,60,"A",2007,"UTIL","PROTON","Utility","F",46,"40-49","Drivers"
"T20190012756","9/7/19",10:30:00,"Collision with vehicle","Tuesday","Day",2,4,"Not at intersection",3,60,"B",2000,"WAGON","SUBARU","Station Wagon","M",24,"22-25","Drivers"
"T20190012761","9/7/19",08:40:00,"Collision with vehicle","Tuesday","Day",2,2,"Not at intersection",3,40,"A",2008,"VAN","DAF","Heavy Vehicle (Rigid) > 4.5 Tonnes","M",24,"22-25","Drivers"
"T20190012764","13/6/19",18:30:00,"Collision with vehicle","Thursday","Dark Street lights on",2,2,"T intersection",3,60,"A",2010,"UTIL","FORD","Utility","M",49,"40-49","Drivers"
"T20190012764","13/6/19",18:30:00,"Collision with vehicle","Thursday","Dark Street lights on",2,2,"T intersection",3,60,"B",2008,"WAGON","B M W","Station Wagon","M",30,"30-39","Drivers"
"T20190012765","9/7/19",14:01:00,"Collision with vehicle","Tuesday","Day",2,2,"Not at intersection",3,80,"A",2016,"VAN","HYNDAI","Panel Van","M",31,"30-39","Drivers"
"T20190012765","9/7/19",14:01:00,"Collision with vehicle","Tuesday","Day",2,2,"Not at intersection",3,80,"B",2015,"S WAG","HOLDEN","Station Wagon","M",38,"30-39","Drivers"
"T20190012766","9/7/19",12:50:00,"Vehicle overturned (no collision)","Tuesday","Day",2,2,"Cross intersection",3,100,"A",2008,"P MVR","KENWTH","Prime Mover - Single Trailer","M",42,"40-49","Drivers"
"T20190012766","9/7/19",12:50:00,"Vehicle overturned (no collision)","Tuesday","Day",2,2,"Cross intersection",3,100,"B",2011,"SEDAN","MAZDA","Car","M",65,"64-69","Drivers"
"T20190012768","9/7/19",11:50:00,"Collision with a fixed object","Tuesday","Day",1,1,"Not at intersection",3,60,"A",2006,"S WAG","HOLDEN","Station Wagon","F",64,"60-64","Drivers"
"T20190012770","9/7/19",13:50:00,"Collision with vehicle","Tuesday","Day",2,4,"T intersection",3,70,"A",2003,"SED","HOLDEN","Car","M",25,"22-25","Drivers"
"T20190012770","9/7/19",13:50:00,"Collision with vehicle","Tuesday","Day",2,4,"T intersection",3,70,"B",2009,"S WAG","VOLKS","Station Wagon","F",59,"50-59","Drivers"
"T20190012771","2/7/19",15:35:00,"Collision with vehicle","Tuesday","Unknown",2,2,"T intersection",3,40,"A",2010,"SEDAN","FORD","Car","F",24,"22-25","Drivers"
"T20190012772","9/7/19",14:55:00,"Collision with vehicle","Tuesday","Day",2,2,"Not at intersection",3,80,"A",2013,"JEEP","HOLDEN","Station Wagon","M",23,"22-25","Drivers"
"T20190012772","9/7/19",14:55:00,"Collision with vehicle","Tuesday","Day",2,2,"Not at intersection",3,80,"B",2004,"DC UTE","MITSUB","Utility","M",57,"50-59","Drivers"
"T20190012780","9/7/19",15:20:00,"Collision with vehicle","Tuesday","Day",2,2,"Not at intersection",3,70,"A",2014,"VAN","TOYOTA","Panel Van","M",34,"30-39","Drivers"
"T20190012781","9/7/19",16:00:00,"Collision with vehicle","Tuesday","Day",2,3,"Not at intersection",3,80,"A",2019,"DC UTE","ISUZU","Utility","M",28,"26-29","Drivers"
"T20190012781","9/7/19",16:00:00,"Collision with vehicle","Tuesday","Day",2,3,"Not at intersection",3,80,"B",2010,"SEDAN","FORD","Car","M",24,"22-25","Drivers"
"T20190012782","9/7/19",16:17:00,"Collision with vehicle","Tuesday","Day",2,4,"Cross intersection",3,60,"A",2015,"T SDS","FORD","Light Commercial Vehicle (Rigid) <= 4.5 Tonnes GVM","M",20,"17-21","Drivers"
"T20190012782","9/7/19",16:17:00,"Collision with vehicle","Tuesday","Day",2,4,"Cross intersection",3,60,"B",1998,"S WAG","HOLDEN","Station Wagon","M",70,"70+","Drivers"
"T20190012783","9/7/19",17:38:00,"Collision with vehicle","Tuesday","Dusk/Dawn",3,4,"T intersection",3,60,"A",2007,"SEDAN","FORD","Car","M",19,"17-21","Drivers"
"T20190012783","9/7/19",17:38:00,"Collision with vehicle","Tuesday","Dusk/Dawn",3,4,"T intersection",3,60,"B",2017,"S WAG","VOLKS","Station Wagon","F",54,"50-59","Drivers"
"T20190012783","9/7/19",17:38:00,"Collision with vehicle","Tuesday","Dusk/Dawn",3,4,"T intersection",3,60,"C",2014,"WAGON","MAZDA","Station Wagon","M",38,"30-39","Drivers"
"T20190012784","9/7/19",18:35:00,"Collision with vehicle","Tuesday","Dark Street lights on",2,2,"Cross intersection",3,60,"A",2012,"SEDAN","TOYOTA","Car","F",50,"50-59","Drivers"
"T20190012784","9/7/19",18:35:00,"Collision with vehicle","Tuesday","Dark Street lights on",2,2,"Cross intersection",3,60,"B",2004,"SEDAN","NISSAN","Car","F",23,"22-25","Drivers"
"T20190012785","5/7/19",17:40:00,"Collision with vehicle","Friday","Dusk/Dawn",6,6,"Not at intersection",3,100,"A",2005,"SEDAN","TOYOTA","Car","F",65,"64-69","Drivers"
"T20190012785","5/7/19",17:40:00,"Collision with vehicle","Friday","Dusk/Dawn",6,6,"Not at intersection",3,100,"B",2019,"DC UTE","TOYOTA","Utility","M",37,"30-39","Drivers"
"T20190012785","5/7/19",17:40:00,"Collision with vehicle","Friday","Dusk/Dawn",6,6,"Not at intersection",3,100,"C",2015,"WAGON","MAZDA","Station Wagon","M",34,"30-39","Drivers"
"T20190012785","5/7/19",17:40:00,"Collision with vehicle","Friday","Dusk/Dawn",6,6,"Not at intersection",3,100,"D",2002,"COUPE","MITSUB","Car","F",38,"30-39","Drivers"