"ACCIDENT_NO","ACCIDENTDATE","ACCIDENTTIME","Accident Type Desc","Day Week Description","Light Condition Desc","NO_OF_VEHICLES","NO_PERSONS","Road Geometry Desc","SEVERITY","SPEED_ZONE","VEHICLE_ID","VEHICLE_YEAR_MANUF","VEHICLE_BODY_STYLE","VEHICLE_MAKE","Vehicle Type Desc","SEX","AGE","Age Group","Road User Type Desc"
"T20190012785","5/7/19",17:40:00,"Collision with vehicle","Friday","Dusk/Dawn",6,6,"Not at intersection",3,100,"E",2010,"DC UTE","MITSUB","Utility","M",20,"17-21","Drivers"
"T20190012785","5/7/19",17:40:00,"Collision with vehicle","Friday","Dusk/Dawn",6,6,"Not at intersection",3,100,"G",2011,"DC UTE","TOYOTA","Utility","M",44,"40-49","Drivers"
"T20190012786","9/7/19",16:38:00,"Collision with vehicle","Tuesday","Day",3,7,"T intersection",3,60,"A",2011,"SEDAN","HOLDEN","Car","M",39,"30-39","Drivers"
"T20190012786","9/7/19",16:38:00,"Collision with vehicle","Tuesday","Day",3,7,"T intersection",3,60,"B",0,"SED","TOYOTA","Car","M",70,"70+","Drivers"
"T20190012786","9/7/19",16:38:00,"Collision with vehicle","Tuesday","Day",3,7,"T intersection",3,60,"C",2010,"UTIL","FORD","Utility","M",37,"30-39","Drivers"
"T20190012792","9/7/19",18:00:00,"Collision with vehicle","Tuesday","Dark No street lights",2,2,"Not at intersection",3,80,"A",2018,"WAGON","TOYOTA","Station Wagon","M",51,"50-59","Drivers"
"T20190012792","9/7/19",18:00:00,"Collision with vehicle","Tuesday","Dark No street lights",2,2,"Not at intersection",3,80,"B",2010,"UTIL","MITSUB","Utility","M",23,"22-25","Drivers"
"T20190012795","9/7/19",21:00:00,"Struck Pedestrian","Tuesday","Dark Street lights on",1,2,"T intersection",3,50,"A",2009,"SEDAN","MITSUB","Car","F",59,"50-59","Drivers"
"T20190012796","9/7/19",18:44:00,"Collision with vehicle","Tuesday","Dark No street lights",2,2,"Cross intersection",3,60,"A",2001,"SEDAN","HYNDAI","Car","M",56,"50-59","Drivers"
"T20190012796","9/7/19",18:44:00,"Collision with vehicle","Tuesday","Dark No street lights",2,2,"Cross intersection",3,60,"B",2006,"SEDAN","TOYOTA","Car","F",40,"40-49","Drivers"
"T20190012797","10/7/19",01:30:00,"Collision with vehicle","Wednesday","Dark Street lights on",2,2,"Cross intersection",3,40,"B",2013,"SEDAN","HOLDEN","Car","M",25,"22-25","Drivers"
"T20190012799","9/7/19",23:42:00,"Collision with a fixed object","Tuesday","Dark No street lights",1,1,"Not at intersection",3,100,"A",2015,"S WAG","FORD","Station Wagon","M",51,"50-59","Drivers"
"T20190012801","28/6/19",18:21:00,"Collision with vehicle","Friday","Dark Street lights on",2,2,"T intersection",3,80,"A",2015,"SEDAN","MAZDA","Car","F",24,"22-25","Drivers"
"T20190012801","28/6/19",18:21:00,"Collision with vehicle","Friday","Dark Street lights on",2,2,"T intersection",3,80,"B",2015,"WAGON","HYNDAI","Station Wagon","M",60,"60-64","Drivers"
"T20190012802","10/7/19",07:00:00,"Struck Pedestrian","Wednesday","Dark Street lights on",1,2,"T intersection",3,50,"A",2011,"SEDAN","HOLDEN","Car","F",45,"40-49","Drivers"
"T20190012803","10/7/19",07:20:00,"Collision with vehicle","Wednesday","Day",2,2,"Cross intersection",3,60,"A",2009,"WAGON","HYNDAI","Car","F",35,"30-39","Drivers"
"T20190012803","10/7/19",07:20:00,"Collision with vehicle","Wednesday","Day",2,2,"Cross intersection",3,60,"B",2005,"S WAG","FORD","Car","M",47,"40-49","Drivers"
"T20190012804","5/7/19",17:00:00,"Collision with vehicle","Friday","Dusk/Dawn",2,2,"Not at intersection",3,60,"A",2018,"SEDAN","HYNDAI","Car","F",34,"30-39","Drivers"
"T20190012806","5/7/19",15:00:00,"Struck Pedestrian","Friday","Day",1,2,"Cross intersection",2,60,"A",2006,"UTIL","FORD","Utility","M",56,"50-59","Drivers"
"T20190012807","10/7/19",08:55:00,"Collision with vehicle","Wednesday","Day",2,2,"Cross intersection",3,40,"A",2017,"WAGON","JEEP","Station Wagon","F",70,"70+","Drivers"
"T20190012808","3/7/19",17:45:00,"Collision with vehicle","Wednesday","Dark Street lights on",2,2,"Not at intersection",3,100,"A",2005,"COUPE","SMART","Car","F",23,"22-25","Drivers"
"T20190012808","3/7/19",17:45:00,"Collision with vehicle","Wednesday","Dark Street lights on",2,2,"Not at intersection",3,100,"B",2004,"SEDAN","MAZDA","Car","M",34,"30-39","Drivers"
"T20190012814","10/7/19",08:50:00,"Collision with vehicle","Wednesday","Day",2,3,"T intersection",3,60,"A",2004,"SEDAN","HYNDAI","Car","F",73,"70+","Drivers"
"T20190012814","10/7/19",08:50:00,"Collision with vehicle","Wednesday","Day",2,3,"T intersection",3,60,"B",2014,"WAGON","MAZDA","Station Wagon","F",57,"50-59","Drivers"
"T20190012816","9/7/19",15:40:00,"Collision with vehicle","Tuesday","Day",2,2,"Not at intersection",3,80,"A",2007,"WAGON","MITSUB","Station Wagon","F",52,"50-59","Drivers"
"T20190012816","9/7/19",15:40:00,"Collision with vehicle","Tuesday","Day",2,2,"Not at intersection",3,80,"B",2015,"COUPE","TOYOTA","Car","M",22,"22-25","Drivers"
"T20190012818","10/7/19",08:40:00,"Collision with vehicle","Wednesday","Day",2,2,"Not at intersection",3,60,"B",2009,"SEDAN","KIA","Car","F",33,"30-39","Drivers"
"T20190012820","10/7/19",12:30:00,"Collision with vehicle","Wednesday","Day",2,3,"Cross intersection",3,70,"A",2004,"DC UTE","HOLDEN","Utility","M",49,"40-49","Drivers"
"T20190012820","10/7/19",12:30:00,"Collision with vehicle","Wednesday","Day",2,3,"Cross intersection",3,70,"B",2000,"SEDAN","FORD","Car","F",46,"40-49","Drivers"
"T20190012822","10/7/19",10:30:00,"Collision with vehicle","Wednesday","Day",2,2,"T intersection",3,110,"A",2007,"DC UTE","NISSAN","Utility","M",55,"50-59","Drivers"
"T20190012822","10/7/19",10:30:00,"Collision with vehicle","Wednesday","Day",2,2,"T intersection",3,110,"B",2004,"DC UTE","HOLDEN","Utility","M",37,"30-39","Drivers"
"T20190012824","10/7/19",11:08:00,"Collision with vehicle","Wednesday","Day",2,3,"Cross intersection",2,60,"A",2003,"S WAG","NISSAN","Station Wagon","M",67,"64-69","Drivers"
"T20190012824","10/7/19",11:08:00,"Collision with vehicle","Wednesday","Day",2,3,"Cross intersection",2,60,"B",2009,"SEDAN","TOYOTA","Car","F",65,"64-69","Drivers"
"T20190012825","10/7/19",13:20:00,"Collision with vehicle","Wednesday","Day",2,2,"T intersection",3,60,"A",2018,"SEDAN","MAZDA","Car","F",48,"40-49","Drivers"
"T20190012825","10/7/19",13:20:00,"Collision with vehicle","Wednesday","Day",2,2,"T intersection",3,60,"B",2005,"WAGON","L ROV","Station Wagon","F",40,"40-49","Drivers"
"T20190012832","10/7/19",10:00:00,"Collision with vehicle","Wednesday","Day",2,2,"T intersection",3,60,"A",2014,"SEDAN","REN","Car","F",86,"70+","Drivers"
"T20190012832","10/7/19",10:00:00,"Collision with vehicle","Wednesday","Day",2,2,"T intersection",3,60,"B",2015,"WAGON","SUZUKI","Taxi","M",26,"26-29","Drivers"
"T20190012840","10/7/19",16:40:00,"Collision with vehicle","Wednesday","Day",2,2,"Cross intersection",3,50,"A",2008,"WAGON","FORD","Station Wagon","M",44,"40-49","Drivers"
"T20190012840","10/7/19",16:40:00,"Collision with vehicle","Wednesday","Day",2,2,"Cross intersection",3,50,"B",2016,"WAGON","SUBARU","Station Wagon","F",54,"50-59","Drivers"
"T20190012841","10/7/19",13:00:00,"Collision with vehicle","Wednesday","Day",3,3,"Cross intersection",3,50,"A",2015,"WAGON","TOYOTA","Station Wagon","M",56,"50-59","Drivers"
"T20190012841","10/7/19",13:00:00,"Collision with vehicle","Wednesday","Day",3,3,"Cross intersection",3,50,"B",2007,"WAGON","FORD","Station Wagon","M",71,"70+","Drivers"
"T20190012841","10/7/19",13:00:00,"Collision with vehicle","Wednesday","Day",3,3,"Cross intersection",3,50,"C",2010,"SEDAN","KIA","Car","M",74,"70+","Drivers"
"T20190012846","10/7/19",14:30:00,"Collision with vehicle","Wednesday","Day",2,2,"Dead end",3,60,"A",2014,"SEDAN","HYNDAI","Car","M",46,"40-49","Drivers"
"T20190012848","10/7/19",18:00:00,"Collision with vehicle","Wednesday","Dark No street lights",2,7,"Not at intersection",3,110,"A",2002,"SEDAN","HOLDEN","Car","F",44,"40-49","Drivers"
"T20190012848","10/7/19",18:00:00,"Collision with vehicle","Wednesday","Dark No street lights",2,7,"Not at intersection",3,110,"B",2018,"SEDAN","KIA","Car","F",45,"40-49","Drivers"
"T20190012850","10/7/19",18:40:00,"Collision with vehicle","Wednesday","Dark Street lights on",3,3,"Not at intersection",3,100,"A",2013,"SEDAN","FIAT","Car","F",56,"50-59","Drivers"
"T20190012850","10/7/19",18:40:00,"Collision with vehicle","Wednesday","Dark Street lights on",3,3,"Not at intersection",3,100,"B",2005,"SEDAN","FORD","Car","M",43,"40-49","Drivers"
"T20190012851","10/7/19",15:55:00,"Collision with vehicle","Wednesday","Day",3,3,"Not at intersection",2,50,"A",1996,"SEDAN","MAZDA","Car","F",80,"70+","Drivers"
"T20190012851","10/7/19",15:55:00,"Collision with vehicle","Wednesday","Day",3,3,"Not at intersection",2,50,"B",2018,"WAGON","MAZDA","Station Wagon","F",30,"30-39","Drivers"
"T20190012851","10/7/19",15:55:00,"Collision with vehicle","Wednesday","Day",3,3,"Not at intersection",2,50,"C",2004,"SED","NISSAN","Car","M",20,"17-21","Drivers"
"T20190012858","3/7/19",14:50:00,"Collision with vehicle","Wednesday","Day",2,4,"T intersection",3,60,"A",1992,"S WAG","TOYOTA","Station Wagon","M",11,"5-12","Drivers"
"T20190012858","3/7/19",14:50:00,"Collision with vehicle","Wednesday","Day",2,4,"T intersection",3,60,"B",2010,"WAGON","NISSAN","Station Wagon","M",79,"70+","Drivers"
"T20190012859","10/7/19",19:40:00,"Collision with vehicle","Wednesday","Dark Street lights on",2,1,"Not at intersection",3,50,"A",2010,"S WAG","TOYOTA","Station Wagon","F",27,"26-29","Drivers"
"T20190012860","10/7/19",17:33:00,"Collision with vehicle","Wednesday","Dusk/Dawn",2,2,"Not at intersection",3,100,"A",2015,"WAGON","JEEP","Station Wagon","F",27,"26-29","Drivers"
"T20190012860","10/7/19",17:33:00,"Collision with vehicle","Wednesday","Dusk/Dawn",2,2,"Not at intersection",3,100,"B",2006,"WAGON","FORD","Station Wagon","F",49,"40-49","Drivers"
"T20190012861","10/7/19",21:00:00,"Collision with vehicle","Wednesday","Dark Street lights on",2,1,"Not at intersection",3,50,"A",2013,"COUPE","TOYOTA","Car","M",19,"17-21","Drivers"
"T20190012863","10/7/19",22:30:00,"Struck Pedestrian","Wednesday","Dark Street lights on",1,3,"Cross intersection",3,60,"A",2014,"SEDAN","TOYOTA","Car","M",23,"22-25","Drivers"
"T20190012864","10/7/19",17:40:00,"Collision with vehicle","Wednesday","Dark No street lights",2,6,"Not at intersection",3,100,"A",2007,"VAN","HOLDEN","Panel Van","M",25,"22-25","Drivers"
"T20190012864","10/7/19",17:40:00,"Collision with vehicle","Wednesday","Dark No street lights",2,6,"Not at intersection",3,100,"B",2017,"UTIL","TOYOTA","Utility","M",41,"40-49","Drivers"
"T20190012865","10/7/19",22:10:00,"Collision with vehicle","Wednesday","Dark No street lights",2,3,"Not at intersection",3,100,"A",2010,"SEDAN","FORD","Car","M",26,"26-29","Drivers"
"T20190012865","10/7/19",22:10:00,"Collision with vehicle","Wednesday","Dark No street lights",2,3,"Not at intersection",3,100,"B",2017,"SEDAN","MAZDA","Car","F",23,"22-25","Drivers"
"T20190012869","10/7/19",22:40:00,"Collision with vehicle","Wednesday","Dark Street lights off",3,4,"Cross intersection",2,70,"A",2014,"WAGON","MITSUB","Station Wagon","F",33,"30-39","Drivers"
"T20190012869","10/7/19",22:40:00,"Collision with vehicle","Wednesday","Dark Street lights off",3,4,"Cross intersection",2,70,"B",2015,"WAGON","KIA","Station Wagon","M",31,"30-39","Drivers"
"T20190012869","10/7/19",22:40:00,"Collision with vehicle","Wednesday","Dark Street lights off",3,4,"Cross intersection",2,70,"C",2002,"WAGON","JEEP","Station Wagon","M",26,"26-29","Drivers"
"T20190012870","11/7/19",00:18:00,"Vehicle overturned (no collision)","Thursday","Dark Street lights on",1,1,"Not at intersection",3,40,"A",2011,"SEDAN","NISSAN","Car","F",50,"50-59","Drivers"
"T20190012872","11/7/19",03:30:00,"Collision with vehicle","Thursday","Dark No street lights",2,4,"Not at intersection",3,110,"A",2005,"P MVR","MERC B","Prime Mover - Single Trailer","M",30,"30-39","Drivers"
"T20190012872","11/7/19",03:30:00,"Collision with vehicle","Thursday","Dark No street lights",2,4,"Not at intersection",3,110,"B",2004,"WAGON","FORD","Station Wagon","M",29,"26-29","Drivers"
"T20190012874","11/7/19",02:05:00,"Vehicle overturned (no collision)","Thursday","Dark No street lights",2,51,"Not at intersection",1,100,"A",2016,"P MVR","W STAR","Prime Mover B-Double","M",35,"30-39","Drivers"
"T20190012874","11/7/19",02:05:00,"Vehicle overturned (no collision)","Thursday","Dark No street lights",2,51,"Not at intersection",1,100,"B",2018,"BUS","SCANIA","Bus/Coach","M",60,"60-64","Drivers"
"T20190012876","10/7/19",20:30:00,"Collision with a fixed object","Wednesday","Dark No street lights",1,1,"Not at intersection",3,100,"A",2006,"WAGON","FORD","Station Wagon","M",36,"30-39","Drivers"
"T20190012877","11/7/19",07:00:00,"Collision with a fixed object","Thursday","Dusk/Dawn",1,1,"Not at intersection",3,100,"A",1994,"SEDAN","FORD","Car","M",56,"50-59","Drivers"
"T20190012879","11/7/19",08:40:00,"Collision with vehicle","Thursday","Day",2,2,"Cross intersection",3,50,"A",2006,"SEDAN","FORD","Car","M",66,"64-69","Drivers"
"T20190012879","11/7/19",08:40:00,"Collision with vehicle","Thursday","Day",2,2,"Cross intersection",3,50,"B",2003,"SEDAN","NISSAN","Car","F",25,"22-25","Drivers"
"T20190012880","11/7/19",07:00:00,"Collision with vehicle","Thursday","Dusk/Dawn",2,2,"Not at intersection",3,80,"A",1999,"TRAY","NISSAN","Light Commercial Vehicle (Rigid) <= 4.5 Tonnes GVM","M",20,"17-21","Drivers"
"T20190012880","11/7/19",07:00:00,"Collision with vehicle","Thursday","Dusk/Dawn",2,2,"Not at intersection",3,80,"B",2003,"WAGON","HONDA","Station Wagon","F",51,"50-59","Drivers"
"T20190012882","11/7/19",10:13:00,"Struck Pedestrian","Thursday","Day",1,2,"Not at intersection",3,80,"A",2011,"TRAY","MAZDA","Car","M",54,"50-59","Drivers"
"T20190012884","11/7/19",09:18:00,"Collision with vehicle","Thursday","Day",2,2,"Not at intersection",3,100,"A",2018,"UTIL","FORD","Utility","M",23,"22-25","Drivers"
"T20190012885","25/6/19",22:00:00,"Collision with vehicle","Tuesday","Dark Street lights on",2,3,"T intersection",3,60,"A",2012,"WAGON","AUDI","Station Wagon","F",60,"60-64","Drivers"
"T20190012885","25/6/19",22:00:00,"Collision with vehicle","Tuesday","Dark Street lights on",2,3,"T intersection",3,60,"B",2009,"SEDAN","HOLDEN","Car","F",51,"50-59","Drivers"
"T20190012886","11/7/19",11:35:00,"Collision with vehicle","Thursday","Day",2,2,"Cross intersection",3,60,"A",2014,"SEDAN","HYNDAI","Car","F",83,"70+","Drivers"
"T20190012886","11/7/19",11:35:00,"Collision with vehicle","Thursday","Day",2,2,"Cross intersection",3,60,"B",2011,"SEDAN","VOLKS","Car","F",65,"64-69","Drivers"
"T20190012887","11/7/19",06:00:00,"Struck animal","Thursday","Dark No street lights",1,1,"Not at intersection",2,100,"A",2012,"SEDAN","FORD","Car","M",25,"22-25","Drivers"
"T20190012888","11/7/19",08:15:00,"Collision with vehicle","Thursday","Day",2,2,"Not at intersection",3,80,"A",2005,"SEDAN","FORD","Car","M",51,"50-59","Drivers"
"T20190012888","11/7/19",08:15:00,"Collision with vehicle","Thursday","Day",2,2,"Not at intersection",3,80,"B",2016,"SEDAN","TOYOTA","Car","F",59,"50-59","Drivers"
"T20190012890","11/7/19",10:15:00,"Collision with vehicle","Thursday","Day",2,2,"Cross intersection",3,60,"B",2009,"WAGON","SUBARU","Station Wagon","F",22,"22-25","Drivers"
"T20190012891","11/7/19",10:45:00,"Collision with a fixed object","Thursday","Day",1,1,"T intersection",2,50,"A",2018,"SEDAN","HYNDAI","Car","F",78,"70+","Drivers"
"T20190012893","8/7/19",17:30:00,"Collision with vehicle","Monday","Dusk/Dawn",3,4,"Not at intersection",3,50,"A",1991,"MULTI","TOYOTA","Utility","M",74,"70+","Drivers"
"T20190012893","8/7/19",17:30:00,"Collision with vehicle","Monday","Dusk/Dawn",3,4,"Not at intersection",3,50,"B",2014,"SEDAN","REN","Car","M",81,"70+","Drivers"
"T20190012893","8/7/19",17:30:00,"Collision with vehicle","Monday","Dusk/Dawn",3,4,"Not at intersection",3,50,"C",2011,"SEDAN","HYNDAI","Car","F",28,"26-29","Drivers"
"T20190012895","11/7/19",11:00:00,"Struck animal","Thursday","Day",2,2,"Not at intersection",3,100,"A",2014,"SEDAN","FORD","Car","F",64,"60-64","Drivers"
"T20190012895","11/7/19",11:00:00,"Struck animal","Thursday","Day",2,2,"Not at intersection",3,100,"B",2018,"SEDAN","KIA","Car","M",35,"30-39","Drivers"
"T20190012896","11/7/19",13:30:00,"Collision with vehicle","Thursday","Day",3,2,"Cross intersection",2,70,"A",2017,"WAGON","MITSUB","Station Wagon","M",33,"30-39","Drivers"
"T20190012896","11/7/19",13:30:00,"Collision with vehicle","Thursday","Day",3,2,"Cross intersection",2,70,"B",2012,"SEDAN","HONDA","Car","F",91,"70+","Drivers"
"T20190012900","11/7/19",08:30:00,"Collision with vehicle","Thursday","Day",2,2,"Not at intersection",3,999,"B",2016,"SEDAN","FORD","Car","M",50,"50-59","Drivers"
"T20190012902","11/7/19",14:30:00,"Collision with vehicle","Thursday","Day",2,5,"Cross intersection",3,80,"A",2012,"SEDAN","TOYOTA","Car","M",75,"70+","Drivers"
"T20190012902","11/7/19",14:30:00,"Collision with vehicle","Thursday","Day",2,5,"Cross intersection",3,80,"B",2007,"TIPPER","FUSO","Light Commercial Vehicle (Rigid) <= 4.5 Tonnes GVM","M",32,"30-39","Drivers"
"T20190012905","11/7/19",14:30:00,"Collision with vehicle","Thursday","Day",2,3,"Cross intersection",3,100,"A",2013,"SEDAN","HOLDEN","Car","F",58,"50-59","Drivers"
"T20190012905","11/7/19",14:30:00,"Collision with vehicle","Thursday","Day",2,3,"Cross intersection",3,100,"B",2002,"WAGON","L ROV","Station Wagon","M",53,"50-59","Drivers"
"T20190012907","11/7/19",15:40:00,"Collision with vehicle","Thursday","Day",2,2,"T intersection",3,60,"A",2018,"WAGON","B M W","Station Wagon","F",68,"64-69","Drivers"
"T20190012907","11/7/19",15:40:00,"Collision with vehicle","Thursday","Day",2,2,"T intersection",3,60,"B",2008,"SEDAN","TOYOTA","Car","M",74,"70+","Drivers"
"T20190012909","11/7/19",08:20:00,"Collision with vehicle","Thursday","Day",2,3,"Not at intersection",3,100,"A",2015,"UTIL","MITSUB","Utility","M",26,"26-29","Drivers"
"T20190012909","11/7/19",08:20:00,"Collision with vehicle","Thursday","Day",2,3,"Not at intersection",3,100,"B",2002,"DC UTE","FORD","Utility","M",50,"50-59","Drivers"
"T20190012912","11/7/19",16:35:00,"Collision with vehicle","Thursday","Day",2,2,"Cross intersection",3,999,"A",2019,"DC UTE","HOLDEN","Utility","M",54,"50-59","Drivers"
"T20190012913","5/7/19",18:00:00,"Collision with vehicle","Friday","Dark Street lights on",2,2,"T intersection",3,50,"A",1990,"UTIL","TOYOTA","Utility","M",51,"50-59","Drivers"
"T20190012913","5/7/19",18:00:00,"Collision with vehicle","Friday","Dark Street lights on",2,2,"T intersection",3,50,"B",2005,"WAGON","FORD","Station Wagon","M",46,"40-49","Drivers"
"T20190012914","11/7/19",15:30:00,"Vehicle overturned (no collision)","Thursday","Day",1,2,"Not at intersection",3,100,"A",2012,"SEDAN","FORD","Car","F",18,"17-21","Drivers"
"T20190012920","11/7/19",18:00:00,"Collision with vehicle","Thursday","Dark No street lights",2,4,"Not at intersection",3,80,"A",2015,"SEDAN","FORD","Car","M",18,"17-21","Drivers"
"T20190012920","11/7/19",18:00:00,"Collision with vehicle","Thursday","Dark No street lights",2,4,"Not at intersection",3,80,"B",2012,"SEDAN","NISSAN","Car","F",84,"70+","Drivers"
"T20190012922","11/7/19",16:30:00,"Collision with vehicle","Thursday","Day",2,2,"Not at intersection",3,60,"A",2001,"SEDAN","FORD","Car","F",20,"17-21","Drivers"
"T20190012922","11/7/19",16:30:00,"Collision with vehicle","Thursday","Day",2,2,"Not at intersection",3,60,"B",2012,"SEDAN","TOYOTA","Car","M",66,"64-69","Drivers"
"T20190012923","11/7/19",15:20:00,"Collision with vehicle","Thursday","Day",2,3,"Not at intersection",3,80,"A",2018,"SEDAN","TOYOTA","Taxi","M",28,"26-29","Drivers"
"T20190012923","11/7/19",15:20:00,"Collision with vehicle","Thursday","Day",2,3,"Not at intersection",3,80,"B",2010,"SEDAN","FORD","Car","M",43,"40-49","Drivers"
"T20190012924","11/7/19",20:32:00,"Collision with vehicle","Thursday","Dark Street lights on",4,11,"Not at intersection",3,100,"A",2014,"SEDAN","TOYOTA","Car","F",28,"26-29","Drivers"
"T20190012924","11/7/19",20:32:00,"Collision with vehicle","Thursday","Dark Street lights on",4,11,"Not at intersection",3,100,"B",2018,"WAGON","NISSAN","Station Wagon","M",36,"30-39","Drivers"
"T20190012924","11/7/19",20:32:00,"Collision with vehicle","Thursday","Dark Street lights on",4,11,"Not at intersection",3,100,"C",2018,"SEDAN","KIA","Car","M",17,"16-17","Drivers"
"T20190012924","11/7/19",20:32:00,"Collision with vehicle","Thursday","Dark Street lights on",4,11,"Not at intersection",3,100,"D",2011,"SEDAN","MAZDA","Car","F",26,"26-29","Drivers"
"T20190012925","11/7/19",16:45:00,"Collision with vehicle","Thursday","Day",2,3,"Cross intersection",3,60,"A",2018,"SEDAN","HYNDAI","Car","M",21,"17-21","Drivers"
"T20190012925","11/7/19",16:45:00,"Collision with vehicle","Thursday","Day",2,3,"Cross intersection",3,60,"B",2010,"SEDAN","KIA","Car","F",26,"26-29","Drivers"
"T20190012928","11/7/19",21:15:00,"Collision with vehicle","Thursday","Dark Street lights on",2,4,"Multiple intersection",2,70,"A",2014,"WAGON","B M W","Station Wagon","M",18,"17-21","Drivers"
"T20190012928","11/7/19",21:15:00,"Collision with vehicle","Thursday","Dark Street lights on",2,4,"Multiple intersection",2,70,"B",2007,"WAGON","TOYOTA","Station Wagon","M",59,"50-59","Drivers"
"T20190012929","11/7/19",22:10:00,"Collision with a fixed object","Thursday","Dark Street lights on",1,1,"T intersection",3,50,"A",2016,"WAGON","HOLDEN","Station Wagon","M",24,"22-25","Drivers"
"T20190012931","11/7/19",21:30:00,"Collision with a fixed object","Thursday","Dark Street lights on",1,3,"T intersection",3,40,"A",2000,"SEDAN","HOLDEN","Car","F",22,"22-25","Drivers"
"T20190012934","11/7/19",20:31:00,"Collision with vehicle","Thursday","Dark Street lights on",2,2,"Cross intersection",3,60,"A",2016,"WAGON","TOYOTA","Station Wagon","F",40,"40-49","Drivers"
"T20190012934","11/7/19",20:31:00,"Collision with vehicle","Thursday","Dark Street lights on",2,2,"Cross intersection",3,60,"B",2007,"SEDAN","HOLDEN","Car","F",37,"30-39","Drivers"
"T20190012935","27/6/19",00:00:00,"Collision with vehicle","Thursday","Dark Street lights on",2,2,"Cross intersection",3,50,"A",2001,"COUPE","B M W","Car","M",46,"40-49","Drivers"
"T20190012935","27/6/19",00:00:00,"Collision with vehicle","Thursday","Dark Street lights on",2,2,"Cross intersection",3,50,"B",0,"SEDAN","UNKN","Car","U",NA,"unknown","Drivers"
"T20190012937","11/7/19",07:00:00,"Collision with vehicle","Thursday","Dusk/Dawn",2,2,"Cross intersection",2,40,"A",2015,"SEDAN","HYNDAI","Car","F",40,"40-49","Drivers"
"T20190012937","11/7/19",07:00:00,"Collision with vehicle","Thursday","Dusk/Dawn",2,2,"Cross intersection",2,40,"B",2000,"SEDAN","HOLDEN","Car","M",60,"60-64","Drivers"
"T20190012939","12/7/19",06:50:00,"collision with some other object","Friday","Dark No street lights",1,1,"Not at intersection",3,80,"A",1997,"DC UTE","MITSUB","Utility","M",20,"17-21","Drivers"
"T20190012940","12/7/19",08:30:00,"Collision with vehicle","Friday","Day",2,2,"Cross intersection",3,40,"A",2004,"SEDAN","KIA","Car","M",23,"22-25","Drivers"
"T20190012944","12/7/19",09:30:00,"Collision with vehicle","Friday","Day",2,2,"T intersection",3,80,"A",2011,"SEDAN","HYNDAI","Car","F",22,"22-25","Drivers"
"T20190012944","12/7/19",09:30:00,"Collision with vehicle","Friday","Day",2,2,"T intersection",3,80,"B",2004,"G UNIT","IVECO","Heavy Vehicle (Rigid) > 4.5 Tonnes","M",37,"30-39","Drivers"
"T20190012947","18/6/19",15:40:00,"Collision with vehicle","Tuesday","Day",2,2,"Cross intersection",3,50,"A",2003,"SEDAN","TOYOTA","Car","F",49,"40-49","Drivers"
"T20190012947","18/6/19",15:40:00,"Collision with vehicle","Tuesday","Day",2,2,"Cross intersection",3,50,"B",2002,"WAGON","HOLDEN","Station Wagon","F",27,"26-29","Drivers"
"T20190012948","12/7/19",10:50:00,"Collision with vehicle","Friday","Day",2,2,"Cross intersection",3,80,"A",2008,"SEDAN","MAZDA","Car","F",28,"26-29","Drivers"
"T20190012948","12/7/19",10:50:00,"Collision with vehicle","Friday","Day",2,2,"Cross intersection",3,80,"B",1996,"TRAY","FORD","Light Commercial Vehicle (Rigid) <= 4.5 Tonnes GVM","M",73,"70+","Drivers"
"T20190012950","19/6/19",08:25:00,"Collision with vehicle","Wednesday","Day",2,3,"Cross intersection",3,70,"A",2003,"S WAG","SUBARU","Station Wagon","F",36,"30-39","Drivers"
"T20190012950","19/6/19",08:25:00,"Collision with vehicle","Wednesday","Day",2,3,"Cross intersection",3,70,"B",2016,"S WAG","SKODA","Station Wagon","U",NA,"unknown","Drivers"
"T20190012951","12/7/19",10:55:00,"Vehicle overturned (no collision)","Friday","Day",2,2,"Not at intersection",3,60,"A",1996,"VAN","FORD","Panel Van","M",49,"40-49","Drivers"
"T20190012953","12/7/19",11:30:00,"Collision with a fixed object","Friday","Day",1,1,"Not at intersection",3,100,"A",2010,"UTIL","MAHIND","Utility","M",58,"50-59","Drivers"
"T20190012954","11/7/19",17:45:00,"Collision with vehicle","Thursday","Dark Street lights on",2,2,"Cross intersection",3,50,"A",1994,"SEDAN","FORD","Car","M",18,"17-21","Drivers"
"T20190012954","11/7/19",17:45:00,"Collision with vehicle","Thursday","Dark Street lights on",2,2,"Cross intersection",3,50,"B",2009,"SED","MERCED","Car","M",28,"26-29","Drivers"
"T20190012956","27/5/19",06:30:00,"Collision with vehicle","Monday","Dark Street lights on",2,2,"T intersection",2,50,"A",2000,"SEDAN","MAZDA","Car","F",29,"26-29","Drivers"
"T20190012958","12/7/19",13:15:00,"Collision with a fixed object","Friday","Day",1,2,"T intersection",3,60,"A",2000,"SEDAN","FORD","Car","F",17,"16-17","Drivers"
"T20190012960","12/7/19",15:20:00,"Collision with vehicle","Friday","Day",2,4,"T intersection",2,50,"A",2005,"SEDAN","MAZDA","Car","F",56,"50-59","Drivers"