"ACCIDENT_NO","ACCIDENTDATE","ACCIDENTTIME","Accident Type Desc","Day Week Description","Light Condition Desc","NO_OF_VEHICLES","NO_PERSONS","Road Geometry Desc","SEVERITY","SPEED_ZONE","VEHICLE_ID","VEHICLE_YEAR_MANUF","VEHICLE_BODY_STYLE","VEHICLE_MAKE","Vehicle Type Desc","SEX","AGE","Age Group","Road User Type Desc"
"T20190012960","12/7/19",15:20:00,"Collision with vehicle","Friday","Day",2,4,"T intersection",2,50,"B",2010,"SEDAN","MITSUB","Car","F",22,"22-25","Drivers"
"T20190012964","12/7/19",15:00:00,"Collision with vehicle","Friday","Day",2,3,"T intersection",3,60,"A",2015,"SEDAN","KIA","Car","M",23,"22-25","Drivers"
"T20190012964","12/7/19",15:00:00,"Collision with vehicle","Friday","Day",2,3,"T intersection",3,60,"B",2010,"SEDAN","HOLDEN","Car","F",47,"40-49","Drivers"
"T20190012966","11/7/19",14:40:00,"Collision with vehicle","Thursday","Day",2,2,"T intersection",3,50,"A",2008,"SED","TOYOTA","Car","M",22,"22-25","Drivers"
"T20190012967","12/7/19",12:00:00,"Collision with vehicle","Friday","Day",2,4,"Not at intersection",2,100,"A",2017,"SEDAN","HYNDAI","Car","F",21,"17-21","Drivers"
"T20190012967","12/7/19",12:00:00,"Collision with vehicle","Friday","Day",2,4,"Not at intersection",2,100,"B",2000,"WAGON","SUBARU","Station Wagon","M",39,"30-39","Drivers"
"T20190012968","12/7/19",15:00:00,"Collision with vehicle","Friday","Day",2,5,"T intersection",3,100,"A",2011,"SEDAN","VOLKS","Car","F",35,"30-39","Drivers"
"T20190012968","12/7/19",15:00:00,"Collision with vehicle","Friday","Day",2,5,"T intersection",3,100,"B",2013,"WAGON","MITSUB","Station Wagon","M",75,"70+","Drivers"
"T20190012971","12/7/19",16:40:00,"Collision with vehicle","Friday","Day",2,2,"T intersection",3,40,"A",2015,"SEDAN","TOYOTA","Car","M",65,"64-69","Drivers"
"T20190012972","12/7/19",16:45:00,"Collision with vehicle","Friday","Day",2,2,"Cross intersection",3,60,"A",2001,"WAGON","HONDA","Station Wagon","M",55,"50-59","Drivers"
"T20190012972","12/7/19",16:45:00,"Collision with vehicle","Friday","Day",2,2,"Cross intersection",3,60,"B",2012,"COUPE","HYNDAI","Car","F",49,"40-49","Drivers"
"T20190012973","12/7/19",17:05:00,"Collision with vehicle","Friday","Dusk/Dawn",2,2,"Not at intersection",3,60,"A",2010,"TRAY","FORD","Light Commercial Vehicle (Rigid) <= 4.5 Tonnes GVM","M",35,"30-39","Drivers"
"T20190012978","12/7/19",20:00:00,"Collision with vehicle","Friday","Dark No street lights",2,4,"T intersection",3,100,"A",2017,"WAGON","MERC B","Station Wagon","M",18,"17-21","Drivers"
"T20190012978","12/7/19",20:00:00,"Collision with vehicle","Friday","Dark No street lights",2,4,"T intersection",3,100,"B",1996,"SEDAN","SAAB","Car","M",31,"30-39","Drivers"
"T20190012979","12/7/19",19:21:00,"Collision with vehicle","Friday","Dark Street lights on",3,4,"Cross intersection",3,70,"A",2012,"WAGON","TOYOTA","Station Wagon","F",59,"50-59","Drivers"
"T20190012979","12/7/19",19:21:00,"Collision with vehicle","Friday","Dark Street lights on",3,4,"Cross intersection",3,70,"B",2017,"WAGON","MITSUB","Station Wagon","M",52,"50-59","Drivers"
"T20190012979","12/7/19",19:21:00,"Collision with vehicle","Friday","Dark Street lights on",3,4,"Cross intersection",3,70,"C",2009,"WAGON","HOLDEN","Station Wagon","F",53,"50-59","Drivers"
"T20190012984","12/7/19",17:18:00,"Collision with vehicle","Friday","Dusk/Dawn",2,3,"Not at intersection",3,80,"A",2012,"SEDAN","KIA","Car","F",19,"17-21","Drivers"
"T20190012984","12/7/19",17:18:00,"Collision with vehicle","Friday","Dusk/Dawn",2,3,"Not at intersection",3,80,"B",2015,"SED","NISSAN","Car","F",23,"22-25","Drivers"
"T20190012985","12/7/19",17:45:00,"Struck Pedestrian","Friday","Dark Street lights on",1,2,"T intersection",1,50,"A",2016,"DC UTE","TOYOTA","Utility","M",34,"30-39","Drivers"
"T20190012987","12/7/19",22:50:00,"Collision with a fixed object","Friday","Dark Street lights on",1,3,"Not at intersection",3,60,"A",2001,"SEDAN","B M W","Car","M",28,"26-29","Drivers"
"T20190012988","12/7/19",22:45:00,"Collision with a fixed object","Friday","Dark Street lights off",1,1,"Cross intersection",3,50,"A",2002,"SEDAN","NISSAN","Car","M",48,"40-49","Drivers"
"T20190012993","13/7/19",00:30:00,"Collision with vehicle","Saturday","Dark Street lights on",2,2,"Cross intersection",3,80,"A",2005,"SEDAN","MAZDA","Car","F",35,"30-39","Drivers"
"T20190012993","13/7/19",00:30:00,"Collision with vehicle","Saturday","Dark Street lights on",2,2,"Cross intersection",3,80,"B",1999,"SEDAN","NISSAN","Car","M",27,"26-29","Drivers"
"T20190012996","13/7/19",04:15:00,"Collision with vehicle","Saturday","Dark Street lights unknown",2,3,"Multiple intersection",3,999,"A",2008,"SEDAN","TOYOTA","Car","M",30,"30-39","Drivers"
"T20190012997","13/7/19",03:56:00,"Collision with a fixed object","Saturday","Dark No street lights",1,2,"Not at intersection",3,100,"A",2016,"WAGON","HONDA","Station Wagon","M",23,"22-25","Drivers"
"T20190012999","12/7/19",08:40:00,"Collision with vehicle","Friday","Day",2,2,"T intersection",3,60,"A",2004,"SEDAN","SUBARU","Car","F",18,"17-21","Drivers"
"T20190012999","12/7/19",08:40:00,"Collision with vehicle","Friday","Day",2,2,"T intersection",3,60,"B",2008,"SEDAN","HONDA","Car","F",21,"17-21","Drivers"
"T20190013001","10/7/19",10:58:00,"Collision with vehicle","Wednesday","Day",2,2,"Not at intersection",3,100,"A",2007,"SEDAN","HYNDAI","Car","M",85,"70+","Drivers"
"T20190013001","10/7/19",10:58:00,"Collision with vehicle","Wednesday","Day",2,2,"Not at intersection",3,100,"B",2013,"WAGON","TOYOTA","Station Wagon","F",42,"40-49","Drivers"
"T20190013002","13/7/19",07:35:00,"Collision with vehicle","Saturday","Dusk/Dawn",2,3,"Multiple intersection",2,80,"A",2012,"SEDAN","KIA","Car","F",23,"22-25","Drivers"
"T20190013002","13/7/19",07:35:00,"Collision with vehicle","Saturday","Dusk/Dawn",2,3,"Multiple intersection",2,80,"B",2019,"WAGON","B M W","Station Wagon","F",56,"50-59","Drivers"
"T20190013004","13/7/19",11:15:00,"Collision with vehicle","Saturday","Day",2,5,"T intersection",3,60,"A",2005,"SEDAN","HOLDEN","Car","F",35,"30-39","Drivers"
"T20190013004","13/7/19",11:15:00,"Collision with vehicle","Saturday","Day",2,5,"T intersection",3,60,"B",2010,"WAGON","HONDA","Station Wagon","F",38,"30-39","Drivers"
"T20190013005","13/7/19",08:57:00,"Collision with vehicle","Saturday","Day",2,2,"Cross intersection",3,70,"A",2014,"SEDAN","TOYOTA","Car","F",29,"26-29","Drivers"
"T20190013005","13/7/19",08:57:00,"Collision with vehicle","Saturday","Day",2,2,"Cross intersection",3,70,"B",2013,"SED","VOLKS","Car","M",30,"30-39","Drivers"
"T20190013008","13/7/19",11:12:00,"Collision with vehicle","Saturday","Day",2,4,"Cross intersection",3,60,"A",2001,"S WAG","DAIHAT","Station Wagon","M",71,"70+","Drivers"
"T20190013008","13/7/19",11:12:00,"Collision with vehicle","Saturday","Day",2,4,"Cross intersection",3,60,"B",2006,"SED","HYUNDA","Car","M",41,"40-49","Drivers"
"T20190013009","13/7/19",12:00:00,"Collision with vehicle","Saturday","Day",2,2,"Cross intersection",3,60,"A",2005,"UTIL","TOYOTA","Utility","M",51,"50-59","Drivers"
"T20190013009","13/7/19",12:00:00,"Collision with vehicle","Saturday","Day",2,2,"Cross intersection",3,60,"B",2010,"SEDAN","MAZDA","Car","F",58,"50-59","Drivers"
"T20190013011","13/7/19",08:30:00,"Collision with a fixed object","Saturday","Day",1,1,"Not at intersection",3,60,"A",2003,"SEDAN","TOYOTA","Car","F",22,"22-25","Drivers"
"T20190013012","13/7/19",10:35:00,"Collision with vehicle","Saturday","Day",2,2,"T intersection",3,80,"A",2005,"SEDAN","MAZDA","Car","F",66,"64-69","Drivers"
"T20190013012","13/7/19",10:35:00,"Collision with vehicle","Saturday","Day",2,2,"T intersection",3,80,"B",2002,"SEDAN","MITSUB","Car","F",70,"70+","Drivers"
"T20190013013","13/7/19",03:00:00,"Collision with vehicle","Saturday","Dark No street lights",2,3,"Not at intersection",3,100,"A",2007,"SEDAN","HONDA","Car","M",24,"22-25","Drivers"
"T20190013013","13/7/19",03:00:00,"Collision with vehicle","Saturday","Dark No street lights",2,3,"Not at intersection",3,100,"B",2017,"SEDAN","MAZDA","Car","M",37,"30-39","Drivers"
"T20190013021","13/7/19",12:20:00,"Collision with vehicle","Saturday","Day",2,4,"Not at intersection",3,40,"A",2013,"BUS","VOLVO","Bus/Coach","M",48,"40-49","Drivers"
"T20190013021","13/7/19",12:20:00,"Collision with vehicle","Saturday","Day",2,4,"Not at intersection",3,40,"B",2015,"DC UTE","MITSUB","Utility","M",42,"40-49","Drivers"
"T20190013022","12/7/19",17:10:00,"Collision with vehicle","Friday","Dusk/Dawn",2,2,"Cross intersection",3,60,"A",1998,"SED","TOYOTA","Car","F",26,"26-29","Drivers"
"T20190013022","12/7/19",17:10:00,"Collision with vehicle","Friday","Dusk/Dawn",2,2,"Cross intersection",3,60,"B",2018,"WAGON","HOLDEN","Station Wagon","M",30,"30-39","Drivers"
"T20190013023","13/7/19",13:47:00,"Struck Pedestrian","Saturday","Day",1,2,"T intersection",3,40,"A",2008,"WAGON","TOYOTA","Station Wagon","M",55,"50-59","Drivers"
"T20190013025","13/7/19",15:00:00,"Collision with a fixed object","Saturday","Day",1,2,"T intersection",2,50,"A",1995,"SEDAN","MAZDA","Car","M",79,"70+","Drivers"
"T20190013028","13/7/19",15:00:00,"Collision with a fixed object","Saturday","Day",1,2,"Not at intersection",3,110,"A",2007,"SEDAN","HOLDEN","Car","M",32,"30-39","Drivers"
"T20190013030","13/7/19",13:33:00,"Collision with vehicle","Saturday","Day",6,8,"Not at intersection",3,100,"A",2009,"WAGON","MAZDA","Station Wagon","F",65,"64-69","Drivers"
"T20190013030","13/7/19",13:33:00,"Collision with vehicle","Saturday","Day",6,8,"Not at intersection",3,100,"B",1999,"COUPE","TOYOTA","Car","M",19,"17-21","Drivers"
"T20190013030","13/7/19",13:33:00,"Collision with vehicle","Saturday","Day",6,8,"Not at intersection",3,100,"C",2018,"SEDAN","TOYOTA","Car","M",36,"30-39","Drivers"
"T20190013030","13/7/19",13:33:00,"Collision with vehicle","Saturday","Day",6,8,"Not at intersection",3,100,"D",2007,"SEDAN","TOYOTA","Car","F",21,"17-21","Drivers"
"T20190013030","13/7/19",13:33:00,"Collision with vehicle","Saturday","Day",6,8,"Not at intersection",3,100,"E",2015,"SEDAN","MAZDA","Car","M",24,"22-25","Drivers"
"T20190013030","13/7/19",13:33:00,"Collision with vehicle","Saturday","Day",6,8,"Not at intersection",3,100,"F",2000,"COUPE","MAZDA","Car","M",31,"30-39","Drivers"
"T20190013032","13/7/19",14:45:00,"Collision with vehicle","Saturday","Day",5,5,"Not at intersection",3,100,"A",2016,"SEDAN","HONDA","Car","F",23,"22-25","Drivers"
"T20190013032","13/7/19",14:45:00,"Collision with vehicle","Saturday","Day",5,5,"Not at intersection",3,100,"B",2013,"SEDAN","FORD","Car","M",34,"30-39","Drivers"
"T20190013032","13/7/19",14:45:00,"Collision with vehicle","Saturday","Day",5,5,"Not at intersection",3,100,"C",2011,"WAGON","MAZDA","Station Wagon","M",47,"40-49","Drivers"
"T20190013032","13/7/19",14:45:00,"Collision with vehicle","Saturday","Day",5,5,"Not at intersection",3,100,"D",2007,"SEDAN","MAZDA","Car","F",35,"30-39","Drivers"
"T20190013032","13/7/19",14:45:00,"Collision with vehicle","Saturday","Day",5,5,"Not at intersection",3,100,"E",2013,"WAGON","MAZDA","Station Wagon","F",19,"17-21","Drivers"
"T20190013033","13/7/19",15:46:00,"Collision with a fixed object","Saturday","Day",1,1,"Not at intersection",3,80,"A",2012,"SEDAN","HONDA","Car","M",29,"26-29","Drivers"
"T20190013039","22/6/19",18:20:00,"No collision and no object struck","Saturday","Dark Street lights unknown",1,2,"Cross intersection",3,60,"A",2016,"WAGON","MAZDA","Station Wagon","M",67,"64-69","Drivers"
"T20190013044","13/7/19",16:28:00,"Collision with vehicle","Saturday","Day",3,4,"Cross intersection",3,80,"A",2006,"SEDAN","HOLDEN","Car","M",29,"26-29","Drivers"
"T20190013044","13/7/19",16:28:00,"Collision with vehicle","Saturday","Day",3,4,"Cross intersection",3,80,"B",2006,"SEDAN","FORD","Car","M",25,"22-25","Drivers"
"T20190013044","13/7/19",16:28:00,"Collision with vehicle","Saturday","Day",3,4,"Cross intersection",3,80,"C",2005,"UTIL","FORD","Utility","M",22,"22-25","Drivers"
"T20190013046","13/7/19",18:00:00,"Collision with vehicle","Saturday","Dark Street lights on",2,3,"Cross intersection",3,60,"A",2002,"SEDAN","TOYOTA","Car","M",31,"30-39","Drivers"
"T20190013046","13/7/19",18:00:00,"Collision with vehicle","Saturday","Dark Street lights on",2,3,"Cross intersection",3,60,"B",2005,"TOURER","MERC B","Car","F",53,"50-59","Drivers"
"T20190013048","9/7/19",19:30:00,"Collision with vehicle","Tuesday","Day",2,2,"Cross intersection",3,80,"A",2002,"SEDAN","VOLKS","Car","M",36,"30-39","Drivers"
"T20190013048","9/7/19",19:30:00,"Collision with vehicle","Tuesday","Day",2,2,"Cross intersection",3,80,"B",2014,"UTIL","MITSUB","Utility","M",25,"22-25","Drivers"
"T20190013051","20/6/19",16:30:00,"Collision with vehicle","Thursday","Day",2,3,"T intersection",3,50,"A",2014,"SEDAN","TOYOTA","Car","M",27,"26-29","Drivers"
"T20190013051","20/6/19",16:30:00,"Collision with vehicle","Thursday","Day",2,3,"T intersection",3,50,"B",2002,"SEDAN","MAZDA","Car","M",20,"17-21","Drivers"
"T20190013055","13/7/19",17:45:00,"Collision with vehicle","Saturday","Dusk/Dawn",4,1,"T intersection",3,40,"A",2013,"UTIL","HOLDEN","Utility","M",27,"26-29","Drivers"
"T20190013060","13/7/19",20:48:00,"Struck Pedestrian","Saturday","Dark Street lights on",1,3,"Not at intersection",3,80,"A",2014,"SEDAN","HOLDEN","Taxi","M",28,"26-29","Drivers"
"T20190013061","13/7/19",21:30:00,"Collision with vehicle","Saturday","Dark Street lights on",2,3,"Cross intersection",3,60,"A",2013,"SEDAN","SUZUKI","Car","F",19,"17-21","Drivers"
"T20190013061","13/7/19",21:30:00,"Collision with vehicle","Saturday","Dark Street lights on",2,3,"Cross intersection",3,60,"B",2014,"SEDAN","TOYOTA","Car","M",35,"30-39","Drivers"
"T20190013062","13/7/19",22:02:00,"Collision with a fixed object","Saturday","Dark Street lights on",1,1,"Not at intersection",3,60,"A",0,"SEDAN","MITSUB","Car","M",24,"22-25","Drivers"
"T20190013065","13/7/19",22:30:00,"Collision with a fixed object","Saturday","Dark No street lights",1,1,"T intersection",3,50,"A",2004,"SEDAN","NISSAN","Car","F",22,"22-25","Drivers"
"T20190013067","13/7/19",19:30:00,"Collision with vehicle","Saturday","Unknown",3,4,"Cross intersection",2,999,"A",2014,"SEDAN","MERC B","Car","M",37,"30-39","Drivers"
"T20190013067","13/7/19",19:30:00,"Collision with vehicle","Saturday","Unknown",3,4,"Cross intersection",2,999,"B",2017,"SEDAN","SUBARU","Car","F",34,"30-39","Drivers"
"T20190013067","13/7/19",19:30:00,"Collision with vehicle","Saturday","Unknown",3,4,"Cross intersection",2,999,"C",2017,"UTIL","MITSUB","Utility","M",41,"40-49","Drivers"
"T20190013069","9/7/19",01:00:00,"collision with some other object","Tuesday","Dark No street lights",1,1,"Not at intersection",3,100,"A",2014,"SEDAN","MAZDA","Car","M",57,"50-59","Drivers"
"T20190013071","13/7/19",09:55:00,"Struck Pedestrian","Saturday","Day",1,2,"Cross intersection",3,60,"A",1995,"SEDAN","FORD","Car","M",51,"50-59","Drivers"
"T20190013072","12/7/19",12:15:00,"Vehicle overturned (no collision)","Friday","Day",1,1,"Not at intersection",3,100,"A",1998,"WAGON","MITSUB","Station Wagon","M",19,"17-21","Drivers"
"T20190013073","29/5/19",19:00:00,"Collision with a fixed object","Wednesday","Dark Street lights on",1,1,"T intersection",3,50,"A",2005,"S WAG","HOLDEN","Station Wagon","F",27,"26-29","Drivers"
"T20190013074","14/7/19",09:38:00,"Collision with vehicle","Sunday","Day",2,3,"T intersection",2,50,"A",2007,"SEDAN","HOLDEN","Car","F",34,"30-39","Drivers"
"T20190013077","12/7/19",18:15:00,"Collision with vehicle","Friday","Dark Street lights on",3,6,"Not at intersection",3,50,"A",1998,"SEDAN","HOLDEN","Car","M",50,"50-59","Drivers"
"T20190013077","12/7/19",18:15:00,"Collision with vehicle","Friday","Dark Street lights on",3,6,"Not at intersection",3,50,"B",1999,"CARVN","MERC B","Panel Van","M",76,"70+","Drivers"
"T20190013077","12/7/19",18:15:00,"Collision with vehicle","Friday","Dark Street lights on",3,6,"Not at intersection",3,50,"C",2008,"WAGON","HONDA","Station Wagon","M",35,"30-39","Drivers"
"T20190013078","14/7/19",11:18:00,"Collision with a fixed object","Sunday","Day",1,1,"Not at intersection",3,999,"A",2011,"SEDAN","HOLDEN","Car","M",21,"17-21","Drivers"
"T20190013079","9/7/19",11:40:00,"Collision with vehicle","Tuesday","Day",2,2,"T intersection",3,40,"A",1998,"WAGON","MITSUB","Station Wagon","M",43,"40-49","Drivers"
"T20190013079","9/7/19",11:40:00,"Collision with vehicle","Tuesday","Day",2,2,"T intersection",3,40,"B",2013,"SEDAN","TOYOTA","Car","M",37,"30-39","Drivers"
"T20190013085","14/7/19",13:43:00,"Struck Pedestrian","Sunday","Day",1,2,"Not at intersection",3,40,"A",2011,"VAN","TOYOTA","Panel Van","F",34,"30-39","Drivers"
"T20190013086","14/7/19",13:18:00,"Collision with vehicle","Sunday","Day",2,2,"Cross intersection",3,80,"A",2004,"SEDAN","KIA","Car","F",61,"60-64","Drivers"
"T20190013086","14/7/19",13:18:00,"Collision with vehicle","Sunday","Day",2,2,"Cross intersection",3,80,"B",2019,"WAGON","FORD","Station Wagon","F",55,"50-59","Drivers"
"T20190013089","14/7/19",15:55:00,"Collision with vehicle","Sunday","Day",2,2,"Not at intersection",3,100,"A",1998,"COUPE","MITSUB","Car","M",61,"60-64","Drivers"
"T20190013089","14/7/19",15:55:00,"Collision with vehicle","Sunday","Day",2,2,"Not at intersection",3,100,"B",1992,"WAGON","FORD","Station Wagon","M",22,"22-25","Drivers"
"T20190013090","13/7/19",12:04:00,"Collision with a fixed object","Saturday","Day",1,1,"Not at intersection",3,100,"A",1994,"WAGON","TOYOTA","Station Wagon","F",60,"60-64","Drivers"
"T20190013092","14/7/19",15:49:00,"Collision with a fixed object","Sunday","Day",2,1,"Not at intersection",2,50,"A",2004,"SEDAN","MITSUB","Car","F",85,"70+","Drivers"
"T20190013096","14/7/19",17:40:00,"Struck Pedestrian","Sunday","Dark Street lights on",1,2,"Not at intersection",3,40,"A",2009,"SEDAN","TOYOTA","Car","M",62,"60-64","Drivers"
"T20190013097","14/7/19",13:35:00,"Collision with a fixed object","Sunday","Day",1,2,"Not at intersection",3,90,"A",2014,"SEDAN","HONDA","Car","F",24,"22-25","Drivers"
"T20190013101","14/7/19",16:30:00,"Collision with vehicle","Sunday","Day",4,4,"Cross intersection",2,80,"A",2004,"SEDAN","SUBARU","Car","M",23,"22-25","Drivers"
"T20190013101","14/7/19",16:30:00,"Collision with vehicle","Sunday","Day",4,4,"Cross intersection",2,80,"B",2016,"SEDAN","MAZDA","Car","M",49,"40-49","Drivers"
"T20190013101","14/7/19",16:30:00,"Collision with vehicle","Sunday","Day",4,4,"Cross intersection",2,80,"C",2008,"SEDAN","TOYOTA","Car","M",44,"40-49","Drivers"
"T20190013101","14/7/19",16:30:00,"Collision with vehicle","Sunday","Day",4,4,"Cross intersection",2,80,"D",2007,"TANKER","VOLVO","Heavy Vehicle (Rigid) > 4.5 Tonnes","M",58,"50-59","Drivers"
"T20190013103","9/7/19",17:15:00,"Collision with vehicle","Tuesday","Dark Street lights on",2,2,"T intersection",3,60,"A",2018,"SEDAN","MERC B","Car","F",33,"30-39","Drivers"
"T20190013103","9/7/19",17:15:00,"Collision with vehicle","Tuesday","Dark Street lights on",2,2,"T intersection",3,60,"B",2009,"UTIL","TOYOTA","Utility","M",29,"26-29","Drivers"
"T20190013105","14/7/19",19:07:00,"Struck Pedestrian","Sunday","Dark Street lights on",1,2,"T intersection",3,80,"A",2007,"SEDAN","TOYOTA","Car","M",48,"40-49","Drivers"
"T20190013106","11/7/19",08:45:00,"Collision with vehicle","Thursday","Day",2,2,"Cross intersection",3,50,"A",2006,"SEDAN","TOYOTA","Car","M",55,"50-59","Drivers"
"T20190013107","14/7/19",14:30:00,"Struck Pedestrian","Sunday","Day",1,3,"Not at intersection",3,60,"A",2015,"SEDAN","MERC B","Car","M",47,"40-49","Drivers"
"T20190013108","14/7/19",16:30:00,"Collision with vehicle","Sunday","Day",2,3,"Not at intersection",3,80,"A",1999,"S WAG","FORD","Station Wagon","M",20,"17-21","Drivers"
"T20190013108","14/7/19",16:30:00,"Collision with vehicle","Sunday","Day",2,3,"Not at intersection",3,80,"B",2010,"SEDAN","FORD","Car","F",31,"30-39","Drivers"
"T20190013109","14/7/19",19:43:00,"Collision with vehicle","Sunday","Dark Street lights on",2,4,"Not at intersection",2,60,"A",2014,"WAGON","JEEP","Station Wagon","F",31,"30-39","Drivers"
"T20190013109","14/7/19",19:43:00,"Collision with vehicle","Sunday","Dark Street lights on",2,4,"Not at intersection",2,60,"B",2004,"SEDAN","TOYOTA","Car","F",50,"50-59","Drivers"
"T20190013110","14/7/19",20:40:00,"Collision with a fixed object","Sunday","Dark No street lights",1,1,"Cross intersection",3,60,"A",2005,"UTIL","HOLDEN","Utility","M",67,"64-69","Drivers"
"T20190013111","14/7/19",01:45:00,"Vehicle overturned (no collision)","Sunday","Dark No street lights",1,2,"Not at intersection",3,100,"A",2000,"DC UTE","TOYOTA","Utility","M",29,"26-29","Drivers"
"T20190013112","14/7/19",19:55:00,"Collision with vehicle","Sunday","Dark Street lights on",2,2,"T intersection",3,60,"A",2015,"WAGON","B M W","Station Wagon","F",28,"26-29","Drivers"
"T20190013112","14/7/19",19:55:00,"Collision with vehicle","Sunday","Dark Street lights on",2,2,"T intersection",3,60,"B",2017,"SEDAN","HOLDEN","Car","F",33,"30-39","Drivers"
"T20190013113","14/7/19",14:25:00,"Collision with vehicle","Sunday","Day",2,5,"T intersection",3,80,"A",2010,"SEDAN","HYNDAI","Car","M",64,"60-64","Drivers"
"T20190013113","14/7/19",14:25:00,"Collision with vehicle","Sunday","Day",2,5,"T intersection",3,80,"B",2008,"S WAG","HOLDEN","Station Wagon","M",20,"17-21","Drivers"
"T20190013114","14/7/19",14:20:00,"Struck Pedestrian","Sunday","Day",2,3,"Not at intersection",3,50,"A",2012,"SEDAN","VOLKS","Car","U",NA,"unknown","Drivers"
"T20190013114","14/7/19",14:20:00,"Struck Pedestrian","Sunday","Day",2,3,"Not at intersection",3,50,"B",1991,"SEDAN","MAZDA","Car","U",NA,"unknown","Drivers"
"T20190013116","10/7/19",19:18:00,"Collision with a fixed object","Wednesday","Dark Street lights on",1,2,"Not at intersection",3,50,"A",2010,"SEDAN","HOLDEN","Car","M",27,"26-29","Drivers"
"T20190013118","14/7/19",22:09:00,"Collision with a fixed object","Sunday","Dark Street lights on",1,1,"Not at intersection",2,70,"A",1997,"SEDAN","SUBARU","Car","M",36,"30-39","Drivers"
"T20190013119","1/7/19",20:05:00,"Collision with vehicle","Monday","Dark Street lights on",2,2,"T intersection",3,80,"A",2001,"S WAG","NISSAN","Station Wagon","M",46,"40-49","Drivers"
"T20190013119","1/7/19",20:05:00,"Collision with vehicle","Monday","Dark Street lights on",2,2,"T intersection",3,80,"B",2001,"WAGON","MITSUB","Station Wagon","M",54,"50-59","Drivers"
"T20190013120","14/7/19",23:42:00,"Collision with a fixed object","Sunday","Dark No street lights",1,1,"Not at intersection",3,100,"A",2002,"SED","HOLDEN","Car","F",21,"17-21","Drivers"
"T20190013121","15/7/19",00:58:00,"Collision with vehicle","Monday","Dark No street lights",2,3,"Not at intersection",3,80,"A",1998,"SEDAN","HYNDAI","Car","M",24,"22-25","Drivers"
"T20190013121","15/7/19",00:58:00,"Collision with vehicle","Monday","Dark No street lights",2,3,"Not at intersection",3,80,"B",2001,"SEDAN","HOLDEN","Car","U",NA,"unknown","Drivers"
"T20190013122","14/7/19",18:50:00,"Collision with vehicle","Sunday","Dark Street lights on",2,2,"T intersection",3,80,"A",2016,"SEDAN","MERC B","Car","F",48,"40-49","Drivers"
"T20190013122","14/7/19",18:50:00,"Collision with vehicle","Sunday","Dark Street lights on",2,2,"T intersection",3,80,"B",1996,"SEDAN","HYNDAI","Car","M",58,"50-59","Drivers"
"T20190013126","26/6/19",18:10:00,"Collision with vehicle","Wednesday","Dark Street lights on",2,3,"Not at intersection",3,60,"A",2013,"SEDAN","MERC B","Car","F",46,"40-49","Drivers"
"T20190013126","26/6/19",18:10:00,"Collision with vehicle","Wednesday","Dark Street lights on",2,3,"Not at intersection",3,60,"B",2004,"SEDAN","TOYOTA","Car","F",38,"30-39","Drivers"
"T20190013128","15/7/19",07:05:00,"Collision with vehicle","Monday","Dark No street lights",3,3,"T intersection",3,100,"A",2014,"UTIL","FORD","Utility","M",65,"64-69","Drivers"
"T20190013128","15/7/19",07:05:00,"Collision with vehicle","Monday","Dark No street lights",3,3,"T intersection",3,100,"B",2018,"SKIP C","HINO","Other Vehicle","M",48,"40-49","Drivers"
"T20190013128","15/7/19",07:05:00,"Collision with vehicle","Monday","Dark No street lights",3,3,"T intersection",3,100,"C",2010,"SEDAN","HOLDEN","Car","M",51,"50-59","Drivers"
"T20190013130","15/7/19",07:15:00,"Collision with vehicle","Monday","Dusk/Dawn",2,2,"Not at intersection",3,100,"A",2019,"P MVR","SCANIA","Prime Mover - Single Trailer","M",45,"40-49","Drivers"
"T20190013130","15/7/19",07:15:00,"Collision with vehicle","Monday","Dusk/Dawn",2,2,"Not at intersection",3,100,"B",2000,"SEDAN","TOYOTA","Car","F",32,"30-39","Drivers"
"T20190013132","15/7/19",09:15:00,"Collision with vehicle","Monday","Day",2,2,"T intersection",3,60,"A",2008,"SEDAN","LEXUS","Car","F",41,"40-49","Drivers"
"T20190013132","15/7/19",09:15:00,"Collision with vehicle","Monday","Day",2,2,"T intersection",3,60,"B",2009,"SEDAN","VOLVO","Car","F",56,"50-59","Drivers"
"T20190013133","15/7/19",07:20:00,"Collision with vehicle","Monday","Dusk/Dawn",2,2,"Cross intersection",3,60,"A",2018,"TRAY","MAZDA","Light Commercial Vehicle (Rigid) <= 4.5 Tonnes GVM","M",18,"17-21","Drivers"
"T20190013133","15/7/19",07:20:00,"Collision with vehicle","Monday","Dusk/Dawn",2,2,"Cross intersection",3,60,"B",2019,"WAGON","PEUG","Station Wagon","M",57,"50-59","Drivers"
"T20190013134","15/7/19",10:00:00,"Collision with vehicle","Monday","Day",2,3,"Cross intersection",3,60,"A",2009,"S WAG","MAZDA","Station Wagon","F",34,"30-39","Drivers"
"T20190013134","15/7/19",10:00:00,"Collision with vehicle","Monday","Day",2,3,"Cross intersection",3,60,"B",2005,"SEDAN","HOLDEN","Car","M",81,"70+","Drivers"
"T20190013137","15/7/19",07:09:00,"Collision with vehicle","Monday","Dusk/Dawn",3,7,"Not at intersection",3,60,"A",2005,"SEDAN","TOYOTA","Car","F",69,"64-69","Drivers"