"ACCIDENT_NO","ACCIDENTDATE","ACCIDENTTIME","Accident Type Desc","Day Week Description","Light Condition Desc","NO_OF_VEHICLES","NO_PERSONS","Road Geometry Desc","SEVERITY","SPEED_ZONE","VEHICLE_ID","VEHICLE_YEAR_MANUF","VEHICLE_BODY_STYLE","VEHICLE_MAKE","Vehicle Type Desc","SEX","AGE","Age Group","Road User Type Desc"
"T20190013137","15/7/19",07:09:00,"Collision with vehicle","Monday","Dusk/Dawn",3,7,"Not at intersection",3,60,"B",2017,"S WAG","HOLDEN","Station Wagon","M",45,"40-49","Drivers"
"T20190013139","15/7/19",08:12:00,"Collision with vehicle","Monday","Day",2,5,"Cross intersection",3,50,"A",2008,"SEDAN","TOYOTA","Car","F",39,"30-39","Drivers"
"T20190013139","15/7/19",08:12:00,"Collision with vehicle","Monday","Day",2,5,"Cross intersection",3,50,"B",1991,"SED","SUBARU","Car","M",25,"22-25","Drivers"
"T20190013140","14/7/19",12:45:00,"Collision with a fixed object","Sunday","Day",1,1,"Not at intersection",3,100,"A",2005,"COUPE","HOLDEN","Car","F",28,"26-29","Drivers"
"T20190013142","15/7/19",05:39:00,"Collision with vehicle","Monday","Dark Street lights on",2,2,"T intersection",3,70,"B",0,"UTIL","UNKN","Utility","U",NA,"unknown","Drivers"
"T20190013147","15/7/19",12:00:00,"Collision with vehicle","Monday","Day",2,2,"Not at intersection",3,999,"A",2016,"SEDAN","HOLDEN","Car","F",74,"70+","Drivers"
"T20190013147","15/7/19",12:00:00,"Collision with vehicle","Monday","Day",2,2,"Not at intersection",3,999,"B",2001,"SEDAN","NISSAN","Car","F",61,"60-64","Drivers"
"T20190013148","15/7/19",11:45:00,"Collision with vehicle","Monday","Day",2,1,"Not at intersection",3,60,"A",1999,"SEDAN","FORD","Car","M",78,"70+","Drivers"
"T20190013149","15/7/19",09:27:00,"Collision with vehicle","Monday","Day",2,2,"T intersection",3,60,"A",2005,"UTIL","TOYOTA","Utility","M",38,"30-39","Drivers"
"T20190013149","15/7/19",09:27:00,"Collision with vehicle","Monday","Day",2,2,"T intersection",3,60,"B",1986,"SEDAN","TOYOTA","Car","F",76,"70+","Drivers"
"T20190013151","15/7/19",10:00:00,"Collision with vehicle","Monday","Day",2,2,"T intersection",3,60,"A",2012,"VAN","REN","Panel Van","M",19,"17-21","Drivers"
"T20190013152","15/7/19",13:40:00,"Collision with a fixed object","Monday","Day",1,1,"Not at intersection",3,100,"A",2004,"SEDAN","HOLDEN","Car","F",27,"26-29","Drivers"
"T20190013153","15/7/19",12:05:00,"Collision with vehicle","Monday","Day",2,2,"Not at intersection",3,80,"A",2018,"WAGON","MAZDA","Car","M",47,"40-49","Drivers"
"T20190013153","15/7/19",12:05:00,"Collision with vehicle","Monday","Day",2,2,"Not at intersection",3,80,"B",0,"TIPPER","UNKN","Heavy Vehicle (Rigid) > 4.5 Tonnes","U",NA,"unknown","Drivers"
"T20190013155","15/7/19",13:39:00,"Collision with vehicle","Monday","Day",3,5,"Not at intersection",3,70,"A",2004,"TRAY","FORD","Light Commercial Vehicle (Rigid) <= 4.5 Tonnes GVM","M",51,"50-59","Drivers"
"T20190013155","15/7/19",13:39:00,"Collision with vehicle","Monday","Day",3,5,"Not at intersection",3,70,"B",2000,"SEDAN","HOLDEN","Car","F",21,"17-21","Drivers"
"T20190013155","15/7/19",13:39:00,"Collision with vehicle","Monday","Day",3,5,"Not at intersection",3,70,"C",2016,"WAGON","REN","Station Wagon","M",35,"30-39","Drivers"
"T20190013157","11/7/19",10:20:00,"Struck Pedestrian","Thursday","Day",1,2,"Not at intersection",3,999,"A",2003,"SEDAN","MITSUB","Car","F",22,"22-25","Drivers"
"T20190013159","14/7/19",08:30:00,"Collision with vehicle","Sunday","Day",2,2,"Not at intersection",3,50,"A",2017,"SEDAN","HYNDAI","Car","F",47,"40-49","Drivers"
"T20190013159","14/7/19",08:30:00,"Collision with vehicle","Sunday","Day",2,2,"Not at intersection",3,50,"B",2008,"SEDAN","TOYOTA","Car","M",35,"30-39","Drivers"
"T20190013160","15/7/19",12:45:00,"Vehicle overturned (no collision)","Monday","Day",1,1,"Not at intersection",3,80,"A",0,"SP VEH","KENWOR","Other Vehicle","M",44,"40-49","Drivers"
"T20190013161","15/7/19",15:45:00,"Collision with vehicle","Monday","Day",2,6,"Not at intersection",3,100,"A",2013,"SEDAN","HOLDEN","Car","F",58,"50-59","Drivers"
"T20190013161","15/7/19",15:45:00,"Collision with vehicle","Monday","Day",2,6,"Not at intersection",3,100,"B",2012,"WAGON","MAZDA","Station Wagon","F",45,"40-49","Drivers"
"T20190013162","15/7/19",15:38:00,"Collision with vehicle","Monday","Day",2,5,"T intersection",3,60,"A",2018,"WAGON","MAZDA","Station Wagon","M",53,"50-59","Drivers"
"T20190013162","15/7/19",15:38:00,"Collision with vehicle","Monday","Day",2,5,"T intersection",3,60,"B",1998,"SED","TOYOTA","Car","F",39,"30-39","Drivers"
"T20190013163","15/7/19",11:30:00,"Struck Pedestrian","Monday","Day",1,2,"Not at intersection",3,40,"A",2012,"SEDAN","MAZDA","Car","F",68,"64-69","Drivers"
"T20190013165","14/7/19",19:00:00,"Collision with a fixed object","Sunday","Dark No street lights",1,1,"Not at intersection",3,100,"A",2012,"DC UTE","ISUZU","Utility","M",64,"60-64","Drivers"
"T20190013168","12/7/19",16:20:00,"Collision with vehicle","Friday","Day",2,2,"Not at intersection",3,80,"A",2009,"WAGON","TOYOTA","Station Wagon","M",68,"64-69","Drivers"
"T20190013168","12/7/19",16:20:00,"Collision with vehicle","Friday","Day",2,2,"Not at intersection",3,80,"B",2014,"UTIL","HOLDEN","Utility","M",46,"40-49","Drivers"
"T20190013170","15/7/19",18:20:00,"Collision with vehicle","Monday","Dark Street lights on",2,2,"T intersection",3,60,"A",2008,"WAGON","B M W","Station Wagon","M",44,"40-49","Drivers"
"T20190013170","15/7/19",18:20:00,"Collision with vehicle","Monday","Dark Street lights on",2,2,"T intersection",3,60,"B",2014,"SEDAN","HOLDEN","Car","F",35,"30-39","Drivers"
"T20190013171","15/7/19",17:11:00,"Collision with vehicle","Monday","Day",2,2,"Cross intersection",3,60,"A",2011,"WAGON","HYNDAI","Station Wagon","F",38,"30-39","Drivers"
"T20190013171","15/7/19",17:11:00,"Collision with vehicle","Monday","Day",2,2,"Cross intersection",3,60,"B",2000,"SED","NISSAN","Car","M",24,"22-25","Drivers"
"T20190013174","15/7/19",15:30:00,"Collision with vehicle","Monday","Day",2,2,"Not at intersection",3,60,"A",2001,"SEDAN","TOYOTA","Car","F",77,"70+","Drivers"
"T20190013174","15/7/19",15:30:00,"Collision with vehicle","Monday","Day",2,2,"Not at intersection",3,60,"B",2017,"P MVR","ISUZU","Prime Mover Only","M",22,"22-25","Drivers"
"T20190013176","15/7/19",18:00:00,"Collision with vehicle","Monday","Unknown",2,2,"Cross intersection",3,60,"A",2016,"SEDAN","MAZDA","Car","F",22,"22-25","Drivers"
"T20190013176","15/7/19",18:00:00,"Collision with vehicle","Monday","Unknown",2,2,"Cross intersection",3,60,"B",2008,"SEDAN","HONDA","Car","M",24,"22-25","Drivers"
"T20190013178","15/7/19",17:50:00,"Collision with vehicle","Monday","Dark Street lights on",2,2,"T intersection",3,80,"A",2016,"WAGON","REN","Station Wagon","F",25,"22-25","Drivers"
"T20190013178","15/7/19",17:50:00,"Collision with vehicle","Monday","Dark Street lights on",2,2,"T intersection",3,80,"B",1990,"DC UTE","TOYOTA","Utility","M",18,"17-21","Drivers"
"T20190013179","15/7/19",17:50:00,"Struck Pedestrian","Monday","Dark Street lights on",1,2,"Not at intersection",3,80,"A",2004,"WAGON","NISSAN","Station Wagon","M",22,"22-25","Drivers"
"T20190013182","6/7/19",14:30:00,"Collision with vehicle","Saturday","Day",2,3,"Not at intersection",3,50,"A",2008,"SEDAN","HONDA","Car","M",37,"30-39","Drivers"
"T20190013182","6/7/19",14:30:00,"Collision with vehicle","Saturday","Day",2,3,"Not at intersection",3,50,"B",1996,"WAGON","HYNDAI","Car","F",56,"50-59","Drivers"
"T20190013183","15/7/19",19:00:00,"Collision with a fixed object","Monday","Dark Street lights on",1,1,"Not at intersection",3,100,"A",2014,"SEDAN","HOLDEN","Car","M",18,"17-21","Drivers"
"T20190013184","15/7/19",17:50:00,"Collision with vehicle","Monday","Dark Street lights on",2,2,"T intersection",3,60,"A",2007,"SEDAN","TOYOTA","Car","F",31,"30-39","Drivers"
"T20190013185","15/7/19",19:50:00,"Collision with vehicle","Monday","Dark Street lights on",2,1,"T intersection",3,50,"A",2005,"SEDAN","MAZDA","Car","M",20,"17-21","Drivers"
"T20190013186","15/7/19",20:49:00,"Struck Pedestrian","Monday","Dark No street lights",1,2,"T intersection",2,60,"A",2016,"WAGON","R ROV","Station Wagon","F",43,"40-49","Drivers"
"T20190013188","15/7/19",18:42:00,"Collision with vehicle","Monday","Dark Street lights on",2,2,"T intersection",3,60,"A",2001,"SEDAN","HOLDEN","Car","F",24,"22-25","Drivers"
"T20190013188","15/7/19",18:42:00,"Collision with vehicle","Monday","Dark Street lights on",2,2,"T intersection",3,60,"B",1998,"SED","HOLDEN","Car","M",23,"22-25","Drivers"
"T20190013189","15/7/19",22:00:00,"Collision with vehicle","Monday","Dark Street lights on",3,7,"Cross intersection",3,60,"A",2009,"SEDAN","MITSUB","Car","M",25,"22-25","Drivers"
"T20190013189","15/7/19",22:00:00,"Collision with vehicle","Monday","Dark Street lights on",3,7,"Cross intersection",3,60,"B",2014,"WAGON","REN","Station Wagon","M",26,"26-29","Drivers"
"T20190013189","15/7/19",22:00:00,"Collision with vehicle","Monday","Dark Street lights on",3,7,"Cross intersection",3,60,"C",2006,"SEDAN","TOYOTA","Car","F",28,"26-29","Drivers"
"T20190013190","15/7/19",19:30:00,"Collision with vehicle","Monday","Dark Street lights on",2,4,"Cross intersection",2,60,"A",2016,"S WAG","HOLDEN","Station Wagon","M",48,"40-49","Drivers"
"T20190013190","15/7/19",19:30:00,"Collision with vehicle","Monday","Dark Street lights on",2,4,"Cross intersection",2,60,"B",2004,"P VAN","FORD","Panel Van","M",24,"22-25","Drivers"
"T20190013192","10/7/19",19:17:00,"Collision with vehicle","Wednesday","Dark Street lights on",3,3,"Not at intersection",3,60,"A",2019,"WAGON","MITSUB","Car","F",39,"30-39","Drivers"
"T20190013192","10/7/19",19:17:00,"Collision with vehicle","Wednesday","Dark Street lights on",3,3,"Not at intersection",3,60,"B",1992,"SEDAN","MERC B","Car","F",56,"50-59","Drivers"
"T20190013195","12/7/19",15:20:00,"Collision with vehicle","Friday","Day",2,2,"T intersection",3,60,"A",1993,"MULTIX","TOYOTA","Light Commercial Vehicle (Rigid) <= 4.5 Tonnes GVM","M",84,"70+","Drivers"
"T20190013195","12/7/19",15:20:00,"Collision with vehicle","Friday","Day",2,2,"T intersection",3,60,"B",1992,"UTIL","TOYOTA","Utility","M",59,"50-59","Drivers"
"T20190013196","15/7/19",08:59:00,"Collision with vehicle","Monday","Day",3,4,"Not at intersection",3,60,"A",2001,"SEDAN","HOLDEN","Car","F",34,"30-39","Drivers"
"T20190013196","15/7/19",08:59:00,"Collision with vehicle","Monday","Day",3,4,"Not at intersection",3,60,"B",2012,"VAN","FORD","Panel Van","M",42,"40-49","Drivers"
"T20190013196","15/7/19",08:59:00,"Collision with vehicle","Monday","Day",3,4,"Not at intersection",3,60,"C",2018,"P MVR","KENWTH","Prime Mover - Single Trailer","M",25,"22-25","Drivers"
"T20190013197","15/7/19",08:20:00,"Vehicle overturned (no collision)","Monday","Day",2,2,"T intersection",3,60,"B",2014,"WAGON","B M W","Station Wagon","M",38,"30-39","Drivers"
"T20190013198","16/7/19",08:20:00,"Collision with vehicle","Tuesday","Day",4,5,"T intersection",3,60,"A",2016,"SEDAN","HONDA","Car","F",36,"30-39","Drivers"
"T20190013198","16/7/19",08:20:00,"Collision with vehicle","Tuesday","Day",4,5,"T intersection",3,60,"B",2017,"WAGON","SKODA","Station Wagon","M",46,"40-49","Drivers"
"T20190013198","16/7/19",08:20:00,"Collision with vehicle","Tuesday","Day",4,5,"T intersection",3,60,"C",2012,"SEDAN","TOYOTA","Car","M",60,"60-64","Drivers"
"T20190013198","16/7/19",08:20:00,"Collision with vehicle","Tuesday","Day",4,5,"T intersection",3,60,"D",2017,"WAGON","HONDA","Station Wagon","F",34,"30-39","Drivers"
"T20190013199","28/6/19",14:38:00,"Struck Pedestrian","Friday","Day",1,2,"Cross intersection",2,80,"A",2011,"TRAY","FORD","Light Commercial Vehicle (Rigid) <= 4.5 Tonnes GVM","M",31,"30-39","Drivers"
"T20190013202","16/7/19",07:11:00,"Collision with vehicle","Tuesday","Dark No street lights",2,2,"Not at intersection",3,80,"B",2005,"WAGON","FORD","Station Wagon","M",40,"40-49","Drivers"
"T20190013204","16/7/19",06:40:00,"Struck animal","Tuesday","Dark No street lights",3,3,"Not at intersection",3,100,"A",2017,"P MVR","MACK","Prime Mover Only","M",49,"40-49","Drivers"
"T20190013204","16/7/19",06:40:00,"Struck animal","Tuesday","Dark No street lights",3,3,"Not at intersection",3,100,"B",2002,"S WAG","HOLDEN","Station Wagon","M",53,"50-59","Drivers"
"T20190013204","16/7/19",06:40:00,"Struck animal","Tuesday","Dark No street lights",3,3,"Not at intersection",3,100,"C",2004,"UTIL","FORD","Utility","M",30,"30-39","Drivers"
"T20190013206","16/7/19",07:40:00,"Collision with a fixed object","Tuesday","Day",1,1,"Not at intersection",3,50,"A",2005,"WAGON","MITSUB","Station Wagon","M",35,"30-39","Drivers"
"T20190013208","19/6/19",11:15:00,"Collision with vehicle","Wednesday","Day",2,2,"Cross intersection",3,50,"A",2012,"WAGON","NISSAN","Station Wagon","F",33,"30-39","Drivers"
"T20190013209","16/7/19",10:38:00,"Collision with vehicle","Tuesday","Day",2,2,"Cross intersection",3,60,"A",2014,"SEDAN","TOYOTA","Car","F",52,"50-59","Drivers"
"T20190013209","16/7/19",10:38:00,"Collision with vehicle","Tuesday","Day",2,2,"Cross intersection",3,60,"B",2011,"SEDAN","MAZDA","Car","F",67,"64-69","Drivers"
"T20190013210","16/7/19",08:39:00,"Collision with vehicle","Tuesday","Day",3,5,"Not at intersection",3,40,"A",2001,"SEDAN","MAZDA","Car","F",43,"40-49","Drivers"
"T20190013210","16/7/19",08:39:00,"Collision with vehicle","Tuesday","Day",3,5,"Not at intersection",3,40,"B",2010,"SED","FORD","Taxi","M",53,"50-59","Drivers"
"T20190013210","16/7/19",08:39:00,"Collision with vehicle","Tuesday","Day",3,5,"Not at intersection",3,40,"C",2014,"SEDAN","SUZUKI","Car","F",48,"40-49","Drivers"
"T20190013211","12/7/19",19:00:00,"Collision with vehicle","Friday","Dark Street lights on",2,2,"Not at intersection",3,70,"A",2018,"SEDAN","MAZDA","Car","F",69,"64-69","Drivers"
"T20190013211","12/7/19",19:00:00,"Collision with vehicle","Friday","Dark Street lights on",2,2,"Not at intersection",3,70,"B",2006,"SEDAN","VOLKS","Car","M",26,"26-29","Drivers"
"T20190013212","16/7/19",10:30:00,"Collision with vehicle","Tuesday","Day",2,2,"Not at intersection",3,999,"A",2003,"SEDAN","FORD","Car","M",58,"50-59","Drivers"
"T20190013212","16/7/19",10:30:00,"Collision with vehicle","Tuesday","Day",2,2,"Not at intersection",3,999,"B",2008,"WAGON","FORD","Station Wagon","M",21,"17-21","Drivers"
"T20190013214","16/7/19",07:15:00,"Collision with vehicle","Tuesday","Day",2,2,"Not at intersection",3,999,"B",2017,"SEDAN","TOYOTA","Car","M",22,"22-25","Drivers"
"T20190013216","16/7/19",11:50:00,"Collision with a fixed object","Tuesday","Day",1,1,"Not at intersection",3,100,"A",2008,"SEDAN","FORD","Car","M",76,"70+","Drivers"
"T20190013217","16/7/19",11:57:00,"Collision with vehicle","Tuesday","Day",2,2,"Not at intersection",3,60,"A",2009,"WAGON","VOLVO","Station Wagon","M",39,"30-39","Drivers"
"T20190013218","15/7/19",21:20:00,"Collision with a fixed object","Monday","Dark No street lights",1,2,"Not at intersection",3,100,"A",2003,"UTIL","FORD","Utility","M",45,"40-49","Drivers"
"T20190013222","16/7/19",14:15:00,"Collision with vehicle","Tuesday","Day",2,3,"Cross intersection",3,60,"A",2003,"SEDAN","HOLDEN","Car","M",24,"22-25","Drivers"
"T20190013222","16/7/19",14:15:00,"Collision with vehicle","Tuesday","Day",2,3,"Cross intersection",3,60,"B",2011,"SEDAN","MITSUB","Car","M",22,"22-25","Drivers"
"T20190013223","16/7/19",13:22:00,"Collision with vehicle","Tuesday","Day",3,2,"Not at intersection",3,40,"A",1994,"SEDAN","FORD","Car","F",79,"70+","Drivers"
"T20190013223","16/7/19",13:22:00,"Collision with vehicle","Tuesday","Day",3,2,"Not at intersection",3,40,"B",1991,"TIPPER","INTERN","Heavy Vehicle (Rigid) > 4.5 Tonnes","M",56,"50-59","Drivers"
"T20190013224","16/7/19",14:20:00,"Collision with vehicle","Tuesday","Day",2,3,"Cross intersection",3,80,"A",2015,"SEDAN","HONDA","Car","F",19,"17-21","Drivers"
"T20190013224","16/7/19",14:20:00,"Collision with vehicle","Tuesday","Day",2,3,"Cross intersection",3,80,"B",2013,"WAGON","MITSUB","Car","M",70,"70+","Drivers"
"T20190013225","16/7/19",08:30:00,"Collision with a fixed object","Tuesday","Day",1,2,"T intersection",3,50,"A",2010,"SEDAN","TOYOTA","Car","F",35,"30-39","Drivers"
"T20190013226","16/7/19",13:30:00,"Collision with a fixed object","Tuesday","Day",1,1,"Not at intersection",3,100,"A",0,"SED","HOLDEN","Car","M",73,"70+","Drivers"
"T20190013230","16/7/19",14:35:00,"Collision with a fixed object","Tuesday","Day",1,1,"Not at intersection",3,100,"A",2004,"DC UTE","HOLDEN","Utility","F",57,"50-59","Drivers"
"T20190013231","16/7/19",15:40:00,"Collision with vehicle","Tuesday","Day",2,3,"Not at intersection",3,60,"A",2006,"SEDAN","TOYOTA","Car","F",22,"22-25","Drivers"
"T20190013231","16/7/19",15:40:00,"Collision with vehicle","Tuesday","Day",2,3,"Not at intersection",3,60,"B",2011,"WAGON","VOLVO","Car","F",47,"40-49","Drivers"
"T20190013232","16/7/19",15:12:00,"Collision with vehicle","Tuesday","Day",5,5,"Not at intersection",3,80,"A",2019,"WAGON","MAZDA","Station Wagon","F",55,"50-59","Drivers"
"T20190013232","16/7/19",15:12:00,"Collision with vehicle","Tuesday","Day",5,5,"Not at intersection",3,80,"B",2015,"SEDAN","AUDI","Car","M",80,"70+","Drivers"
"T20190013232","16/7/19",15:12:00,"Collision with vehicle","Tuesday","Day",5,5,"Not at intersection",3,80,"C",2014,"SEDAN","SUZUKI","Car","F",65,"64-69","Drivers"
"T20190013232","16/7/19",15:12:00,"Collision with vehicle","Tuesday","Day",5,5,"Not at intersection",3,80,"D",2011,"SEDAN","MITSUB","Car","F",65,"64-69","Drivers"
"T20190013232","16/7/19",15:12:00,"Collision with vehicle","Tuesday","Day",5,5,"Not at intersection",3,80,"E",2007,"SEDAN","TOYOTA","Car","M",22,"22-25","Drivers"
"T20190013234","16/7/19",06:30:00,"Vehicle overturned (no collision)","Tuesday","Dark No street lights",1,2,"Not at intersection",3,60,"A",2012,"UTIL","FORD","Utility","M",38,"30-39","Drivers"
"T20190013237","16/7/19",17:35:00,"Collision with vehicle","Tuesday","Dark No street lights",2,4,"Not at intersection",3,60,"A",2016,"WAGON","NISSAN","Station Wagon","M",28,"26-29","Drivers"
"T20190013237","16/7/19",17:35:00,"Collision with vehicle","Tuesday","Dark No street lights",2,4,"Not at intersection",3,60,"B",2003,"WAGON","TOYOTA","Station Wagon","F",25,"22-25","Drivers"
"T20190013238","16/7/19",18:00:00,"Collision with vehicle","Tuesday","Dark Street lights on",3,4,"Not at intersection",3,60,"A",2016,"S WAG","HOLDEN","Station Wagon","M",33,"30-39","Drivers"
"T20190013238","16/7/19",18:00:00,"Collision with vehicle","Tuesday","Dark Street lights on",3,4,"Not at intersection",3,60,"B",2017,"SEDAN","HONDA","Car","F",62,"60-64","Drivers"
"T20190013238","16/7/19",18:00:00,"Collision with vehicle","Tuesday","Dark Street lights on",3,4,"Not at intersection",3,60,"C",2012,"SEDAN","KIA","Car","M",26,"26-29","Drivers"
"T20190013239","13/7/19",13:50:00,"Collision with vehicle","Saturday","Day",2,3,"Not at intersection",3,999,"A",2018,"WAGON","MAZDA","Station Wagon","F",51,"50-59","Drivers"
"T20190013239","13/7/19",13:50:00,"Collision with vehicle","Saturday","Day",2,3,"Not at intersection",3,999,"B",2008,"VAN","MERC B","Panel Van","M",42,"40-49","Drivers"
"T20190013241","19/6/19",06:30:00,"Collision with vehicle","Wednesday","Dusk/Dawn",2,2,"Not at intersection",3,110,"A",2006,"SEDAN","HOLDEN","Car","M",27,"26-29","Drivers"
"T20190013243","16/7/19",08:40:00,"Collision with vehicle","Tuesday","Unknown",2,2,"Not at intersection",3,999,"A",2017,"SEDAN","SUBARU","Car","F",27,"26-29","Drivers"
"T20190013243","16/7/19",08:40:00,"Collision with vehicle","Tuesday","Unknown",2,2,"Not at intersection",3,999,"B",2004,"WAGON","NISSAN","Station Wagon","M",20,"17-21","Drivers"
"T20190013248","16/7/19",19:48:00,"Collision with a fixed object","Tuesday","Dark Street lights on",1,1,"T intersection",3,60,"A",2009,"SEDAN","FORD","Car","M",54,"50-59","Drivers"
"T20190013251","16/7/19",18:25:00,"Collision with a fixed object","Tuesday","Dark No street lights",1,1,"Not at intersection",3,80,"A",2010,"UTIL","HOLDEN","Utility","M",20,"17-21","Drivers"
"T20190013253","16/7/19",20:58:00,"Collision with vehicle","Tuesday","Dark Street lights on",2,5,"Cross intersection",3,60,"A",2009,"SEDAN","B M W","Car","M",22,"22-25","Drivers"
"T20190013253","16/7/19",20:58:00,"Collision with vehicle","Tuesday","Dark Street lights on",2,5,"Cross intersection",3,60,"B",2007,"SEDAN","NISSAN","Car","F",60,"60-64","Drivers"
"T20190013255","16/7/19",18:21:00,"Struck Pedestrian","Tuesday","Dark Street lights on",1,3,"Not at intersection",1,50,"A",2001,"DC UTE","TOYOTA","Utility","M",21,"17-21","Drivers"
"T20190013257","11/7/19",07:26:00,"Collision with vehicle","Thursday","Day",2,3,"T intersection",3,70,"A",1999,"SEDAN","FORD","Car","M",34,"30-39","Drivers"
"T20190013257","11/7/19",07:26:00,"Collision with vehicle","Thursday","Day",2,3,"T intersection",3,70,"B",2017,"SEDAN","MERC B","Car","F",31,"30-39","Drivers"
"T20190013258","12/7/19",09:45:00,"Collision with vehicle","Friday","Day",2,2,"Not at intersection",2,80,"A",2012,"DC UTE","NISSAN","Utility","M",20,"17-21","Drivers"
"T20190013258","12/7/19",09:45:00,"Collision with vehicle","Friday","Day",2,2,"Not at intersection",2,80,"B",2007,"UTIL","HOLDEN","Utility","F",21,"17-21","Drivers"
"T20190013260","17/7/19",00:40:00,"Collision with a fixed object","Wednesday","Dark No street lights",1,1,"Not at intersection",3,100,"A",2018,"WAGON","TOYOTA","Station Wagon","U",NA,"unknown","Drivers"
"T20190013261","17/7/19",00:45:00,"Vehicle overturned (no collision)","Wednesday","Dark Street lights on",1,1,"Not at intersection",2,80,"A",2013,"UTIL","FORD","Utility","M",51,"50-59","Drivers"
"T20190013263","17/7/19",05:30:00,"Collision with vehicle","Wednesday","Dark No street lights",2,2,"Not at intersection",3,60,"A",2005,"SEDAN","HOLDEN","Car","M",34,"30-39","Drivers"
"T20190013263","17/7/19",05:30:00,"Collision with vehicle","Wednesday","Dark No street lights",2,2,"Not at intersection",3,60,"B",2012,"SEDAN","MITSUB","Car","M",33,"30-39","Drivers"
"T20190013264","3/7/19",06:30:00,"Collision with vehicle","Wednesday","Unknown",2,2,"Cross intersection",3,60,"A",2008,"SEDAN","B M W","Car","M",55,"50-59","Drivers"
"T20190013264","3/7/19",06:30:00,"Collision with vehicle","Wednesday","Unknown",2,2,"Cross intersection",3,60,"B",2017,"SEDAN","MAZDA","Car","F",39,"30-39","Drivers"
"T20190013265","17/7/19",07:30:00,"Collision with vehicle","Wednesday","Day",2,2,"Not at intersection",3,999,"A",2005,"SEDAN","HOLDEN","Car","M",28,"26-29","Drivers"
"T20190013266","16/7/19",17:24:00,"Collision with vehicle","Tuesday","Dusk/Dawn",2,2,"T intersection",3,80,"A",2008,"TRAY","HOLDEN","Light Commercial Vehicle (Rigid) <= 4.5 Tonnes GVM","M",53,"50-59","Drivers"
"T20190013266","16/7/19",17:24:00,"Collision with vehicle","Tuesday","Dusk/Dawn",2,2,"T intersection",3,80,"B",2009,"SEDAN","HYNDAI","Car","F",60,"60-64","Drivers"
"T20190013267","17/7/19",07:10:00,"Collision with a fixed object","Wednesday","Day",1,1,"Not at intersection",3,100,"A",2013,"VAN","HINO","Heavy Vehicle (Rigid) > 4.5 Tonnes","M",56,"50-59","Drivers"
"T20190013268","17/7/19",08:15:00,"Collision with a fixed object","Wednesday","Day",1,1,"Not at intersection",3,100,"A",2012,"SEDAN","FORD","Car","F",48,"40-49","Drivers"
"T20190013269","17/7/19",09:11:00,"Collision with vehicle","Wednesday","Day",2,2,"Cross intersection",3,50,"A",2016,"VAN","REN","Panel Van","M",39,"30-39","Drivers"
"T20190013270","17/7/19",09:15:00,"Collision with a fixed object","Wednesday","Day",1,2,"Not at intersection",3,50,"A",2004,"UTIL","HOLDEN","Utility","M",22,"22-25","Drivers"
"T20190013271","19/6/19",09:26:00,"Collision with a fixed object","Wednesday","Day",1,2,"Not at intersection",3,100,"A",2001,"WAGON","SUBARU","Station Wagon","M",72,"70+","Drivers"
"T20190013276","17/7/19",07:30:00,"Collision with a fixed object","Wednesday","Day",2,1,"Not at intersection",2,999,"A",2002,"S WAG","FORD","Station Wagon","M",75,"70+","Drivers"
"T20190013277","17/7/19",11:00:00,"Collision with vehicle","Wednesday","Day",2,2,"Cross intersection",3,60,"A",2011,"SEDAN","TOYOTA","Car","F",72,"70+","Drivers"
"T20190013277","17/7/19",11:00:00,"Collision with vehicle","Wednesday","Day",2,2,"Cross intersection",3,60,"B",2019,"SEDAN","MAZDA","Car","F",29,"26-29","Drivers"
"T20190013280","15/7/19",09:50:00,"Collision with a fixed object","Monday","Day",2,3,"Not at intersection",3,100,"A",2000,"SED","TOYOTA","Car","F",22,"22-25","Drivers"
"T20190013280","15/7/19",09:50:00,"Collision with a fixed object","Monday","Day",2,3,"Not at intersection",3,100,"B",2008,"UTIL","HOLDEN","Utility","M",19,"17-21","Drivers"
"T20190013284","13/7/19",15:45:00,"Collision with vehicle","Saturday","Day",2,3,"Cross intersection",3,60,"A",2000,"SEDAN","NISSAN","Car","F",19,"17-21","Drivers"
"T20190013284","13/7/19",15:45:00,"Collision with vehicle","Saturday","Day",2,3,"Cross intersection",3,60,"B",2002,"SEDAN","TOYOTA","Car","F",25,"22-25","Drivers"
"T20190013285","17/7/19",13:00:00,"Collision with vehicle","Wednesday","Day",2,3,"Cross intersection",3,50,"A",2009,"UTIL","FORD","Utility","M",39,"30-39","Drivers"
"T20190013285","17/7/19",13:00:00,"Collision with vehicle","Wednesday","Day",2,3,"Cross intersection",3,50,"B",2009,"SEDAN","FORD","Car","M",42,"40-49","Drivers"
"T20190013286","17/7/19",13:00:00,"Vehicle overturned (no collision)","Wednesday","Day",1,2,"T intersection",3,80,"A",2011,"VAN","TOYOTA","Panel Van","M",46,"40-49","Drivers"
"T20190013287","17/7/19",13:45:00,"Collision with vehicle","Wednesday","Day",2,3,"Not at intersection",3,40,"A",2018,"SEDAN","HYNDAI","Car","M",52,"50-59","Drivers"
"T20190013287","17/7/19",13:45:00,"Collision with vehicle","Wednesday","Day",2,3,"Not at intersection",3,40,"B",2009,"SEDAN","MITSUB","Car","M",20,"17-21","Drivers"