"ACCIDENT_NO","ACCIDENTDATE","ACCIDENTTIME","Accident Type Desc","Day Week Description","Light Condition Desc","NO_OF_VEHICLES","NO_PERSONS","Road Geometry Desc","SEVERITY","SPEED_ZONE","VEHICLE_ID","VEHICLE_YEAR_MANUF","VEHICLE_BODY_STYLE","VEHICLE_MAKE","Vehicle Type Desc","SEX","AGE","Age Group","Road User Type Desc"
"T20190013289","17/7/19",05:14:00,"Struck Pedestrian","Wednesday","Dark Street lights on",1,3,"T intersection",3,50,"A",2013,"G UNIT","ISUZU","Heavy Vehicle (Rigid) > 4.5 Tonnes","M",57,"50-59","Drivers"
"T20190013294","14/7/19",14:00:00,"Collision with vehicle","Sunday","Day",2,2,"Cross intersection",3,50,"A",2015,"SEDAN","TOYOTA","Car","M",73,"70+","Drivers"
"T20190013294","14/7/19",14:00:00,"Collision with vehicle","Sunday","Day",2,2,"Cross intersection",3,50,"B",2015,"SEDAN","MERC B","Car","M",29,"26-29","Drivers"
"T20190013295","17/7/19",13:55:00,"Struck Pedestrian","Wednesday","Day",1,2,"Not at intersection",3,60,"A",2005,"SEDAN","CITRN","Car","F",20,"17-21","Drivers"
"T20190013299","17/7/19",08:19:00,"Collision with vehicle","Wednesday","Day",2,2,"Cross intersection",3,60,"A",2011,"SEDAN","TOYOTA","Car","F",53,"50-59","Drivers"
"T20190013299","17/7/19",08:19:00,"Collision with vehicle","Wednesday","Day",2,2,"Cross intersection",3,60,"B",2014,"SEDAN","MAZDA","Car","F",29,"26-29","Drivers"
"T20190013302","17/6/19",17:15:00,"Collision with vehicle","Monday","Dusk/Dawn",2,2,"T intersection",2,50,"A",2006,"SEDAN","HOLDEN","Car","M",55,"50-59","Drivers"
"T20190013304","17/7/19",09:50:00,"Collision with vehicle","Wednesday","Day",2,2,"Not at intersection",3,80,"A",2012,"DC UTE","NISSAN","Utility","M",20,"17-21","Drivers"
"T20190013304","17/7/19",09:50:00,"Collision with vehicle","Wednesday","Day",2,2,"Not at intersection",3,80,"B",2007,"UTIL","HOLDEN","Utility","F",21,"17-21","Drivers"
"T20190013305","17/7/19",15:00:00,"Collision with vehicle","Wednesday","Day",2,3,"Cross intersection",3,100,"A",2018,"DC UTE","FORD","Utility","M",24,"22-25","Drivers"
"T20190013305","17/7/19",15:00:00,"Collision with vehicle","Wednesday","Day",2,3,"Cross intersection",3,100,"B",2007,"WAGON","JEEP","Station Wagon","F",61,"60-64","Drivers"
"T20190013307","17/7/19",14:30:00,"Collision with vehicle","Wednesday","Day",2,2,"Not at intersection",3,60,"A",2006,"SEDAN","HOLDEN","Car","M",55,"50-59","Drivers"
"T20190013307","17/7/19",14:30:00,"Collision with vehicle","Wednesday","Day",2,2,"Not at intersection",3,60,"B",2012,"WAGON","FORD","Station Wagon","M",64,"60-64","Drivers"
"T20190013310","17/7/19",18:20:00,"Collision with vehicle","Wednesday","Dark Street lights on",2,4,"T intersection",3,60,"A",2016,"WAGON","JEEP","Station Wagon","F",47,"40-49","Drivers"
"T20190013310","17/7/19",18:20:00,"Collision with vehicle","Wednesday","Dark Street lights on",2,4,"T intersection",3,60,"B",2016,"SEDAN","HONDA","Car","F",25,"22-25","Drivers"
"T20190013311","17/7/19",17:30:00,"Collision with vehicle","Wednesday","Dark No street lights",3,5,"Not at intersection",3,80,"A",2010,"SEDAN","SUZUKI","Car","F",20,"17-21","Drivers"
"T20190013311","17/7/19",17:30:00,"Collision with vehicle","Wednesday","Dark No street lights",3,5,"Not at intersection",3,80,"B",2011,"SEDAN","MITSUB","Car","F",34,"30-39","Drivers"
"T20190013311","17/7/19",17:30:00,"Collision with vehicle","Wednesday","Dark No street lights",3,5,"Not at intersection",3,80,"C",2005,"UTIL","TOYOTA","Utility","F",59,"50-59","Drivers"
"T20190013312","17/7/19",18:15:00,"Struck Pedestrian","Wednesday","Dark Street lights on",1,2,"Cross intersection",3,70,"A",2014,"WAGON","HOLDEN","Station Wagon","F",48,"40-49","Drivers"
"T20190013313","17/7/19",19:00:00,"Collision with vehicle","Wednesday","Dark Street lights on",2,2,"T intersection",3,60,"A",2015,"WAGON","FORD","Station Wagon","F",36,"30-39","Drivers"
"T20190013313","17/7/19",19:00:00,"Collision with vehicle","Wednesday","Dark Street lights on",2,2,"T intersection",3,60,"B",1999,"SED","HOLDEN","Car","M",48,"40-49","Drivers"
"T20190013314","17/7/19",18:00:00,"Collision with vehicle","Wednesday","Dark Street lights on",2,2,"T intersection",3,60,"A",2018,"WAGON","SUBARU","Station Wagon","M",43,"40-49","Drivers"
"T20190013314","17/7/19",18:00:00,"Collision with vehicle","Wednesday","Dark Street lights on",2,2,"T intersection",3,60,"B",2001,"SEDAN","MITSUB","Car","M",27,"26-29","Drivers"
"T20190013315","8/6/19",13:10:00,"Collision with vehicle","Saturday","Unknown",2,2,"Y intersection",3,999,"A",2017,"SEDAN","MAZDA","Car","F",27,"26-29","Drivers"
"T20190013315","8/6/19",13:10:00,"Collision with vehicle","Saturday","Unknown",2,2,"Y intersection",3,999,"B",2012,"WAGON","TOYOTA","Station Wagon","F",49,"40-49","Drivers"
"T20190013318","17/7/19",17:53:00,"Collision with vehicle","Wednesday","Dark Street lights on",3,3,"Not at intersection",3,80,"A",2011,"SEDAN","NISSAN","Car","M",25,"22-25","Drivers"
"T20190013318","17/7/19",17:53:00,"Collision with vehicle","Wednesday","Dark Street lights on",3,3,"Not at intersection",3,80,"B",2013,"SEDAN","TOYOTA","Car","F",56,"50-59","Drivers"
"T20190013318","17/7/19",17:53:00,"Collision with vehicle","Wednesday","Dark Street lights on",3,3,"Not at intersection",3,80,"C",2010,"SEDAN","MAZDA","Car","M",21,"17-21","Drivers"
"T20190013321","7/7/19",16:55:00,"Collision with vehicle","Sunday","Day",2,3,"T intersection",3,60,"A",2018,"SEDAN","VOLKS","Car","U",NA,"unknown","Drivers"
"T20190013321","7/7/19",16:55:00,"Collision with vehicle","Sunday","Day",2,3,"T intersection",3,60,"B",2012,"SEDAN","TOYOTA","Car","M",32,"30-39","Drivers"
"T20190013323","17/7/19",15:46:00,"Collision with vehicle","Wednesday","Day",2,2,"Cross intersection",3,50,"A",2012,"WAGON","KIA","Station Wagon","F",59,"50-59","Drivers"
"T20190013325","17/7/19",22:25:00,"Collision with a fixed object","Wednesday","Dark Street lights on",1,1,"T intersection",3,60,"A",2010,"S WAG","HYNDAI","Station Wagon","F",52,"50-59","Drivers"
"T20190013326","17/7/19",23:52:00,"Collision with vehicle","Wednesday","Dark Street lights on",2,2,"Not at intersection",3,60,"A",2009,"SEDAN","HOLDEN","Car","M",56,"50-59","Drivers"
"T20190013326","17/7/19",23:52:00,"Collision with vehicle","Wednesday","Dark Street lights on",2,2,"Not at intersection",3,60,"B",2013,"S WAG","SUZUKI","Station Wagon","M",30,"30-39","Drivers"
"T20190013328","18/7/19",01:00:00,"Collision with a fixed object","Thursday","Dark No street lights",1,1,"Multiple intersection",3,110,"A",2010,"P MVR","KENWTH","Prime Mover - Single Trailer","M",31,"30-39","Drivers"
"T20190013332","17/7/19",23:54:00,"Collision with vehicle","Wednesday","Dark Street lights on",2,3,"Not at intersection",3,100,"A",2006,"UTIL","FORD","Utility","M",19,"17-21","Drivers"
"T20190013332","17/7/19",23:54:00,"Collision with vehicle","Wednesday","Dark Street lights on",2,3,"Not at intersection",3,100,"B",2016,"WAGON","NISSAN","Station Wagon","M",35,"30-39","Drivers"
"T20190013334","17/7/19",14:41:00,"Collision with vehicle","Wednesday","Day",3,2,"Not at intersection",3,60,"A",2012,"SEDAN","HOLDEN","Car","M",26,"26-29","Drivers"
"T20190013334","17/7/19",14:41:00,"Collision with vehicle","Wednesday","Day",3,2,"Not at intersection",3,60,"B",2014,"SEDAN","MAZDA","Car","F",22,"22-25","Drivers"
"T20190013335","18/5/19",03:00:00,"Collision with a fixed object","Saturday","Dark No street lights",1,2,"Not at intersection",2,50,"A",2002,"WAGON","NISSAN","Car","M",28,"26-29","Drivers"
"T20190013337","18/7/19",04:30:00,"Collision with a fixed object","Thursday","Dark Street lights on",1,1,"Not at intersection",3,60,"A",2012,"UTIL","TOYOTA","Utility","M",37,"30-39","Drivers"
"T20190013339","29/6/19",05:40:00,"Collision with vehicle","Saturday","Dusk/Dawn",2,2,"Cross intersection",3,40,"B",2018,"SEDAN","TOYOTA","Taxi","M",44,"40-49","Drivers"
"T20190013340","17/7/19",15:30:00,"Struck Pedestrian","Wednesday","Day",1,2,"Not at intersection",3,50,"A",2012,"SEDAN","VOLKS","Car","F",49,"40-49","Drivers"
"T20190013341","18/7/19",07:02:00,"Collision with vehicle","Thursday","Dusk/Dawn",2,2,"T intersection",3,80,"A",2010,"DC UTE","MITSUB","Utility","M",23,"22-25","Drivers"
"T20190013341","18/7/19",07:02:00,"Collision with vehicle","Thursday","Dusk/Dawn",2,2,"T intersection",3,80,"B",2015,"DC UTE","TOYOTA","Utility","M",45,"40-49","Drivers"
"T20190013342","18/7/19",07:17:00,"Collision with vehicle","Thursday","Day",2,2,"Not at intersection",3,60,"A",2017,"WAGON","MITSUB","Station Wagon","M",26,"26-29","Drivers"
"T20190013342","18/7/19",07:17:00,"Collision with vehicle","Thursday","Day",2,2,"Not at intersection",3,60,"B",2010,"SEDAN","MERC B","Car","M",22,"22-25","Drivers"
"T20190013343","16/7/19",09:53:00,"Collision with vehicle","Tuesday","Day",3,1,"Not at intersection",3,60,"A",2002,"SEDAN","FORD","Car","F",42,"40-49","Drivers"
"T20190013344","4/7/19",18:20:00,"Collision with vehicle","Thursday","Dark Street lights on",4,6,"Not at intersection",3,80,"A",2006,"SEDAN","TOYOTA","Car","F",41,"40-49","Drivers"
"T20190013344","4/7/19",18:20:00,"Collision with vehicle","Thursday","Dark Street lights on",4,6,"Not at intersection",3,80,"B",2005,"UTIL","HOLDEN","Utility","M",26,"26-29","Drivers"
"T20190013344","4/7/19",18:20:00,"Collision with vehicle","Thursday","Dark Street lights on",4,6,"Not at intersection",3,80,"C",2007,"UTIL","FORD","Utility","M",21,"17-21","Drivers"
"T20190013344","4/7/19",18:20:00,"Collision with vehicle","Thursday","Dark Street lights on",4,6,"Not at intersection",3,80,"D",2010,"WAGON","SUBARU","Car","F",30,"30-39","Drivers"
"T20190013347","17/7/19",16:30:00,"Collision with vehicle","Wednesday","Day",2,2,"Cross intersection",3,60,"B",2012,"S WAG","HOLDEN","Station Wagon","M",31,"30-39","Drivers"
"T20190013349","17/7/19",17:10:00,"Collision with vehicle","Wednesday","Dusk/Dawn",2,3,"Not at intersection",3,60,"A",2010,"SEDAN","FORD","Car","F",49,"40-49","Drivers"
"T20190013349","17/7/19",17:10:00,"Collision with vehicle","Wednesday","Dusk/Dawn",2,3,"Not at intersection",3,60,"B",2001,"S WAG","HOLDEN","Station Wagon","M",18,"17-21","Drivers"
"T20190013350","17/7/19",06:20:00,"Struck Pedestrian","Wednesday","Dark Street lights on",1,2,"Not at intersection",3,50,"A",2007,"UTIL","FORD","Utility","M",62,"60-64","Drivers"
"T20190013353","18/7/19",06:55:00,"Collision with vehicle","Thursday","Day",3,3,"Not at intersection",3,60,"A",2012,"WAGON","JEEP","Station Wagon","M",33,"30-39","Drivers"
"T20190013353","18/7/19",06:55:00,"Collision with vehicle","Thursday","Day",3,3,"Not at intersection",3,60,"B",2002,"UTIL","HOLDEN","Utility","M",42,"40-49","Drivers"
"T20190013353","18/7/19",06:55:00,"Collision with vehicle","Thursday","Day",3,3,"Not at intersection",3,60,"C",2015,"UTIL","FORD","Utility","M",41,"40-49","Drivers"
"T20190013355","18/7/19",11:42:00,"Collision with vehicle","Thursday","Day",2,4,"Not at intersection",3,80,"A",2005,"WAGON","NISSAN","Station Wagon","F",35,"30-39","Drivers"
"T20190013355","18/7/19",11:42:00,"Collision with vehicle","Thursday","Day",2,4,"Not at intersection",3,80,"B",2018,"UTIL","TOYOTA","Utility","F",28,"26-29","Drivers"
"T20190013357","17/7/19",08:00:00,"Collision with a fixed object","Wednesday","Day",1,1,"Not at intersection",2,100,"A",2000,"SEDAN","TOYOTA","Car","M",31,"30-39","Drivers"
"T20190013358","13/7/19",16:30:00,"Collision with a fixed object","Saturday","Unknown",1,1,"Not at intersection",3,999,"A",2011,"DC UTE","MITSUB","Utility","M",48,"40-49","Drivers"
"T20190013359","18/7/19",08:00:00,"Collision with vehicle","Thursday","Day",3,2,"Not at intersection",3,50,"A",2018,"SEDAN","MAZDA","Car","F",39,"30-39","Drivers"
"T20190013360","18/7/19",05:32:00,"Struck Pedestrian","Thursday","Dark Street lights off",1,2,"Multiple intersection",1,60,"A",2012,"BUS","VOLVO","Bus/Coach","M",46,"40-49","Drivers"
"T20190013361","18/7/19",13:20:00,"Collision with vehicle","Thursday","Day",3,2,"Not at intersection",3,60,"A",2003,"SEDAN","TOYOTA","Car","F",81,"70+","Drivers"
"T20190013361","18/7/19",13:20:00,"Collision with vehicle","Thursday","Day",3,2,"Not at intersection",3,60,"B",2015,"SEDAN","KIA","Car","F",66,"64-69","Drivers"
"T20190013364","18/7/19",07:45:00,"Collision with vehicle","Thursday","Day",2,2,"T intersection",3,60,"B",2007,"SEDAN","TOYOTA","Car","M",60,"60-64","Drivers"
"T20190013366","18/7/19",08:46:00,"Collision with vehicle","Thursday","Day",3,3,"Not at intersection",3,40,"A",2015,"WAGON","HONDA","Station Wagon","F",72,"70+","Drivers"
"T20190013366","18/7/19",08:46:00,"Collision with vehicle","Thursday","Day",3,3,"Not at intersection",3,40,"B",2016,"SEDAN","HOLDEN","Car","F",41,"40-49","Drivers"
"T20190013366","18/7/19",08:46:00,"Collision with vehicle","Thursday","Day",3,3,"Not at intersection",3,40,"C",2016,"SEDAN","KIA","Car","F",19,"17-21","Drivers"
"T20190013369","18/7/19",15:00:00,"Collision with vehicle","Thursday","Day",3,3,"T intersection",3,80,"A",2019,"SEDAN","HONDA","Car","F",83,"70+","Drivers"
"T20190013369","18/7/19",15:00:00,"Collision with vehicle","Thursday","Day",3,3,"T intersection",3,80,"B",2017,"VAN","TOYOTA","Panel Van","M",41,"40-49","Drivers"
"T20190013369","18/7/19",15:00:00,"Collision with vehicle","Thursday","Day",3,3,"T intersection",3,80,"C",2008,"UTIL","FORD","Utility","M",77,"70+","Drivers"
"T20190013370","16/7/19",14:30:00,"Collision with vehicle","Tuesday","Day",2,2,"T intersection",3,80,"A",2012,"VAN","HINO","Heavy Vehicle (Rigid) > 4.5 Tonnes","M",45,"40-49","Drivers"
"T20190013370","16/7/19",14:30:00,"Collision with vehicle","Tuesday","Day",2,2,"T intersection",3,80,"B",1993,"VAN","HINO","Heavy Vehicle (Rigid) > 4.5 Tonnes","M",43,"40-49","Drivers"
"T20190013373","9/4/19",13:00:00,"Collision with vehicle","Tuesday","Day",2,2,"Cross intersection",3,80,"A",2007,"S WAG","HOLDEN","Car","F",56,"50-59","Drivers"
"T20190013373","9/4/19",13:00:00,"Collision with vehicle","Tuesday","Day",2,2,"Cross intersection",3,80,"B",2010,"WAGON","TOYOTA","Car","M",29,"26-29","Drivers"
"T20190013374","18/7/19",15:45:00,"Collision with vehicle","Thursday","Day",2,3,"Cross intersection",3,60,"A",2016,"WAGON","SUBARU","Station Wagon","F",55,"50-59","Drivers"
"T20190013374","18/7/19",15:45:00,"Collision with vehicle","Thursday","Day",2,3,"Cross intersection",3,60,"B",2011,"SEDAN","HYNDAI","Car","F",30,"30-39","Drivers"
"T20190013375","16/7/19",16:49:00,"Collision with vehicle","Tuesday","Day",2,2,"Not at intersection",3,80,"A",2002,"SEDAN","MITSUB","Car","F",55,"50-59","Drivers"
"T20190013375","16/7/19",16:49:00,"Collision with vehicle","Tuesday","Day",2,2,"Not at intersection",3,80,"B",2004,"SEDAN","TOYOTA","Car","F",46,"40-49","Drivers"
"T20190013376","17/7/19",17:20:00,"Collision with vehicle","Wednesday","Dusk/Dawn",2,4,"Cross intersection",3,50,"A",2016,"WAGON","SUZUKI","Station Wagon","F",42,"40-49","Drivers"
"T20190013376","17/7/19",17:20:00,"Collision with vehicle","Wednesday","Dusk/Dawn",2,4,"Cross intersection",3,50,"B",2002,"WAGON","MITSUB","Station Wagon","M",55,"50-59","Drivers"
"T20190013380","18/7/19",18:50:00,"Struck Pedestrian","Thursday","Dark Street lights on",1,2,"Cross intersection",2,80,"A",2019,"SEDAN","KIA","Car","F",27,"26-29","Drivers"
"T20190013381","18/7/19",16:10:00,"Collision with vehicle","Thursday","Day",3,6,"Cross intersection",3,60,"A",2009,"SEDAN","MITSUB","Car","F",22,"22-25","Drivers"
"T20190013381","18/7/19",16:10:00,"Collision with vehicle","Thursday","Day",3,6,"Cross intersection",3,60,"B",2016,"UTIL","FORD","Utility","M",43,"40-49","Drivers"
"T20190013381","18/7/19",16:10:00,"Collision with vehicle","Thursday","Day",3,6,"Cross intersection",3,60,"C",2010,"BUS","VOLVO","Bus/Coach","M",46,"40-49","Drivers"
"T20190013382","18/7/19",17:30:00,"Collision with vehicle","Thursday","Dark Street lights on",2,2,"Not at intersection",3,60,"A",2007,"SEDAN","HYNDAI","Car","F",50,"50-59","Drivers"
"T20190013382","18/7/19",17:30:00,"Collision with vehicle","Thursday","Dark Street lights on",2,2,"Not at intersection",3,60,"B",2014,"SEDAN","HOLDEN","Car","F",56,"50-59","Drivers"
"T20190013383","18/7/19",18:11:00,"Collision with vehicle","Thursday","Dark Street lights on",2,2,"Cross intersection",3,50,"A",2009,"SEDAN","TOYOTA","Car","M",51,"50-59","Drivers"
"T20190013385","18/7/19",19:00:00,"Collision with vehicle","Thursday","Dark Street lights on",2,3,"Cross intersection",3,60,"A",2008,"SEDAN","AUDI","Car","M",46,"40-49","Drivers"
"T20190013385","18/7/19",19:00:00,"Collision with vehicle","Thursday","Dark Street lights on",2,3,"Cross intersection",3,60,"B",2005,"SEDAN","HOLDEN","Car","M",22,"22-25","Drivers"
"T20190013386","18/7/19",15:05:00,"Collision with vehicle","Thursday","Day",2,3,"Cross intersection",3,100,"A",2015,"TRAY","HOLDEN","Light Commercial Vehicle (Rigid) <= 4.5 Tonnes GVM","M",36,"30-39","Drivers"
"T20190013386","18/7/19",15:05:00,"Collision with vehicle","Thursday","Day",2,3,"Cross intersection",3,100,"B",2013,"DC UTE","ISUZU","Utility","M",69,"64-69","Drivers"
"T20190013388","18/7/19",19:28:00,"Collision with a fixed object","Thursday","Dark Street lights on",1,4,"Not at intersection",3,50,"A",2005,"WAGON","HYNDAI","Station Wagon","F",28,"26-29","Drivers"
"T20190013389","18/7/19",20:30:00,"Collision with vehicle","Thursday","Dark Street lights on",2,2,"Cross intersection",3,60,"A",2013,"SEDAN","MAZDA","Car","F",29,"26-29","Drivers"
"T20190013389","18/7/19",20:30:00,"Collision with vehicle","Thursday","Dark Street lights on",2,2,"Cross intersection",3,60,"B",2007,"SEDAN","TOYOTA","Car","F",42,"40-49","Drivers"
"T20190013391","18/7/19",20:00:00,"Collision with vehicle","Thursday","Dark No street lights",2,1,"Not at intersection",3,50,"B",2005,"S WAG","HOLDEN","Station Wagon","F",35,"30-39","Drivers"
"T20190013392","18/7/19",19:15:00,"Struck Pedestrian","Thursday","Dark Street lights on",1,3,"Cross intersection",3,60,"A",2019,"SEDAN","MAZDA","Car","F",18,"17-21","Drivers"
"T20190013393","18/7/19",17:24:00,"Collision with vehicle","Thursday","Dusk/Dawn",2,2,"Not at intersection",3,999,"A",2002,"SEDAN","B M W","Car","M",61,"60-64","Drivers"
"T20190013393","18/7/19",17:24:00,"Collision with vehicle","Thursday","Dusk/Dawn",2,2,"Not at intersection",3,999,"B",2012,"SEDAN","MAZDA","Car","F",63,"60-64","Drivers"
"T20190013394","18/7/19",14:55:00,"Struck Pedestrian","Thursday","Day",1,2,"Not at intersection",3,50,"A",2014,"SEDAN","FORD","Car","F",55,"50-59","Drivers"
"T20190013395","18/7/19",05:40:00,"Collision with vehicle","Thursday","Dark Street lights on",2,3,"T intersection",3,70,"A",2019,"WAGON","NISSAN","Station Wagon","M",50,"50-59","Drivers"
"T20190013395","18/7/19",05:40:00,"Collision with vehicle","Thursday","Dark Street lights on",2,3,"T intersection",3,70,"B",2000,"SEDAN","TOYOTA","Car","M",41,"40-49","Drivers"
"T20190013398","19/7/19",00:06:00,"Collision with vehicle","Friday","Dark Street lights on",2,1,"T intersection",3,70,"A",2002,"SEDAN","HOLDEN","Car","M",41,"40-49","Drivers"
"T20190013402","19/7/19",05:58:00,"Collision with a fixed object","Friday","Dark Street lights on",1,1,"T intersection",3,60,"A",2002,"S WAG","VOLVO","Station Wagon","M",31,"30-39","Drivers"
"T20190013407","25/6/19",18:30:00,"Collision with vehicle","Tuesday","Dark Street lights on",2,2,"T intersection",3,50,"B",0,"SEDAN","UNKN","Car","M",21,"17-21","Drivers"
"T20190013408","16/7/19",17:45:00,"Collision with vehicle","Tuesday","Dusk/Dawn",2,2,"Not at intersection",2,100,"A",2015,"WAGON","TOYOTA","Station Wagon","M",44,"40-49","Drivers"
"T20190013408","16/7/19",17:45:00,"Collision with vehicle","Tuesday","Dusk/Dawn",2,2,"Not at intersection",2,100,"B",2004,"SEDAN","FORD","Car","M",NA,"unknown","Drivers"
"T20190013409","18/7/19",14:00:00,"Collision with vehicle","Thursday","Day",2,2,"Cross intersection",3,70,"A",2007,"SEDAN","TOYOTA","Car","M",24,"22-25","Drivers"
"T20190013409","18/7/19",14:00:00,"Collision with vehicle","Thursday","Day",2,2,"Cross intersection",3,70,"B",2007,"VAN","FORD","Panel Van","M",56,"50-59","Drivers"
"T20190013410","19/7/19",07:00:00,"Collision with vehicle","Friday","Dusk/Dawn",3,3,"Not at intersection",3,100,"B",2018,"VAN","VOLVO","Heavy Vehicle (Rigid) > 4.5 Tonnes","M",62,"60-64","Drivers"
"T20190013410","19/7/19",07:00:00,"Collision with vehicle","Friday","Dusk/Dawn",3,3,"Not at intersection",3,100,"C",2016,"WAGON","NISSAN","Station Wagon","F",57,"50-59","Drivers"
"T20190013411","19/7/19",08:10:00,"Collision with vehicle","Friday","Day",2,2,"Cross intersection",3,60,"A",2008,"TRAY","FORD","Car","M",51,"50-59","Drivers"
"T20190013411","19/7/19",08:10:00,"Collision with vehicle","Friday","Day",2,2,"Cross intersection",3,60,"B",2002,"SEDAN","MAZDA","Car","M",37,"30-39","Drivers"
"T20190013412","18/7/19",21:20:00,"Collision with vehicle","Thursday","Dark Street lights on",2,2,"Cross intersection",3,60,"A",2012,"SEDAN","FORD","Car","F",18,"17-21","Drivers"
"T20190013414","19/7/19",09:03:00,"Collision with vehicle","Friday","Day",2,2,"Multiple intersection",3,50,"B",2017,"SEDAN","VOLKS","Car","M",35,"30-39","Drivers"
"T20190013416","19/7/19",06:30:00,"Collision with vehicle","Friday","Dusk/Dawn",2,2,"Cross intersection",3,60,"A",2009,"TRAY","TOYOTA","Utility","M",27,"26-29","Drivers"
"T20190013416","19/7/19",06:30:00,"Collision with vehicle","Friday","Dusk/Dawn",2,2,"Cross intersection",3,60,"B",2017,"SEDAN","HOLDEN","Car","F",43,"40-49","Drivers"
"T20190013417","18/5/19",11:08:00,"Collision with vehicle","Saturday","Day",2,2,"T intersection",2,60,"A",2013,"WAGON","UNKN","Station Wagon","M",76,"70+","Drivers"
"T20190013417","18/5/19",11:08:00,"Collision with vehicle","Saturday","Day",2,2,"T intersection",2,60,"B",2006,"SEDAN","FORD","Car","M",81,"70+","Drivers"
"T20190013418","19/7/19",09:57:00,"Collision with vehicle","Friday","Day",2,2,"Cross intersection",3,70,"A",2007,"COUPE","VOLKS","Car","F",56,"50-59","Drivers"
"T20190013418","19/7/19",09:57:00,"Collision with vehicle","Friday","Day",2,2,"Cross intersection",3,70,"B",2010,"SEDAN","HOLDEN","Car","F",21,"17-21","Drivers"
"T20190013419","19/7/19",08:26:00,"Collision with vehicle","Friday","Day",2,4,"Cross intersection",3,60,"A",2019,"SEDAN","HONDA","Car","F",24,"22-25","Drivers"
"T20190013419","19/7/19",08:26:00,"Collision with vehicle","Friday","Day",2,4,"Cross intersection",3,60,"B",2011,"WAGON","MITSUB","Station Wagon","F",61,"60-64","Drivers"
"T20190013421","12/7/19",12:30:00,"Collision with vehicle","Friday","Day",2,2,"Cross intersection",3,60,"A",2006,"SEDAN","FORD","Car","F",56,"50-59","Drivers"
"T20190013421","12/7/19",12:30:00,"Collision with vehicle","Friday","Day",2,2,"Cross intersection",3,60,"B",2017,"SEDAN","TOYOTA","Car","F",45,"40-49","Drivers"
"T20190013422","19/7/19",08:50:00,"Collision with vehicle","Friday","Day",2,3,"Cross intersection",3,50,"A",1999,"SED","B M W","Car","M",29,"26-29","Drivers"
"T20190013422","19/7/19",08:50:00,"Collision with vehicle","Friday","Day",2,3,"Cross intersection",3,50,"B",2008,"SEDAN","TOYOTA","Car","F",59,"50-59","Drivers"
"T20190013425","24/5/19",15:53:00,"Collision with vehicle","Friday","Day",2,2,"T intersection",3,60,"A",2000,"SEDAN","FORD","Car","F",35,"30-39","Drivers"
"T20190013425","24/5/19",15:53:00,"Collision with vehicle","Friday","Day",2,2,"T intersection",3,60,"B",2009,"SEDAN","SUBARU","Car","F",18,"17-21","Drivers"
"T20190013426","19/7/19",12:10:00,"Collision with a fixed object","Friday","Day",1,1,"Cross intersection",3,80,"A",2001,"S WAG","SUBARU","Station Wagon","M",39,"30-39","Drivers"
"T20190013428","18/7/19",18:25:00,"Collision with vehicle","Thursday","Dusk/Dawn",2,2,"Not at intersection",3,100,"A",2009,"SEDAN","TOYOTA","Car","F",27,"26-29","Drivers"
"T20190013428","18/7/19",18:25:00,"Collision with vehicle","Thursday","Dusk/Dawn",2,2,"Not at intersection",3,100,"B",2012,"WAGON","HYNDAI","Station Wagon","M",42,"40-49","Drivers"
"T20190013429","19/7/19",12:20:00,"Collision with a fixed object","Friday","Day",1,1,"Not at intersection",3,50,"A",2016,"TRAY","ISUZU","Light Commercial Vehicle (Rigid) <= 4.5 Tonnes GVM","M",37,"30-39","Drivers"
"T20190013432","25/6/19",16:25:00,"Collision with vehicle","Tuesday","Unknown",2,2,"T intersection",3,60,"A",2002,"S WAG","FORD","Station Wagon","M",38,"30-39","Drivers"
"T20190013432","25/6/19",16:25:00,"Collision with vehicle","Tuesday","Unknown",2,2,"T intersection",3,60,"B",2005,"SEDAN","HOLDEN","Car","M",18,"17-21","Drivers"
"T20190013436","18/7/19",06:35:00,"Collision with vehicle","Thursday","Dusk/Dawn",2,2,"T intersection",3,60,"A",2008,"SEDAN","HOLDEN","Car","M",22,"22-25","Drivers"
"T20190013436","18/7/19",06:35:00,"Collision with vehicle","Thursday","Dusk/Dawn",2,2,"T intersection",3,60,"B",2017,"SEDAN","SUBARU","Car","F",20,"17-21","Drivers"
"T20190013437","19/7/19",13:00:00,"Collision with vehicle","Friday","Unknown",2,2,"Not at intersection",3,999,"A",2013,"UTIL","FORD","Utility","M",43,"40-49","Drivers"
"T20190013437","19/7/19",13:00:00,"Collision with vehicle","Friday","Unknown",2,2,"Not at intersection",3,999,"B",2001,"UTIL","HOLDEN","Utility","M",37,"30-39","Drivers"
"T20190013438","19/7/19",12:00:00,"Collision with vehicle","Friday","Day",2,3,"Cross intersection",3,110,"A",0,"SED","TOYOTA","Car","F",84,"70+","Drivers"
"T20190013438","19/7/19",12:00:00,"Collision with vehicle","Friday","Day",2,3,"Cross intersection",3,110,"B",2014,"SED","SUBARU","Car","M",74,"70+","Drivers"
"T20190013440","18/7/19",18:18:00,"Collision with a fixed object","Thursday","Dark Street lights unknown",1,2,"Cross intersection",2,50,"A",2017,"SEDAN","TOYOTA","Car","F",75,"70+","Drivers"
"T20190013441","15/7/19",05:40:00,"collision with some other object","Monday","Dark No street lights",1,1,"Not at intersection",3,110,"A",2014,"S WAG","HOLDEN","Station Wagon","F",56,"50-59","Drivers"