"ACCIDENT_NO","ACCIDENTDATE","ACCIDENTTIME","Accident Type Desc","Day Week Description","Light Condition Desc","NO_OF_VEHICLES","NO_PERSONS","Road Geometry Desc","SEVERITY","SPEED_ZONE","VEHICLE_ID","VEHICLE_YEAR_MANUF","VEHICLE_BODY_STYLE","VEHICLE_MAKE","Vehicle Type Desc","SEX","AGE","Age Group","Road User Type Desc"
"T20190013443","19/7/19",15:55:00,"Collision with vehicle","Friday","Day",2,1,"Not at intersection",2,70,"A",2002,"SEDAN","HOLDEN","Car","M",60,"60-64","Drivers"
"T20190013445","19/7/19",16:35:00,"Collision with vehicle","Friday","Day",2,2,"T intersection",3,60,"A",2015,"SEDAN","HOLDEN","Car","F",48,"40-49","Drivers"
"T20190013445","19/7/19",16:35:00,"Collision with vehicle","Friday","Day",2,2,"T intersection",3,60,"B",2006,"TIPPER","ISUZU","Prime Mover Only","M",40,"40-49","Drivers"
"T20190013446","19/7/19",15:45:00,"Collision with vehicle","Friday","Day",3,3,"Not at intersection",3,40,"A",1995,"WAGON","HONDA","Station Wagon","F",36,"30-39","Drivers"
"T20190013446","19/7/19",15:45:00,"Collision with vehicle","Friday","Day",3,3,"Not at intersection",3,40,"B",2015,"JEEP","JEEP","Station Wagon","F",26,"26-29","Drivers"
"T20190013446","19/7/19",15:45:00,"Collision with vehicle","Friday","Day",3,3,"Not at intersection",3,40,"C",2004,"SEDAN","FORD","Car","M",45,"40-49","Drivers"
"T20190013447","19/7/19",15:34:00,"Collision with vehicle","Friday","Day",3,5,"Not at intersection",3,100,"A",2002,"SEDAN","SUBARU","Car","M",23,"22-25","Drivers"
"T20190013447","19/7/19",15:34:00,"Collision with vehicle","Friday","Day",3,5,"Not at intersection",3,100,"B",2018,"S WAG","VOLKS","Station Wagon","U",NA,"unknown","Drivers"
"T20190013447","19/7/19",15:34:00,"Collision with vehicle","Friday","Day",3,5,"Not at intersection",3,100,"C",2018,"SEDAN","B M W","Car","U",NA,"unknown","Drivers"
"T20190013448","19/7/19",14:30:00,"Collision with vehicle","Friday","Day",2,2,"Cross intersection",3,50,"A",2007,"SEDAN","MITSUB","Car","M",76,"70+","Drivers"
"T20190013448","19/7/19",14:30:00,"Collision with vehicle","Friday","Day",2,2,"Cross intersection",3,50,"B",2000,"BUS","VOLVO","Bus/Coach","M",33,"30-39","Drivers"
"T20190013451","19/7/19",00:11:00,"Collision with vehicle","Friday","Dark Street lights on",2,2,"T intersection",3,50,"A",2012,"SEDAN","SUBARU","Car","M",23,"22-25","Drivers"
"T20190013451","19/7/19",00:11:00,"Collision with vehicle","Friday","Dark Street lights on",2,2,"T intersection",3,50,"B",2013,"SEDAN","HYNDAI","Car","F",31,"30-39","Drivers"
"T20190013454","25/6/19",11:55:00,"Collision with vehicle","Tuesday","Day",2,2,"Cross intersection",3,999,"A",2007,"UTIL","FORD","Utility","M",88,"70+","Drivers"
"T20190013458","10/7/19",15:30:00,"Collision with a fixed object","Wednesday","Day",2,1,"Not at intersection",3,60,"A",2018,"COUPE","MERC B","Car","M",23,"22-25","Drivers"
"T20190013460","19/7/19",16:56:00,"Struck Pedestrian","Friday","Day",1,3,"Cross intersection",3,60,"A",2017,"BUS","SCANIA","Bus/Coach","M",63,"60-64","Drivers"
"T20190013463","19/7/19",15:50:00,"Collision with vehicle","Friday","Day",3,3,"Not at intersection",3,80,"A",0,NA,"TOYOTA","Car","M",49,"40-49","Drivers"
"T20190013463","19/7/19",15:50:00,"Collision with vehicle","Friday","Day",3,3,"Not at intersection",3,80,"B",2015,"SEDAN","UNKN","Car","F",31,"30-39","Drivers"
"T20190013463","19/7/19",15:50:00,"Collision with vehicle","Friday","Day",3,3,"Not at intersection",3,80,"C",2011,"SEDAN","TOYOTA","Car","F",61,"60-64","Drivers"
"T20190013464","19/7/19",18:55:00,"Struck Pedestrian","Friday","Dark No street lights",1,2,"Not at intersection",3,60,"A",2011,"BUS","SCANIA","Bus/Coach","M",54,"50-59","Drivers"
"T20190013465","19/7/19",20:03:00,"Collision with a fixed object","Friday","Dark Street lights on",1,1,"Not at intersection",3,50,"A",2006,"DC UTE","TOYOTA","Utility","M",22,"22-25","Drivers"
"T20190013469","19/7/19",17:55:00,"Collision with vehicle","Friday","Dark Street lights on",4,5,"Not at intersection",3,70,"A",2005,"VAN","HINO","Light Commercial Vehicle (Rigid) <= 4.5 Tonnes GVM","M",32,"30-39","Drivers"
"T20190013469","19/7/19",17:55:00,"Collision with vehicle","Friday","Dark Street lights on",4,5,"Not at intersection",3,70,"B",2016,"SEDAN","HYNDAI","Car","M",32,"30-39","Drivers"
"T20190013469","19/7/19",17:55:00,"Collision with vehicle","Friday","Dark Street lights on",4,5,"Not at intersection",3,70,"C",2017,"SEDAN","KIA","Car","F",35,"30-39","Drivers"
"T20190013469","19/7/19",17:55:00,"Collision with vehicle","Friday","Dark Street lights on",4,5,"Not at intersection",3,70,"D",2015,"WAGON","FORD","Station Wagon","M",77,"70+","Drivers"
"T20190013478","19/7/19",20:50:00,"Collision with vehicle","Friday","Dark Street lights on",2,3,"Not at intersection",3,80,"A",2017,"VAN","FORD","Panel Van","M",32,"30-39","Drivers"
"T20190013478","19/7/19",20:50:00,"Collision with vehicle","Friday","Dark Street lights on",2,3,"Not at intersection",3,80,"B",2014,"DC UTE","TOYOTA","Utility","M",23,"22-25","Drivers"
"T20190013479","19/7/19",19:30:00,"Struck animal","Friday","Dark No street lights",1,1,"Not at intersection",3,60,"A",2005,"TOURER","PEUG","Car","F",23,"22-25","Drivers"
"T20190013481","19/7/19",20:20:00,"Collision with vehicle","Friday","Dark Street lights on",2,3,"T intersection",3,60,"A",2013,"SEDAN","MAZDA","Car","F",19,"17-21","Drivers"
"T20190013482","19/7/19",21:45:00,"Struck Pedestrian","Friday","Dark Street lights on",1,2,"Not at intersection",3,80,"A",2011,"SED","HOLDEN","Car","M",27,"26-29","Drivers"
"T20190013485","20/7/19",01:30:00,"Vehicle overturned (no collision)","Saturday","Dark No street lights",1,2,"Not at intersection",3,100,"A",2001,"DC UTE","NISSAN","Utility","M",28,"26-29","Drivers"
"T20190013486","20/7/19",00:50:00,"Fall from or in moving vehicle","Saturday","Dark Street lights on",1,2,"Not at intersection",3,100,"A",2008,"VAN","MERC B","Panel Van","M",65,"64-69","Drivers"
"T20190013487","20/7/19",01:25:00,"Struck animal","Saturday","Dark No street lights",1,4,"Not at intersection",3,100,"A",2014,"SEDAN","HOLDEN","Car","M",28,"26-29","Drivers"
"T20190013490","20/7/19",02:54:00,"Collision with a fixed object","Saturday","Dark Street lights on",1,1,"Not at intersection",3,60,"A",2010,"SEDAN","FORD","Car","F",43,"40-49","Drivers"
"T20190013491","20/7/19",04:30:00,"Collision with vehicle","Saturday","Dark Street lights on",2,2,"Not at intersection",3,80,"A",2009,"SEDAN","FORD","Car","F",27,"26-29","Drivers"
"T20190013491","20/7/19",04:30:00,"Collision with vehicle","Saturday","Dark Street lights on",2,2,"Not at intersection",3,80,"B",2015,"DC UTE","MAZDA","Utility","M",24,"22-25","Drivers"
"T20190013492","20/5/19",12:25:00,"Collision with vehicle","Monday","Unknown",2,2,"Cross intersection",3,999,"A",2012,"WAGON","SUBARU","Station Wagon","M",41,"40-49","Drivers"
"T20190013492","20/5/19",12:25:00,"Collision with vehicle","Monday","Unknown",2,2,"Cross intersection",3,999,"B",2015,"TRAY","FORD","Utility","M",65,"64-69","Drivers"
"T20190013496","20/7/19",09:00:00,"Collision with vehicle","Saturday","Day",2,2,"Cross intersection",3,100,"A",2001,"SEDAN","TOYOTA","Car","M",37,"30-39","Drivers"
"T20190013496","20/7/19",09:00:00,"Collision with vehicle","Saturday","Day",2,2,"Cross intersection",3,100,"B",2010,"WAGON","HOLDEN","Station Wagon","F",46,"40-49","Drivers"
"T20190013497","20/7/19",08:40:00,"Collision with a fixed object","Saturday","Day",1,1,"Not at intersection",3,100,"A",2013,"WAGON","FORD","Station Wagon","M",20,"17-21","Drivers"
"T20190013498","20/7/19",09:00:00,"Collision with vehicle","Saturday","Day",2,2,"Cross intersection",3,60,"A",2010,"SEDAN","MAZDA","Car","M",59,"50-59","Drivers"
"T20190013498","20/7/19",09:00:00,"Collision with vehicle","Saturday","Day",2,2,"Cross intersection",3,60,"B",2001,"RDSTR","B M W","Car","M",29,"26-29","Drivers"
"T20190013501","20/7/19",08:49:00,"Collision with vehicle","Saturday","Day",2,2,"Cross intersection",3,60,"A",2000,"SEDAN","NISSAN","Car","M",20,"17-21","Drivers"
"T20190013502","16/7/19",14:55:00,"Collision with vehicle","Tuesday","Day",3,3,"T intersection",3,60,"A",2010,"SEDAN","MERC B","Car","F",30,"30-39","Drivers"
"T20190013502","16/7/19",14:55:00,"Collision with vehicle","Tuesday","Day",3,3,"T intersection",3,60,"B",2009,"SEDAN","HONDA","Car","M",63,"60-64","Drivers"
"T20190013502","16/7/19",14:55:00,"Collision with vehicle","Tuesday","Day",3,3,"T intersection",3,60,"C",2003,"S WAG","HOLDEN","Station Wagon","M",53,"50-59","Drivers"
"T20190013503","5/7/19",12:00:00,"No collision and no object struck","Friday","Day",2,2,"T intersection",3,60,"C",2003,"SEDAN","FORD","Car","M",71,"70+","Drivers"
"T20190013504","20/7/19",10:30:00,"Collision with a fixed object","Saturday","Day",2,4,"Not at intersection",3,50,"A",1995,"SEDAN","MITSUB","Car","F",80,"70+","Drivers"
"T20190013504","20/7/19",10:30:00,"Collision with a fixed object","Saturday","Day",2,4,"Not at intersection",3,50,"B",2007,"SEDAN","TOYOTA","Car","F",87,"70+","Drivers"
"T20190013506","20/7/19",10:30:00,"Collision with vehicle","Saturday","Day",5,7,"Not at intersection",3,60,"A",2018,"SEDAN","HOLDEN","Car","M",40,"40-49","Drivers"
"T20190013506","20/7/19",10:30:00,"Collision with vehicle","Saturday","Day",5,7,"Not at intersection",3,60,"B",2003,"S WAG","HOLDEN","Station Wagon","F",40,"40-49","Drivers"
"T20190013506","20/7/19",10:30:00,"Collision with vehicle","Saturday","Day",5,7,"Not at intersection",3,60,"C",2002,"SEDAN","FORD","Car","M",49,"40-49","Drivers"
"T20190013506","20/7/19",10:30:00,"Collision with vehicle","Saturday","Day",5,7,"Not at intersection",3,60,"D",1993,"S WAG","MITSUB","Station Wagon","F",50,"50-59","Drivers"
"T20190013506","20/7/19",10:30:00,"Collision with vehicle","Saturday","Day",5,7,"Not at intersection",3,60,"E",2008,"SEDAN","MERC B","Car","F",23,"22-25","Drivers"
"T20190013508","20/7/19",09:45:00,"Collision with vehicle","Saturday","Day",2,2,"T intersection",3,100,"A",2007,"SEDAN","HOLDEN","Car","M",20,"17-21","Drivers"
"T20190013508","20/7/19",09:45:00,"Collision with vehicle","Saturday","Day",2,2,"T intersection",3,100,"B",2005,"SEDAN","PROTON","Car","F",82,"70+","Drivers"
"T20190013510","17/7/19",17:45:00,"Collision with vehicle","Wednesday","Day",2,2,"Cross intersection",3,60,"A",2010,"WAGON","HYNDAI","Car","F",46,"40-49","Drivers"
"T20190013510","17/7/19",17:45:00,"Collision with vehicle","Wednesday","Day",2,2,"Cross intersection",3,60,"B",2018,"SEDAN","HYNDAI","Car","M",30,"30-39","Drivers"
"T20190013511","27/5/19",10:30:00,"Collision with vehicle","Monday","Day",2,2,"Not at intersection",2,60,"A",0,"SEDAN","TOYOTA","Car","U",NA,"unknown","Drivers"
"T20190013511","27/5/19",10:30:00,"Collision with vehicle","Monday","Day",2,2,"Not at intersection",2,60,"B",2006,"SEDAN","HOLDEN","Car","M",20,"17-21","Drivers"
"T20190013514","20/7/19",12:00:00,"Collision with vehicle","Saturday","Day",2,3,"T intersection",3,80,"A",2014,"UTIL","FORD","Utility","M",40,"40-49","Drivers"
"T20190013514","20/7/19",12:00:00,"Collision with vehicle","Saturday","Day",2,3,"T intersection",3,80,"B",2018,"SEDAN","MAZDA","Car","M",25,"22-25","Drivers"
"T20190013517","20/7/19",14:45:00,"Struck Pedestrian","Saturday","Day",1,2,"Not at intersection",3,50,"A",2007,"SEDAN","B M W","Car","F",56,"50-59","Drivers"
"T20190013519","20/7/19",13:21:00,"Collision with vehicle","Saturday","Day",2,5,"Not at intersection",3,80,"A",2017,"TRAY","MAZDA","Light Commercial Vehicle (Rigid) <= 4.5 Tonnes GVM","M",35,"30-39","Drivers"
"T20190013519","20/7/19",13:21:00,"Collision with vehicle","Saturday","Day",2,5,"Not at intersection",3,80,"B",2005,"DC UTE","TOYOTA","Utility","M",45,"40-49","Drivers"
"T20190013522","7/6/19",10:25:00,"Collision with vehicle","Friday","Unknown",2,2,"T intersection",3,70,"A",2014,"WAGON","JEEP","Station Wagon","F",49,"40-49","Drivers"
"T20190013522","7/6/19",10:25:00,"Collision with vehicle","Friday","Unknown",2,2,"T intersection",3,70,"B",2004,"SEDAN","HOLDEN","Car","F",22,"22-25","Drivers"
"T20190013523","20/7/19",15:35:00,"Collision with vehicle","Saturday","Day",2,3,"T intersection",3,50,"A",2015,"SEDAN","TOYOTA","Taxi","M",46,"40-49","Drivers"
"T20190013527","20/7/19",16:51:00,"Collision with vehicle","Saturday","Day",2,3,"T intersection",3,60,"A",2014,"WAGON","TOYOTA","Station Wagon","M",40,"40-49","Drivers"
"T20190013527","20/7/19",16:51:00,"Collision with vehicle","Saturday","Day",2,3,"T intersection",3,60,"B",2007,"SEDAN","NISSAN","Car","F",66,"64-69","Drivers"
"T20190013528","9/7/19",17:15:00,"Collision with vehicle","Tuesday","Dusk/Dawn",2,2,"Not at intersection",3,100,"A",2017,"SEDAN","KIA","Car","F",55,"50-59","Drivers"
"T20190013528","9/7/19",17:15:00,"Collision with vehicle","Tuesday","Dusk/Dawn",2,2,"Not at intersection",3,100,"B",2013,"VAN","MERC B","Panel Van","M",83,"70+","Drivers"
"T20190013530","20/7/19",16:36:00,"Collision with vehicle","Saturday","Day",2,5,"Cross intersection",3,70,"A",2017,"SEDAN","TOYOTA","Car","U",NA,"unknown","Drivers"
"T20190013530","20/7/19",16:36:00,"Collision with vehicle","Saturday","Day",2,5,"Cross intersection",3,70,"B",2004,"WAGON","HONDA","Station Wagon","F",39,"30-39","Drivers"
"T20190013532","20/7/19",11:45:00,"Collision with vehicle","Saturday","Day",2,2,"T intersection",3,70,"A",1996,"VAN","VOLKS","Panel Van","M",41,"40-49","Drivers"
"T20190013532","20/7/19",11:45:00,"Collision with vehicle","Saturday","Day",2,2,"T intersection",3,70,"B",2017,"SED","TOYOTA","Car","M",19,"17-21","Drivers"
"T20190013533","20/7/19",17:20:00,"Collision with vehicle","Saturday","Dark No street lights",2,2,"T intersection",2,100,"A",2009,"DC UTE","TOYOTA","Utility","M",75,"70+","Drivers"
"T20190013533","20/7/19",17:20:00,"Collision with vehicle","Saturday","Dark No street lights",2,2,"T intersection",2,100,"B",1997,"WAGON","SUZUKI","Station Wagon","M",64,"60-64","Drivers"
"T20190013534","20/7/19",18:10:00,"Struck Pedestrian","Saturday","Dark Street lights on",1,2,"Not at intersection",3,50,"A",2015,"SEDAN","TOYOTA","Car","F",46,"40-49","Drivers"
"T20190013536","20/7/19",17:20:00,"Collision with vehicle","Saturday","Dusk/Dawn",2,4,"Not at intersection",3,60,"A",1993,"S WAG","TOYOTA","Station Wagon","M",20,"17-21","Drivers"
"T20190013537","20/7/19",16:30:00,"Collision with a fixed object","Saturday","Day",1,1,"Not at intersection",3,110,"A",2003,"WAGON","HOLDEN","Station Wagon","F",25,"22-25","Drivers"
"T20190013541","20/7/19",17:00:00,"Collision with vehicle","Saturday","Day",2,2,"T intersection",3,100,"A",2003,"SEDAN","UNKN","Car","M",53,"50-59","Drivers"
"T20190013541","20/7/19",17:00:00,"Collision with vehicle","Saturday","Day",2,2,"T intersection",3,100,"B",2017,"VAN","VOLKS","Panel Van","M",67,"64-69","Drivers"
"T20190013543","20/7/19",14:47:00,"Collision with vehicle","Saturday","Day",2,2,"Cross intersection",3,80,"A",2018,"DC UTE","FORD","Utility","M",40,"40-49","Drivers"
"T20190013543","20/7/19",14:47:00,"Collision with vehicle","Saturday","Day",2,2,"Cross intersection",3,80,"B",1986,"P MVR","KENWTH","Prime Mover - Single Trailer","M",66,"64-69","Drivers"
"T20190013544","20/7/19",19:25:00,"Collision with vehicle","Saturday","Dark Street lights on",2,4,"Cross intersection",3,60,"A",2002,"SEDAN","HOLDEN","Car","M",22,"22-25","Drivers"
"T20190013544","20/7/19",19:25:00,"Collision with vehicle","Saturday","Dark Street lights on",2,4,"Cross intersection",3,60,"B",2017,"WAGON","HOLDEN","Station Wagon","F",56,"50-59","Drivers"
"T20190013545","19/7/19",06:30:00,"Collision with vehicle","Friday","Dark Street lights on",2,2,"T intersection",3,80,"A",2018,"DC UTE","TOYOTA","Utility","M",25,"22-25","Drivers"
"T20190013545","19/7/19",06:30:00,"Collision with vehicle","Friday","Dark Street lights on",2,2,"T intersection",3,80,"B",2004,"DC UTE","FORD","Utility","M",47,"40-49","Drivers"
"T20190013546","20/7/19",16:41:00,"Collision with vehicle","Saturday","Day",3,3,"T intersection",1,80,"A",2010,"T SDS","MITSUB","Light Commercial Vehicle (Rigid) <= 4.5 Tonnes GVM","M",54,"50-59","Drivers"
"T20190013549","20/7/19",18:00:00,"Collision with vehicle","Saturday","Dark Street lights on",2,2,"Not at intersection",3,70,"A",2013,"WAGON","MITSUB","Station Wagon","F",50,"50-59","Drivers"
"T20190013549","20/7/19",18:00:00,"Collision with vehicle","Saturday","Dark Street lights on",2,2,"Not at intersection",3,70,"B",2000,"SEDAN","TOYOTA","Car","M",31,"30-39","Drivers"
"T20190013550","20/7/19",20:50:00,"Collision with vehicle","Saturday","Dark Street lights on",2,6,"Cross intersection",1,70,"A",2008,"SEDAN","HOLDEN","Car","M",25,"22-25","Drivers"
"T20190013550","20/7/19",20:50:00,"Collision with vehicle","Saturday","Dark Street lights on",2,6,"Cross intersection",1,70,"B",2007,"BUS","TOYOTA","Taxi","M",31,"30-39","Drivers"
"T20190013552","20/7/19",22:30:00,"Struck Pedestrian","Saturday","Dark Street lights on",1,2,"Cross intersection",3,60,"A",2016,"WAGON","HYNDAI","Station Wagon","M",68,"64-69","Drivers"
"T20190013553","20/7/19",21:40:00,"Collision with vehicle","Saturday","Dark Street lights on",2,6,"Cross intersection",3,60,"A",2015,"SEDAN","MAZDA","Car","F",23,"22-25","Drivers"
"T20190013553","20/7/19",21:40:00,"Collision with vehicle","Saturday","Dark Street lights on",2,6,"Cross intersection",3,60,"B",2014,"WAGON","JEEP","Station Wagon","M",66,"64-69","Drivers"
"T20190013554","20/7/19",02:05:00,"Collision with vehicle","Saturday","Dark Street lights on",2,2,"Cross intersection",3,60,"A",2006,"SEDAN","HOLDEN","Car","M",24,"22-25","Drivers"
"T20190013554","20/7/19",02:05:00,"Collision with vehicle","Saturday","Dark Street lights on",2,2,"Cross intersection",3,60,"B",2019,"WAGON","MAZDA","Car","F",28,"26-29","Drivers"
"T20190013558","20/7/19",22:57:00,"Struck Pedestrian","Saturday","Dark No street lights",1,3,"Not at intersection",3,60,"A",2015,"UTIL","HOLDEN","Utility","F",63,"60-64","Drivers"
"T20190013561","21/7/19",01:10:00,"Struck Pedestrian","Sunday","Dark Street lights on",1,4,"T intersection",2,40,"A",2016,"SEDAN","TOYOTA","Taxi","M",55,"50-59","Drivers"
"T20190013563","21/7/19",05:35:00,"Collision with a fixed object","Sunday","Dark Street lights on",1,1,"T intersection",3,80,"A",2001,"TRAY","HOLDEN","Light Commercial Vehicle (Rigid) <= 4.5 Tonnes GVM","M",84,"70+","Drivers"
"T20190013565","19/7/19",16:15:00,"Collision with vehicle","Friday","Day",2,2,"Not at intersection",3,70,"C",2008,"WAGON","NISSAN","Car","M",43,"40-49","Drivers"
"T20190013566","21/7/19",05:15:00,"Collision with vehicle","Sunday","Dark Street lights on",2,4,"Cross intersection",3,60,"A",2010,"SEDAN","VOLKS","Car","M",22,"22-25","Drivers"
"T20190013566","21/7/19",05:15:00,"Collision with vehicle","Sunday","Dark Street lights on",2,4,"Cross intersection",3,60,"B",2011,"SEDAN","FORD","Car","M",25,"22-25","Drivers"
"T20190013569","21/7/19",07:40:00,"Collision with vehicle","Sunday","Day",2,2,"Not at intersection",3,60,"A",2000,"SED","HOLDEN","Car","M",23,"22-25","Drivers"
"T20190013569","21/7/19",07:40:00,"Collision with vehicle","Sunday","Day",2,2,"Not at intersection",3,60,"B",2015,"SED","TOYOTA","Car","M",65,"64-69","Drivers"
"T20190013570","20/7/19",09:00:00,"Collision with vehicle","Saturday","Day",2,2,"Cross intersection",3,60,"A",2007,"DC UTE","TOYOTA","Utility","M",60,"60-64","Drivers"
"T20190013571","21/7/19",06:40:00,"Struck animal","Sunday","Dusk/Dawn",1,1,"Not at intersection",3,100,"A",2018,"MULTI","HOLDEN","Utility","F",26,"26-29","Drivers"
"T20190013574","21/7/19",10:37:00,"Collision with vehicle","Sunday","Day",2,4,"T intersection",3,60,"A",2012,"SEDAN","MAZDA","Car","F",71,"70+","Drivers"
"T20190013574","21/7/19",10:37:00,"Collision with vehicle","Sunday","Day",2,4,"T intersection",3,60,"B",2015,"WAGON","PORSCH","Station Wagon","M",60,"60-64","Drivers"
"T20190013581","21/7/19",11:10:00,"Collision with vehicle","Sunday","Day",2,3,"Not at intersection",3,100,"A",2016,"UTIL","TOYOTA","Utility","M",29,"26-29","Drivers"
"T20190013581","21/7/19",11:10:00,"Collision with vehicle","Sunday","Day",2,3,"Not at intersection",3,100,"B",2019,"WAGON","SUBARU","Station Wagon","M",52,"50-59","Drivers"
"T20190013582","21/7/19",11:40:00,"Collision with a fixed object","Sunday","Day",1,1,"Not at intersection",3,100,"A",2006,"SEDAN","UNKN","Car","M",18,"17-21","Drivers"
"T20190013585","21/7/19",11:15:00,"Collision with vehicle","Sunday","Day",3,4,"Not at intersection",3,80,"B",2008,"SEDAN","FORD","Car","F",36,"30-39","Drivers"
"T20190013585","21/7/19",11:15:00,"Collision with vehicle","Sunday","Day",3,4,"Not at intersection",3,80,"C",2008,"SEDAN","NISSAN","Car","F",21,"17-21","Drivers"
"T20190013586","21/7/19",14:00:00,"Collision with vehicle","Sunday","Day",2,3,"Cross intersection",3,100,"A",2017,"VAN","TOYOTA","Panel Van","M",25,"22-25","Drivers"
"T20190013586","21/7/19",14:00:00,"Collision with vehicle","Sunday","Day",2,3,"Cross intersection",3,100,"B",2007,"COUPE","PEUG","Car","F",40,"40-49","Drivers"
"T20190013589","21/7/19",15:00:00,"Collision with vehicle","Sunday","Day",2,4,"Cross intersection",3,60,"A",2005,"SEDAN","TOYOTA","Car","M",74,"70+","Drivers"
"T20190013589","21/7/19",15:00:00,"Collision with vehicle","Sunday","Day",2,4,"Cross intersection",3,60,"B",2010,"SEDAN","MERC B","Car","M",22,"22-25","Drivers"
"T20190013591","21/7/19",13:45:00,"Collision with vehicle","Sunday","Day",2,4,"Cross intersection",3,80,"A",2014,"UTIL","MITSUB","Utility","M",57,"50-59","Drivers"
"T20190013591","21/7/19",13:45:00,"Collision with vehicle","Sunday","Day",2,4,"Cross intersection",3,80,"B",2010,"WAGON","TOYOTA","Station Wagon","M",64,"60-64","Drivers"
"T20190013592","21/7/19",16:25:00,"Collision with vehicle","Sunday","Day",2,2,"T intersection",3,80,"A",2004,"SEDAN","HOLDEN","Car","M",82,"70+","Drivers"
"T20190013593","20/7/19",15:20:00,"No collision and no object struck","Saturday","Day",2,2,"T intersection",3,60,"A",2018,"SEDAN","HYNDAI","Car","F",23,"22-25","Drivers"
"T20190013599","21/7/19",19:30:00,"Collision with vehicle","Sunday","Dark Street lights on",2,2,"Not at intersection",3,100,"A",2006,"S WAG","HOLDEN","Station Wagon","M",38,"30-39","Drivers"
"T20190013599","21/7/19",19:30:00,"Collision with vehicle","Sunday","Dark Street lights on",2,2,"Not at intersection",3,100,"B",2009,"DC UTE","NISSAN","Utility","M",46,"40-49","Drivers"
"T20190013600","20/7/19",18:30:00,"Collision with vehicle","Saturday","Dark No street lights",2,4,"Not at intersection",3,100,"A",1991,"COUPE","TOYOTA","Car","M",23,"22-25","Drivers"
"T20190013600","20/7/19",18:30:00,"Collision with vehicle","Saturday","Dark No street lights",2,4,"Not at intersection",3,100,"B",2009,"DC UTE","NISSAN","Utility","M",49,"40-49","Drivers"
"T20190013604","21/7/19",15:15:00,"Collision with vehicle","Sunday","Day",2,3,"T intersection",3,60,"A",2015,"S WAG","KIA","Station Wagon","F",36,"30-39","Drivers"
"T20190013604","21/7/19",15:15:00,"Collision with vehicle","Sunday","Day",2,3,"T intersection",3,60,"B",2005,"SEDAN","HOLDEN","Car","M",28,"26-29","Drivers"
"T20190013607","21/7/19",22:50:00,"Collision with vehicle","Sunday","Dark Street lights on",2,1,"Not at intersection",2,40,"A",2019,"WAGON","HYNDAI","Station Wagon","F",28,"26-29","Drivers"
"T20190013608","14/7/19",18:30:00,"Collision with vehicle","Sunday","Dark Street lights on",2,2,"Not at intersection",3,999,"A",2003,"SEDAN","NISSAN","Car","M",71,"70+","Drivers"
"T20190013608","14/7/19",18:30:00,"Collision with vehicle","Sunday","Dark Street lights on",2,2,"Not at intersection",3,999,"B",0,"COUPE","VOLKS","Car","U",NA,"unknown","Drivers"
"T20190013610","22/7/19",01:20:00,"Collision with a fixed object","Monday","Dark Street lights on",1,1,"Not at intersection",2,60,"A",2005,"SEDAN","MAZDA","Car","M",24,"22-25","Drivers"
"T20190013612","22/7/19",05:30:00,"Collision with vehicle","Monday","Dark Street lights on",3,3,"T intersection",2,50,"A",2006,"SEDAN","HONDA","Car","M",43,"40-49","Drivers"
"T20190013612","22/7/19",05:30:00,"Collision with vehicle","Monday","Dark Street lights on",3,3,"T intersection",2,50,"B",2009,"SEDAN","LEXUS","Car","M",36,"30-39","Drivers"
"T20190013613","22/7/19",06:20:00,"Collision with vehicle","Monday","Dark Street lights on",2,2,"Cross intersection",3,60,"A",2002,"SED","MERC B","Car","M",26,"26-29","Drivers"
"T20190013613","22/7/19",06:20:00,"Collision with vehicle","Monday","Dark Street lights on",2,2,"Cross intersection",3,60,"B",2002,"SEDAN","HOLDEN","Car","M",39,"30-39","Drivers"
"T20190013614","21/7/19",16:06:00,"Collision with a fixed object","Sunday","Day",1,2,"Not at intersection",1,100,"A",1999,"SED","HOLDEN","Car","F",26,"26-29","Drivers"
"T20190013616","22/7/19",06:55:00,"Collision with vehicle","Monday","Dusk/Dawn",2,2,"T intersection",3,50,"B",2015,"WAGON","SUBARU","Car","M",49,"40-49","Drivers"
"T20190013618","8/7/19",20:19:00,"Collision with vehicle","Monday","Dark Street lights on",2,4,"T intersection",3,70,"A",2017,"SEDAN","MAZDA","Car","F",44,"40-49","Drivers"
"T20190013618","8/7/19",20:19:00,"Collision with vehicle","Monday","Dark Street lights on",2,4,"T intersection",3,70,"B",2005,"S WAG","HOLDEN","Station Wagon","M",42,"40-49","Drivers"
"T20190013619","19/7/19",20:07:00,"Collision with vehicle","Friday","Dark Street lights on",3,1,"Not at intersection",2,50,"A",2006,"DC UTE","TOYOTA","Utility","M",22,"22-25","Drivers"
"T20190013622","22/7/19",09:37:00,"Collision with vehicle","Monday","Day",2,2,"Not at intersection",3,60,"A",2004,"WAGON","B M W","Station Wagon","F",42,"40-49","Drivers"
"T20190013625","22/7/19",07:20:00,"Collision with vehicle","Monday","Day",2,2,"Cross intersection",3,80,"A",2017,"SEDAN","NISSAN","Car","M",80,"70+","Drivers"
"T20190013626","20/7/19",10:50:00,"Collision with vehicle","Saturday","Day",3,3,"Multiple intersection",3,60,"B",2013,"SEDAN","MAZDA","Car","F",27,"26-29","Drivers"