"ACCIDENT_NO","ACCIDENTDATE","ACCIDENTTIME","Accident Type Desc","Day Week Description","Light Condition Desc","NO_OF_VEHICLES","NO_PERSONS","Road Geometry Desc","SEVERITY","SPEED_ZONE","VEHICLE_ID","VEHICLE_YEAR_MANUF","VEHICLE_BODY_STYLE","VEHICLE_MAKE","Vehicle Type Desc","SEX","AGE","Age Group","Road User Type Desc"
"T20190013626","20/7/19",10:50:00,"Collision with vehicle","Saturday","Day",3,3,"Multiple intersection",3,60,"C",2009,"SEDAN","VOLKS","Car","M",80,"70+","Drivers"
"T20190013626","20/7/19",10:50:00,"Collision with vehicle","Saturday","Day",3,3,"Multiple intersection",3,60,"D",2011,"WAGON","SUBARU","Station Wagon","F",18,"17-21","Drivers"
"T20190013627","22/7/19",08:30:00,"Collision with vehicle","Monday","Day",3,4,"Not at intersection",3,70,"A",2015,"UTIL","HOLDEN","Utility","F",22,"22-25","Drivers"
"T20190013627","22/7/19",08:30:00,"Collision with vehicle","Monday","Day",3,4,"Not at intersection",3,70,"B",2016,"WAGON","JEEP","Station Wagon","M",32,"30-39","Drivers"
"T20190013627","22/7/19",08:30:00,"Collision with vehicle","Monday","Day",3,4,"Not at intersection",3,70,"C",2014,"WAGON","JEEP","Station Wagon","F",42,"40-49","Drivers"
"T20190013631","3/7/19",19:00:00,"No collision and no object struck","Wednesday","Dark Street lights on",1,1,"Not at intersection",3,100,"A",2014,"DC UTE","VOLKS","Utility","M",33,"30-39","Drivers"
"T20190013632","20/7/19",20:45:00,"Collision with vehicle","Saturday","Dark Street lights on",2,2,"Cross intersection",3,50,"A",2009,"WAGON","FORD","Station Wagon","F",37,"30-39","Drivers"
"T20190013632","20/7/19",20:45:00,"Collision with vehicle","Saturday","Dark Street lights on",2,2,"Cross intersection",3,50,"B",2006,"SED","HONDA","Car","M",32,"30-39","Drivers"
"T20190013635","22/7/19",11:31:00,"Collision with vehicle","Monday","Day",2,5,"Cross intersection",3,40,"A",2000,"SEDAN","NISSAN","Car","F",34,"30-39","Drivers"
"T20190013635","22/7/19",11:31:00,"Collision with vehicle","Monday","Day",2,5,"Cross intersection",3,40,"B",2011,"SEDAN","FORD","Car","F",19,"17-21","Drivers"
"T20190013637","10/7/19",19:00:00,"Collision with vehicle","Wednesday","Dark Street lights on",2,3,"Not at intersection",3,60,"A",2004,"SEDAN","MAZDA","Car","F",46,"40-49","Drivers"
"T20190013637","10/7/19",19:00:00,"Collision with vehicle","Wednesday","Dark Street lights on",2,3,"Not at intersection",3,60,"B",2007,"SEDAN","MAZDA","Car","U",NA,"unknown","Drivers"
"T20190013639","19/7/19",09:30:00,"Collision with vehicle","Friday","Day",2,2,"T intersection",3,999,"A",2012,"UTIL","MITSUB","Utility","M",19,"17-21","Drivers"
"T20190013639","19/7/19",09:30:00,"Collision with vehicle","Friday","Day",2,2,"T intersection",3,999,"B",2011,"SEDAN","HONDA","Car","M",31,"30-39","Drivers"
"T20190013641","22/7/19",08:36:00,"Struck Pedestrian","Monday","Day",1,2,"T intersection",3,40,"A",2014,"SEDAN","ALFA R","Car","F",59,"50-59","Drivers"
"T20190013642","26/6/19",07:50:00,"Collision with vehicle","Wednesday","Unknown",2,2,"Not at intersection",3,60,"A",2004,"SEDAN","TOYOTA","Car","M",31,"30-39","Drivers"
"T20190013642","26/6/19",07:50:00,"Collision with vehicle","Wednesday","Unknown",2,2,"Not at intersection",3,60,"B",2012,"WAGON","HOLDEN","Station Wagon","M",43,"40-49","Drivers"
"T20190013645","17/7/19",18:15:00,"Collision with vehicle","Wednesday","Dark Street lights unknown",3,3,"T intersection",3,999,"A",2009,"SEDAN","MAZDA","Car","M",56,"50-59","Drivers"
"T20190013647","22/7/19",11:50:00,"Collision with vehicle","Monday","Day",2,2,"Cross intersection",3,50,"A",2007,"COUPE","B M W","Car","M",26,"26-29","Drivers"
"T20190013647","22/7/19",11:50:00,"Collision with vehicle","Monday","Day",2,2,"Cross intersection",3,50,"B",2014,"WAGON","SUBARU","Station Wagon","F",47,"40-49","Drivers"
"T20190013650","22/7/19",17:00:00,"Collision with vehicle","Monday","Day",3,5,"T intersection",3,60,"A",2010,"WAGON","TOYOTA","Station Wagon","F",31,"30-39","Drivers"
"T20190013650","22/7/19",17:00:00,"Collision with vehicle","Monday","Day",3,5,"T intersection",3,60,"B",2007,"SED","NISSAN","Car","F",36,"30-39","Drivers"
"T20190013650","22/7/19",17:00:00,"Collision with vehicle","Monday","Day",3,5,"T intersection",3,60,"C",2009,"SEDAN","NISSAN","Car","F",62,"60-64","Drivers"
"T20190013651","16/7/19",08:00:00,"Collision with vehicle","Tuesday","Unknown",2,2,"T intersection",3,999,"A",2012,"SEDAN","TOYOTA","Taxi","M",71,"70+","Drivers"
"T20190013652","22/7/19",16:00:00,"Collision with a fixed object","Monday","Day",1,1,"T intersection",3,60,"A",2014,"SEDAN","FORD","Car","M",37,"30-39","Drivers"
"T20190013653","11/6/19",15:18:00,"Collision with vehicle","Tuesday","Unknown",2,2,"Not at intersection",3,60,"A",2004,"SEDAN","HOLDEN","Car","M",47,"40-49","Drivers"
"T20190013653","11/6/19",15:18:00,"Collision with vehicle","Tuesday","Unknown",2,2,"Not at intersection",3,60,"B",2003,"SEDAN","KIA","Car","M",26,"26-29","Drivers"
"T20190013656","22/7/19",15:42:00,"Collision with vehicle","Monday","Day",3,3,"Cross intersection",3,40,"A",2014,"SEDAN","VOLVO","Car","M",57,"50-59","Drivers"
"T20190013656","22/7/19",15:42:00,"Collision with vehicle","Monday","Day",3,3,"Cross intersection",3,40,"B",2016,"SEDAN","HOLDEN","Car","M",55,"50-59","Drivers"
"T20190013656","22/7/19",15:42:00,"Collision with vehicle","Monday","Day",3,3,"Cross intersection",3,40,"C",2001,"SEDAN","NISSAN","Car","F",68,"64-69","Drivers"
"T20190013657","22/7/19",16:31:00,"Collision with vehicle","Monday","Day",2,3,"Cross intersection",3,999,"A",2014,"SEDAN","MERC B","Car","F",54,"50-59","Drivers"
"T20190013657","22/7/19",16:31:00,"Collision with vehicle","Monday","Day",2,3,"Cross intersection",3,999,"B",2010,"BUS","SCANIA","Bus/Coach","M",33,"30-39","Drivers"
"T20190013658","22/7/19",16:17:00,"Struck Pedestrian","Monday","Day",1,2,"Cross intersection",1,80,"A",2015,"SEDAN","HYNDAI","Car","F",39,"30-39","Drivers"
"T20190013659","22/7/19",16:30:00,"Collision with vehicle","Monday","Day",3,3,"Not at intersection",3,100,"A",2001,"SEDAN","HOLDEN","Car","M",47,"40-49","Drivers"
"T20190013659","22/7/19",16:30:00,"Collision with vehicle","Monday","Day",3,3,"Not at intersection",3,100,"B",2017,"WAGON","MAZDA","Station Wagon","F",25,"22-25","Drivers"
"T20190013659","22/7/19",16:30:00,"Collision with vehicle","Monday","Day",3,3,"Not at intersection",3,100,"C",2018,"WAGON","SUBARU","Station Wagon","M",56,"50-59","Drivers"
"T20190013661","22/7/19",15:20:00,"Collision with vehicle","Monday","Day",2,3,"Multiple intersection",3,999,"B",0,"UTIL","UNKN","Utility","U",NA,"unknown","Drivers"
"T20190013663","22/7/19",12:30:00,"Collision with vehicle","Monday","Day",2,2,"T intersection",3,777,"A",2016,"WAGON","VOLVO","Station Wagon","F",45,"40-49","Drivers"
"T20190013664","20/7/19",08:50:00,"Collision with vehicle","Saturday","Day",2,2,"T intersection",3,80,"A",2012,"SEDAN","HONDA","Car","M",56,"50-59","Drivers"
"T20190013664","20/7/19",08:50:00,"Collision with vehicle","Saturday","Day",2,2,"T intersection",3,80,"B",2018,"VAN","FORD","Panel Van","M",65,"64-69","Drivers"
"T20190013667","22/7/19",16:30:00,"Collision with vehicle","Monday","Day",2,2,"Cross intersection",3,999,"A",2013,"SEDAN","HOLDEN","Car","M",19,"17-21","Drivers"
"T20190013667","22/7/19",16:30:00,"Collision with vehicle","Monday","Day",2,2,"Cross intersection",3,999,"B",2012,"VAN","HINO","Light Commercial Vehicle (Rigid) <= 4.5 Tonnes GVM","M",65,"64-69","Drivers"
"T20190013669","22/7/19",21:30:00,"Collision with vehicle","Monday","Dark Street lights on",2,2,"T intersection",3,70,"A",2003,"SEDAN","HOLDEN","Car","F",33,"30-39","Drivers"
"T20190013669","22/7/19",21:30:00,"Collision with vehicle","Monday","Dark Street lights on",2,2,"T intersection",3,70,"B",2011,"SEDAN","FORD","Taxi","M",33,"30-39","Drivers"
"T20190013672","23/7/19",00:57:00,"Collision with vehicle","Tuesday","Dark No street lights",2,3,"Cross intersection",3,80,"A",2017,"SEDAN","HOLDEN","Car","M",32,"30-39","Drivers"
"T20190013672","23/7/19",00:57:00,"Collision with vehicle","Tuesday","Dark No street lights",2,3,"Cross intersection",3,80,"B",2006,"WAGON","FORD","Car","F",31,"30-39","Drivers"
"T20190013674","19/6/19",11:35:00,"Collision with vehicle","Wednesday","Day",2,2,"Cross intersection",3,60,"A",1998,"SEDAN","MITSUB","Car","F",25,"22-25","Drivers"
"T20190013674","19/6/19",11:35:00,"Collision with vehicle","Wednesday","Day",2,2,"Cross intersection",3,60,"B",2015,"SEDAN","UNKN","Car","F",39,"30-39","Drivers"
"T20190013675","21/7/19",22:57:00,"Collision with vehicle","Sunday","Dark Street lights on",2,3,"T intersection",3,50,"A",2006,"SEDAN","TOYOTA","Car","M",23,"22-25","Drivers"
"T20190013675","21/7/19",22:57:00,"Collision with vehicle","Sunday","Dark Street lights on",2,3,"T intersection",3,50,"B",2007,"SEDAN","TOYOTA","Car","M",25,"22-25","Drivers"
"T20190013677","23/7/19",04:50:00,"Collision with a fixed object","Tuesday","Dark Street lights on",1,1,"Not at intersection",3,50,"A",2002,"SEDAN","NISSAN","Car","F",27,"26-29","Drivers"
"T20190013680","22/7/19",13:55:00,"Collision with vehicle","Monday","Day",2,2,"Not at intersection",3,60,"A",2017,"SEDAN","AUDI","Car","M",62,"60-64","Drivers"
"T20190013683","19/7/19",22:35:00,"Collision with vehicle","Friday","Dark Street lights on",2,2,"T intersection",3,60,"A",2018,"SEDAN","KIA","Car","F",22,"22-25","Drivers"
"T20190013683","19/7/19",22:35:00,"Collision with vehicle","Friday","Dark Street lights on",2,2,"T intersection",3,60,"B",2014,"DC UTE","NISSAN","Utility","M",29,"26-29","Drivers"
"T20190013685","23/7/19",07:11:00,"Collision with a fixed object","Tuesday","Day",1,1,"Not at intersection",3,40,"A",2016,"VAN","TOYOTA","Panel Van","M",23,"22-25","Drivers"
"T20190013686","23/7/19",06:40:00,"Collision with vehicle","Tuesday","Dark No street lights",2,4,"Not at intersection",3,110,"A",2000,"S WAG","FORD","Station Wagon","M",29,"26-29","Drivers"
"T20190013686","23/7/19",06:40:00,"Collision with vehicle","Tuesday","Dark No street lights",2,4,"Not at intersection",3,110,"B",2014,"G UNIT","VOLVO","Heavy Vehicle (Rigid) > 4.5 Tonnes","M",53,"50-59","Drivers"
"T20190013687","23/7/19",07:52:00,"Collision with vehicle","Tuesday","Day",5,10,"Not at intersection",3,60,"A",2019,"SEDAN","HONDA","Taxi","M",39,"30-39","Drivers"
"T20190013687","23/7/19",07:52:00,"Collision with vehicle","Tuesday","Day",5,10,"Not at intersection",3,60,"B",2007,"VAN","VOLKS","Panel Van","M",30,"30-39","Drivers"
"T20190013687","23/7/19",07:52:00,"Collision with vehicle","Tuesday","Day",5,10,"Not at intersection",3,60,"C",2013,"WAGON","VOLKS","Station Wagon","F",29,"26-29","Drivers"
"T20190013687","23/7/19",07:52:00,"Collision with vehicle","Tuesday","Day",5,10,"Not at intersection",3,60,"D",2015,"WAGON","SKODA","Station Wagon","M",70,"70+","Drivers"
"T20190013687","23/7/19",07:52:00,"Collision with vehicle","Tuesday","Day",5,10,"Not at intersection",3,60,"E",2012,"WAGON","VOLKS","Station Wagon","M",34,"30-39","Drivers"
"T20190013688","23/7/19",08:15:00,"Struck Pedestrian","Tuesday","Day",1,2,"Cross intersection",2,80,"A",2014,"WAGON","FORD","Station Wagon","F",30,"30-39","Drivers"
"T20190013693","22/7/19",16:15:00,"Collision with vehicle","Monday","Day",3,3,"Not at intersection",3,60,"B",2004,"SEDAN","TOYOTA","Car","F",28,"26-29","Drivers"
"T20190013693","22/7/19",16:15:00,"Collision with vehicle","Monday","Day",3,3,"Not at intersection",3,60,"C",2011,"TRAY","TOYOTA","Light Commercial Vehicle (Rigid) <= 4.5 Tonnes GVM","M",59,"50-59","Drivers"
"T20190013695","21/7/19",11:30:00,"Collision with vehicle","Sunday","Day",2,2,"Cross intersection",3,80,"B",2018,"WAGON","SUBARU","Station Wagon","F",58,"50-59","Drivers"
"T20190013696","19/7/19",21:00:00,"Collision with vehicle","Friday","Dark Street lights on",2,3,"T intersection",3,50,"A",2002,"WAGON","B M W","Station Wagon","M",26,"26-29","Drivers"
"T20190013696","19/7/19",21:00:00,"Collision with vehicle","Friday","Dark Street lights on",2,3,"T intersection",3,50,"B",2005,"SEDAN","NISSAN","Car","F",17,"16-17","Drivers"
"T20190013697","18/7/19",16:45:00,"Collision with vehicle","Thursday","Day",4,4,"T intersection",3,70,"A",2001,"SEDAN","TOYOTA","Car","M",50,"50-59","Drivers"
"T20190013697","18/7/19",16:45:00,"Collision with vehicle","Thursday","Day",4,4,"T intersection",3,70,"B",2009,"WAGON","NISSAN","Station Wagon","M",49,"40-49","Drivers"
"T20190013697","18/7/19",16:45:00,"Collision with vehicle","Thursday","Day",4,4,"T intersection",3,70,"C",2007,"SEDAN","FORD","Car","F",54,"50-59","Drivers"
"T20190013697","18/7/19",16:45:00,"Collision with vehicle","Thursday","Day",4,4,"T intersection",3,70,"D",2014,"SEDAN","FORD","Car","M",23,"22-25","Drivers"
"T20190013698","23/7/19",10:40:00,"Collision with vehicle","Tuesday","Day",2,2,"Not at intersection",3,60,"A",2014,"WAGON","B M W","Station Wagon","M",44,"40-49","Drivers"
"T20190013698","23/7/19",10:40:00,"Collision with vehicle","Tuesday","Day",2,2,"Not at intersection",3,60,"B",2005,"WAGON","MAZDA","Station Wagon","M",42,"40-49","Drivers"
"T20190013701","22/7/19",16:10:00,"Struck Pedestrian","Monday","Day",1,2,"Not at intersection",3,888,"A",2014,"P MVR","DAF","Prime Mover - Single Trailer","M",37,"30-39","Drivers"
"T20190013702","18/7/19",17:30:00,"Collision with vehicle","Thursday","Dark No street lights",2,2,"Not at intersection",3,70,"A",2009,"SEDAN","HOLDEN","Car","F",28,"26-29","Drivers"
"T20190013702","18/7/19",17:30:00,"Collision with vehicle","Thursday","Dark No street lights",2,2,"Not at intersection",3,70,"B",2017,"SEDAN","TOYOTA","Car","M",41,"40-49","Drivers"
"T20190013704","22/7/19",16:00:00,"Collision with vehicle","Monday","Day",2,4,"Not at intersection",3,50,"A",2004,"SEDAN","MAZDA","Car","F",61,"60-64","Drivers"
"T20190013706","23/7/19",08:00:00,"Collision with vehicle","Tuesday","Day",2,2,"Cross intersection",3,80,"A",2016,"WAGON","MAZDA","Car","F",55,"50-59","Drivers"
"T20190013706","23/7/19",08:00:00,"Collision with vehicle","Tuesday","Day",2,2,"Cross intersection",3,80,"B",2015,"DC UTE","FORD","Utility","M",24,"22-25","Drivers"
"T20190013707","22/7/19",08:15:00,"Collision with vehicle","Monday","Day",2,3,"T intersection",3,999,"A",2013,"SEDAN","TOYOTA","Car","F",43,"40-49","Drivers"
"T20190013707","22/7/19",08:15:00,"Collision with vehicle","Monday","Day",2,3,"T intersection",3,999,"B",2017,"DC UTE","MITSUB","Utility","M",55,"50-59","Drivers"
"T20190013709","23/7/19",12:15:00,"Collision with vehicle","Tuesday","Day",2,2,"Multiple intersection",3,70,"A",2016,"SEDAN","HYNDAI","Car","F",76,"70+","Drivers"
"T20190013709","23/7/19",12:15:00,"Collision with vehicle","Tuesday","Day",2,2,"Multiple intersection",3,70,"B",2014,"SEDAN","TOYOTA","Car","M",78,"70+","Drivers"
"T20190013710","23/7/19",06:09:00,"Collision with vehicle","Tuesday","Dark No street lights",2,2,"Not at intersection",3,110,"A",2015,"T SDS","MAZDA","Light Commercial Vehicle (Rigid) <= 4.5 Tonnes GVM","M",20,"17-21","Drivers"
"T20190013710","23/7/19",06:09:00,"Collision with vehicle","Tuesday","Dark No street lights",2,2,"Not at intersection",3,110,"B",2005,"UTIL","TOYOTA","Utility","M",57,"50-59","Drivers"
"T20190013711","23/7/19",12:28:00,"Collision with vehicle","Tuesday","Day",3,4,"T intersection",3,60,"A",2003,"SEDAN","TOYOTA","Car","F",75,"70+","Drivers"
"T20190013711","23/7/19",12:28:00,"Collision with vehicle","Tuesday","Day",3,4,"T intersection",3,60,"B",2016,"SEDAN","MAZDA","Taxi","M",30,"30-39","Drivers"
"T20190013711","23/7/19",12:28:00,"Collision with vehicle","Tuesday","Day",3,4,"T intersection",3,60,"C",2010,"SEDAN","CITRN","Car","M",68,"64-69","Drivers"
"T20190013712","20/7/19",10:30:00,"Collision with vehicle","Saturday","Day",2,3,"Not at intersection",3,60,"A",2017,"SED","TOYOTA","Car","M",49,"40-49","Drivers"
"T20190013712","20/7/19",10:30:00,"Collision with vehicle","Saturday","Day",2,3,"Not at intersection",3,60,"B",2005,"SEDAN","KIA","Car","F",24,"22-25","Drivers"
"T20190013714","21/6/19",10:15:00,"Collision with vehicle","Friday","Day",2,2,"Not at intersection",3,40,"A",2017,"SEDAN","HOLDEN","Car","F",30,"30-39","Drivers"
"T20190013714","21/6/19",10:15:00,"Collision with vehicle","Friday","Day",2,2,"Not at intersection",3,40,"B",2009,"BUS","TOYOTA","Taxi","M",68,"64-69","Drivers"
"T20190013715","23/7/19",08:15:00,"Collision with vehicle","Tuesday","Day",2,2,"Not at intersection",3,100,"A",2008,"SEDAN","FORD","Car","F",54,"50-59","Drivers"
"T20190013715","23/7/19",08:15:00,"Collision with vehicle","Tuesday","Day",2,2,"Not at intersection",3,100,"B",2019,"WAGON","NISSAN","Station Wagon","U",NA,"unknown","Drivers"
"T20190013716","11/7/19",17:50:00,"Collision with vehicle","Thursday","Dark Street lights on",2,2,"Not at intersection",3,999,"A",2002,"SEDAN","MERC B","Car","F",22,"22-25","Drivers"
"T20190013716","11/7/19",17:50:00,"Collision with vehicle","Thursday","Dark Street lights on",2,2,"Not at intersection",3,999,"B",2007,"WAGON","HONDA","Station Wagon","M",36,"30-39","Drivers"
"T20190013719","23/7/19",12:41:00,"Fall from or in moving vehicle","Tuesday","Day",1,2,"Not at intersection",3,100,"A",2010,"WAGON","G WALL","Station Wagon","M",48,"40-49","Drivers"
"T20190013720","26/3/19",07:05:00,"Collision with vehicle","Tuesday","Dusk/Dawn",2,2,"T intersection",3,40,"A",2016,"WAGON","MITSUB","Station Wagon","F",40,"40-49","Drivers"
"T20190013720","26/3/19",07:05:00,"Collision with vehicle","Tuesday","Dusk/Dawn",2,2,"T intersection",3,40,"B",2015,"SEDAN","MAZDA","Car","F",21,"17-21","Drivers"
"T20190013721","29/6/19",17:00:00,"Collision with vehicle","Saturday","Day",2,2,"Not at intersection",2,50,"B",0,"SEDAN","UNKN","Car","U",NA,"unknown","Drivers"
"T20190013723","23/7/19",14:35:00,"Collision with vehicle","Tuesday","Day",2,2,"Cross intersection",3,80,"A",2006,"SEDAN","VOLKS","Car","U",24,"22-25","Drivers"
"T20190013723","23/7/19",14:35:00,"Collision with vehicle","Tuesday","Day",2,2,"Cross intersection",3,80,"B",2002,"S WAG","HOLDEN","Station Wagon","F",18,"17-21","Drivers"
"T20190013727","23/7/19",15:16:00,"Collision with vehicle","Tuesday","Day",2,2,"Not at intersection",3,80,"A",2006,"WAGON","TOYOTA","Station Wagon","M",49,"40-49","Drivers"
"T20190013727","23/7/19",15:16:00,"Collision with vehicle","Tuesday","Day",2,2,"Not at intersection",3,80,"B",2013,"SEDAN","MAZDA","Car","F",38,"30-39","Drivers"
"T20190013728","23/7/19",15:45:00,"Collision with vehicle","Tuesday","Day",2,8,"Not at intersection",3,40,"A",0,"BD/PMR","UNKN","Prime Mover B-Double","U",NA,"unknown","Drivers"
"T20190013728","23/7/19",15:45:00,"Collision with vehicle","Tuesday","Day",2,8,"Not at intersection",3,40,"B",2019,"BUS","TOYOTA","Bus/Coach","F",36,"30-39","Drivers"
"T20190013729","23/7/19",16:10:00,"Collision with vehicle","Tuesday","Dusk/Dawn",2,3,"Cross intersection",3,100,"A",2005,"SEDAN","MERC B","Car","F",46,"40-49","Drivers"
"T20190013729","23/7/19",16:10:00,"Collision with vehicle","Tuesday","Dusk/Dawn",2,3,"Cross intersection",3,100,"B",2016,"COUPE","FORD","Car","M",30,"30-39","Drivers"
"T20190013731","20/7/19",07:31:00,"Collision with vehicle","Saturday","Day",2,2,"Cross intersection",3,40,"A",2005,"SEDAN","FORD","Car","F",47,"40-49","Drivers"
"T20190013732","23/7/19",16:10:00,"Collision with a fixed object","Tuesday","Dusk/Dawn",1,1,"Not at intersection",3,60,"A",2004,"SEDAN","MITSUB","Car","M",21,"17-21","Drivers"
"T20190013733","23/7/19",18:00:00,"Collision with vehicle","Tuesday","Dark Street lights on",2,2,"Cross intersection",3,999,"A",2016,"SEDAN","FORD","Car","M",48,"40-49","Drivers"
"T20190013733","23/7/19",18:00:00,"Collision with vehicle","Tuesday","Dark Street lights on",2,2,"Cross intersection",3,999,"B",2012,"DC UTE","FORD","Utility","M",24,"22-25","Drivers"
"T20190013734","23/7/19",18:40:00,"Struck Pedestrian","Tuesday","Dark Street lights on",1,3,"Not at intersection",3,60,"A",2005,"VAN","TOYOTA","Panel Van","M",26,"26-29","Drivers"
"T20190013735","23/7/19",16:00:00,"Collision with vehicle","Tuesday","Dusk/Dawn",2,2,"T intersection",3,999,"A",0,"SEDAN","UNKN","Car","U",NA,"unknown","Drivers"
"T20190013736","23/7/19",18:45:00,"Struck Pedestrian","Tuesday","Dark Street lights on",1,2,"T intersection",3,60,"A",2017,"SEDAN","KIA","Car","M",24,"22-25","Drivers"
"T20190013737","23/7/19",16:20:00,"Struck Pedestrian","Tuesday","Day",1,2,"Not at intersection",3,50,"A",2016,"TRAY","MAZDA","Light Commercial Vehicle (Rigid) <= 4.5 Tonnes GVM","M",34,"30-39","Drivers"
"T20190013743","23/7/19",18:05:00,"Collision with vehicle","Tuesday","Dark No street lights",2,2,"Cross intersection",3,50,"A",2012,"TIPPER","ISUZU","Light Commercial Vehicle (Rigid) <= 4.5 Tonnes GVM","M",33,"30-39","Drivers"
"T20190013743","23/7/19",18:05:00,"Collision with vehicle","Tuesday","Dark No street lights",2,2,"Cross intersection",3,50,"B",2012,"TIPPER","ISUZU","Heavy Vehicle (Rigid) > 4.5 Tonnes","M",42,"40-49","Drivers"
"T20190013744","23/7/19",18:30:00,"Collision with vehicle","Tuesday","Dark Street lights on",2,1,"Not at intersection",3,50,"B",2004,"SEDAN","HOLDEN","Car","M",20,"17-21","Drivers"
"T20190013746","23/7/19",18:30:00,"Struck Pedestrian","Tuesday","Dark Street lights on",1,2,"Cross intersection",2,50,"A",2018,"SEDAN","HYNDAI","Car","M",38,"30-39","Drivers"
"T20190013747","23/7/19",19:39:00,"Collision with vehicle","Tuesday","Dark Street lights on",2,4,"Cross intersection",3,70,"A",2007,"SEDAN","HOLDEN","Car","M",20,"17-21","Drivers"
"T20190013747","23/7/19",19:39:00,"Collision with vehicle","Tuesday","Dark Street lights on",2,4,"Cross intersection",3,70,"B",2007,"SEDAN","HOLDEN","Car","M",25,"22-25","Drivers"
"T20190013748","25/5/19",13:00:00,"Collision with vehicle","Saturday","Day",2,2,"Not at intersection",3,60,"A",0,"P VAN","NISSAN","Panel Van","F",27,"26-29","Drivers"
"T20190013748","25/5/19",13:00:00,"Collision with vehicle","Saturday","Day",2,2,"Not at intersection",3,60,"B",2008,"VAN","HYNDAI","Panel Van","M",28,"26-29","Drivers"
"T20190013750","23/7/19",23:00:00,"Collision with vehicle","Tuesday","Dark Street lights on",3,1,"Not at intersection",3,60,"A",2010,"WAGON","TOYOTA","Station Wagon","M",48,"40-49","Drivers"
"T20190013755","24/7/19",06:45:00,"Collision with vehicle","Wednesday","Dusk/Dawn",2,2,"Not at intersection",3,40,"A",2008,"SEDAN","TOYOTA","Car","M",37,"30-39","Drivers"
"T20190013756","27/6/19",17:55:00,"Collision with vehicle","Thursday","Unknown",2,2,"Cross intersection",3,40,"A",2015,"WAGON","AUDI","Car","M",57,"50-59","Drivers"
"T20190013756","27/6/19",17:55:00,"Collision with vehicle","Thursday","Unknown",2,2,"Cross intersection",3,40,"B",2007,"WAGON","MITSUB","Car","M",68,"64-69","Drivers"
"T20190013760","1/7/19",17:00:00,"No collision and no object struck","Monday","Unknown",2,2,"Cross intersection",3,60,"B",2015,"UTIL","NISSAN","Utility","M",28,"26-29","Drivers"
"T20190013763","24/7/19",10:20:00,"Collision with vehicle","Wednesday","Day",2,2,"T intersection",3,60,"A",2019,"S WAG","VOLKS","Station Wagon","M",50,"50-59","Drivers"
"T20190013763","24/7/19",10:20:00,"Collision with vehicle","Wednesday","Day",2,2,"T intersection",3,60,"B",2004,"SEDAN","TOYOTA","Car","F",69,"64-69","Drivers"
"T20190013765","24/7/19",06:40:00,"Collision with vehicle","Wednesday","Dark Street lights on",2,2,"Cross intersection",1,80,"A",2004,"S WAG","HOLDEN","Station Wagon","M",20,"17-21","Drivers"
"T20190013767","19/7/19",09:00:00,"Collision with vehicle","Friday","Day",2,2,"Not at intersection",3,100,"A",2011,"SEDAN","SUZUKI","Car","F",26,"26-29","Drivers"
"T20190013767","19/7/19",09:00:00,"Collision with vehicle","Friday","Day",2,2,"Not at intersection",3,100,"B",2015,"SEDAN","VOLKS","Car","M",25,"22-25","Drivers"
"T20190013771","24/7/19",11:10:00,"Collision with vehicle","Wednesday","Day",2,3,"Not at intersection",3,60,"A",1999,"SEDAN","TOYOTA","Car","M",39,"30-39","Drivers"
"T20190013771","24/7/19",11:10:00,"Collision with vehicle","Wednesday","Day",2,3,"Not at intersection",3,60,"B",2005,"SEDAN","TOYOTA","Car","M",74,"70+","Drivers"
"T20190013772","24/7/19",08:40:00,"Struck Pedestrian","Wednesday","Day",1,2,"Cross intersection",3,60,"A",2014,"WAGON","LEXUS","Station Wagon","M",66,"64-69","Drivers"
"T20190013773","23/7/19",19:10:00,"Collision with a fixed object","Tuesday","Dark No street lights",1,1,"Not at intersection",3,100,"A",1991,"WAGON","NISSAN","Station Wagon","M",20,"17-21","Drivers"
"T20190013774","24/7/19",12:40:00,"Collision with vehicle","Wednesday","Day",2,2,"Not at intersection",3,50,"A",2002,"VAN","KIA","Light Commercial Vehicle (Rigid) <= 4.5 Tonnes GVM","M",57,"50-59","Drivers"
"T20190013774","24/7/19",12:40:00,"Collision with vehicle","Wednesday","Day",2,2,"Not at intersection",3,50,"B",2005,"WAGON","FORD","Station Wagon","F",26,"26-29","Drivers"
"T20190013775","24/7/19",11:50:00,"Collision with vehicle","Wednesday","Day",2,2,"Not at intersection",3,60,"A",1996,"SED","HOLDEN","Car","M",69,"64-69","Drivers"
"T20190013775","24/7/19",11:50:00,"Collision with vehicle","Wednesday","Day",2,2,"Not at intersection",3,60,"B",2001,"TRAY","ISUZU","Heavy Vehicle (Rigid) > 4.5 Tonnes","M",31,"30-39","Drivers"
"T20190013776","24/7/19",08:05:00,"Collision with vehicle","Wednesday","Day",2,2,"Cross intersection",3,60,"B",2018,"SEDAN","HONDA","Car","F",56,"50-59","Drivers"
"T20190013778","24/7/19",11:10:00,"Collision with vehicle","Wednesday","Day",2,3,"Not at intersection",3,60,"A",2013,"UTIL","NISSAN","Utility","M",48,"40-49","Drivers"
"T20190013778","24/7/19",11:10:00,"Collision with vehicle","Wednesday","Day",2,3,"Not at intersection",3,60,"B",2018,"VAN","ISUZU","Light Commercial Vehicle (Rigid) <= 4.5 Tonnes GVM","M",64,"60-64","Drivers"