"ACCIDENT_NO","ACCIDENTDATE","ACCIDENTTIME","Accident Type Desc","Day Week Description","Light Condition Desc","NO_OF_VEHICLES","NO_PERSONS","Road Geometry Desc","SEVERITY","SPEED_ZONE","VEHICLE_ID","VEHICLE_YEAR_MANUF","VEHICLE_BODY_STYLE","VEHICLE_MAKE","Vehicle Type Desc","SEX","AGE","Age Group","Road User Type Desc"
"T20190013779","24/7/19",12:02:00,"Collision with vehicle","Wednesday","Day",2,3,"Not at intersection",3,60,"A",2017,"WAGON","NISSAN","Station Wagon","M",19,"17-21","Drivers"
"T20190013779","24/7/19",12:02:00,"Collision with vehicle","Wednesday","Day",2,3,"Not at intersection",3,60,"B",2016,"WAGON","VOLVO","Station Wagon","F",39,"30-39","Drivers"
"T20190013780","24/7/19",11:26:00,"Collision with a fixed object","Wednesday","Day",1,1,"Not at intersection",3,100,"A",2007,"WAGON","JEEP","Station Wagon","M",41,"40-49","Drivers"
"T20190013785","24/7/19",11:22:00,"Collision with vehicle","Wednesday","Day",5,5,"Not at intersection",3,80,"A",2009,"SEDAN","MAZDA","Car","M",65,"64-69","Drivers"
"T20190013785","24/7/19",11:22:00,"Collision with vehicle","Wednesday","Day",5,5,"Not at intersection",3,80,"B",2015,"SEDAN","TOYOTA","Car","F",67,"64-69","Drivers"
"T20190013785","24/7/19",11:22:00,"Collision with vehicle","Wednesday","Day",5,5,"Not at intersection",3,80,"C",2011,"UTIL","HOLDEN","Utility","M",22,"22-25","Drivers"
"T20190013785","24/7/19",11:22:00,"Collision with vehicle","Wednesday","Day",5,5,"Not at intersection",3,80,"D",2018,"WAGON","FORD","Station Wagon","M",30,"30-39","Drivers"
"T20190013785","24/7/19",11:22:00,"Collision with vehicle","Wednesday","Day",5,5,"Not at intersection",3,80,"E",2010,"UTIL","TOYOTA","Utility","M",45,"40-49","Drivers"
"T20190013786","24/7/19",09:10:00,"Collision with vehicle","Wednesday","Day",2,3,"Cross intersection",2,50,"A",1998,"S WAG","HOLDEN","Station Wagon","M",22,"22-25","Drivers"
"T20190013786","24/7/19",09:10:00,"Collision with vehicle","Wednesday","Day",2,3,"Cross intersection",2,50,"B",2006,"SEDAN","NISSAN","Car","F",73,"70+","Drivers"
"T20190013790","7/6/19",13:00:00,"Collision with vehicle","Friday","Day",2,2,"Not at intersection",3,70,"A",2004,"SEDAN","HONDA","Car","M",30,"30-39","Drivers"
"T20190013790","7/6/19",13:00:00,"Collision with vehicle","Friday","Day",2,2,"Not at intersection",3,70,"B",2016,"SEDAN","TOYOTA","Taxi","M",37,"30-39","Drivers"
"T20190013791","24/7/19",13:50:00,"Collision with a fixed object","Wednesday","Day",1,1,"Not at intersection",3,100,"A",2017,"SEDAN","SUZUKI","Car","F",70,"70+","Drivers"
"T20190013792","24/7/19",13:46:00,"Struck Pedestrian","Wednesday","Day",1,2,"Not at intersection",3,50,"A",2018,"DC UTE","HOLDEN","Utility","M",24,"22-25","Drivers"
"T20190013793","14/5/19",14:30:00,"Collision with vehicle","Tuesday","Day",3,3,"Not at intersection",3,60,"A",2016,"SEDAN","TOYOTA","Car","F",48,"40-49","Drivers"
"T20190013793","14/5/19",14:30:00,"Collision with vehicle","Tuesday","Day",3,3,"Not at intersection",3,60,"B",2019,"SEDAN","HONDA","Car","M",18,"17-21","Drivers"
"T20190013793","14/5/19",14:30:00,"Collision with vehicle","Tuesday","Day",3,3,"Not at intersection",3,60,"C",2006,"UTIL","FORD","Utility","M",61,"60-64","Drivers"
"T20190013795","23/7/19",16:15:00,"Collision with vehicle","Tuesday","Unknown",2,2,"Not at intersection",3,80,"A",2017,"WAGON","NISSAN","Station Wagon","F",30,"30-39","Drivers"
"T20190013795","23/7/19",16:15:00,"Collision with vehicle","Tuesday","Unknown",2,2,"Not at intersection",3,80,"B",2018,"UTIL","FORD","Utility","M",34,"30-39","Drivers"
"T20190013796","24/7/19",14:50:00,"Collision with vehicle","Wednesday","Day",2,3,"Cross intersection",3,60,"A",2011,"SEDAN","TOYOTA","Car","M",20,"17-21","Drivers"
"T20190013796","24/7/19",14:50:00,"Collision with vehicle","Wednesday","Day",2,3,"Cross intersection",3,60,"B",2014,"DC UTE","TOYOTA","Utility","M",62,"60-64","Drivers"
"T20190013797","24/7/19",16:05:00,"Collision with vehicle","Wednesday","Day",2,2,"Not at intersection",3,60,"A",2019,"WAGON","VOLKS","Station Wagon","M",33,"30-39","Drivers"
"T20190013797","24/7/19",16:05:00,"Collision with vehicle","Wednesday","Day",2,2,"Not at intersection",3,60,"B",2010,"S WAG","HOLDEN","Station Wagon","M",51,"50-59","Drivers"
"T20190013798","17/7/19",15:50:00,"Collision with vehicle","Wednesday","Day",2,2,"T intersection",3,999,"A",2016,"WAGON","MAZDA","Car","F",0,"0-4","Drivers"
"T20190013798","17/7/19",15:50:00,"Collision with vehicle","Wednesday","Day",2,2,"T intersection",3,999,"B",2001,"SEDAN","NISSAN","Car","M",91,"70+","Drivers"
"T20190013801","24/7/19",18:20:00,"Collision with vehicle","Wednesday","Dusk/Dawn",2,2,"T intersection",3,40,"A",2007,"TRAY","TOYOTA","Utility","M",35,"30-39","Drivers"
"T20190013803","23/7/19",16:44:00,"Collision with vehicle","Tuesday","Day",3,1,"Not at intersection",3,60,"A",2013,"SEDAN","HYNDAI","Car","F",19,"17-21","Drivers"
"T20190013807","24/7/19",18:50:00,"Collision with vehicle","Wednesday","Dark Street lights on",2,2,"T intersection",3,60,"A",2011,"SEDAN","HOLDEN","Car","M",29,"26-29","Drivers"
"T20190013810","24/7/19",18:55:00,"Collision with vehicle","Wednesday","Dark Street lights on",2,2,"Cross intersection",3,80,"A",2008,"UTIL","MITSUB","Utility","M",48,"40-49","Drivers"
"T20190013810","24/7/19",18:55:00,"Collision with vehicle","Wednesday","Dark Street lights on",2,2,"Cross intersection",3,80,"B",1996,"SEDAN","HONDA","Car","M",62,"60-64","Drivers"
"T20190013811","24/7/19",18:00:00,"Collision with vehicle","Wednesday","Dark Street lights on",2,7,"T intersection",3,50,"A",2001,"COUPE","MITSUB","Car","M",57,"50-59","Drivers"
"T20190013811","24/7/19",18:00:00,"Collision with vehicle","Wednesday","Dark Street lights on",2,7,"T intersection",3,50,"B",1997,"WAGON","TOYOTA","Station Wagon","F",31,"30-39","Drivers"
"T20190013814","24/7/19",18:07:00,"Collision with vehicle","Wednesday","Dark Street lights on",2,3,"Not at intersection",3,80,"A",2007,"WAGON","HONDA","Station Wagon","M",31,"30-39","Drivers"
"T20190013814","24/7/19",18:07:00,"Collision with vehicle","Wednesday","Dark Street lights on",2,3,"Not at intersection",3,80,"B",2011,"WAGON","VOLKS","Station Wagon","F",52,"50-59","Drivers"
"T20190013815","27/6/19",07:20:00,"Collision with vehicle","Thursday","Day",2,2,"Not at intersection",3,999,"A",2012,"DC UTE","TOYOTA","Utility","M",25,"22-25","Drivers"
"T20190013815","27/6/19",07:20:00,"Collision with vehicle","Thursday","Day",2,2,"Not at intersection",3,999,"B",2018,"SEDAN","HYNDAI","Car","M",37,"30-39","Drivers"
"T20190013816","24/7/19",19:30:00,"Struck Pedestrian","Wednesday","Dark Street lights on",1,2,"T intersection",2,50,"A",2015,"S WAG","MAZDA","Station Wagon","F",60,"60-64","Drivers"
"T20190013819","24/7/19",21:42:00,"Collision with a fixed object","Wednesday","Dark No street lights",1,1,"Not at intersection",3,100,"A",1999,"SEDAN","HOLDEN","Car","M",21,"17-21","Drivers"
"T20190013820","24/7/19",22:01:00,"Collision with vehicle","Wednesday","Dark Street lights on",2,3,"Not at intersection",2,60,"A",2012,"SEDAN","TOYOTA","Car","F",22,"22-25","Drivers"
"T20190013823","24/7/19",06:26:00,"Struck Pedestrian","Wednesday","Dark Street lights on",1,2,"Not at intersection",3,40,"A",2016,"UTIL","MITSUB","Utility","M",65,"64-69","Drivers"
"T20190013827","25/7/19",05:30:00,"Collision with vehicle","Thursday","Dark Street lights on",2,2,"T intersection",3,60,"A",1990,"SEDAN","UNKN","Car","M",76,"70+","Drivers"
"T20190013828","17/7/19",15:15:00,"Collision with a fixed object","Wednesday","Day",1,1,"Not at intersection",3,60,"A",2007,"UTIL","MITSUB","Utility","F",38,"30-39","Drivers"
"T20190013830","25/7/19",05:56:00,"Struck Pedestrian","Thursday","Dark Street lights on",1,2,"Cross intersection",3,60,"A",2000,"SEDAN","MITSUB","Car","M",41,"40-49","Drivers"
"T20190013833","22/7/19",05:50:00,"Collision with vehicle","Monday","Unknown",2,2,"Not at intersection",3,100,"A",2007,"TRAY","FORD","Utility","M",56,"50-59","Drivers"
"T20190013833","22/7/19",05:50:00,"Collision with vehicle","Monday","Unknown",2,2,"Not at intersection",3,100,"B",2015,"TIPPER","MACK","Heavy Vehicle (Rigid) > 4.5 Tonnes","M",63,"60-64","Drivers"
"T20190013835","25/7/19",07:15:00,"Collision with vehicle","Thursday","Day",2,2,"Not at intersection",2,50,"A",2011,"SEDAN","TOYOTA","Car","U",NA,"unknown","Drivers"
"T20190013839","25/7/19",07:36:00,"Collision with vehicle","Thursday","Day",2,2,"T intersection",3,60,"A",2016,"WAGON","SUBARU","Station Wagon","F",30,"30-39","Drivers"
"T20190013839","25/7/19",07:36:00,"Collision with vehicle","Thursday","Day",2,2,"T intersection",3,60,"B",2015,"WAGON","JEEP","Station Wagon","F",32,"30-39","Drivers"
"T20190013842","25/7/19",07:30:00,"Collision with vehicle","Thursday","Day",12,14,"Not at intersection",3,100,"A",2014,"P MVR","MERC B","Prime Mover Only","M",42,"40-49","Drivers"
"T20190013842","25/7/19",07:30:00,"Collision with vehicle","Thursday","Day",12,14,"Not at intersection",3,100,"B",2016,"P MVR","KENWTH","Prime Mover Only","M",49,"40-49","Drivers"
"T20190013842","25/7/19",07:30:00,"Collision with vehicle","Thursday","Day",12,14,"Not at intersection",3,100,"C",2006,"SEDAN","SUBARU","Car","M",25,"22-25","Drivers"
"T20190013842","25/7/19",07:30:00,"Collision with vehicle","Thursday","Day",12,14,"Not at intersection",3,100,"E",2014,"SEDAN","MAZDA","Car","M",49,"40-49","Drivers"
"T20190013842","25/7/19",07:30:00,"Collision with vehicle","Thursday","Day",12,14,"Not at intersection",3,100,"F",2013,"SEDAN","TOYOTA","Car","M",33,"30-39","Drivers"
"T20190013842","25/7/19",07:30:00,"Collision with vehicle","Thursday","Day",12,14,"Not at intersection",3,100,"G",1998,"TRAY","ISUZU","Light Commercial Vehicle (Rigid) <= 4.5 Tonnes GVM","M",21,"17-21","Drivers"
"T20190013842","25/7/19",07:30:00,"Collision with vehicle","Thursday","Day",12,14,"Not at intersection",3,100,"H",2017,"UTIL","HOLDEN","Utility","M",24,"22-25","Drivers"
"T20190013842","25/7/19",07:30:00,"Collision with vehicle","Thursday","Day",12,14,"Not at intersection",3,100,"I",2012,"VAN","TOYOTA","Panel Van","M",23,"22-25","Drivers"
"T20190013842","25/7/19",07:30:00,"Collision with vehicle","Thursday","Day",12,14,"Not at intersection",3,100,"J",2011,"VAN","TOYOTA","Panel Van","M",34,"30-39","Drivers"
"T20190013842","25/7/19",07:30:00,"Collision with vehicle","Thursday","Day",12,14,"Not at intersection",3,100,"K",2015,"SEDAN","B M W","Car","F",48,"40-49","Drivers"
"T20190013842","25/7/19",07:30:00,"Collision with vehicle","Thursday","Day",12,14,"Not at intersection",3,100,"L",2015,"SEDAN","TOYOTA","Car","M",26,"26-29","Drivers"
"T20190013842","25/7/19",07:30:00,"Collision with vehicle","Thursday","Day",12,14,"Not at intersection",3,100,"M",2016,"SEDAN","VOLKS","Car","M",38,"30-39","Drivers"
"T20190013847","23/7/19",17:00:00,"Collision with vehicle","Tuesday","Day",3,3,"Not at intersection",3,80,"A",2014,"UTIL","FORD","Utility","F",35,"30-39","Drivers"
"T20190013847","23/7/19",17:00:00,"Collision with vehicle","Tuesday","Day",3,3,"Not at intersection",3,80,"B",1996,"S WAG","TOYOTA","Utility","U",24,"22-25","Drivers"
"T20190013848","26/6/19",15:00:00,"Collision with vehicle","Wednesday","Day",3,3,"Not at intersection",3,999,"A",1999,"SEDAN","HYNDAI","Car","M",19,"17-21","Drivers"
"T20190013848","26/6/19",15:00:00,"Collision with vehicle","Wednesday","Day",3,3,"Not at intersection",3,999,"B",2003,"SEDAN","MAZDA","Car","F",56,"50-59","Drivers"
"T20190013849","23/7/19",18:50:00,"Struck Pedestrian","Tuesday","Unknown",1,2,"Cross intersection",3,60,"A",2014,"SEDAN","TOYOTA","Car","M",58,"50-59","Drivers"
"T20190013851","19/7/19",16:30:00,"Collision with vehicle","Friday","Day",2,2,"Not at intersection",3,80,"A",2015,"SEDAN","HOLDEN","Car","M",35,"30-39","Drivers"
"T20190013851","19/7/19",16:30:00,"Collision with vehicle","Friday","Day",2,2,"Not at intersection",3,80,"B",2008,"S WAG","HOLDEN","Car","F",29,"26-29","Drivers"
"T20190013852","25/7/19",10:25:00,"Collision with vehicle","Thursday","Day",2,2,"Not at intersection",2,60,"A",2006,"WAGON","B M W","Station Wagon","F",27,"26-29","Drivers"
"T20190013852","25/7/19",10:25:00,"Collision with vehicle","Thursday","Day",2,2,"Not at intersection",2,60,"B",2009,"TIPPER","HINO","Heavy Vehicle (Rigid) > 4.5 Tonnes","M",64,"60-64","Drivers"
"T20190013853","9/7/19",16:48:00,"Collision with vehicle","Tuesday","Day",2,2,"T intersection",3,60,"A",2007,"UTIL","FORD","Utility","M",19,"17-21","Drivers"
"T20190013853","9/7/19",16:48:00,"Collision with vehicle","Tuesday","Day",2,2,"T intersection",3,60,"B",2010,"SEDAN","MITSUB","Car","F",54,"50-59","Drivers"
"T20190013857","4/7/19",07:10:00,"Collision with vehicle","Thursday","Day",2,2,"Not at intersection",3,60,"A",1998,"UTIL","HOLDEN","Utility","M",18,"17-21","Drivers"
"T20190013858","25/7/19",06:20:00,"Collision with vehicle","Thursday","Dark Street lights on",4,5,"Not at intersection",3,100,"A",2012,"SEDAN","TOYOTA","Car","M",40,"40-49","Drivers"
"T20190013858","25/7/19",06:20:00,"Collision with vehicle","Thursday","Dark Street lights on",4,5,"Not at intersection",3,100,"B",2013,"SEDAN","HOLDEN","Car","M",62,"60-64","Drivers"
"T20190013858","25/7/19",06:20:00,"Collision with vehicle","Thursday","Dark Street lights on",4,5,"Not at intersection",3,100,"C",2007,"SEDAN","MAZDA","Car","F",24,"22-25","Drivers"
"T20190013858","25/7/19",06:20:00,"Collision with vehicle","Thursday","Dark Street lights on",4,5,"Not at intersection",3,100,"D",2016,"DC UTE","TOYOTA","Utility","M",33,"30-39","Drivers"
"T20190013859","23/7/19",11:39:00,"Collision with vehicle","Tuesday","Day",2,4,"Cross intersection",3,80,"A",2005,"SEDAN","FORD","Car","F",23,"22-25","Drivers"
"T20190013859","23/7/19",11:39:00,"Collision with vehicle","Tuesday","Day",2,4,"Cross intersection",3,80,"B",2016,"VAN","ISUZU","Panel Van","M",51,"50-59","Drivers"
"T20190013860","21/7/19",13:30:00,"Collision with vehicle","Sunday","Day",2,4,"Not at intersection",3,60,"A",2000,"SEDAN","FORD","Car","F",21,"17-21","Drivers"
"T20190013860","21/7/19",13:30:00,"Collision with vehicle","Sunday","Day",2,4,"Not at intersection",3,60,"B",2010,"S WAG","MAZDA","Station Wagon","F",46,"40-49","Drivers"
"T20190013862","7/7/19",14:30:00,"Collision with vehicle","Sunday","Day",2,2,"Not at intersection",3,100,"C",2010,"S WAG","HOLDEN","Station Wagon","M",20,"17-21","Drivers"
"T20190013863","1/7/19",12:20:00,"collision with some other object","Monday","Day",2,3,"Not at intersection",3,100,"A",2012,"TRAY","HINO","Heavy Vehicle (Rigid) > 4.5 Tonnes","M",57,"50-59","Drivers"
"T20190013863","1/7/19",12:20:00,"collision with some other object","Monday","Day",2,3,"Not at intersection",3,100,"B",2010,"WAGON","TOYOTA","Station Wagon","F",67,"64-69","Drivers"
"T20190013864","20/5/19",15:41:00,"Collision with vehicle","Monday","Day",2,2,"Not at intersection",3,999,"A",2014,"SEDAN","VOLKS","Car","F",33,"30-39","Drivers"
"T20190013864","20/5/19",15:41:00,"Collision with vehicle","Monday","Day",2,2,"Not at intersection",3,999,"B",2014,"P MVR","KENWOR","Prime Mover - Single Trailer","M",51,"50-59","Drivers"
"T20190013865","25/7/19",07:57:00,"Collision with vehicle","Thursday","Day",2,2,"Not at intersection",3,100,"A",2017,"SEDAN","TOYOTA","Car","F",40,"40-49","Drivers"
"T20190013865","25/7/19",07:57:00,"Collision with vehicle","Thursday","Day",2,2,"Not at intersection",3,100,"B",2019,"WAGON","REN","Station Wagon","F",42,"40-49","Drivers"
"T20190013867","25/7/19",16:30:00,"Collision with vehicle","Thursday","Day",2,2,"Cross intersection",3,60,"A",2007,"COUPE","NISSAN","Car","M",41,"40-49","Drivers"
"T20190013867","25/7/19",16:30:00,"Collision with vehicle","Thursday","Day",2,2,"Cross intersection",3,60,"B",1989,"COUPE","TOYOTA","Car","M",49,"40-49","Drivers"
"T20190013870","25/7/19",14:20:00,"Collision with a fixed object","Thursday","Day",1,1,"Not at intersection",3,100,"A",2011,"WAGON","TOYOTA","Station Wagon","F",29,"26-29","Drivers"
"T20190013871","25/7/19",16:02:00,"Collision with a fixed object","Thursday","Day",1,1,"Not at intersection",3,50,"A",2001,"SEDAN","FORD","Car","M",75,"70+","Drivers"
"T20190013872","25/7/19",11:00:00,"Collision with vehicle","Thursday","Day",2,3,"Not at intersection",3,80,"A",2007,"SEDAN","MITSUB","Car","F",52,"50-59","Drivers"
"T20190013872","25/7/19",11:00:00,"Collision with vehicle","Thursday","Day",2,3,"Not at intersection",3,80,"B",2017,"COUPE","B M W","Car","M",20,"17-21","Drivers"
"T20190013873","5/7/19",13:45:00,"Collision with vehicle","Friday","Day",2,2,"T intersection",3,70,"A",2014,"S WAG","HOLDEN","Station Wagon","F",30,"30-39","Drivers"
"T20190013873","5/7/19",13:45:00,"Collision with vehicle","Friday","Day",2,2,"T intersection",3,70,"B",1992,"S WAG","MITSUB","Station Wagon","M",53,"50-59","Drivers"
"T20190013874","25/7/19",18:08:00,"Collision with vehicle","Thursday","Dark Street lights on",2,2,"Not at intersection",3,60,"A",2018,"WAGON","NISSAN","Station Wagon","F",24,"22-25","Drivers"
"T20190013875","25/7/19",17:46:00,"Collision with vehicle","Thursday","Dark Street lights on",2,2,"T intersection",3,80,"A",2014,"SEDAN","HOLDEN","Car","F",24,"22-25","Drivers"
"T20190013875","25/7/19",17:46:00,"Collision with vehicle","Thursday","Dark Street lights on",2,2,"T intersection",3,80,"B",2002,"DC UTE","NISSAN","Utility","M",49,"40-49","Drivers"
"T20190013876","23/1/19",14:26:00,"No collision and no object struck","Wednesday","Day",2,2,"Not at intersection",3,40,"B",0,NA,"UNKN","Panel Van","U",NA,"unknown","Drivers"
"T20190013878","25/7/19",17:42:00,"Struck Pedestrian","Thursday","Dark Street lights on",1,2,"Not at intersection",3,80,"A",2011,"S WAG","HYNDAI","Station Wagon","F",52,"50-59","Drivers"
"T20190013879","25/7/19",18:40:00,"Collision with vehicle","Thursday","Dark Street lights on",2,2,"Not at intersection",3,50,"B",2012,"BUS","DENING","Bus/Coach","M",65,"64-69","Drivers"
"T20190013880","16/7/19",17:50:00,"Collision with vehicle","Tuesday","Dark Street lights on",2,2,"Not at intersection",3,50,"A",2007,"WAGON","HONDA","Station Wagon","F",39,"30-39","Drivers"
"T20190013885","25/7/19",19:10:00,"Collision with vehicle","Thursday","Dark Street lights on",2,2,"T intersection",3,60,"A",2007,"SEDAN","MAZDA","Car","F",23,"22-25","Drivers"
"T20190013891","25/7/19",22:25:00,"Collision with a fixed object","Thursday","Dark No street lights",1,1,"Not at intersection",3,100,"A",1998,"WAGON","NISSAN","Station Wagon","M",22,"22-25","Drivers"
"T20190013892","25/7/19",22:37:00,"Collision with vehicle","Thursday","Dark Street lights on",2,2,"Cross intersection",2,60,"A",2010,"SEDAN","NISSAN","Car","F",18,"17-21","Drivers"
"T20190013892","25/7/19",22:37:00,"Collision with vehicle","Thursday","Dark Street lights on",2,2,"Cross intersection",2,60,"B",2019,"SEDAN","SUBARU","Car","F",31,"30-39","Drivers"
"T20190013895","26/7/19",04:45:00,"Collision with vehicle","Friday","Dark Street lights on",2,2,"T intersection",3,60,"A",2009,"SEDAN","VOLKS","Car","M",36,"30-39","Drivers"
"T20190013896","19/7/19",13:04:00,"Collision with vehicle","Friday","Day",2,4,"Cross intersection",3,50,"A",2010,"SEDAN","FORD","Car","M",49,"40-49","Drivers"
"T20190013896","19/7/19",13:04:00,"Collision with vehicle","Friday","Day",2,4,"Cross intersection",3,50,"B",2017,"VAN","VOLKS","Panel Van","M",60,"60-64","Drivers"
"T20190013897","26/7/19",07:22:00,"Collision with vehicle","Friday","Dusk/Dawn",2,2,"Not at intersection",3,80,"A",2016,"WAGON","MITSUB","Station Wagon","F",44,"40-49","Drivers"
"T20190013897","26/7/19",07:22:00,"Collision with vehicle","Friday","Dusk/Dawn",2,2,"Not at intersection",3,80,"B",2014,"WAGON","HYNDAI","Station Wagon","M",49,"40-49","Drivers"
"T20190013898","16/7/19",08:45:00,"Collision with vehicle","Tuesday","Day",2,2,"Cross intersection",3,60,"A",2015,"WAGON","NISSAN","Station Wagon","F",29,"26-29","Drivers"
"T20190013898","16/7/19",08:45:00,"Collision with vehicle","Tuesday","Day",2,2,"Cross intersection",3,60,"B",2010,"SED","KIA","Car","F",27,"26-29","Drivers"
"T20190013900","24/5/19",15:15:00,"Collision with vehicle","Friday","Day",2,2,"Cross intersection",3,80,"A",2015,"SEDAN","TOYOTA","Car","F",24,"22-25","Drivers"
"T20190013900","24/5/19",15:15:00,"Collision with vehicle","Friday","Day",2,2,"Cross intersection",3,80,"B",2008,"WAGON","MITSUB","Station Wagon","F",30,"30-39","Drivers"
"T20190013901","26/7/19",09:00:00,"Collision with a fixed object","Friday","Day",1,1,"Not at intersection",3,50,"A",2000,"SEDAN","TOYOTA","Car","F",78,"70+","Drivers"
"T20190013902","25/7/19",16:45:00,"Collision with vehicle","Thursday","Day",2,2,"Not at intersection",3,80,"A",2016,"WAGON","TOYOTA","Station Wagon","F",34,"30-39","Drivers"
"T20190013902","25/7/19",16:45:00,"Collision with vehicle","Thursday","Day",2,2,"Not at intersection",3,80,"B",2006,"SEDAN","FORD","Car","M",57,"50-59","Drivers"
"T20190013904","25/7/19",16:30:00,"Struck Pedestrian","Thursday","Day",1,2,"Not at intersection",3,999,"A",2008,"SEDAN","HOLDEN","Car","M",22,"22-25","Drivers"
"T20190013905","18/7/19",08:35:00,"Collision with vehicle","Thursday","Day",2,2,"Cross intersection",3,999,"A",2016,"SEDAN","KIA","Car","F",64,"60-64","Drivers"
"T20190013906","20/7/19",13:00:00,"Collision with vehicle","Saturday","Day",3,5,"Cross intersection",3,60,"A",2017,"SEDAN","HYNDAI","Car","F",33,"30-39","Drivers"
"T20190013906","20/7/19",13:00:00,"Collision with vehicle","Saturday","Day",3,5,"Cross intersection",3,60,"B",2011,"SEDAN","B M W","Car","F",73,"70+","Drivers"
"T20190013906","20/7/19",13:00:00,"Collision with vehicle","Saturday","Day",3,5,"Cross intersection",3,60,"C",2013,"WAGON","VOLKS","Car","M",23,"22-25","Drivers"
"T20190013909","26/7/19",11:21:00,"Collision with a fixed object","Friday","Day",2,2,"Not at intersection",3,60,"A",2011,"SEDAN","TOYOTA","Car","M",82,"70+","Drivers"
"T20190013914","26/7/19",11:35:00,"Collision with a fixed object","Friday","Day",1,1,"Not at intersection",3,100,"A",2014,"SEDAN","HYNDAI","Car","F",69,"64-69","Drivers"
"T20190013915","26/7/19",12:08:00,"Collision with vehicle","Friday","Day",4,5,"Cross intersection",3,60,"A",2011,"VAN","HINO","Light Commercial Vehicle (Rigid) <= 4.5 Tonnes GVM","M",27,"26-29","Drivers"
"T20190013915","26/7/19",12:08:00,"Collision with vehicle","Friday","Day",4,5,"Cross intersection",3,60,"B",2018,"DC UTE","TOYOTA","Utility","M",50,"50-59","Drivers"
"T20190013915","26/7/19",12:08:00,"Collision with vehicle","Friday","Day",4,5,"Cross intersection",3,60,"C",2016,"WAGON","PORSCH","Station Wagon","M",62,"60-64","Drivers"
"T20190013915","26/7/19",12:08:00,"Collision with vehicle","Friday","Day",4,5,"Cross intersection",3,60,"D",2001,"WAGON","TOYOTA","Station Wagon","M",34,"30-39","Drivers"
"T20190013916","26/7/19",11:07:00,"Collision with vehicle","Friday","Day",2,2,"Cross intersection",3,80,"A",2007,"SEDAN","VOLKS","Car","F",22,"22-25","Drivers"
"T20190013916","26/7/19",11:07:00,"Collision with vehicle","Friday","Day",2,2,"Cross intersection",3,80,"B",2001,"P MVR","KENWTH","Prime Mover - Single Trailer","M",37,"30-39","Drivers"
"T20190013917","26/7/19",10:50:00,"Collision with vehicle","Friday","Day",2,2,"T intersection",3,60,"A",2015,"VAN","MERC B","Panel Van","M",41,"40-49","Drivers"
"T20190013917","26/7/19",10:50:00,"Collision with vehicle","Friday","Day",2,2,"T intersection",3,60,"B",2012,"SEDAN","TOYOTA","Car","F",73,"70+","Drivers"
"T20190013919","26/7/19",11:50:00,"Collision with vehicle","Friday","Day",2,2,"T intersection",3,60,"A",2001,"SEDAN","HOLDEN","Car","M",40,"40-49","Drivers"
"T20190013919","26/7/19",11:50:00,"Collision with vehicle","Friday","Day",2,2,"T intersection",3,60,"B",2019,"WAGON","LDV","Station Wagon","M",49,"40-49","Drivers"
"T20190013920","26/7/19",13:35:00,"Collision with vehicle","Friday","Day",2,2,"Not at intersection",3,110,"A",2018,"WAGON","FORD","Station Wagon","F",20,"17-21","Drivers"
"T20190013923","26/7/19",12:00:00,"Collision with a fixed object","Friday","Day",1,1,"Not at intersection",3,50,"A",2000,"SEDAN","HYNDAI","Car","F",45,"40-49","Drivers"
"T20190013924","26/7/19",04:16:00,"Collision with a fixed object","Friday","Dark No street lights",1,1,"Not at intersection",3,60,"A",2014,"WAGON","PEUG","Station Wagon","M",41,"40-49","Drivers"
"T20190013926","17/7/19",05:55:00,"Collision with vehicle","Wednesday","Dark Street lights on",2,2,"Cross intersection",3,60,"A",2004,"SEDAN","HOLDEN","Car","M",19,"17-21","Drivers"
"T20190013926","17/7/19",05:55:00,"Collision with vehicle","Wednesday","Dark Street lights on",2,2,"Cross intersection",3,60,"B",2013,"SEDAN","UNKN","Car","M",31,"30-39","Drivers"
"T20190013927","26/7/19",15:10:00,"Collision with vehicle","Friday","Day",2,3,"Cross intersection",3,60,"A",2009,"S WAG","MITSUB","Station Wagon","F",19,"17-21","Drivers"
"T20190013927","26/7/19",15:10:00,"Collision with vehicle","Friday","Day",2,3,"Cross intersection",3,60,"B",2007,"SEDAN","TOYOTA","Car","F",64,"60-64","Drivers"
"T20190013928","21/7/19",11:00:00,"Collision with vehicle","Sunday","Day",2,2,"T intersection",3,50,"A",2017,"COUPE","MERC B","Car","M",57,"50-59","Drivers"
"T20190013929","24/7/19",06:40:00,"Struck animal","Wednesday","Dusk/Dawn",1,3,"Not at intersection",3,100,"A",2017,"WAGON","NISSAN","Station Wagon","F",31,"30-39","Drivers"
"T20190013931","26/7/19",11:45:00,"Collision with vehicle","Friday","Day",2,2,"T intersection",3,100,"A",2012,"TRAY","TOYOTA","Light Commercial Vehicle (Rigid) <= 4.5 Tonnes GVM","M",58,"50-59","Drivers"
"T20190013931","26/7/19",11:45:00,"Collision with vehicle","Friday","Day",2,2,"T intersection",3,100,"B",2015,"SEDAN","FORD","Car","F",35,"30-39","Drivers"
"T20190013933","17/7/19",17:00:00,"Collision with vehicle","Wednesday","Day",4,4,"Not at intersection",3,60,"A",2002,"SEDAN","TOYOTA","Car","F",48,"40-49","Drivers"