"ACCIDENT_NO","ACCIDENTDATE","ACCIDENTTIME","Accident Type Desc","Day Week Description","Light Condition Desc","NO_OF_VEHICLES","NO_PERSONS","Road Geometry Desc","SEVERITY","SPEED_ZONE","VEHICLE_ID","VEHICLE_YEAR_MANUF","VEHICLE_BODY_STYLE","VEHICLE_MAKE","Vehicle Type Desc","SEX","AGE","Age Group","Road User Type Desc"
"T20190013933","17/7/19",17:00:00,"Collision with vehicle","Wednesday","Day",4,4,"Not at intersection",3,60,"B",2009,"SEDAN","TOYOTA","Car","M",53,"50-59","Drivers"
"T20190013933","17/7/19",17:00:00,"Collision with vehicle","Wednesday","Day",4,4,"Not at intersection",3,60,"C",2014,"SEDAN","TOYOTA","Taxi","M",50,"50-59","Drivers"
"T20190013933","17/7/19",17:00:00,"Collision with vehicle","Wednesday","Day",4,4,"Not at intersection",3,60,"D",2018,"WAGON","TOYOTA","Taxi","M",61,"60-64","Drivers"
"T20190013935","26/7/19",14:39:00,"Collision with vehicle","Friday","Day",2,4,"Cross intersection",3,100,"A",1995,"SED","FORD","Car","F",21,"17-21","Drivers"
"T20190013935","26/7/19",14:39:00,"Collision with vehicle","Friday","Day",2,4,"Cross intersection",3,100,"B",2004,"P MVR","STERLI","Prime Mover - Single Trailer","M",46,"40-49","Drivers"
"T20190013940","26/7/19",18:10:00,"Collision with vehicle","Friday","Dark Street lights on",3,4,"Not at intersection",3,80,"A",2016,"DC UTE","FORD","Utility","M",36,"30-39","Drivers"
"T20190013940","26/7/19",18:10:00,"Collision with vehicle","Friday","Dark Street lights on",3,4,"Not at intersection",3,80,"B",2013,"SEDAN","TOYOTA","Car","F",54,"50-59","Drivers"
"T20190013940","26/7/19",18:10:00,"Collision with vehicle","Friday","Dark Street lights on",3,4,"Not at intersection",3,80,"C",2002,"SEDAN","JAGUAR","Car","F",81,"70+","Drivers"
"T20190013941","26/7/19",18:43:00,"Struck Pedestrian","Friday","Dark Street lights on",1,3,"T intersection",3,50,"A",2010,"S WAG","VOLKS","Station Wagon","M",47,"40-49","Drivers"
"T20190013943","26/7/19",18:35:00,"Collision with vehicle","Friday","Dark Street lights on",2,3,"Cross intersection",3,60,"A",2005,"SEDAN","TOYOTA","Car","F",27,"26-29","Drivers"
"T20190013943","26/7/19",18:35:00,"Collision with vehicle","Friday","Dark Street lights on",2,3,"Cross intersection",3,60,"B",2006,"SEDAN","TOYOTA","Car","M",25,"22-25","Drivers"
"T20190013944","26/7/19",20:00:00,"Collision with vehicle","Friday","Dark Street lights unknown",2,2,"T intersection",3,60,"A",2010,"SED","HONDA","Car","F",27,"26-29","Drivers"
"T20190013944","26/7/19",20:00:00,"Collision with vehicle","Friday","Dark Street lights unknown",2,2,"T intersection",3,60,"B",2007,"DC UTE","TOYOTA","Utility","M",NA,"unknown","Drivers"
"T20190013945","26/7/19",18:15:00,"Collision with vehicle","Friday","Dark Street lights on",2,4,"Cross intersection",3,80,"A",2017,"WAGON","NISSAN","Station Wagon","M",31,"30-39","Drivers"
"T20190013945","26/7/19",18:15:00,"Collision with vehicle","Friday","Dark Street lights on",2,4,"Cross intersection",3,80,"B",2004,"UTIL","FORD","Utility","M",38,"30-39","Drivers"
"T20190013946","26/7/19",18:40:00,"Struck Pedestrian","Friday","Dark Street lights on",1,2,"Cross intersection",3,60,"A",2011,"VAN","ISUZU","Light Commercial Vehicle (Rigid) <= 4.5 Tonnes GVM","M",70,"70+","Drivers"
"T20190013947","26/7/19",18:54:00,"Collision with vehicle","Friday","Dark Street lights on",2,2,"T intersection",3,60,"A",2008,"UTIL","HOLDEN","Utility","M",20,"17-21","Drivers"
"T20190013947","26/7/19",18:54:00,"Collision with vehicle","Friday","Dark Street lights on",2,2,"T intersection",3,60,"B",2012,"SEDAN","TOYOTA","Car","F",19,"17-21","Drivers"
"T20190013948","26/7/19",18:50:00,"Collision with vehicle","Friday","Dark No street lights",2,4,"T intersection",3,80,"A",2016,"SEDAN","B M W","Car","F",42,"40-49","Drivers"
"T20190013948","26/7/19",18:50:00,"Collision with vehicle","Friday","Dark No street lights",2,4,"T intersection",3,80,"B",2011,"SEDAN","HYNDAI","Car","F",45,"40-49","Drivers"
"T20190013950","26/7/19",20:10:00,"Struck Pedestrian","Friday","Dark Street lights on",1,2,"T intersection",3,60,"A",2001,"SEDAN","HOLDEN","Car","M",23,"22-25","Drivers"
"T20190013954","22/7/19",14:07:00,"Collision with vehicle","Monday","Day",2,2,"Not at intersection",3,40,"A",2001,"SEDAN","TOYOTA","Car","M",49,"40-49","Drivers"
"T20190013954","22/7/19",14:07:00,"Collision with vehicle","Monday","Day",2,2,"Not at intersection",3,40,"B",2018,"WAGON","MAZDA","Station Wagon","M",53,"50-59","Drivers"
"T20190013955","26/7/19",19:42:00,"Collision with vehicle","Friday","Dark Street lights on",4,4,"Not at intersection",3,60,"A",2000,"SEDAN","TOYOTA","Car","F",78,"70+","Drivers"
"T20190013955","26/7/19",19:42:00,"Collision with vehicle","Friday","Dark Street lights on",4,4,"Not at intersection",3,60,"B",2005,"SEDAN","NISSAN","Car","F",56,"50-59","Drivers"
"T20190013955","26/7/19",19:42:00,"Collision with vehicle","Friday","Dark Street lights on",4,4,"Not at intersection",3,60,"C",2014,"SEDAN","NISSAN","Car","F",31,"30-39","Drivers"
"T20190013955","26/7/19",19:42:00,"Collision with vehicle","Friday","Dark Street lights on",4,4,"Not at intersection",3,60,"D",2001,"S WAG","HOLDEN","Station Wagon","M",28,"26-29","Drivers"
"T20190013956","26/7/19",16:20:00,"Collision with a fixed object","Friday","Day",1,2,"Not at intersection",2,100,"A",2006,"UTIL","TOYOTA","Utility","M",18,"17-21","Drivers"
"T20190013957","26/7/19",22:03:00,"Struck Pedestrian","Friday","Dark Street lights on",1,2,"Cross intersection",3,50,"A",2005,"SEDAN","HONDA","Car","M",68,"64-69","Drivers"
"T20190013961","26/7/19",21:46:00,"Collision with a fixed object","Friday","Dark Street lights on",1,4,"Cross intersection",3,60,"A",2015,"SEDAN","SUZUKI","Car","M",19,"17-21","Drivers"
"T20190013963","26/7/19",22:18:00,"Collision with a fixed object","Friday","Dark Street lights on",1,1,"Not at intersection",3,80,"A",2007,"DC UTE","TOYOTA","Utility","M",37,"30-39","Drivers"
"T20190013964","23/7/19",18:17:00,"Collision with vehicle","Tuesday","Dark Street lights on",2,2,"Cross intersection",3,60,"B",2003,"SEDAN","FORD","Car","M",76,"70+","Drivers"
"T20190013967","27/7/19",07:25:00,"No collision and no object struck","Saturday","Day",2,2,"Not at intersection",3,60,"A",2003,"SEDAN","HONDA","Car","F",30,"30-39","Drivers"
"T20190013968","23/7/19",05:20:00,"Struck Pedestrian","Tuesday","Dark Street lights unknown",1,2,"Not at intersection",3,999,"A",2018,"SEDAN","TOYOTA","Car","M",67,"64-69","Drivers"
"T20190013969","27/7/19",09:25:00,"Collision with vehicle","Saturday","Day",2,2,"Cross intersection",3,60,"A",2009,"SEDAN","TOYOTA","Car","M",30,"30-39","Drivers"
"T20190013969","27/7/19",09:25:00,"Collision with vehicle","Saturday","Day",2,2,"Cross intersection",3,60,"B",2008,"SEDAN","TOYOTA","Car","M",29,"26-29","Drivers"
"T20190013970","26/7/19",18:00:00,"Vehicle overturned (no collision)","Friday","Dark No street lights",1,3,"Not at intersection",3,100,"A",1999,"WAGON","TOYOTA","Station Wagon","M",56,"50-59","Drivers"
"T20190013971","27/7/19",10:15:00,"Collision with vehicle","Saturday","Day",2,2,"T intersection",3,60,"A",0,"SED","FORD","Car","F",24,"22-25","Drivers"
"T20190013971","27/7/19",10:15:00,"Collision with vehicle","Saturday","Day",2,2,"T intersection",3,60,"B",2017,"WAGON","HOLDEN","Station Wagon","F",62,"60-64","Drivers"
"T20190013972","25/7/19",18:40:00,"Struck Pedestrian","Thursday","Dark No street lights",1,2,"T intersection",3,50,"A",2003,"WAGON","TOYOTA","Station Wagon","M",54,"50-59","Drivers"
"T20190013981","27/7/19",12:41:00,"Collision with vehicle","Saturday","Day",2,3,"Cross intersection",3,80,"A",2018,"WAGON","HONDA","Station Wagon","M",34,"30-39","Drivers"
"T20190013983","27/7/19",10:15:00,"Collision with a fixed object","Saturday","Day",1,1,"Not at intersection",3,100,"A",2002,"WAGON","NISSAN","Station Wagon","F",20,"17-21","Drivers"
"T20190013984","27/7/19",11:45:00,"Collision with vehicle","Saturday","Day",2,2,"Not at intersection",3,60,"A",2004,"WAGON","FORD","Station Wagon","M",29,"26-29","Drivers"
"T20190013984","27/7/19",11:45:00,"Collision with vehicle","Saturday","Day",2,2,"Not at intersection",3,60,"B",2009,"SEDAN","FORD","Car","M",18,"17-21","Drivers"
"T20190013987","27/7/19",10:30:00,"Collision with vehicle","Saturday","Day",2,1,"Not at intersection",2,50,"A",2017,"SEDAN","MAZDA","Car","F",71,"70+","Drivers"
"T20190013989","27/7/19",14:12:00,"Collision with vehicle","Saturday","Day",2,2,"Not at intersection",3,888,"A",2009,"SEDAN","SUZUKI","Car","M",23,"22-25","Drivers"
"T20190013990","27/7/19",10:03:00,"Collision with vehicle","Saturday","Day",2,5,"Not at intersection",3,100,"A",2014,"WAGON","HYNDAI","Station Wagon","F",45,"40-49","Drivers"
"T20190013990","27/7/19",10:03:00,"Collision with vehicle","Saturday","Day",2,5,"Not at intersection",3,100,"B",2013,"COUPE","TOYOTA","Car","F",40,"40-49","Drivers"
"T20190013993","27/7/19",13:58:00,"Collision with vehicle","Saturday","Day",2,2,"Not at intersection",2,100,"A",2016,"WAGON","NISSAN","Station Wagon","M",79,"70+","Drivers"
"T20190013993","27/7/19",13:58:00,"Collision with vehicle","Saturday","Day",2,2,"Not at intersection",2,100,"B",1997,"MULTI","MITSUB","Utility","M",43,"40-49","Drivers"
"T20190013997","27/7/19",09:54:00,"Collision with vehicle","Saturday","Day",2,2,"Not at intersection",3,100,"A",2002,"PBVEH","FORD","Other Vehicle","F",79,"70+","Drivers"
"T20190013998","27/7/19",16:45:00,"Collision with vehicle","Saturday","Day",2,3,"Not at intersection",2,60,"A",2017,"S WAG","TOYOTA","Station Wagon","M",13,"13-15","Drivers"
"T20190013998","27/7/19",16:45:00,"Collision with vehicle","Saturday","Day",2,3,"Not at intersection",2,60,"B",0,"S WAG","NISSAN","Station Wagon","M",27,"26-29","Drivers"
"T20190014005","27/7/19",18:29:00,"Collision with vehicle","Saturday","Dark Street lights on",2,3,"Not at intersection",3,60,"A",2007,"SEDAN","MITSUB","Car","M",26,"26-29","Drivers"
"T20190014005","27/7/19",18:29:00,"Collision with vehicle","Saturday","Dark Street lights on",2,3,"Not at intersection",3,60,"B",2017,"COUPE","LEXUS","Car","M",60,"60-64","Drivers"
"T20190014008","27/7/19",17:30:00,"Collision with vehicle","Saturday","Dusk/Dawn",2,2,"T intersection",3,60,"A",2016,"WAGON","HOLDEN","Station Wagon","F",28,"26-29","Drivers"
"T20190014009","27/7/19",18:15:00,"Collision with vehicle","Saturday","Dark Street lights on",2,1,"Not at intersection",3,999,"A",2019,"WAGON","NISSAN","Station Wagon","F",31,"30-39","Drivers"
"T20190014012","27/7/19",20:05:00,"collision with some other object","Saturday","Dark Street lights on",2,3,"Not at intersection",2,110,"A",1991,"S WAG","TOYOTA","Station Wagon","M",41,"40-49","Drivers"
"T20190014012","27/7/19",20:05:00,"collision with some other object","Saturday","Dark Street lights on",2,3,"Not at intersection",2,110,"B",2003,"COUPE","MERC B","Car","F",40,"40-49","Drivers"
"T20190014014","27/7/19",14:35:00,"Collision with vehicle","Saturday","Day",2,3,"Cross intersection",3,80,"A",2011,"SEDAN","DODGE","Car","M",28,"26-29","Drivers"
"T20190014014","27/7/19",14:35:00,"Collision with vehicle","Saturday","Day",2,3,"Cross intersection",3,80,"B",2019,"WAGON","MITSUB","Station Wagon","F",36,"30-39","Drivers"
"T20190014015","27/7/19",21:34:00,"Collision with a fixed object","Saturday","Dark Street lights on",1,2,"Not at intersection",3,60,"A",1934,"COUPE","FORD","Car","F",46,"40-49","Drivers"
"T20190014021","27/7/19",17:00:00,"Collision with vehicle","Saturday","Day",2,2,"Not at intersection",3,60,"A",2013,"SEDAN","LEXUS","Car","M",62,"60-64","Drivers"
"T20190014022","27/7/19",23:41:00,"Struck Pedestrian","Saturday","Dark Street lights on",1,3,"Cross intersection",3,80,"A",2015,"WAGON","TOYOTA","Station Wagon","M",51,"50-59","Drivers"
"T20190014023","27/7/19",05:50:00,"Collision with vehicle","Saturday","Dark Street lights on",2,1,"Not at intersection",3,50,"A",2013,"SEDAN","HONDA","Car","M",26,"26-29","Drivers"
"T20190014024","27/7/19",23:38:00,"Collision with vehicle","Saturday","Dark Street lights on",2,2,"Not at intersection",3,60,"A",2016,"SEDAN","MITSUB","Car","M",40,"40-49","Drivers"
"T20190014024","27/7/19",23:38:00,"Collision with vehicle","Saturday","Dark Street lights on",2,2,"Not at intersection",3,60,"B",2016,"CRANE","ISUZU","Heavy Vehicle (Rigid) > 4.5 Tonnes","M",33,"30-39","Drivers"
"T20190014025","28/7/19",01:15:00,"Collision with a fixed object","Sunday","Dark Street lights on",1,1,"Cross intersection",3,80,"A",1990,"S WAG","TOYOTA","Station Wagon","F",42,"40-49","Drivers"
"T20190014031","18/7/19",19:45:00,"Collision with vehicle","Thursday","Unknown",2,2,"Not at intersection",3,40,"A",2016,"TRAY","TOYOTA","Utility","M",51,"50-59","Drivers"
"T20190014034","28/7/19",09:40:00,"Collision with vehicle","Sunday","Day",2,2,"Not at intersection",3,40,"A",2012,"SEDAN","CHRYS","Car","F",63,"60-64","Drivers"
"T20190014035","27/7/19",16:35:00,"Collision with vehicle","Saturday","Dusk/Dawn",2,2,"T intersection",3,80,"A",2013,"SEDAN","FORD","Car","F",72,"70+","Drivers"
"T20190014035","27/7/19",16:35:00,"Collision with vehicle","Saturday","Dusk/Dawn",2,2,"T intersection",3,80,"B",2011,"SEDAN","TOYOTA","Car","F",69,"64-69","Drivers"
"T20190014037","28/7/19",08:15:00,"Collision with a fixed object","Sunday","Day",1,2,"Not at intersection",3,100,"A",2004,"CARVN","MERC B","Panel Van","M",26,"26-29","Drivers"
"T20190014042","28/7/19",11:45:00,"Collision with vehicle","Sunday","Day",2,1,"Not at intersection",3,50,"A",2000,"SEDAN","TOYOTA","Car","M",90,"70+","Drivers"
"T20190014045","28/7/19",10:28:00,"Collision with vehicle","Sunday","Day",2,3,"Not at intersection",3,100,"A",2018,"COUPE","VOLKS","Car","M",24,"22-25","Drivers"
"T20190014045","28/7/19",10:28:00,"Collision with vehicle","Sunday","Day",2,3,"Not at intersection",3,100,"B",1992,"WAGON","NISSAN","Station Wagon","M",20,"17-21","Drivers"
"T20190014051","13/7/19",14:30:00,"Collision with a fixed object","Saturday","Day",1,1,"Not at intersection",3,100,"A",2001,"S WAG","FORD","Station Wagon","M",46,"40-49","Drivers"
"T20190014052","27/7/19",16:50:00,"Collision with vehicle","Saturday","Day",2,2,"T intersection",2,50,"B",2006,"SEDAN","FORD","Car","F",55,"50-59","Drivers"
"T20190014056","27/6/19",17:30:00,"Collision with vehicle","Thursday","Dusk/Dawn",2,2,"Not at intersection",3,80,"A",2010,"WAGON","HYNDAI","Car","F",59,"50-59","Drivers"
"T20190014056","27/6/19",17:30:00,"Collision with vehicle","Thursday","Dusk/Dawn",2,2,"Not at intersection",3,80,"B",2008,"UTIL","TOYOTA","Utility","M",45,"40-49","Drivers"
"T20190014058","24/7/19",22:30:00,"collision with some other object","Wednesday","Dark Street lights on",1,1,"Not at intersection",3,100,"A",2012,"SEDAN","TOYOTA","Car","M",24,"22-25","Drivers"
"T20190014060","28/7/19",14:00:00,"Collision with vehicle","Sunday","Day",3,3,"Not at intersection",3,70,"A",2010,"UTIL","MITSUB","Utility","M",32,"30-39","Drivers"
"T20190014060","28/7/19",14:00:00,"Collision with vehicle","Sunday","Day",3,3,"Not at intersection",3,70,"B",2013,"SEDAN","VOLKS","Car","M",46,"40-49","Drivers"
"T20190014060","28/7/19",14:00:00,"Collision with vehicle","Sunday","Day",3,3,"Not at intersection",3,70,"C",2011,"WAGON","HOLDEN","Station Wagon","F",29,"26-29","Drivers"
"T20190014063","28/7/19",16:32:00,"Collision with vehicle","Sunday","Day",3,4,"Not at intersection",3,70,"A",2016,"WAGON","VOLVO","Station Wagon","F",40,"40-49","Drivers"
"T20190014063","28/7/19",16:32:00,"Collision with vehicle","Sunday","Day",3,4,"Not at intersection",3,70,"B",2011,"WAGON","KIA","Station Wagon","F",76,"70+","Drivers"
"T20190014063","28/7/19",16:32:00,"Collision with vehicle","Sunday","Day",3,4,"Not at intersection",3,70,"C",2015,"SEDAN","B M W","Car","F",51,"50-59","Drivers"
"T20190014065","28/7/19",14:20:00,"Struck Pedestrian","Sunday","Day",1,2,"T intersection",3,777,"A",2013,"SEDAN","HOLDEN","Car","M",59,"50-59","Drivers"
"T20190014067","28/7/19",19:50:00,"Collision with a fixed object","Sunday","Dark No street lights",1,1,"Not at intersection",3,100,"A",2015,"SEDAN","FORD","Car","M",20,"17-21","Drivers"
"T20190014073","29/7/19",04:06:00,"Collision with vehicle","Monday","Dark Street lights on",3,3,"Cross intersection",3,70,"A",2017,"WAGON","SUBARU","Station Wagon","U",25,"22-25","Drivers"
"T20190014073","29/7/19",04:06:00,"Collision with vehicle","Monday","Dark Street lights on",3,3,"Cross intersection",3,70,"B",2010,"UTIL","HOLDEN","Utility","M",31,"30-39","Drivers"
"T20190014073","29/7/19",04:06:00,"Collision with vehicle","Monday","Dark Street lights on",3,3,"Cross intersection",3,70,"C",2018,"S WAG","VOLKS","Station Wagon","U",NA,"unknown","Drivers"
"T20190014076","29/7/19",05:54:00,"Collision with a fixed object","Monday","Dark Street lights on",1,1,"Not at intersection",3,50,"A",2008,"P MVR","ISUZU","Prime Mover - Single Trailer","M",38,"30-39","Drivers"
"T20190014077","29/7/19",05:55:00,"Collision with vehicle","Monday","Dark Street lights on",2,3,"Cross intersection",3,80,"A",2012,"SEDAN","TOYOTA","Car","M",48,"40-49","Drivers"
"T20190014077","29/7/19",05:55:00,"Collision with vehicle","Monday","Dark Street lights on",2,3,"Cross intersection",3,80,"B",2009,"SEDAN","HOLDEN","Car","F",29,"26-29","Drivers"
"T20190014078","29/7/19",08:45:00,"Struck Pedestrian","Monday","Day",1,3,"Not at intersection",3,60,"A",2014,"WAGON","HONDA","Station Wagon","F",38,"30-39","Drivers"
"T20190014080","27/7/19",08:30:00,"Collision with vehicle","Saturday","Day",2,2,"Multiple intersection",3,999,"A",2014,"SEDAN","CHRYS","Car","M",71,"70+","Drivers"
"T20190014083","19/7/19",12:10:00,"Collision with vehicle","Friday","Day",2,3,"T intersection",3,60,"A",2007,"COUPE","HYNDAI","Car","M",26,"26-29","Drivers"
"T20190014083","19/7/19",12:10:00,"Collision with vehicle","Friday","Day",2,3,"T intersection",3,60,"B",2016,"SEDAN","TOYOTA","Car","F",29,"26-29","Drivers"
"T20190014084","29/7/19",06:40:00,"Collision with vehicle","Monday","Dark Street lights on",2,2,"Cross intersection",3,80,"A",2015,"UTIL","FORD","Utility","M",33,"30-39","Drivers"
"T20190014084","29/7/19",06:40:00,"Collision with vehicle","Monday","Dark Street lights on",2,2,"Cross intersection",3,80,"B",2011,"UTIL","HOLDEN","Utility","F",48,"40-49","Drivers"
"T20190014085","29/7/19",09:15:00,"Collision with a fixed object","Monday","Day",1,1,"Not at intersection",3,40,"A",2016,"WAGON","FORD","Station Wagon","F",63,"60-64","Drivers"
"T20190014092","29/7/19",11:43:00,"Struck Pedestrian","Monday","Day",1,2,"Not at intersection",3,50,"A",2004,"S WAG","VOLVO","Station Wagon","F",72,"70+","Drivers"
"T20190014093","29/7/19",12:15:00,"Collision with vehicle","Monday","Day",2,2,"T intersection",3,60,"A",2012,"WAGON","TOYOTA","Station Wagon","F",57,"50-59","Drivers"
"T20190014093","29/7/19",12:15:00,"Collision with vehicle","Monday","Day",2,2,"T intersection",3,60,"B",2013,"TRAY","ISUZU","Heavy Vehicle (Rigid) > 4.5 Tonnes","M",45,"40-49","Drivers"
"T20190014094","29/7/19",12:05:00,"Collision with vehicle","Monday","Day",3,4,"T intersection",3,60,"A",2008,"SEDAN","HYNDAI","Car","F",30,"30-39","Drivers"
"T20190014094","29/7/19",12:05:00,"Collision with vehicle","Monday","Day",3,4,"T intersection",3,60,"B",0,"TRAY","ISUZU","Light Commercial Vehicle (Rigid) <= 4.5 Tonnes GVM","M",33,"30-39","Drivers"
"T20190014094","29/7/19",12:05:00,"Collision with vehicle","Monday","Day",3,4,"T intersection",3,60,"C",2010,"SEDAN","MITSUB","Car","M",84,"70+","Drivers"
"T20190014095","29/7/19",09:17:00,"Collision with vehicle","Monday","Day",2,2,"Cross intersection",3,70,"A",2017,"SEDAN","MERC B","Car","F",61,"60-64","Drivers"
"T20190014095","29/7/19",09:17:00,"Collision with vehicle","Monday","Day",2,2,"Cross intersection",3,70,"B",2007,"SEDAN","NISSAN","Car","M",47,"40-49","Drivers"
"T20190014096","29/7/19",12:30:00,"Collision with vehicle","Monday","Day",2,4,"Cross intersection",3,60,"A",2016,"SED","TOYOTA","Car","M",64,"60-64","Drivers"
"T20190014096","29/7/19",12:30:00,"Collision with vehicle","Monday","Day",2,4,"Cross intersection",3,60,"B",2006,"SEDAN","TOYOTA","Car","U",22,"22-25","Drivers"
"T20190014097","28/7/19",19:20:00,"Collision with a fixed object","Sunday","Dark No street lights",1,1,"Not at intersection",2,100,"A",2018,"SEDAN","HYNDAI","Car","F",27,"26-29","Drivers"
"T20190014098","26/7/19",17:45:00,"Collision with vehicle","Friday","Day",2,2,"Not at intersection",3,60,"A",2001,"SEDAN","TOYOTA","Car","F",77,"70+","Drivers"
"T20190014098","26/7/19",17:45:00,"Collision with vehicle","Friday","Day",2,2,"Not at intersection",3,60,"B",2016,"SEDAN","KIA","Car","F",31,"30-39","Drivers"
"T20190014101","22/7/19",08:29:00,"Collision with vehicle","Monday","Day",2,2,"Cross intersection",3,40,"A",2015,"SEDAN","SUZUKI","Car","F",24,"22-25","Drivers"
"T20190014105","26/7/19",20:00:00,"Struck Pedestrian","Friday","Dark Street lights unknown",1,2,"Cross intersection",3,50,"A",2007,"SEDAN","TOYOTA","Car","M",56,"50-59","Drivers"
"T20190014107","21/1/19",14:30:00,"Collision with vehicle","Monday","Day",2,4,"Cross intersection",3,70,"A",2010,"WAGON","KIA","Station Wagon","M",24,"22-25","Drivers"
"T20190014107","21/1/19",14:30:00,"Collision with vehicle","Monday","Day",2,4,"Cross intersection",3,70,"B",2005,"WAGON","HONDA","Station Wagon","F",45,"40-49","Drivers"
"T20190014108","29/7/19",13:45:00,"Collision with vehicle","Monday","Day",2,2,"Not at intersection",3,60,"A",1995,"TIPPER","MACK","Heavy Vehicle (Rigid) > 4.5 Tonnes","M",48,"40-49","Drivers"
"T20190014108","29/7/19",13:45:00,"Collision with vehicle","Monday","Day",2,2,"Not at intersection",3,60,"B",2017,"SEDAN","VOLKS","Car","M",21,"17-21","Drivers"
"T20190014109","29/7/19",15:00:00,"Collision with a fixed object","Monday","Day",1,1,"Not at intersection",3,100,"A",2012,"WAGON","TOYOTA","Station Wagon","M",55,"50-59","Drivers"
"T20190014110","29/7/19",14:02:00,"Collision with vehicle","Monday","Day",2,2,"T intersection",3,70,"A",2011,"WAGON","NISSAN","Station Wagon","F",59,"50-59","Drivers"
"T20190014110","29/7/19",14:02:00,"Collision with vehicle","Monday","Day",2,2,"T intersection",3,70,"B",2017,"SEDAN","TOYOTA","Car","M",32,"30-39","Drivers"
"T20190014112","29/7/19",16:02:00,"Collision with vehicle","Monday","Day",2,3,"T intersection",2,80,"A",0,"SED","FORD","Car","M",43,"40-49","Drivers"
"T20190014112","29/7/19",16:02:00,"Collision with vehicle","Monday","Day",2,3,"T intersection",2,80,"B",1993,"SED","TOYOTA","Car","M",66,"64-69","Drivers"
"T20190014114","27/7/19",16:30:00,"Collision with vehicle","Saturday","Day",2,2,"T intersection",3,60,"A",2010,"DC UTE","TOYOTA","Utility","M",21,"17-21","Drivers"
"T20190014114","27/7/19",16:30:00,"Collision with vehicle","Saturday","Day",2,2,"T intersection",3,60,"B",2015,"WAGON","NISSAN","Station Wagon","F",28,"26-29","Drivers"
"T20190014115","28/7/19",14:00:00,"Collision with vehicle","Sunday","Day",2,3,"Multiple intersection",3,80,"A",2010,"SEDAN","FORD","Car","M",76,"70+","Drivers"
"T20190014115","28/7/19",14:00:00,"Collision with vehicle","Sunday","Day",2,3,"Multiple intersection",3,80,"B",2018,"SEDAN","KIA","Car","M",37,"30-39","Drivers"
"T20190014116","29/7/19",16:09:00,"Collision with vehicle","Monday","Day",2,2,"Not at intersection",3,40,"A",2008,"SEDAN","HOLDEN","Car","M",28,"26-29","Drivers"
"T20190014117","18/7/19",18:00:00,"Collision with vehicle","Thursday","Dark Street lights unknown",2,2,"Cross intersection",3,60,"A",2007,"WAGON","TOYOTA","Station Wagon","M",34,"30-39","Drivers"
"T20190014117","18/7/19",18:00:00,"Collision with vehicle","Thursday","Dark Street lights unknown",2,2,"Cross intersection",3,60,"B",2012,"SEDAN","MAZDA","Car","F",81,"70+","Drivers"
"T20190014118","29/7/19",15:30:00,"Struck Pedestrian","Monday","Day",1,2,"Cross intersection",3,40,"A",2009,"SEDAN","MAZDA","Car","M",25,"22-25","Drivers"
"T20190014123","18/7/19",12:30:00,"Collision with vehicle","Thursday","Day",2,2,"T intersection",3,50,"A",2018,"S WAG","MERC B","Station Wagon","F",45,"40-49","Drivers"
"T20190014123","18/7/19",12:30:00,"Collision with vehicle","Thursday","Day",2,2,"T intersection",3,50,"B",2013,"SEDAN","FORD","Car","U",19,"17-21","Drivers"
"T20190014124","29/7/19",18:10:00,"Struck Pedestrian","Monday","Dark Street lights on",1,2,"Cross intersection",3,80,"A",2010,"WAGON","VOLKS","Station Wagon","F",71,"70+","Drivers"
"T20190014125","29/7/19",18:22:00,"Collision with vehicle","Monday","Dark Street lights on",2,2,"T intersection",3,60,"A",2006,"SEDAN","TOYOTA","Car","F",58,"50-59","Drivers"
"T20190014125","29/7/19",18:22:00,"Collision with vehicle","Monday","Dark Street lights on",2,2,"T intersection",3,60,"B",2008,"WAGON","SUBARU","Station Wagon","M",51,"50-59","Drivers"
"T20190014126","29/7/19",18:21:00,"Collision with vehicle","Monday","Dark Street lights on",2,2,"T intersection",3,50,"A",2011,"SEDAN","HONDA","Car","F",22,"22-25","Drivers"
"T20190014126","29/7/19",18:21:00,"Collision with vehicle","Monday","Dark Street lights on",2,2,"T intersection",3,50,"B",2009,"SEDAN","AUDI","Car","M",29,"26-29","Drivers"
"T20190014127","29/7/19",17:30:00,"Collision with a fixed object","Monday","Day",1,1,"Not at intersection",3,100,"A",2010,"SEDAN","HYNDAI","Car","M",59,"50-59","Drivers"
"T20190014128","15/7/19",07:20:00,"Collision with vehicle","Monday","Day",2,2,"Not at intersection",3,80,"A",2017,"WAGON","MAZDA","Station Wagon","F",46,"40-49","Drivers"
"T20190014128","15/7/19",07:20:00,"Collision with vehicle","Monday","Day",2,2,"Not at intersection",3,80,"B",2001,"SEDAN","TOYOTA","Car","F",62,"60-64","Drivers"
"T20190014129","29/7/19",18:24:00,"Struck Pedestrian","Monday","Dark Street lights on",1,2,"Not at intersection",3,40,"A",2011,"WAGON","KIA","Station Wagon","F",46,"40-49","Drivers"
"T20190014134","29/7/19",19:00:00,"Collision with vehicle","Monday","Dark Street lights on",2,3,"Not at intersection",3,60,"A",2015,"SEDAN","TOYOTA","Car","M",44,"40-49","Drivers"