"ACCIDENT_NO","ACCIDENTDATE","ACCIDENTTIME","Accident Type Desc","Day Week Description","Light Condition Desc","NO_OF_VEHICLES","NO_PERSONS","Road Geometry Desc","SEVERITY","SPEED_ZONE","VEHICLE_ID","VEHICLE_YEAR_MANUF","VEHICLE_BODY_STYLE","VEHICLE_MAKE","Vehicle Type Desc","SEX","AGE","Age Group","Road User Type Desc"
"T20190014134","29/7/19",19:00:00,"Collision with vehicle","Monday","Dark Street lights on",2,3,"Not at intersection",3,60,"B",2018,"S WAG","MERC B","Station Wagon","M",45,"40-49","Drivers"
"T20190014137","29/7/19",22:30:00,"Collision with a fixed object","Monday","Dark Street lights on",1,2,"Not at intersection",3,60,"A",2004,"SEDAN","TOYOTA","Car","M",33,"30-39","Drivers"
"T20190014139","29/7/19",18:00:00,"Struck Pedestrian","Monday","Dark Street lights on",1,2,"Not at intersection",1,60,"A",2007,"DC UTE","NISSAN","Utility","M",54,"50-59","Drivers"
"T20190014141","29/7/19",22:38:00,"Collision with vehicle","Monday","Dark Street lights on",2,1,"Not at intersection",3,50,"A",2010,"SED","NISSAN","Car","F",25,"22-25","Drivers"
"T20190014146","29/7/19",06:55:00,"Collision with vehicle","Monday","Dark Street lights on",2,2,"T intersection",3,50,"A",2010,"SEDAN","MAZDA","Car","F",64,"60-64","Drivers"
"T20190014150","30/7/19",08:30:00,"Collision with vehicle","Tuesday","Day",2,2,"T intersection",3,60,"A",2016,"SEDAN","FORD","Car","M",22,"22-25","Drivers"
"T20190014150","30/7/19",08:30:00,"Collision with vehicle","Tuesday","Day",2,2,"T intersection",3,60,"B",2005,"WAGON","MAZDA","Station Wagon","F",23,"22-25","Drivers"
"T20190014152","30/7/19",05:20:00,"Collision with vehicle","Tuesday","Dark No street lights",2,2,"Not at intersection",3,100,"A",2005,"UTIL","TOYOTA","Utility","M",47,"40-49","Drivers"
"T20190014152","30/7/19",05:20:00,"Collision with vehicle","Tuesday","Dark No street lights",2,2,"Not at intersection",3,100,"B",2013,"SEDAN","MAZDA","Car","F",52,"50-59","Drivers"
"T20190014153","23/7/19",18:00:00,"Collision with vehicle","Tuesday","Dark Street lights on",2,2,"Cross intersection",3,60,"A",2009,"SEDAN","TOYOTA","Car","F",49,"40-49","Drivers"
"T20190014153","23/7/19",18:00:00,"Collision with vehicle","Tuesday","Dark Street lights on",2,2,"Cross intersection",3,60,"B",2006,"SEDAN","FORD","Car","M",44,"40-49","Drivers"
"T20190014154","30/7/19",09:50:00,"Struck Pedestrian","Tuesday","Day",1,2,"T intersection",3,50,"A",2015,"COUPE","KIA","Car","F",20,"17-21","Drivers"
"T20190014155","27/6/19",17:00:00,"Collision with vehicle","Thursday","Day",2,2,"T intersection",3,50,"A",2013,"SEDAN","SUBARU","Car","F",56,"50-59","Drivers"
"T20190014156","30/7/19",07:28:00,"Struck Pedestrian","Tuesday","Day",1,2,"Cross intersection",3,60,"A",2017,"SEDAN","TOYOTA","Car","M",19,"17-21","Drivers"
"T20190014157","20/7/19",19:02:00,"Collision with vehicle","Saturday","Unknown",2,3,"Not at intersection",3,80,"A",2018,"WAGON","KIA","Station Wagon","M",41,"40-49","Drivers"
"T20190014157","20/7/19",19:02:00,"Collision with vehicle","Saturday","Unknown",2,3,"Not at intersection",3,80,"B",2018,"SEDAN","M G","Car","M",55,"50-59","Drivers"
"T20190014158","29/7/19",21:26:00,"Collision with vehicle","Monday","Dark Street lights on",2,1,"Not at intersection",3,60,"A",2012,"SEDAN","TOYOTA","Car","F",60,"60-64","Drivers"
"T20190014160","30/7/19",06:44:00,"Struck Pedestrian","Tuesday","Dusk/Dawn",1,2,"Cross intersection",3,60,"A",2005,"UTIL","HOLDEN","Utility","M",63,"60-64","Drivers"
"T20190014164","20/7/19",17:30:00,"Collision with vehicle","Saturday","Dark Street lights on",3,3,"T intersection",3,50,"A",2012,"SED","VOLKS","Car","M",28,"26-29","Drivers"
"T20190014164","20/7/19",17:30:00,"Collision with vehicle","Saturday","Dark Street lights on",3,3,"T intersection",3,50,"B",2001,"COUPE","MERC B","Car","F",49,"40-49","Drivers"
"T20190014166","30/7/19",06:30:00,"Collision with a fixed object","Tuesday","Dark No street lights",1,1,"Not at intersection",3,80,"A",2006,"SEDAN","KIA","Car","M",18,"17-21","Drivers"
"T20190014167","17/7/19",08:40:00,"Collision with vehicle","Wednesday","Day",2,2,"Not at intersection",3,60,"A",2005,"TIPPER","WESTRN","Light Commercial Vehicle (Rigid) <= 4.5 Tonnes GVM","M",42,"40-49","Drivers"
"T20190014167","17/7/19",08:40:00,"Collision with vehicle","Wednesday","Day",2,2,"Not at intersection",3,60,"B",2011,"SEDAN","MITSUB","Car","F",56,"50-59","Drivers"
"T20190014171","27/6/19",08:25:00,"Collision with vehicle","Thursday","Day",3,3,"Not at intersection",3,80,"A",2006,"COUPE","HONDA","Car","F",31,"30-39","Drivers"
"T20190014171","27/6/19",08:25:00,"Collision with vehicle","Thursday","Day",3,3,"Not at intersection",3,80,"B",2010,"SEDAN","MAZDA","Car","M",37,"30-39","Drivers"
"T20190014171","27/6/19",08:25:00,"Collision with vehicle","Thursday","Day",3,3,"Not at intersection",3,80,"C",2018,"SEDAN","HONDA","Car","M",37,"30-39","Drivers"
"T20190014173","29/7/19",21:10:00,"Collision with vehicle","Monday","Dark Street lights on",2,2,"Cross intersection",3,60,"A",2013,"SEDAN","SUZUKI","Car","F",18,"17-21","Drivers"
"T20190014173","29/7/19",21:10:00,"Collision with vehicle","Monday","Dark Street lights on",2,2,"Cross intersection",3,60,"B",2002,"SEDAN","TOYOTA","Car","M",22,"22-25","Drivers"
"T20190014174","30/7/19",14:05:00,"Fall from or in moving vehicle","Tuesday","Day",1,1,"Not at intersection",3,50,"A",1994,"WAGON","TOYOTA","Station Wagon","M",63,"60-64","Drivers"
"T20190014178","30/7/19",14:15:00,"Collision with vehicle","Tuesday","Day",2,3,"Cross intersection",3,60,"A",2000,"WAGON","NISSAN","Station Wagon","M",62,"60-64","Drivers"
"T20190014178","30/7/19",14:15:00,"Collision with vehicle","Tuesday","Day",2,3,"Cross intersection",3,60,"B",2018,"SEDAN","TOYOTA","Car","M",72,"70+","Drivers"
"T20190014180","30/7/19",06:40:00,"Collision with vehicle","Tuesday","Dusk/Dawn",2,2,"Y intersection",3,60,"A",2018,"UTIL","ISUZU","Utility","M",33,"30-39","Drivers"
"T20190014182","30/7/19",14:49:00,"Collision with vehicle","Tuesday","Day",2,5,"Cross intersection",3,60,"A",2002,"UTIL","HOLDEN","Utility","M",46,"40-49","Drivers"
"T20190014182","30/7/19",14:49:00,"Collision with vehicle","Tuesday","Day",2,5,"Cross intersection",3,60,"B",1999,"WAGON","HOLDEN","Station Wagon","M",49,"40-49","Drivers"
"T20190014183","29/7/19",08:00:00,"Collision with vehicle","Monday","Day",3,3,"Not at intersection",3,80,"A",2002,"SEDAN","HOLDEN","Car","M",17,"16-17","Drivers"
"T20190014183","29/7/19",08:00:00,"Collision with vehicle","Monday","Day",3,3,"Not at intersection",3,80,"B",2015,"WAGON","FORD","Station Wagon","F",29,"26-29","Drivers"
"T20190014183","29/7/19",08:00:00,"Collision with vehicle","Monday","Day",3,3,"Not at intersection",3,80,"C",2008,"SEDAN","HONDA","Car","F",26,"26-29","Drivers"
"T20190014184","20/7/19",12:10:00,"Collision with vehicle","Saturday","Day",2,2,"Not at intersection",3,999,"A",2014,"SEDAN","HOLDEN","Car","M",30,"30-39","Drivers"
"T20190014184","20/7/19",12:10:00,"Collision with vehicle","Saturday","Day",2,2,"Not at intersection",3,999,"B",2016,"WAGON","TOYOTA","Utility","M",44,"40-49","Drivers"
"T20190014185","30/7/19",12:00:00,"Collision with vehicle","Tuesday","Day",2,2,"Not at intersection",3,80,"A",1993,"SEDAN","FORD","Car","F",49,"40-49","Drivers"
"T20190014188","30/7/19",15:18:00,"Collision with vehicle","Tuesday","Day",2,3,"Not at intersection",3,60,"A",2013,"SEDAN","MITSUB","Car","F",59,"50-59","Drivers"
"T20190014188","30/7/19",15:18:00,"Collision with vehicle","Tuesday","Day",2,3,"Not at intersection",3,60,"B",2011,"SEDAN","HOLDEN","Car","F",21,"17-21","Drivers"
"T20190014192","30/7/19",13:13:00,"Collision with vehicle","Tuesday","Day",3,2,"Not at intersection",3,40,"A",2014,"SEDAN","MAZDA","Car","M",59,"50-59","Drivers"
"T20190014192","30/7/19",13:13:00,"Collision with vehicle","Tuesday","Day",3,2,"Not at intersection",3,40,"B",2014,"WAGON","TOYOTA","Station Wagon","M",24,"22-25","Drivers"
"T20190014193","24/7/19",17:20:00,"Collision with a fixed object","Wednesday","Dark No street lights",1,1,"Not at intersection",3,999,"A",2017,"SEDAN","MERC B","Car","F",37,"30-39","Drivers"
"T20190014194","29/7/19",07:09:00,"Collision with vehicle","Monday","Dusk/Dawn",2,2,"T intersection",3,60,"A",2004,"SEDAN","FORD","Car","M",24,"22-25","Drivers"
"T20190014194","29/7/19",07:09:00,"Collision with vehicle","Monday","Dusk/Dawn",2,2,"T intersection",3,60,"B",2013,"WAGON","VOLKS","Station Wagon","F",35,"30-39","Drivers"
"T20190014195","24/7/19",13:32:00,"Collision with vehicle","Wednesday","Day",2,2,"Not at intersection",3,80,"A",2017,"SEDAN","HYNDAI","Car","F",47,"40-49","Drivers"
"T20190014195","24/7/19",13:32:00,"Collision with vehicle","Wednesday","Day",2,2,"Not at intersection",3,80,"B",2017,"WAGON","HONDA","Station Wagon","M",42,"40-49","Drivers"
"T20190014196","30/7/19",17:35:00,"Collision with vehicle","Tuesday","Dark No street lights",2,4,"T intersection",3,60,"A",2012,"SEDAN","TOYOTA","Car","F",34,"30-39","Drivers"
"T20190014196","30/7/19",17:35:00,"Collision with vehicle","Tuesday","Dark No street lights",2,4,"T intersection",3,60,"B",2017,"SEDAN","TOYOTA","Car","F",42,"40-49","Drivers"
"T20190014199","30/7/19",18:30:00,"Collision with vehicle","Tuesday","Dark No street lights",3,3,"Not at intersection",3,80,"A",2005,"SEDAN","LEXUS","Car","U",NA,"unknown","Drivers"
"T20190014199","30/7/19",18:30:00,"Collision with vehicle","Tuesday","Dark No street lights",3,3,"Not at intersection",3,80,"B",2009,"WAGON","AUDI","Station Wagon","M",66,"64-69","Drivers"
"T20190014199","30/7/19",18:30:00,"Collision with vehicle","Tuesday","Dark No street lights",3,3,"Not at intersection",3,80,"C",2016,"SEDAN","MAZDA","Car","M",62,"60-64","Drivers"
"T20190014200","30/7/19",17:56:00,"Collision with vehicle","Tuesday","Dark Street lights on",2,2,"Not at intersection",3,40,"A",2006,"SEDAN","HONDA","Car","F",61,"60-64","Drivers"
"T20190014201","30/7/19",16:15:00,"Collision with vehicle","Tuesday","Day",4,4,"Not at intersection",2,70,"A",2014,"WAGON","VOLKS","Station Wagon","M",61,"60-64","Drivers"
"T20190014201","30/7/19",16:15:00,"Collision with vehicle","Tuesday","Day",4,4,"Not at intersection",2,70,"B",2007,"SEDAN","TOYOTA","Car","M",31,"30-39","Drivers"
"T20190014201","30/7/19",16:15:00,"Collision with vehicle","Tuesday","Day",4,4,"Not at intersection",2,70,"C",2007,"SEDAN","FORD","Car","M",43,"40-49","Drivers"
"T20190014201","30/7/19",16:15:00,"Collision with vehicle","Tuesday","Day",4,4,"Not at intersection",2,70,"D",1999,"SEDAN","TOYOTA","Car","M",29,"26-29","Drivers"
"T20190014204","30/7/19",18:34:00,"Collision with vehicle","Tuesday","Dark Street lights on",2,2,"T intersection",3,70,"A",2009,"UTIL","FORD","Utility","M",22,"22-25","Drivers"
"T20190014204","30/7/19",18:34:00,"Collision with vehicle","Tuesday","Dark Street lights on",2,2,"T intersection",3,70,"B",2012,"SEDAN","HOLDEN","Car","M",34,"30-39","Drivers"
"T20190014206","30/7/19",21:00:00,"Collision with a fixed object","Tuesday","Dark Street lights on",1,2,"Not at intersection",3,40,"A",2009,"SEDAN","AUDI","Car","F",27,"26-29","Drivers"
"T20190014208","28/6/19",11:45:00,"Collision with vehicle","Friday","Day",2,2,"T intersection",3,80,"A",2017,"SEDAN","MITSUB","Car","M",24,"22-25","Drivers"
"T20190014208","28/6/19",11:45:00,"Collision with vehicle","Friday","Day",2,2,"T intersection",3,80,"B",2014,"SEDAN","HYNDAI","Car","F",23,"22-25","Drivers"
"T20190014209","30/7/19",17:39:00,"Collision with vehicle","Tuesday","Day",4,8,"T intersection",2,60,"B",2001,"SED","HOLDEN","Car","M",26,"26-29","Drivers"
"T20190014209","30/7/19",17:39:00,"Collision with vehicle","Tuesday","Day",4,8,"T intersection",2,60,"C",2014,"WAGON","NISSAN","Car","F",31,"30-39","Drivers"
"T20190014209","30/7/19",17:39:00,"Collision with vehicle","Tuesday","Day",4,8,"T intersection",2,60,"D",2019,"SEDAN","B M W","Car","U",NA,"unknown","Drivers"
"T20190014209","30/7/19",17:39:00,"Collision with vehicle","Tuesday","Day",4,8,"T intersection",2,60,"E",2016,"WAGON","TOYOTA","Car","M",43,"40-49","Drivers"
"T20190014214","31/7/19",00:15:00,"Collision with a fixed object","Wednesday","Dark No street lights",1,1,"Not at intersection",3,100,"A",2012,"UTIL","FORD","Utility","M",26,"26-29","Drivers"
"T20190014217","22/7/19",18:35:00,"Collision with vehicle","Monday","Dark Street lights on",2,2,"T intersection",3,60,"A",2004,"WAGON","TOYOTA","Station Wagon","F",53,"50-59","Drivers"
"T20190014217","22/7/19",18:35:00,"Collision with vehicle","Monday","Dark Street lights on",2,2,"T intersection",3,60,"B",2003,"WAGON","TOYOTA","Station Wagon","F",24,"22-25","Drivers"
"T20190014219","31/7/19",07:00:00,"Collision with vehicle","Wednesday","Day",2,2,"Not at intersection",3,100,"A",2016,"VAN","UNKN","Panel Van","M",43,"40-49","Drivers"
"T20190014219","31/7/19",07:00:00,"Collision with vehicle","Wednesday","Day",2,2,"Not at intersection",3,100,"B",2010,"SEDAN","TOYOTA","Car","F",23,"22-25","Drivers"
"T20190014221","31/7/19",06:30:00,"Collision with a fixed object","Wednesday","Dusk/Dawn",1,1,"T intersection",2,60,"A",1998,"S WAG","FORD","Station Wagon","M",41,"40-49","Drivers"
"T20190014223","31/7/19",08:20:00,"Collision with vehicle","Wednesday","Day",2,2,"Cross intersection",3,50,"A",2014,"WAGON","L ROV","Car","F",48,"40-49","Drivers"
"T20190014224","30/7/19",15:30:00,"Collision with vehicle","Tuesday","Day",2,11,"Not at intersection",3,100,"A",1980,"SEDAN","HOLDEN","Car","M",38,"30-39","Drivers"
"T20190014227","31/7/19",07:45:00,"Collision with vehicle","Wednesday","Day",2,2,"Not at intersection",3,50,"B",2012,"WAGON","B M W","Station Wagon","F",40,"40-49","Drivers"
"T20190014231","31/7/19",09:35:00,"Collision with vehicle","Wednesday","Day",2,2,"Cross intersection",2,60,"A",2019,"WAGON","B M W","Station Wagon","F",66,"64-69","Drivers"
"T20190014231","31/7/19",09:35:00,"Collision with vehicle","Wednesday","Day",2,2,"Cross intersection",2,60,"B",2018,"SEDAN","TOYOTA","Car","F",25,"22-25","Drivers"
"T20190014232","31/7/19",10:45:00,"Struck Pedestrian","Wednesday","Day",1,2,"T intersection",3,50,"A",2013,"SEDAN","HYNDAI","Car","F",75,"70+","Drivers"
"T20190014233","31/7/19",10:48:00,"Collision with vehicle","Wednesday","Day",2,2,"Not at intersection",3,80,"A",2011,"S WAG","HOLDEN","Station Wagon","F",18,"17-21","Drivers"
"T20190014233","31/7/19",10:48:00,"Collision with vehicle","Wednesday","Day",2,2,"Not at intersection",3,80,"B",2009,"WAGON","VOLKS","Station Wagon","F",44,"40-49","Drivers"
"T20190014236","24/7/19",09:20:00,"Collision with vehicle","Wednesday","Day",2,3,"Not at intersection",3,60,"A",2018,"P MVR","SCANIA","Prime Mover - Single Trailer","M",27,"26-29","Drivers"
"T20190014236","24/7/19",09:20:00,"Collision with vehicle","Wednesday","Day",2,3,"Not at intersection",3,60,"B",2010,"SEDAN","HOLDEN","Car","M",29,"26-29","Drivers"
"T20190014240","31/7/19",07:39:00,"collision with some other object","Wednesday","Day",2,2,"Not at intersection",3,110,"B",2012,"DC UTE","FORD","Utility","M",40,"40-49","Drivers"
"T20190014240","31/7/19",07:39:00,"collision with some other object","Wednesday","Day",2,2,"Not at intersection",3,110,"C",2012,"SEDAN","NISSAN","Car","F",33,"30-39","Drivers"
"T20190014241","31/7/19",11:30:00,"Collision with vehicle","Wednesday","Day",2,2,"Not at intersection",3,50,"B",2003,"SED","FORD","Car","M",39,"30-39","Drivers"
"T20190014242","31/7/19",07:40:00,"Struck Pedestrian","Wednesday","Day",1,2,"T intersection",3,40,"A",2011,"SEDAN","B M W","Car","M",43,"40-49","Drivers"
"T20190014243","29/7/19",18:15:00,"Collision with vehicle","Monday","Dark Street lights on",2,5,"Cross intersection",3,60,"A",2015,"S WAG","B M W","Station Wagon","F",50,"50-59","Drivers"
"T20190014243","29/7/19",18:15:00,"Collision with vehicle","Monday","Dark Street lights on",2,5,"Cross intersection",3,60,"B",2014,"SEDAN","HONDA","Car","M",40,"40-49","Drivers"
"T20190014247","15/5/19",15:00:00,"Fall from or in moving vehicle","Wednesday","Day",1,2,"Not at intersection",2,50,"A",1999,"SEDAN","FORD","Car","M",77,"70+","Drivers"
"T20190014249","31/7/19",13:30:00,"Collision with vehicle","Wednesday","Day",2,2,"Not at intersection",3,70,"A",2008,"SEDAN","VOLKS","Car","M",64,"60-64","Drivers"
"T20190014250","31/7/19",08:30:00,"Collision with a fixed object","Wednesday","Day",1,1,"Not at intersection",2,80,"A",2007,"SEDAN","HOLDEN","Car","M",24,"22-25","Drivers"
"T20190014254","31/7/19",11:20:00,"Collision with vehicle","Wednesday","Day",2,4,"Not at intersection",3,80,"A",2010,"S WAG","HOLDEN","Station Wagon","F",55,"50-59","Drivers"
"T20190014254","31/7/19",11:20:00,"Collision with vehicle","Wednesday","Day",2,4,"Not at intersection",3,80,"B",2014,"SEDAN","REN","Car","M",44,"40-49","Drivers"
"T20190014255","30/7/19",06:30:00,"Collision with vehicle","Tuesday","Dark Street lights on",3,3,"Not at intersection",3,70,"A",2014,"WAGON","FORD","Station Wagon","M",55,"50-59","Drivers"
"T20190014255","30/7/19",06:30:00,"Collision with vehicle","Tuesday","Dark Street lights on",3,3,"Not at intersection",3,70,"B",2017,"TIPPER","HINO","Light Commercial Vehicle (Rigid) <= 4.5 Tonnes GVM","M",41,"40-49","Drivers"
"T20190014255","30/7/19",06:30:00,"Collision with vehicle","Tuesday","Dark Street lights on",3,3,"Not at intersection",3,70,"C",0,"SEDAN","MITSUB","Car","F",39,"30-39","Drivers"
"T20190014256","31/7/19",13:01:00,"Collision with a fixed object","Wednesday","Day",1,1,"Not at intersection",2,50,"A",2002,"SEDAN","FORD","Car","F",66,"64-69","Drivers"
"T20190014258","31/7/19",14:00:00,"Collision with vehicle","Wednesday","Day",2,2,"T intersection",3,70,"B",2006,"SEDAN","FORD","Car","F",27,"26-29","Drivers"
"T20190014261","31/7/19",09:15:00,"Collision with vehicle","Wednesday","Day",2,4,"Cross intersection",3,50,"A",2013,"WAGON","HOLDEN","Station Wagon","F",36,"30-39","Drivers"
"T20190014261","31/7/19",09:15:00,"Collision with vehicle","Wednesday","Day",2,4,"Cross intersection",3,50,"B",2011,"WAGON","HOLDEN","Station Wagon","F",34,"30-39","Drivers"
"T20190014262","31/7/19",15:10:00,"Struck Pedestrian","Wednesday","Day",1,2,"Not at intersection",3,50,"A",2008,"VAN","REN","Panel Van","F",60,"60-64","Drivers"
"T20190014263","27/7/19",12:00:00,"Collision with vehicle","Saturday","Day",2,2,"Multiple intersection",3,80,"A",2003,"SEDAN","HOLDEN","Car","F",21,"17-21","Drivers"
"T20190014263","27/7/19",12:00:00,"Collision with vehicle","Saturday","Day",2,2,"Multiple intersection",3,80,"B",2005,"WAGON","TOYOTA","Station Wagon","F",25,"22-25","Drivers"
"T20190014264","31/7/19",14:34:00,"Collision with vehicle","Wednesday","Day",4,4,"Not at intersection",3,60,"A",2011,"WAGON","MAZDA","Station Wagon","M",50,"50-59","Drivers"
"T20190014264","31/7/19",14:34:00,"Collision with vehicle","Wednesday","Day",4,4,"Not at intersection",3,60,"B",2013,"SEDAN","TOYOTA","Car","M",78,"70+","Drivers"
"T20190014264","31/7/19",14:34:00,"Collision with vehicle","Wednesday","Day",4,4,"Not at intersection",3,60,"C",2007,"COUPE","TOYOTA","Car","M",46,"40-49","Drivers"
"T20190014264","31/7/19",14:34:00,"Collision with vehicle","Wednesday","Day",4,4,"Not at intersection",3,60,"D",2014,"WAGON","SUBARU","Station Wagon","F",36,"30-39","Drivers"
"T20190014267","31/7/19",15:34:00,"Collision with vehicle","Wednesday","Day",2,2,"Not at intersection",3,100,"A",2018,"SEDAN","KIA","Car","F",54,"50-59","Drivers"
"T20190014267","31/7/19",15:34:00,"Collision with vehicle","Wednesday","Day",2,2,"Not at intersection",3,100,"B",2006,"SEDAN","MAZDA","Car","M",26,"26-29","Drivers"
"T20190014271","25/7/19",07:05:00,"Collision with vehicle","Thursday","Day",2,2,"Cross intersection",3,80,"A",2014,"SEDAN","TOYOTA","Car","F",69,"64-69","Drivers"
"T20190014271","25/7/19",07:05:00,"Collision with vehicle","Thursday","Day",2,2,"Cross intersection",3,80,"B",2017,"C MIX","KENWTH","Heavy Vehicle (Rigid) > 4.5 Tonnes","M",32,"30-39","Drivers"
"T20190014274","31/7/19",16:43:00,"Collision with vehicle","Wednesday","Day",2,2,"T intersection",3,60,"A",2015,"SOLO","KAWASA","Other Vehicle","M",48,"40-49","Drivers"
"T20190014274","31/7/19",16:43:00,"Collision with vehicle","Wednesday","Day",2,2,"T intersection",3,60,"B",2008,"SEDAN","TOYOTA","Car","M",19,"17-21","Drivers"
"T20190014275","31/7/19",17:00:00,"Collision with vehicle","Wednesday","Day",3,4,"Not at intersection",3,80,"B",2015,"WAGON","JEEP","Station Wagon","F",49,"40-49","Drivers"
"T20190014275","31/7/19",17:00:00,"Collision with vehicle","Wednesday","Day",3,4,"Not at intersection",3,80,"C",2008,"WAGON","TOYOTA","Station Wagon","M",48,"40-49","Drivers"
"T20190014276","31/7/19",17:10:00,"Collision with vehicle","Wednesday","Day",2,2,"T intersection",3,50,"A",2007,"WAGON","B M W","Station Wagon","F",23,"22-25","Drivers"
"T20190014276","31/7/19",17:10:00,"Collision with vehicle","Wednesday","Day",2,2,"T intersection",3,50,"B",2014,"SEDAN","HONDA","Car","F",46,"40-49","Drivers"
"T20190014279","19/7/19",10:30:00,"Collision with vehicle","Friday","Day",2,2,"Multiple intersection",3,999,"A",2011,"S WAG","HOLDEN","Station Wagon","M",71,"70+","Drivers"
"T20190014279","19/7/19",10:30:00,"Collision with vehicle","Friday","Day",2,2,"Multiple intersection",3,999,"B",2016,"SEDAN","MAZDA","Car","F",50,"50-59","Drivers"
"T20190014280","31/7/19",17:37:00,"Struck Pedestrian","Wednesday","Dark Street lights on",1,2,"T intersection",2,50,"A",2014,"UTIL","TOYOTA","Utility","M",59,"50-59","Drivers"
"T20190014282","31/7/19",16:55:00,"Collision with vehicle","Wednesday","Day",2,2,"Not at intersection",3,60,"A",2006,"SEDAN","VOLKS","Car","M",45,"40-49","Drivers"
"T20190014282","31/7/19",16:55:00,"Collision with vehicle","Wednesday","Day",2,2,"Not at intersection",3,60,"B",2012,"WAGON","HOLDEN","Station Wagon","F",68,"64-69","Drivers"
"T20190014286","31/7/19",18:40:00,"Collision with vehicle","Wednesday","Dark Street lights unknown",2,2,"Cross intersection",3,60,"A",2013,"VAN","TOYOTA","Panel Van","M",37,"30-39","Drivers"
"T20190014287","31/7/19",20:04:00,"Struck Pedestrian","Wednesday","Dark Street lights on",1,2,"Cross intersection",3,50,"A",2016,"WAGON","B M W","Station Wagon","F",27,"26-29","Drivers"
"T20190014290","30/7/19",18:45:00,"Collision with vehicle","Tuesday","Dusk/Dawn",2,2,"Not at intersection",3,60,"A",2006,"SEDAN","HONDA","Car","F",25,"22-25","Drivers"
"T20190014290","30/7/19",18:45:00,"Collision with vehicle","Tuesday","Dusk/Dawn",2,2,"Not at intersection",3,60,"B",2010,"SEDAN","HONDA","Car","F",23,"22-25","Drivers"
"T20190014293","30/7/19",18:00:00,"Collision with vehicle","Tuesday","Dark Street lights on",2,2,"Not at intersection",3,888,"A",2006,"SEDAN","TOYOTA","Car","F",22,"22-25","Drivers"
"T20190014293","30/7/19",18:00:00,"Collision with vehicle","Tuesday","Dark Street lights on",2,2,"Not at intersection",3,888,"B",2002,"SEDAN","HONDA","Car","M",24,"22-25","Drivers"
"T20190014294","31/7/19",15:12:00,"Collision with vehicle","Wednesday","Day",3,4,"Not at intersection",3,60,"A",2018,"SEDAN","UNKN","Car","M",77,"70+","Drivers"
"T20190014294","31/7/19",15:12:00,"Collision with vehicle","Wednesday","Day",3,4,"Not at intersection",3,60,"B",2012,"SEDAN","SUZUKI","Car","M",23,"22-25","Drivers"
"T20190014294","31/7/19",15:12:00,"Collision with vehicle","Wednesday","Day",3,4,"Not at intersection",3,60,"C",2009,"DC UTE","FORD","Utility","M",31,"30-39","Drivers"
"T20190014296","31/7/19",21:15:00,"Collision with vehicle","Wednesday","Dark Street lights on",2,2,"Cross intersection",3,100,"A",2015,"DC UTE","VOLKS","Utility","M",19,"17-21","Drivers"
"T20190014296","31/7/19",21:15:00,"Collision with vehicle","Wednesday","Dark Street lights on",2,2,"Cross intersection",3,100,"B",2008,"DC UTE","MITSUB","Utility","M",18,"17-21","Drivers"
"T20190014298","31/7/19",22:13:00,"Struck Pedestrian","Wednesday","Dark Street lights on",1,2,"Not at intersection",3,60,"A",2011,"SEDAN","HOLDEN","Car","M",27,"26-29","Drivers"
"T20190014308","31/7/19",17:00:00,"Collision with vehicle","Wednesday","Dusk/Dawn",2,2,"Not at intersection",3,100,"B",2001,"SEDAN","TOYOTA","Car","M",44,"40-49","Drivers"
"T20190014309","29/7/19",16:30:00,"Collision with vehicle","Monday","Day",2,2,"Not at intersection",3,50,"A",2010,"SEDAN","HYNDAI","Car","F",36,"30-39","Drivers"
"T20190014309","29/7/19",16:30:00,"Collision with vehicle","Monday","Day",2,2,"Not at intersection",3,50,"B",2007,"WAGON","HONDA","Station Wagon","F",38,"30-39","Drivers"
"T20190014312","30/7/19",12:13:00,"Collision with vehicle","Tuesday","Day",2,2,"Not at intersection",3,40,"A",2010,"VAN","MERC B","Rigid Truck(Weight Unknown)","M",65,"64-69","Drivers"
"T20190014315","1/8/19",09:00:00,"Collision with vehicle","Thursday","Day",5,5,"Not at intersection",3,80,"A",2012,"WAGON","NISSAN","Station Wagon","F",29,"26-29","Drivers"
"T20190014315","1/8/19",09:00:00,"Collision with vehicle","Thursday","Day",5,5,"Not at intersection",3,80,"B",2001,"WAGON","SUBARU","Station Wagon","M",24,"22-25","Drivers"
"T20190014315","1/8/19",09:00:00,"Collision with vehicle","Thursday","Day",5,5,"Not at intersection",3,80,"C",2017,"SEDAN","AUDI","Car","F",28,"26-29","Drivers"
"T20190014315","1/8/19",09:00:00,"Collision with vehicle","Thursday","Day",5,5,"Not at intersection",3,80,"D",2011,"SEDAN","HOLDEN","Car","F",58,"50-59","Drivers"
"T20190014315","1/8/19",09:00:00,"Collision with vehicle","Thursday","Day",5,5,"Not at intersection",3,80,"E",2005,"SEDAN","SUBARU","Car","M",31,"30-39","Drivers"
"T20190014316","1/8/19",12:01:00,"Collision with vehicle","Thursday","Day",2,2,"T intersection",3,60,"A",2007,"P MVR","M A N","Prime Mover - Single Trailer","M",28,"26-29","Drivers"
"T20190014316","1/8/19",12:01:00,"Collision with vehicle","Thursday","Day",2,2,"T intersection",3,60,"B",2018,"SEDAN","SUZUKI","Car","M",32,"30-39","Drivers"