"ACCIDENT_NO","ACCIDENTDATE","ACCIDENTTIME","Accident Type Desc","Day Week Description","Light Condition Desc","NO_OF_VEHICLES","NO_PERSONS","Road Geometry Desc","SEVERITY","SPEED_ZONE","VEHICLE_ID","VEHICLE_YEAR_MANUF","VEHICLE_BODY_STYLE","VEHICLE_MAKE","Vehicle Type Desc","SEX","AGE","Age Group","Road User Type Desc"
"T20190014317","1/8/19",12:30:00,"Collision with vehicle","Thursday","Day",2,2,"T intersection",3,70,"A",2018,"SEDAN","HYNDAI","Car","M",26,"26-29","Drivers"
"T20190014317","1/8/19",12:30:00,"Collision with vehicle","Thursday","Day",2,2,"T intersection",3,70,"B",2015,"SEDAN","VOLVO","Car","F",57,"50-59","Drivers"
"T20190014321","28/7/19",20:30:00,"Collision with vehicle","Sunday","Dark Street lights on",2,2,"Cross intersection",3,60,"A",2006,"SEDAN","HOLDEN","Car","M",23,"22-25","Drivers"
"T20190014322","26/7/19",08:00:00,"Collision with vehicle","Friday","Day",2,2,"Not at intersection",3,999,"A",2008,"S WAG","TOYOTA","Station Wagon","F",43,"40-49","Drivers"
"T20190014323","1/8/19",11:50:00,"Vehicle overturned (no collision)","Thursday","Day",1,1,"Cross intersection",3,60,"A",2003,"TIPPER","MACK","Heavy Vehicle (Rigid) > 4.5 Tonnes","M",31,"30-39","Drivers"
"T20190014326","31/7/19",20:26:00,"Collision with vehicle","Wednesday","Dark Street lights on",2,3,"T intersection",3,80,"A",1994,"S WAG","TOYOTA","Station Wagon","F",34,"30-39","Drivers"
"T20190014326","31/7/19",20:26:00,"Collision with vehicle","Wednesday","Dark Street lights on",2,3,"T intersection",3,80,"B",2001,"SEDAN","HOLDEN","Car","M",37,"30-39","Drivers"
"T20190014327","24/7/19",07:35:00,"Collision with vehicle","Wednesday","Unknown",2,2,"Not at intersection",3,80,"A",2013,"SEDAN","KIA","Car","F",18,"17-21","Drivers"
"T20190014327","24/7/19",07:35:00,"Collision with vehicle","Wednesday","Unknown",2,2,"Not at intersection",3,80,"B",2010,"SEDAN","HONDA","Car","F",66,"64-69","Drivers"
"T20190014329","12/7/19",11:40:00,"Collision with vehicle","Friday","Day",2,2,"Cross intersection",3,60,"A",2013,"WAGON","HYNDAI","Station Wagon","F",48,"40-49","Drivers"
"T20190014329","12/7/19",11:40:00,"Collision with vehicle","Friday","Day",2,2,"Cross intersection",3,60,"B",2009,"WAGON","FORD","Station Wagon","M",24,"22-25","Drivers"
"T20190014330","26/6/19",17:45:00,"Collision with vehicle","Wednesday","Dusk/Dawn",2,2,"Not at intersection",3,60,"A",2017,"WAGON","TOYOTA","Station Wagon","F",47,"40-49","Drivers"
"T20190014330","26/6/19",17:45:00,"Collision with vehicle","Wednesday","Dusk/Dawn",2,2,"Not at intersection",3,60,"B",2004,"COUPE","TOYOTA","Car","F",20,"17-21","Drivers"
"T20190014331","31/7/19",13:55:00,"Fall from or in moving vehicle","Wednesday","Day",1,2,"Not at intersection",3,70,"A",2006,"BUS","UNKN","Bus/Coach","M",39,"30-39","Drivers"
"T20190014332","31/7/19",18:30:00,"Collision with vehicle","Wednesday","Dark Street lights on",2,3,"T intersection",3,60,"A",2018,"WAGON","MITSUB","Station Wagon","M",31,"30-39","Drivers"
"T20190014332","31/7/19",18:30:00,"Collision with vehicle","Wednesday","Dark Street lights on",2,3,"T intersection",3,60,"B",2012,"SEDAN","HONDA","Car","M",27,"26-29","Drivers"
"T20190014333","1/8/19",11:22:00,"Collision with vehicle","Thursday","Day",2,2,"T intersection",3,60,"A",2002,"TOURER","MERC B","Car","F",61,"60-64","Drivers"
"T20190014333","1/8/19",11:22:00,"Collision with vehicle","Thursday","Day",2,2,"T intersection",3,60,"B",2008,"WAGON","FORD","Station Wagon","M",27,"26-29","Drivers"
"T20190014335","28/7/19",17:45:00,"Collision with vehicle","Sunday","Dusk/Dawn",2,2,"Not at intersection",3,60,"A",2013,"WAGON","HYNDAI","Station Wagon","F",34,"30-39","Drivers"
"T20190014335","28/7/19",17:45:00,"Collision with vehicle","Sunday","Dusk/Dawn",2,2,"Not at intersection",3,60,"B",1990,"TRAY","HOLDEN","Utility","M",45,"40-49","Drivers"
"T20190014336","1/8/19",08:20:00,"Collision with vehicle","Thursday","Day",3,3,"Not at intersection",3,60,"A",1996,"COUPE","NISSAN","Car","M",31,"30-39","Drivers"
"T20190014336","1/8/19",08:20:00,"Collision with vehicle","Thursday","Day",3,3,"Not at intersection",3,60,"B",2000,"TRAY","TOYOTA","Utility","M",57,"50-59","Drivers"
"T20190014336","1/8/19",08:20:00,"Collision with vehicle","Thursday","Day",3,3,"Not at intersection",3,60,"C",2015,"WAGON","HOLDEN","Station Wagon","F",24,"22-25","Drivers"
"T20190014341","1/8/19",16:15:00,"Collision with vehicle","Thursday","Day",3,3,"Cross intersection",2,80,"A",2017,"WAGON","HONDA","Station Wagon","F",63,"60-64","Drivers"
"T20190014341","1/8/19",16:15:00,"Collision with vehicle","Thursday","Day",3,3,"Cross intersection",2,80,"B",2013,"SEDAN","TOYOTA","Car","F",62,"60-64","Drivers"
"T20190014341","1/8/19",16:15:00,"Collision with vehicle","Thursday","Day",3,3,"Cross intersection",2,80,"C",2006,"SEDAN","MAZDA","Car","M",35,"30-39","Drivers"
"T20190014343","1/8/19",16:20:00,"Collision with vehicle","Thursday","Day",2,2,"Cross intersection",3,80,"A",2009,"SEDAN","TOYOTA","Car","F",47,"40-49","Drivers"
"T20190014343","1/8/19",16:20:00,"Collision with vehicle","Thursday","Day",2,2,"Cross intersection",3,80,"B",2002,"TRAY","MITSUB","Heavy Vehicle (Rigid) > 4.5 Tonnes","M",20,"17-21","Drivers"
"T20190014345","1/8/19",17:45:00,"Collision with vehicle","Thursday","Dark Street lights on",2,3,"Cross intersection",3,80,"A",2000,"SEDAN","TOYOTA","Car","M",35,"30-39","Drivers"
"T20190014345","1/8/19",17:45:00,"Collision with vehicle","Thursday","Dark Street lights on",2,3,"Cross intersection",3,80,"B",2012,"SEDAN","MITSUB","Car","F",18,"17-21","Drivers"
"T20190014347","27/7/19",19:30:00,"Collision with vehicle","Saturday","Unknown",2,2,"T intersection",3,999,"A",2008,"SEDAN","TOYOTA","Car","F",34,"30-39","Drivers"
"T20190014347","27/7/19",19:30:00,"Collision with vehicle","Saturday","Unknown",2,2,"T intersection",3,999,"B",2014,"WAGON","FORD","Station Wagon","F",21,"17-21","Drivers"
"T20190014349","1/8/19",17:06:00,"Struck Pedestrian","Thursday","Day",1,2,"T intersection",3,50,"A",2012,"SEDAN","FORD","Car","M",60,"60-64","Drivers"
"T20190014352","1/8/19",18:47:00,"Collision with vehicle","Thursday","Dark Street lights on",3,2,"Not at intersection",3,60,"A",2004,"SEDAN","FORD","Car","M",80,"70+","Drivers"
"T20190014353","1/8/19",18:40:00,"Struck Pedestrian","Thursday","Dark Street lights on",1,2,"Not at intersection",2,60,"A",2005,"S WAG","FORD","Station Wagon","M",65,"64-69","Drivers"
"T20190014354","1/8/19",15:50:00,"Collision with vehicle","Thursday","Day",2,4,"Cross intersection",3,60,"A",2016,"SED","HOLDEN","Car","M",75,"70+","Drivers"
"T20190014354","1/8/19",15:50:00,"Collision with vehicle","Thursday","Day",2,4,"Cross intersection",3,60,"B",2008,"SED","MITSUB","Car","F",34,"30-39","Drivers"
"T20190014358","1/8/19",16:45:00,"Collision with a fixed object","Thursday","Dusk/Dawn",1,2,"Not at intersection",3,999,"A",2003,"SEDAN","TOYOTA","Car","M",79,"70+","Drivers"
"T20190014359","1/8/19",20:28:00,"Collision with vehicle","Thursday","Dark No street lights",2,5,"Not at intersection",3,80,"A",2004,"SEDAN","FORD","Car","F",14,"13-15","Drivers"
"T20190014359","1/8/19",20:28:00,"Collision with vehicle","Thursday","Dark No street lights",2,5,"Not at intersection",3,80,"B",1991,"WAGON","SUZUKI","Station Wagon","F",25,"22-25","Drivers"
"T20190014360","1/8/19",19:30:00,"Collision with vehicle","Thursday","Dark Street lights on",2,4,"Not at intersection",3,50,"A",2018,"WAGON","TOYOTA","Station Wagon","U",NA,"unknown","Drivers"
"T20190014360","1/8/19",19:30:00,"Collision with vehicle","Thursday","Dark Street lights on",2,4,"Not at intersection",3,50,"B",1998,"SEDAN","HOLDEN","Car","M",21,"17-21","Drivers"
"T20190014366","1/8/19",22:15:00,"Collision with vehicle","Thursday","Dark Street lights on",2,3,"Cross intersection",3,60,"A",2016,"SEDAN","HONDA","Taxi","M",25,"22-25","Drivers"
"T20190014366","1/8/19",22:15:00,"Collision with vehicle","Thursday","Dark Street lights on",2,3,"Cross intersection",3,60,"B",2016,"SEDAN","HYNDAI","Car","F",67,"64-69","Drivers"
"T20190014367","1/8/19",22:00:00,"Struck Pedestrian","Thursday","Dark Street lights on",1,5,"Cross intersection",2,60,"A",2011,"SEDAN","NISSAN","Car","M",52,"50-59","Drivers"
"T20190014369","1/8/19",05:40:00,"Collision with vehicle","Thursday","Dark Street lights on",2,2,"T intersection",3,80,"A",2019,"WAGON","FORD","Station Wagon","M",50,"50-59","Drivers"
"T20190014369","1/8/19",05:40:00,"Collision with vehicle","Thursday","Dark Street lights on",2,2,"T intersection",3,80,"B",2004,"SEDAN","MITSUB","Car","M",36,"30-39","Drivers"
"T20190014372","1/8/19",18:55:00,"Struck Pedestrian","Thursday","Dark Street lights on",1,2,"T intersection",1,50,"A",2009,"SEDAN","HOLDEN","Car","M",26,"26-29","Drivers"
"T20190014375","2/8/19",02:50:00,"Collision with a fixed object","Friday","Dark No street lights",1,1,"Not at intersection",2,110,"A",0,"P MVR","FREIGH","Prime Mover B-Triple","M",56,"50-59","Drivers"
"T20190014377","1/8/19",19:21:00,"Collision with vehicle","Thursday","Dark Street lights on",2,2,"Not at intersection",3,60,"B",1998,"SEDAN","FORD","Car","F",57,"50-59","Drivers"
"T20190014378","31/7/19",12:05:00,"Collision with vehicle","Wednesday","Day",2,3,"Cross intersection",3,50,"A",2009,"COUPE","HOLDEN","Car","M",22,"22-25","Drivers"
"T20190014379","2/8/19",06:07:00,"Struck Pedestrian","Friday","Dark Street lights on",1,2,"Not at intersection",3,60,"A",2016,"VAN","VOLKS","Car","M",31,"30-39","Drivers"
"T20190014380","22/5/19",19:27:00,"Collision with vehicle","Wednesday","Dark Street lights on",2,2,"Not at intersection",3,60,"A",2016,"SEDAN","TOYOTA","Car","M",59,"50-59","Drivers"
"T20190014380","22/5/19",19:27:00,"Collision with vehicle","Wednesday","Dark Street lights on",2,2,"Not at intersection",3,60,"B",2007,"SEDAN","PEUG","Car","M",24,"22-25","Drivers"
"T20190014381","31/7/19",07:00:00,"Collision with vehicle","Wednesday","Dusk/Dawn",2,2,"Not at intersection",3,50,"A",0,"S WAG","FORD","Station Wagon","M",38,"30-39","Drivers"
"T20190014381","31/7/19",07:00:00,"Collision with vehicle","Wednesday","Dusk/Dawn",2,2,"Not at intersection",3,50,"B",2012,"SEDAN","HOLDEN","Car","F",50,"50-59","Drivers"
"T20190014385","30/7/19",18:30:00,"Collision with vehicle","Tuesday","Dark Street lights on",2,2,"Not at intersection",3,50,"A",2015,"WAGON","L ROV","Station Wagon","M",78,"70+","Drivers"
"T20190014385","30/7/19",18:30:00,"Collision with vehicle","Tuesday","Dark Street lights on",2,2,"Not at intersection",3,50,"B",2006,"UTIL","TOYOTA","Utility","M",41,"40-49","Drivers"
"T20190014386","30/7/19",19:00:00,"Collision with vehicle","Tuesday","Dark Street lights on",2,3,"Cross intersection",3,80,"A",2011,"UTIL","TOYOTA","Utility","F",23,"22-25","Drivers"
"T20190014386","30/7/19",19:00:00,"Collision with vehicle","Tuesday","Dark Street lights on",2,3,"Cross intersection",3,80,"B",1992,"SEDAN","HOLDEN","Car","M",69,"64-69","Drivers"
"T20190014387","2/8/19",08:40:00,"Collision with vehicle","Friday","Day",2,2,"Cross intersection",3,60,"A",2017,"WAGON","KIA","Station Wagon","F",37,"30-39","Drivers"
"T20190014390","1/8/19",18:05:00,"Collision with vehicle","Thursday","Dark Street lights on",2,3,"Cross intersection",3,60,"A",2003,"SEDAN","HONDA","Car","M",59,"50-59","Drivers"
"T20190014390","1/8/19",18:05:00,"Collision with vehicle","Thursday","Dark Street lights on",2,3,"Cross intersection",3,60,"B",2017,"WAGON","FORD","Station Wagon","F",50,"50-59","Drivers"
"T20190014392","3/5/19",07:00:00,"Collision with vehicle","Friday","Dusk/Dawn",2,2,"Cross intersection",3,50,"A",2011,"SEDAN","HOLDEN","Car","M",31,"30-39","Drivers"
"T20190014392","3/5/19",07:00:00,"Collision with vehicle","Friday","Dusk/Dawn",2,2,"Cross intersection",3,50,"B",2016,"SEDAN","VOLKS","Car","F",33,"30-39","Drivers"
"T20190014396","26/7/19",16:00:00,"Collision with vehicle","Friday","Unknown",2,3,"Cross intersection",3,60,"A",2007,"WAGON","FORD","Station Wagon","F",40,"40-49","Drivers"
"T20190014396","26/7/19",16:00:00,"Collision with vehicle","Friday","Unknown",2,3,"Cross intersection",3,60,"B",2010,"DC UTE","NISSAN","Utility","U",NA,"unknown","Drivers"
"T20190014399","2/8/19",11:30:00,"Collision with vehicle","Friday","Day",2,2,"Not at intersection",3,40,"A",2013,"VAN","REN","Panel Van","M",31,"30-39","Drivers"
"T20190014400","31/7/19",22:50:00,"Collision with vehicle","Wednesday","Dark Street lights on",3,1,"Not at intersection",3,60,"C",2001,"SEDAN","HOLDEN","Car","M",25,"22-25","Drivers"
"T20190014401","2/8/19",09:40:00,"Collision with vehicle","Friday","Day",2,2,"Not at intersection",3,50,"A",2015,"S WAG","HOLDEN","Station Wagon","M",21,"17-21","Drivers"
"T20190014401","2/8/19",09:40:00,"Collision with vehicle","Friday","Day",2,2,"Not at intersection",3,50,"B",2016,"WAGON","MERC B","Station Wagon","F",56,"50-59","Drivers"
"T20190014405","29/7/19",19:45:00,"Collision with vehicle","Monday","Dark Street lights on",2,2,"Not at intersection",3,60,"A",2000,"SEDAN","FORD","Car","F",20,"17-21","Drivers"
"T20190014406","2/8/19",12:00:00,"Collision with a fixed object","Friday","Day",1,1,"Not at intersection",3,60,"A",2009,"SEDAN","TOYOTA","Car","F",78,"70+","Drivers"
"T20190014410","2/8/19",12:00:00,"Collision with vehicle","Friday","Day",2,3,"Not at intersection",3,70,"A",2009,"SEDAN","TOYOTA","Car","F",56,"50-59","Drivers"
"T20190014410","2/8/19",12:00:00,"Collision with vehicle","Friday","Day",2,3,"Not at intersection",3,70,"B",2016,"DC UTE","FORD","Utility","M",49,"40-49","Drivers"
"T20190014411","2/8/19",13:20:00,"Collision with vehicle","Friday","Day",2,3,"Not at intersection",2,60,"A",2004,"TRAY","TOYOTA","Light Commercial Vehicle (Rigid) <= 4.5 Tonnes GVM","M",45,"40-49","Drivers"
"T20190014411","2/8/19",13:20:00,"Collision with vehicle","Friday","Day",2,3,"Not at intersection",2,60,"B",2007,"SEDAN","TOYOTA","Car","M",80,"70+","Drivers"
"T20190014412","5/7/19",10:58:00,"Collision with vehicle","Friday","Day",2,2,"T intersection",3,60,"A",2006,"SEDAN","TOYOTA","Car","F",24,"22-25","Drivers"
"T20190014415","2/8/19",11:40:00,"Collision with a fixed object","Friday","Day",1,1,"Not at intersection",2,100,"A",1998,"SEDAN","FORD","Car","F",22,"22-25","Drivers"
"T20190014416","2/8/19",15:10:00,"Struck Pedestrian","Friday","Day",1,2,"T intersection",3,80,"A",2017,"WAGON","NISSAN","Station Wagon","F",48,"40-49","Drivers"
"T20190014417","2/8/19",11:30:00,"Collision with vehicle","Friday","Day",2,3,"Cross intersection",3,100,"A",2008,"SEDAN","HONDA","Car","F",69,"64-69","Drivers"
"T20190014417","2/8/19",11:30:00,"Collision with vehicle","Friday","Day",2,3,"Cross intersection",3,100,"B",2017,"DC UTE","MITSUB","Utility","M",18,"17-21","Drivers"
"T20190014419","20/6/19",17:45:00,"Collision with vehicle","Thursday","Dark Street lights on",2,2,"T intersection",3,50,"A",2014,"SEDAN","TOYOTA","Car","M",33,"30-39","Drivers"
"T20190014419","20/6/19",17:45:00,"Collision with vehicle","Thursday","Dark Street lights on",2,2,"T intersection",3,50,"B",1997,"SEDAN","FORD","Car","M",59,"50-59","Drivers"
"T20190014420","26/7/19",21:05:00,"Collision with vehicle","Friday","Dark Street lights on",2,3,"T intersection",3,60,"A",1996,"SEDAN","B M W","Car","M",29,"26-29","Drivers"
"T20190014420","26/7/19",21:05:00,"Collision with vehicle","Friday","Dark Street lights on",2,3,"T intersection",3,60,"B",2005,"SEDAN","HOLDEN","Car","M",19,"17-21","Drivers"
"T20190014421","2/8/19",15:20:00,"Collision with vehicle","Friday","Day",3,5,"Cross intersection",3,50,"A",2008,"SEDAN","HOLDEN","Car","F",98,"70+","Drivers"
"T20190014421","2/8/19",15:20:00,"Collision with vehicle","Friday","Day",3,5,"Cross intersection",3,50,"B",2007,"SEDAN","TOYOTA","Car","M",81,"70+","Drivers"
"T20190014421","2/8/19",15:20:00,"Collision with vehicle","Friday","Day",3,5,"Cross intersection",3,50,"C",2016,"DC UTE","NISSAN","Utility","M",58,"50-59","Drivers"
"T20190014422","2/8/19",14:27:00,"Collision with vehicle","Friday","Day",2,2,"T intersection",3,60,"A",2015,"WAGON","TOYOTA","Station Wagon","F",42,"40-49","Drivers"
"T20190014422","2/8/19",14:27:00,"Collision with vehicle","Friday","Day",2,2,"T intersection",3,60,"B",2008,"WAGON","AUDI","Station Wagon","U",NA,"unknown","Drivers"
"T20190014423","2/8/19",13:13:00,"Collision with vehicle","Friday","Day",3,2,"Multiple intersection",2,50,"A",2012,"SEDAN","LEXUS","Car","M",52,"50-59","Drivers"
"T20190014423","2/8/19",13:13:00,"Collision with vehicle","Friday","Day",3,2,"Multiple intersection",2,50,"B",2013,"WAGON","HONDA","Station Wagon","F",34,"30-39","Drivers"
"T20190014426","18/7/19",10:20:00,"Collision with vehicle","Thursday","Day",2,2,"T intersection",3,50,"A",2010,"SEDAN","HYNDAI","Car","M",26,"26-29","Drivers"
"T20190014426","18/7/19",10:20:00,"Collision with vehicle","Thursday","Day",2,2,"T intersection",3,50,"B",1994,"SEDAN","MAZDA","Car","F",38,"30-39","Drivers"
"T20190014427","1/8/19",23:20:00,"Vehicle overturned (no collision)","Thursday","Dark No street lights",1,2,"Not at intersection",3,100,"A",2009,"T SDS","NISSAN","Light Commercial Vehicle (Rigid) <= 4.5 Tonnes GVM","M",29,"26-29","Drivers"
"T20190014428","1/8/19",08:20:00,"Collision with vehicle","Thursday","Day",2,2,"T intersection",3,80,"A",2004,"SEDAN","TOYOTA","Car","F",42,"40-49","Drivers"
"T20190014428","1/8/19",08:20:00,"Collision with vehicle","Thursday","Day",2,2,"T intersection",3,80,"B",2010,"SEDAN","TOYOTA","Car","M",48,"40-49","Drivers"
"T20190014430","2/8/19",16:45:00,"Collision with vehicle","Friday","Day",2,2,"Cross intersection",3,60,"A",2012,"SEDAN","TOYOTA","Car","M",23,"22-25","Drivers"
"T20190014430","2/8/19",16:45:00,"Collision with vehicle","Friday","Day",2,2,"Cross intersection",3,60,"B",2004,"SEDAN","HOLDEN","Car","M",39,"30-39","Drivers"
"T20190014433","19/7/19",20:30:00,"Collision with vehicle","Friday","Dark Street lights on",2,2,"Cross intersection",3,999,"A",2015,"WAGON","HOLDEN","Station Wagon","M",36,"30-39","Drivers"
"T20190014433","19/7/19",20:30:00,"Collision with vehicle","Friday","Dark Street lights on",2,2,"Cross intersection",3,999,"B",2016,"SEDAN","MAZDA","Car","F",26,"26-29","Drivers"
"T20190014435","31/7/19",17:30:00,"Collision with vehicle","Wednesday","Dusk/Dawn",2,2,"Not at intersection",3,80,"A",2014,"WAGON","HYNDAI","Station Wagon","F",57,"50-59","Drivers"
"T20190014438","2/8/19",15:33:00,"Collision with vehicle","Friday","Day",2,2,"Cross intersection",3,60,"A",2014,"WAGON","KIA","Car","F",51,"50-59","Drivers"
"T20190014438","2/8/19",15:33:00,"Collision with vehicle","Friday","Day",2,2,"Cross intersection",3,60,"B",2017,"WAGON","MAZDA","Car","F",64,"60-64","Drivers"
"T20190014440","2/8/19",11:38:00,"Collision with a fixed object","Friday","Day",1,1,"T intersection",3,50,"A",2012,"WAGON","L ROV","Station Wagon","M",67,"64-69","Drivers"
"T20190014443","27/7/19",00:20:00,"Vehicle overturned (no collision)","Saturday","Dark Street lights on",1,1,"Not at intersection",1,110,"A",2001,"SEDAN","NISSAN","Car","M",34,"30-39","Drivers"
"T20190014445","2/8/19",19:17:00,"Collision with vehicle","Friday","Dark Street lights on",2,3,"Cross intersection",3,60,"A",2005,"SEDAN","NISSAN","Car","M",28,"26-29","Drivers"
"T20190014446","2/8/19",17:05:00,"Struck Pedestrian","Friday","Dusk/Dawn",1,2,"Cross intersection",3,40,"A",2013,"WAGON","TOYOTA","Station Wagon","U",NA,"unknown","Drivers"
"T20190014448","2/8/19",16:44:00,"Collision with vehicle","Friday","Day",3,3,"Not at intersection",3,60,"A",2016,"SEDAN","HOLDEN","Car","F",33,"30-39","Drivers"
"T20190014448","2/8/19",16:44:00,"Collision with vehicle","Friday","Day",3,3,"Not at intersection",3,60,"B",2003,"COUPE","VOLKS","Car","M",64,"60-64","Drivers"
"T20190014448","2/8/19",16:44:00,"Collision with vehicle","Friday","Day",3,3,"Not at intersection",3,60,"C",2006,"SEDAN","FORD","Car","M",41,"40-49","Drivers"
"T20190014449","24/7/19",18:30:00,"Collision with vehicle","Wednesday","Unknown",3,3,"Not at intersection",3,80,"B",2017,"WAGON","REN","Station Wagon","F",28,"26-29","Drivers"
"T20190014449","24/7/19",18:30:00,"Collision with vehicle","Wednesday","Unknown",3,3,"Not at intersection",3,80,"C",2013,"S WAG","NISSAN","Station Wagon","F",57,"50-59","Drivers"
"T20190014455","2/8/19",20:12:00,"Collision with vehicle","Friday","Dark Street lights on",2,2,"Not at intersection",2,60,"A",2018,"WAGON","MITSUB","Station Wagon","F",41,"40-49","Drivers"
"T20190014455","2/8/19",20:12:00,"Collision with vehicle","Friday","Dark Street lights on",2,2,"Not at intersection",2,60,"B",2018,"DC UTE","FORD","Utility","M",34,"30-39","Drivers"
"T20190014459","2/8/19",22:30:00,"Collision with vehicle","Friday","Dark No street lights",3,6,"Not at intersection",3,60,"A",2010,"SEDAN","FORD","Car","F",28,"26-29","Drivers"
"T20190014459","2/8/19",22:30:00,"Collision with vehicle","Friday","Dark No street lights",3,6,"Not at intersection",3,60,"B",2008,"SEDAN","B M W","Car","M",23,"22-25","Drivers"
"T20190014459","2/8/19",22:30:00,"Collision with vehicle","Friday","Dark No street lights",3,6,"Not at intersection",3,60,"C",2007,"COUPE","HYNDAI","Car","M",40,"40-49","Drivers"
"T20190014468","31/7/19",11:50:00,"Struck Pedestrian","Wednesday","Day",1,5,"Not at intersection",3,50,"A",1994,"SEDAN","HOLDEN","Car","F",70,"70+","Drivers"
"T20190014470","30/7/19",12:00:00,"Collision with vehicle","Tuesday","Day",3,3,"Not at intersection",3,70,"A",2005,"WAGON","MITSUB","Station Wagon","F",49,"40-49","Drivers"
"T20190014470","30/7/19",12:00:00,"Collision with vehicle","Tuesday","Day",3,3,"Not at intersection",3,70,"B",2010,"UTIL","FORD","Utility","M",54,"50-59","Drivers"
"T20190014470","30/7/19",12:00:00,"Collision with vehicle","Tuesday","Day",3,3,"Not at intersection",3,70,"C",2017,"WAGON","TOYOTA","Station Wagon","M",58,"50-59","Drivers"
"T20190014472","3/8/19",10:00:00,"Collision with vehicle","Saturday","Day",2,3,"T intersection",3,50,"A",2010,"SEDAN","HOLDEN","Car","F",35,"30-39","Drivers"
"T20190014472","3/8/19",10:00:00,"Collision with vehicle","Saturday","Day",2,3,"T intersection",3,50,"B",2016,"WAGON","KIA","Station Wagon","F",36,"30-39","Drivers"
"T20190014475","23/7/19",21:15:00,"Collision with a fixed object","Tuesday","Dark No street lights",1,1,"Not at intersection",3,100,"A",2003,"S WAG","HOLDEN","Station Wagon","M",24,"22-25","Drivers"
"T20190014478","3/8/19",11:50:00,"Collision with vehicle","Saturday","Day",2,2,"Cross intersection",3,60,"A",2007,"TRAY","TOYOTA","Light Commercial Vehicle (Rigid) <= 4.5 Tonnes GVM","M",76,"70+","Drivers"
"T20190014483","2/8/19",22:15:00,"Fall from or in moving vehicle","Friday","Dark No street lights",1,3,"Not at intersection",3,888,"A",2012,"UTIL","MAZDA","Utility","M",25,"22-25","Drivers"
"T20190014487","3/8/19",14:30:00,"Collision with vehicle","Saturday","Day",2,3,"T intersection",3,60,"A",2003,"WAGON","NISSAN","Station Wagon","M",34,"30-39","Drivers"
"T20190014487","3/8/19",14:30:00,"Collision with vehicle","Saturday","Day",2,3,"T intersection",3,60,"B",1997,"COUPE","HYNDAI","Car","F",53,"50-59","Drivers"
"T20190014488","2/8/19",09:30:00,"Collision with vehicle","Friday","Day",2,2,"T intersection",3,80,"A",2018,"SEDAN","HYNDAI","Car","M",37,"30-39","Drivers"
"T20190014488","2/8/19",09:30:00,"Collision with vehicle","Friday","Day",2,2,"T intersection",3,80,"B",2012,"WAGON","SUBARU","Station Wagon","M",70,"70+","Drivers"
"T20190014495","3/8/19",16:00:00,"Collision with vehicle","Saturday","Day",2,2,"Cross intersection",3,80,"A",2004,"SEDAN","MAZDA","Car","M",56,"50-59","Drivers"
"T20190014495","3/8/19",16:00:00,"Collision with vehicle","Saturday","Day",2,2,"Cross intersection",3,80,"B",2007,"DC UTE","NISSAN","Utility","M",21,"17-21","Drivers"
"T20190014496","2/8/19",23:20:00,"Collision with a fixed object","Friday","Dark Street lights on",1,1,"Cross intersection",3,50,"A",2016,"S WAG","AUDI","Station Wagon","M",41,"40-49","Drivers"
"T20190014497","3/8/19",16:50:00,"Collision with vehicle","Saturday","Day",2,2,"T intersection",3,60,"A",2017,"SEDAN","HYNDAI","Car","M",27,"26-29","Drivers"
"T20190014497","3/8/19",16:50:00,"Collision with vehicle","Saturday","Day",2,2,"T intersection",3,60,"B",2015,"SEDAN","MAZDA","Car","F",24,"22-25","Drivers"
"T20190014498","3/8/19",16:45:00,"Collision with vehicle","Saturday","Day",2,5,"Cross intersection",3,60,"A",2015,"WAGON","TOYOTA","Station Wagon","F",71,"70+","Drivers"
"T20190014498","3/8/19",16:45:00,"Collision with vehicle","Saturday","Day",2,5,"Cross intersection",3,60,"B",2014,"SEDAN","MITSUB","Car","F",19,"17-21","Drivers"
"T20190014500","3/8/19",16:43:00,"Collision with a fixed object","Saturday","Dusk/Dawn",1,1,"Not at intersection",3,60,"A",2010,"SEDAN","UNKN","Car","F",84,"70+","Drivers"
"T20190014501","3/8/19",17:20:00,"Collision with a fixed object","Saturday","Day",1,1,"Not at intersection",3,80,"A",2017,"SEDAN","FORD","Car","M",35,"30-39","Drivers"
"T20190014502","3/8/19",18:50:00,"Collision with vehicle","Saturday","Dark Street lights on",2,5,"Cross intersection",3,50,"A",2017,"DC UTE","FORD","Utility","M",21,"17-21","Drivers"
"T20190014502","3/8/19",18:50:00,"Collision with vehicle","Saturday","Dark Street lights on",2,5,"Cross intersection",3,50,"B",2006,"WAGON","FORD","Car","F",30,"30-39","Drivers"
"T20190014503","3/8/19",18:00:00,"Collision with vehicle","Saturday","Dark Street lights on",2,7,"Not at intersection",3,60,"A",2005,"SEDAN","MAZDA","Car","F",20,"17-21","Drivers"
"T20190014503","3/8/19",18:00:00,"Collision with vehicle","Saturday","Dark Street lights on",2,7,"Not at intersection",3,60,"B",2007,"WAGON","HOLDEN","Station Wagon","M",32,"30-39","Drivers"
"T20190014505","3/8/19",17:45:00,"Collision with vehicle","Saturday","Dark Street lights on",2,2,"Not at intersection",3,60,"A",2015,"SEDAN","TOYOTA","Car","F",79,"70+","Drivers"