"ACCIDENT_NO","ACCIDENTDATE","ACCIDENTTIME","Accident Type Desc","Day Week Description","Light Condition Desc","NO_OF_VEHICLES","NO_PERSONS","Road Geometry Desc","SEVERITY","SPEED_ZONE","VEHICLE_ID","VEHICLE_YEAR_MANUF","VEHICLE_BODY_STYLE","VEHICLE_MAKE","Vehicle Type Desc","SEX","AGE","Age Group","Road User Type Desc"
"T20190014880","8/8/19",09:50:00,"Collision with vehicle","Thursday","Day",2,2,"Not at intersection",3,999,"A",2014,"UTIL","ISUZU","Utility","M",34,"30-39","Drivers"
"T20190014881","8/8/19",16:00:00,"Collision with a fixed object","Thursday","Day",1,2,"Not at intersection",3,50,"A",1987,"WAGON","TOYOTA","Station Wagon","M",18,"17-21","Drivers"
"T20190014882","8/8/19",06:50:00,"Collision with vehicle","Thursday","Dark Street lights unknown",2,2,"Cross intersection",3,60,"A",2011,"WAGON","VOLVO","Station Wagon","F",46,"40-49","Drivers"
"T20190014884","8/8/19",16:00:00,"Collision with vehicle","Thursday","Day",2,3,"T intersection",3,50,"A",2013,"S WAG","AUDI","Station Wagon","F",27,"26-29","Drivers"
"T20190014884","8/8/19",16:00:00,"Collision with vehicle","Thursday","Day",2,3,"T intersection",3,50,"B",2016,"S WAG","TOYOTA","Station Wagon","F",53,"50-59","Drivers"
"T20190014887","7/8/19",20:45:00,"Collision with vehicle","Wednesday","Dark Street lights on",2,2,"Not at intersection",3,999,"A",2009,"SEDAN","HOLDEN","Car","M",34,"30-39","Drivers"
"T20190014887","7/8/19",20:45:00,"Collision with vehicle","Wednesday","Dark Street lights on",2,2,"Not at intersection",3,999,"B",2018,"SEDAN","KIA","Car","M",23,"22-25","Drivers"
"T20190014890","8/8/19",15:15:00,"Collision with a fixed object","Thursday","Day",1,1,"Not at intersection",3,80,"A",2013,"WAGON","SUBARU","Station Wagon","M",35,"30-39","Drivers"
"T20190014891","8/8/19",09:58:00,"Collision with vehicle","Thursday","Day",2,2,"Not at intersection",3,999,"A",2009,"SEDAN","HYNDAI","Car","F",39,"30-39","Drivers"
"T20190014891","8/8/19",09:58:00,"Collision with vehicle","Thursday","Day",2,2,"Not at intersection",3,999,"B",1999,"SEDAN","TOYOTA","Car","M",63,"60-64","Drivers"
"T20190014892","8/8/19",17:00:00,"Collision with vehicle","Thursday","Day",2,2,"Cross intersection",3,60,"A",2012,"SEDAN","MAZDA","Car","F",32,"30-39","Drivers"
"T20190014895","31/7/19",08:58:00,"Collision with vehicle","Wednesday","Day",2,2,"T intersection",3,50,"B",0,"TIPPER","SCANIA","Heavy Vehicle (Rigid) > 4.5 Tonnes","U",NA,"unknown","Drivers"
"T20190014898","8/8/19",16:05:00,"Collision with vehicle","Thursday","Day",2,2,"Cross intersection",3,60,"A",2009,"SEDAN","NISSAN","Car","F",30,"30-39","Drivers"
"T20190014898","8/8/19",16:05:00,"Collision with vehicle","Thursday","Day",2,2,"Cross intersection",3,60,"B",1997,"SEDAN","KIA","Car","F",82,"70+","Drivers"
"T20190014899","8/8/19",18:35:00,"Collision with vehicle","Thursday","Dark Street lights on",2,2,"T intersection",3,50,"A",2012,"SED","B M W","Car","M",41,"40-49","Drivers"
"T20190014901","5/8/19",11:19:00,"Collision with vehicle","Monday","Day",3,4,"Not at intersection",3,80,"A",2006,"SEDAN","TOYOTA","Car","M",60,"60-64","Drivers"
"T20190014901","5/8/19",11:19:00,"Collision with vehicle","Monday","Day",3,4,"Not at intersection",3,80,"B",2005,"P MVR","VOLVO","Prime Mover Only","M",34,"30-39","Drivers"
"T20190014901","5/8/19",11:19:00,"Collision with vehicle","Monday","Day",3,4,"Not at intersection",3,80,"C",1995,"SEDAN","MERC B","Car","M",56,"50-59","Drivers"
"T20190014902","7/8/19",08:35:00,"Collision with vehicle","Wednesday","Day",2,2,"Not at intersection",3,60,"A",2018,"DC UTE","MITSUB","Utility","M",66,"64-69","Drivers"
"T20190014904","8/8/19",18:40:00,"Collision with vehicle","Thursday","Dark Street lights on",2,2,"Not at intersection",2,40,"A",2009,"WAGON","AUDI","Station Wagon","M",52,"50-59","Drivers"
"T20190014905","8/8/19",19:00:00,"Collision with vehicle","Thursday","Dark Street lights on",3,3,"T intersection",3,60,"A",2015,"UTIL","MAZDA","Utility","M",49,"40-49","Drivers"
"T20190014905","8/8/19",19:00:00,"Collision with vehicle","Thursday","Dark Street lights on",3,3,"T intersection",3,60,"B",2002,"SED","MITSUB","Car","F",18,"17-21","Drivers"
"T20190014905","8/8/19",19:00:00,"Collision with vehicle","Thursday","Dark Street lights on",3,3,"T intersection",3,60,"C",2015,"DC UTE","NISSAN","Utility","F",39,"30-39","Drivers"
"T20190014906","8/8/19",17:45:00,"Collision with vehicle","Thursday","Dark Street lights on",3,4,"Not at intersection",3,60,"A",2001,"SEDAN","HOLDEN","Car","M",71,"70+","Drivers"
"T20190014906","8/8/19",17:45:00,"Collision with vehicle","Thursday","Dark Street lights on",3,4,"Not at intersection",3,60,"B",2018,"WAGON","MAZDA","Station Wagon","F",24,"22-25","Drivers"
"T20190014906","8/8/19",17:45:00,"Collision with vehicle","Thursday","Dark Street lights on",3,4,"Not at intersection",3,60,"C",2016,"WAGON","MITSUB","Station Wagon","M",60,"60-64","Drivers"
"T20190014907","8/8/19",12:45:00,"Collision with vehicle","Thursday","Day",3,3,"Not at intersection",3,60,"A",1999,"S WAG","SUBARU","Station Wagon","M",60,"60-64","Drivers"
"T20190014907","8/8/19",12:45:00,"Collision with vehicle","Thursday","Day",3,3,"Not at intersection",3,60,"B",1996,"SEDAN","MITSUB","Car","M",48,"40-49","Drivers"
"T20190014907","8/8/19",12:45:00,"Collision with vehicle","Thursday","Day",3,3,"Not at intersection",3,60,"C",2000,"SEDAN","NISSAN","Car","M",21,"17-21","Drivers"
"T20190014908","8/8/19",18:30:00,"Collision with vehicle","Thursday","Dark Street lights on",2,2,"T intersection",3,50,"A",2004,"UTIL","FORD","Utility","M",62,"60-64","Drivers"
"T20190014908","8/8/19",18:30:00,"Collision with vehicle","Thursday","Dark Street lights on",2,2,"T intersection",3,50,"B",2003,"WAGON","HOLDEN","Station Wagon","F",45,"40-49","Drivers"
"T20190014910","8/8/19",18:03:00,"No collision and no object struck","Thursday","Dark Street lights on",2,2,"Not at intersection",3,60,"B",2016,"WAGON","MERC B","Station Wagon","F",32,"30-39","Drivers"
"T20190014913","8/8/19",18:05:00,"Collision with a fixed object","Thursday","Dark Street lights on",1,1,"Not at intersection",3,50,"A",2019,"WAGON","AUDI","Station Wagon","F",52,"50-59","Drivers"
"T20190014914","8/8/19",14:45:00,"Collision with vehicle","Thursday","Day",3,3,"Not at intersection",3,80,"A",2015,"SEDAN","TOYOTA","Car","F",37,"30-39","Drivers"
"T20190014914","8/8/19",14:45:00,"Collision with vehicle","Thursday","Day",3,3,"Not at intersection",3,80,"B",1995,"UTIL","HOLDEN","Utility","M",75,"70+","Drivers"
"T20190014914","8/8/19",14:45:00,"Collision with vehicle","Thursday","Day",3,3,"Not at intersection",3,80,"C",2001,"WAGON","TOYOTA","Station Wagon","M",28,"26-29","Drivers"
"T20190014915","7/8/19",23:50:00,"Collision with a fixed object","Wednesday","Dark Street lights on",1,2,"Not at intersection",2,70,"A",2003,"SEDAN","FORD","Car","M",28,"26-29","Drivers"
"T20190014917","30/7/19",08:00:00,"Collision with vehicle","Tuesday","Day",2,2,"Not at intersection",3,50,"B",1997,"WAGON","TOYOTA","Station Wagon","M",28,"26-29","Drivers"
"T20190014918","8/8/19",23:47:00,"Collision with vehicle","Thursday","Dark Street lights on",2,2,"T intersection",3,50,"A",2016,"TRAY","TOYOTA","Light Commercial Vehicle (Rigid) <= 4.5 Tonnes GVM","M",32,"30-39","Drivers"
"T20190014918","8/8/19",23:47:00,"Collision with vehicle","Thursday","Dark Street lights on",2,2,"T intersection",3,50,"B",2011,"WAGON","DODGE","Station Wagon","M",36,"30-39","Drivers"
"T20190014919","8/8/19",22:30:00,"Collision with vehicle","Thursday","Dark Street lights on",2,3,"Cross intersection",3,60,"A",2007,"SEDAN","HOLDEN","Car","M",45,"40-49","Drivers"
"T20190014919","8/8/19",22:30:00,"Collision with vehicle","Thursday","Dark Street lights on",2,3,"Cross intersection",3,60,"B",2008,"SEDAN","HOLDEN","Car","F",32,"30-39","Drivers"
"T20190014920","8/8/19",21:45:00,"Struck Pedestrian","Thursday","Dark Street lights on",1,2,"Cross intersection",3,60,"A",2005,"SEDAN","HONDA","Car","M",66,"64-69","Drivers"
"T20190014926","9/8/19",05:40:00,"Collision with vehicle","Friday","Dark Street lights on",2,1,"Not at intersection",3,60,"A",1998,"SEDAN","HOLDEN","Car","M",29,"26-29","Drivers"
"T20190014927","9/8/19",06:30:00,"Struck Pedestrian","Friday","Dusk/Dawn",1,2,"T intersection",2,40,"A",2012,"SEDAN","HYNDAI","Car","M",29,"26-29","Drivers"
"T20190014932","3/8/19",16:17:00,"Collision with vehicle","Saturday","Day",2,2,"T intersection",3,80,"A",2008,"SEDAN","FORD","Car","M",29,"26-29","Drivers"
"T20190014932","3/8/19",16:17:00,"Collision with vehicle","Saturday","Day",2,2,"T intersection",3,80,"B",2010,"SEDAN","TOYOTA","Car","M",38,"30-39","Drivers"
"T20190014933","9/8/19",09:10:00,"Collision with vehicle","Friday","Day",2,3,"Cross intersection",3,60,"A",2019,"WAGON","MAZDA","Station Wagon","M",63,"60-64","Drivers"
"T20190014935","9/8/19",08:19:00,"Collision with vehicle","Friday","Day",2,2,"Not at intersection",3,50,"A",2012,"S WAG","HOLDEN","Station Wagon","M",48,"40-49","Drivers"
"T20190014935","9/8/19",08:19:00,"Collision with vehicle","Friday","Day",2,2,"Not at intersection",3,50,"B",2018,"WAGON","SUBARU","Station Wagon","F",30,"30-39","Drivers"
"T20190014937","8/8/19",18:10:00,"Collision with vehicle","Thursday","Dusk/Dawn",2,2,"T intersection",3,50,"A",2005,"S WAG","HOLDEN","Station Wagon","M",67,"64-69","Drivers"
"T20190014937","8/8/19",18:10:00,"Collision with vehicle","Thursday","Dusk/Dawn",2,2,"T intersection",3,50,"B",2013,"WAGON","JEEP","Station Wagon","M",51,"50-59","Drivers"
"T20190014939","9/8/19",09:19:00,"Collision with vehicle","Friday","Day",2,2,"Not at intersection",3,30,"A",2005,"SEDAN","KIA","Car","F",31,"30-39","Drivers"
"T20190014940","7/8/19",16:45:00,"Collision with vehicle","Wednesday","Day",2,2,"Not at intersection",3,70,"A",2006,"WAGON","HYNDAI","Station Wagon","M",57,"50-59","Drivers"
"T20190014940","7/8/19",16:45:00,"Collision with vehicle","Wednesday","Day",2,2,"Not at intersection",3,70,"B",2016,"SEDAN","HYNDAI","Car","F",23,"22-25","Drivers"
"T20190014942","9/8/19",10:55:00,"Collision with vehicle","Friday","Day",2,6,"T intersection",3,60,"A",0,"SED","HYU","Car","F",23,"22-25","Drivers"
"T20190014942","9/8/19",10:55:00,"Collision with vehicle","Friday","Day",2,6,"T intersection",3,60,"B",2018,"WAGON","NISSAN","Station Wagon","F",34,"30-39","Drivers"
"T20190014945","9/8/19",11:22:00,"Collision with vehicle","Friday","Day",2,3,"Cross intersection",3,60,"A",2001,"G UNIT","INTERN","Heavy Vehicle (Rigid) > 4.5 Tonnes","M",45,"40-49","Drivers"
"T20190014945","9/8/19",11:22:00,"Collision with vehicle","Friday","Day",2,3,"Cross intersection",3,60,"B",2007,"SEDAN","TOYOTA","Car","M",70,"70+","Drivers"
"T20190014946","9/8/19",05:50:00,"Collision with vehicle","Friday","Dark Street lights unknown",2,2,"Cross intersection",3,999,"A",2010,"WAGON","MAZDA","Station Wagon","M",23,"22-25","Drivers"
"T20190014946","9/8/19",05:50:00,"Collision with vehicle","Friday","Dark Street lights unknown",2,2,"Cross intersection",3,999,"B",2015,"DC UTE","TOYOTA","Utility","M",28,"26-29","Drivers"
"T20190014951","9/8/19",11:57:00,"Collision with vehicle","Friday","Day",4,4,"Not at intersection",3,80,"B",2007,"SEDAN","HOLDEN","Car","M",58,"50-59","Drivers"
"T20190014951","9/8/19",11:57:00,"Collision with vehicle","Friday","Day",4,4,"Not at intersection",3,80,"C",2015,"TIPPER","KENWTH","Heavy Vehicle (Rigid) > 4.5 Tonnes","M",62,"60-64","Drivers"
"T20190014951","9/8/19",11:57:00,"Collision with vehicle","Friday","Day",4,4,"Not at intersection",3,80,"D",2016,"UTIL","HOLDEN","Utility","M",58,"50-59","Drivers"
"T20190014952","30/6/19",21:10:00,"Collision with a fixed object","Sunday","Dark No street lights",1,1,"Not at intersection",3,60,"A",2017,"SEDAN","TOYOTA","Car","M",31,"30-39","Drivers"
"T20190014954","8/8/19",15:00:00,"Collision with vehicle","Thursday","Day",2,3,"T intersection",3,999,"A",2010,"SEDAN","MAZDA","Car","M",20,"17-21","Drivers"
"T20190014954","8/8/19",15:00:00,"Collision with vehicle","Thursday","Day",2,3,"T intersection",3,999,"B",1995,"SEDAN","NISSAN","Car","M",61,"60-64","Drivers"
"T20190014956","5/7/19",17:00:00,"Collision with vehicle","Friday","Dusk/Dawn",2,2,"Cross intersection",3,50,"A",2009,"SEDAN","TOYOTA","Car","F",58,"50-59","Drivers"
"T20190014956","5/7/19",17:00:00,"Collision with vehicle","Friday","Dusk/Dawn",2,2,"Cross intersection",3,50,"B",2010,"WAGON","HOLDEN","Station Wagon","F",52,"50-59","Drivers"
"T20190014958","9/8/19",13:50:00,"Struck Pedestrian","Friday","Day",1,2,"Multiple intersection",2,50,"A",2002,"WAGON","HOLDEN","Station Wagon","F",49,"40-49","Drivers"
"T20190014959","9/8/19",08:08:00,"Collision with a fixed object","Friday","Day",1,1,"Not at intersection",3,100,"A",2005,"UTIL","TOYOTA","Utility","M",72,"70+","Drivers"
"T20190014960","10/7/19",10:02:00,"Collision with vehicle","Wednesday","Day",2,2,"Not at intersection",3,50,"A",2004,"WAGON","MITSUB","Station Wagon","M",78,"70+","Drivers"
"T20190014960","10/7/19",10:02:00,"Collision with vehicle","Wednesday","Day",2,2,"Not at intersection",3,50,"B",2017,"SEDAN","VOLKS","Car","F",23,"22-25","Drivers"
"T20190014961","9/8/19",14:00:00,"Collision with vehicle","Friday","Day",2,6,"Not at intersection",3,100,"A",2005,"SEDAN","TOYOTA","Car","F",26,"26-29","Drivers"
"T20190014961","9/8/19",14:00:00,"Collision with vehicle","Friday","Day",2,6,"Not at intersection",3,100,"B",2009,"SEDAN","TOYOTA","Car","M",30,"30-39","Drivers"
"T20190014962","9/8/19",13:40:00,"Collision with vehicle","Friday","Day",2,2,"Not at intersection",2,60,"A",2010,"SEDAN","TOYOTA","Car","M",71,"70+","Drivers"
"T20190014962","9/8/19",13:40:00,"Collision with vehicle","Friday","Day",2,2,"Not at intersection",2,60,"B",2014,"SEDAN","UNKN","Car","M",46,"40-49","Drivers"
"T20190014963","9/8/19",01:00:00,"collision with some other object","Friday","Dark No street lights",1,1,"Not at intersection",3,100,"A",2009,"WAGON","SUBARU","Station Wagon","M",41,"40-49","Drivers"
"T20190014964","9/8/19",11:30:00,"Collision with vehicle","Friday","Day",4,2,"Not at intersection",2,60,"A",2015,"SEDAN","MAZDA","Car","F",87,"70+","Drivers"
"T20190014964","9/8/19",11:30:00,"Collision with vehicle","Friday","Day",4,2,"Not at intersection",2,60,"B",2012,"SEDAN","HYNDAI","Car","F",85,"70+","Drivers"
"T20190014965","9/8/19",15:33:00,"Collision with vehicle","Friday","Day",2,2,"T intersection",3,60,"A",0,"SED","FORD","Car","F",58,"50-59","Drivers"
"T20190014965","9/8/19",15:33:00,"Collision with vehicle","Friday","Day",2,2,"T intersection",3,60,"B",2006,"SEDAN","TOYOTA","Car","F",69,"64-69","Drivers"
"T20190014969","9/8/19",15:00:00,"Collision with a fixed object","Friday","Day",1,2,"Cross intersection",3,60,"A",2006,"SEDAN","HOLDEN","Car","F",32,"30-39","Drivers"
"T20190014973","9/8/19",15:32:00,"Collision with vehicle","Friday","Day",2,4,"T intersection",3,70,"A",2010,"SEDAN","MAZDA","Car","F",35,"30-39","Drivers"
"T20190014973","9/8/19",15:32:00,"Collision with vehicle","Friday","Day",2,4,"T intersection",3,70,"B",2003,"SEDAN","VOLKS","Car","F",19,"17-21","Drivers"
"T20190014976","9/8/19",15:35:00,"Collision with a fixed object","Friday","Day",1,1,"Not at intersection",3,100,"A",2019,"SEDAN","SUZUKI","Car","M",72,"70+","Drivers"
"T20190014979","9/8/19",17:35:00,"Collision with vehicle","Friday","Dark Street lights on",3,3,"Not at intersection",3,40,"A",2016,"SEDAN","TOYOTA","Taxi","M",32,"30-39","Drivers"
"T20190014979","9/8/19",17:35:00,"Collision with vehicle","Friday","Dark Street lights on",3,3,"Not at intersection",3,40,"B",2014,"WAGON","HOLDEN","Station Wagon","M",36,"30-39","Drivers"
"T20190014981","9/8/19",15:40:00,"Collision with vehicle","Friday","Day",2,4,"Cross intersection",3,40,"A",2018,"SEDAN","HYNDAI","Car","F",61,"60-64","Drivers"
"T20190014981","9/8/19",15:40:00,"Collision with vehicle","Friday","Day",2,4,"Cross intersection",3,40,"B",2008,"S WAG","VOLKS","Station Wagon","M",47,"40-49","Drivers"
"T20190014982","9/8/19",17:36:00,"Collision with vehicle","Friday","Dark No street lights",2,3,"T intersection",3,100,"A",2012,"WAGON","JEEP","Station Wagon","F",22,"22-25","Drivers"
"T20190014982","9/8/19",17:36:00,"Collision with vehicle","Friday","Dark No street lights",2,3,"T intersection",3,100,"B",1997,"S WAG","HOLDEN","Station Wagon","F",31,"30-39","Drivers"
"T20190014993","9/8/19",18:36:00,"Collision with vehicle","Friday","Dark Street lights on",2,3,"Not at intersection",3,100,"A",2003,"SED","FORD","Car","M",51,"50-59","Drivers"
"T20190014993","9/8/19",18:36:00,"Collision with vehicle","Friday","Dark Street lights on",2,3,"Not at intersection",3,100,"B",2009,"SEDAN","MAZDA","Car","F",25,"22-25","Drivers"
"T20190014994","9/8/19",18:55:00,"Collision with vehicle","Friday","Dark Street lights on",2,2,"Cross intersection",3,100,"A",2018,"WAGON","JEEP","Station Wagon","F",48,"40-49","Drivers"
"T20190014994","9/8/19",18:55:00,"Collision with vehicle","Friday","Dark Street lights on",2,2,"Cross intersection",3,100,"B",2013,"UTIL","FORD","Utility","M",72,"70+","Drivers"
"T20190014995","9/8/19",18:05:00,"Struck Pedestrian","Friday","Dark Street lights on",1,2,"Cross intersection",3,60,"A",2009,"S WAG","HOLDEN","Station Wagon","M",18,"17-21","Drivers"
"T20190014997","9/8/19",17:15:00,"Collision with vehicle","Friday","Day",2,5,"T intersection",3,100,"A",2013,"WAGON","KIA","Car","F",36,"30-39","Drivers"
"T20190015000","9/8/19",18:30:00,"Other accident","Friday","Unknown",1,1,"Not at intersection",3,999,"A",2010,"S WAG","HOLDEN","Station Wagon","M",24,"22-25","Drivers"
"T20190015002","9/8/19",21:08:00,"Collision with vehicle","Friday","Dark Street lights on",2,3,"Not at intersection",3,80,"A",2004,"WAGON","NISSAN","Station Wagon","F",50,"50-59","Drivers"
"T20190015002","9/8/19",21:08:00,"Collision with vehicle","Friday","Dark Street lights on",2,3,"Not at intersection",3,80,"B",2003,"SEDAN","NISSAN","Car","M",23,"22-25","Drivers"
"T20190015003","9/8/19",22:20:00,"Collision with a fixed object","Friday","Dark Street lights on",1,2,"Not at intersection",3,70,"A",2007,"SEDAN","FORD","Car","F",21,"17-21","Drivers"
"T20190015004","10/8/19",00:30:00,"Collision with a fixed object","Saturday","Dark Street lights on",1,1,"Not at intersection",2,80,"A",2002,"SEDAN","HOLDEN","Car","F",24,"22-25","Drivers"
"T20190015007","10/8/19",00:29:00,"Struck Pedestrian","Saturday","Dark Street lights on",2,3,"Cross intersection",3,40,"A",2012,"SEDAN","TOYOTA","Car","M",28,"26-29","Drivers"
"T20190015007","10/8/19",00:29:00,"Struck Pedestrian","Saturday","Dark Street lights on",2,3,"Cross intersection",3,40,"B",2007,"UTIL","HOLDEN","Utility","M",30,"30-39","Drivers"
"T20190015010","9/8/19",23:55:00,"Collision with a fixed object","Friday","Dark Street lights on",1,1,"Not at intersection",2,70,"A",2006,"WAGON","MERC B","Station Wagon","F",13,"13-15","Drivers"
"T20190015011","10/8/19",01:30:00,"Collision with vehicle","Saturday","Dark Street lights on",2,2,"Not at intersection",3,40,"A",2019,"WAGON","KIA","Station Wagon","M",42,"40-49","Drivers"
"T20190015011","10/8/19",01:30:00,"Collision with vehicle","Saturday","Dark Street lights on",2,2,"Not at intersection",3,40,"B",2016,"SEDAN","HYNDAI","Car","F",15,"13-15","Drivers"
"T20190015012","10/8/19",03:03:00,"Collision with vehicle","Saturday","Dark Street lights on",2,2,"Cross intersection",3,60,"A",2007,"SEDAN","NISSAN","Car","F",43,"40-49","Drivers"
"T20190015013","9/8/19",21:30:00,"Collision with a fixed object","Friday","Dark No street lights",1,1,"Not at intersection",3,50,"A",0,"SED","FORD","Car","F",34,"30-39","Drivers"
"T20190015016","10/8/19",05:38:00,"Collision with vehicle","Saturday","Dark Street lights on",2,10,"Cross intersection",3,80,"A",2004,"WAGON","NISSAN","Station Wagon","M",47,"40-49","Drivers"
"T20190015016","10/8/19",05:38:00,"Collision with vehicle","Saturday","Dark Street lights on",2,10,"Cross intersection",3,80,"B",2014,"BUS","TOYOTA","Mini Bus(9-13 seats)","M",33,"30-39","Drivers"
"T20190015017","10/8/19",08:30:00,"Collision with vehicle","Saturday","Day",2,2,"Cross intersection",3,60,"A",2012,"S WAG","HOLDEN","Station Wagon","F",54,"50-59","Drivers"
"T20190015017","10/8/19",08:30:00,"Collision with vehicle","Saturday","Day",2,2,"Cross intersection",3,60,"B",2016,"WAGON","NISSAN","Station Wagon","F",55,"50-59","Drivers"
"T20190015022","25/7/19",17:00:00,"Collision with vehicle","Thursday","Dark Street lights on",2,4,"Cross intersection",3,60,"A",2008,"SEDAN","HOLDEN","Car","F",18,"17-21","Drivers"
"T20190015022","25/7/19",17:00:00,"Collision with vehicle","Thursday","Dark Street lights on",2,4,"Cross intersection",3,60,"B",2013,"WAGON","KIA","Station Wagon","F",51,"50-59","Drivers"
"T20190015024","10/8/19",08:05:00,"Collision with a fixed object","Saturday","Day",1,1,"Not at intersection",3,60,"A",2010,"WAGON","HOLDEN","Station Wagon","F",34,"30-39","Drivers"
"T20190015027","10/8/19",12:00:00,"Collision with vehicle","Saturday","Day",2,2,"T intersection",3,50,"A",2009,"WAGON","SAAB","Station Wagon","F",34,"30-39","Drivers"
"T20190015027","10/8/19",12:00:00,"Collision with vehicle","Saturday","Day",2,2,"T intersection",3,50,"B",2014,"SEDAN","HOLDEN","Car","M",85,"70+","Drivers"
"T20190015028","10/8/19",10:00:00,"Collision with a fixed object","Saturday","Day",1,1,"Not at intersection",3,80,"A",2011,"SEDAN","FORD","Car","F",53,"50-59","Drivers"
"T20190015029","9/8/19",19:30:00,"Collision with vehicle","Friday","Dark Street lights unknown",2,2,"Not at intersection",3,50,"A",2016,"SEDAN","TOYOTA","Car","F",41,"40-49","Drivers"
"T20190015029","9/8/19",19:30:00,"Collision with vehicle","Friday","Dark Street lights unknown",2,2,"Not at intersection",3,50,"B",2015,"SEDAN","HOLDEN","Car","M",39,"30-39","Drivers"
"T20190015032","10/8/19",12:40:00,"Collision with a fixed object","Saturday","Day",1,1,"Cross intersection",3,60,"A",2005,"SEDAN","HONDA","Car","M",28,"26-29","Drivers"
"T20190015036","8/8/19",22:10:00,"Collision with vehicle","Thursday","Dark Street lights on",2,5,"Cross intersection",3,60,"A",2004,"SEDAN","FORD","Car","F",28,"26-29","Drivers"
"T20190015036","8/8/19",22:10:00,"Collision with vehicle","Thursday","Dark Street lights on",2,5,"Cross intersection",3,60,"B",2007,"SEDAN","MITSUB","Car","M",18,"17-21","Drivers"
"T20190015038","10/8/19",12:44:00,"Collision with a fixed object","Saturday","Day",1,1,"Not at intersection",3,999,"A",1998,"SEDAN","HOLDEN","Car","M",18,"17-21","Drivers"
"T20190015040","10/8/19",12:50:00,"Struck Pedestrian","Saturday","Day",1,3,"Not at intersection",2,40,"A",2009,"WAGON","FORD","Station Wagon","M",59,"50-59","Drivers"
"T20190015042","10/8/19",13:30:00,"Collision with vehicle","Saturday","Day",3,3,"Not at intersection",3,80,"A",2011,"WAGON","JEEP","Station Wagon","M",93,"70+","Drivers"
"T20190015042","10/8/19",13:30:00,"Collision with vehicle","Saturday","Day",3,3,"Not at intersection",3,80,"B",2016,"WAGON","VOLKS","Station Wagon","M",44,"40-49","Drivers"
"T20190015042","10/8/19",13:30:00,"Collision with vehicle","Saturday","Day",3,3,"Not at intersection",3,80,"C",2012,"WAGON","FORD","Station Wagon","F",22,"22-25","Drivers"
"T20190015043","26/6/19",08:10:00,"Collision with vehicle","Wednesday","Day",2,2,"Not at intersection",3,50,"A",2005,"SEDAN","SUBARU","Car","M",21,"17-21","Drivers"
"T20190015045","10/8/19",12:57:00,"Collision with vehicle","Saturday","Day",2,3,"Not at intersection",3,100,"A",1994,"SEDAN","TOYOTA","Car","F",22,"22-25","Drivers"
"T20190015045","10/8/19",12:57:00,"Collision with vehicle","Saturday","Day",2,3,"Not at intersection",3,100,"B",2019,"WAGON","HYNDAI","Station Wagon","F",57,"50-59","Drivers"
"T20190015048","17/6/19",13:00:00,"Collision with vehicle","Monday","Day",2,2,"Not at intersection",3,80,"A",2011,"SEDAN","SUBARU","Car","M",33,"30-39","Drivers"
"T20190015048","17/6/19",13:00:00,"Collision with vehicle","Monday","Day",2,2,"Not at intersection",3,80,"B",2006,"UTIL","FORD","Utility","M",59,"50-59","Drivers"
"T20190015049","10/8/19",16:55:00,"Struck Pedestrian","Saturday","Day",1,2,"Not at intersection",3,50,"A",2001,"SEDAN","HOLDEN","Car","M",23,"22-25","Drivers"
"T20190015051","9/8/19",19:40:00,"Collision with a fixed object","Friday","Dark No street lights",1,3,"Not at intersection",3,80,"A",2008,"WAGON","NISSAN","Station Wagon","M",20,"17-21","Drivers"
"T20190015052","10/8/19",15:42:00,"Collision with vehicle","Saturday","Day",2,9,"T intersection",3,60,"A",2018,"WAGON","TOYOTA","Station Wagon","M",32,"30-39","Drivers"
"T20190015052","10/8/19",15:42:00,"Collision with vehicle","Saturday","Day",2,9,"T intersection",3,60,"B",2014,"WAGON","L ROV","Station Wagon","M",20,"17-21","Drivers"
"T20190015053","17/4/19",10:00:00,"Collision with vehicle","Wednesday","Day",2,2,"Not at intersection",3,60,"A",2015,"SEDAN","NISSAN","Car","F",33,"30-39","Drivers"
"T20190015053","17/4/19",10:00:00,"Collision with vehicle","Wednesday","Day",2,2,"Not at intersection",3,60,"B",2009,"SEDAN","TOYOTA","Car","F",68,"64-69","Drivers"
"T20190015056","10/8/19",18:45:00,"Collision with vehicle","Saturday","Dark Street lights on",2,3,"T intersection",3,60,"A",1998,"SEDAN","MAZDA","Car","M",36,"30-39","Drivers"
"T20190015056","10/8/19",18:45:00,"Collision with vehicle","Saturday","Dark Street lights on",2,3,"T intersection",3,60,"B",2001,"SEDAN","HOLDEN","Car","M",62,"60-64","Drivers"
"T20190015057","10/8/19",17:57:00,"Collision with vehicle","Saturday","Day",3,2,"T intersection",3,60,"A",2017,"WAGON","LEXUS","Station Wagon","M",49,"40-49","Drivers"
"T20190015057","10/8/19",17:57:00,"Collision with vehicle","Saturday","Day",3,2,"T intersection",3,60,"B",2003,"SEDAN","TOYOTA","Car","U",NA,"unknown","Drivers"