"ACCIDENT_NO","ACCIDENTDATE","ACCIDENTTIME","Accident Type Desc","Day Week Description","Light Condition Desc","NO_OF_VEHICLES","NO_PERSONS","Road Geometry Desc","SEVERITY","SPEED_ZONE","VEHICLE_ID","VEHICLE_YEAR_MANUF","VEHICLE_BODY_STYLE","VEHICLE_MAKE","Vehicle Type Desc","SEX","AGE","Age Group","Road User Type Desc"
"T20190015058","10/8/19",18:45:00,"Collision with vehicle","Saturday","Dark Street lights on",2,2,"Not at intersection",3,80,"A",2009,"SEDAN","TOYOTA","Car","F",27,"26-29","Drivers"
"T20190015058","10/8/19",18:45:00,"Collision with vehicle","Saturday","Dark Street lights on",2,2,"Not at intersection",3,80,"B",2011,"SEDAN","VOLKS","Car","M",52,"50-59","Drivers"
"T20190015059","10/8/19",19:09:00,"Collision with vehicle","Saturday","Dark Street lights on",2,4,"Multiple intersection",3,60,"A",2011,"SEDAN","FORD","Car","F",26,"26-29","Drivers"
"T20190015059","10/8/19",19:09:00,"Collision with vehicle","Saturday","Dark Street lights on",2,4,"Multiple intersection",3,60,"B",2004,"SEDAN","SAAB","Car","M",19,"17-21","Drivers"
"T20190015061","10/8/19",20:20:00,"Collision with a fixed object","Saturday","Dark No street lights",1,1,"Not at intersection",3,100,"A",2017,"SEDAN","CHRYS","Car","M",36,"30-39","Drivers"
"T20190015062","10/8/19",15:07:00,"Struck Pedestrian","Saturday","Day",1,2,"Not at intersection",3,999,"A",2010,"SEDAN","TOYOTA","Car","M",25,"22-25","Drivers"
"T20190015064","10/8/19",18:15:00,"Collision with vehicle","Saturday","Dark Street lights on",2,1,"T intersection",3,50,"A",2007,"WAGON","SUBARU","Car","M",35,"30-39","Drivers"
"T20190015069","10/8/19",19:15:00,"Collision with vehicle","Saturday","Dark No street lights",2,5,"Cross intersection",3,100,"A",0,"SED","MERCED","Car","F",30,"30-39","Drivers"
"T20190015069","10/8/19",19:15:00,"Collision with vehicle","Saturday","Dark No street lights",2,5,"Cross intersection",3,100,"B",0,"UTIL","ISUZU","Utility","M",69,"64-69","Drivers"
"T20190015073","10/8/19",15:50:00,"Collision with vehicle","Saturday","Day",2,2,"Cross intersection",3,100,"A",2005,"WAGON","KIA","Station Wagon","F",66,"64-69","Drivers"
"T20190015073","10/8/19",15:50:00,"Collision with vehicle","Saturday","Day",2,2,"Cross intersection",3,100,"B",1966,"S WAG","HOLDEN","Station Wagon","M",54,"50-59","Drivers"
"T20190015074","10/8/19",22:47:00,"Struck Pedestrian","Saturday","Dark Street lights on",1,2,"T intersection",1,70,"A",2002,"SEDAN","MITSUB","Car","F",50,"50-59","Drivers"
"T20190015081","11/8/19",00:51:00,"Collision with a fixed object","Sunday","Dark No street lights",1,2,"Not at intersection",3,100,"A",2012,"P VAN","TOYOTA","Panel Van","M",24,"22-25","Drivers"
"T20190015082","15/7/19",15:45:00,"Collision with vehicle","Monday","Day",2,3,"Cross intersection",3,60,"A",2018,"VAN","MERC B","Panel Van","F",25,"22-25","Drivers"
"T20190015082","15/7/19",15:45:00,"Collision with vehicle","Monday","Day",2,3,"Cross intersection",3,60,"B",2017,"WAGON","HONDA","Station Wagon","F",53,"50-59","Drivers"
"T20190015083","11/8/19",01:50:00,"Collision with vehicle","Sunday","Dark Street lights on",2,1,"Not at intersection",3,60,"A",2003,"S WAG","HOLDEN","Station Wagon","M",26,"26-29","Drivers"
"T20190015084","26/6/19",09:35:00,"Collision with vehicle","Wednesday","Day",2,2,"Not at intersection",3,888,"A",2001,"SEDAN","HYNDAI","Car","M",27,"26-29","Drivers"
"T20190015084","26/6/19",09:35:00,"Collision with vehicle","Wednesday","Day",2,2,"Not at intersection",3,888,"B",2015,"S WAG","VOLKS","Car","F",35,"30-39","Drivers"
"T20190015086","11/8/19",08:50:00,"Collision with vehicle","Sunday","Day",2,3,"Not at intersection",3,60,"A",2001,"SEDAN","TOYOTA","Car","M",26,"26-29","Drivers"
"T20190015086","11/8/19",08:50:00,"Collision with vehicle","Sunday","Day",2,3,"Not at intersection",3,60,"B",2007,"WAGON","MAZDA","Station Wagon","F",29,"26-29","Drivers"
"T20190015092","11/8/19",09:15:00,"Collision with vehicle","Sunday","Day",2,3,"T intersection",3,60,"A",2010,"WAGON","SUBARU","Station Wagon","M",44,"40-49","Drivers"
"T20190015094","11/8/19",09:50:00,"Struck Pedestrian","Sunday","Day",1,2,"Not at intersection",3,50,"A",2013,"WAGON","TOYOTA","Station Wagon","F",22,"22-25","Drivers"
"T20190015099","11/8/19",08:10:00,"Collision with a fixed object","Sunday","Day",1,1,"Not at intersection",3,80,"A",2005,"S WAG","FORD","Station Wagon","M",18,"17-21","Drivers"
"T20190015101","11/8/19",10:06:00,"Collision with vehicle","Sunday","Day",2,3,"Not at intersection",3,80,"A",2009,"SEDAN","MAZDA","Car","F",50,"50-59","Drivers"
"T20190015101","11/8/19",10:06:00,"Collision with vehicle","Sunday","Day",2,3,"Not at intersection",3,80,"B",2012,"SEDAN","MAZDA","Car","M",36,"30-39","Drivers"
"T20190015104","20/6/19",20:22:00,"Collision with vehicle","Thursday","Dark Street lights on",2,2,"Cross intersection",3,60,"A",2016,"UTIL","MITSUB","Utility","M",48,"40-49","Drivers"
"T20190015104","20/6/19",20:22:00,"Collision with vehicle","Thursday","Dark Street lights on",2,2,"Cross intersection",3,60,"B",2013,"SEDAN","MERC B","Car","F",45,"40-49","Drivers"
"T20190015105","11/8/19",05:00:00,"Collision with a fixed object","Sunday","Dark No street lights",1,1,"Not at intersection",3,100,"A",1996,"SEDAN","FORD","Car","M",27,"26-29","Drivers"
"T20190015107","5/7/19",06:00:00,"Collision with vehicle","Friday","Dark No street lights",2,2,"Not at intersection",3,90,"B",0,"SEDAN","UNKN","Car","U",NA,"unknown","Drivers"
"T20190015108","11/8/19",09:00:00,"Collision with a fixed object","Sunday","Day",1,2,"Cross intersection",3,60,"A",2001,"WAGON","CHRYS","Station Wagon","M",20,"17-21","Drivers"
"T20190015110","3/5/19",20:52:00,"Collision with vehicle","Friday","Dark Street lights on",2,2,"Multiple intersection",3,60,"A",2012,"SEDAN","TOYOTA","Car","F",28,"26-29","Drivers"
"T20190015110","3/5/19",20:52:00,"Collision with vehicle","Friday","Dark Street lights on",2,2,"Multiple intersection",3,60,"B",2011,"SEDAN","FORD","Taxi","M",30,"30-39","Drivers"
"T20190015111","11/8/19",12:50:00,"Collision with vehicle","Sunday","Day",2,5,"Cross intersection",3,70,"A",1998,"WAGON","TOYOTA","Station Wagon","F",38,"30-39","Drivers"
"T20190015111","11/8/19",12:50:00,"Collision with vehicle","Sunday","Day",2,5,"Cross intersection",3,70,"B",2014,"SEDAN","FORD","Car","F",68,"64-69","Drivers"
"T20190015112","10/8/19",19:42:00,"Collision with a fixed object","Saturday","Dark No street lights",1,1,"Not at intersection",3,70,"A",2012,"SEDAN","NISSAN","Car","F",42,"40-49","Drivers"
"T20190015114","11/8/19",15:17:00,"Vehicle overturned (no collision)","Sunday","Day",1,2,"Not at intersection",3,110,"A",2012,"WAGON","TOYOTA","Station Wagon","M",53,"50-59","Drivers"
"T20190015116","11/8/19",08:30:00,"Collision with a fixed object","Sunday","Day",1,1,"T intersection",3,100,"A",2000,"SEDAN","FORD","Car","F",53,"50-59","Drivers"
"T20190015117","11/8/19",14:54:00,"Collision with vehicle","Sunday","Day",2,7,"Cross intersection",3,60,"A",2018,"WAGON","HYNDAI","Station Wagon","M",61,"60-64","Drivers"
"T20190015117","11/8/19",14:54:00,"Collision with vehicle","Sunday","Day",2,7,"Cross intersection",3,60,"B",2018,"WAGON","HONDA","Station Wagon","M",29,"26-29","Drivers"
"T20190015123","7/8/19",07:45:00,"Collision with vehicle","Wednesday","Day",3,3,"Not at intersection",3,80,"A",2007,"SEDAN","HONDA","Car","M",39,"30-39","Drivers"
"T20190015123","7/8/19",07:45:00,"Collision with vehicle","Wednesday","Day",3,3,"Not at intersection",3,80,"B",2017,"S WAG","SUBARU","Station Wagon","F",37,"30-39","Drivers"
"T20190015125","11/8/19",19:35:00,"Collision with vehicle","Sunday","Dark Street lights on",2,4,"T intersection",3,100,"A",2002,"SEDAN","HOLDEN","Car","M",18,"17-21","Drivers"
"T20190015125","11/8/19",19:35:00,"Collision with vehicle","Sunday","Dark Street lights on",2,4,"T intersection",3,100,"B",2007,"S WAG","VOLKS","Station Wagon","F",33,"30-39","Drivers"
"T20190015129","11/8/19",16:15:00,"Collision with vehicle","Sunday","Day",2,8,"Cross intersection",1,80,"A",2008,"SEDAN","HOLDEN","Car","M",20,"17-21","Drivers"
"T20190015129","11/8/19",16:15:00,"Collision with vehicle","Sunday","Day",2,8,"Cross intersection",1,80,"B",2015,"WAGON","HOLDEN","Station Wagon","F",39,"30-39","Drivers"
"T20190015135","11/8/19",21:01:00,"Collision with a fixed object","Sunday","Dark Street lights on",2,5,"Not at intersection",3,60,"A",2012,"WAGON","HYNDAI","Station Wagon","F",34,"30-39","Drivers"
"T20190015135","11/8/19",21:01:00,"Collision with a fixed object","Sunday","Dark Street lights on",2,5,"Not at intersection",3,60,"B",2017,"S WAG","HOLDEN","Station Wagon","U",NA,"unknown","Drivers"
"T20190015136","11/8/19",21:50:00,"Collision with vehicle","Sunday","Dark Street lights on",2,1,"Not at intersection",3,60,"A",2015,"SEDAN","TOYOTA","Car","F",38,"30-39","Drivers"
"T20190015138","11/8/19",21:32:00,"Collision with vehicle","Sunday","Dark Street lights on",2,4,"Not at intersection",2,60,"B",2012,"SEDAN","KIA","Car","F",42,"40-49","Drivers"
"T20190015139","9/8/19",20:45:00,"Collision with vehicle","Friday","Dark Street lights unknown",2,2,"Not at intersection",3,999,"A",2013,"WAGON","HYNDAI","Station Wagon","F",33,"30-39","Drivers"
"T20190015139","9/8/19",20:45:00,"Collision with vehicle","Friday","Dark Street lights unknown",2,2,"Not at intersection",3,999,"B",2013,"SEDAN","FORD","Car","M",66,"64-69","Drivers"
"T20190015144","26/7/19",08:50:00,"Collision with vehicle","Friday","Day",4,6,"Not at intersection",3,80,"A",2001,"SEDAN","HOLDEN","Car","F",56,"50-59","Drivers"
"T20190015144","26/7/19",08:50:00,"Collision with vehicle","Friday","Day",4,6,"Not at intersection",3,80,"B",2003,"SEDAN","MAZDA","Car","F",19,"17-21","Drivers"
"T20190015144","26/7/19",08:50:00,"Collision with vehicle","Friday","Day",4,6,"Not at intersection",3,80,"C",2015,"WAGON","NISSAN","Station Wagon","M",49,"40-49","Drivers"
"T20190015144","26/7/19",08:50:00,"Collision with vehicle","Friday","Day",4,6,"Not at intersection",3,80,"D",2014,"DC UTE","ISUZU","Utility","F",18,"17-21","Drivers"
"T20190015145","12/8/19",05:30:00,"Vehicle overturned (no collision)","Monday","Dark No street lights",1,1,"Not at intersection",3,100,"A",2014,"UTIL","MERC B","Utility","M",21,"17-21","Drivers"
"T20190015146","11/8/19",13:00:00,"Struck Pedestrian","Sunday","Day",1,5,"Not at intersection",2,60,"A",2014,"WAGON","DODGE","Station Wagon","F",57,"50-59","Drivers"
"T20190015148","11/8/19",21:30:00,"collision with some other object","Sunday","Dark No street lights",1,1,"Not at intersection",3,100,"A",2018,"DC UTE","ISUZU","Utility","M",50,"50-59","Drivers"
"T20190015149","12/8/19",08:00:00,"Collision with vehicle","Monday","Day",2,2,"Cross intersection",3,80,"A",1989,"WAGON","TOYOTA","Station Wagon","M",41,"40-49","Drivers"
"T20190015149","12/8/19",08:00:00,"Collision with vehicle","Monday","Day",2,2,"Cross intersection",3,80,"B",2017,"SEDAN","HOLDEN","Car","F",28,"26-29","Drivers"
"T20190015151","12/8/19",07:40:00,"Collision with a fixed object","Monday","Day",1,1,"Not at intersection",3,80,"A",2002,"WAGON","MITSUB","Station Wagon","F",54,"50-59","Drivers"
"T20190015152","12/8/19",08:10:00,"Collision with vehicle","Monday","Day",2,4,"T intersection",3,60,"A",2013,"SEDAN","HONDA","Car","F",45,"40-49","Drivers"
"T20190015152","12/8/19",08:10:00,"Collision with vehicle","Monday","Day",2,4,"T intersection",3,60,"B",2012,"SEDAN","MAZDA","Car","F",36,"30-39","Drivers"
"T20190015153","12/8/19",09:38:00,"Collision with a fixed object","Monday","Day",1,1,"Not at intersection",3,80,"A",2006,"SEDAN","TOYOTA","Car","F",24,"22-25","Drivers"
"T20190015154","4/8/19",21:50:00,"Collision with vehicle","Sunday","Dark Street lights on",2,2,"Not at intersection",3,100,"A",1997,"T SDS","NISSAN","Light Commercial Vehicle (Rigid) <= 4.5 Tonnes GVM","M",60,"60-64","Drivers"
"T20190015154","4/8/19",21:50:00,"Collision with vehicle","Sunday","Dark Street lights on",2,2,"Not at intersection",3,100,"B",1999,"SEDAN","FORD","Car","M",41,"40-49","Drivers"
"T20190015157","8/8/19",13:00:00,"Collision with a fixed object","Thursday","Day",1,1,"Not at intersection",3,80,"A",1999,"SEDAN","TOYOTA","Car","F",23,"22-25","Drivers"
"T20190015160","13/7/19",14:00:00,"Collision with vehicle","Saturday","Day",2,4,"Cross intersection",3,50,"A",2012,"SEDAN","VOLKS","Car","F",38,"30-39","Drivers"
"T20190015160","13/7/19",14:00:00,"Collision with vehicle","Saturday","Day",2,4,"Cross intersection",3,50,"B",1998,"SEDAN","FORD","Car","M",59,"50-59","Drivers"
"T20190015161","7/8/19",19:45:00,"Collision with vehicle","Wednesday","Dark Street lights unknown",2,2,"T intersection",3,60,"B",2003,"SEDAN","HOLDEN","Car","M",49,"40-49","Drivers"
"T20190015165","12/8/19",08:00:00,"Struck Pedestrian","Monday","Day",1,2,"Cross intersection",3,50,"A",2013,"SEDAN","VOLKS","Car","F",49,"40-49","Drivers"
"T20190015171","9/8/19",19:00:00,"Struck animal","Friday","Dusk/Dawn",1,1,"Not at intersection",3,100,"A",2019,"SEDAN","SUZUKI","Car","M",52,"50-59","Drivers"
"T20190015172","10/8/19",12:47:00,"Collision with vehicle","Saturday","Day",2,6,"Cross intersection",3,60,"A",2015,"SEDAN","TOYOTA","Car","F",37,"30-39","Drivers"
"T20190015172","10/8/19",12:47:00,"Collision with vehicle","Saturday","Day",2,6,"Cross intersection",3,60,"B",2018,"WAGON","PEUG","Station Wagon","M",43,"40-49","Drivers"
"T20190015174","15/7/19",17:10:00,"Collision with vehicle","Monday","Unknown",2,2,"Not at intersection",3,80,"A",2006,"SEDAN","HOLDEN","Car","F",22,"22-25","Drivers"
"T20190015174","15/7/19",17:10:00,"Collision with vehicle","Monday","Unknown",2,2,"Not at intersection",3,80,"B",2017,"SEDAN","TOYOTA","Car","M",43,"40-49","Drivers"
"T20190015176","9/8/19",15:55:00,"Struck Pedestrian","Friday","Day",1,3,"Not at intersection",3,60,"A",0,"SEDAN","FORD","Car","M",24,"22-25","Drivers"
"T20190015178","12/8/19",07:30:00,"Collision with a fixed object","Monday","Day",1,1,"Not at intersection",3,999,"A",2005,"SEDAN","FORD","Car","F",30,"30-39","Drivers"
"T20190015180","12/8/19",14:10:00,"Collision with vehicle","Monday","Day",2,2,"T intersection",3,50,"A",2005,"SEDAN","TOYOTA","Car","M",34,"30-39","Drivers"
"T20190015181","12/8/19",14:13:00,"Struck Pedestrian","Monday","Day",1,3,"Not at intersection",3,40,"A",2008,"WAGON","B M W","Station Wagon","M",29,"26-29","Drivers"
"T20190015185","7/8/19",22:30:00,"Collision with vehicle","Wednesday","Dark No street lights",2,4,"Not at intersection",3,110,"A",2014,"SEDAN","HONDA","Car","F",28,"26-29","Drivers"
"T20190015185","7/8/19",22:30:00,"Collision with vehicle","Wednesday","Dark No street lights",2,4,"Not at intersection",3,110,"B",2002,"SEDAN","FORD","Car","M",24,"22-25","Drivers"
"T20190015187","11/8/19",15:30:00,"Collision with vehicle","Sunday","Day",2,4,"Cross intersection",3,60,"A",2001,"SEDAN","HOLDEN","Car","M",39,"30-39","Drivers"
"T20190015187","11/8/19",15:30:00,"Collision with vehicle","Sunday","Day",2,4,"Cross intersection",3,60,"B",2018,"WAGON","HYNDAI","Station Wagon","M",58,"50-59","Drivers"
"T20190015189","5/6/19",17:12:00,"Collision with vehicle","Wednesday","Day",2,2,"Not at intersection",3,50,"B",2014,"SEDAN","MERC B","Car","M",29,"26-29","Drivers"
"T20190015193","30/7/19",18:24:00,"Struck Pedestrian","Tuesday","Unknown",1,2,"Cross intersection",3,50,"A",1998,"SEDAN","FORD","Car","M",21,"17-21","Drivers"
"T20190015195","12/8/19",14:25:00,"Collision with vehicle","Monday","Day",2,2,"Cross intersection",3,60,"A",2019,"SEDAN","HYNDAI","Car","M",34,"30-39","Drivers"
"T20190015195","12/8/19",14:25:00,"Collision with vehicle","Monday","Day",2,2,"Cross intersection",3,60,"B",2016,"SEDAN","NISSAN","Car","F",52,"50-59","Drivers"
"T20190015196","12/8/19",14:30:00,"Collision with vehicle","Monday","Day",5,5,"Not at intersection",3,80,"A",2011,"WAGON","JEEP","Station Wagon","F",63,"60-64","Drivers"
"T20190015196","12/8/19",14:30:00,"Collision with vehicle","Monday","Day",5,5,"Not at intersection",3,80,"B",2003,"SEDAN","MAZDA","Car","M",33,"30-39","Drivers"
"T20190015196","12/8/19",14:30:00,"Collision with vehicle","Monday","Day",5,5,"Not at intersection",3,80,"C",2015,"UTIL","ISUZU","Utility","M",62,"60-64","Drivers"
"T20190015196","12/8/19",14:30:00,"Collision with vehicle","Monday","Day",5,5,"Not at intersection",3,80,"D",2006,"ST TRK","MITSUB","Heavy Vehicle (Rigid) > 4.5 Tonnes","M",23,"22-25","Drivers"
"T20190015196","12/8/19",14:30:00,"Collision with vehicle","Monday","Day",5,5,"Not at intersection",3,80,"E",2008,"VAN","TOYOTA","Panel Van","M",30,"30-39","Drivers"
"T20190015197","28/7/19",18:30:00,"Collision with vehicle","Sunday","Dusk/Dawn",2,2,"Cross intersection",3,50,"A",2017,"SEDAN","MITSUB","Car","M",59,"50-59","Drivers"
"T20190015197","28/7/19",18:30:00,"Collision with vehicle","Sunday","Dusk/Dawn",2,2,"Cross intersection",3,50,"B",2016,"SEDAN","HOLDEN","Car","M",67,"64-69","Drivers"
"T20190015198","12/8/19",15:46:00,"Collision with vehicle","Monday","Day",2,3,"Not at intersection",3,999,"A",2011,"SEDAN","KIA","Car","F",48,"40-49","Drivers"
"T20190015198","12/8/19",15:46:00,"Collision with vehicle","Monday","Day",2,3,"Not at intersection",3,999,"B",2000,"COUPE","HYNDAI","Car","U",25,"22-25","Drivers"
"T20190015202","12/8/19",19:30:00,"Collision with vehicle","Monday","Dark No street lights",2,1,"Not at intersection",3,50,"A",2015,"SEDAN","VOLKS","Car","F",56,"50-59","Drivers"
"T20190015203","12/8/19",18:25:00,"Collision with vehicle","Monday","Dark Street lights on",4,4,"T intersection",3,70,"A",2019,"RDSTR","B M W","Car","M",36,"30-39","Drivers"
"T20190015203","12/8/19",18:25:00,"Collision with vehicle","Monday","Dark Street lights on",4,4,"T intersection",3,70,"B",2003,"SEDAN","FORD","Car","M",26,"26-29","Drivers"
"T20190015203","12/8/19",18:25:00,"Collision with vehicle","Monday","Dark Street lights on",4,4,"T intersection",3,70,"C",2018,"S WAG","TOYOTA","Station Wagon","M",55,"50-59","Drivers"
"T20190015203","12/8/19",18:25:00,"Collision with vehicle","Monday","Dark Street lights on",4,4,"T intersection",3,70,"D",2018,"SEDAN","HYNDAI","Car","M",22,"22-25","Drivers"
"T20190015207","12/8/19",19:45:00,"Collision with vehicle","Monday","Dark No street lights",2,3,"Not at intersection",3,80,"A",2006,"S WAG","MITSUB","Station Wagon","M",24,"22-25","Drivers"
"T20190015207","12/8/19",19:45:00,"Collision with vehicle","Monday","Dark No street lights",2,3,"Not at intersection",3,80,"B",2018,"SEDAN","HYNDAI","Car","F",24,"22-25","Drivers"
"T20190015216","13/8/19",01:07:00,"Collision with vehicle","Tuesday","Dark Street lights on",2,3,"Cross intersection",2,50,"A",2017,"UTIL","HOLDEN","Utility","M",52,"50-59","Drivers"
"T20190015216","13/8/19",01:07:00,"Collision with vehicle","Tuesday","Dark Street lights on",2,3,"Cross intersection",2,50,"B",2018,"SEDAN","B M W","Car","U",NA,"unknown","Drivers"
"T20190015217","13/8/19",04:17:00,"Collision with a fixed object","Tuesday","Dark Street lights on",1,1,"T intersection",3,70,"A",2009,"SEDAN","HOLDEN","Car","M",30,"30-39","Drivers"
"T20190015218","12/8/19",13:06:00,"Collision with a fixed object","Monday","Day",1,2,"T intersection",3,60,"A",2006,"SEDAN","TOYOTA","Car","F",31,"30-39","Drivers"
"T20190015219","13/8/19",00:47:00,"Collision with a fixed object","Tuesday","Dark Street lights on",1,2,"Not at intersection",3,60,"A",2003,"DC UTE","NISSAN","Utility","M",36,"30-39","Drivers"
"T20190015229","11/8/19",14:00:00,"Collision with a fixed object","Sunday","Day",1,1,"Not at intersection",3,50,"A",2016,"DC UTE","MAZDA","Utility","M",25,"22-25","Drivers"
"T20190015230","11/8/19",13:30:00,"Collision with vehicle","Sunday","Day",2,2,"Multiple intersection",3,999,"A",2008,"SEDAN","MITSUB","Car","M",60,"60-64","Drivers"
"T20190015230","11/8/19",13:30:00,"Collision with vehicle","Sunday","Day",2,2,"Multiple intersection",3,999,"B",2001,"S WAG","MAZDA","Station Wagon","F",38,"30-39","Drivers"
"T20190015231","13/8/19",09:35:00,"Collision with vehicle","Tuesday","Day",2,2,"Cross intersection",3,100,"A",2012,"DC UTE","MITSUB","Utility","M",53,"50-59","Drivers"
"T20190015231","13/8/19",09:35:00,"Collision with vehicle","Tuesday","Day",2,2,"Cross intersection",3,100,"B",2018,"VAN","TOYOTA","Light Commercial Vehicle (Rigid) <= 4.5 Tonnes GVM","M",39,"30-39","Drivers"
"T20190015232","9/8/19",15:58:00,"No collision and no object struck","Friday","Day",1,1,"Not at intersection",3,100,"A",2006,"SEDAN","FORD","Car","F",36,"30-39","Drivers"
"T20190015233","11/5/19",12:00:00,"Collision with vehicle","Saturday","Day",2,3,"T intersection",3,50,"A",2006,"SEDAN","MAZDA","Car","M",25,"22-25","Drivers"
"T20190015233","11/5/19",12:00:00,"Collision with vehicle","Saturday","Day",2,3,"T intersection",3,50,"B",2006,"WAGON","PEUG","Station Wagon",NA,NA,"unknown","Drivers"
"T20190015234","13/8/19",10:22:00,"Collision with a fixed object","Tuesday","Day",1,3,"Not at intersection",3,50,"A",2008,"SEDAN","TOYOTA","Car","F",33,"30-39","Drivers"
"T20190015236","13/8/19",06:50:00,"Struck Pedestrian","Tuesday","Dark Street lights on",1,4,"Not at intersection",3,70,"A",2006,"WAGON","HYNDAI","Station Wagon","F",58,"50-59","Drivers"
"T20190015237","13/8/19",08:40:00,"Collision with vehicle","Tuesday","Day",2,2,"Cross intersection",3,60,"A",2013,"SEDAN","TOYOTA","Car","M",32,"30-39","Drivers"
"T20190015237","13/8/19",08:40:00,"Collision with vehicle","Tuesday","Day",2,2,"Cross intersection",3,60,"B",1989,"WAGON","NISSAN","Station Wagon","M",23,"22-25","Drivers"
"T20190015243","13/8/19",12:39:00,"Collision with vehicle","Tuesday","Day",2,2,"T intersection",3,100,"A",2017,"SEDAN","JEEP","Car","M",43,"40-49","Drivers"
"T20190015243","13/8/19",12:39:00,"Collision with vehicle","Tuesday","Day",2,2,"T intersection",3,100,"B",2007,"WAGON","MITSUB","Car","M",75,"70+","Drivers"
"T20190015245","10/8/19",21:30:00,"Collision with vehicle","Saturday","Unknown",3,3,"T intersection",3,999,"A",2017,"VAN","MERC B","Panel Van","M",36,"30-39","Drivers"
"T20190015245","10/8/19",21:30:00,"Collision with vehicle","Saturday","Unknown",3,3,"T intersection",3,999,"B",2011,"SEDAN","HOLDEN","Car","M",44,"40-49","Drivers"
"T20190015245","10/8/19",21:30:00,"Collision with vehicle","Saturday","Unknown",3,3,"T intersection",3,999,"C",2011,"SEDAN","HONDA","Car","M",31,"30-39","Drivers"
"T20190015246","13/8/19",10:43:00,"Collision with a fixed object","Tuesday","Day",1,1,"Cross intersection",3,80,"A",2010,"VAN","HYNDAI","Panel Van","M",32,"30-39","Drivers"
"T20190015247","13/8/19",11:30:00,"Collision with a fixed object","Tuesday","Day",1,2,"Cross intersection",3,80,"A",2007,"SEDAN","HOLDEN","Car","M",24,"22-25","Drivers"
"T20190015250","13/8/19",12:30:00,"Collision with vehicle","Tuesday","Day",2,2,"T intersection",3,80,"A",1997,"COUPE","MITSUB","Car","M",24,"22-25","Drivers"
"T20190015250","13/8/19",12:30:00,"Collision with vehicle","Tuesday","Day",2,2,"T intersection",3,80,"B",2004,"WAGON","FORD","Station Wagon","M",43,"40-49","Drivers"
"T20190015252","31/7/19",16:30:00,"Collision with vehicle","Wednesday","Day",2,2,"Not at intersection",3,70,"A",2018,"WAGON","TOYOTA","Station Wagon","F",47,"40-49","Drivers"
"T20190015252","31/7/19",16:30:00,"Collision with vehicle","Wednesday","Day",2,2,"Not at intersection",3,70,"B",2004,"UTIL","FORD","Utility","M",20,"17-21","Drivers"
"T20190015254","11/8/19",13:00:00,"Collision with vehicle","Sunday","Day",2,3,"Not at intersection",3,100,"A",2008,"WAGON","TOYOTA","Station Wagon","M",22,"22-25","Drivers"
"T20190015254","11/8/19",13:00:00,"Collision with vehicle","Sunday","Day",2,3,"Not at intersection",3,100,"B",2001,"TRAY","TOYOTA","Utility","M",53,"50-59","Drivers"
"T20190015255","13/8/19",12:00:00,"Struck Pedestrian","Tuesday","Day",1,2,"T intersection",3,60,"A",2003,"WAGON","SUBARU","Station Wagon","F",84,"70+","Drivers"
"T20190015256","9/8/19",18:15:00,"Collision with vehicle","Friday","Dark Street lights on",2,2,"Cross intersection",3,60,"A",2008,"SEDAN","MERC B","Car","M",37,"30-39","Drivers"
"T20190015259","13/8/19",06:05:00,"Collision with vehicle","Tuesday","Dusk/Dawn",2,2,"T intersection",3,40,"A",2011,"UTIL","MAZDA","Utility","M",72,"70+","Drivers"
"T20190015262","13/8/19",15:00:00,"Collision with a fixed object","Tuesday","Day",1,1,"Cross intersection",3,40,"A",2005,"SEDAN","VOLKS","Car","M",39,"30-39","Drivers"
"T20190015270","13/8/19",16:36:00,"Collision with vehicle","Tuesday","Day",3,5,"Not at intersection",3,30,"A",2016,"SEDAN","VOLKS","Car","M",31,"30-39","Drivers"
"T20190015270","13/8/19",16:36:00,"Collision with vehicle","Tuesday","Day",3,5,"Not at intersection",3,30,"B",2016,"WAGON","HOLDEN","Station Wagon","M",63,"60-64","Drivers"
"T20190015270","13/8/19",16:36:00,"Collision with vehicle","Tuesday","Day",3,5,"Not at intersection",3,30,"C",2016,"SEDAN","HOLDEN","Car","U",NA,"unknown","Drivers"
"T20190015271","13/8/19",07:20:00,"Collision with vehicle","Tuesday","Day",2,2,"Not at intersection",3,50,"A",2007,"UTIL","FORD","Utility","M",44,"40-49","Drivers"
"T20190015271","13/8/19",07:20:00,"Collision with vehicle","Tuesday","Day",2,2,"Not at intersection",3,50,"B",2017,"SEDAN","KIA","Car","F",24,"22-25","Drivers"
"T20190015275","13/8/19",16:00:00,"Collision with a fixed object","Tuesday","Day",1,2,"Not at intersection",3,50,"A",2016,"WAGON","HOLDEN","Station Wagon","M",74,"70+","Drivers"
"T20190015276","13/8/19",18:25:00,"Collision with vehicle","Tuesday","Dark Street lights on",2,2,"Not at intersection",3,40,"A",2002,"COUPE","HYNDAI","Car","M",28,"26-29","Drivers"
"T20190015279","13/8/19",17:45:00,"Collision with vehicle","Tuesday","Dark Street lights on",2,4,"T intersection",3,80,"A",2008,"SEDAN","NISSAN","Car","F",31,"30-39","Drivers"
"T20190015279","13/8/19",17:45:00,"Collision with vehicle","Tuesday","Dark Street lights on",2,4,"T intersection",3,80,"B",2016,"WAGON","HONDA","Station Wagon","F",36,"30-39","Drivers"