"ACCIDENT_NO","ACCIDENTDATE","ACCIDENTTIME","Accident Type Desc","Day Week Description","Light Condition Desc","NO_OF_VEHICLES","NO_PERSONS","Road Geometry Desc","SEVERITY","SPEED_ZONE","VEHICLE_ID","VEHICLE_YEAR_MANUF","VEHICLE_BODY_STYLE","VEHICLE_MAKE","Vehicle Type Desc","SEX","AGE","Age Group","Road User Type Desc"
"T20190015285","13/8/19",18:45:00,"Struck Pedestrian","Tuesday","Dark Street lights on",1,2,"Cross intersection",3,60,"A",2018,"SEDAN","SUBARU","Car","M",60,"60-64","Drivers"
"T20190015286","13/8/19",19:27:00,"Collision with vehicle","Tuesday","Dark Street lights on",2,3,"Cross intersection",3,60,"A",1996,"SEDAN","MERC B","Car","M",49,"40-49","Drivers"
"T20190015286","13/8/19",19:27:00,"Collision with vehicle","Tuesday","Dark Street lights on",2,3,"Cross intersection",3,60,"B",2013,"WAGON","HOLDEN","Station Wagon","F",54,"50-59","Drivers"
"T20190015288","13/8/19",22:10:00,"Collision with vehicle","Tuesday","Dark Street lights on",2,3,"T intersection",3,60,"A",2015,"WAGON","NISSAN","Station Wagon","M",40,"40-49","Drivers"
"T20190015291","14/8/19",03:30:00,"Collision with a fixed object","Wednesday","Dark No street lights",1,1,"Not at intersection",3,100,"A",2012,"UTIL","NISSAN","Utility","M",29,"26-29","Drivers"
"T20190015294","13/8/19",09:30:00,"Collision with vehicle","Tuesday","Day",4,4,"Not at intersection",3,70,"A",0,"B BIN","ISUZU","Heavy Vehicle (Rigid) > 4.5 Tonnes","M",42,"40-49","Drivers"
"T20190015294","13/8/19",09:30:00,"Collision with vehicle","Tuesday","Day",4,4,"Not at intersection",3,70,"B",2012,"VAN","MITSUB","Light Commercial Vehicle (Rigid) <= 4.5 Tonnes GVM","M",61,"60-64","Drivers"
"T20190015294","13/8/19",09:30:00,"Collision with vehicle","Tuesday","Day",4,4,"Not at intersection",3,70,"C",2019,"WAGON","NISSAN","Station Wagon","F",43,"40-49","Drivers"
"T20190015294","13/8/19",09:30:00,"Collision with vehicle","Tuesday","Day",4,4,"Not at intersection",3,70,"D",0,NA,"UNKN","Prime Mover B-Double","U",NA,"unknown","Drivers"
"T20190015297","14/8/19",04:00:00,"Collision with vehicle","Wednesday","Dark Street lights on",2,2,"Cross intersection",3,60,"A",2008,"COUPE","SAAB","Car","F",27,"26-29","Drivers"
"T20190015297","14/8/19",04:00:00,"Collision with vehicle","Wednesday","Dark Street lights on",2,2,"Cross intersection",3,60,"B",2018,"G UNIT","VOLVO","Heavy Vehicle (Rigid) > 4.5 Tonnes","M",28,"26-29","Drivers"
"T20190015299","13/8/19",15:48:00,"Collision with vehicle","Tuesday","Day",3,5,"Not at intersection",3,80,"A",2004,"SEDAN","TOYOTA","Car","M",22,"22-25","Drivers"
"T20190015299","13/8/19",15:48:00,"Collision with vehicle","Tuesday","Day",3,5,"Not at intersection",3,80,"B",2007,"SEDAN","FORD","Car","F",69,"64-69","Drivers"
"T20190015299","13/8/19",15:48:00,"Collision with vehicle","Tuesday","Day",3,5,"Not at intersection",3,80,"C",2016,"SEDAN","MITSUB","Car","F",58,"50-59","Drivers"
"T20190015304","14/8/19",06:30:00,"Collision with vehicle","Wednesday","Dark Street lights on",2,2,"Not at intersection",3,60,"A",2017,"S WAG","HOLDEN","Station Wagon","U",NA,"unknown","Drivers"
"T20190015304","14/8/19",06:30:00,"Collision with vehicle","Wednesday","Dark Street lights on",2,2,"Not at intersection",3,60,"B",2006,"SEDAN","MITSUB","Car","M",20,"17-21","Drivers"
"T20190015305","8/8/19",08:40:00,"Collision with vehicle","Thursday","Day",2,2,"Not at intersection",3,50,"A",2014,"DC UTE","FORD","Utility","M",20,"17-21","Drivers"
"T20190015305","8/8/19",08:40:00,"Collision with vehicle","Thursday","Day",2,2,"Not at intersection",3,50,"B",2008,"SEDAN","FORD","Car","F",25,"22-25","Drivers"
"T20190015306","14/8/19",06:50:00,"Collision with vehicle","Wednesday","Dusk/Dawn",3,3,"Not at intersection",3,80,"A",1997,"UTIL","HOLDEN","Utility","M",55,"50-59","Drivers"
"T20190015306","14/8/19",06:50:00,"Collision with vehicle","Wednesday","Dusk/Dawn",3,3,"Not at intersection",3,80,"B",2012,"SEDAN","TOYOTA","Car","F",63,"60-64","Drivers"
"T20190015306","14/8/19",06:50:00,"Collision with vehicle","Wednesday","Dusk/Dawn",3,3,"Not at intersection",3,80,"C",2001,"SEDAN","HOLDEN","Car","F",45,"40-49","Drivers"
"T20190015307","14/8/19",07:27:00,"Collision with vehicle","Wednesday","Day",2,2,"Cross intersection",3,60,"A",2010,"WAGON","HOLDEN","Station Wagon","M",20,"17-21","Drivers"
"T20190015307","14/8/19",07:27:00,"Collision with vehicle","Wednesday","Day",2,2,"Cross intersection",3,60,"B",2007,"WAGON","NISSAN","Station Wagon","M",37,"30-39","Drivers"
"T20190015309","14/8/19",09:30:00,"Collision with a fixed object","Wednesday","Day",1,1,"Not at intersection",3,70,"A",2006,"S WAG","MAZDA","Station Wagon","F",49,"40-49","Drivers"
"T20190015312","14/8/19",07:15:00,"Collision with a fixed object","Wednesday","Day",1,1,"Not at intersection",3,100,"A",2003,"UTIL","HOLDEN","Utility","M",61,"60-64","Drivers"
"T20190015314","24/5/19",11:45:00,"Collision with vehicle","Friday","Day",2,2,"Not at intersection",3,70,"A",2017,"SEDAN","UNKN","Quad Bike","F",34,"30-39","Drivers"
"T20190015314","24/5/19",11:45:00,"Collision with vehicle","Friday","Day",2,2,"Not at intersection",3,70,"B",2004,"SEDAN","MAZDA","Quad Bike","F",19,"17-21","Drivers"
"T20190015315","22/7/19",12:45:00,"Collision with vehicle","Monday","Day",2,2,"T intersection",3,40,"A",2014,"SEDAN","MERC B","Car","F",36,"30-39","Drivers"
"T20190015315","22/7/19",12:45:00,"Collision with vehicle","Monday","Day",2,2,"T intersection",3,40,"B",1998,"SEDAN","PROTON","Car","F",63,"60-64","Drivers"
"T20190015318","14/8/19",12:29:00,"Struck Pedestrian","Wednesday","Day",1,2,"Not at intersection",2,40,"A",2012,"WAGON","JEEP","Station Wagon","M",33,"30-39","Drivers"
"T20190015320","8/8/19",12:30:00,"Collision with vehicle","Thursday","Unknown",2,2,"Cross intersection",3,80,"A",2016,"SEDAN","NISSAN","Car","M",32,"30-39","Drivers"
"T20190015320","8/8/19",12:30:00,"Collision with vehicle","Thursday","Unknown",2,2,"Cross intersection",3,80,"B",2002,"SEDAN","HOLDEN","Car","F",60,"60-64","Drivers"
"T20190015322","14/8/19",04:00:00,"Collision with a fixed object","Wednesday","Dark No street lights",1,1,"Not at intersection",3,100,"A",2010,"WAGON","HOLDEN","Station Wagon","F",39,"30-39","Drivers"
"T20190015325","14/8/19",07:10:00,"Collision with vehicle","Wednesday","Day",2,2,"Cross intersection",3,50,"A",2016,"UTIL","FORD","Utility","M",31,"30-39","Drivers"
"T20190015325","14/8/19",07:10:00,"Collision with vehicle","Wednesday","Day",2,2,"Cross intersection",3,50,"B",2018,"WAGON","TOYOTA","Station Wagon","F",61,"60-64","Drivers"
"T20190015326","14/8/19",13:50:00,"Collision with vehicle","Wednesday","Day",2,2,"Cross intersection",3,60,"A",2011,"SEDAN","HOLDEN","Car","F",29,"26-29","Drivers"
"T20190015326","14/8/19",13:50:00,"Collision with vehicle","Wednesday","Day",2,2,"Cross intersection",3,60,"B",2011,"SEDAN","MAZDA","Car","F",33,"30-39","Drivers"
"T20190015332","9/8/19",17:15:00,"Collision with vehicle","Friday","Dusk/Dawn",2,2,"T intersection",3,80,"A",2000,"SEDAN","FORD","Car","M",47,"40-49","Drivers"
"T20190015332","9/8/19",17:15:00,"Collision with vehicle","Friday","Dusk/Dawn",2,2,"T intersection",3,80,"B",2015,"SEDAN","FORD","Car","M",52,"50-59","Drivers"
"T20190015333","14/8/19",11:35:00,"Collision with vehicle","Wednesday","Day",2,2,"T intersection",3,50,"A",2011,"SED","TOYOTA","Car","M",57,"50-59","Drivers"
"T20190015333","14/8/19",11:35:00,"Collision with vehicle","Wednesday","Day",2,2,"T intersection",3,50,"B",1993,"S WAG","TOYOTA","Station Wagon","M",75,"70+","Drivers"
"T20190015334","14/8/19",14:30:00,"Collision with a fixed object","Wednesday","Day",1,1,"Not at intersection",3,100,"A",2004,"TRAY","FORD","Utility","F",66,"64-69","Drivers"
"T20190015335","14/8/19",15:10:00,"Collision with vehicle","Wednesday","Day",2,4,"Cross intersection",3,100,"A",2002,"SEDAN","B M W","Car","F",27,"26-29","Drivers"
"T20190015335","14/8/19",15:10:00,"Collision with vehicle","Wednesday","Day",2,4,"Cross intersection",3,100,"B",2013,"WAGON","JEEP","Station Wagon","F",64,"60-64","Drivers"
"T20190015337","14/8/19",15:45:00,"Collision with vehicle","Wednesday","Day",2,3,"Cross intersection",3,50,"A",1984,"SEDAN","HOLDEN","Car","M",50,"50-59","Drivers"
"T20190015337","14/8/19",15:45:00,"Collision with vehicle","Wednesday","Day",2,3,"Cross intersection",3,50,"B",2013,"SEDAN","TOYOTA","Car","M",29,"26-29","Drivers"
"T20190015338","11/8/19",18:30:00,"Collision with vehicle","Sunday","Unknown",2,3,"Cross intersection",3,999,"A",2017,"SEDAN","SUZUKI","Car","F",19,"17-21","Drivers"
"T20190015338","11/8/19",18:30:00,"Collision with vehicle","Sunday","Unknown",2,3,"Cross intersection",3,999,"B",2014,"SEDAN","HYNDAI","Car","F",21,"17-21","Drivers"
"T20190015340","14/8/19",00:26:00,"Struck Pedestrian","Wednesday","Dark Street lights on",1,3,"Cross intersection",3,40,"A",2018,"WAGON","B M W","Station Wagon","M",23,"22-25","Drivers"
"T20190015341","7/8/19",12:26:00,"Collision with vehicle","Wednesday","Day",2,2,"Cross intersection",3,60,"A",2009,"SEDAN","TOYOTA","Car","M",61,"60-64","Drivers"
"T20190015341","7/8/19",12:26:00,"Collision with vehicle","Wednesday","Day",2,2,"Cross intersection",3,60,"B",2017,"JEEP","HONDA","Station Wagon","F",23,"22-25","Drivers"
"T20190015342","14/8/19",16:54:00,"Collision with vehicle","Wednesday","Day",2,2,"T intersection",3,60,"B",2012,"WAGON","MITSUB","Station Wagon","M",38,"30-39","Drivers"
"T20190015343","19/7/19",11:30:00,"Collision with vehicle","Friday","Day",2,1,"Not at intersection",3,50,"A",2016,"VAN","TOYOTA","Panel Van","M",27,"26-29","Drivers"
"T20190015344","14/8/19",19:45:00,"Collision with a fixed object","Wednesday","Dark Street lights on",1,1,"Not at intersection",3,60,"A",2012,"DC UTE","VOLKS","Utility","M",29,"26-29","Drivers"
"T20190015346","12/8/19",19:45:00,"Struck animal","Monday","Dark No street lights",1,2,"Not at intersection",3,100,"A",2010,"WAGON","TOYOTA","Station Wagon","M",73,"70+","Drivers"
"T20190015347","14/8/19",19:00:00,"Collision with a fixed object","Wednesday","Dark Street lights on",1,1,"Not at intersection",3,50,"A",2010,"WAGON","HOLDEN","Station Wagon","M",48,"40-49","Drivers"
"T20190015349","14/8/19",19:55:00,"Collision with vehicle","Wednesday","Dark Street lights on",2,3,"Cross intersection",3,70,"A",2018,"SEDAN","HOLDEN","Car","F",22,"22-25","Drivers"
"T20190015349","14/8/19",19:55:00,"Collision with vehicle","Wednesday","Dark Street lights on",2,3,"Cross intersection",3,70,"B",2004,"COUPE","M MOVE","Car","F",36,"30-39","Drivers"
"T20190015350","14/8/19",19:03:00,"Collision with vehicle","Wednesday","Dark Street lights on",2,2,"T intersection",3,70,"A",2014,"RDSTR","JAGUAR","Car","M",31,"30-39","Drivers"
"T20190015350","14/8/19",19:03:00,"Collision with vehicle","Wednesday","Dark Street lights on",2,2,"T intersection",3,70,"B",1995,"TRAY","HOLDEN","Light Commercial Vehicle (Rigid) <= 4.5 Tonnes GVM","M",61,"60-64","Drivers"
"T20190015351","14/8/19",15:15:00,"Collision with vehicle","Wednesday","Day",2,4,"Cross intersection",3,50,"A",2013,"SEDAN","KIA","Car","F",43,"40-49","Drivers"
"T20190015351","14/8/19",15:15:00,"Collision with vehicle","Wednesday","Day",2,4,"Cross intersection",3,50,"B",1999,"SEDAN","MITSUB","Car","M",30,"30-39","Drivers"
"T20190015353","14/8/19",18:00:00,"Collision with vehicle","Wednesday","Dark Street lights on",2,2,"T intersection",3,60,"A",2019,"S WAG","VOLKS","Station Wagon","F",50,"50-59","Drivers"
"T20190015353","14/8/19",18:00:00,"Collision with vehicle","Wednesday","Dark Street lights on",2,2,"T intersection",3,60,"B",2011,"SEDAN","VOLKS","Car","F",31,"30-39","Drivers"
"T20190015354","14/8/19",20:00:00,"Collision with vehicle","Wednesday","Dark Street lights on",2,3,"Cross intersection",3,999,"A",2003,"S WAG","FORD","Station Wagon","M",18,"17-21","Drivers"
"T20190015354","14/8/19",20:00:00,"Collision with vehicle","Wednesday","Dark Street lights on",2,3,"Cross intersection",3,999,"B",2009,"SEDAN","NISSAN","Car","F",29,"26-29","Drivers"
"T20190015355","5/8/19",11:15:00,"Collision with a fixed object","Monday","Day",1,1,"Not at intersection",1,888,"A",0,"CHAIR","UNKN","Other Vehicle","M",89,"70+","Drivers"
"T20190015356","30/7/19",08:10:00,"Collision with vehicle","Tuesday","Day",2,2,"T intersection",3,60,"A",2016,"SEDAN","MAZDA","Car","F",28,"26-29","Drivers"
"T20190015356","30/7/19",08:10:00,"Collision with vehicle","Tuesday","Day",2,2,"T intersection",3,60,"B",2014,"COUPE","B M W","Car","M",35,"30-39","Drivers"
"T20190015358","14/8/19",21:30:00,"Collision with a fixed object","Wednesday","Dark No street lights",1,1,"Not at intersection",2,70,"A",2006,"SEDAN","MITSUB","Car","M",23,"22-25","Drivers"
"T20190015362","15/8/19",07:53:00,"Collision with vehicle","Thursday","Day",2,2,"Cross intersection",3,50,"A",2007,"WAGON","SUBARU","Station Wagon","F",28,"26-29","Drivers"
"T20190015363","13/7/19",11:15:00,"Collision with vehicle","Saturday","Day",3,3,"Cross intersection",3,60,"A",2018,"WAGON","HOLDEN","Car","F",26,"26-29","Drivers"
"T20190015363","13/7/19",11:15:00,"Collision with vehicle","Saturday","Day",3,3,"Cross intersection",3,60,"B",2009,"WAGON","FORD","Car","F",28,"26-29","Drivers"
"T20190015365","15/8/19",07:05:00,"Collision with a fixed object","Thursday","Day",2,2,"Not at intersection",3,100,"A",2011,"DC UTE","TOYOTA","Utility","M",22,"22-25","Drivers"
"T20190015365","15/8/19",07:05:00,"Collision with a fixed object","Thursday","Day",2,2,"Not at intersection",3,100,"B",2013,"DC UTE","NISSAN","Utility","M",21,"17-21","Drivers"
"T20190015366","15/8/19",06:00:00,"Collision with vehicle","Thursday","Dark Street lights on",7,7,"Not at intersection",3,100,"A",2018,"WAGON","MITSUB","Station Wagon","M",42,"40-49","Drivers"
"T20190015366","15/8/19",06:00:00,"Collision with vehicle","Thursday","Dark Street lights on",7,7,"Not at intersection",3,100,"B",2013,"DC UTE","MAZDA","Utility","M",28,"26-29","Drivers"
"T20190015366","15/8/19",06:00:00,"Collision with vehicle","Thursday","Dark Street lights on",7,7,"Not at intersection",3,100,"C",2013,"WAGON","HYNDAI","Station Wagon","M",26,"26-29","Drivers"
"T20190015366","15/8/19",06:00:00,"Collision with vehicle","Thursday","Dark Street lights on",7,7,"Not at intersection",3,100,"D",2013,"SKIP C","VOLVO","Heavy Vehicle (Rigid) > 4.5 Tonnes","M",43,"40-49","Drivers"
"T20190015366","15/8/19",06:00:00,"Collision with vehicle","Thursday","Dark Street lights on",7,7,"Not at intersection",3,100,"E",2015,"WAGON","HOLDEN","Station Wagon","F",29,"26-29","Drivers"
"T20190015366","15/8/19",06:00:00,"Collision with vehicle","Thursday","Dark Street lights on",7,7,"Not at intersection",3,100,"F",2005,"CRANE","NISSAN","Heavy Vehicle (Rigid) > 4.5 Tonnes","M",27,"26-29","Drivers"
"T20190015366","15/8/19",06:00:00,"Collision with vehicle","Thursday","Dark Street lights on",7,7,"Not at intersection",3,100,"G",2006,"BUS","TOYOTA","Mini Bus(9-13 seats)","M",47,"40-49","Drivers"
"T20190015368","15/8/19",08:55:00,"Collision with vehicle","Thursday","Day",2,2,"T intersection",3,50,"A",2019,"WAGON","JEEP","Station Wagon","M",41,"40-49","Drivers"
"T20190015369","15/8/19",08:30:00,"Collision with vehicle","Thursday","Day",2,2,"Not at intersection",3,50,"A",2002,"SEDAN","MITSUB","Car","F",18,"17-21","Drivers"
"T20190015370","15/8/19",09:00:00,"Struck Pedestrian","Thursday","Day",1,2,"Not at intersection",3,50,"A",2009,"SEDAN","MITSUB","Car","F",58,"50-59","Drivers"
"T20190015371","15/8/19",08:55:00,"Collision with vehicle","Thursday","Day",2,2,"Not at intersection",3,70,"B",2009,"SEDAN","HYNDAI","Car","F",71,"70+","Drivers"
"T20190015373","8/8/19",17:45:00,"Collision with vehicle","Thursday","Unknown",2,3,"Cross intersection",3,999,"A",2016,"COUPE","HYNDAI","Car","F",26,"26-29","Drivers"
"T20190015373","8/8/19",17:45:00,"Collision with vehicle","Thursday","Unknown",2,3,"Cross intersection",3,999,"B",2018,"SEDAN","HYNDAI","Car","M",34,"30-39","Drivers"
"T20190015374","15/8/19",09:30:00,"Collision with vehicle","Thursday","Day",2,3,"Cross intersection",3,60,"A",2016,"S WAG","FORD","Station Wagon","F",66,"64-69","Drivers"
"T20190015374","15/8/19",09:30:00,"Collision with vehicle","Thursday","Day",2,3,"Cross intersection",3,60,"B",2004,"SEDAN","HYNDAI","Car","M",85,"70+","Drivers"
"T20190015375","15/8/19",08:30:00,"Collision with vehicle","Thursday","Day",3,3,"Not at intersection",3,80,"A",2017,"UTIL","HOLDEN","Utility","M",44,"40-49","Drivers"
"T20190015375","15/8/19",08:30:00,"Collision with vehicle","Thursday","Day",3,3,"Not at intersection",3,80,"B",2012,"WAGON","KIA","Car","F",34,"30-39","Drivers"
"T20190015375","15/8/19",08:30:00,"Collision with vehicle","Thursday","Day",3,3,"Not at intersection",3,80,"C",2009,"SEDAN","MAZDA","Car","M",25,"22-25","Drivers"
"T20190015377","14/8/19",09:30:00,"Collision with vehicle","Wednesday","Day",2,2,"Not at intersection",3,999,"A",1996,"WAGON","TOYOTA","Station Wagon","F",55,"50-59","Drivers"
"T20190015377","14/8/19",09:30:00,"Collision with vehicle","Wednesday","Day",2,2,"Not at intersection",3,999,"B",2011,"WAGON","MAZDA","Station Wagon","F",31,"30-39","Drivers"
"T20190015381","15/8/19",10:02:00,"Collision with vehicle","Thursday","Day",2,1,"Not at intersection",3,50,"A",2000,"UTIL","FORD","Utility","M",67,"64-69","Drivers"
"T20190015385","15/8/19",09:00:00,"Collision with vehicle","Thursday","Day",2,2,"Not at intersection",3,50,"A",2012,"WAGON","JEEP","Station Wagon","F",34,"30-39","Drivers"
"T20190015387","14/8/19",15:05:00,"Collision with vehicle","Wednesday","Day",2,2,"Cross intersection",3,50,"A",2007,"SED","TOYOTA","Car","M",41,"40-49","Drivers"
"T20190015388","15/8/19",12:15:00,"Collision with vehicle","Thursday","Day",2,2,"Cross intersection",3,80,"A",2009,"SEDAN","SUBARU","Car","F",20,"17-21","Drivers"
"T20190015388","15/8/19",12:15:00,"Collision with vehicle","Thursday","Day",2,2,"Cross intersection",3,80,"B",1993,"C CHAS","HOLDEN","Light Commercial Vehicle (Rigid) <= 4.5 Tonnes GVM","M",85,"70+","Drivers"
"T20190015389","15/8/19",08:40:00,"Collision with vehicle","Thursday","Day",2,2,"T intersection",3,60,"A",2004,"WAGON","MAZDA","Station Wagon","F",47,"40-49","Drivers"
"T20190015393","14/8/19",08:58:00,"Collision with vehicle","Wednesday","Day",2,2,"Not at intersection",3,50,"A",1996,"S WAG","FORD","Station Wagon","F",56,"50-59","Drivers"
"T20190015393","14/8/19",08:58:00,"Collision with vehicle","Wednesday","Day",2,2,"Not at intersection",3,50,"B",2011,"SEDAN","SUZUKI","Car","F",31,"30-39","Drivers"
"T20190015394","8/8/19",20:30:00,"Collision with vehicle","Thursday","Dark Street lights on",2,2,"Cross intersection",3,60,"A",2003,"SEDAN","MAZDA","Car","F",20,"17-21","Drivers"
"T20190015394","8/8/19",20:30:00,"Collision with vehicle","Thursday","Dark Street lights on",2,2,"Cross intersection",3,60,"B",2019,"SEDAN","HYNDAI","Car","F",66,"64-69","Drivers"
"T20190015395","15/8/19",15:00:00,"Collision with vehicle","Thursday","Day",2,3,"Cross intersection",3,60,"A",1993,"S WAG","FORD","Station Wagon","F",67,"64-69","Drivers"
"T20190015395","15/8/19",15:00:00,"Collision with vehicle","Thursday","Day",2,3,"Cross intersection",3,60,"B",2013,"SEDAN","HOLDEN","Car","M",23,"22-25","Drivers"
"T20190015396","5/8/19",14:45:00,"Collision with vehicle","Monday","Day",3,3,"Not at intersection",3,60,"A",2014,"SEDAN","HYNDAI","Car","F",33,"30-39","Drivers"
"T20190015396","5/8/19",14:45:00,"Collision with vehicle","Monday","Day",3,3,"Not at intersection",3,60,"B",2010,"WAGON","SUBARU","Station Wagon","F",35,"30-39","Drivers"
"T20190015396","5/8/19",14:45:00,"Collision with vehicle","Monday","Day",3,3,"Not at intersection",3,60,"C",2009,"SEDAN","HOLDEN","Car","M",30,"30-39","Drivers"
"T20190015397","15/8/19",10:15:00,"Collision with a fixed object","Thursday","Day",1,2,"Not at intersection",3,50,"A",2009,"SEDAN","TOYOTA","Car","M",79,"70+","Drivers"
"T20190015398","29/1/19",11:30:00,"Collision with vehicle","Tuesday","Day",2,2,"Not at intersection",3,60,"A",2000,"DC UTE","HOLDEN","Utility","M",61,"60-64","Drivers"
"T20190015398","29/1/19",11:30:00,"Collision with vehicle","Tuesday","Day",2,2,"Not at intersection",3,60,"B",2015,"VAN","HYNDAI","Panel Van","M",21,"17-21","Drivers"
"T20190015400","13/8/19",17:29:00,"Collision with vehicle","Tuesday","Dark No street lights",3,3,"Not at intersection",3,80,"A",2016,"WAGON","JEEP","Station Wagon","F",39,"30-39","Drivers"
"T20190015400","13/8/19",17:29:00,"Collision with vehicle","Tuesday","Dark No street lights",3,3,"Not at intersection",3,80,"B",2018,"UTIL","MITSUB","Utility","M",36,"30-39","Drivers"
"T20190015400","13/8/19",17:29:00,"Collision with vehicle","Tuesday","Dark No street lights",3,3,"Not at intersection",3,80,"C",2005,"VAN","TOYOTA","Panel Van","M",65,"64-69","Drivers"
"T20190015403","13/8/19",09:35:00,"Collision with vehicle","Tuesday","Day",2,2,"T intersection",3,60,"B",2017,"BUS","LDV","Station Wagon","M",51,"50-59","Drivers"
"T20190015404","15/8/19",15:10:00,"Struck Pedestrian","Thursday","Day",1,2,"Not at intersection",3,40,"A",2004,"SEDAN","FORD","Car","M",77,"70+","Drivers"
"T20190015410","14/8/19",18:14:00,"Collision with a fixed object","Wednesday","Dark No street lights",1,1,"Not at intersection",3,70,"A",2014,"SEDAN","HOLDEN","Car","M",26,"26-29","Drivers"
"T20190015411","7/8/19",18:00:00,"Collision with vehicle","Wednesday","Dark Street lights on",2,2,"Cross intersection",3,50,"A",0,"SEDAN","UNKN","Car","U",NA,"unknown","Drivers"
"T20190015413","2/8/19",07:50:00,"Collision with vehicle","Friday","Unknown",2,2,"Cross intersection",3,70,"A",2013,"WAGON","TOYOTA","Station Wagon","M",34,"30-39","Drivers"
"T20190015413","2/8/19",07:50:00,"Collision with vehicle","Friday","Unknown",2,2,"Cross intersection",3,70,"B",2006,"SEDAN","TOYOTA","Car","M",25,"22-25","Drivers"
"T20190015415","15/8/19",17:00:00,"Collision with vehicle","Thursday","Day",2,3,"Cross intersection",3,60,"A",2014,"WAGON","NISSAN","Station Wagon","M",70,"70+","Drivers"
"T20190015415","15/8/19",17:00:00,"Collision with vehicle","Thursday","Day",2,3,"Cross intersection",3,60,"B",2010,"SEDAN","TOYOTA","Car","F",29,"26-29","Drivers"
"T20190015416","14/8/19",16:40:00,"Collision with vehicle","Wednesday","Day",2,2,"Not at intersection",3,50,"A",2016,"WAGON","MAZDA","Station Wagon","F",32,"30-39","Drivers"
"T20190015418","15/8/19",19:44:00,"Collision with vehicle","Thursday","Dark Street lights on",3,3,"Not at intersection",3,100,"A",2015,"SEDAN","HONDA","Car","F",68,"64-69","Drivers"
"T20190015418","15/8/19",19:44:00,"Collision with vehicle","Thursday","Dark Street lights on",3,3,"Not at intersection",3,100,"B",2016,"SEDAN","TOYOTA","Car","M",41,"40-49","Drivers"
"T20190015418","15/8/19",19:44:00,"Collision with vehicle","Thursday","Dark Street lights on",3,3,"Not at intersection",3,100,"C",2011,"WAGON","TOYOTA","Station Wagon","M",68,"64-69","Drivers"
"T20190015420","15/8/19",02:20:00,"Collision with a fixed object","Thursday","Dark No street lights",1,2,"Not at intersection",3,100,"A",2008,"SEDAN","FORD","Car","F",18,"17-21","Drivers"
"T20190015421","15/8/19",20:04:00,"Collision with vehicle","Thursday","Dark Street lights on",2,2,"Cross intersection",3,50,"B",2017,"WAGON","MITSUB","Station Wagon","M",39,"30-39","Drivers"
"T20190015423","15/8/19",06:45:00,"Collision with vehicle","Thursday","Day",2,2,"Not at intersection",3,80,"A",2008,"SEDAN","MITSUB","Car","F",30,"30-39","Drivers"
"T20190015423","15/8/19",06:45:00,"Collision with vehicle","Thursday","Day",2,2,"Not at intersection",3,80,"B",2004,"UTIL","HOLDEN","Utility","M",35,"30-39","Drivers"
"T20190015426","15/8/19",20:00:00,"Collision with vehicle","Thursday","Dark Street lights on",2,3,"Not at intersection",3,80,"A",2007,"SEDAN","VOLKS","Car","M",31,"30-39","Drivers"
"T20190015426","15/8/19",20:00:00,"Collision with vehicle","Thursday","Dark Street lights on",2,3,"Not at intersection",3,80,"B",2017,"SEDAN","MERC B","Car","U",NA,"unknown","Drivers"
"T20190015427","15/8/19",21:04:00,"Collision with vehicle","Thursday","Dark Street lights on",2,3,"Cross intersection",3,70,"A",2015,"SEDAN","TOYOTA","Car","F",44,"40-49","Drivers"
"T20190015427","15/8/19",21:04:00,"Collision with vehicle","Thursday","Dark Street lights on",2,3,"Cross intersection",3,70,"B",2012,"SEDAN","HOLDEN","Car","F",25,"22-25","Drivers"
"T20190015428","15/8/19",17:05:00,"Collision with vehicle","Thursday","Day",2,2,"Not at intersection",2,999,"A",2007,"WAGON","PEUG","Station Wagon","M",58,"50-59","Drivers"
"T20190015429","15/8/19",20:35:00,"Collision with a fixed object","Thursday","Dark Street lights on",1,1,"Not at intersection",3,50,"A",2014,"SEDAN","FORD","Car","M",69,"64-69","Drivers"
"T20190015433","14/8/19",20:43:00,"Collision with vehicle","Wednesday","Dark Street lights off",2,2,"Cross intersection",3,60,"A",2000,"SEDAN","MITSUB","Car","M",23,"22-25","Drivers"
"T20190015433","14/8/19",20:43:00,"Collision with vehicle","Wednesday","Dark Street lights off",2,2,"Cross intersection",3,60,"B",2005,"S WAG","HOLDEN","Station Wagon","M",28,"26-29","Drivers"
"T20190015434","9/8/19",08:40:00,"Collision with vehicle","Friday","Day",2,2,"Not at intersection",3,60,"A",2014,"SEDAN","TOYOTA","Car","F",26,"26-29","Drivers"
"T20190015434","9/8/19",08:40:00,"Collision with vehicle","Friday","Day",2,2,"Not at intersection",3,60,"B",2006,"SEDAN","HOLDEN","Car","F",20,"17-21","Drivers"
"T20190015435","15/8/19",18:38:00,"Struck Pedestrian","Thursday","Dark Street lights on",1,2,"Cross intersection",3,50,"A",2014,"WAGON","HYNDAI","Station Wagon","M",30,"30-39","Drivers"
"T20190015438","15/8/19",22:45:00,"Collision with a fixed object","Thursday","Dark Street lights on",1,1,"T intersection",3,80,"A",2009,"SEDAN","TOYOTA","Car","F",36,"30-39","Drivers"