"ACCIDENT_NO","ACCIDENTDATE","ACCIDENTTIME","Accident Type Desc","Day Week Description","Light Condition Desc","NO_OF_VEHICLES","NO_PERSONS","Road Geometry Desc","SEVERITY","SPEED_ZONE","VEHICLE_ID","VEHICLE_YEAR_MANUF","VEHICLE_BODY_STYLE","VEHICLE_MAKE","Vehicle Type Desc","SEX","AGE","Age Group","Road User Type Desc"
"T20190015445","16/8/19",05:25:00,"collision with some other object","Friday","Dark Street lights on",4,4,"Not at intersection",3,100,"A",2011,"WAGON","TOYOTA","Station Wagon","M",45,"40-49","Drivers"
"T20190015445","16/8/19",05:25:00,"collision with some other object","Friday","Dark Street lights on",4,4,"Not at intersection",3,100,"B",2013,"DC UTE","MITSUB","Utility","M",43,"40-49","Drivers"
"T20190015445","16/8/19",05:25:00,"collision with some other object","Friday","Dark Street lights on",4,4,"Not at intersection",3,100,"C",2011,"TOURER","VOLKS","Car","F",21,"17-21","Drivers"
"T20190015445","16/8/19",05:25:00,"collision with some other object","Friday","Dark Street lights on",4,4,"Not at intersection",3,100,"D",2016,"SEDAN","SUZUKI","Car","M",56,"50-59","Drivers"
"T20190015446","16/8/19",06:20:00,"Struck Pedestrian","Friday","Dark Street lights unknown",1,2,"Cross intersection",3,60,"A",2004,"SEDAN","MAZDA","Car","M",61,"60-64","Drivers"
"T20190015449","14/8/19",16:30:00,"Collision with vehicle","Wednesday","Day",2,5,"Not at intersection",3,80,"A",2012,"WAGON","NISSAN","Station Wagon","M",39,"30-39","Drivers"
"T20190015449","14/8/19",16:30:00,"Collision with vehicle","Wednesday","Day",2,5,"Not at intersection",3,80,"B",2010,"SEDAN","HOLDEN","Car","M",26,"26-29","Drivers"
"T20190015451","16/8/19",08:00:00,"Collision with vehicle","Friday","Day",4,1,"T intersection",3,50,"A",2016,"WAGON","HYNDAI","Station Wagon","F",27,"26-29","Drivers"
"T20190015452","15/8/19",19:03:00,"Collision with vehicle","Thursday","Dark Street lights on",2,3,"T intersection",3,60,"A",2004,"SED","HOLDEN","Car","F",38,"30-39","Drivers"
"T20190015452","15/8/19",19:03:00,"Collision with vehicle","Thursday","Dark Street lights on",2,3,"T intersection",3,60,"B",2017,"WAGON","FORD","Station Wagon","F",45,"40-49","Drivers"
"T20190015453","16/8/19",10:16:00,"Collision with vehicle","Friday","Day",2,2,"T intersection",3,60,"A",2013,"SEDAN","TOYOTA","Car","M",19,"17-21","Drivers"
"T20190015454","16/8/19",08:20:00,"Struck Pedestrian","Friday","Day",1,2,"Not at intersection",2,60,"A",2015,"SEDAN","M MOVE","Car","M",36,"30-39","Drivers"
"T20190015456","16/8/19",10:03:00,"Struck Pedestrian","Friday","Day",1,2,"Cross intersection",3,80,"A",2018,"SEDAN","MAZDA","Car","M",26,"26-29","Drivers"
"T20190015459","16/8/19",08:10:00,"Struck Pedestrian","Friday","Day",1,2,"Not at intersection",3,50,"A",2017,"COUPE","MERC B","Car","F",46,"40-49","Drivers"
"T20190015460","26/4/19",08:30:00,"Collision with vehicle","Friday","Day",4,4,"Not at intersection",3,100,"A",2004,"UTIL","HOLDEN","Utility","M",26,"26-29","Drivers"
"T20190015460","26/4/19",08:30:00,"Collision with vehicle","Friday","Day",4,4,"Not at intersection",3,100,"B",2011,"T SDS","MITSUB","Utility","M",66,"64-69","Drivers"
"T20190015460","26/4/19",08:30:00,"Collision with vehicle","Friday","Day",4,4,"Not at intersection",3,100,"C",2008,"SEDAN","HOLDEN","Car","M",46,"40-49","Drivers"
"T20190015460","26/4/19",08:30:00,"Collision with vehicle","Friday","Day",4,4,"Not at intersection",3,100,"D",2002,"TRAY","FORD","Car","M",23,"22-25","Drivers"
"T20190015461","14/8/19",16:40:00,"Collision with vehicle","Wednesday","Unknown",2,2,"Not at intersection",3,999,"A",2010,"SEDAN","HOLDEN","Car","F",38,"30-39","Drivers"
"T20190015461","14/8/19",16:40:00,"Collision with vehicle","Wednesday","Unknown",2,2,"Not at intersection",3,999,"B",2003,"TRAY","FORD","Car","F",51,"50-59","Drivers"
"T20190015464","15/8/19",16:29:00,"Struck Pedestrian","Thursday","Day",1,2,"Not at intersection",3,50,"A",2015,"SEDAN","VOLKS","Car","U",NA,"unknown","Drivers"
"T20190015465","24/7/19",17:15:00,"Collision with vehicle","Wednesday","Dark Street lights on",3,3,"Not at intersection",3,100,"A",2010,"UTIL","FORD","Utility","M",45,"40-49","Drivers"
"T20190015465","24/7/19",17:15:00,"Collision with vehicle","Wednesday","Dark Street lights on",3,3,"Not at intersection",3,100,"B",2014,"SEDAN","TOYOTA","Car","F",21,"17-21","Drivers"
"T20190015465","24/7/19",17:15:00,"Collision with vehicle","Wednesday","Dark Street lights on",3,3,"Not at intersection",3,100,"C",2009,"SEDAN","HOLDEN","Car","M",37,"30-39","Drivers"
"T20190015466","1/8/19",14:15:00,"Collision with vehicle","Thursday","Day",2,2,"Cross intersection",3,50,"A",2007,"SEDAN","HONDA","Car","F",42,"40-49","Drivers"
"T20190015466","1/8/19",14:15:00,"Collision with vehicle","Thursday","Day",2,2,"Cross intersection",3,50,"B",2009,"SEDAN","HOLDEN","Car","F",39,"30-39","Drivers"
"T20190015468","16/8/19",11:45:00,"Collision with vehicle","Friday","Day",2,3,"Not at intersection",3,60,"A",2018,"WAGON","ISUZU","Station Wagon","M",47,"40-49","Drivers"
"T20190015471","16/8/19",13:18:00,"Collision with vehicle","Friday","Day",2,2,"Not at intersection",3,40,"A",2015,"WAGON","HONDA","Station Wagon","F",31,"30-39","Drivers"
"T20190015472","16/8/19",12:02:00,"Collision with vehicle","Friday","Day",3,4,"Not at intersection",3,60,"A",2000,"SEDAN","MITSUB","Car","M",82,"70+","Drivers"
"T20190015472","16/8/19",12:02:00,"Collision with vehicle","Friday","Day",3,4,"Not at intersection",3,60,"B",2014,"WAGON","JEEP","Station Wagon","F",56,"50-59","Drivers"
"T20190015472","16/8/19",12:02:00,"Collision with vehicle","Friday","Day",3,4,"Not at intersection",3,60,"C",2007,"VAN","TOYOTA","Panel Van","F",29,"26-29","Drivers"
"T20190015474","15/8/19",06:50:00,"Collision with vehicle","Thursday","Dusk/Dawn",2,2,"Not at intersection",3,60,"B",2011,"WAGON","JEEP","Station Wagon","M",26,"26-29","Drivers"
"T20190015475","15/8/19",17:55:00,"Collision with vehicle","Thursday","Dark Street lights on",3,3,"Not at intersection",3,999,"A",1999,"SED","MAZDA","Car","F",24,"22-25","Drivers"
"T20190015475","15/8/19",17:55:00,"Collision with vehicle","Thursday","Dark Street lights on",3,3,"Not at intersection",3,999,"B",2012,"DC UTE","TOYOTA","Utility","M",24,"22-25","Drivers"
"T20190015475","15/8/19",17:55:00,"Collision with vehicle","Thursday","Dark Street lights on",3,3,"Not at intersection",3,999,"C",2014,"SEDAN","HYNDAI","Car","F",47,"40-49","Drivers"
"T20190015478","2/7/19",05:55:00,"Collision with vehicle","Tuesday","Dark Street lights on",2,2,"Cross intersection",3,80,"A",2010,"S WAG","HOLDEN","Station Wagon","M",54,"50-59","Drivers"
"T20190015478","2/7/19",05:55:00,"Collision with vehicle","Tuesday","Dark Street lights on",2,2,"Cross intersection",3,80,"B",2011,"SEDAN","TOYOTA","Car","M",72,"70+","Drivers"
"T20190015479","8/8/19",13:40:00,"Collision with vehicle","Thursday","Day",2,2,"T intersection",3,100,"A",2004,"SEDAN","HOLDEN","Car","F",54,"50-59","Drivers"
"T20190015479","8/8/19",13:40:00,"Collision with vehicle","Thursday","Day",2,2,"T intersection",3,100,"B",2005,"WAGON","TOYOTA","Station Wagon","M",52,"50-59","Drivers"
"T20190015480","16/8/19",13:09:00,"Collision with vehicle","Friday","Day",2,2,"Not at intersection",3,50,"A",2010,"SEDAN","TOYOTA","Car","M",55,"50-59","Drivers"
"T20190015480","16/8/19",13:09:00,"Collision with vehicle","Friday","Day",2,2,"Not at intersection",3,50,"B",2012,"SEDAN","FORD","Car","M",24,"22-25","Drivers"
"T20190015481","16/8/19",10:35:00,"Collision with vehicle","Friday","Day",2,3,"Not at intersection",3,80,"A",2019,"WAGON","HOLDEN","Station Wagon","F",72,"70+","Drivers"
"T20190015481","16/8/19",10:35:00,"Collision with vehicle","Friday","Day",2,3,"Not at intersection",3,80,"B",2018,"DC UTE","TOYOTA","Utility","M",42,"40-49","Drivers"
"T20190015482","16/8/19",14:15:00,"Collision with vehicle","Friday","Day",2,2,"T intersection",3,60,"A",2008,"SEDAN","HONDA","Car","F",23,"22-25","Drivers"
"T20190015482","16/8/19",14:15:00,"Collision with vehicle","Friday","Day",2,2,"T intersection",3,60,"B",2006,"VAN","FORD","Panel Van","M",55,"50-59","Drivers"
"T20190015483","16/8/19",13:30:00,"Collision with a fixed object","Friday","Day",1,1,"Not at intersection",3,100,"A",1996,"SEDAN","FORD","Car","M",23,"22-25","Drivers"
"T20190015484","16/8/19",12:00:00,"Collision with vehicle","Friday","Day",2,3,"Not at intersection",3,80,"A",2012,"VAN","VOLKS","Panel Van","F",45,"40-49","Drivers"
"T20190015484","16/8/19",12:00:00,"Collision with vehicle","Friday","Day",2,3,"Not at intersection",3,80,"B",2002,"SEDAN","HONDA","Car","M",19,"17-21","Drivers"
"T20190015487","16/8/19",14:50:00,"Struck Pedestrian","Friday","Day",1,3,"Unknown",3,50,"A",2001,"SEDAN","HYNDAI","Car","M",77,"70+","Drivers"
"T20190015488","16/8/19",13:11:00,"Collision with vehicle","Friday","Day",2,2,"T intersection",3,60,"A",1997,"UTIL","HOLDEN","Utility","F",42,"40-49","Drivers"
"T20190015488","16/8/19",13:11:00,"Collision with vehicle","Friday","Day",2,2,"T intersection",3,60,"B",2019,"P MVR","HINO","Prime Mover Only","M",22,"22-25","Drivers"
"T20190015491","16/8/19",10:41:00,"Collision with vehicle","Friday","Day",2,2,"Not at intersection",3,80,"A",2018,"WAGON","NISSAN","Station Wagon","M",76,"70+","Drivers"
"T20190015491","16/8/19",10:41:00,"Collision with vehicle","Friday","Day",2,2,"Not at intersection",3,80,"B",2016,"SEDAN","HOLDEN","Car","F",25,"22-25","Drivers"
"T20190015492","16/8/19",13:25:00,"Collision with vehicle","Friday","Day",2,2,"Cross intersection",3,60,"A",2013,"SEDAN","NISSAN","Car","M",56,"50-59","Drivers"
"T20190015492","16/8/19",13:25:00,"Collision with vehicle","Friday","Day",2,2,"Cross intersection",3,60,"B",2016,"SED","TOYOTA","Taxi","M",43,"40-49","Drivers"
"T20190015500","16/8/19",09:30:00,"Struck Pedestrian","Friday","Day",1,2,"Not at intersection",3,50,"A",2016,"WAGON","MAZDA","Station Wagon","F",24,"22-25","Drivers"
"T20190015502","7/8/19",18:30:00,"Collision with vehicle","Wednesday","Dark Street lights on",2,3,"Cross intersection",3,80,"A",2007,"COUPE","HOLDEN","Car","M",27,"26-29","Drivers"
"T20190015502","7/8/19",18:30:00,"Collision with vehicle","Wednesday","Dark Street lights on",2,3,"Cross intersection",3,80,"B",2001,"SEDAN","TOYOTA","Car","M",28,"26-29","Drivers"
"T20190015504","16/8/19",16:14:00,"Collision with vehicle","Friday","Day",3,4,"Not at intersection",3,60,"A",2002,"S WAG","HOLDEN","Station Wagon","M",37,"30-39","Drivers"
"T20190015504","16/8/19",16:14:00,"Collision with vehicle","Friday","Day",3,4,"Not at intersection",3,60,"B",2013,"WAGON","L ROV","Station Wagon","F",48,"40-49","Drivers"
"T20190015504","16/8/19",16:14:00,"Collision with vehicle","Friday","Day",3,4,"Not at intersection",3,60,"C",2018,"SEDAN","TOYOTA","Car","F",39,"30-39","Drivers"
"T20190015508","16/8/19",06:50:00,"Collision with vehicle","Friday","Day",2,2,"T intersection",3,60,"A",2011,"SEDAN","HOLDEN","Car","M",37,"30-39","Drivers"
"T20190015508","16/8/19",06:50:00,"Collision with vehicle","Friday","Day",2,2,"T intersection",3,60,"B",2005,"SEDAN","MAZDA","Car","M",32,"30-39","Drivers"
"T20190015509","16/8/19",13:00:00,"Collision with vehicle","Friday","Day",2,3,"Not at intersection",1,80,"A",2000,"TRAY","TOYOTA","Light Commercial Vehicle (Rigid) <= 4.5 Tonnes GVM","M",18,"17-21","Drivers"
"T20190015509","16/8/19",13:00:00,"Collision with vehicle","Friday","Day",2,3,"Not at intersection",1,80,"B",2019,"UTIL","HOLDEN","Utility","M",80,"70+","Drivers"
"T20190015511","16/8/19",19:25:00,"No collision and no object struck","Friday","Dark No street lights",1,4,"Not at intersection",3,100,"A",2000,"S WAG","HOLDEN","Station Wagon","M",25,"22-25","Drivers"
"T20190015512","16/8/19",16:36:00,"Collision with vehicle","Friday","Day",2,5,"T intersection",3,60,"A",1997,"SEDAN","MAZDA","Car","F",76,"70+","Drivers"
"T20190015512","16/8/19",16:36:00,"Collision with vehicle","Friday","Day",2,5,"T intersection",3,60,"B",2007,"SEDAN","TOYOTA","Car","F",30,"30-39","Drivers"
"T20190015514","16/8/19",16:20:00,"Collision with vehicle","Friday","Day",2,2,"Cross intersection",3,60,"A",1999,"SEDAN","TOYOTA","Car","M",26,"26-29","Drivers"
"T20190015514","16/8/19",16:20:00,"Collision with vehicle","Friday","Day",2,2,"Cross intersection",3,60,"B",2008,"TOURER","PEUG","Car","F",44,"40-49","Drivers"
"T20190015515","16/8/19",22:54:00,"Collision with vehicle","Friday","Dark Street lights on",2,2,"Cross intersection",2,70,"A",2015,"BUS","SCANIA","Bus/Coach","M",57,"50-59","Drivers"
"T20190015515","16/8/19",22:54:00,"Collision with vehicle","Friday","Dark Street lights on",2,2,"Cross intersection",2,70,"B",2003,"S WAG","FORD","Station Wagon","M",24,"22-25","Drivers"
"T20190015516","16/8/19",22:15:00,"Collision with vehicle","Friday","Dark Street lights on",2,4,"T intersection",3,60,"A",2017,"WAGON","TOYOTA","Station Wagon","F",30,"30-39","Drivers"
"T20190015516","16/8/19",22:15:00,"Collision with vehicle","Friday","Dark Street lights on",2,4,"T intersection",3,60,"B",2010,"WAGON","VOLKS","Station Wagon","M",50,"50-59","Drivers"
"T20190015525","16/8/19",22:33:00,"Struck Pedestrian","Friday","Dark Street lights on",1,2,"Cross intersection",2,80,"A",2018,"DC UTE","ISUZU","Utility","M",26,"26-29","Drivers"
"T20190015526","17/8/19",00:15:00,"Vehicle overturned (no collision)","Saturday","Dark Street lights on",2,2,"Not at intersection",3,80,"B",1998,"S WAG","HOLDEN","Station Wagon","M",26,"26-29","Drivers"
"T20190015527","17/8/19",04:40:00,"Collision with vehicle","Saturday","Dark Street lights on",2,3,"T intersection",3,60,"A",2016,"SEDAN","SUBARU","Car","M",51,"50-59","Drivers"
"T20190015527","17/8/19",04:40:00,"Collision with vehicle","Saturday","Dark Street lights on",2,3,"T intersection",3,60,"B",2007,"SEDAN","NISSAN","Car","M",31,"30-39","Drivers"
"T20190015529","17/8/19",07:00:00,"Collision with vehicle","Saturday","Day",2,2,"T intersection",3,60,"A",2012,"SEDAN","HONDA","Car","M",64,"60-64","Drivers"
"T20190015533","17/8/19",06:50:00,"Collision with a fixed object","Saturday","Dusk/Dawn",1,1,"Not at intersection",3,50,"A",2004,"SEDAN","TOYOTA","Car","M",21,"17-21","Drivers"
"T20190015534","17/8/19",08:30:00,"Struck Pedestrian","Saturday","Day",2,2,"T intersection",3,60,"A",2004,"SEDAN","MAZDA","Car","F",42,"40-49","Drivers"
"T20190015542","17/8/19",10:55:00,"Collision with vehicle","Saturday","Day",2,2,"Cross intersection",3,70,"B",2007,"UTIL","TOYOTA","Utility","F",29,"26-29","Drivers"
"T20190015546","14/6/19",12:20:00,"Collision with vehicle","Friday","Unknown",2,3,"Not at intersection",3,60,"A",2018,"TIPPER","F LINE","Heavy Vehicle (Rigid) > 4.5 Tonnes","M",60,"60-64","Drivers"
"T20190015546","14/6/19",12:20:00,"Collision with vehicle","Friday","Unknown",2,3,"Not at intersection",3,60,"B",2003,"WAGON","TOYOTA","Station Wagon","F",34,"30-39","Drivers"
"T20190015549","17/8/19",11:15:00,"Collision with vehicle","Saturday","Day",2,3,"T intersection",3,80,"A",2019,"SEDAN","SUZUKI","Car","F",57,"50-59","Drivers"
"T20190015549","17/8/19",11:15:00,"Collision with vehicle","Saturday","Day",2,3,"T intersection",3,80,"B",2012,"SEDAN","NISSAN","Car","F",25,"22-25","Drivers"
"T20190015550","9/8/19",17:15:00,"Collision with vehicle","Friday","Dark Street lights on",2,2,"Cross intersection",3,50,"A",1992,"SEDAN","TOYOTA","Car","F",25,"22-25","Drivers"
"T20190015550","9/8/19",17:15:00,"Collision with vehicle","Friday","Dark Street lights on",2,2,"Cross intersection",3,50,"B",2018,"SEDAN","MAZDA","Car","F",29,"26-29","Drivers"
"T20190015553","17/8/19",10:30:00,"Collision with vehicle","Saturday","Day",2,2,"Cross intersection",3,60,"A",1996,"SEDAN","HOLDEN","Car","M",74,"70+","Drivers"
"T20190015553","17/8/19",10:30:00,"Collision with vehicle","Saturday","Day",2,2,"Cross intersection",3,60,"B",2015,"SEDAN","MAZDA","Car","F",30,"30-39","Drivers"
"T20190015554","5/8/19",05:45:00,"Collision with vehicle","Monday","Dusk/Dawn",3,3,"Not at intersection",3,100,"A",2007,"TIPPER","FORD","Heavy Vehicle (Rigid) > 4.5 Tonnes","M",68,"64-69","Drivers"
"T20190015554","5/8/19",05:45:00,"Collision with vehicle","Monday","Dusk/Dawn",3,3,"Not at intersection",3,100,"B",2001,"UTIL","FORD","Utility","M",45,"40-49","Drivers"
"T20190015554","5/8/19",05:45:00,"Collision with vehicle","Monday","Dusk/Dawn",3,3,"Not at intersection",3,100,"C",2002,"SEDAN","B M W","Car","M",47,"40-49","Drivers"
"T20190015555","17/8/19",13:32:00,"Collision with vehicle","Saturday","Day",2,2,"Cross intersection",3,50,"A",2014,"SEDAN","HYNDAI","Car","F",61,"60-64","Drivers"
"T20190015557","15/8/19",17:40:00,"Collision with vehicle","Thursday","Day",2,3,"Not at intersection",3,100,"A",2015,"WAGON","R ROV","Station Wagon","F",34,"30-39","Drivers"
"T20190015557","15/8/19",17:40:00,"Collision with vehicle","Thursday","Day",2,3,"Not at intersection",3,100,"B",2005,"S WAG","TOYOTA","Station Wagon","M",21,"17-21","Drivers"
"T20190015558","17/8/19",11:00:00,"Struck Pedestrian","Saturday","Day",1,2,"Not at intersection",2,40,"A",2014,"WAGON","CHERY","Station Wagon","M",75,"70+","Drivers"
"T20190015559","16/8/19",22:00:00,"Collision with a fixed object","Friday","Dark No street lights",1,1,"Not at intersection",3,60,"A",2014,"SEDAN","KIA","Car","F",25,"22-25","Drivers"
"T20190015561","17/8/19",14:03:00,"Collision with vehicle","Saturday","Day",2,6,"T intersection",3,50,"A",2012,"SEDAN","HOLDEN","Car","F",40,"40-49","Drivers"
"T20190015561","17/8/19",14:03:00,"Collision with vehicle","Saturday","Day",2,6,"T intersection",3,50,"B",2005,"SEDAN","TOYOTA","Car","F",38,"30-39","Drivers"
"T20190015564","17/8/19",14:47:00,"Collision with a fixed object","Saturday","Day",1,2,"Not at intersection",3,100,"A",0,"SED","FORD","Car","M",33,"30-39","Drivers"
"T20190015565","17/8/19",17:00:00,"Collision with vehicle","Saturday","Day",2,5,"Not at intersection",3,100,"A",2017,"WAGON","TOYOTA","Station Wagon","F",52,"50-59","Drivers"
"T20190015566","17/8/19",17:00:00,"Collision with a fixed object","Saturday","Day",2,2,"Not at intersection",3,70,"A",2012,"SEDAN","UNKN","Car","M",32,"30-39","Drivers"
"T20190015566","17/8/19",17:00:00,"Collision with a fixed object","Saturday","Day",2,2,"Not at intersection",3,70,"B",2005,"WAGON","JEEP","Car","M",36,"30-39","Drivers"
"T20190015567","17/8/19",17:30:00,"collision with some other object","Saturday","Day",3,4,"Not at intersection",3,100,"A",2008,"SEDAN","TOYOTA","Car","F",25,"22-25","Drivers"
"T20190015567","17/8/19",17:30:00,"collision with some other object","Saturday","Day",3,4,"Not at intersection",3,100,"B",2016,"SEDAN","HONDA","Car","M",34,"30-39","Drivers"
"T20190015567","17/8/19",17:30:00,"collision with some other object","Saturday","Day",3,4,"Not at intersection",3,100,"C",2005,"SEDAN","MAZDA","Car","F",53,"50-59","Drivers"
"T20190015568","17/8/19",17:19:00,"Collision with vehicle","Saturday","Dusk/Dawn",2,2,"Not at intersection",3,80,"A",2002,"SEDAN","FORD","Car","F",55,"50-59","Drivers"
"T20190015569","28/7/19",13:30:00,"Collision with vehicle","Sunday","Day",2,4,"Cross intersection",3,50,"A",2008,"TRAY","FORD","Light Commercial Vehicle (Rigid) <= 4.5 Tonnes GVM","M",68,"64-69","Drivers"
"T20190015569","28/7/19",13:30:00,"Collision with vehicle","Sunday","Day",2,4,"Cross intersection",3,50,"B",2004,"WAGON","TOYOTA","Station Wagon","F",44,"40-49","Drivers"
"T20190015571","17/8/19",13:50:00,"Collision with vehicle","Saturday","Day",2,5,"Cross intersection",3,60,"A",2016,"WAGON","HYNDAI","Station Wagon","F",31,"30-39","Drivers"
"T20190015571","17/8/19",13:50:00,"Collision with vehicle","Saturday","Day",2,5,"Cross intersection",3,60,"B",2008,"SEDAN","MAZDA","Car","M",23,"22-25","Drivers"
"T20190015573","17/8/19",17:20:00,"Struck Pedestrian","Saturday","Day",1,3,"Not at intersection",3,60,"A",2015,"WAGON","MAZDA","Station Wagon","F",41,"40-49","Drivers"
"T20190015575","17/8/19",18:10:00,"Collision with vehicle","Saturday","Dark Street lights on",2,2,"T intersection",3,50,"A",2009,"SEDAN","MAZDA","Car","M",23,"22-25","Drivers"
"T20190015576","17/8/19",18:20:00,"Struck Pedestrian","Saturday","Dark Street lights on",1,3,"Not at intersection",3,80,"A",2001,"S WAG","HOLDEN","Station Wagon","M",51,"50-59","Drivers"
"T20190015578","17/8/19",18:00:00,"Collision with vehicle","Saturday","Dark No street lights",2,3,"Not at intersection",3,100,"A",2017,"SED","HOLDEN","Car","M",51,"50-59","Drivers"
"T20190015578","17/8/19",18:00:00,"Collision with vehicle","Saturday","Dark No street lights",2,3,"Not at intersection",3,100,"B",2019,"WAGON","HOLDEN","Station Wagon","M",26,"26-29","Drivers"
"T20190015580","17/8/19",20:51:00,"Collision with vehicle","Saturday","Dark Street lights on",2,1,"Not at intersection",3,50,"A",2004,"SEDAN","TOYOTA","Car","M",27,"26-29","Drivers"
"T20190015581","17/8/19",15:00:00,"Collision with vehicle","Saturday","Day",2,3,"T intersection",3,60,"A",2002,"SEDAN","HOLDEN","Car","M",39,"30-39","Drivers"
"T20190015581","17/8/19",15:00:00,"Collision with vehicle","Saturday","Day",2,3,"T intersection",3,60,"B",2014,"WAGON","MITSUB","Station Wagon","M",52,"50-59","Drivers"
"T20190015584","2/8/19",14:45:00,"Collision with vehicle","Friday","Day",2,3,"Not at intersection",3,100,"A",2002,"S WAG","HOLDEN","Station Wagon","M",22,"22-25","Drivers"
"T20190015584","2/8/19",14:45:00,"Collision with vehicle","Friday","Day",2,3,"Not at intersection",3,100,"B",2019,"S WAG","NISSAN","Station Wagon","M",28,"26-29","Drivers"
"T20190015585","17/8/19",18:10:00,"Collision with vehicle","Saturday","Dark No street lights",2,3,"Not at intersection",3,80,"A",2014,"SEDAN","B M W","Car","M",25,"22-25","Drivers"
"T20190015586","17/8/19",22:20:00,"Collision with vehicle","Saturday","Dark Street lights on",2,7,"Cross intersection",2,80,"A",2006,"WAGON","TOYOTA","Station Wagon","F",31,"30-39","Drivers"
"T20190015586","17/8/19",22:20:00,"Collision with vehicle","Saturday","Dark Street lights on",2,7,"Cross intersection",2,80,"B",2004,"CARVN","TOYOTA","Panel Van","F",20,"17-21","Drivers"
"T20190015587","18/8/19",01:59:00,"Collision with a fixed object","Sunday","Dark Street lights on",1,5,"Not at intersection",3,60,"A",2002,"WAGON","MAZDA","Station Wagon","M",23,"22-25","Drivers"
"T20190015589","16/8/19",08:30:00,"Collision with vehicle","Friday","Day",2,2,"T intersection",3,60,"A",2014,"SED","NISSAN","Car","F",43,"40-49","Drivers"
"T20190015590","18/8/19",00:13:00,"Collision with a fixed object","Sunday","Dark Street lights on",2,2,"Not at intersection",3,80,"A",2012,"SEDAN","TOYOTA","Car","M",23,"22-25","Drivers"
"T20190015590","18/8/19",00:13:00,"Collision with a fixed object","Sunday","Dark Street lights on",2,2,"Not at intersection",3,80,"B",2008,"SEDAN","HOLDEN","Car","F",25,"22-25","Drivers"
"T20190015593","17/8/19",19:10:00,"Struck Pedestrian","Saturday","Dark Street lights on",1,2,"T intersection",3,60,"A",2013,"SEDAN","VOLKS","Car","M",22,"22-25","Drivers"
"T20190015594","16/7/19",18:00:00,"Collision with vehicle","Tuesday","Dark Street lights on",3,3,"T intersection",3,999,"A",2013,"SEDAN","VOLKS","Car","F",27,"26-29","Drivers"
"T20190015594","16/7/19",18:00:00,"Collision with vehicle","Tuesday","Dark Street lights on",3,3,"T intersection",3,999,"B",2000,"SEDAN","FORD","Car","F",38,"30-39","Drivers"
"T20190015594","16/7/19",18:00:00,"Collision with vehicle","Tuesday","Dark Street lights on",3,3,"T intersection",3,999,"C",2002,"SEDAN","HOLDEN","Car","M",22,"22-25","Drivers"
"T20190015599","18/8/19",07:45:00,"Collision with vehicle","Sunday","Day",2,3,"Cross intersection",3,60,"A",2014,"SEDAN","FORD","Car","M",28,"26-29","Drivers"
"T20190015599","18/8/19",07:45:00,"Collision with vehicle","Sunday","Day",2,3,"Cross intersection",3,60,"B",2018,"WAGON","MAZDA","Station Wagon","F",47,"40-49","Drivers"
"T20190015600","9/7/19",18:40:00,"Collision with vehicle","Tuesday","Dark Street lights on",2,3,"T intersection",3,60,"A",2017,"S WAG","NISSAN","Station Wagon","M",72,"70+","Drivers"
"T20190015600","9/7/19",18:40:00,"Collision with vehicle","Tuesday","Dark Street lights on",2,3,"T intersection",3,60,"B",2003,"SEDAN","FORD","Car","F",39,"30-39","Drivers"
"T20190015605","18/8/19",09:50:00,"Collision with vehicle","Sunday","Day",3,3,"Cross intersection",3,60,"A",2014,"WAGON","FORD","Station Wagon","M",55,"50-59","Drivers"
"T20190015605","18/8/19",09:50:00,"Collision with vehicle","Sunday","Day",3,3,"Cross intersection",3,60,"B",2008,"SEDAN","FORD","Car","M",NA,"unknown","Drivers"
"T20190015605","18/8/19",09:50:00,"Collision with vehicle","Sunday","Day",3,3,"Cross intersection",3,60,"C",2016,"T SDS","TOYOTA","Light Commercial Vehicle (Rigid) <= 4.5 Tonnes GVM","M",29,"26-29","Drivers"
"T20190015608","18/8/19",12:04:00,"Collision with vehicle","Sunday","Day",2,4,"Not at intersection",3,80,"A",2003,"TANKER","ISUZU","Heavy Vehicle (Rigid) > 4.5 Tonnes","M",53,"50-59","Drivers"
"T20190015608","18/8/19",12:04:00,"Collision with vehicle","Sunday","Day",2,4,"Not at intersection",3,80,"B",2018,"WAGON","VOLKS","Station Wagon","M",34,"30-39","Drivers"
"T20190015611","17/8/19",17:35:00,"Collision with vehicle","Saturday","Dark Street lights on",2,3,"Cross intersection",3,60,"A",2011,"WAGON","MAZDA","Station Wagon","F",43,"40-49","Drivers"
"T20190015611","17/8/19",17:35:00,"Collision with vehicle","Saturday","Dark Street lights on",2,3,"Cross intersection",3,60,"B",2006,"SEDAN","HOLDEN","Car","F",47,"40-49","Drivers"
"T20190015619","18/8/19",18:00:00,"Struck Pedestrian","Sunday","Dusk/Dawn",1,4,"Cross intersection",3,60,"A",2002,"S WAG","MITSUB","Station Wagon","M",35,"30-39","Drivers"
"T20190015620","18/8/19",16:50:00,"Collision with vehicle","Sunday","Dusk/Dawn",2,3,"Cross intersection",3,60,"A",1998,"SEDAN","TOYOTA","Car","F",41,"40-49","Drivers"
"T20190015620","18/8/19",16:50:00,"Collision with vehicle","Sunday","Dusk/Dawn",2,3,"Cross intersection",3,60,"B",2003,"SEDAN","FORD","Car","M",24,"22-25","Drivers"