"ACCIDENT_NO","ACCIDENTDATE","ACCIDENTTIME","Accident Type Desc","Day Week Description","Light Condition Desc","NO_OF_VEHICLES","NO_PERSONS","Road Geometry Desc","SEVERITY","SPEED_ZONE","VEHICLE_ID","VEHICLE_YEAR_MANUF","VEHICLE_BODY_STYLE","VEHICLE_MAKE","Vehicle Type Desc","SEX","AGE","Age Group","Road User Type Desc"
"T20190015621","18/8/19",04:25:00,"Collision with a fixed object","Sunday","Dark No street lights",1,1,"Not at intersection",3,100,"A",2006,"DC UTE","TOYOTA","Utility","M",29,"26-29","Drivers"
"T20190015622","4/8/19",11:25:00,"Collision with vehicle","Sunday","Day",2,2,"Not at intersection",3,60,"A",2002,"WAGON","NISSAN","Station Wagon","F",72,"70+","Drivers"
"T20190015622","4/8/19",11:25:00,"Collision with vehicle","Sunday","Day",2,2,"Not at intersection",3,60,"B",2006,"WAGON","AUDI","Station Wagon","F",38,"30-39","Drivers"
"T20190015623","18/8/19",17:25:00,"Collision with vehicle","Sunday","Dusk/Dawn",3,6,"Not at intersection",3,80,"A",2016,"WAGON","HONDA","Station Wagon","F",60,"60-64","Drivers"
"T20190015623","18/8/19",17:25:00,"Collision with vehicle","Sunday","Dusk/Dawn",3,6,"Not at intersection",3,80,"B",2017,"WAGON","MAZDA","Station Wagon","F",65,"64-69","Drivers"
"T20190015623","18/8/19",17:25:00,"Collision with vehicle","Sunday","Dusk/Dawn",3,6,"Not at intersection",3,80,"C",2017,"WAGON","TOYOTA","Station Wagon","M",43,"40-49","Drivers"
"T20190015624","18/8/19",18:00:00,"Collision with vehicle","Sunday","Dusk/Dawn",2,2,"Not at intersection",2,50,"A",2014,"SEDAN","VOLKS","Car","F",25,"22-25","Drivers"
"T20190015624","18/8/19",18:00:00,"Collision with vehicle","Sunday","Dusk/Dawn",2,2,"Not at intersection",2,50,"B",2010,"SEDAN","HONDA","Car","M",67,"64-69","Drivers"
"T20190015625","18/8/19",17:15:00,"Collision with vehicle","Sunday","Dusk/Dawn",2,2,"Cross intersection",3,80,"A",1998,"SEDAN","FORD","Car","M",29,"26-29","Drivers"
"T20190015625","18/8/19",17:15:00,"Collision with vehicle","Sunday","Dusk/Dawn",2,2,"Cross intersection",3,80,"B",2016,"SEDAN","JEEP","Car","F",66,"64-69","Drivers"
"T20190015628","18/8/19",20:25:00,"Collision with vehicle","Sunday","Dark Street lights on",2,2,"Cross intersection",3,60,"A",2011,"SEDAN","HOLDEN","Car","F",42,"40-49","Drivers"
"T20190015636","18/8/19",23:45:00,"Collision with vehicle","Sunday","Dark No street lights",2,2,"Not at intersection",3,100,"A",2012,"P MVR","KENWTH","Prime Mover - Single Trailer","M",22,"22-25","Drivers"
"T20190015639","18/8/19",15:40:00,"Collision with vehicle","Sunday","Day",2,5,"Cross intersection",3,80,"A",2008,"WAGON","L ROV","Station Wagon","M",35,"30-39","Drivers"
"T20190015639","18/8/19",15:40:00,"Collision with vehicle","Sunday","Day",2,5,"Cross intersection",3,80,"B",2015,"SEDAN","TOYOTA","Car","M",62,"60-64","Drivers"
"T20190015642","27/6/19",15:00:00,"Collision with vehicle","Thursday","Day",2,2,"Not at intersection",3,110,"A",2015,"SEDAN","HYNDAI","Car","F",20,"17-21","Drivers"
"T20190015642","27/6/19",15:00:00,"Collision with vehicle","Thursday","Day",2,2,"Not at intersection",3,110,"C",0,"P MVR","UNKN","Prime Mover - Single Trailer","U",NA,"unknown","Drivers"
"T20190015644","18/8/19",15:40:00,"Collision with a fixed object","Sunday","Day",1,1,"Not at intersection",3,110,"A",2006,"WAGON","SUBARU","Station Wagon","M",57,"50-59","Drivers"
"T20190015647","19/8/19",08:05:00,"Collision with vehicle","Monday","Day",5,5,"Cross intersection",2,70,"A",2013,"SEDAN","HYNDAI","Car","M",19,"17-21","Drivers"
"T20190015647","19/8/19",08:05:00,"Collision with vehicle","Monday","Day",5,5,"Cross intersection",2,70,"B",2008,"SEDAN","HOLDEN","Car","M",48,"40-49","Drivers"
"T20190015647","19/8/19",08:05:00,"Collision with vehicle","Monday","Day",5,5,"Cross intersection",2,70,"C",2008,"SEDAN","MITSUB","Car","F",27,"26-29","Drivers"
"T20190015647","19/8/19",08:05:00,"Collision with vehicle","Monday","Day",5,5,"Cross intersection",2,70,"D",2016,"SEDAN","LEXUS","Car","M",47,"40-49","Drivers"
"T20190015647","19/8/19",08:05:00,"Collision with vehicle","Monday","Day",5,5,"Cross intersection",2,70,"E",2018,"SEDAN","MAZDA","Car","F",42,"40-49","Drivers"
"T20190015648","26/6/19",16:00:00,"Collision with vehicle","Wednesday","Day",2,2,"Not at intersection",3,80,"A",2015,"SEDAN","HYNDAI","Car","F",70,"70+","Drivers"
"T20190015648","26/6/19",16:00:00,"Collision with vehicle","Wednesday","Day",2,2,"Not at intersection",3,80,"B",2009,"SED","FORD","Car","F",65,"64-69","Drivers"
"T20190015655","19/8/19",08:08:00,"Collision with vehicle","Monday","Day",5,5,"Not at intersection",3,80,"A",1999,"S WAG","HOLDEN","Station Wagon","M",37,"30-39","Drivers"
"T20190015655","19/8/19",08:08:00,"Collision with vehicle","Monday","Day",5,5,"Not at intersection",3,80,"B",2004,"UTIL","MAZDA","Utility","M",44,"40-49","Drivers"
"T20190015655","19/8/19",08:08:00,"Collision with vehicle","Monday","Day",5,5,"Not at intersection",3,80,"C",2008,"SEDAN","HOLDEN","Car","M",35,"30-39","Drivers"
"T20190015655","19/8/19",08:08:00,"Collision with vehicle","Monday","Day",5,5,"Not at intersection",3,80,"D",2016,"SEDAN","HOLDEN","Car","F",26,"26-29","Drivers"
"T20190015655","19/8/19",08:08:00,"Collision with vehicle","Monday","Day",5,5,"Not at intersection",3,80,"E",2018,"SEDAN","HONDA","Car","M",38,"30-39","Drivers"
"T20190015659","16/8/19",17:40:00,"Collision with vehicle","Friday","Dusk/Dawn",2,2,"Not at intersection",3,100,"A",2005,"SEDAN","FORD","Car","M",29,"26-29","Drivers"
"T20190015659","16/8/19",17:40:00,"Collision with vehicle","Friday","Dusk/Dawn",2,2,"Not at intersection",3,100,"B",2008,"WAGON","PEUG","Station Wagon","F",61,"60-64","Drivers"
"T20190015660","19/8/19",10:36:00,"Collision with vehicle","Monday","Day",3,3,"Not at intersection",3,50,"A",2010,"UTIL","FORD","Utility","F",22,"22-25","Drivers"
"T20190015660","19/8/19",10:36:00,"Collision with vehicle","Monday","Day",3,3,"Not at intersection",3,50,"B",2002,"SEDAN","FORD","Car","F",57,"50-59","Drivers"
"T20190015666","19/8/19",07:54:00,"Collision with vehicle","Monday","Day",3,3,"Cross intersection",3,80,"A",2018,"SEDAN","HYNDAI","Car","M",41,"40-49","Drivers"
"T20190015666","19/8/19",07:54:00,"Collision with vehicle","Monday","Day",3,3,"Cross intersection",3,80,"B",2003,"SEDAN","SAAB","Car","F",52,"50-59","Drivers"
"T20190015666","19/8/19",07:54:00,"Collision with vehicle","Monday","Day",3,3,"Cross intersection",3,80,"C",2011,"SEDAN","HOLDEN","Car","M",46,"40-49","Drivers"
"T20190015667","19/8/19",11:49:00,"Struck Pedestrian","Monday","Day",1,2,"Not at intersection",3,60,"A",2016,"WAGON","TOYOTA","Taxi","M",24,"22-25","Drivers"
"T20190015668","17/5/19",11:00:00,"Struck Pedestrian","Friday","Day",1,2,"Not at intersection",3,60,"A",0,NA,"REN","Car","F",78,"70+","Drivers"
"T20190015671","19/8/19",12:55:00,"Collision with vehicle","Monday","Day",2,2,"Cross intersection",3,60,"A",2009,"SEDAN","HOLDEN","Car","F",23,"22-25","Drivers"
"T20190015671","19/8/19",12:55:00,"Collision with vehicle","Monday","Day",2,2,"Cross intersection",3,60,"B",2012,"SEDAN","HOLDEN","Car","F",21,"17-21","Drivers"
"T20190015675","19/8/19",13:02:00,"Collision with a fixed object","Monday","Day",1,1,"Multiple intersection",3,100,"A",1999,"SEDAN","HYNDAI","Car","F",26,"26-29","Drivers"
"T20190015676","19/8/19",14:15:00,"Collision with vehicle","Monday","Day",4,2,"T intersection",3,40,"A",2002,"SEDAN","HOLDEN","Car","M",50,"50-59","Drivers"
"T20190015676","19/8/19",14:15:00,"Collision with vehicle","Monday","Day",4,2,"T intersection",3,40,"B",2013,"SEDAN","MERC B","Car","M",46,"40-49","Drivers"
"T20190015678","19/8/19",12:45:00,"Collision with a fixed object","Monday","Day",1,1,"Not at intersection",3,50,"A",2001,"SEDAN","NISSAN","Car","F",72,"70+","Drivers"
"T20190015680","19/8/19",14:20:00,"Collision with vehicle","Monday","Day",2,2,"Not at intersection",3,999,"A",2007,"SEDAN","HOLDEN","Car","F",37,"30-39","Drivers"
"T20190015680","19/8/19",14:20:00,"Collision with vehicle","Monday","Day",2,2,"Not at intersection",3,999,"B",2007,"WAGON","HOLDEN","Station Wagon","F",34,"30-39","Drivers"
"T20190015682","19/8/19",12:53:00,"Struck Pedestrian","Monday","Day",1,3,"Not at intersection",1,40,"A",2017,"SEDAN","HOLDEN","Car","F",28,"26-29","Drivers"
"T20190015683","19/8/19",14:30:00,"Collision with vehicle","Monday","Day",2,3,"Not at intersection",3,60,"A",2012,"WAGON","HONDA","Station Wagon","M",75,"70+","Drivers"
"T20190015683","19/8/19",14:30:00,"Collision with vehicle","Monday","Day",2,3,"Not at intersection",3,60,"B",2007,"SEDAN","B M W","Car","M",74,"70+","Drivers"
"T20190015684","2/8/19",00:30:00,"Struck Pedestrian","Friday","Dark Street lights on",1,2,"Not at intersection",3,40,"A",0,"SEDAN","UNSPEC","Car","U",NA,"unknown","Drivers"
"T20190015689","18/8/19",09:40:00,"Collision with vehicle","Sunday","Day",2,6,"Cross intersection",3,80,"A",1999,"WAGON","JEEP","Station Wagon","M",21,"17-21","Drivers"
"T20190015689","18/8/19",09:40:00,"Collision with vehicle","Sunday","Day",2,6,"Cross intersection",3,80,"B",2018,"BUS","TOYOTA","Mini Bus(9-13 seats)","M",62,"60-64","Drivers"
"T20190015690","19/8/19",11:30:00,"Collision with vehicle","Monday","Unknown",2,2,"Not at intersection",3,999,"A",2010,"SEDAN","MAZDA","Car","F",26,"26-29","Drivers"
"T20190015690","19/8/19",11:30:00,"Collision with vehicle","Monday","Unknown",2,2,"Not at intersection",3,999,"B",2013,"SEDAN","MERC B","Car","M",35,"30-39","Drivers"
"T20190015694","19/8/19",15:34:00,"Collision with vehicle","Monday","Day",4,5,"Cross intersection",1,80,"A",2016,"SEDAN","MAZDA","Car","F",56,"50-59","Drivers"
"T20190015694","19/8/19",15:34:00,"Collision with vehicle","Monday","Day",4,5,"Cross intersection",1,80,"B",2005,"WAGON","TOYOTA","Station Wagon","F",56,"50-59","Drivers"
"T20190015694","19/8/19",15:34:00,"Collision with vehicle","Monday","Day",4,5,"Cross intersection",1,80,"C",2003,"SEDAN","MAZDA","Car","F",64,"60-64","Drivers"
"T20190015694","19/8/19",15:34:00,"Collision with vehicle","Monday","Day",4,5,"Cross intersection",1,80,"D",2012,"VAN","VOLKS","Panel Van","M",53,"50-59","Drivers"
"T20190015696","19/8/19",17:00:00,"Struck Pedestrian","Monday","Dusk/Dawn",1,2,"T intersection",2,60,"A",2009,"UTIL","HOLDEN","Utility","M",52,"50-59","Drivers"
"T20190015698","19/8/19",19:15:00,"Collision with vehicle","Monday","Dark Street lights on",2,2,"Cross intersection",3,60,"A",2017,"COUPE","FORD","Car","M",59,"50-59","Drivers"
"T20190015701","12/7/19",18:45:00,"Collision with vehicle","Friday","Dark Street lights unknown",2,5,"Not at intersection",3,80,"A",2010,"WAGON","L ROV","Station Wagon","M",29,"26-29","Drivers"
"T20190015701","12/7/19",18:45:00,"Collision with vehicle","Friday","Dark Street lights unknown",2,5,"Not at intersection",3,80,"B",2007,"SEDAN","NISSAN","Car","F",67,"64-69","Drivers"
"T20190015702","11/8/19",11:11:00,"Collision with vehicle","Sunday","Day",2,2,"Not at intersection",3,50,"A",2003,"SEDAN","MITSUB","Car","F",75,"70+","Drivers"
"T20190015702","11/8/19",11:11:00,"Collision with vehicle","Sunday","Day",2,2,"Not at intersection",3,50,"B",2010,"WAGON","JEEP","Station Wagon","F",27,"26-29","Drivers"
"T20190015703","19/8/19",14:52:00,"Collision with vehicle","Monday","Day",3,1,"Not at intersection",3,50,"A",2017,"SEDAN","FORD","Car","F",70,"70+","Drivers"
"T20190015704","31/7/19",16:08:00,"Collision with vehicle","Wednesday","Unknown",3,3,"Not at intersection",3,80,"A",2010,"UTIL","FORD","Utility","M",38,"30-39","Drivers"
"T20190015704","31/7/19",16:08:00,"Collision with vehicle","Wednesday","Unknown",3,3,"Not at intersection",3,80,"B",2005,"VAN","REN","Panel Van","M",36,"30-39","Drivers"
"T20190015704","31/7/19",16:08:00,"Collision with vehicle","Wednesday","Unknown",3,3,"Not at intersection",3,80,"C",2008,"TRAY","ISUZU","Light Commercial Vehicle (Rigid) <= 4.5 Tonnes GVM","M",34,"30-39","Drivers"
"T20190015708","9/8/19",08:00:00,"Collision with vehicle","Friday","Day",3,3,"T intersection",3,80,"B",2003,"DC UTE","HOLDEN","Utility","M",54,"50-59","Drivers"
"T20190015708","9/8/19",08:00:00,"Collision with vehicle","Friday","Day",3,3,"T intersection",3,80,"C",2014,"WAGON","HYNDAI","Station Wagon","F",45,"40-49","Drivers"
"T20190015712","31/3/19",10:55:00,"Collision with a fixed object","Sunday","Day",1,2,"Not at intersection",3,100,"A",2004,"SEDAN","HONDA","Car","F",68,"64-69","Drivers"
"T20190015715","16/8/19",11:00:00,"Collision with vehicle","Friday","Day",2,4,"Cross intersection",3,50,"A",2012,"WAGON","MAZDA","Station Wagon","F",30,"30-39","Drivers"
"T20190015715","16/8/19",11:00:00,"Collision with vehicle","Friday","Day",2,4,"Cross intersection",3,50,"B",2012,"SEDAN","HOLDEN","Car","M",64,"60-64","Drivers"
"T20190015716","20/8/19",08:25:00,"Collision with vehicle","Tuesday","Day",2,2,"Cross intersection",3,50,"A",2015,"SEDAN","TOYOTA","Car","F",35,"30-39","Drivers"
"T20190015717","20/8/19",08:09:00,"Collision with vehicle","Tuesday","Day",2,3,"Not at intersection",2,80,"A",2014,"SEDAN","TOYOTA","Car","M",30,"30-39","Drivers"
"T20190015720","20/8/19",08:55:00,"collision with some other object","Tuesday","Day",1,2,"Not at intersection",3,60,"A",2011,"WAGON","SUBARU","Station Wagon","F",52,"50-59","Drivers"
"T20190015721","9/8/19",07:40:00,"Collision with vehicle","Friday","Day",2,3,"Not at intersection",3,50,"A",2015,"SEDAN","VOLKS","Car","F",71,"70+","Drivers"
"T20190015721","9/8/19",07:40:00,"Collision with vehicle","Friday","Day",2,3,"Not at intersection",3,50,"B",2009,"VAN","TOYOTA","Light Commercial Vehicle (Rigid) <= 4.5 Tonnes GVM","M",23,"22-25","Drivers"
"T20190015723","7/8/19",18:30:00,"Collision with vehicle","Wednesday","Dusk/Dawn",2,2,"Cross intersection",3,70,"A",2015,"SEDAN","UNKN","Car","F",52,"50-59","Drivers"
"T20190015723","7/8/19",18:30:00,"Collision with vehicle","Wednesday","Dusk/Dawn",2,2,"Cross intersection",3,70,"B",2009,"SEDAN","TOYOTA","Car","F",45,"40-49","Drivers"
"T20190015724","20/8/19",06:20:00,"Collision with vehicle","Tuesday","Dark Street lights on",2,2,"Cross intersection",3,60,"A",2007,"SEDAN","MAZDA","Car","F",32,"30-39","Drivers"
"T20190015724","20/8/19",06:20:00,"Collision with vehicle","Tuesday","Dark Street lights on",2,2,"Cross intersection",3,60,"B",2011,"SEDAN","HONDA","Car","M",27,"26-29","Drivers"
"T20190015725","19/8/19",14:00:00,"Collision with vehicle","Monday","Day",2,3,"Not at intersection",3,60,"A",2004,"WAGON","FORD","Station Wagon","M",53,"50-59","Drivers"
"T20190015725","19/8/19",14:00:00,"Collision with vehicle","Monday","Day",2,3,"Not at intersection",3,60,"B",2014,"SEDAN","CHRYS","Car","M",NA,"unknown","Drivers"
"T20190015726","17/8/19",18:30:00,"Collision with vehicle","Saturday","Unknown",2,3,"Not at intersection",3,80,"A",2008,"SEDAN","FORD","Car","M",28,"26-29","Drivers"
"T20190015726","17/8/19",18:30:00,"Collision with vehicle","Saturday","Unknown",2,3,"Not at intersection",3,80,"B",2005,"SEDAN","SUBARU","Car","M",60,"60-64","Drivers"
"T20190015728","20/8/19",07:46:00,"Collision with a fixed object","Tuesday","Day",1,1,"Not at intersection",3,100,"A",1988,"CRANE","FUSO","Heavy Vehicle (Rigid) > 4.5 Tonnes","M",23,"22-25","Drivers"
"T20190015731","4/5/19",18:50:00,"Collision with vehicle","Saturday","Unknown",2,3,"T intersection",2,60,"A",2001,"SEDAN","TOYOTA","Car","M",46,"40-49","Drivers"
"T20190015731","4/5/19",18:50:00,"Collision with vehicle","Saturday","Unknown",2,3,"T intersection",2,60,"B",2009,"DC UTE","NISSAN","Utility","M",22,"22-25","Drivers"
"T20190015734","17/8/19",16:00:00,"Collision with vehicle","Saturday","Day",2,4,"Cross intersection",3,80,"A",2014,"SEDAN","NISSAN","Car","F",45,"40-49","Drivers"
"T20190015734","17/8/19",16:00:00,"Collision with vehicle","Saturday","Day",2,4,"Cross intersection",3,80,"B",2009,"WAGON","TOYOTA","Station Wagon","F",53,"50-59","Drivers"
"T20190015735","14/8/19",15:35:00,"Collision with vehicle","Wednesday","Day",2,2,"Cross intersection",3,50,"A",2003,"SEDAN","NISSAN","Car","F",49,"40-49","Drivers"
"T20190015735","14/8/19",15:35:00,"Collision with vehicle","Wednesday","Day",2,2,"Cross intersection",3,50,"B",2008,"SEDAN","FORD","Car","M",30,"30-39","Drivers"
"T20190015738","19/8/19",15:10:00,"Collision with vehicle","Monday","Day",2,3,"Not at intersection",3,60,"A",2000,"SEDAN","FORD","Car","M",74,"70+","Drivers"
"T20190015738","19/8/19",15:10:00,"Collision with vehicle","Monday","Day",2,3,"Not at intersection",3,60,"B",2002,"WAGON","MAZDA","Station Wagon","F",58,"50-59","Drivers"
"T20190015739","20/8/19",09:31:00,"Collision with vehicle","Tuesday","Day",2,2,"Cross intersection",3,60,"A",1999,"SEDAN","DAEWOO","Car","M",84,"70+","Drivers"
"T20190015739","20/8/19",09:31:00,"Collision with vehicle","Tuesday","Day",2,2,"Cross intersection",3,60,"B",2012,"SEDAN","HYNDAI","Car","F",22,"22-25","Drivers"
"T20190015740","19/8/19",16:40:00,"Collision with a fixed object","Monday","Day",1,2,"Not at intersection",3,50,"A",2017,"SEDAN","HYNDAI","Car","F",18,"17-21","Drivers"
"T20190015741","20/8/19",10:15:00,"Collision with vehicle","Tuesday","Day",2,2,"T intersection",3,60,"A",2001,"SEDAN","MAZDA","Car","M",47,"40-49","Drivers"
"T20190015741","20/8/19",10:15:00,"Collision with vehicle","Tuesday","Day",2,2,"T intersection",3,60,"B",2009,"DC UTE","HOLDEN","Utility","M",39,"30-39","Drivers"
"T20190015743","20/8/19",13:40:00,"Collision with vehicle","Tuesday","Day",2,2,"T intersection",3,80,"A",2017,"VAN","HYNDAI","Panel Van","M",34,"30-39","Drivers"
"T20190015743","20/8/19",13:40:00,"Collision with vehicle","Tuesday","Day",2,2,"T intersection",3,80,"B",2014,"SEDAN","MAZDA","Car","F",53,"50-59","Drivers"
"T20190015745","20/8/19",07:20:00,"Collision with a fixed object","Tuesday","Day",1,1,"Not at intersection",3,60,"A",2007,"S WAG","HOLDEN","Station Wagon","M",17,"16-17","Drivers"
"T20190015747","23/7/19",18:00:00,"Collision with vehicle","Tuesday","Dusk/Dawn",2,2,"Cross intersection",3,70,"A",1999,"COUPE","TOYOTA","Car","F",39,"30-39","Drivers"
"T20190015747","23/7/19",18:00:00,"Collision with vehicle","Tuesday","Dusk/Dawn",2,2,"Cross intersection",3,70,"B",2008,"SEDAN","FORD","Car","M",19,"17-21","Drivers"
"T20190015748","20/8/19",11:50:00,"Collision with vehicle","Tuesday","Day",2,2,"Not at intersection",3,50,"A",2016,"WAGON","MERC B","Station Wagon","M",38,"30-39","Drivers"
"T20190015748","20/8/19",11:50:00,"Collision with vehicle","Tuesday","Day",2,2,"Not at intersection",3,50,"B",2014,"WAGON","NISSAN","Station Wagon","F",51,"50-59","Drivers"
"T20190015751","19/8/19",10:13:00,"Collision with vehicle","Monday","Day",2,2,"T intersection",3,80,"A",2016,"DC UTE","FORD","Utility","M",31,"30-39","Drivers"
"T20190015751","19/8/19",10:13:00,"Collision with vehicle","Monday","Day",2,2,"T intersection",3,80,"B",1999,"SEDAN","HONDA","Car","M",74,"70+","Drivers"
"T20190015759","24/7/19",06:35:00,"Collision with vehicle","Wednesday","Dusk/Dawn",2,4,"Not at intersection",3,60,"A",2006,"SEDAN","TOYOTA","Car","M",26,"26-29","Drivers"
"T20190015759","24/7/19",06:35:00,"Collision with vehicle","Wednesday","Dusk/Dawn",2,4,"Not at intersection",3,60,"B",2009,"SEDAN","HONDA","Car","M",50,"50-59","Drivers"
"T20190015761","20/8/19",17:40:00,"Collision with vehicle","Tuesday","Dusk/Dawn",2,2,"Unknown",3,60,"A",2006,"SEDAN","AUDI","Car","F",89,"70+","Drivers"
"T20190015761","20/8/19",17:40:00,"Collision with vehicle","Tuesday","Dusk/Dawn",2,2,"Unknown",3,60,"B",2010,"S WAG","FORD","Station Wagon","M",51,"50-59","Drivers"
"T20190015763","20/8/19",17:15:00,"Collision with vehicle","Tuesday","Day",3,4,"Not at intersection",3,100,"A",2011,"VAN","MITSUB","Panel Van","M",48,"40-49","Drivers"
"T20190015763","20/8/19",17:15:00,"Collision with vehicle","Tuesday","Day",3,4,"Not at intersection",3,100,"B",2013,"WAGON","KIA","Station Wagon","F",45,"40-49","Drivers"
"T20190015763","20/8/19",17:15:00,"Collision with vehicle","Tuesday","Day",3,4,"Not at intersection",3,100,"C",2000,"BUS","M A N","Bus/Coach","M",61,"60-64","Drivers"
"T20190015764","24/4/19",21:30:00,"Vehicle overturned (no collision)","Wednesday","Dark No street lights",1,1,"Not at intersection",3,50,"A",2011,"DC UTE","NISSAN","Utility","M",19,"17-21","Drivers"
"T20190015767","20/8/19",18:29:00,"Collision with vehicle","Tuesday","Dark Street lights on",2,2,"T intersection",3,50,"B",2009,"WAGON","HYNDAI","Station Wagon","F",45,"40-49","Drivers"
"T20190015768","20/8/19",17:08:00,"Collision with vehicle","Tuesday","Day",2,2,"Cross intersection",3,50,"A",2008,"COUPE","HOLDEN","Car","F",53,"50-59","Drivers"
"T20190015768","20/8/19",17:08:00,"Collision with vehicle","Tuesday","Day",2,2,"Cross intersection",3,50,"B",2015,"SEDAN","MAZDA","Car","F",50,"50-59","Drivers"
"T20190015770","20/8/19",16:45:00,"Collision with vehicle","Tuesday","Day",2,2,"T intersection",3,50,"A",2017,"WAGON","TOYOTA","Station Wagon","M",30,"30-39","Drivers"
"T20190015770","20/8/19",16:45:00,"Collision with vehicle","Tuesday","Day",2,2,"T intersection",3,50,"B",2006,"SEDAN","TOYOTA","Car","F",64,"60-64","Drivers"
"T20190015771","20/8/19",13:10:00,"Collision with vehicle","Tuesday","Day",2,2,"Cross intersection",3,40,"A",2009,"SEDAN","MAZDA","Car","M",35,"30-39","Drivers"
"T20190015772","20/8/19",20:16:00,"No collision and no object struck","Tuesday","Dark Street lights on",1,1,"Not at intersection",3,70,"A",0,NA,"YAMAHA","Other Vehicle","M",29,"26-29","Drivers"
"T20190015776","20/8/19",18:00:00,"Struck Pedestrian","Tuesday","Dark Street lights on",1,2,"Cross intersection",3,50,"A",2001,"SEDAN","TOYOTA","Car","M",68,"64-69","Drivers"
"T20190015779","20/8/19",18:45:00,"Struck Pedestrian","Tuesday","Dark Street lights unknown",1,2,"Cross intersection",3,60,"A",2016,"VAN","REN","Panel Van","F",70,"70+","Drivers"
"T20190015781","20/8/19",18:23:00,"Collision with vehicle","Tuesday","Dark Street lights on",2,2,"Cross intersection",3,60,"A",2016,"SEDAN","VOLKS","Car","F",25,"22-25","Drivers"
"T20190015784","20/8/19",20:00:00,"Collision with vehicle","Tuesday","Dark Street lights on",2,2,"Not at intersection",3,60,"A",1997,"WAGON","TOYOTA","Station Wagon","M",69,"64-69","Drivers"
"T20190015784","20/8/19",20:00:00,"Collision with vehicle","Tuesday","Dark Street lights on",2,2,"Not at intersection",3,60,"B",1994,"TRAY","ISUZU","Light Commercial Vehicle (Rigid) <= 4.5 Tonnes GVM","M",78,"70+","Drivers"
"T20190015786","20/8/19",22:19:00,"Collision with vehicle","Tuesday","Dark Street lights on",2,2,"Cross intersection",3,999,"A",2012,"SEDAN","HOLDEN","Car","F",26,"26-29","Drivers"
"T20190015786","20/8/19",22:19:00,"Collision with vehicle","Tuesday","Dark Street lights on",2,2,"Cross intersection",3,999,"B",2014,"SEDAN","HYNDAI","Car","F",22,"22-25","Drivers"
"T20190015788","20/8/19",22:00:00,"Collision with vehicle","Tuesday","Dark No street lights",2,2,"Not at intersection",3,110,"A",1999,"TRAY","NISSAN","Light Commercial Vehicle (Rigid) <= 4.5 Tonnes GVM","M",34,"30-39","Drivers"
"T20190015788","20/8/19",22:00:00,"Collision with vehicle","Tuesday","Dark No street lights",2,2,"Not at intersection",3,110,"B",2007,"SEDAN","VOLVO","Car","F",65,"64-69","Drivers"
"T20190015794","20/8/19",23:24:00,"Collision with a fixed object","Tuesday","Dark Street lights on",1,2,"Not at intersection",3,60,"A",2014,"SEDAN","FORD","Car","M",17,"16-17","Drivers"
"T20190015799","24/6/19",13:42:00,"Collision with vehicle","Monday","Day",3,3,"Not at intersection",3,80,"A",2006,"SED","FORD","Car","M",28,"26-29","Drivers"
"T20190015799","24/6/19",13:42:00,"Collision with vehicle","Monday","Day",3,3,"Not at intersection",3,80,"B",2019,"WAGON","MAZDA","Station Wagon","M",36,"30-39","Drivers"
"T20190015799","24/6/19",13:42:00,"Collision with vehicle","Monday","Day",3,3,"Not at intersection",3,80,"C",2016,"VAN","FUSO","Heavy Vehicle (Rigid) > 4.5 Tonnes","M",36,"30-39","Drivers"
"T20190015800","6/8/19",21:10:00,"Collision with vehicle","Tuesday","Dark Street lights on",4,4,"Not at intersection",3,999,"A",2013,"WAGON","KIA","Station Wagon","M",43,"40-49","Drivers"
"T20190015800","6/8/19",21:10:00,"Collision with vehicle","Tuesday","Dark Street lights on",4,4,"Not at intersection",3,999,"B",2016,"SEDAN","SUBARU","Car","F",43,"40-49","Drivers"
"T20190015800","6/8/19",21:10:00,"Collision with vehicle","Tuesday","Dark Street lights on",4,4,"Not at intersection",3,999,"C",2015,"WAGON","HONDA","Station Wagon","M",39,"30-39","Drivers"
"T20190015800","6/8/19",21:10:00,"Collision with vehicle","Tuesday","Dark Street lights on",4,4,"Not at intersection",3,999,"D",2017,"SEDAN","MAZDA","Car","F",39,"30-39","Drivers"
"T20190015802","21/8/19",06:10:00,"Collision with vehicle","Wednesday","Dusk/Dawn",2,2,"Cross intersection",3,80,"A",2011,"WAGON","HOLDEN","Station Wagon","F",26,"26-29","Drivers"
"T20190015802","21/8/19",06:10:00,"Collision with vehicle","Wednesday","Dusk/Dawn",2,2,"Cross intersection",3,80,"B",2006,"SEDAN","HOLDEN","Car","M",28,"26-29","Drivers"
"T20190015806","4/8/19",23:45:00,"Vehicle overturned (no collision)","Sunday","Dark No street lights",1,2,"Not at intersection",3,999,"A",2006,"SEDAN","FORD","Car","F",18,"17-21","Drivers"
"T20190015807","21/8/19",07:55:00,"Struck Pedestrian","Wednesday","Day",1,2,"Cross intersection",2,50,"A",2010,"TIPPER","W STAR","Heavy Vehicle (Rigid) > 4.5 Tonnes","M",55,"50-59","Drivers"
"T20190015808","18/8/19",08:20:00,"Collision with vehicle","Sunday","Day",2,2,"Cross intersection",3,60,"A",1998,"SEDAN","FORD","Car","M",72,"70+","Drivers"
"T20190015808","18/8/19",08:20:00,"Collision with vehicle","Sunday","Day",2,2,"Cross intersection",3,60,"B",2009,"SEDAN","MAZDA","Car","M",19,"17-21","Drivers"
"T20190015810","16/8/19",15:50:00,"Collision with vehicle","Friday","Day",2,3,"Cross intersection",3,60,"A",2011,"SED","MAZDA","Car","F",24,"22-25","Drivers"