"ACCIDENT_NO","ACCIDENTDATE","ACCIDENTTIME","Accident Type Desc","Day Week Description","Light Condition Desc","NO_OF_VEHICLES","NO_PERSONS","Road Geometry Desc","SEVERITY","SPEED_ZONE","VEHICLE_ID","VEHICLE_YEAR_MANUF","VEHICLE_BODY_STYLE","VEHICLE_MAKE","Vehicle Type Desc","SEX","AGE","Age Group","Road User Type Desc"
"T20190015810","16/8/19",15:50:00,"Collision with vehicle","Friday","Day",2,3,"Cross intersection",3,60,"B",2003,"SEDAN","TOYOTA","Car","M",20,"17-21","Drivers"
"T20190015811","21/8/19",09:04:00,"Collision with vehicle","Wednesday","Day",2,3,"Not at intersection",3,100,"A",1998,"SEDAN","SUBARU","Car","F",22,"22-25","Drivers"
"T20190015811","21/8/19",09:04:00,"Collision with vehicle","Wednesday","Day",2,3,"Not at intersection",3,100,"B",2018,"WAGON","TOYOTA","Station Wagon","F",41,"40-49","Drivers"
"T20190015813","13/8/19",18:50:00,"Collision with vehicle","Tuesday","Dark Street lights on",2,2,"Cross intersection",3,80,"A",2003,"SEDAN","SUBARU","Car","M",46,"40-49","Drivers"
"T20190015813","13/8/19",18:50:00,"Collision with vehicle","Tuesday","Dark Street lights on",2,2,"Cross intersection",3,80,"B",2004,"SEDAN","FORD","Car","F",31,"30-39","Drivers"
"T20190015816","21/8/19",10:40:00,"Collision with vehicle","Wednesday","Day",2,2,"T intersection",3,80,"A",2010,"SEDAN","VOLKS","Car","F",29,"26-29","Drivers"
"T20190015817","31/7/19",18:20:00,"Collision with vehicle","Wednesday","Dark Street lights on",2,2,"Cross intersection",3,80,"A",2018,"DC UTE","VOLKS","Utility","M",41,"40-49","Drivers"
"T20190015817","31/7/19",18:20:00,"Collision with vehicle","Wednesday","Dark Street lights on",2,2,"Cross intersection",3,80,"B",2008,"S WAG","TOYOTA","Station Wagon","M",43,"40-49","Drivers"
"T20190015818","15/8/19",17:00:00,"Collision with vehicle","Thursday","Day",2,3,"Cross intersection",3,999,"A",2004,"SEDAN","PEUG","Car","F",28,"26-29","Drivers"
"T20190015818","15/8/19",17:00:00,"Collision with vehicle","Thursday","Day",2,3,"Cross intersection",3,999,"B",2012,"WAGON","TOYOTA","Station Wagon","M",45,"40-49","Drivers"
"T20190015821","21/8/19",09:41:00,"Struck Pedestrian","Wednesday","Day",1,3,"Cross intersection",2,999,"A",2018,"SEDAN","TOYOTA","Car","F",69,"64-69","Drivers"
"T20190015827","21/8/19",11:40:00,"Struck Pedestrian","Wednesday","Day",1,3,"Cross intersection",3,40,"A",2015,"G UNIT","HINO","Heavy Vehicle (Rigid) > 4.5 Tonnes","M",27,"26-29","Drivers"
"T20190015828","9/8/19",15:30:00,"Collision with vehicle","Friday","Day",2,2,"Not at intersection",3,60,"A",2011,"SEDAN","TOYOTA","Car","F",62,"60-64","Drivers"
"T20190015828","9/8/19",15:30:00,"Collision with vehicle","Friday","Day",2,2,"Not at intersection",3,60,"B",2013,"SED","SUZUKI","Car","F",24,"22-25","Drivers"
"T20190015832","21/8/19",11:05:00,"Struck Pedestrian","Wednesday","Day",1,2,"Not at intersection",3,40,"A",2017,"WAGON","SUZUKI","Car","F",42,"40-49","Drivers"
"T20190015833","21/8/19",12:30:00,"Collision with vehicle","Wednesday","Day",2,2,"Cross intersection",3,80,"A",2015,"SEDAN","NISSAN","Car","F",60,"60-64","Drivers"
"T20190015833","21/8/19",12:30:00,"Collision with vehicle","Wednesday","Day",2,2,"Cross intersection",3,80,"B",2017,"WAGON","TOYOTA","Station Wagon","F",48,"40-49","Drivers"
"T20190015834","20/8/19",18:29:00,"Collision with vehicle","Tuesday","Dark Street lights on",4,8,"T intersection",3,70,"A",2003,"SEDAN","HOLDEN","Car","M",27,"26-29","Drivers"
"T20190015834","20/8/19",18:29:00,"Collision with vehicle","Tuesday","Dark Street lights on",4,8,"T intersection",3,70,"B",2008,"SEDAN","SUZUKI","Car","M",24,"22-25","Drivers"
"T20190015834","20/8/19",18:29:00,"Collision with vehicle","Tuesday","Dark Street lights on",4,8,"T intersection",3,70,"C",2011,"SEDAN","MAZDA","Car","M",39,"30-39","Drivers"
"T20190015834","20/8/19",18:29:00,"Collision with vehicle","Tuesday","Dark Street lights on",4,8,"T intersection",3,70,"D",2013,"SEDAN","TOYOTA","Car","F",42,"40-49","Drivers"
"T20190015835","21/8/19",13:50:00,"Collision with vehicle","Wednesday","Day",3,1,"Not at intersection",3,60,"A",2016,"SEDAN","HONDA","Car","M",42,"40-49","Drivers"
"T20190015836","21/8/19",12:05:00,"Collision with vehicle","Wednesday","Day",2,2,"T intersection",3,60,"A",2017,"SEDAN","VOLKS","Car","F",40,"40-49","Drivers"
"T20190015836","21/8/19",12:05:00,"Collision with vehicle","Wednesday","Day",2,2,"T intersection",3,60,"B",2010,"SEDAN","TOYOTA","Car","F",44,"40-49","Drivers"
"T20190015837","21/8/19",13:29:00,"Collision with vehicle","Wednesday","Day",4,1,"Not at intersection",3,50,"A",2012,"SEDAN","PORSCH","Car","M",22,"22-25","Drivers"
"T20190015838","21/8/19",06:30:00,"Struck animal","Wednesday","Dusk/Dawn",1,1,"Not at intersection",3,80,"A",2007,"SEDAN","FORD","Car","M",58,"50-59","Drivers"
"T20190015839","21/8/19",10:30:00,"Collision with vehicle","Wednesday","Day",2,3,"T intersection",3,60,"A",2006,"WAGON","TOYOTA","Station Wagon","F",74,"70+","Drivers"
"T20190015839","21/8/19",10:30:00,"Collision with vehicle","Wednesday","Day",2,3,"T intersection",3,60,"B",2007,"S WAG","FORD","Station Wagon","M",46,"40-49","Drivers"
"T20190015841","21/8/19",15:20:00,"Struck Pedestrian","Wednesday","Day",1,3,"Not at intersection",3,50,"A",2004,"WAGON","FORD","Station Wagon","F",26,"26-29","Drivers"
"T20190015842","21/8/19",14:49:00,"Collision with vehicle","Wednesday","Day",2,3,"Cross intersection",3,80,"A",2006,"SEDAN","VOLKS","Car","F",42,"40-49","Drivers"
"T20190015842","21/8/19",14:49:00,"Collision with vehicle","Wednesday","Day",2,3,"Cross intersection",3,80,"B",2006,"SEDAN","SUBARU","Car","M",18,"17-21","Drivers"
"T20190015846","20/8/19",10:05:00,"Collision with vehicle","Tuesday","Day",2,2,"Cross intersection",3,40,"A",2001,"SEDAN","MAZDA","Car","M",47,"40-49","Drivers"
"T20190015846","20/8/19",10:05:00,"Collision with vehicle","Tuesday","Day",2,2,"Cross intersection",3,40,"B",2018,"SEDAN","KIA","Car","M",29,"26-29","Drivers"
"T20190015848","21/8/19",16:00:00,"Struck Pedestrian","Wednesday","Day",1,2,"Not at intersection",3,60,"A",2018,"T SDS","MITSUB","Light Commercial Vehicle (Rigid) <= 4.5 Tonnes GVM","M",53,"50-59","Drivers"
"T20190015850","16/8/19",11:45:00,"Collision with vehicle","Friday","Day",2,2,"T intersection",3,70,"A",2012,"SEDAN","FORD","Car","M",20,"17-21","Drivers"
"T20190015850","16/8/19",11:45:00,"Collision with vehicle","Friday","Day",2,2,"T intersection",3,70,"B",2014,"SEDAN","HYNDAI","Car","F",40,"40-49","Drivers"
"T20190015851","19/2/19",18:30:00,"Collision with vehicle","Tuesday","Day",7,8,"Cross intersection",3,80,"A",2002,"SEDAN","HOLDEN","Car","M",54,"50-59","Drivers"
"T20190015851","19/2/19",18:30:00,"Collision with vehicle","Tuesday","Day",7,8,"Cross intersection",3,80,"B",2010,"SEDAN","VOLKS","Car","M",24,"22-25","Drivers"
"T20190015851","19/2/19",18:30:00,"Collision with vehicle","Tuesday","Day",7,8,"Cross intersection",3,80,"C",2005,"SEDAN","SUBARU","Car","F",23,"22-25","Drivers"
"T20190015851","19/2/19",18:30:00,"Collision with vehicle","Tuesday","Day",7,8,"Cross intersection",3,80,"D",2008,"SEDAN","MAZDA","Car","F",28,"26-29","Drivers"
"T20190015851","19/2/19",18:30:00,"Collision with vehicle","Tuesday","Day",7,8,"Cross intersection",3,80,"E",2003,"SEDAN","MAZDA","Car","F",29,"26-29","Drivers"
"T20190015851","19/2/19",18:30:00,"Collision with vehicle","Tuesday","Day",7,8,"Cross intersection",3,80,"F",2014,"SED","TOYOTA","Taxi","M",59,"50-59","Drivers"
"T20190015851","19/2/19",18:30:00,"Collision with vehicle","Tuesday","Day",7,8,"Cross intersection",3,80,"G",2001,"WAGON","CHRYS","Station Wagon","F",33,"30-39","Drivers"
"T20190015852","21/8/19",15:00:00,"Collision with vehicle","Wednesday","Day",2,3,"T intersection",2,60,"A",2016,"BUS","TOYOTA","Taxi","M",51,"50-59","Drivers"
"T20190015852","21/8/19",15:00:00,"Collision with vehicle","Wednesday","Day",2,3,"T intersection",2,60,"B",1999,"SEDAN","NISSAN","Car","M",87,"70+","Drivers"
"T20190015855","21/8/19",17:50:00,"Collision with vehicle","Wednesday","Dusk/Dawn",2,2,"Cross intersection",3,50,"A",1998,"SEDAN","TOYOTA","Car","M",29,"26-29","Drivers"
"T20190015857","19/8/19",19:00:00,"Collision with vehicle","Monday","Dark Street lights on",2,2,"Cross intersection",3,60,"A",2014,"SEDAN","TOYOTA","Car","F",62,"60-64","Drivers"
"T20190015857","19/8/19",19:00:00,"Collision with vehicle","Monday","Dark Street lights on",2,2,"Cross intersection",3,60,"B",2006,"WAGON","HOLDEN","Station Wagon","M",27,"26-29","Drivers"
"T20190015858","21/8/19",15:45:00,"Collision with vehicle","Wednesday","Day",2,2,"Not at intersection",3,80,"A",2006,"SEDAN","HOLDEN","Car","M",35,"30-39","Drivers"
"T20190015858","21/8/19",15:45:00,"Collision with vehicle","Wednesday","Day",2,2,"Not at intersection",3,80,"B",2016,"SEDAN","NISSAN","Car","F",58,"50-59","Drivers"
"T20190015859","22/3/19",16:30:00,"Struck Pedestrian","Friday","Day",2,2,"Not at intersection",3,999,"B",2004,"SED","HOLDEN","Car","M",48,"40-49","Drivers"
"T20190015860","21/8/19",17:40:00,"Collision with vehicle","Wednesday","Dusk/Dawn",2,3,"Not at intersection",3,60,"A",2008,"SEDAN","TOYOTA","Car","F",42,"40-49","Drivers"
"T20190015860","21/8/19",17:40:00,"Collision with vehicle","Wednesday","Dusk/Dawn",2,3,"Not at intersection",3,60,"B",2009,"COUPE","B M W","Car","F",48,"40-49","Drivers"
"T20190015861","21/8/19",15:33:00,"Collision with a fixed object","Wednesday","Day",1,1,"Not at intersection",3,60,"A",1999,"SEDAN","NISSAN","Car","M",20,"17-21","Drivers"
"T20190015868","15/8/19",19:00:00,"Collision with vehicle","Thursday","Dark Street lights on",2,2,"T intersection",3,50,"A",2004,"SEDAN","FORD","Car","F",49,"40-49","Drivers"
"T20190015868","15/8/19",19:00:00,"Collision with vehicle","Thursday","Dark Street lights on",2,2,"T intersection",3,50,"B",2007,"SEDAN","NISSAN","Car","M",42,"40-49","Drivers"
"T20190015869","21/8/19",18:25:00,"Collision with vehicle","Wednesday","Dark Street lights on",2,2,"T intersection",3,70,"A",2010,"SEDAN","VOLKS","Car","M",21,"17-21","Drivers"
"T20190015869","21/8/19",18:25:00,"Collision with vehicle","Wednesday","Dark Street lights on",2,2,"T intersection",3,70,"B",2010,"SEDAN","HONDA","Car","M",23,"22-25","Drivers"
"T20190015870","20/8/19",17:00:00,"Collision with vehicle","Tuesday","Dark Street lights off",2,2,"Cross intersection",3,60,"A",2010,"UTIL","PROTON","Utility","M",55,"50-59","Drivers"
"T20190015870","20/8/19",17:00:00,"Collision with vehicle","Tuesday","Dark Street lights off",2,2,"Cross intersection",3,60,"B",2017,"WAGON","HAVAL","Station Wagon","M",48,"40-49","Drivers"
"T20190015877","21/8/19",15:20:00,"Collision with vehicle","Wednesday","Day",3,3,"T intersection",3,40,"A",2011,"WAGON","TOYOTA","Station Wagon","F",48,"40-49","Drivers"
"T20190015877","21/8/19",15:20:00,"Collision with vehicle","Wednesday","Day",3,3,"T intersection",3,40,"C",2014,"SEDAN","TOYOTA","Car","F",53,"50-59","Drivers"
"T20190015878","21/8/19",20:33:00,"Collision with vehicle","Wednesday","Dark Street lights on",5,5,"Cross intersection",3,60,"A",2000,"SEDAN","MAZDA","Car","F",26,"26-29","Drivers"
"T20190015878","21/8/19",20:33:00,"Collision with vehicle","Wednesday","Dark Street lights on",5,5,"Cross intersection",3,60,"B",2016,"SEDAN","VOLKS","Car","M",50,"50-59","Drivers"
"T20190015878","21/8/19",20:33:00,"Collision with vehicle","Wednesday","Dark Street lights on",5,5,"Cross intersection",3,60,"C",2017,"SEDAN","HYNDAI","Car","F",22,"22-25","Drivers"
"T20190015878","21/8/19",20:33:00,"Collision with vehicle","Wednesday","Dark Street lights on",5,5,"Cross intersection",3,60,"D",2014,"SEDAN","HYNDAI","Car","F",24,"22-25","Drivers"
"T20190015878","21/8/19",20:33:00,"Collision with vehicle","Wednesday","Dark Street lights on",5,5,"Cross intersection",3,60,"E",2014,"SEDAN","MERC B","Car","M",74,"70+","Drivers"
"T20190015879","21/8/19",23:20:00,"Collision with vehicle","Wednesday","Dark No street lights",2,2,"Not at intersection",3,60,"A",2003,"TRAY","TOYOTA","Utility","M",65,"64-69","Drivers"
"T20190015879","21/8/19",23:20:00,"Collision with vehicle","Wednesday","Dark No street lights",2,2,"Not at intersection",3,60,"B",2000,"UTIL","FORD","Utility","M",49,"40-49","Drivers"
"T20190015881","21/8/19",06:19:00,"Collision with vehicle","Wednesday","Dark Street lights on",2,2,"Cross intersection",3,60,"A",2012,"WAGON","MAZDA","Car","M",51,"50-59","Drivers"
"T20190015881","21/8/19",06:19:00,"Collision with vehicle","Wednesday","Dark Street lights on",2,2,"Cross intersection",3,60,"B",2007,"SEDAN","HONDA","Car","M",33,"30-39","Drivers"
"T20190015882","20/8/19",08:50:00,"Collision with vehicle","Tuesday","Day",2,2,"Not at intersection",3,80,"A",2017,"SEDAN","MAZDA","Car","F",48,"40-49","Drivers"
"T20190015882","20/8/19",08:50:00,"Collision with vehicle","Tuesday","Day",2,2,"Not at intersection",3,80,"B",2017,"WAGON","MAZDA","Station Wagon","F",21,"17-21","Drivers"
"T20190015883","24/5/19",16:55:00,"Collision with vehicle","Friday","Day",4,5,"Not at intersection",3,110,"A",2011,"SEDAN","VOLKS","Car","M",42,"40-49","Drivers"
"T20190015883","24/5/19",16:55:00,"Collision with vehicle","Friday","Day",4,5,"Not at intersection",3,110,"B",2019,"SEDAN","HYNDAI","Car","F",38,"30-39","Drivers"
"T20190015883","24/5/19",16:55:00,"Collision with vehicle","Friday","Day",4,5,"Not at intersection",3,110,"C",2018,"SEDAN","MAZDA","Car","F",21,"17-21","Drivers"
"T20190015883","24/5/19",16:55:00,"Collision with vehicle","Friday","Day",4,5,"Not at intersection",3,110,"D",2006,"VAN","FORD","Panel Van","M",50,"50-59","Drivers"
"T20190015886","19/8/19",08:38:00,"Collision with vehicle","Monday","Day",2,4,"T intersection",3,60,"A",2004,"SEDAN","HOLDEN","Car","M",41,"40-49","Drivers"
"T20190015886","19/8/19",08:38:00,"Collision with vehicle","Monday","Day",2,4,"T intersection",3,60,"B",2003,"S WAG","HOLDEN","Station Wagon","F",29,"26-29","Drivers"
"T20190015891","5/8/19",16:14:00,"Vehicle overturned (no collision)","Monday","Day",2,2,"Not at intersection",3,999,"A",0,"SEDAN","UNKN","Car","U",NA,"unknown","Drivers"
"T20190015892","22/8/19",08:45:00,"Struck Pedestrian","Thursday","Day",1,2,"Cross intersection",3,60,"A",2008,"WAGON","SUBARU","Station Wagon","F",50,"50-59","Drivers"
"T20190015894","14/8/19",05:40:00,"Collision with vehicle","Wednesday","Unknown",2,2,"Not at intersection",3,999,"A",2006,"SEDAN","UNKN","Car","M",69,"64-69","Drivers"
"T20190015894","14/8/19",05:40:00,"Collision with vehicle","Wednesday","Unknown",2,2,"Not at intersection",3,999,"B",2005,"SEDAN","FORD","Car","M",36,"30-39","Drivers"
"T20190015895","21/8/19",11:55:00,"Collision with vehicle","Wednesday","Day",2,4,"Cross intersection",3,60,"A",2016,"UTIL","FORD","Utility","F",32,"30-39","Drivers"
"T20190015895","21/8/19",11:55:00,"Collision with vehicle","Wednesday","Day",2,4,"Cross intersection",3,60,"B",2013,"VAN","VOLKS","Panel Van","F",55,"50-59","Drivers"
"T20190015896","22/8/19",06:50:00,"Collision with vehicle","Thursday","Day",2,2,"T intersection",3,80,"A",2009,"WAGON","DODGE","Station Wagon","M",30,"30-39","Drivers"
"T20190015896","22/8/19",06:50:00,"Collision with vehicle","Thursday","Day",2,2,"T intersection",3,80,"B",2014,"G UNIT","VOLVO","Heavy Vehicle (Rigid) > 4.5 Tonnes","M",63,"60-64","Drivers"
"T20190015899","22/8/19",10:49:00,"Collision with a fixed object","Thursday","Day",1,1,"Cross intersection",3,80,"A",2013,"WAGON","MAZDA","Station Wagon","M",31,"30-39","Drivers"
"T20190015901","1/8/19",22:20:00,"Collision with vehicle","Thursday","Dark Street lights on",2,2,"Cross intersection",3,60,"A",2008,"WAGON","VOLVO","Station Wagon","M",48,"40-49","Drivers"
"T20190015901","1/8/19",22:20:00,"Collision with vehicle","Thursday","Dark Street lights on",2,2,"Cross intersection",3,60,"B",2005,"SEDAN","HOLDEN","Car","M",18,"17-21","Drivers"
"T20190015905","22/8/19",11:15:00,"Struck Pedestrian","Thursday","Day",1,2,"Not at intersection",3,60,"A",2012,"SEDAN","SUBARU","Car","F",87,"70+","Drivers"
"T20190015907","22/8/19",08:10:00,"Collision with vehicle","Thursday","Day",2,2,"Not at intersection",3,50,"A",2012,"SEDAN","HYNDAI","Car","F",45,"40-49","Drivers"
"T20190015907","22/8/19",08:10:00,"Collision with vehicle","Thursday","Day",2,2,"Not at intersection",3,50,"B",2016,"UTIL","MITSUB","Utility","M",24,"22-25","Drivers"
"T20190015909","22/8/19",11:38:00,"Collision with vehicle","Thursday","Day",2,2,"T intersection",3,60,"A",0,"SEDAN","FORD","Car","M",NA,"unknown","Drivers"
"T20190015909","22/8/19",11:38:00,"Collision with vehicle","Thursday","Day",2,2,"T intersection",3,60,"B",2006,"SEDAN","TOYOTA","Car","F",49,"40-49","Drivers"
"T20190015910","22/8/19",06:55:00,"Struck Pedestrian","Thursday","Day",1,2,"Cross intersection",3,60,"A",2017,"WAGON","NISSAN","Car","F",20,"17-21","Drivers"
"T20190015914","21/8/19",16:30:00,"Collision with vehicle","Wednesday","Day",2,2,"Cross intersection",3,999,"A",2013,"COUPE","VOLKS","Car","F",48,"40-49","Drivers"
"T20190015914","21/8/19",16:30:00,"Collision with vehicle","Wednesday","Day",2,2,"Cross intersection",3,999,"B",1995,"SED","TOYOTA","Car","M",39,"30-39","Drivers"
"T20190015919","17/8/19",16:25:00,"collision with some other object","Saturday","Day",1,1,"Not at intersection",3,110,"A",2018,"SEDAN","HYNDAI","Car","F",31,"30-39","Drivers"
"T20190015921","22/8/19",14:00:00,"Collision with vehicle","Thursday","Day",2,2,"T intersection",3,60,"A",2016,"SEDAN","FORD","Car","M",62,"60-64","Drivers"
"T20190015921","22/8/19",14:00:00,"Collision with vehicle","Thursday","Day",2,2,"T intersection",3,60,"B",2017,"DC UTE","MITSUB","Utility","M",34,"30-39","Drivers"
"T20190015922","22/8/19",13:31:00,"Collision with a fixed object","Thursday","Day",1,1,"Not at intersection",3,100,"A",2001,"WAGON","NISSAN","Station Wagon","M",30,"30-39","Drivers"
"T20190015925","22/8/19",07:40:00,"Collision with vehicle","Thursday","Day",2,2,"T intersection",3,999,"A",2008,"SEDAN","FORD","Car","M",58,"50-59","Drivers"
"T20190015925","22/8/19",07:40:00,"Collision with vehicle","Thursday","Day",2,2,"T intersection",3,999,"B",2005,"SEDAN","NISSAN","Car","F",39,"30-39","Drivers"
"T20190015926","7/8/19",21:30:00,"Collision with vehicle","Wednesday","Dark Street lights on",2,2,"Not at intersection",3,40,"A",2013,"WAGON","TOYOTA","Car","M",39,"30-39","Drivers"
"T20190015928","22/8/19",10:15:00,"Collision with vehicle","Thursday","Day",2,2,"Cross intersection",3,70,"A",2015,"SEDAN","MAZDA","Car","F",51,"50-59","Drivers"
"T20190015928","22/8/19",10:15:00,"Collision with vehicle","Thursday","Day",2,2,"Cross intersection",3,70,"B",2013,"SEDAN","FORD","Car","F",49,"40-49","Drivers"
"T20190015933","22/8/19",15:20:00,"Collision with vehicle","Thursday","Day",2,2,"Not at intersection",3,50,"B",2012,"SEDAN","MERC B","Car","M",27,"26-29","Drivers"
"T20190015936","17/7/19",20:40:00,"Collision with vehicle","Wednesday","Dark Street lights on",2,2,"Y intersection",3,60,"A",2000,"DC UTE","HOLDEN","Utility","M",33,"30-39","Drivers"
"T20190015936","17/7/19",20:40:00,"Collision with vehicle","Wednesday","Dark Street lights on",2,2,"Y intersection",3,60,"B",2016,"WAGON","HOLDEN","Station Wagon","F",28,"26-29","Drivers"
"T20190015937","22/8/19",16:25:00,"Collision with vehicle","Thursday","Day",2,3,"Cross intersection",3,80,"A",2005,"SEDAN","TOYOTA","Car","M",60,"60-64","Drivers"
"T20190015937","22/8/19",16:25:00,"Collision with vehicle","Thursday","Day",2,3,"Cross intersection",3,80,"B",2015,"WAGON","VOLKS","Station Wagon","F",31,"30-39","Drivers"
"T20190015938","22/8/19",15:54:00,"Collision with vehicle","Thursday","Day",2,2,"T intersection",3,80,"A",2006,"SEDAN","HYNDAI","Car","F",35,"30-39","Drivers"
"T20190015938","22/8/19",15:54:00,"Collision with vehicle","Thursday","Day",2,2,"T intersection",3,80,"B",2009,"SEDAN","NISSAN","Car","F",56,"50-59","Drivers"
"T20190015939","22/8/19",15:10:00,"Collision with vehicle","Thursday","Day",2,2,"Cross intersection",3,50,"A",2003,"SEDAN","DAIHAT","Car","F",25,"22-25","Drivers"
"T20190015939","22/8/19",15:10:00,"Collision with vehicle","Thursday","Day",2,2,"Cross intersection",3,50,"B",2003,"SEDAN","FORD","Car","M",78,"70+","Drivers"
"T20190015940","22/8/19",14:55:00,"Struck Pedestrian","Thursday","Day",1,2,"Not at intersection",3,60,"A",2018,"WAGON","B M W","Station Wagon","F",54,"50-59","Drivers"
"T20190015942","22/8/19",15:59:00,"Collision with vehicle","Thursday","Day",4,4,"Not at intersection",3,80,"A",2013,"VAN","REN","Panel Van","M",39,"30-39","Drivers"
"T20190015942","22/8/19",15:59:00,"Collision with vehicle","Thursday","Day",4,4,"Not at intersection",3,80,"B",2014,"UTIL","TATA","Utility","M",21,"17-21","Drivers"
"T20190015942","22/8/19",15:59:00,"Collision with vehicle","Thursday","Day",4,4,"Not at intersection",3,80,"C",2015,"DC UTE","HOLDEN","Utility","M",61,"60-64","Drivers"
"T20190015942","22/8/19",15:59:00,"Collision with vehicle","Thursday","Day",4,4,"Not at intersection",3,80,"D",2019,"VAN","HYNDAI","Panel Van","M",43,"40-49","Drivers"
"T20190015943","22/8/19",14:10:00,"Collision with vehicle","Thursday","Day",2,2,"Not at intersection",3,80,"A",2016,"WAGON","MAZDA","Station Wagon","F",20,"17-21","Drivers"
"T20190015943","22/8/19",14:10:00,"Collision with vehicle","Thursday","Day",2,2,"Not at intersection",3,80,"B",2012,"SED","FORD","Taxi","M",32,"30-39","Drivers"
"T20190015944","22/8/19",17:15:00,"Collision with vehicle","Thursday","Dusk/Dawn",2,3,"Cross intersection",3,50,"A",2011,"SEDAN","TOYOTA","Car","M",34,"30-39","Drivers"
"T20190015944","22/8/19",17:15:00,"Collision with vehicle","Thursday","Dusk/Dawn",2,3,"Cross intersection",3,50,"B",2010,"SEDAN","HOLDEN","Car","M",19,"17-21","Drivers"
"T20190015948","21/8/19",20:30:00,"Struck Pedestrian","Wednesday","Dark Street lights on",1,2,"Not at intersection",3,80,"A",2010,"SEDAN","MAZDA","Car","M",19,"17-21","Drivers"
"T20190015949","22/8/19",16:00:00,"Collision with vehicle","Thursday","Day",2,2,"T intersection",3,60,"A",2015,"WAGON","KIA","Car","F",44,"40-49","Drivers"
"T20190015949","22/8/19",16:00:00,"Collision with vehicle","Thursday","Day",2,2,"T intersection",3,60,"B",1968,"SEDAN","MORRIS","Car","F",92,"70+","Drivers"
"T20190015952","22/8/19",19:58:00,"Collision with vehicle","Thursday","Dark Street lights on",2,2,"Cross intersection",3,80,"A",2001,"SED","TOYOTA","Car","M",29,"26-29","Drivers"
"T20190015952","22/8/19",19:58:00,"Collision with vehicle","Thursday","Dark Street lights on",2,2,"Cross intersection",3,80,"B",2009,"SEDAN","KIA","Car","F",19,"17-21","Drivers"
"T20190015953","22/8/19",19:26:00,"Struck Pedestrian","Thursday","Dark No street lights",1,2,"Cross intersection",2,60,"A",2012,"SEDAN","MITSUB","Car","M",29,"26-29","Drivers"
"T20190015955","10/8/19",00:30:00,"Collision with vehicle","Saturday","Dark Street lights on",2,4,"Not at intersection",3,40,"B",0,"SEDAN","UNKN","Car","U",NA,"unknown","Drivers"
"T20190015956","22/8/19",17:30:00,"Struck Pedestrian","Thursday","Dusk/Dawn",1,2,"Cross intersection",3,60,"A",0,"SEDAN","UNKN","Car","U",NA,"unknown","Drivers"
"T20190015958","22/8/19",18:35:00,"Collision with vehicle","Thursday","Dark Street lights on",2,2,"Cross intersection",3,70,"A",2016,"WAGON","B M W","Station Wagon","F",39,"30-39","Drivers"
"T20190015958","22/8/19",18:35:00,"Collision with vehicle","Thursday","Dark Street lights on",2,2,"Cross intersection",3,70,"B",2016,"VAN","FORD","Panel Van","M",37,"30-39","Drivers"
"T20190015959","22/8/19",17:56:00,"Collision with a fixed object","Thursday","Dark No street lights",1,1,"Not at intersection",3,100,"A",2017,"SEDAN","MAZDA","Car","F",42,"40-49","Drivers"
"T20190015961","22/8/19",18:20:00,"Collision with vehicle","Thursday","Dark Street lights on",2,2,"Not at intersection",3,80,"A",2016,"WAGON","KIA","Station Wagon","F",41,"40-49","Drivers"
"T20190015961","22/8/19",18:20:00,"Collision with vehicle","Thursday","Dark Street lights on",2,2,"Not at intersection",3,80,"B",2015,"WAGON","MAZDA","Station Wagon","F",30,"30-39","Drivers"
"T20190015962","22/8/19",18:15:00,"Collision with vehicle","Thursday","Dark Street lights on",2,2,"Not at intersection",3,40,"A",2007,"SED","NISSAN","Car","M",25,"22-25","Drivers"
"T20190015963","22/8/19",22:10:00,"Collision with vehicle","Thursday","Dark Street lights on",2,4,"Cross intersection",2,80,"A",2013,"WAGON","MITSUB","Station Wagon","M",35,"30-39","Drivers"
"T20190015963","22/8/19",22:10:00,"Collision with vehicle","Thursday","Dark Street lights on",2,4,"Cross intersection",2,80,"B",1992,"SEDAN","HOLDEN","Car","M",21,"17-21","Drivers"
"T20190015965","15/7/19",18:30:00,"Collision with vehicle","Monday","Dark Street lights on",2,2,"Cross intersection",3,50,"A",2017,"SEDAN","MERC B","Car","F",31,"30-39","Drivers"
"T20190015965","15/7/19",18:30:00,"Collision with vehicle","Monday","Dark Street lights on",2,2,"Cross intersection",3,50,"B",2019,"WAGON","MAZDA","Station Wagon","F",42,"40-49","Drivers"
"T20190015970","12/8/19",08:54:00,"Collision with vehicle","Monday","Day",2,2,"T intersection",3,60,"A",2012,"SEDAN","VOLKS","Car","F",50,"50-59","Drivers"
"T20190015970","12/8/19",08:54:00,"Collision with vehicle","Monday","Day",2,2,"T intersection",3,60,"B",2011,"SEDAN","TOYOTA","Car","F",25,"22-25","Drivers"
"T20190015972","23/8/19",08:40:00,"Struck Pedestrian","Friday","Day",2,3,"Not at intersection",3,40,"A",2004,"WAGON","FORD","Station Wagon","F",36,"30-39","Drivers"
"T20190015972","23/8/19",08:40:00,"Struck Pedestrian","Friday","Day",2,3,"Not at intersection",3,40,"B",2007,"SEDAN","TOYOTA","Car","F",34,"30-39","Drivers"
"T20190015973","23/8/19",08:15:00,"Struck Pedestrian","Friday","Day",1,2,"Cross intersection",3,50,"A",2001,"SEDAN","MERC B","Car","M",29,"26-29","Drivers"
"T20190015975","23/8/19",08:35:00,"Collision with vehicle","Friday","Day",2,1,"Not at intersection",3,60,"A",2013,"WAGON","TOYOTA","Station Wagon","F",39,"30-39","Drivers"