"ACCIDENT_NO","ACCIDENTDATE","ACCIDENTTIME","Accident Type Desc","Day Week Description","Light Condition Desc","NO_OF_VEHICLES","NO_PERSONS","Road Geometry Desc","SEVERITY","SPEED_ZONE","VEHICLE_ID","VEHICLE_YEAR_MANUF","VEHICLE_BODY_STYLE","VEHICLE_MAKE","Vehicle Type Desc","SEX","AGE","Age Group","Road User Type Desc"
"T20190015976","23/8/19",09:22:00,"Collision with vehicle","Friday","Day",3,3,"Not at intersection",3,60,"A",2010,"WAGON","MAZDA","Station Wagon","F",28,"26-29","Drivers"
"T20190015976","23/8/19",09:22:00,"Collision with vehicle","Friday","Day",3,3,"Not at intersection",3,60,"B",2006,"SEDAN","TOYOTA","Car","F",45,"40-49","Drivers"
"T20190015976","23/8/19",09:22:00,"Collision with vehicle","Friday","Day",3,3,"Not at intersection",3,60,"C",2004,"SEDAN","TOYOTA","Car","F",51,"50-59","Drivers"
"T20190015977","23/8/19",07:20:00,"Collision with vehicle","Friday","Day",2,4,"Not at intersection",3,80,"A",2016,"DC UTE","TOYOTA","Utility","F",66,"64-69","Drivers"
"T20190015977","23/8/19",07:20:00,"Collision with vehicle","Friday","Day",2,4,"Not at intersection",3,80,"B",2011,"WAGON","TOYOTA","Station Wagon","M",27,"26-29","Drivers"
"T20190015978","23/8/19",08:40:00,"Collision with a fixed object","Friday","Day",1,4,"Not at intersection",3,100,"A",2012,"WAGON","MAZDA","Station Wagon","F",35,"30-39","Drivers"
"T20190015979","23/8/19",07:40:00,"Collision with a fixed object","Friday","Day",1,2,"Multiple intersection",3,100,"A",2009,"G UNIT","IVECO","Heavy Vehicle (Rigid) > 4.5 Tonnes","M",42,"40-49","Drivers"
"T20190015981","23/8/19",07:55:00,"Collision with vehicle","Friday","Day",2,3,"T intersection",3,80,"A",0,"S WAG","UNKN","Station Wagon","F",26,"26-29","Drivers"
"T20190015981","23/8/19",07:55:00,"Collision with vehicle","Friday","Day",2,3,"T intersection",3,80,"B",2015,"WAGON","NISSAN","Station Wagon","M",36,"30-39","Drivers"
"T20190015985","23/8/19",08:50:00,"Collision with vehicle","Friday","Day",3,5,"Not at intersection",3,60,"A",2005,"S WAG","FORD","Station Wagon","M",50,"50-59","Drivers"
"T20190015985","23/8/19",08:50:00,"Collision with vehicle","Friday","Day",3,5,"Not at intersection",3,60,"B",2009,"WAGON","FORD","Station Wagon","F",35,"30-39","Drivers"
"T20190015985","23/8/19",08:50:00,"Collision with vehicle","Friday","Day",3,5,"Not at intersection",3,60,"C",2015,"DC UTE","VOLKS","Utility","M",46,"40-49","Drivers"
"T20190015986","23/8/19",09:32:00,"Collision with a fixed object","Friday","Day",1,1,"Not at intersection",3,50,"A",2007,"WAGON","MERC B","Station Wagon","M",51,"50-59","Drivers"
"T20190015987","23/8/19",11:12:00,"Struck Pedestrian","Friday","Day",1,2,"Not at intersection",3,999,"A",2018,"SEDAN","TOYOTA","Car","M",64,"60-64","Drivers"
"T20190015991","23/8/19",12:20:00,"Collision with vehicle","Friday","Day",2,2,"Cross intersection",3,50,"A",2018,"DC UTE","ISUZU","Utility","F",21,"17-21","Drivers"
"T20190015993","1/8/19",09:15:00,"Collision with vehicle","Thursday","Day",2,3,"Not at intersection",3,40,"B",2016,"SEDAN","TOYOTA","Taxi","U",NA,"unknown","Drivers"
"T20190015994","22/8/19",10:10:00,"No collision and no object struck","Thursday","Day",1,1,"T intersection",3,50,"A",1987,"TIPPER","MITSUB","Light Commercial Vehicle (Rigid) <= 4.5 Tonnes GVM","M",50,"50-59","Drivers"
"T20190015996","9/8/19",11:20:00,"Collision with vehicle","Friday","Unknown",2,2,"Not at intersection",3,50,"A",2009,"WAGON","HOLDEN","Station Wagon","F",41,"40-49","Drivers"
"T20190015996","9/8/19",11:20:00,"Collision with vehicle","Friday","Unknown",2,2,"Not at intersection",3,50,"B",2018,"WAGON","NISSAN","Station Wagon","M",46,"40-49","Drivers"
"T20190015997","23/8/19",06:30:00,"Collision with vehicle","Friday","Day",2,2,"Not at intersection",3,100,"A",2001,"SEDAN","MITSUB","Car","M",36,"30-39","Drivers"
"T20190015997","23/8/19",06:30:00,"Collision with vehicle","Friday","Day",2,2,"Not at intersection",3,100,"B",2013,"SEDAN","AUDI","Car","F",52,"50-59","Drivers"
"T20190016000","23/8/19",08:10:00,"Collision with vehicle","Friday","Day",2,2,"Not at intersection",3,40,"A",0,"SEDAN","MITSUB","Car","U",NA,"unknown","Drivers"
"T20190016001","23/8/19",12:59:00,"Collision with vehicle","Friday","Day",2,3,"T intersection",3,60,"A",1990,"SEDAN","TOYOTA","Car","M",75,"70+","Drivers"
"T20190016005","23/8/19",14:20:00,"Collision with vehicle","Friday","Day",2,2,"Cross intersection",3,60,"A",2015,"SEDAN","MAZDA","Car","F",43,"40-49","Drivers"
"T20190016005","23/8/19",14:20:00,"Collision with vehicle","Friday","Day",2,2,"Cross intersection",3,60,"B",2007,"SEDAN","TOYOTA","Car","F",54,"50-59","Drivers"
"T20190016006","23/8/19",11:05:00,"Collision with vehicle","Friday","Day",2,2,"Cross intersection",3,60,"A",2014,"VAN","REN","Panel Van","M",61,"60-64","Drivers"
"T20190016006","23/8/19",11:05:00,"Collision with vehicle","Friday","Day",2,2,"Cross intersection",3,60,"B",2012,"SEDAN","MAZDA","Car","F",29,"26-29","Drivers"
"T20190016007","23/8/19",12:40:00,"Collision with vehicle","Friday","Day",2,1,"Not at intersection",3,50,"A",2006,"WAGON","JEEP","Station Wagon","F",27,"26-29","Drivers"
"T20190016008","23/8/19",13:23:00,"Collision with vehicle","Friday","Day",2,2,"Not at intersection",3,40,"A",2015,"WAGON","NISSAN","Station Wagon","F",45,"40-49","Drivers"
"T20190016011","23/8/19",15:30:00,"Vehicle overturned (no collision)","Friday","Day",2,2,"Not at intersection",3,60,"B",2008,"SEDAN","HOLDEN","Car","F",50,"50-59","Drivers"
"T20190016013","23/8/19",16:55:00,"Struck Pedestrian","Friday","Day",1,2,"Not at intersection",3,80,"A",2002,"SEDAN","HOLDEN","Car","M",49,"40-49","Drivers"
"T20190016016","23/8/19",16:40:00,"Collision with vehicle","Friday","Day",3,3,"Cross intersection",3,80,"A",2012,"SEDAN","SUBARU","Car","F",27,"26-29","Drivers"
"T20190016016","23/8/19",16:40:00,"Collision with vehicle","Friday","Day",3,3,"Cross intersection",3,80,"B",2009,"SEDAN","NISSAN","Car","M",54,"50-59","Drivers"
"T20190016016","23/8/19",16:40:00,"Collision with vehicle","Friday","Day",3,3,"Cross intersection",3,80,"C",2007,"WAGON","NISSAN","Station Wagon","M",76,"70+","Drivers"
"T20190016019","23/8/19",16:10:00,"Struck Pedestrian","Friday","Day",1,2,"Not at intersection",3,60,"A",2016,"WAGON","MAZDA","Station Wagon","F",36,"30-39","Drivers"
"T20190016020","23/8/19",14:30:00,"Collision with vehicle","Friday","Day",2,2,"T intersection",3,999,"A",2003,"WAGON","TOYOTA","Station Wagon","M",25,"22-25","Drivers"
"T20190016020","23/8/19",14:30:00,"Collision with vehicle","Friday","Day",2,2,"T intersection",3,999,"B",2004,"WAGON","NISSAN","Station Wagon","F",42,"40-49","Drivers"
"T20190016025","22/8/19",08:40:00,"Collision with vehicle","Thursday","Day",2,2,"Cross intersection",3,60,"A",2005,"WAGON","TOYOTA","Station Wagon","M",41,"40-49","Drivers"
"T20190016025","22/8/19",08:40:00,"Collision with vehicle","Thursday","Day",2,2,"Cross intersection",3,60,"B",1996,"SEDAN","HONDA","Car","M",51,"50-59","Drivers"
"T20190016026","23/8/19",15:12:00,"Collision with vehicle","Friday","Day",3,1,"Not at intersection",3,50,"C",2017,"WAGON","TOYOTA","Station Wagon","M",39,"30-39","Drivers"
"T20190016033","23/8/19",18:20:00,"Collision with a fixed object","Friday","Dark Street lights on",1,1,"Not at intersection",3,50,"A",2012,"SEDAN","FORD","Car","M",25,"22-25","Drivers"
"T20190016040","23/8/19",22:50:00,"Struck Pedestrian","Friday","Dark Street lights off",1,2,"Not at intersection",1,60,"A",2012,"SEDAN","HYNDAI","Car","F",35,"30-39","Drivers"
"T20190016043","24/8/19",03:23:00,"Collision with a fixed object","Saturday","Dark Street lights unknown",1,2,"Not at intersection",2,100,"A",1992,"SEDAN","NISSAN","Car","M",36,"30-39","Drivers"
"T20190016044","11/8/19",16:00:00,"Collision with vehicle","Sunday","Unknown",2,3,"Not at intersection",3,80,"A",2005,"WAGON","HONDA","Station Wagon","F",56,"50-59","Drivers"
"T20190016044","11/8/19",16:00:00,"Collision with vehicle","Sunday","Unknown",2,3,"Not at intersection",3,80,"B",2004,"S WAG","SUBARU","Station Wagon","F",50,"50-59","Drivers"
"T20190016045","23/8/19",08:04:00,"Collision with vehicle","Friday","Day",5,5,"Not at intersection",3,80,"A",2018,"C MIX","ISUZU","Light Commercial Vehicle (Rigid) <= 4.5 Tonnes GVM","M",25,"22-25","Drivers"
"T20190016045","23/8/19",08:04:00,"Collision with vehicle","Friday","Day",5,5,"Not at intersection",3,80,"B",2018,"WAGON","VOLKS","Station Wagon","M",53,"50-59","Drivers"
"T20190016045","23/8/19",08:04:00,"Collision with vehicle","Friday","Day",5,5,"Not at intersection",3,80,"C",2012,"WAGON","FORD","Station Wagon","M",30,"30-39","Drivers"
"T20190016045","23/8/19",08:04:00,"Collision with vehicle","Friday","Day",5,5,"Not at intersection",3,80,"D",2010,"SEDAN","TOYOTA","Car","M",32,"30-39","Drivers"
"T20190016045","23/8/19",08:04:00,"Collision with vehicle","Friday","Day",5,5,"Not at intersection",3,80,"E",2013,"SEDAN","TOYOTA","Car","F",58,"50-59","Drivers"
"T20190016049","16/8/19",18:05:00,"Collision with vehicle","Friday","Day",4,4,"Not at intersection",3,80,"A",2012,"SEDAN","TOYOTA","Car","F",43,"40-49","Drivers"
"T20190016049","16/8/19",18:05:00,"Collision with vehicle","Friday","Day",4,4,"Not at intersection",3,80,"B",2004,"SEDAN","FORD","Car","M",28,"26-29","Drivers"
"T20190016049","16/8/19",18:05:00,"Collision with vehicle","Friday","Day",4,4,"Not at intersection",3,80,"C",2016,"COUPE","MERC B","Car","M",55,"50-59","Drivers"
"T20190016049","16/8/19",18:05:00,"Collision with vehicle","Friday","Day",4,4,"Not at intersection",3,80,"D",2000,"UTIL","NISSAN","Utility","M",26,"26-29","Drivers"
"T20190016050","23/8/19",23:50:00,"Collision with vehicle","Friday","Dark No street lights",2,3,"Not at intersection",3,100,"A",2009,"SEDAN","HOLDEN","Car","M",44,"40-49","Drivers"
"T20190016052","24/8/19",10:20:00,"Collision with vehicle","Saturday","Day",2,4,"Cross intersection",2,70,"A",2016,"SEDAN","VOLKS","Car","F",24,"22-25","Drivers"
"T20190016052","24/8/19",10:20:00,"Collision with vehicle","Saturday","Day",2,4,"Cross intersection",2,70,"B",2009,"WAGON","HYNDAI","Car","M",84,"70+","Drivers"
"T20190016053","16/8/19",06:55:00,"Collision with vehicle","Friday","Unknown",3,3,"Cross intersection",3,999,"A",2005,"SEDAN","MAZDA","Car","F",24,"22-25","Drivers"
"T20190016053","16/8/19",06:55:00,"Collision with vehicle","Friday","Unknown",3,3,"Cross intersection",3,999,"C",2015,"SEDAN","TOYOTA","Car","F",67,"64-69","Drivers"
"T20190016054","24/8/19",09:43:00,"Struck Pedestrian","Saturday","Day",1,2,"Cross intersection",3,40,"A",0,"SED","TOYOTA","Car","M",28,"26-29","Drivers"
"T20190016055","24/8/19",11:00:00,"Struck Pedestrian","Saturday","Day",1,3,"T intersection",3,60,"A",2007,"SEDAN","TOYOTA","Car","M",39,"30-39","Drivers"
"T20190016056","24/8/19",08:30:00,"Collision with vehicle","Saturday","Unknown",2,3,"T intersection",3,999,"A",2013,"COUPE","TOYOTA","Car","F",24,"22-25","Drivers"
"T20190016056","24/8/19",08:30:00,"Collision with vehicle","Saturday","Unknown",2,3,"T intersection",3,999,"B",2009,"BUS","SCANIA","Bus/Coach","M",41,"40-49","Drivers"
"T20190016057","24/8/19",09:00:00,"Collision with vehicle","Saturday","Day",2,2,"Cross intersection",3,60,"A",1989,"VAN","TOYOTA","Panel Van","M",54,"50-59","Drivers"
"T20190016057","24/8/19",09:00:00,"Collision with vehicle","Saturday","Day",2,2,"Cross intersection",3,60,"B",2008,"UTIL","FORD","Utility","M",74,"70+","Drivers"
"T20190016060","23/8/19",13:09:00,"Collision with vehicle","Friday","Day",3,3,"T intersection",3,60,"A",2005,"SEDAN","MERC B","Car","M",55,"50-59","Drivers"
"T20190016060","23/8/19",13:09:00,"Collision with vehicle","Friday","Day",3,3,"T intersection",3,60,"B",2013,"WAGON","AUDI","Station Wagon","F",45,"40-49","Drivers"
"T20190016060","23/8/19",13:09:00,"Collision with vehicle","Friday","Day",3,3,"T intersection",3,60,"C",2000,"SEDAN","TOYOTA","Car","M",35,"30-39","Drivers"
"T20190016061","11/8/19",09:00:00,"No collision and no object struck","Sunday","Day",1,1,"Not at intersection",3,100,"A",2005,"S WAG","NISSAN","Station Wagon","F",24,"22-25","Drivers"
"T20190016062","24/8/19",11:26:00,"Collision with vehicle","Saturday","Day",2,6,"Cross intersection",3,70,"A",2010,"WAGON","AUDI","Station Wagon","M",42,"40-49","Drivers"
"T20190016062","24/8/19",11:26:00,"Collision with vehicle","Saturday","Day",2,6,"Cross intersection",3,70,"B",2005,"SEDAN","MAZDA","Car","F",19,"17-21","Drivers"
"T20190016066","24/8/19",09:30:00,"Collision with vehicle","Saturday","Day",2,7,"Not at intersection",3,80,"A",2013,"SEDAN","SUZUKI","Car","F",28,"26-29","Drivers"
"T20190016066","24/8/19",09:30:00,"Collision with vehicle","Saturday","Day",2,7,"Not at intersection",3,80,"B",2018,"WAGON","MITSUB","Station Wagon","F",25,"22-25","Drivers"
"T20190016068","24/8/19",09:30:00,"Collision with vehicle","Saturday","Day",2,2,"Not at intersection",3,100,"A",2015,"SEDAN","MAZDA","Car","F",24,"22-25","Drivers"
"T20190016068","24/8/19",09:30:00,"Collision with vehicle","Saturday","Day",2,2,"Not at intersection",3,100,"B",0,NA,"UNKN","Car","U",NA,"unknown","Drivers"
"T20190016069","24/8/19",11:17:00,"Collision with vehicle","Saturday","Day",2,7,"T intersection",3,80,"A",2001,"SEDAN","TOYOTA","Car","F",56,"50-59","Drivers"
"T20190016069","24/8/19",11:17:00,"Collision with vehicle","Saturday","Day",2,7,"T intersection",3,80,"B",2015,"UTIL","NISSAN","Utility","M",45,"40-49","Drivers"
"T20190016070","24/8/19",12:25:00,"Collision with vehicle","Saturday","Day",2,4,"T intersection",3,80,"A",2006,"S WAG","TOYOTA","Station Wagon","F",40,"40-49","Drivers"
"T20190016070","24/8/19",12:25:00,"Collision with vehicle","Saturday","Day",2,4,"T intersection",3,80,"B",2006,"SEDAN","MITSUB","Car","M",32,"30-39","Drivers"
"T20190016071","24/8/19",08:45:00,"Collision with vehicle","Saturday","Day",2,2,"T intersection",3,100,"A",2013,"DC UTE","HOLDEN","Utility","M",36,"30-39","Drivers"
"T20190016071","24/8/19",08:45:00,"Collision with vehicle","Saturday","Day",2,2,"T intersection",3,100,"B",2007,"SEDAN","MITSUB","Car","M",21,"17-21","Drivers"
"T20190016074","24/8/19",13:00:00,"Vehicle overturned (no collision)","Saturday","Day",1,2,"Not at intersection",3,40,"A",2007,"SEDAN","NISSAN","Car","F",23,"22-25","Drivers"
"T20190016075","16/8/19",14:30:00,"Collision with vehicle","Friday","Day",2,2,"Cross intersection",3,50,"A",2015,"WAGON","NISSAN","Station Wagon","F",37,"30-39","Drivers"
"T20190016075","16/8/19",14:30:00,"Collision with vehicle","Friday","Day",2,2,"Cross intersection",3,50,"B",2012,"SEDAN","HYNDAI","Car","M",48,"40-49","Drivers"
"T20190016080","21/8/19",10:50:00,"Collision with vehicle","Wednesday","Day",2,3,"Cross intersection",3,50,"B",2008,"WAGON","HONDA","Station Wagon","F",63,"60-64","Drivers"
"T20190016081","17/8/19",16:00:00,"Collision with vehicle","Saturday","Day",2,2,"Cross intersection",3,60,"A",2011,"SEDAN","MAZDA","Car","F",30,"30-39","Drivers"
"T20190016081","17/8/19",16:00:00,"Collision with vehicle","Saturday","Day",2,2,"Cross intersection",3,60,"B",2012,"WAGON","MAZDA","Station Wagon","M",34,"30-39","Drivers"
"T20190016082","24/8/19",13:05:00,"Collision with vehicle","Saturday","Day",2,2,"Cross intersection",3,60,"A",2007,"SEDAN","FORD","Car","M",28,"26-29","Drivers"
"T20190016083","24/8/19",14:25:00,"Collision with vehicle","Saturday","Day",2,1,"Not at intersection",3,60,"A",2007,"SEDAN","VOLKS","Car","M",35,"30-39","Drivers"
"T20190016090","24/8/19",14:00:00,"Collision with a fixed object","Saturday","Day",1,2,"Not at intersection",3,100,"A",1999,"SEDAN","FORD","Car","M",20,"17-21","Drivers"
"T20190016091","24/8/19",16:59:00,"Struck Pedestrian","Saturday","Dusk/Dawn",1,2,"T intersection",3,60,"A",2017,"S WAG","MAZDA","Station Wagon","F",44,"40-49","Drivers"
"T20190016093","24/8/19",12:04:00,"Struck Pedestrian","Saturday","Day",1,2,"Cross intersection",1,60,"A",2016,"WAGON","PEUG","Station Wagon","F",29,"26-29","Drivers"
"T20190016095","24/8/19",10:35:00,"Collision with vehicle","Saturday","Day",4,8,"Not at intersection",3,60,"A",2012,"WAGON","SUBARU","Station Wagon","M",19,"17-21","Drivers"
"T20190016095","24/8/19",10:35:00,"Collision with vehicle","Saturday","Day",4,8,"Not at intersection",3,60,"B",2004,"COUPE","HYNDAI","Car","M",33,"30-39","Drivers"
"T20190016095","24/8/19",10:35:00,"Collision with vehicle","Saturday","Day",4,8,"Not at intersection",3,60,"C",2012,"SEDAN","VOLKS","Car","M",84,"70+","Drivers"
"T20190016095","24/8/19",10:35:00,"Collision with vehicle","Saturday","Day",4,8,"Not at intersection",3,60,"D",2016,"SEDAN","FORD","Car","M",39,"30-39","Drivers"
"T20190016096","23/8/19",18:00:00,"Struck Pedestrian","Friday","Dark Street lights on",1,2,"Cross intersection",2,60,"A",2014,"SEDAN","MERC B","Car","M",72,"70+","Drivers"
"T20190016097","23/8/19",08:45:00,"Collision with vehicle","Friday","Day",2,3,"Not at intersection",3,50,"B",2017,"WAGON","TOYOTA","Station Wagon","M",69,"64-69","Drivers"
"T20190016098","24/8/19",17:23:00,"Collision with a fixed object","Saturday","Day",1,1,"Not at intersection",3,70,"A",2013,"SEDAN","OPEL","Car","M",31,"30-39","Drivers"
"T20190016100","24/8/19",18:15:00,"Collision with vehicle","Saturday","Dark Street lights on",3,4,"Not at intersection",3,60,"A",2003,"DC UTE","TOYOTA","Utility","M",69,"64-69","Drivers"
"T20190016100","24/8/19",18:15:00,"Collision with vehicle","Saturday","Dark Street lights on",3,4,"Not at intersection",3,60,"B",2013,"WAGON","JEEP","Station Wagon","M",29,"26-29","Drivers"
"T20190016100","24/8/19",18:15:00,"Collision with vehicle","Saturday","Dark Street lights on",3,4,"Not at intersection",3,60,"C",2019,"WAGON","ISUZU","Station Wagon","M",58,"50-59","Drivers"
"T20190016101","24/8/19",16:00:00,"Collision with vehicle","Saturday","Day",2,3,"T intersection",3,70,"A",1998,"SEDAN","B M W","Car","M",18,"17-21","Drivers"
"T20190016101","24/8/19",16:00:00,"Collision with vehicle","Saturday","Day",2,3,"T intersection",3,70,"B",2018,"WAGON","TOYOTA","Station Wagon","M",71,"70+","Drivers"
"T20190016103","24/8/19",19:42:00,"Collision with vehicle","Saturday","Dark Street lights on",2,2,"T intersection",3,50,"A",2010,"WAGON","NISSAN","Station Wagon","F",58,"50-59","Drivers"
"T20190016106","24/8/19",16:19:00,"Collision with vehicle","Saturday","Day",2,2,"Not at intersection",2,60,"B",2014,"DC UTE","TOYOTA","Utility","M",54,"50-59","Drivers"
"T20190016108","24/8/19",18:50:00,"Collision with vehicle","Saturday","Dusk/Dawn",2,2,"Cross intersection",3,60,"A",2018,"SEDAN","UNKN","Car","F",28,"26-29","Drivers"
"T20190016108","24/8/19",18:50:00,"Collision with vehicle","Saturday","Dusk/Dawn",2,2,"Cross intersection",3,60,"B",2008,"WAGON","MAZDA","Car","M",39,"30-39","Drivers"
"T20190016111","24/8/19",20:35:00,"Collision with vehicle","Saturday","Dark Street lights on",2,4,"Not at intersection",3,50,"B",2010,"UTIL","HOLDEN","Utility","M",18,"17-21","Drivers"
"T20190016115","24/8/19",19:39:00,"Collision with a fixed object","Saturday","Dark No street lights",1,6,"Not at intersection",3,100,"A",1994,"WAGON","TOYOTA","Station Wagon","M",37,"30-39","Drivers"
"T20190016118","1/8/19",19:14:00,"Struck Pedestrian","Thursday","Dark Street lights on",1,2,"Cross intersection",3,60,"A",2019,"WAGON","TOYOTA","Station Wagon","M",75,"70+","Drivers"
"T20190016121","24/8/19",22:02:00,"Collision with a fixed object","Saturday","Dark Street lights on",1,1,"Not at intersection",3,100,"A",2003,"SED","MITSUB","Car","M",20,"17-21","Drivers"
"T20190016123","24/8/19",18:12:00,"Collision with vehicle","Saturday","Dark Street lights on",2,2,"T intersection",3,60,"A",2007,"SED","HONDA","Car","M",39,"30-39","Drivers"
"T20190016123","24/8/19",18:12:00,"Collision with vehicle","Saturday","Dark Street lights on",2,2,"T intersection",3,60,"B",2012,"WAGON","VOLKS","Station Wagon","M",19,"17-21","Drivers"
"T20190016127","25/8/19",00:30:00,"Collision with vehicle","Sunday","Dark No street lights",2,2,"Not at intersection",3,110,"A",2009,"SEDAN","HOLDEN","Car","M",70,"70+","Drivers"
"T20190016127","25/8/19",00:30:00,"Collision with vehicle","Sunday","Dark No street lights",2,2,"Not at intersection",3,110,"B",2018,"T SDS","ISUZU","Light Commercial Vehicle (Rigid) <= 4.5 Tonnes GVM","M",22,"22-25","Drivers"
"T20190016128","24/8/19",22:30:00,"Collision with vehicle","Saturday","Dark No street lights",3,1,"Not at intersection",3,60,"A",1998,"SEDAN","TOYOTA","Car","M",22,"22-25","Drivers"
"T20190016136","25/8/19",04:15:00,"Collision with a fixed object","Sunday","Dark Street lights on",1,2,"Not at intersection",3,70,"A",1999,"SEDAN","MITSUB","Car","M",35,"30-39","Drivers"
"T20190016137","17/8/19",14:00:00,"Collision with vehicle","Saturday","Day",2,4,"Not at intersection",3,60,"A",2006,"SEDAN","TOYOTA","Car","F",72,"70+","Drivers"
"T20190016137","17/8/19",14:00:00,"Collision with vehicle","Saturday","Day",2,4,"Not at intersection",3,60,"B",2018,"WAGON","TOYOTA","Station Wagon","M",71,"70+","Drivers"
"T20190016138","25/8/19",07:20:00,"Collision with vehicle","Sunday","Day",2,2,"Not at intersection",3,60,"A",2016,"SEDAN","HOLDEN","Car","M",64,"60-64","Drivers"
"T20190016138","25/8/19",07:20:00,"Collision with vehicle","Sunday","Day",2,2,"Not at intersection",3,60,"B",2001,"COUPE","HONDA","Car","M",23,"22-25","Drivers"
"T20190016139","25/8/19",09:37:00,"Struck Pedestrian","Sunday","Day",1,3,"Cross intersection",3,50,"A",2019,"WAGON","VOLKS","Station Wagon","M",34,"30-39","Drivers"
"T20190016141","25/8/19",09:10:00,"Collision with vehicle","Sunday","Day",2,2,"Not at intersection",3,60,"A",1999,"SEDAN","HOLDEN","Car","M",74,"70+","Drivers"
"T20190016141","25/8/19",09:10:00,"Collision with vehicle","Sunday","Day",2,2,"Not at intersection",3,60,"B",1998,"P MVR","KENWTH","Prime Mover - Single Trailer","M",60,"60-64","Drivers"
"T20190016142","25/8/19",05:45:00,"Collision with a fixed object","Sunday","Dark Street lights on",1,1,"Not at intersection",3,80,"A",1986,"SEDAN","HOLDEN","Car","F",34,"30-39","Drivers"
"T20190016143","25/8/19",08:10:00,"Collision with a fixed object","Sunday","Day",1,1,"Not at intersection",3,60,"A",2009,"SEDAN","SUZUKI","Car","F",34,"30-39","Drivers"
"T20190016144","25/8/19",09:30:00,"Collision with vehicle","Sunday","Day",2,3,"Cross intersection",3,50,"A",2008,"SEDAN","HONDA","Car","F",86,"70+","Drivers"
"T20190016144","25/8/19",09:30:00,"Collision with vehicle","Sunday","Day",2,3,"Cross intersection",3,50,"B",1996,"WAGON","SUZUKI","Station Wagon","F",65,"64-69","Drivers"
"T20190016145","25/8/19",09:40:00,"Collision with a fixed object","Sunday","Day",1,4,"Not at intersection",3,80,"A",1998,"WAGON","TOYOTA","Station Wagon","M",21,"17-21","Drivers"
"T20190016146","25/8/19",11:00:00,"Collision with vehicle","Sunday","Day",2,7,"Multiple intersection",3,60,"A",2008,"UTIL","MITSUB","Utility","M",25,"22-25","Drivers"
"T20190016146","25/8/19",11:00:00,"Collision with vehicle","Sunday","Day",2,7,"Multiple intersection",3,60,"B",1994,"SEDAN","TOYOTA","Car","F",32,"30-39","Drivers"
"T20190016147","25/8/19",11:35:00,"Collision with a fixed object","Sunday","Day",1,1,"Not at intersection",2,80,"A",2002,"WAGON","TOYOTA","Station Wagon","M",42,"40-49","Drivers"
"T20190016148","25/8/19",12:20:00,"Collision with a fixed object","Sunday","Day",1,1,"T intersection",3,50,"A",2008,"SEDAN","MAZDA","Car","F",75,"70+","Drivers"
"T20190016150","25/8/19",11:42:00,"Collision with a fixed object","Sunday","Day",1,1,"Not at intersection",3,60,"A",2004,"SEDAN","KIA","Car","F",79,"70+","Drivers"
"T20190016154","25/8/19",12:15:00,"Struck Pedestrian","Sunday","Day",1,3,"Not at intersection",3,50,"A",2015,"WAGON","LEXUS","Station Wagon","M",31,"30-39","Drivers"
"T20190016155","25/8/19",10:06:00,"Collision with vehicle","Sunday","Day",2,3,"Cross intersection",3,50,"A",2012,"SEDAN","B M W","Car","M",30,"30-39","Drivers"
"T20190016155","25/8/19",10:06:00,"Collision with vehicle","Sunday","Day",2,3,"Cross intersection",3,50,"B",2016,"WAGON","MITSUB","Station Wagon","F",41,"40-49","Drivers"
"T20190016156","25/8/19",07:00:00,"Collision with vehicle","Sunday","Day",2,2,"T intersection",3,60,"A",2003,"S WAG","FORD","Station Wagon","M",78,"70+","Drivers"
"T20190016156","25/8/19",07:00:00,"Collision with vehicle","Sunday","Day",2,2,"T intersection",3,60,"B",1991,"MULTI","TOYOTA","Light Commercial Vehicle (Rigid) <= 4.5 Tonnes GVM","M",86,"70+","Drivers"
"T20190016158","25/8/19",14:58:00,"Collision with vehicle","Sunday","Day",2,3,"Not at intersection",3,80,"A",2004,"SEDAN","HONDA","Car","F",44,"40-49","Drivers"
"T20190016158","25/8/19",14:58:00,"Collision with vehicle","Sunday","Day",2,3,"Not at intersection",3,80,"B",2003,"SEDAN","FORD","Car","M",34,"30-39","Drivers"
"T20190016160","25/8/19",15:10:00,"Vehicle overturned (no collision)","Sunday","Day",1,2,"Not at intersection",3,100,"A",1999,"VAN","TOYOTA","Panel Van","F",43,"40-49","Drivers"
"T20190016161","24/8/19",18:15:00,"Collision with vehicle","Saturday","Dark Street lights on",2,3,"Not at intersection",3,60,"A",2008,"SEDAN","TOYOTA","Car","M",18,"17-21","Drivers"
"T20190016161","24/8/19",18:15:00,"Collision with vehicle","Saturday","Dark Street lights on",2,3,"Not at intersection",3,60,"B",2007,"SEDAN","HOLDEN","Car","F",19,"17-21","Drivers"
"T20190016162","26/7/19",18:00:00,"Collision with vehicle","Friday","Dusk/Dawn",5,5,"T intersection",3,60,"A",2019,"SEDAN","HYNDAI","Car","M",19,"17-21","Drivers"
"T20190016162","26/7/19",18:00:00,"Collision with vehicle","Friday","Dusk/Dawn",5,5,"T intersection",3,60,"B",2016,"SEDAN","KIA","Car","F",50,"50-59","Drivers"
"T20190016162","26/7/19",18:00:00,"Collision with vehicle","Friday","Dusk/Dawn",5,5,"T intersection",3,60,"C",2013,"SEDAN","HOLDEN","Car","M",20,"17-21","Drivers"