"ACCIDENT_NO","ACCIDENTDATE","ACCIDENTTIME","Accident Type Desc","Day Week Description","Light Condition Desc","NO_OF_VEHICLES","NO_PERSONS","Road Geometry Desc","SEVERITY","SPEED_ZONE","VEHICLE_ID","VEHICLE_YEAR_MANUF","VEHICLE_BODY_STYLE","VEHICLE_MAKE","Vehicle Type Desc","SEX","AGE","Age Group","Road User Type Desc"
"T20190016162","26/7/19",18:00:00,"Collision with vehicle","Friday","Dusk/Dawn",5,5,"T intersection",3,60,"D",2010,"SEDAN","MITSUB","Car","M",26,"26-29","Drivers"
"T20190016162","26/7/19",18:00:00,"Collision with vehicle","Friday","Dusk/Dawn",5,5,"T intersection",3,60,"E",0,"SEDAN","UNK","Car","U",NA,"unknown","Drivers"
"T20190016163","25/8/19",16:10:00,"Collision with vehicle","Sunday","Day",2,3,"Cross intersection",3,60,"A",2012,"SEDAN","TOYOTA","Car","F",73,"70+","Drivers"
"T20190016163","25/8/19",16:10:00,"Collision with vehicle","Sunday","Day",2,3,"Cross intersection",3,60,"B",2006,"SEDAN","HYNDAI","Car","F",19,"17-21","Drivers"
"T20190016165","25/8/19",16:18:00,"Collision with a fixed object","Sunday","Day",1,1,"Not at intersection",3,100,"A",1999,"SEDAN","TOYOTA","Car","M",28,"26-29","Drivers"
"T20190016168","25/8/19",18:30:00,"Collision with a fixed object","Sunday","Dark Street lights on",1,2,"T intersection",3,50,"A",2008,"SEDAN","HONDA","Car","M",22,"22-25","Drivers"
"T20190016169","25/8/19",17:37:00,"Collision with vehicle","Sunday","Dusk/Dawn",2,3,"T intersection",3,80,"A",1996,"SEDAN","HOLDEN","Car","M",20,"17-21","Drivers"
"T20190016169","25/8/19",17:37:00,"Collision with vehicle","Sunday","Dusk/Dawn",2,3,"T intersection",3,80,"B",2017,"SEDAN","TOYOTA","Car","M",58,"50-59","Drivers"
"T20190016170","25/8/19",13:30:00,"Collision with vehicle","Sunday","Day",2,2,"Not at intersection",3,60,"A",2013,"SEDAN","FORD","Car","F",64,"60-64","Drivers"
"T20190016170","25/8/19",13:30:00,"Collision with vehicle","Sunday","Day",2,2,"Not at intersection",3,60,"B",2002,"SEDAN","MERC B","Car","M",60,"60-64","Drivers"
"T20190016183","26/8/19",06:15:00,"Collision with vehicle","Monday","Dusk/Dawn",2,3,"Cross intersection",3,80,"A",2003,"SEDAN","FORD","Car","M",45,"40-49","Drivers"
"T20190016183","26/8/19",06:15:00,"Collision with vehicle","Monday","Dusk/Dawn",2,3,"Cross intersection",3,80,"B",2005,"DC UTE","TOYOTA","Utility","M",66,"64-69","Drivers"
"T20190016185","26/8/19",07:30:00,"Collision with vehicle","Monday","Day",2,2,"Cross intersection",3,60,"B",2004,"TIPPER","ISUZU","Light Commercial Vehicle (Rigid) <= 4.5 Tonnes GVM","M",40,"40-49","Drivers"
"T20190016186","7/8/19",18:30:00,"Collision with vehicle","Wednesday","Dusk/Dawn",2,2,"Not at intersection",3,999,"A",2009,"SEDAN","MAZDA","Car","F",28,"26-29","Drivers"
"T20190016187","25/8/19",15:45:00,"Collision with vehicle","Sunday","Day",2,3,"T intersection",3,50,"A",2018,"SEDAN","HOLDEN","Car","M",22,"22-25","Drivers"
"T20190016187","25/8/19",15:45:00,"Collision with vehicle","Sunday","Day",2,3,"T intersection",3,50,"B",2006,"SEDAN","HOLDEN","Car","U",NA,"unknown","Drivers"
"T20190016188","25/8/19",12:45:00,"Collision with a fixed object","Sunday","Day",1,2,"T intersection",2,100,"A",2007,"WAGON","JEEP","Station Wagon","M",56,"50-59","Drivers"
"T20190016196","23/8/19",12:45:00,"Collision with vehicle","Friday","Day",2,2,"T intersection",3,60,"A",2009,"WAGON","NISSAN","Station Wagon","F",35,"30-39","Drivers"
"T20190016196","23/8/19",12:45:00,"Collision with vehicle","Friday","Day",2,2,"T intersection",3,60,"B",2010,"SEDAN","TOYOTA","Car","M",37,"30-39","Drivers"
"T20190016200","21/8/19",14:05:00,"Collision with vehicle","Wednesday","Day",2,2,"Not at intersection",3,40,"A",2017,"WAGON","HONDA","Station Wagon","M",28,"26-29","Drivers"
"T20190016200","21/8/19",14:05:00,"Collision with vehicle","Wednesday","Day",2,2,"Not at intersection",3,40,"B",2009,"WAGON","SUBARU","Station Wagon","F",55,"50-59","Drivers"
"T20190016201","14/8/19",05:00:00,"Struck animal","Wednesday","Dark No street lights",1,1,"Not at intersection",3,100,"A",2010,"UTIL","MAZDA","Utility","M",31,"30-39","Drivers"
"T20190016202","23/8/19",17:30:00,"Collision with vehicle","Friday","Dusk/Dawn",2,2,"Not at intersection",3,40,"A",2013,"TRAY","TOYOTA","Light Commercial Vehicle (Rigid) <= 4.5 Tonnes GVM","M",30,"30-39","Drivers"
"T20190016202","23/8/19",17:30:00,"Collision with vehicle","Friday","Dusk/Dawn",2,2,"Not at intersection",3,40,"B",2003,"SEDAN","FORD","Car","M",57,"50-59","Drivers"
"T20190016203","26/8/19",10:55:00,"Collision with a fixed object","Monday","Day",1,3,"Not at intersection",3,50,"A",2016,"DC UTE","HOLDEN","Utility","M",19,"17-21","Drivers"
"T20190016204","25/8/19",11:15:00,"Collision with vehicle","Sunday","Day",2,3,"Not at intersection",3,60,"B",2018,"WAGON","MAZDA","Station Wagon","F",77,"70+","Drivers"
"T20190016206","21/8/19",17:00:00,"Collision with vehicle","Wednesday","Unknown",2,1,"Cross intersection",3,999,"A",2005,"SEDAN","TOYOTA","Car","M",28,"26-29","Drivers"
"T20190016207","22/8/19",03:30:00,"Collision with vehicle","Thursday","Dark Street lights on",3,3,"Cross intersection",3,40,"A",2013,"SEDAN","B M W","Car","F",26,"26-29","Drivers"
"T20190016207","22/8/19",03:30:00,"Collision with vehicle","Thursday","Dark Street lights on",3,3,"Cross intersection",3,40,"B",2012,"SEDAN","TOYOTA","Taxi","M",31,"30-39","Drivers"
"T20190016207","22/8/19",03:30:00,"Collision with vehicle","Thursday","Dark Street lights on",3,3,"Cross intersection",3,40,"C",2013,"UTIL","TOYOTA","Utility","M",39,"30-39","Drivers"
"T20190016209","26/8/19",12:00:00,"Collision with a fixed object","Monday","Day",1,1,"Not at intersection",3,60,"A",2008,"SEDAN","SUZUKI","Car","F",24,"22-25","Drivers"
"T20190016210","26/8/19",08:33:00,"Collision with vehicle","Monday","Day",2,2,"Not at intersection",3,100,"A",1989,"SEDAN","MAZDA","Car","F",19,"17-21","Drivers"
"T20190016210","26/8/19",08:33:00,"Collision with vehicle","Monday","Day",2,2,"Not at intersection",3,100,"B",2004,"TRAY","VOLVO","Light Commercial Vehicle (Rigid) <= 4.5 Tonnes GVM","M",58,"50-59","Drivers"
"T20190016213","15/8/19",17:13:00,"Collision with vehicle","Thursday","Day",2,2,"Not at intersection",3,60,"A",2019,"SEDAN","TOYOTA","Car","F",44,"40-49","Drivers"
"T20190016213","15/8/19",17:13:00,"Collision with vehicle","Thursday","Day",2,2,"Not at intersection",3,60,"B",2012,"SEDAN","HOLDEN","Car","M",38,"30-39","Drivers"
"T20190016214","26/8/19",11:45:00,"Collision with vehicle","Monday","Day",2,3,"Cross intersection",3,60,"A",2015,"WAGON","NISSAN","Station Wagon","M",52,"50-59","Drivers"
"T20190016214","26/8/19",11:45:00,"Collision with vehicle","Monday","Day",2,3,"Cross intersection",3,60,"B",2010,"SEDAN","HOLDEN","Car","M",36,"30-39","Drivers"
"T20190016216","26/8/19",11:45:00,"Collision with a fixed object","Monday","Day",1,1,"Not at intersection",3,100,"A",2006,"SEDAN","MERC B","Car","M",40,"40-49","Drivers"
"T20190016217","19/8/19",08:20:00,"Collision with vehicle","Monday","Day",2,2,"Cross intersection",3,999,"A",2017,"COUPE","B M W","Car","F",49,"40-49","Drivers"
"T20190016217","19/8/19",08:20:00,"Collision with vehicle","Monday","Day",2,2,"Cross intersection",3,999,"B",2004,"DC UTE","NISSAN","Utility","F",33,"30-39","Drivers"
"T20190016219","26/8/19",10:50:00,"Collision with vehicle","Monday","Day",2,3,"Cross intersection",3,100,"A",2009,"DC UTE","HOLDEN","Utility","M",36,"30-39","Drivers"
"T20190016219","26/8/19",10:50:00,"Collision with vehicle","Monday","Day",2,3,"Cross intersection",3,100,"B",2006,"SEDAN","TOYOTA","Car","F",49,"40-49","Drivers"
"T20190016223","24/8/19",11:00:00,"Collision with vehicle","Saturday","Day",3,3,"Cross intersection",3,60,"A",2011,"SEDAN","VOLKS","Car","F",26,"26-29","Drivers"
"T20190016223","24/8/19",11:00:00,"Collision with vehicle","Saturday","Day",3,3,"Cross intersection",3,60,"B",2012,"SEDAN","TOYOTA","Car","M",61,"60-64","Drivers"
"T20190016223","24/8/19",11:00:00,"Collision with vehicle","Saturday","Day",3,3,"Cross intersection",3,60,"C",2010,"SEDAN","AUDI","Car","M",47,"40-49","Drivers"
"T20190016224","26/8/19",14:45:00,"Collision with vehicle","Monday","Day",2,2,"Cross intersection",3,80,"A",0,"VAN","REN","Panel Van","M",46,"40-49","Drivers"
"T20190016224","26/8/19",14:45:00,"Collision with vehicle","Monday","Day",2,2,"Cross intersection",3,80,"B",2014,"SEDAN","SUZUKI","Car","F",32,"30-39","Drivers"
"T20190016225","15/8/19",20:07:00,"Collision with vehicle","Thursday","Dark Street lights on",2,5,"Cross intersection",3,70,"A",2004,"SEDAN","TOYOTA","Car","M",41,"40-49","Drivers"
"T20190016225","15/8/19",20:07:00,"Collision with vehicle","Thursday","Dark Street lights on",2,5,"Cross intersection",3,70,"B",2009,"WAGON","TOYOTA","Station Wagon","F",25,"22-25","Drivers"
"T20190016230","24/8/19",19:00:00,"Collision with vehicle","Saturday","Dark Street lights on",2,3,"Cross intersection",3,60,"A",2013,"WAGON","TOYOTA","Station Wagon","M",40,"40-49","Drivers"
"T20190016230","24/8/19",19:00:00,"Collision with vehicle","Saturday","Dark Street lights on",2,3,"Cross intersection",3,60,"B",1999,"SEDAN","FORD","Car","M",37,"30-39","Drivers"
"T20190016232","26/8/19",10:40:00,"Collision with vehicle","Monday","Day",2,2,"Cross intersection",3,50,"A",2012,"SED","MAZDA","Car","F",65,"64-69","Drivers"
"T20190016232","26/8/19",10:40:00,"Collision with vehicle","Monday","Day",2,2,"Cross intersection",3,50,"B",2017,"SEDAN","HONDA","Car","M",58,"50-59","Drivers"
"T20190016234","26/8/19",16:10:00,"Collision with vehicle","Monday","Day",2,2,"T intersection",3,70,"B",2005,"SEDAN","TOYOTA","Car","F",25,"22-25","Drivers"
"T20190016236","26/8/19",17:25:00,"Collision with vehicle","Monday","Day",2,2,"Cross intersection",3,50,"A",2004,"SEDAN","LEXUS","Car","M",21,"17-21","Drivers"
"T20190016236","26/8/19",17:25:00,"Collision with vehicle","Monday","Day",2,2,"Cross intersection",3,50,"B",2008,"DC UTE","TOYOTA","Utility","M",35,"30-39","Drivers"
"T20190016237","21/8/19",15:50:00,"Collision with vehicle","Wednesday","Day",2,2,"T intersection",3,999,"A",2014,"SEDAN","HOLDEN","Taxi","M",26,"26-29","Drivers"
"T20190016237","21/8/19",15:50:00,"Collision with vehicle","Wednesday","Day",2,2,"T intersection",3,999,"B",2009,"S WAG","AUDI","Station Wagon","M",45,"40-49","Drivers"
"T20190016238","26/8/19",16:30:00,"Collision with vehicle","Monday","Day",9,11,"Not at intersection",3,100,"B",2012,"SEDAN","MAZDA","Car","F",26,"26-29","Drivers"
"T20190016238","26/8/19",16:30:00,"Collision with vehicle","Monday","Day",9,11,"Not at intersection",3,100,"C",2014,"SEDAN","FORD","Car","M",33,"30-39","Drivers"
"T20190016238","26/8/19",16:30:00,"Collision with vehicle","Monday","Day",9,11,"Not at intersection",3,100,"D",2015,"UTIL","FORD","Utility","M",50,"50-59","Drivers"
"T20190016238","26/8/19",16:30:00,"Collision with vehicle","Monday","Day",9,11,"Not at intersection",3,100,"E",2003,"SEDAN","HOLDEN","Car","M",49,"40-49","Drivers"
"T20190016238","26/8/19",16:30:00,"Collision with vehicle","Monday","Day",9,11,"Not at intersection",3,100,"F",2003,"WAGON","TOYOTA","Station Wagon","F",47,"40-49","Drivers"
"T20190016238","26/8/19",16:30:00,"Collision with vehicle","Monday","Day",9,11,"Not at intersection",3,100,"G",2018,"WAGON","B M W","Station Wagon","M",35,"30-39","Drivers"
"T20190016238","26/8/19",16:30:00,"Collision with vehicle","Monday","Day",9,11,"Not at intersection",3,100,"H",2003,"SEDAN","HOLDEN","Car","F",31,"30-39","Drivers"
"T20190016238","26/8/19",16:30:00,"Collision with vehicle","Monday","Day",9,11,"Not at intersection",3,100,"I",2018,"TRAY","MITSUB","Light Commercial Vehicle (Rigid) <= 4.5 Tonnes GVM","M",34,"30-39","Drivers"
"T20190016240","23/8/19",08:00:00,"Collision with vehicle","Friday","Day",2,2,"T intersection",3,100,"A",1997,"UTIL","TOYOTA","Utility","M",54,"50-59","Drivers"
"T20190016240","23/8/19",08:00:00,"Collision with vehicle","Friday","Day",2,2,"T intersection",3,100,"B",0,"P MVR","KENWTH","Prime Mover B-Double","M",58,"50-59","Drivers"
"T20190016242","9/8/19",11:45:00,"Collision with vehicle","Friday","Day",2,2,"Not at intersection",3,60,"A",2010,"SEDAN","HOLDEN","Car","F",60,"60-64","Drivers"
"T20190016242","9/8/19",11:45:00,"Collision with vehicle","Friday","Day",2,2,"Not at intersection",3,60,"B",2001,"SEDAN","HOLDEN","Car","M",75,"70+","Drivers"
"T20190016243","26/8/19",19:09:00,"Struck Pedestrian","Monday","Dark Street lights on",1,2,"Not at intersection",3,60,"A",2012,"SEDAN","TOYOTA","Car","F",33,"30-39","Drivers"
"T20190016245","16/8/19",16:30:00,"Collision with vehicle","Friday","Day",4,4,"Not at intersection",3,80,"A",1991,"SEDAN","MAZDA","Car","M",24,"22-25","Drivers"
"T20190016245","16/8/19",16:30:00,"Collision with vehicle","Friday","Day",4,4,"Not at intersection",3,80,"B",1997,"S WAG","HOLDEN","Mini Bus(9-13 seats)","M",39,"30-39","Drivers"
"T20190016245","16/8/19",16:30:00,"Collision with vehicle","Friday","Day",4,4,"Not at intersection",3,80,"C",2011,"SEDAN","MAZDA","Car","F",42,"40-49","Drivers"
"T20190016245","16/8/19",16:30:00,"Collision with vehicle","Friday","Day",4,4,"Not at intersection",3,80,"D",1998,"WAGON","NISSAN","Station Wagon","M",75,"70+","Drivers"
"T20190016247","26/8/19",17:00:00,"Collision with vehicle","Monday","Day",2,2,"Cross intersection",2,60,"A",2014,"WAGON","TOYOTA","Station Wagon","F",63,"60-64","Drivers"
"T20190016247","26/8/19",17:00:00,"Collision with vehicle","Monday","Day",2,2,"Cross intersection",2,60,"B",2003,"S WAG","NISSAN","Station Wagon","M",76,"70+","Drivers"
"T20190016253","25/8/19",13:00:00,"Collision with vehicle","Sunday","Day",2,2,"Cross intersection",2,50,"B",2002,"RDSTR","MAZDA","Car","M",51,"50-59","Drivers"
"T20190016254","26/8/19",15:57:00,"Collision with a fixed object","Monday","Day",1,1,"Not at intersection",1,50,"A",2004,"SEDAN","FORD","Car","F",52,"50-59","Drivers"
"T20190016255","26/8/19",15:40:00,"Collision with vehicle","Monday","Day",2,2,"T intersection",3,999,"A",2009,"SEDAN","FORD","Car","M",45,"40-49","Drivers"
"T20190016255","26/8/19",15:40:00,"Collision with vehicle","Monday","Day",2,2,"T intersection",3,999,"B",2018,"SEDAN","HYNDAI","Car","F",47,"40-49","Drivers"
"T20190016259","18/4/19",09:35:00,"Collision with vehicle","Thursday","Day",2,2,"Cross intersection",3,50,"A",2008,"SEDAN","MAZDA","Car","F",43,"40-49","Drivers"
"T20190016259","18/4/19",09:35:00,"Collision with vehicle","Thursday","Day",2,2,"Cross intersection",3,50,"B",2010,"COUPE","MERC B","Car","M",30,"30-39","Drivers"
"T20190016260","26/8/19",17:20:00,"Collision with vehicle","Monday","Day",2,3,"T intersection",3,60,"A",2010,"WAGON","FORD","Station Wagon","M",43,"40-49","Drivers"
"T20190016260","26/8/19",17:20:00,"Collision with vehicle","Monday","Day",2,3,"T intersection",3,60,"B",2014,"WAGON","NISSAN","Station Wagon","M",51,"50-59","Drivers"
"T20190016261","26/8/19",04:45:00,"Collision with vehicle","Monday","Dark Street lights on",2,3,"Cross intersection",3,50,"A",2002,"SEDAN","FORD","Car","F",57,"50-59","Drivers"
"T20190016261","26/8/19",04:45:00,"Collision with vehicle","Monday","Dark Street lights on",2,3,"Cross intersection",3,50,"B",0,"DC UTE","FORD","Utility","U",NA,"unknown","Drivers"
"T20190016264","27/8/19",03:30:00,"Collision with a fixed object","Tuesday","Dark No street lights",1,5,"T intersection",2,100,"A",0,"S WAG","UNKN","Station Wagon","M",54,"50-59","Drivers"
"T20190016268","17/8/19",16:50:00,"Collision with vehicle","Saturday","Day",2,3,"Cross intersection",3,50,"A",2008,"UTIL","TOYOTA","Utility","M",68,"64-69","Drivers"
"T20190016268","17/8/19",16:50:00,"Collision with vehicle","Saturday","Day",2,3,"Cross intersection",3,50,"B",0,"SEDAN","UNKN","Car","F",53,"50-59","Drivers"
"T20190016270","6/8/19",08:00:00,"Collision with vehicle","Tuesday","Day",2,2,"Cross intersection",3,40,"A",2010,"WAGON","SUBARU","Station Wagon","F",34,"30-39","Drivers"
"T20190016272","27/8/19",08:40:00,"Collision with vehicle","Tuesday","Day",2,2,"T intersection",3,60,"A",2015,"SEDAN","HYNDAI","Car","F",22,"22-25","Drivers"
"T20190016272","27/8/19",08:40:00,"Collision with vehicle","Tuesday","Day",2,2,"T intersection",3,60,"B",2008,"SEDAN","FORD","Car","F",49,"40-49","Drivers"
"T20190016278","27/8/19",08:40:00,"Collision with vehicle","Tuesday","Day",2,2,"Not at intersection",3,100,"A",2008,"UTIL","FORD","Utility","M",28,"26-29","Drivers"
"T20190016278","27/8/19",08:40:00,"Collision with vehicle","Tuesday","Day",2,2,"Not at intersection",3,100,"B",2018,"SEDAN","TOYOTA","Car","F",50,"50-59","Drivers"
"T20190016279","27/8/19",07:40:00,"Struck Pedestrian","Tuesday","Day",1,2,"T intersection",2,80,"A",2018,"UTIL","NISSAN","Utility","M",52,"50-59","Drivers"
"T20190016282","25/7/19",09:15:00,"Collision with vehicle","Thursday","Unknown",2,2,"Not at intersection",3,60,"A",2014,"SEDAN","SUBARU","Car","F",48,"40-49","Drivers"
"T20190016282","25/7/19",09:15:00,"Collision with vehicle","Thursday","Unknown",2,2,"Not at intersection",3,60,"B",2006,"S WAG","HOLDEN","Station Wagon","F",47,"40-49","Drivers"
"T20190016283","26/8/19",22:00:00,"Collision with a fixed object","Monday","Dark No street lights",1,1,"Not at intersection",3,100,"A",1992,"S WAG","TOYOTA","Station Wagon","M",73,"70+","Drivers"
"T20190016285","27/8/19",12:00:00,"Struck Pedestrian","Tuesday","Day",1,2,"T intersection",3,50,"A",2002,"COUPE","HYNDAI","Car","F",58,"50-59","Drivers"
"T20190016287","6/6/19",09:51:00,"Collision with vehicle","Thursday","Day",2,2,"Cross intersection",3,50,"A",2018,"WAGON","HONDA","Station Wagon","F",59,"50-59","Drivers"
"T20190016287","6/6/19",09:51:00,"Collision with vehicle","Thursday","Day",2,2,"Cross intersection",3,50,"B",2011,"SEDAN","MAZDA","Car","F",43,"40-49","Drivers"
"T20190016289","27/8/19",08:15:00,"Collision with vehicle","Tuesday","Day",2,2,"Not at intersection",3,110,"A",2006,"COUPE","MITSUB","Car","M",25,"22-25","Drivers"
"T20190016289","27/8/19",08:15:00,"Collision with vehicle","Tuesday","Day",2,2,"Not at intersection",3,110,"B",2016,"SEDAN","MAZDA","Car","F",31,"30-39","Drivers"
"T20190016293","27/8/19",09:15:00,"Collision with vehicle","Tuesday","Day",2,3,"Not at intersection",3,60,"A",2018,"WAGON","TOYOTA","Station Wagon","F",41,"40-49","Drivers"
"T20190016293","27/8/19",09:15:00,"Collision with vehicle","Tuesday","Day",2,3,"Not at intersection",3,60,"B",2012,"UTIL","TOYOTA","Utility","M",33,"30-39","Drivers"
"T20190016295","23/7/19",14:22:00,"Collision with vehicle","Tuesday","Day",2,2,"T intersection",3,80,"A",1996,"SEDAN","FORD","Car","M",22,"22-25","Drivers"
"T20190016295","23/7/19",14:22:00,"Collision with vehicle","Tuesday","Day",2,2,"T intersection",3,80,"B",2012,"SEDAN","KIA","Car","F",39,"30-39","Drivers"
"T20190016296","24/8/19",16:30:00,"Collision with vehicle","Saturday","Day",2,4,"T intersection",3,60,"A",1991,"SEDAN","HOLDEN","Car","M",94,"70+","Drivers"
"T20190016296","24/8/19",16:30:00,"Collision with vehicle","Saturday","Day",2,4,"T intersection",3,60,"B",2011,"DC UTE","NISSAN","Utility","M",19,"17-21","Drivers"
"T20190016297","30/1/19",17:15:00,"Collision with vehicle","Wednesday","Day",2,2,"T intersection",3,60,"A",2008,"S WAG","HOLDEN","Station Wagon","F",41,"40-49","Drivers"
"T20190016297","30/1/19",17:15:00,"Collision with vehicle","Wednesday","Day",2,2,"T intersection",3,60,"B",2007,"SEDAN","VOLKS","Car","M",38,"30-39","Drivers"
"T20190016298","27/8/19",06:30:00,"Collision with vehicle","Tuesday","Day",2,2,"T intersection",3,50,"A",2014,"WAGON","NISSAN","Station Wagon","M",44,"40-49","Drivers"
"T20190016298","27/8/19",06:30:00,"Collision with vehicle","Tuesday","Day",2,2,"T intersection",3,50,"B",2004,"SED","FORD","Car","F",38,"30-39","Drivers"
"T20190016299","27/8/19",13:33:00,"Collision with vehicle","Tuesday","Day",2,3,"Y intersection",3,60,"A",2018,"SEDAN","VOLKS","Car","M",65,"64-69","Drivers"
"T20190016299","27/8/19",13:33:00,"Collision with vehicle","Tuesday","Day",2,3,"Y intersection",3,60,"B",2010,"WAGON","HYNDAI","Station Wagon","M",36,"30-39","Drivers"
"T20190016300","27/8/19",09:20:00,"Collision with vehicle","Tuesday","Day",2,2,"Not at intersection",3,60,"B",2015,"WAGON","VOLKS","Station Wagon","F",47,"40-49","Drivers"
"T20190016303","27/8/19",06:30:00,"Collision with vehicle","Tuesday","Day",2,2,"Cross intersection",3,40,"A",2018,"WAGON","MAZDA","Station Wagon","M",67,"64-69","Drivers"
"T20190016304","27/8/19",08:45:00,"Collision with vehicle","Tuesday","Day",3,4,"Not at intersection",3,999,"A",1998,"SED","MITSUB","Car","M",43,"40-49","Drivers"
"T20190016304","27/8/19",08:45:00,"Collision with vehicle","Tuesday","Day",3,4,"Not at intersection",3,999,"B",2016,"SEDAN","HYNDAI","Car","F",44,"40-49","Drivers"
"T20190016304","27/8/19",08:45:00,"Collision with vehicle","Tuesday","Day",3,4,"Not at intersection",3,999,"C",2014,"WAGON","MAZDA","Station Wagon","M",53,"50-59","Drivers"
"T20190016305","24/8/19",16:42:00,"Collision with vehicle","Saturday","Unknown",2,4,"Not at intersection",3,999,"A",1987,"SEDAN","MERC B","Car","M",63,"60-64","Drivers"
"T20190016305","24/8/19",16:42:00,"Collision with vehicle","Saturday","Unknown",2,4,"Not at intersection",3,999,"B",2004,"SEDAN","AUDI","Car","F",45,"40-49","Drivers"
"T20190016306","29/6/19",17:55:00,"collision with some other object","Saturday","Dark No street lights",1,1,"Not at intersection",3,80,"A",2018,"DC UTE","FOTON","Utility","M",40,"40-49","Drivers"
"T20190016307","27/8/19",13:00:00,"Collision with vehicle","Tuesday","Day",2,2,"Cross intersection",3,50,"A",2016,"SEDAN","TOYOTA","Car","M",78,"70+","Drivers"
"T20190016307","27/8/19",13:00:00,"Collision with vehicle","Tuesday","Day",2,2,"Cross intersection",3,50,"B",1997,"VAN","VOLKS","Panel Van","M",28,"26-29","Drivers"
"T20190016308","27/8/19",10:23:00,"Collision with vehicle","Tuesday","Day",4,6,"Not at intersection",3,100,"A",2007,"SEDAN","KIA","Car","M",72,"70+","Drivers"
"T20190016308","27/8/19",10:23:00,"Collision with vehicle","Tuesday","Day",4,6,"Not at intersection",3,100,"B",2011,"S WAG","SUBARU","Station Wagon","F",33,"30-39","Drivers"
"T20190016308","27/8/19",10:23:00,"Collision with vehicle","Tuesday","Day",4,6,"Not at intersection",3,100,"C",0,"P MVR","UNKN","Prime Mover - Single Trailer","U",NA,"unknown","Drivers"
"T20190016308","27/8/19",10:23:00,"Collision with vehicle","Tuesday","Day",4,6,"Not at intersection",3,100,"D",2018,"SEDAN","B M W","Car","U",NA,"unknown","Drivers"
"T20190016309","23/8/19",15:30:00,"Collision with vehicle","Friday","Unknown",2,2,"Cross intersection",3,999,"B",2016,"SEDAN","TOYOTA","Car","U",42,"40-49","Drivers"
"T20190016311","27/8/19",08:46:00,"Collision with vehicle","Tuesday","Day",2,3,"Not at intersection",3,60,"B",2017,"WAGON","NISSAN","Station Wagon","F",58,"50-59","Drivers"
"T20190016315","27/8/19",00:10:00,"Collision with vehicle","Tuesday","Dark No street lights",2,2,"Not at intersection",3,110,"A",2013,"P MVR","F LINE","Prime Mover - Single Trailer","M",32,"30-39","Drivers"
"T20190016315","27/8/19",00:10:00,"Collision with vehicle","Tuesday","Dark No street lights",2,2,"Not at intersection",3,110,"B",1975,"UTIL","HOLDEN","Utility","M",49,"40-49","Drivers"
"T20190016316","27/8/19",07:00:00,"collision with some other object","Tuesday","Day",2,2,"Cross intersection",3,100,"A",2005,"SEDAN","TOYOTA","Car","M",60,"60-64","Drivers"
"T20190016316","27/8/19",07:00:00,"collision with some other object","Tuesday","Day",2,2,"Cross intersection",3,100,"B",2007,"C CHAS","MITSUB","Light Commercial Vehicle (Rigid) <= 4.5 Tonnes GVM","M",38,"30-39","Drivers"
"T20190016317","27/8/19",10:00:00,"Collision with vehicle","Tuesday","Day",2,4,"Not at intersection",3,70,"A",2014,"BUS","MITSUB","Bus/Coach","F",52,"50-59","Drivers"
"T20190016317","27/8/19",10:00:00,"Collision with vehicle","Tuesday","Day",2,4,"Not at intersection",3,70,"B",2006,"SEDAN","MAZDA","Car","F",20,"17-21","Drivers"
"T20190016319","27/8/19",07:55:00,"Collision with vehicle","Tuesday","Day",2,2,"Cross intersection",3,40,"A",2002,"WAGON","SUBARU","Station Wagon","M",33,"30-39","Drivers"
"T20190016320","27/8/19",15:00:00,"Collision with vehicle","Tuesday","Day",2,4,"Cross intersection",3,60,"A",1998,"SEDAN","TOYOTA","Car","F",82,"70+","Drivers"
"T20190016320","27/8/19",15:00:00,"Collision with vehicle","Tuesday","Day",2,4,"Cross intersection",3,60,"B",2009,"SEDAN","MAZDA","Car","M",27,"26-29","Drivers"
"T20190016323","27/8/19",08:20:00,"Collision with vehicle","Tuesday","Day",2,2,"Cross intersection",3,60,"A",2011,"SEDAN","HONDA","Car","M",29,"26-29","Drivers"
"T20190016323","27/8/19",08:20:00,"Collision with vehicle","Tuesday","Day",2,2,"Cross intersection",3,60,"B",1996,"WAGON","TOYOTA","Station Wagon","M",52,"50-59","Drivers"
"T20190016324","27/8/19",16:10:00,"Collision with vehicle","Tuesday","Day",2,2,"T intersection",3,40,"A",2015,"SEDAN","KIA","Car","F",44,"40-49","Drivers"
"T20190016324","27/8/19",16:10:00,"Collision with vehicle","Tuesday","Day",2,2,"T intersection",3,40,"B",2010,"SEDAN","HONDA","Car","F",52,"50-59","Drivers"
"T20190016326","27/8/19",16:30:00,"Collision with vehicle","Tuesday","Day",2,2,"T intersection",3,60,"A",2012,"SEDAN","HONDA","Car","F",53,"50-59","Drivers"
"T20190016326","27/8/19",16:30:00,"Collision with vehicle","Tuesday","Day",2,2,"T intersection",3,60,"B",2007,"SED","B M W","Car","F",20,"17-21","Drivers"
"T20190016327","27/8/19",16:40:00,"Collision with vehicle","Tuesday","Day",2,2,"Cross intersection",3,60,"A",2009,"SEDAN","TOYOTA","Car","M",22,"22-25","Drivers"
"T20190016327","27/8/19",16:40:00,"Collision with vehicle","Tuesday","Day",2,2,"Cross intersection",3,60,"B",2015,"S WAG","NISSAN","Station Wagon","F",66,"64-69","Drivers"
"T20190016328","26/8/19",16:00:00,"Collision with vehicle","Monday","Day",3,3,"T intersection",3,60,"A",1994,"SEDAN","MITSUB","Car","M",66,"64-69","Drivers"