"ACCIDENT_NO","ACCIDENTDATE","ACCIDENTTIME","Accident Type Desc","Day Week Description","Light Condition Desc","NO_OF_VEHICLES","NO_PERSONS","Road Geometry Desc","SEVERITY","SPEED_ZONE","VEHICLE_ID","VEHICLE_YEAR_MANUF","VEHICLE_BODY_STYLE","VEHICLE_MAKE","Vehicle Type Desc","SEX","AGE","Age Group","Road User Type Desc"
"T20190016328","26/8/19",16:00:00,"Collision with vehicle","Monday","Day",3,3,"T intersection",3,60,"B",2006,"SEDAN","MAZDA","Car","M",54,"50-59","Drivers"
"T20190016328","26/8/19",16:00:00,"Collision with vehicle","Monday","Day",3,3,"T intersection",3,60,"C",2016,"DC UTE","NISSAN","Utility","M",41,"40-49","Drivers"
"T20190016329","27/8/19",16:55:00,"Collision with vehicle","Tuesday","Day",2,5,"T intersection",3,80,"A",2018,"SEDAN","VOLKS","Car","F",82,"70+","Drivers"
"T20190016329","27/8/19",16:55:00,"Collision with vehicle","Tuesday","Day",2,5,"T intersection",3,80,"B",2005,"SEDAN","HOLDEN","Car","F",17,"16-17","Drivers"
"T20190016335","27/8/19",18:55:00,"Collision with vehicle","Tuesday","Dark Street lights on",2,4,"Not at intersection",3,60,"A",2014,"SEDAN","PEUG","Car","F",77,"70+","Drivers"
"T20190016335","27/8/19",18:55:00,"Collision with vehicle","Tuesday","Dark Street lights on",2,4,"Not at intersection",3,60,"B",2019,"DC UTE","FORD","Utility","M",37,"30-39","Drivers"
"T20190016337","21/8/19",17:15:00,"collision with some other object","Wednesday","Day",1,3,"Not at intersection",3,999,"A",0,"DC UTE","UNKN","Utility","M",39,"30-39","Drivers"
"T20190016339","27/8/19",18:36:00,"Collision with vehicle","Tuesday","Dark Street lights on",4,6,"Cross intersection",3,60,"A",2005,"COUPE","UNKN","Car","M",67,"64-69","Drivers"
"T20190016339","27/8/19",18:36:00,"Collision with vehicle","Tuesday","Dark Street lights on",4,6,"Cross intersection",3,60,"B",2017,"DC UTE","FORD","Utility","M",47,"40-49","Drivers"
"T20190016339","27/8/19",18:36:00,"Collision with vehicle","Tuesday","Dark Street lights on",4,6,"Cross intersection",3,60,"C",2008,"SEDAN","MITSUB","Car","M",27,"26-29","Drivers"
"T20190016339","27/8/19",18:36:00,"Collision with vehicle","Tuesday","Dark Street lights on",4,6,"Cross intersection",3,60,"D",2017,"DC UTE","NISSAN","Utility","M",35,"30-39","Drivers"
"T20190016340","19/8/19",16:18:00,"Collision with vehicle","Monday","Day",2,2,"Cross intersection",3,80,"A",2013,"UTIL","TOYOTA","Utility","F",54,"50-59","Drivers"
"T20190016340","19/8/19",16:18:00,"Collision with vehicle","Monday","Day",2,2,"Cross intersection",3,80,"B",2014,"SEDAN","KIA","Car","F",22,"22-25","Drivers"
"T20190016342","27/8/19",18:00:00,"Collision with a fixed object","Tuesday","Dark Street lights off",1,1,"Not at intersection",3,50,"A",2014,"WAGON","HYNDAI","Station Wagon","M",19,"17-21","Drivers"
"T20190016344","27/8/19",05:30:00,"Collision with vehicle","Tuesday","Dark No street lights",2,2,"Not at intersection",3,70,"A",2009,"SEDAN","AUDI","Car","M",21,"17-21","Drivers"
"T20190016344","27/8/19",05:30:00,"Collision with vehicle","Tuesday","Dark No street lights",2,2,"Not at intersection",3,70,"B",2019,"DC UTE","NISSAN","Utility","M",33,"30-39","Drivers"
"T20190016354","21/8/19",11:15:00,"Collision with vehicle","Wednesday","Day",2,2,"Cross intersection",3,80,"A",2016,"WAGON","HOLDEN","Station Wagon","M",49,"40-49","Drivers"
"T20190016354","21/8/19",11:15:00,"Collision with vehicle","Wednesday","Day",2,2,"Cross intersection",3,80,"B",2007,"P MVR","W STAR","Prime Mover - Single Trailer","M",37,"30-39","Drivers"
"T20190016355","28/8/19",06:30:00,"Collision with vehicle","Wednesday","Day",2,2,"T intersection",3,80,"A",2010,"WAGON","SUBARU","Station Wagon","M",74,"70+","Drivers"
"T20190016355","28/8/19",06:30:00,"Collision with vehicle","Wednesday","Day",2,2,"T intersection",3,80,"B",2014,"SKIP C","VOLVO","Heavy Vehicle (Rigid) > 4.5 Tonnes","M",49,"40-49","Drivers"
"T20190016360","28/8/19",06:15:00,"Collision with a fixed object","Wednesday","Dusk/Dawn",1,1,"Not at intersection",3,70,"A",2018,"SEDAN","HYNDAI","Car","F",29,"26-29","Drivers"
"T20190016362","28/8/19",07:25:00,"Collision with vehicle","Wednesday","Day",3,3,"Not at intersection",3,80,"A",2007,"SEDAN","TOYOTA","Car","M",26,"26-29","Drivers"
"T20190016362","28/8/19",07:25:00,"Collision with vehicle","Wednesday","Day",3,3,"Not at intersection",3,80,"B",2014,"SEDAN","TOYOTA","Car","F",34,"30-39","Drivers"
"T20190016362","28/8/19",07:25:00,"Collision with vehicle","Wednesday","Day",3,3,"Not at intersection",3,80,"C",2016,"WAGON","MAZDA","Station Wagon","F",42,"40-49","Drivers"
"T20190016363","28/8/19",08:15:00,"Collision with vehicle","Wednesday","Day",2,4,"Not at intersection",3,100,"A",2007,"SEDAN","HOLDEN","Car","F",31,"30-39","Drivers"
"T20190016364","13/8/19",06:56:00,"Collision with vehicle","Tuesday","Day",2,2,"T intersection",3,999,"A",2013,"SEDAN","HONDA","Car","F",59,"50-59","Drivers"
"T20190016364","13/8/19",06:56:00,"Collision with vehicle","Tuesday","Day",2,2,"T intersection",3,999,"B",2013,"SEDAN","FORD","Car","M",21,"17-21","Drivers"
"T20190016366","22/8/19",10:15:00,"Collision with vehicle","Thursday","Day",2,3,"Not at intersection",3,50,"A",2018,"WAGON","MITSUB","Station Wagon","F",34,"30-39","Drivers"
"T20190016366","22/8/19",10:15:00,"Collision with vehicle","Thursday","Day",2,3,"Not at intersection",3,50,"B",2005,"SEDAN","HONDA","Car","F",53,"50-59","Drivers"
"T20190016368","15/8/19",10:10:00,"Collision with vehicle","Thursday","Unknown",2,1,"Not at intersection",3,80,"A",2013,"SEDAN","TOYOTA","Car","F",23,"22-25","Drivers"
"T20190016370","28/8/19",09:10:00,"Collision with a fixed object","Wednesday","Day",1,1,"Not at intersection",3,100,"A",2009,"DC UTE","TOYOTA","Utility","M",20,"17-21","Drivers"
"T20190016373","28/8/19",11:21:00,"Collision with vehicle","Wednesday","Day",2,2,"Cross intersection",3,80,"A",2016,"SEDAN","MAZDA","Car","M",82,"70+","Drivers"
"T20190016373","28/8/19",11:21:00,"Collision with vehicle","Wednesday","Day",2,2,"Cross intersection",3,80,"B",2001,"SEDAN","VOLKS","Car","F",69,"64-69","Drivers"
"T20190016374","22/8/19",09:29:00,"Collision with vehicle","Thursday","Day",2,3,"T intersection",3,60,"A",2001,"WAGON","CHRYS","Station Wagon","F",27,"26-29","Drivers"
"T20190016374","22/8/19",09:29:00,"Collision with vehicle","Thursday","Day",2,3,"T intersection",3,60,"B",2019,"WAGON","FORD","Station Wagon","M",45,"40-49","Drivers"
"T20190016375","28/8/19",10:00:00,"Vehicle overturned (no collision)","Wednesday","Day",1,2,"Not at intersection",3,80,"A",1998,"P MVR","KENWTH","Prime Mover - Single Trailer","M",32,"30-39","Drivers"
"T20190016377","28/8/19",12:00:00,"Struck Pedestrian","Wednesday","Day",1,2,"Not at intersection",2,30,"A",2001,"SEDAN","TOYOTA","Car","M",91,"70+","Drivers"
"T20190016378","28/8/19",06:30:00,"Collision with vehicle","Wednesday","Day",2,2,"Cross intersection",3,60,"A",2011,"SEDAN","HYNDAI","Car","F",21,"17-21","Drivers"
"T20190016378","28/8/19",06:30:00,"Collision with vehicle","Wednesday","Day",2,2,"Cross intersection",3,60,"B",2017,"TRAY","HINO","Light Commercial Vehicle (Rigid) <= 4.5 Tonnes GVM","M",34,"30-39","Drivers"
"T20190016379","28/8/19",12:00:00,"Collision with vehicle","Wednesday","Day",2,2,"T intersection",3,999,"A",2003,"SEDAN","AUDI","Car","M",48,"40-49","Drivers"
"T20190016379","28/8/19",12:00:00,"Collision with vehicle","Wednesday","Day",2,2,"T intersection",3,999,"B",2009,"SEDAN","TOYOTA","Car","F",69,"64-69","Drivers"
"T20190016382","27/8/19",16:53:00,"Collision with vehicle","Tuesday","Day",2,3,"Cross intersection",3,70,"A",0,"SED","AUDI","Car","M",34,"30-39","Drivers"
"T20190016382","27/8/19",16:53:00,"Collision with vehicle","Tuesday","Day",2,3,"Cross intersection",3,70,"B",2018,"DC UTE","NISSAN","Utility","M",21,"17-21","Drivers"
"T20190016383","21/8/19",07:00:00,"Collision with vehicle","Wednesday","Dusk/Dawn",2,2,"Cross intersection",3,60,"A",2019,"DC UTE","MITSUB","Utility","M",35,"30-39","Drivers"
"T20190016383","21/8/19",07:00:00,"Collision with vehicle","Wednesday","Dusk/Dawn",2,2,"Cross intersection",3,60,"B",2009,"SEDAN","HONDA","Car","M",36,"30-39","Drivers"
"T20190016385","27/8/19",13:14:00,"Collision with vehicle","Tuesday","Day",2,2,"Cross intersection",3,50,"A",2003,"S WAG","HOLDEN","Station Wagon","M",55,"50-59","Drivers"
"T20190016385","27/8/19",13:14:00,"Collision with vehicle","Tuesday","Day",2,2,"Cross intersection",3,50,"B",2013,"VAN","TOYOTA","Panel Van","M",35,"30-39","Drivers"
"T20190016386","28/8/19",12:50:00,"Collision with vehicle","Wednesday","Day",2,3,"Cross intersection",3,60,"A",2014,"WAGON","AUDI","Station Wagon","F",29,"26-29","Drivers"
"T20190016386","28/8/19",12:50:00,"Collision with vehicle","Wednesday","Day",2,3,"Cross intersection",3,60,"B",2012,"SEDAN","TOYOTA","Car","M",63,"60-64","Drivers"
"T20190016387","28/8/19",08:40:00,"Collision with vehicle","Wednesday","Day",2,2,"Not at intersection",3,40,"A",2012,"SEDAN","HYNDAI","Car","F",58,"50-59","Drivers"
"T20190016388","6/4/19",23:30:00,"Collision with a fixed object","Saturday","Dark No street lights",1,2,"Not at intersection",3,80,"A",2008,"COUPE","B M W","Car","M",19,"17-21","Drivers"
"T20190016389","28/8/19",15:07:00,"Collision with vehicle","Wednesday","Day",2,2,"Cross intersection",3,50,"A",2000,"VAN","HOLDEN","Panel Van","M",49,"40-49","Drivers"
"T20190016391","28/8/19",05:50:00,"Collision with vehicle","Wednesday","Dusk/Dawn",3,5,"Not at intersection",3,100,"A",2003,"T SDS","HINO","Light Commercial Vehicle (Rigid) <= 4.5 Tonnes GVM","M",51,"50-59","Drivers"
"T20190016391","28/8/19",05:50:00,"Collision with vehicle","Wednesday","Dusk/Dawn",3,5,"Not at intersection",3,100,"B",2011,"SEDAN","HOLDEN","Car","M",26,"26-29","Drivers"
"T20190016391","28/8/19",05:50:00,"Collision with vehicle","Wednesday","Dusk/Dawn",3,5,"Not at intersection",3,100,"C",2011,"SEDAN","SUBARU","Car","M",24,"22-25","Drivers"
"T20190016393","22/7/19",09:15:00,"Collision with vehicle","Monday","Day",2,2,"Not at intersection",3,100,"A",2007,"UTIL","HOLDEN","Utility","M",37,"30-39","Drivers"
"T20190016393","22/7/19",09:15:00,"Collision with vehicle","Monday","Day",2,2,"Not at intersection",3,100,"B",2008,"SEDAN","VOLKS","Car","F",48,"40-49","Drivers"
"T20190016395","28/8/19",15:20:00,"Struck Pedestrian","Wednesday","Day",1,2,"Not at intersection",3,40,"A",2011,"SEDAN","TOYOTA","Car","F",43,"40-49","Drivers"
"T20190016396","28/8/19",11:00:00,"Collision with a fixed object","Wednesday","Day",1,1,"Not at intersection",3,999,"A",2015,"SEDAN","HOLDEN","Car","F",25,"22-25","Drivers"
"T20190016397","24/8/19",11:00:00,"Collision with vehicle","Saturday","Day",2,2,"Not at intersection",3,100,"A",1991,"S WAG","FORD","Station Wagon","M",74,"70+","Drivers"
"T20190016402","28/8/19",12:10:00,"Collision with vehicle","Wednesday","Day",2,2,"T intersection",3,60,"A",2016,"SEDAN","MERC B","Car","F",47,"40-49","Drivers"
"T20190016402","28/8/19",12:10:00,"Collision with vehicle","Wednesday","Day",2,2,"T intersection",3,60,"B",2003,"SEDAN","TOYOTA","Car","M",36,"30-39","Drivers"
"T20190016407","27/6/19",22:15:00,"Collision with a fixed object","Thursday","Dark No street lights",1,1,"Not at intersection",2,80,"A",1997,"UTIL","TOYOTA","Utility","M",23,"22-25","Drivers"
"T20190016408","28/8/19",17:10:00,"Collision with vehicle","Wednesday","Day",3,3,"Cross intersection",3,60,"A",2013,"SEDAN","FORD","Car","F",63,"60-64","Drivers"
"T20190016408","28/8/19",17:10:00,"Collision with vehicle","Wednesday","Day",3,3,"Cross intersection",3,60,"B",2019,"WAGON","NISSAN","Station Wagon","M",20,"17-21","Drivers"
"T20190016408","28/8/19",17:10:00,"Collision with vehicle","Wednesday","Day",3,3,"Cross intersection",3,60,"C",2008,"SEDAN","LEXUS","Car","M",33,"30-39","Drivers"
"T20190016409","28/8/19",17:40:00,"Collision with vehicle","Wednesday","Day",2,2,"Cross intersection",3,50,"A",2009,"WAGON","HOLDEN","Station Wagon","F",38,"30-39","Drivers"
"T20190016409","28/8/19",17:40:00,"Collision with vehicle","Wednesday","Day",2,2,"Cross intersection",3,50,"B",0,"P VAN","FORD","Panel Van","M",79,"70+","Drivers"
"T20190016411","28/8/19",18:16:00,"Struck Pedestrian","Wednesday","Dark Street lights on",1,2,"Cross intersection",3,60,"A",2015,"SEDAN","HOLDEN","Car","F",53,"50-59","Drivers"
"T20190016413","28/8/19",12:15:00,"Collision with vehicle","Wednesday","Day",3,3,"Not at intersection",3,70,"A",2015,"SEDAN","HONDA","Car","F",43,"40-49","Drivers"
"T20190016413","28/8/19",12:15:00,"Collision with vehicle","Wednesday","Day",3,3,"Not at intersection",3,70,"B",2009,"SEDAN","TOYOTA","Car","M",19,"17-21","Drivers"
"T20190016413","28/8/19",12:15:00,"Collision with vehicle","Wednesday","Day",3,3,"Not at intersection",3,70,"C",2007,"SEDAN","TOYOTA","Car","F",41,"40-49","Drivers"
"T20190016414","26/8/19",15:30:00,"Collision with vehicle","Monday","Day",2,2,"Cross intersection",3,999,"A",2013,"WAGON","TOYOTA","Station Wagon","M",37,"30-39","Drivers"
"T20190016416","28/8/19",12:00:00,"Collision with a fixed object","Wednesday","Day",1,1,"Cross intersection",3,50,"A",1998,"SEDAN","HYNDAI","Car","F",78,"70+","Drivers"
"T20190016420","28/8/19",18:15:00,"Collision with a fixed object","Wednesday","Dark No street lights",1,2,"Not at intersection",3,100,"A",2004,"TRAY","NISSAN","Light Commercial Vehicle (Rigid) <= 4.5 Tonnes GVM","M",47,"40-49","Drivers"
"T20190016421","28/8/19",17:58:00,"Collision with vehicle","Wednesday","Dark Street lights on",2,2,"Cross intersection",2,60,"A",2012,"WAGON","TOYOTA","Station Wagon","F",40,"40-49","Drivers"
"T20190016421","28/8/19",17:58:00,"Collision with vehicle","Wednesday","Dark Street lights on",2,2,"Cross intersection",2,60,"B",2009,"SEDAN","HYNDAI","Car","F",54,"50-59","Drivers"
"T20190016423","25/8/19",15:50:00,"Collision with vehicle","Sunday","Day",2,2,"Cross intersection",3,60,"A",2003,"SEDAN","UNKN","Car","F",68,"64-69","Drivers"
"T20190016423","25/8/19",15:50:00,"Collision with vehicle","Sunday","Day",2,2,"Cross intersection",3,60,"B",2013,"SEDAN","VOLKS","Car","F",20,"17-21","Drivers"
"T20190016425","28/8/19",18:15:00,"Collision with vehicle","Wednesday","Dark Street lights on",3,3,"Not at intersection",3,60,"A",2014,"SEDAN","SUBARU","Car","F",24,"22-25","Drivers"
"T20190016425","28/8/19",18:15:00,"Collision with vehicle","Wednesday","Dark Street lights on",3,3,"Not at intersection",3,60,"B",2008,"SEDAN","FORD","Car","F",25,"22-25","Drivers"
"T20190016425","28/8/19",18:15:00,"Collision with vehicle","Wednesday","Dark Street lights on",3,3,"Not at intersection",3,60,"C",2014,"SEDAN","HOLDEN","Car","M",63,"60-64","Drivers"
"T20190016428","28/8/19",21:17:00,"Collision with vehicle","Wednesday","Dark Street lights on",3,2,"Not at intersection",3,60,"B",2007,"SEDAN","TOYOTA","Car","U",25,"22-25","Drivers"
"T20190016432","28/8/19",21:23:00,"Collision with vehicle","Wednesday","Dark Street lights on",2,2,"T intersection",3,60,"A",2006,"SEDAN","MITSUB","Car","M",32,"30-39","Drivers"
"T20190016432","28/8/19",21:23:00,"Collision with vehicle","Wednesday","Dark Street lights on",2,2,"T intersection",3,60,"B",2006,"SEDAN","TOYOTA","Car","F",28,"26-29","Drivers"
"T20190016435","28/8/19",17:50:00,"Collision with vehicle","Wednesday","Dusk/Dawn",2,2,"Cross intersection",3,60,"A",2011,"SEDAN","TOYOTA","Car","M",71,"70+","Drivers"
"T20190016435","28/8/19",17:50:00,"Collision with vehicle","Wednesday","Dusk/Dawn",2,2,"Cross intersection",3,60,"B",2003,"SEDAN","HOLDEN","Car","M",64,"60-64","Drivers"
"T20190016436","28/8/19",18:05:00,"Struck Pedestrian","Wednesday","Day",1,4,"Cross intersection",3,60,"A",2001,"SEDAN","MITSUB","Car","F",20,"17-21","Drivers"
"T20190016438","28/8/19",19:20:00,"Collision with vehicle","Wednesday","Dark Street lights on",2,4,"T intersection",3,60,"A",2015,"SEDAN","MITSUB","Car","F",53,"50-59","Drivers"
"T20190016438","28/8/19",19:20:00,"Collision with vehicle","Wednesday","Dark Street lights on",2,4,"T intersection",3,60,"B",2016,"WAGON","JEEP","Station Wagon","F",32,"30-39","Drivers"
"T20190016442","29/8/19",00:20:00,"Collision with a fixed object","Thursday","Dark Street lights on",1,1,"Not at intersection",3,60,"A",2007,"DC UTE","FORD","Utility","M",29,"26-29","Drivers"
"T20190016445","28/8/19",22:50:00,"Collision with vehicle","Wednesday","Dark No street lights",2,3,"Not at intersection",3,110,"A",2010,"SEDAN","HYNDAI","Car","M",19,"17-21","Drivers"
"T20190016445","28/8/19",22:50:00,"Collision with vehicle","Wednesday","Dark No street lights",2,3,"Not at intersection",3,110,"B",2012,"SEDAN","HYNDAI","Car","M",34,"30-39","Drivers"
"T20190016446","29/8/19",00:58:00,"No collision and no object struck","Thursday","Dark No street lights",1,1,"Not at intersection",3,100,"A",2012,"SEDAN","HYNDAI","Car","M",26,"26-29","Drivers"
"T20190016450","16/8/19",15:45:00,"Collision with vehicle","Friday","Day",2,2,"Cross intersection",3,80,"A",2008,"SED","UNKN","Car","F",57,"50-59","Drivers"
"T20190016450","16/8/19",15:45:00,"Collision with vehicle","Friday","Day",2,2,"Cross intersection",3,80,"B",2011,"WAGON","DODGE","Station Wagon","M",41,"40-49","Drivers"
"T20190016453","29/8/19",05:15:00,"Collision with vehicle","Thursday","Dark Street lights on",2,1,"Not at intersection",3,60,"A",2001,"WAGON","HONDA","Station Wagon","M",21,"17-21","Drivers"
"T20190016458","29/8/19",06:00:00,"Collision with vehicle","Thursday","Dusk/Dawn",2,3,"T intersection",3,80,"A",2004,"SEDAN","MAZDA","Car","M",20,"17-21","Drivers"
"T20190016458","29/8/19",06:00:00,"Collision with vehicle","Thursday","Dusk/Dawn",2,3,"T intersection",3,80,"B",2007,"C PUMP","MERC B","Light Commercial Vehicle (Rigid) <= 4.5 Tonnes GVM","M",30,"30-39","Drivers"
"T20190016459","28/8/19",14:25:00,"Struck Pedestrian","Wednesday","Day",1,2,"Cross intersection",3,60,"A",0,"BUS","HINO","Bus/Coach","M",66,"64-69","Drivers"
"T20190016461","29/8/19",07:55:00,"Collision with vehicle","Thursday","Day",2,14,"T intersection",3,80,"A",2002,"BUS","SCANIA","Bus/Coach","M",62,"60-64","Drivers"
"T20190016461","29/8/19",07:55:00,"Collision with vehicle","Thursday","Day",2,14,"T intersection",3,80,"B",2011,"UTIL","MITSUB","Utility","M",58,"50-59","Drivers"
"T20190016463","27/8/19",15:30:00,"Collision with vehicle","Tuesday","Day",2,2,"Not at intersection",3,999,"A",2016,"S WAG","HOLDEN","Station Wagon","F",62,"60-64","Drivers"
"T20190016469","29/8/19",07:56:00,"Collision with vehicle","Thursday","Day",3,5,"Multiple intersection",3,80,"A",2010,"SEDAN","FORD","Car","M",27,"26-29","Drivers"
"T20190016469","29/8/19",07:56:00,"Collision with vehicle","Thursday","Day",3,5,"Multiple intersection",3,80,"B",2002,"COUPE","HYNDAI","Car","M",40,"40-49","Drivers"
"T20190016469","29/8/19",07:56:00,"Collision with vehicle","Thursday","Day",3,5,"Multiple intersection",3,80,"C",2016,"WAGON","NISSAN","Station Wagon","F",44,"40-49","Drivers"
"T20190016470","29/8/19",08:30:00,"Collision with vehicle","Thursday","Day",3,3,"Not at intersection",3,70,"A",2007,"SEDAN","HONDA","Car","M",23,"22-25","Drivers"
"T20190016470","29/8/19",08:30:00,"Collision with vehicle","Thursday","Day",3,3,"Not at intersection",3,70,"B",2008,"WAGON","FORD","Station Wagon","M",56,"50-59","Drivers"
"T20190016470","29/8/19",08:30:00,"Collision with vehicle","Thursday","Day",3,3,"Not at intersection",3,70,"C",2016,"COUPE","PORSCH","Car","M",55,"50-59","Drivers"
"T20190016471","29/8/19",09:10:00,"Collision with vehicle","Thursday","Day",3,4,"Not at intersection",3,60,"A",2016,"SEDAN","VOLKS","Car","F",34,"30-39","Drivers"
"T20190016471","29/8/19",09:10:00,"Collision with vehicle","Thursday","Day",3,4,"Not at intersection",3,60,"B",2005,"WAGON","TOYOTA","Station Wagon","F",38,"30-39","Drivers"
"T20190016471","29/8/19",09:10:00,"Collision with vehicle","Thursday","Day",3,4,"Not at intersection",3,60,"C",2012,"UTIL","NISSAN","Utility","F",32,"30-39","Drivers"
"T20190016474","29/8/19",10:30:00,"Collision with vehicle","Thursday","Day",2,5,"Not at intersection",3,80,"A",2013,"WAGON","TOYOTA","Station Wagon","F",47,"40-49","Drivers"
"T20190016474","29/8/19",10:30:00,"Collision with vehicle","Thursday","Day",2,5,"Not at intersection",3,80,"B",2014,"WAGON","NISSAN","Station Wagon","F",29,"26-29","Drivers"
"T20190016475","22/8/19",09:50:00,"Collision with vehicle","Thursday","Day",2,2,"T intersection",3,100,"A",1987,"WAGON","NISSAN","Station Wagon","M",34,"30-39","Drivers"
"T20190016475","22/8/19",09:50:00,"Collision with vehicle","Thursday","Day",2,2,"T intersection",3,100,"B",2004,"WAGON","NISSAN","Station Wagon","F",26,"26-29","Drivers"
"T20190016476","28/8/19",18:30:00,"Collision with vehicle","Wednesday","Dark Street lights on",2,2,"T intersection",3,60,"A",2011,"SEDAN","FORD","Car","F",50,"50-59","Drivers"
"T20190016476","28/8/19",18:30:00,"Collision with vehicle","Wednesday","Dark Street lights on",2,2,"T intersection",3,60,"B",2014,"WAGON","HYNDAI","Station Wagon","F",23,"22-25","Drivers"
"T20190016477","28/8/19",21:50:00,"Collision with vehicle","Wednesday","Dark Street lights on",2,3,"Not at intersection",3,40,"A",2019,"SEDAN","HONDA","Car","M",38,"30-39","Drivers"
"T20190016477","28/8/19",21:50:00,"Collision with vehicle","Wednesday","Dark Street lights on",2,3,"Not at intersection",3,40,"B",2011,"SEDAN","SUZUKI","Car","M",21,"17-21","Drivers"
"T20190016480","29/8/19",13:00:00,"Collision with vehicle","Thursday","Day",2,2,"T intersection",3,60,"A",2008,"TRAY","MERC B","Light Commercial Vehicle (Rigid) <= 4.5 Tonnes GVM","M",35,"30-39","Drivers"
"T20190016481","29/8/19",12:10:00,"Collision with a fixed object","Thursday","Day",1,1,"Not at intersection",3,50,"A",2019,"WAGON","MITSUB","Station Wagon","F",82,"70+","Drivers"
"T20190016482","29/8/19",11:06:00,"Struck Pedestrian","Thursday","Day",1,2,"Not at intersection",3,999,"A",2011,"WAGON","HONDA","Station Wagon","F",49,"40-49","Drivers"
"T20190016485","29/8/19",13:05:00,"Collision with vehicle","Thursday","Day",2,3,"Not at intersection",3,60,"A",2013,"SEDAN","HYNDAI","Car","F",28,"26-29","Drivers"
"T20190016485","29/8/19",13:05:00,"Collision with vehicle","Thursday","Day",2,3,"Not at intersection",3,60,"B",2018,"DC UTE","VOLKS","Utility","M",25,"22-25","Drivers"
"T20190016487","19/7/19",20:20:00,"Collision with vehicle","Friday","Dark Street lights on",2,2,"Cross intersection",3,80,"A",2016,"UTIL","FORD","Utility","F",26,"26-29","Drivers"
"T20190016487","19/7/19",20:20:00,"Collision with vehicle","Friday","Dark Street lights on",2,2,"Cross intersection",3,80,"B",2015,"WAGON","HOLDEN","Station Wagon","M",36,"30-39","Drivers"
"T20190016489","29/8/19",13:09:00,"Collision with vehicle","Thursday","Day",3,4,"Cross intersection",3,60,"A",2010,"WAGON","HOLDEN","Station Wagon","F",39,"30-39","Drivers"
"T20190016489","29/8/19",13:09:00,"Collision with vehicle","Thursday","Day",3,4,"Cross intersection",3,60,"B",1996,"SEDAN","FORD","Car","F",50,"50-59","Drivers"
"T20190016489","29/8/19",13:09:00,"Collision with vehicle","Thursday","Day",3,4,"Cross intersection",3,60,"C",2011,"SEDAN","SUZUKI","Car","M",31,"30-39","Drivers"
"T20190016490","29/8/19",08:00:00,"Collision with vehicle","Thursday","Day",2,2,"T intersection",3,60,"A",2017,"VAN","UNKN","Panel Van","M",37,"30-39","Drivers"
"T20190016490","29/8/19",08:00:00,"Collision with vehicle","Thursday","Day",2,2,"T intersection",3,60,"B",2010,"VAN","VOLKS","Panel Van","M",38,"30-39","Drivers"
"T20190016493","29/8/19",13:20:00,"Collision with vehicle","Thursday","Day",2,2,"Not at intersection",3,110,"A",2016,"P MVR","SCANIA","Prime Mover - Single Trailer","M",59,"50-59","Drivers"
"T20190016493","29/8/19",13:20:00,"Collision with vehicle","Thursday","Day",2,2,"Not at intersection",3,110,"B",2018,"P MVR","KENWTH","Prime Mover B-Double","M",38,"30-39","Drivers"
"T20190016494","29/8/19",13:20:00,"Collision with vehicle","Thursday","Day",2,2,"Not at intersection",2,50,"A",2009,"SEDAN","SUBARU","Car","M",33,"30-39","Drivers"
"T20190016495","16/8/19",15:55:00,"Collision with vehicle","Friday","Day",3,3,"Cross intersection",2,80,"A",2016,"SEDAN","TOYOTA","Car","M",33,"30-39","Drivers"
"T20190016495","16/8/19",15:55:00,"Collision with vehicle","Friday","Day",3,3,"Cross intersection",2,80,"B",2010,"WAGON","SUBARU","Station Wagon","F",24,"22-25","Drivers"
"T20190016495","16/8/19",15:55:00,"Collision with vehicle","Friday","Day",3,3,"Cross intersection",2,80,"C",2018,"WAGON","MAZDA","Station Wagon","F",48,"40-49","Drivers"
"T20190016496","25/7/19",04:48:00,"Collision with vehicle","Thursday","Dark Street lights unknown",2,2,"Not at intersection",3,100,"A",2014,"SEDAN","TOYOTA","Car","F",33,"30-39","Drivers"
"T20190016496","25/7/19",04:48:00,"Collision with vehicle","Thursday","Dark Street lights unknown",2,2,"Not at intersection",3,100,"B",2018,"TIPPER","KENWTH","Heavy Vehicle (Rigid) > 4.5 Tonnes","M",45,"40-49","Drivers"
"T20190016499","29/8/19",14:06:00,"Collision with vehicle","Thursday","Day",2,2,"Cross intersection",3,60,"A",2013,"SEDAN","B M W","Car","M",79,"70+","Drivers"
"T20190016499","29/8/19",14:06:00,"Collision with vehicle","Thursday","Day",2,2,"Cross intersection",3,60,"B",2010,"WAGON","HOLDEN","Station Wagon","F",53,"50-59","Drivers"
"T20190016500","29/8/19",15:23:00,"Collision with vehicle","Thursday","Day",4,5,"Not at intersection",3,70,"A",2016,"S WAG","FORD","Station Wagon","M",61,"60-64","Drivers"
"T20190016500","29/8/19",15:23:00,"Collision with vehicle","Thursday","Day",4,5,"Not at intersection",3,70,"B",2015,"SEDAN","TOYOTA","Car","F",35,"30-39","Drivers"
"T20190016500","29/8/19",15:23:00,"Collision with vehicle","Thursday","Day",4,5,"Not at intersection",3,70,"C",2006,"WAGON","HYNDAI","Station Wagon","M",75,"70+","Drivers"
"T20190016500","29/8/19",15:23:00,"Collision with vehicle","Thursday","Day",4,5,"Not at intersection",3,70,"D",2001,"COUPE","MITSUB","Car","F",73,"70+","Drivers"