"ACCIDENT_NO","ACCIDENTDATE","ACCIDENTTIME","Accident Type Desc","Day Week Description","Light Condition Desc","NO_OF_VEHICLES","NO_PERSONS","Road Geometry Desc","SEVERITY","SPEED_ZONE","VEHICLE_ID","VEHICLE_YEAR_MANUF","VEHICLE_BODY_STYLE","VEHICLE_MAKE","Vehicle Type Desc","SEX","AGE","Age Group","Road User Type Desc"
"T20190016501","29/8/19",15:30:00,"Collision with vehicle","Thursday","Day",2,3,"T intersection",3,60,"A",2015,"WAGON","MITSUB","Station Wagon","M",75,"70+","Drivers"
"T20190016501","29/8/19",15:30:00,"Collision with vehicle","Thursday","Day",2,3,"T intersection",3,60,"B",1989,"SEDAN","TOYOTA","Car","M",46,"40-49","Drivers"
"T20190016502","27/8/19",08:30:00,"Collision with vehicle","Tuesday","Day",2,2,"T intersection",3,50,"A",1999,"SEDAN","HOLDEN","Car","F",38,"30-39","Drivers"
"T20190016503","29/8/19",15:50:00,"Vehicle overturned (no collision)","Thursday","Day",1,1,"Not at intersection",3,100,"A",1998,"UTIL","HOLDEN","Utility","M",36,"30-39","Drivers"
"T20190016505","16/8/19",18:48:00,"Collision with vehicle","Friday","Dark Street lights on",3,5,"Not at intersection",3,80,"A",2005,"WAGON","FORD","Station Wagon","F",40,"40-49","Drivers"
"T20190016505","16/8/19",18:48:00,"Collision with vehicle","Friday","Dark Street lights on",3,5,"Not at intersection",3,80,"B",2019,"WAGON","HYNDAI","Station Wagon","F",26,"26-29","Drivers"
"T20190016505","16/8/19",18:48:00,"Collision with vehicle","Friday","Dark Street lights on",3,5,"Not at intersection",3,80,"C",1999,"T SDS","NISSAN","Light Commercial Vehicle (Rigid) <= 4.5 Tonnes GVM","M",25,"22-25","Drivers"
"T20190016506","28/8/19",20:15:00,"Collision with vehicle","Wednesday","Dark Street lights unknown",2,2,"Not at intersection",3,999,"A",2018,"SEDAN","MAZDA","Car","M",19,"17-21","Drivers"
"T20190016506","28/8/19",20:15:00,"Collision with vehicle","Wednesday","Dark Street lights unknown",2,2,"Not at intersection",3,999,"B",1999,"SEDAN","HONDA","Car","M",24,"22-25","Drivers"
"T20190016509","29/8/19",17:36:00,"Collision with vehicle","Thursday","Day",2,2,"Cross intersection",3,70,"A",2010,"SEDAN","FORD","Car","F",27,"26-29","Drivers"
"T20190016509","29/8/19",17:36:00,"Collision with vehicle","Thursday","Day",2,2,"Cross intersection",3,70,"B",2017,"SEDAN","KIA","Car","F",25,"22-25","Drivers"
"T20190016510","29/8/19",17:45:00,"Collision with vehicle","Thursday","Dusk/Dawn",2,2,"T intersection",3,50,"A",2018,"WAGON","TOYOTA","Station Wagon","F",34,"30-39","Drivers"
"T20190016513","20/8/19",18:30:00,"Collision with vehicle","Tuesday","Dusk/Dawn",3,3,"Cross intersection",3,60,"A",2013,"WAGON","MITSUB","Station Wagon","M",43,"40-49","Drivers"
"T20190016513","20/8/19",18:30:00,"Collision with vehicle","Tuesday","Dusk/Dawn",3,3,"Cross intersection",3,60,"B",2017,"SEDAN","HOLDEN","Car","F",21,"17-21","Drivers"
"T20190016514","29/8/19",16:53:00,"Collision with vehicle","Thursday","Day",2,2,"Not at intersection",3,100,"A",2017,"SEDAN","TOYOTA","Car","F",27,"26-29","Drivers"
"T20190016514","29/8/19",16:53:00,"Collision with vehicle","Thursday","Day",2,2,"Not at intersection",3,100,"B",2008,"VAN","VOLKS","Light Commercial Vehicle (Rigid) <= 4.5 Tonnes GVM","M",53,"50-59","Drivers"
"T20190016515","28/8/19",16:48:00,"Collision with vehicle","Wednesday","Dusk/Dawn",2,2,"T intersection",3,50,"A",2009,"VAN","HYNDAI","Panel Van","M",46,"40-49","Drivers"
"T20190016515","28/8/19",16:48:00,"Collision with vehicle","Wednesday","Dusk/Dawn",2,2,"T intersection",3,50,"B",2017,"SEDAN","MERC B","Car","M",37,"30-39","Drivers"
"T20190016516","3/5/19",15:00:00,"Collision with vehicle","Friday","Day",2,2,"Not at intersection",3,80,"A",2018,"WAGON","LEXUS","Station Wagon","F",55,"50-59","Drivers"
"T20190016517","16/7/19",18:15:00,"Collision with vehicle","Tuesday","Dusk/Dawn",2,2,"Not at intersection",3,60,"A",2001,"SEDAN","FORD","Car","M",31,"30-39","Drivers"
"T20190016517","16/7/19",18:15:00,"Collision with vehicle","Tuesday","Dusk/Dawn",2,2,"Not at intersection",3,60,"B",2018,"WAGON","PEUG","Station Wagon","M",65,"64-69","Drivers"
"T20190016519","29/8/19",19:35:00,"Collision with vehicle","Thursday","Dark Street lights on",2,3,"Cross intersection",3,60,"A",2013,"SED","NISSAN","Car","M",25,"22-25","Drivers"
"T20190016519","29/8/19",19:35:00,"Collision with vehicle","Thursday","Dark Street lights on",2,3,"Cross intersection",3,60,"B",0,"SED","TOYOTA","Car","M",41,"40-49","Drivers"
"T20190016522","29/8/19",19:00:00,"Struck Pedestrian","Thursday","Dark Street lights on",1,3,"T intersection",3,50,"A",2009,"WAGON","TOYOTA","Station Wagon","F",37,"30-39","Drivers"
"T20190016524","29/8/19",21:15:00,"Collision with vehicle","Thursday","Dark Street lights on",2,2,"Not at intersection",3,60,"A",1999,"SEDAN","MAZDA","Car","F",23,"22-25","Drivers"
"T20190016524","29/8/19",21:15:00,"Collision with vehicle","Thursday","Dark Street lights on",2,2,"Not at intersection",3,60,"B",1992,"SEDAN","FORD","Car","M",24,"22-25","Drivers"
"T20190016525","29/8/19",15:30:00,"Collision with vehicle","Thursday","Day",2,2,"T intersection",3,80,"A",2018,"SEDAN","SUBARU","Car","F",26,"26-29","Drivers"
"T20190016525","29/8/19",15:30:00,"Collision with vehicle","Thursday","Day",2,2,"T intersection",3,80,"B",2010,"UTIL","HOLDEN","Utility","M",25,"22-25","Drivers"
"T20190016528","29/8/19",21:05:00,"Collision with a fixed object","Thursday","Dark No street lights",1,2,"Not at intersection",3,100,"A",2001,"SEDAN","HOLDEN","Car","F",20,"17-21","Drivers"
"T20190016529","26/8/19",11:50:00,"Collision with vehicle","Monday","Day",2,4,"Multiple intersection",3,80,"A",2015,"WAGON","HOLDEN","Station Wagon","F",41,"40-49","Drivers"
"T20190016529","26/8/19",11:50:00,"Collision with vehicle","Monday","Day",2,4,"Multiple intersection",3,80,"B",2018,"DC UTE","MAZDA","Utility","F",59,"50-59","Drivers"
"T20190016531","29/8/19",21:30:00,"Collision with vehicle","Thursday","Dark Street lights on",2,2,"T intersection",3,60,"B",2005,"WAGON","HOLDEN","Station Wagon","M",19,"17-21","Drivers"
"T20190016532","29/8/19",20:20:00,"Collision with vehicle","Thursday","Dark Street lights on",4,5,"Cross intersection",2,60,"B",1997,"SEDAN","FORD","Car","M",45,"40-49","Drivers"
"T20190016532","29/8/19",20:20:00,"Collision with vehicle","Thursday","Dark Street lights on",4,5,"Cross intersection",2,60,"D",2018,"UTIL","HOLDEN","Utility","U",NA,"unknown","Drivers"
"T20190016533","30/8/19",02:30:00,"Collision with a fixed object","Friday","Dark Street lights on",1,1,"Not at intersection",3,60,"A",2017,"VAN","UNKN","Panel Van","M",39,"30-39","Drivers"
"T20190016536","30/8/19",07:25:00,"Collision with vehicle","Friday","Day",2,3,"T intersection",3,80,"A",2013,"SEDAN","VOLKS","Car","F",61,"60-64","Drivers"
"T20190016536","30/8/19",07:25:00,"Collision with vehicle","Friday","Day",2,3,"T intersection",3,80,"B",2008,"T SDS","FORD","Light Commercial Vehicle (Rigid) <= 4.5 Tonnes GVM","M",31,"30-39","Drivers"
"T20190016537","23/8/19",15:30:00,"Collision with vehicle","Friday","Day",3,5,"T intersection",3,60,"A",2016,"WAGON","HONDA","Station Wagon","F",45,"40-49","Drivers"
"T20190016537","23/8/19",15:30:00,"Collision with vehicle","Friday","Day",3,5,"T intersection",3,60,"B",2016,"WAGON","MAZDA","Station Wagon","F",49,"40-49","Drivers"
"T20190016538","9/8/19",16:15:00,"Collision with vehicle","Friday","Day",3,6,"Cross intersection",3,60,"A",2008,"SEDAN","MITSUB","Car","M",28,"26-29","Drivers"
"T20190016538","9/8/19",16:15:00,"Collision with vehicle","Friday","Day",3,6,"Cross intersection",3,60,"B",2014,"WAGON","SUBARU","Station Wagon","M",30,"30-39","Drivers"
"T20190016538","9/8/19",16:15:00,"Collision with vehicle","Friday","Day",3,6,"Cross intersection",3,60,"C",2001,"SEDAN","HOLDEN","Car","F",24,"22-25","Drivers"
"T20190016539","30/8/19",08:10:00,"Collision with vehicle","Friday","Day",2,2,"Not at intersection",3,60,"A",2012,"WAGON","TOYOTA","Station Wagon","M",48,"40-49","Drivers"
"T20190016539","30/8/19",08:10:00,"Collision with vehicle","Friday","Day",2,2,"Not at intersection",3,60,"C",2015,"VAN","HINO","Light Commercial Vehicle (Rigid) <= 4.5 Tonnes GVM","U",NA,"unknown","Drivers"
"T20190016542","28/8/19",07:30:00,"Collision with a fixed object","Wednesday","Day",1,1,"T intersection",3,50,"A",2005,"WAGON","TOYOTA","Station Wagon","F",43,"40-49","Drivers"
"T20190016543","30/8/19",09:00:00,"Collision with a fixed object","Friday","Day",1,1,"Not at intersection",3,50,"A",1993,"SEDAN","TOYOTA","Car","F",91,"70+","Drivers"
"T20190016544","10/8/19",03:19:00,"Collision with a fixed object","Saturday","Dark Street lights on",1,1,"Not at intersection",3,60,"A",2018,"WAGON","HONDA","Car","M",21,"17-21","Drivers"
"T20190016545","21/8/19",14:45:00,"Collision with vehicle","Wednesday","Unknown",2,2,"Cross intersection",3,80,"A",2018,"SEDAN","MAZDA","Car","M",59,"50-59","Drivers"
"T20190016545","21/8/19",14:45:00,"Collision with vehicle","Wednesday","Unknown",2,2,"Cross intersection",3,80,"B",2013,"WAGON","NISSAN","Station Wagon","F",36,"30-39","Drivers"
"T20190016551","30/8/19",11:00:00,"Collision with a fixed object","Friday","Day",1,1,"T intersection",3,999,"A",2005,"SEDAN","MAZDA","Car","F",95,"70+","Drivers"
"T20190016552","29/8/19",15:15:00,"Collision with vehicle","Thursday","Day",2,2,"T intersection",3,60,"A",2005,"SEDAN","MAZDA","Car","F",41,"40-49","Drivers"
"T20190016552","29/8/19",15:15:00,"Collision with vehicle","Thursday","Day",2,2,"T intersection",3,60,"B",1998,"SED","MITSUB","Car","M",39,"30-39","Drivers"
"T20190016553","30/8/19",11:15:00,"Collision with vehicle","Friday","Day",2,2,"Cross intersection",3,70,"A",2012,"SEDAN","TOYOTA","Car","M",26,"26-29","Drivers"
"T20190016555","30/8/19",07:50:00,"Collision with vehicle","Friday","Day",2,2,"Cross intersection",3,60,"A",2014,"SEDAN","MAZDA","Car","M",41,"40-49","Drivers"
"T20190016555","30/8/19",07:50:00,"Collision with vehicle","Friday","Day",2,2,"Cross intersection",3,60,"B",1999,"T SDS","ISUZU","Light Commercial Vehicle (Rigid) <= 4.5 Tonnes GVM","M",68,"64-69","Drivers"
"T20190016556","27/8/19",15:15:00,"Collision with vehicle","Tuesday","Day",2,2,"Multiple intersection",3,60,"B",2003,"WAGON","HONDA","Station Wagon","F",34,"30-39","Drivers"
"T20190016558","23/8/19",14:45:00,"Collision with vehicle","Friday","Unknown",2,2,"Cross intersection",3,999,"A",2011,"RDSTR","HOLDEN","Car","M",24,"22-25","Drivers"
"T20190016558","23/8/19",14:45:00,"Collision with vehicle","Friday","Unknown",2,2,"Cross intersection",3,999,"B",2018,"S WAG","NISSAN","Station Wagon","F",58,"50-59","Drivers"
"T20190016559","30/8/19",09:40:00,"Collision with vehicle","Friday","Day",2,2,"Not at intersection",3,100,"A",2015,"TRAY","ISUZU","Light Commercial Vehicle (Rigid) <= 4.5 Tonnes GVM","M",36,"30-39","Drivers"
"T20190016559","30/8/19",09:40:00,"Collision with vehicle","Friday","Day",2,2,"Not at intersection",3,100,"B",2018,"WAGON","TOYOTA","Station Wagon","F",24,"22-25","Drivers"
"T20190016564","29/8/19",21:46:00,"Struck Pedestrian","Thursday","Dark Street lights on",1,3,"T intersection",1,80,"A",2001,"WAGON","MAZDA","Station Wagon","M",37,"30-39","Drivers"
"T20190016566","22/8/19",16:30:00,"Collision with vehicle","Thursday","Day",2,2,"Not at intersection",3,40,"A",2014,"SEDAN","VOLKS","Taxi","M",30,"30-39","Drivers"
"T20190016571","30/8/19",13:57:00,"Collision with vehicle","Friday","Day",2,4,"Cross intersection",3,70,"A",2011,"RDSTR","AUDI","Car","F",18,"17-21","Drivers"
"T20190016571","30/8/19",13:57:00,"Collision with vehicle","Friday","Day",2,4,"Cross intersection",3,70,"B",2016,"SEDAN","HONDA","Car","M",45,"40-49","Drivers"
"T20190016573","30/8/19",12:09:00,"Struck Pedestrian","Friday","Day",1,2,"Multiple intersection",3,60,"A",2006,"SEDAN","TOYOTA","Car","F",34,"30-39","Drivers"
"T20190016574","30/8/19",13:00:00,"Collision with vehicle","Friday","Day",2,4,"T intersection",3,60,"A",2012,"WAGON","TOYOTA","Station Wagon","F",44,"40-49","Drivers"
"T20190016575","28/8/19",05:25:00,"collision with some other object","Wednesday","Dark No street lights",1,1,"Not at intersection",3,90,"A",2005,"WAGON","MITSUB","Station Wagon","F",39,"30-39","Drivers"
"T20190016577","25/8/19",17:30:00,"Collision with vehicle","Sunday","Day",2,3,"Cross intersection",3,999,"A",1995,"S WAG","TOYOTA","Station Wagon","M",66,"64-69","Drivers"
"T20190016577","25/8/19",17:30:00,"Collision with vehicle","Sunday","Day",2,3,"Cross intersection",3,999,"B",2011,"SEDAN","TOYOTA","Car","M",43,"40-49","Drivers"
"T20190016578","16/8/19",15:00:00,"Collision with vehicle","Friday","Day",2,2,"Not at intersection",3,80,"A",1997,"SEDAN","TOYOTA","Car","M",45,"40-49","Drivers"
"T20190016578","16/8/19",15:00:00,"Collision with vehicle","Friday","Day",2,2,"Not at intersection",3,80,"B",2007,"SEDAN","MERC B","Car","M",57,"50-59","Drivers"
"T20190016580","29/8/19",21:30:00,"Collision with vehicle","Thursday","Dark Street lights on",3,3,"Not at intersection",3,60,"A",0,"TOURER","UNKN","Car","U",NA,"unknown","Drivers"
"T20190016580","29/8/19",21:30:00,"Collision with vehicle","Thursday","Dark Street lights on",3,3,"Not at intersection",3,60,"B",2007,"SEDAN","FORD","Car","M",44,"40-49","Drivers"
"T20190016580","29/8/19",21:30:00,"Collision with vehicle","Thursday","Dark Street lights on",3,3,"Not at intersection",3,60,"C",2016,"WAGON","HONDA","Station Wagon","M",33,"30-39","Drivers"
"T20190016581","28/8/19",14:45:00,"Collision with vehicle","Wednesday","Day",3,3,"Cross intersection",3,80,"A",1994,"TRAY","ISUZU","Light Commercial Vehicle (Rigid) <= 4.5 Tonnes GVM","M",35,"30-39","Drivers"
"T20190016581","28/8/19",14:45:00,"Collision with vehicle","Wednesday","Day",3,3,"Cross intersection",3,80,"B",2007,"DC UTE","HOLDEN","Utility","M",52,"50-59","Drivers"
"T20190016581","28/8/19",14:45:00,"Collision with vehicle","Wednesday","Day",3,3,"Cross intersection",3,80,"C",2012,"WAGON","HOLDEN","Station Wagon","M",37,"30-39","Drivers"
"T20190016582","29/8/19",13:22:00,"Collision with vehicle","Thursday","Day",2,3,"Not at intersection",3,100,"A",2003,"SEDAN","AUDI","Car","M",51,"50-59","Drivers"
"T20190016582","29/8/19",13:22:00,"Collision with vehicle","Thursday","Day",2,3,"Not at intersection",3,100,"B",2013,"WAGON","TOYOTA","Mini Bus(9-13 seats)","F",43,"40-49","Drivers"
"T20190016587","21/7/19",17:51:00,"Collision with vehicle","Sunday","Dark Street lights on",2,1,"Not at intersection",3,70,"A",2000,"WAGON","SUBARU","Station Wagon","M",68,"64-69","Drivers"
"T20190016588","30/8/19",15:40:00,"Collision with vehicle","Friday","Day",4,4,"Not at intersection",3,80,"A",2012,"SEDAN","TOYOTA","Car","F",49,"40-49","Drivers"
"T20190016588","30/8/19",15:40:00,"Collision with vehicle","Friday","Day",4,4,"Not at intersection",3,80,"B",2011,"SEDAN","MAZDA","Car","F",22,"22-25","Drivers"
"T20190016588","30/8/19",15:40:00,"Collision with vehicle","Friday","Day",4,4,"Not at intersection",3,80,"C",2002,"SEDAN","TOYOTA","Car","M",56,"50-59","Drivers"
"T20190016588","30/8/19",15:40:00,"Collision with vehicle","Friday","Day",4,4,"Not at intersection",3,80,"D",1997,"SEDAN","UNKN","Car","M",65,"64-69","Drivers"
"T20190016589","30/8/19",16:00:00,"Collision with vehicle","Friday","Day",2,2,"T intersection",3,80,"A",2003,"SEDAN","DAEWOO","Car","M",54,"50-59","Drivers"
"T20190016589","30/8/19",16:00:00,"Collision with vehicle","Friday","Day",2,2,"T intersection",3,80,"B",2014,"SEDAN","NISSAN","Car","F",41,"40-49","Drivers"
"T20190016591","30/8/19",15:26:00,"Collision with a fixed object","Friday","Day",1,1,"Not at intersection",1,40,"A",2003,"SEDAN","MAZDA","Car","M",68,"64-69","Drivers"
"T20190016594","30/8/19",15:28:00,"Collision with vehicle","Friday","Day",2,3,"Cross intersection",2,80,"A",2012,"DC UTE","TOYOTA","Utility","M",19,"17-21","Drivers"
"T20190016594","30/8/19",15:28:00,"Collision with vehicle","Friday","Day",2,3,"Cross intersection",2,80,"B",1997,"COUPE","MERC B","Car","F",49,"40-49","Drivers"
"T20190016598","30/8/19",18:10:00,"Collision with vehicle","Friday","Dusk/Dawn",2,2,"T intersection",3,60,"A",2007,"UTIL","FORD","Utility","M",64,"60-64","Drivers"
"T20190016601","30/8/19",17:00:00,"Struck Pedestrian","Friday","Day",1,2,"T intersection",3,50,"A",1999,"SEDAN","HOLDEN","Car","M",75,"70+","Drivers"
"T20190016602","30/8/19",19:11:00,"Collision with vehicle","Friday","Dark Street lights unknown",2,2,"Not at intersection",3,80,"A",2000,"SEDAN","NISSAN","Car","M",22,"22-25","Drivers"
"T20190016603","30/8/19",16:02:00,"Collision with vehicle","Friday","Day",3,4,"Not at intersection",3,60,"A",2013,"WAGON","NISSAN","Station Wagon","F",55,"50-59","Drivers"
"T20190016603","30/8/19",16:02:00,"Collision with vehicle","Friday","Day",3,4,"Not at intersection",3,60,"B",2012,"SEDAN","TOYOTA","Car","F",62,"60-64","Drivers"
"T20190016603","30/8/19",16:02:00,"Collision with vehicle","Friday","Day",3,4,"Not at intersection",3,60,"C",2017,"SEDAN","HYNDAI","Car","F",17,"16-17","Drivers"
"T20190016605","30/8/19",16:30:00,"Collision with vehicle","Friday","Day",2,4,"T intersection",3,60,"A",2013,"SEDAN","HYNDAI","Car","F",31,"30-39","Drivers"
"T20190016605","30/8/19",16:30:00,"Collision with vehicle","Friday","Day",2,4,"T intersection",3,60,"B",2017,"WAGON","B M W","Station Wagon","F",40,"40-49","Drivers"
"T20190016606","30/8/19",17:12:00,"Collision with vehicle","Friday","Day",2,2,"T intersection",3,60,"A",2009,"WAGON","HOLDEN","Station Wagon","F",45,"40-49","Drivers"
"T20190016606","30/8/19",17:12:00,"Collision with vehicle","Friday","Day",2,2,"T intersection",3,60,"B",2017,"SEDAN","MAZDA","Car","F",35,"30-39","Drivers"
"T20190016608","30/8/19",15:15:00,"Collision with vehicle","Friday","Day",2,2,"Unknown",3,80,"A",2018,"T SDS","FORD","Light Commercial Vehicle (Rigid) <= 4.5 Tonnes GVM","M",56,"50-59","Drivers"
"T20190016608","30/8/19",15:15:00,"Collision with vehicle","Friday","Day",2,2,"Unknown",3,80,"B",2016,"UTIL","MAZDA","Utility","M",36,"30-39","Drivers"
"T20190016609","30/8/19",17:25:00,"Collision with vehicle","Friday","Day",2,3,"Cross intersection",3,60,"A",2010,"SEDAN","NISSAN","Car","M",38,"30-39","Drivers"
"T20190016609","30/8/19",17:25:00,"Collision with vehicle","Friday","Day",2,3,"Cross intersection",3,60,"B",2018,"VAN","FORD","Panel Van","F",36,"30-39","Drivers"
"T20190016612","25/8/19",00:30:00,"Collision with a fixed object","Sunday","Dark Street lights on",1,1,"Cross intersection",3,60,"A",2015,"WAGON","TOYOTA","Station Wagon","M",48,"40-49","Drivers"
"T20190016614","30/8/19",19:38:00,"Collision with vehicle","Friday","Dark Street lights on",3,6,"Not at intersection",2,999,"A",2008,"SEDAN","TOYOTA","Car","M",88,"70+","Drivers"
"T20190016614","30/8/19",19:38:00,"Collision with vehicle","Friday","Dark Street lights on",3,6,"Not at intersection",2,999,"B",2003,"SEDAN","TOYOTA","Car","M",22,"22-25","Drivers"
"T20190016614","30/8/19",19:38:00,"Collision with vehicle","Friday","Dark Street lights on",3,6,"Not at intersection",2,999,"C",2018,"DC UTE","LDV","Utility","M",24,"22-25","Drivers"
"T20190016617","17/8/19",18:30:00,"Collision with vehicle","Saturday","Dusk/Dawn",2,4,"Not at intersection",3,999,"A",2011,"SEDAN","SUZUKI","Car","M",24,"22-25","Drivers"
"T20190016618","30/8/19",16:25:00,"Collision with vehicle","Friday","Day",2,2,"Not at intersection",3,60,"A",2018,"WAGON","MAZDA","Station Wagon","M",20,"17-21","Drivers"
"T20190016619","30/8/19",14:00:00,"Collision with vehicle","Friday","Day",4,4,"T intersection",3,60,"A",2009,"TRAY","TOYOTA","Light Commercial Vehicle (Rigid) <= 4.5 Tonnes GVM","M",19,"17-21","Drivers"
"T20190016619","30/8/19",14:00:00,"Collision with vehicle","Friday","Day",4,4,"T intersection",3,60,"B",2010,"SEDAN","MAZDA","Car","F",29,"26-29","Drivers"
"T20190016619","30/8/19",14:00:00,"Collision with vehicle","Friday","Day",4,4,"T intersection",3,60,"C",2013,"UTIL","HOLDEN","Utility","M",30,"30-39","Drivers"
"T20190016619","30/8/19",14:00:00,"Collision with vehicle","Friday","Day",4,4,"T intersection",3,60,"D",2013,"WAGON","JEEP","Station Wagon","F",41,"40-49","Drivers"
"T20190016621","30/8/19",17:50:00,"Collision with vehicle","Friday","Dusk/Dawn",3,5,"T intersection",2,60,"A",2010,"SEDAN","PROTON","Car","M",25,"22-25","Drivers"
"T20190016621","30/8/19",17:50:00,"Collision with vehicle","Friday","Dusk/Dawn",3,5,"T intersection",2,60,"B",2001,"WAGON","TOYOTA","Station Wagon","F",58,"50-59","Drivers"
"T20190016621","30/8/19",17:50:00,"Collision with vehicle","Friday","Dusk/Dawn",3,5,"T intersection",2,60,"C",2015,"UTIL","HOLDEN","Utility","M",33,"30-39","Drivers"
"T20190016622","30/8/19",16:30:00,"Collision with vehicle","Friday","Day",4,4,"Not at intersection",3,80,"A",2012,"SEDAN","HOLDEN","Car","F",53,"50-59","Drivers"
"T20190016622","30/8/19",16:30:00,"Collision with vehicle","Friday","Day",4,4,"Not at intersection",3,80,"B",2002,"UTIL","HOLDEN","Utility","M",24,"22-25","Drivers"
"T20190016622","30/8/19",16:30:00,"Collision with vehicle","Friday","Day",4,4,"Not at intersection",3,80,"C",2018,"UTIL","TOYOTA","Utility","M",19,"17-21","Drivers"
"T20190016622","30/8/19",16:30:00,"Collision with vehicle","Friday","Day",4,4,"Not at intersection",3,80,"D",2001,"SEDAN","HOLDEN","Car","M",44,"40-49","Drivers"
"T20190016623","30/8/19",20:45:00,"Collision with vehicle","Friday","Dark Street lights on",2,5,"Not at intersection",3,60,"A",2018,"WAGON","MAZDA","Station Wagon","F",42,"40-49","Drivers"
"T20190016623","30/8/19",20:45:00,"Collision with vehicle","Friday","Dark Street lights on",2,5,"Not at intersection",3,60,"B",2018,"TRAY","NISSAN","Light Commercial Vehicle (Rigid) <= 4.5 Tonnes GVM","M",23,"22-25","Drivers"
"T20190016624","30/8/19",16:20:00,"Collision with vehicle","Friday","Day",2,4,"Not at intersection",3,60,"A",2008,"SEDAN","MAZDA","Car","F",60,"60-64","Drivers"
"T20190016624","30/8/19",16:20:00,"Collision with vehicle","Friday","Day",2,4,"Not at intersection",3,60,"B",2000,"SEDAN","HOLDEN","Car","F",28,"26-29","Drivers"
"T20190016629","30/8/19",20:52:00,"Collision with vehicle","Friday","Dark Street lights on",2,2,"Not at intersection",3,60,"A",2017,"WAGON","HONDA","Station Wagon","M",38,"30-39","Drivers"
"T20190016629","30/8/19",20:52:00,"Collision with vehicle","Friday","Dark Street lights on",2,2,"Not at intersection",3,60,"B",2014,"SEDAN","TOYOTA","Car","M",28,"26-29","Drivers"
"T20190016635","30/8/19",20:44:00,"Collision with vehicle","Friday","Dark Street lights on",2,3,"Cross intersection",3,80,"A",2010,"SEDAN","MITSUB","Car","F",72,"70+","Drivers"
"T20190016635","30/8/19",20:44:00,"Collision with vehicle","Friday","Dark Street lights on",2,3,"Cross intersection",3,80,"B",2014,"COUPE","M MOVE","Car","F",58,"50-59","Drivers"
"T20190016637","31/8/19",00:08:00,"Collision with a fixed object","Saturday","Dark No street lights",1,1,"Not at intersection",3,80,"A",2003,"UTIL","FORD","Utility","F",25,"22-25","Drivers"
"T20190016639","30/8/19",23:10:00,"Collision with vehicle","Friday","Dark Street lights on",2,2,"Cross intersection",3,80,"A",2015,"SEDAN","MAZDA","Car","F",45,"40-49","Drivers"
"T20190016639","30/8/19",23:10:00,"Collision with vehicle","Friday","Dark Street lights on",2,2,"Cross intersection",3,80,"B",2006,"SEDAN","KIA","Car","M",24,"22-25","Drivers"
"T20190016641","31/8/19",00:05:00,"Collision with a fixed object","Saturday","Dark No street lights",1,1,"Not at intersection",3,80,"A",2006,"SEDAN","FORD","Car","M",19,"17-21","Drivers"
"T20190016646","31/8/19",05:00:00,"Collision with a fixed object","Saturday","Dark Street lights on",1,1,"T intersection",3,80,"A",1991,"SEDAN","HOLDEN","Car","M",20,"17-21","Drivers"
"T20190016648","31/8/19",05:50:00,"Collision with a fixed object","Saturday","Dusk/Dawn",1,1,"Not at intersection",3,60,"A",2004,"SEDAN","FORD","Car","M",52,"50-59","Drivers"
"T20190016649","29/8/19",17:12:00,"Collision with vehicle","Thursday","Dusk/Dawn",2,2,"Not at intersection",3,60,"A",2017,"SEDAN","MAZDA","Car","M",45,"40-49","Drivers"
"T20190016650","28/8/19",08:00:00,"Collision with vehicle","Wednesday","Day",2,2,"Cross intersection",3,60,"A",2013,"SEDAN","HYNDAI","Car","F",22,"22-25","Drivers"
"T20190016650","28/8/19",08:00:00,"Collision with vehicle","Wednesday","Day",2,2,"Cross intersection",3,60,"B",2012,"SEDAN","HOLDEN","Car","F",41,"40-49","Drivers"
"T20190016651","30/8/19",14:20:00,"Collision with a fixed object","Friday","Day",1,1,"Not at intersection",3,100,"A",2002,"SEDAN","FORD","Car","M",18,"17-21","Drivers"
"T20190016652","28/8/19",10:50:00,"Collision with vehicle","Wednesday","Day",2,2,"Not at intersection",3,70,"A",2012,"SEDAN","FORD","Car","F",34,"30-39","Drivers"
"T20190016652","28/8/19",10:50:00,"Collision with vehicle","Wednesday","Day",2,2,"Not at intersection",3,70,"B",2003,"SEDAN","NISSAN","Car","F",87,"70+","Drivers"
"T20190016653","31/8/19",06:00:00,"Vehicle overturned (no collision)","Saturday","Dark No street lights",2,5,"Not at intersection",2,100,"A",2017,"DC UTE","FORD","Utility","F",69,"64-69","Drivers"
"T20190016653","31/8/19",06:00:00,"Vehicle overturned (no collision)","Saturday","Dark No street lights",2,5,"Not at intersection",2,100,"B",2017,"S WAG","L ROV","Station Wagon","F",30,"30-39","Drivers"
"T20190016657","30/8/19",18:43:00,"Collision with vehicle","Friday","Dark Street lights on",2,3,"Not at intersection",3,40,"A",1997,"TRAY","TOYOTA","Utility","M",40,"40-49","Drivers"
"T20190016657","30/8/19",18:43:00,"Collision with vehicle","Friday","Dark Street lights on",2,3,"Not at intersection",3,40,"B",2017,"WAGON","NISSAN","Station Wagon","F",48,"40-49","Drivers"
"T20190016658","28/8/19",10:29:00,"Collision with vehicle","Wednesday","Day",2,2,"Not at intersection",3,999,"A",2015,"SED","B M W","Car","M",NA,"unknown","Drivers"
"T20190016660","31/8/19",09:09:00,"Collision with vehicle","Saturday","Day",3,3,"Not at intersection",3,100,"A",2009,"SEDAN","FORD","Car","M",20,"17-21","Drivers"