"ACCIDENT_NO","ACCIDENTDATE","ACCIDENTTIME","Accident Type Desc","Day Week Description","Light Condition Desc","NO_OF_VEHICLES","NO_PERSONS","Road Geometry Desc","SEVERITY","SPEED_ZONE","VEHICLE_ID","VEHICLE_YEAR_MANUF","VEHICLE_BODY_STYLE","VEHICLE_MAKE","Vehicle Type Desc","SEX","AGE","Age Group","Road User Type Desc"
"T20190016660","31/8/19",09:09:00,"Collision with vehicle","Saturday","Day",3,3,"Not at intersection",3,100,"B",2006,"SEDAN","FORD","Car","M",26,"26-29","Drivers"
"T20190016660","31/8/19",09:09:00,"Collision with vehicle","Saturday","Day",3,3,"Not at intersection",3,100,"C",2000,"WAGON","TOYOTA","Station Wagon","M",23,"22-25","Drivers"
"T20190016661","31/8/19",08:01:00,"Collision with a fixed object","Saturday","Day",1,2,"Not at intersection",3,80,"A",2011,"WAGON","MAZDA","Station Wagon","M",16,"16-17","Drivers"
"T20190016662","31/8/19",05:00:00,"Collision with vehicle","Saturday","Dark Street lights unknown",2,2,"Cross intersection",3,80,"B",2002,"UTIL","HOLDEN","Utility","M",28,"26-29","Drivers"
"T20190016662","31/8/19",05:00:00,"Collision with vehicle","Saturday","Dark Street lights unknown",2,2,"Cross intersection",3,80,"C",2013,"SEDAN","SUZUKI","Car","F",24,"22-25","Drivers"
"T20190016665","31/8/19",10:35:00,"Collision with vehicle","Saturday","Day",2,3,"Cross intersection",3,80,"A",2008,"WAGON","HYNDAI","Station Wagon","F",40,"40-49","Drivers"
"T20190016665","31/8/19",10:35:00,"Collision with vehicle","Saturday","Day",2,3,"Cross intersection",3,80,"B",2013,"WAGON","JEEP","Station Wagon","F",45,"40-49","Drivers"
"T20190016666","9/8/19",10:30:00,"collision with some other object","Friday","Day",1,1,"Not at intersection",3,999,"A",2012,"S WAG","FORD","Station Wagon","M",33,"30-39","Drivers"
"T20190016668","31/8/19",09:30:00,"Collision with vehicle","Saturday","Day",2,2,"T intersection",3,60,"A",2019,"WAGON","HONDA","Station Wagon","M",22,"22-25","Drivers"
"T20190016668","31/8/19",09:30:00,"Collision with vehicle","Saturday","Day",2,2,"T intersection",3,60,"B",1997,"WAGON","SUBARU","Station Wagon","F",69,"64-69","Drivers"
"T20190016671","31/8/19",11:30:00,"Collision with vehicle","Saturday","Day",4,5,"Not at intersection",3,60,"A",2014,"WAGON","NISSAN","Station Wagon","M",42,"40-49","Drivers"
"T20190016671","31/8/19",11:30:00,"Collision with vehicle","Saturday","Day",4,5,"Not at intersection",3,60,"B",2016,"WAGON","MAZDA","Station Wagon","F",75,"70+","Drivers"
"T20190016671","31/8/19",11:30:00,"Collision with vehicle","Saturday","Day",4,5,"Not at intersection",3,60,"C",2011,"SEDAN","MAZDA","Car","F",53,"50-59","Drivers"
"T20190016671","31/8/19",11:30:00,"Collision with vehicle","Saturday","Day",4,5,"Not at intersection",3,60,"D",2012,"SEDAN","HYNDAI","Car","F",25,"22-25","Drivers"
"T20190016674","31/8/19",10:50:00,"Collision with vehicle","Saturday","Day",2,2,"T intersection",3,60,"A",2017,"SEDAN","HOLDEN","Car","F",66,"64-69","Drivers"
"T20190016675","31/8/19",10:35:00,"Collision with vehicle","Saturday","Day",2,2,"Not at intersection",2,60,"A",2016,"SEDAN","NISSAN","Car","M",76,"70+","Drivers"
"T20190016675","31/8/19",10:35:00,"Collision with vehicle","Saturday","Day",2,2,"Not at intersection",2,60,"B",2001,"SEDAN","TOYOTA","Car","M",32,"30-39","Drivers"
"T20190016676","30/8/19",15:40:00,"Collision with vehicle","Friday","Day",2,2,"Not at intersection",3,80,"A",2004,"SEDAN","HOLDEN","Car","F",21,"17-21","Drivers"
"T20190016676","30/8/19",15:40:00,"Collision with vehicle","Friday","Day",2,2,"Not at intersection",3,80,"B",2017,"SEDAN","HOLDEN","Car","F",38,"30-39","Drivers"
"T20190016677","31/8/19",11:34:00,"Collision with a fixed object","Saturday","Day",1,1,"Not at intersection",3,100,"A",2010,"WAGON","NISSAN","Station Wagon","M",30,"30-39","Drivers"
"T20190016678","31/8/19",14:20:00,"Collision with vehicle","Saturday","Day",2,2,"T intersection",3,70,"A",2002,"SEDAN","FORD","Car","M",72,"70+","Drivers"
"T20190016679","18/6/19",08:15:00,"Collision with vehicle","Tuesday","Day",5,5,"Not at intersection",2,80,"A",2009,"S WAG","B M W","Station Wagon","M",29,"26-29","Drivers"
"T20190016679","18/6/19",08:15:00,"Collision with vehicle","Tuesday","Day",5,5,"Not at intersection",2,80,"B",2010,"SEDAN","MAZDA","Car","F",31,"30-39","Drivers"
"T20190016679","18/6/19",08:15:00,"Collision with vehicle","Tuesday","Day",5,5,"Not at intersection",2,80,"C",2005,"SEDAN","HONDA","Car","F",33,"30-39","Drivers"
"T20190016679","18/6/19",08:15:00,"Collision with vehicle","Tuesday","Day",5,5,"Not at intersection",2,80,"D",2017,"WAGON","B M W","Station Wagon","F",40,"40-49","Drivers"
"T20190016679","18/6/19",08:15:00,"Collision with vehicle","Tuesday","Day",5,5,"Not at intersection",2,80,"E",2009,"SEDAN","SUZUKI","Car","M",37,"30-39","Drivers"
"T20190016681","31/8/19",14:15:00,"Collision with a fixed object","Saturday","Day",1,1,"Cross intersection",2,60,"A",2012,"SEDAN","MERC B","Car","M",83,"70+","Drivers"
"T20190016682","31/8/19",13:35:00,"Collision with vehicle","Saturday","Day",2,2,"Not at intersection",3,70,"B",2016,"SEDAN","MAZDA","Car","M",37,"30-39","Drivers"
"T20190016685","31/8/19",15:20:00,"Collision with vehicle","Saturday","Day",2,2,"Not at intersection",3,40,"A",2012,"SEDAN","B M W","Car","M",53,"50-59","Drivers"
"T20190016690","31/8/19",14:10:00,"Collision with a fixed object","Saturday","Day",1,1,"Not at intersection",3,100,"A",2005,"SEDAN","HONDA","Car","F",31,"30-39","Drivers"
"T20190016691","31/8/19",14:50:00,"Collision with vehicle","Saturday","Day",3,3,"Not at intersection",3,60,"A",2015,"SEDAN","HONDA","Car","F",55,"50-59","Drivers"
"T20190016691","31/8/19",14:50:00,"Collision with vehicle","Saturday","Day",3,3,"Not at intersection",3,60,"B",2014,"DC UTE","FORD","Utility","M",23,"22-25","Drivers"
"T20190016691","31/8/19",14:50:00,"Collision with vehicle","Saturday","Day",3,3,"Not at intersection",3,60,"C",2001,"VAN","SUZUKI","Panel Van","M",60,"60-64","Drivers"
"T20190016694","31/8/19",15:29:00,"Collision with vehicle","Saturday","Day",2,2,"Not at intersection",3,999,"A",2017,"WAGON","MAZDA","Station Wagon","F",22,"22-25","Drivers"
"T20190016695","31/8/19",15:45:00,"Collision with a fixed object","Saturday","Day",1,2,"T intersection",3,50,"A",2001,"TIPPER","MITSUB","Light Commercial Vehicle (Rigid) <= 4.5 Tonnes GVM","M",47,"40-49","Drivers"
"T20190016696","5/7/19",19:50:00,"Collision with vehicle","Friday","Dark Street lights on",2,2,"Multiple intersection",3,100,"A",2009,"SEDAN","FORD","Car","M",27,"26-29","Drivers"
"T20190016696","5/7/19",19:50:00,"Collision with vehicle","Friday","Dark Street lights on",2,2,"Multiple intersection",3,100,"B",2018,"P MVR","KENWTH","Prime Mover Only","M",32,"30-39","Drivers"
"T20190016697","31/8/19",14:11:00,"Collision with vehicle","Saturday","Day",2,4,"Not at intersection",3,60,"A",2014,"WAGON","CHRYS","Station Wagon","F",69,"64-69","Drivers"
"T20190016697","31/8/19",14:11:00,"Collision with vehicle","Saturday","Day",2,4,"Not at intersection",3,60,"B",2004,"SEDAN","MAZDA","Car","F",30,"30-39","Drivers"
"T20190016702","31/8/19",00:10:00,"Collision with a fixed object","Saturday","Dark Street lights on",1,1,"T intersection",3,60,"A",2007,"SEDAN","HOLDEN","Car","M",56,"50-59","Drivers"
"T20190016703","31/8/19",16:50:00,"Collision with vehicle","Saturday","Day",2,2,"Not at intersection",3,999,"A",2002,"DC UTE","TOYOTA","Utility","M",57,"50-59","Drivers"
"T20190016703","31/8/19",16:50:00,"Collision with vehicle","Saturday","Day",2,2,"Not at intersection",3,999,"B",0,"DC UTE","HOLDEN","Utility","M",51,"50-59","Drivers"
"T20190016704","31/8/19",17:50:00,"Collision with vehicle","Saturday","Dusk/Dawn",5,7,"Not at intersection",3,80,"A",2012,"WAGON","SUBARU","Station Wagon","M",59,"50-59","Drivers"
"T20190016704","31/8/19",17:50:00,"Collision with vehicle","Saturday","Dusk/Dawn",5,7,"Not at intersection",3,80,"B",2005,"SEDAN","FORD","Car","M",22,"22-25","Drivers"
"T20190016704","31/8/19",17:50:00,"Collision with vehicle","Saturday","Dusk/Dawn",5,7,"Not at intersection",3,80,"C",2012,"SEDAN","HOLDEN","Car","M",26,"26-29","Drivers"
"T20190016704","31/8/19",17:50:00,"Collision with vehicle","Saturday","Dusk/Dawn",5,7,"Not at intersection",3,80,"D",2018,"WAGON","TOYOTA","Station Wagon","M",23,"22-25","Drivers"
"T20190016704","31/8/19",17:50:00,"Collision with vehicle","Saturday","Dusk/Dawn",5,7,"Not at intersection",3,80,"E",2000,"SEDAN","HOLDEN","Car","M",28,"26-29","Drivers"
"T20190016714","31/8/19",14:45:00,"Collision with a fixed object","Saturday","Day",2,3,"Not at intersection",3,50,"A",2002,"UTIL","HOLDEN","Utility","M",13,"13-15","Drivers"
"T20190016714","31/8/19",14:45:00,"Collision with a fixed object","Saturday","Day",2,3,"Not at intersection",3,50,"B",2018,"DC UTE","HOLDEN","Utility","U",NA,"unknown","Drivers"
"T20190016715","31/8/19",18:00:00,"Collision with vehicle","Saturday","Dark No street lights",2,2,"Not at intersection",3,80,"A",2014,"SEDAN","HYNDAI","Car","F",80,"70+","Drivers"
"T20190016715","31/8/19",18:00:00,"Collision with vehicle","Saturday","Dark No street lights",2,2,"Not at intersection",3,80,"B",1991,"SEDAN","SAAB","Car","M",53,"50-59","Drivers"
"T20190016716","31/8/19",05:30:00,"Collision with a fixed object","Saturday","Dark Street lights on",2,3,"Cross intersection",3,50,"A",2000,"S WAG","FORD","Station Wagon","F",26,"26-29","Drivers"
"T20190016716","31/8/19",05:30:00,"Collision with a fixed object","Saturday","Dark Street lights on",2,3,"Cross intersection",3,50,"B",2017,"UTIL","HOLDEN","Utility","U",NA,"unknown","Drivers"
"T20190016719","31/8/19",20:00:00,"Struck Pedestrian","Saturday","Unknown",1,2,"T intersection",3,50,"A",2014,"SEDAN","HYNDAI","Car","M",26,"26-29","Drivers"
"T20190016720","31/8/19",20:07:00,"Collision with vehicle","Saturday","Dark Street lights on",2,5,"Cross intersection",3,70,"A",2014,"SEDAN","NISSAN","Car","M",25,"22-25","Drivers"
"T20190016720","31/8/19",20:07:00,"Collision with vehicle","Saturday","Dark Street lights on",2,5,"Cross intersection",3,70,"B",2006,"SED","FORD","Car","U",NA,"unknown","Drivers"
"T20190016723","31/8/19",21:09:00,"Collision with vehicle","Saturday","Dark Street lights on",3,1,"Not at intersection",3,50,"A",2015,"SEDAN","TOYOTA","Car","M",28,"26-29","Drivers"
"T20190016724","31/8/19",16:00:00,"Collision with a fixed object","Saturday","Dusk/Dawn",1,3,"Not at intersection",3,100,"A",2007,"UTIL","TOYOTA","Utility","M",21,"17-21","Drivers"
"T20190016727","31/8/19",23:15:00,"Collision with a fixed object","Saturday","Dark Street lights on",1,1,"Not at intersection",3,80,"A",2010,"SEDAN","MERC B","Car","M",42,"40-49","Drivers"
"T20190016728","31/8/19",23:24:00,"Collision with vehicle","Saturday","Dark Street lights on",2,3,"Not at intersection",2,80,"B",2015,"JEEP","DODGE","Car","M",69,"64-69","Drivers"
"T20190016734","1/9/19",00:30:00,"Collision with a fixed object","Sunday","Dark No street lights",1,2,"Not at intersection",3,100,"A",2001,"SEDAN","HOLDEN","Car","F",19,"17-21","Drivers"
"T20190016740","31/8/19",11:08:00,"Collision with vehicle","Saturday","Day",2,2,"T intersection",3,60,"A",2006,"SEDAN","TOYOTA","Car","F",22,"22-25","Drivers"
"T20190016740","31/8/19",11:08:00,"Collision with vehicle","Saturday","Day",2,2,"T intersection",3,60,"B",2010,"WAGON","HYNDAI","Station Wagon","M",54,"50-59","Drivers"
"T20190016742","29/8/19",11:30:00,"Collision with vehicle","Thursday","Day",2,2,"Not at intersection",3,40,"B",2011,"WAGON","HOLDEN","Station Wagon","F",41,"40-49","Drivers"
"T20190016749","1/9/19",09:18:00,"Collision with vehicle","Sunday","Day",3,3,"Multiple intersection",3,999,"A",2002,"SEDAN","TOYOTA","Car","F",43,"40-49","Drivers"
"T20190016749","1/9/19",09:18:00,"Collision with vehicle","Sunday","Day",3,3,"Multiple intersection",3,999,"B",2016,"WAGON","HYNDAI","Station Wagon","M",52,"50-59","Drivers"
"T20190016749","1/9/19",09:18:00,"Collision with vehicle","Sunday","Day",3,3,"Multiple intersection",3,999,"C",1999,"VAN","MAZDA","Panel Van","M",57,"50-59","Drivers"
"T20190016750","1/9/19",10:55:00,"Collision with vehicle","Sunday","Day",2,5,"T intersection",3,60,"A",2018,"SEDAN","MERC B","Car","M",35,"30-39","Drivers"
"T20190016750","1/9/19",10:55:00,"Collision with vehicle","Sunday","Day",2,5,"T intersection",3,60,"B",2006,"SEDAN","HOLDEN","Car","F",77,"70+","Drivers"
"T20190016751","28/7/19",16:40:00,"Collision with vehicle","Sunday","Day",2,5,"Not at intersection",3,50,"A",2008,"SEDAN","HOLDEN","Car","F",30,"30-39","Drivers"
"T20190016751","28/7/19",16:40:00,"Collision with vehicle","Sunday","Day",2,5,"Not at intersection",3,50,"B",2006,"SEDAN","MITSUB","Car","M",20,"17-21","Drivers"
"T20190016754","1/9/19",09:00:00,"Collision with vehicle","Sunday","Day",2,6,"Not at intersection",3,30,"A",2012,"SEDAN","HONDA","Car","M",33,"30-39","Drivers"
"T20190016754","1/9/19",09:00:00,"Collision with vehicle","Sunday","Day",2,6,"Not at intersection",3,30,"B",2017,"S WAG","NISSAN","Station Wagon","M",26,"26-29","Drivers"
"T20190016755","1/9/19",12:35:00,"Collision with vehicle","Sunday","Day",3,4,"Cross intersection",3,999,"A",2011,"SEDAN","TOYOTA","Car","M",36,"30-39","Drivers"
"T20190016755","1/9/19",12:35:00,"Collision with vehicle","Sunday","Day",3,4,"Cross intersection",3,999,"B",2004,"SEDAN","HONDA","Car","F",53,"50-59","Drivers"
"T20190016755","1/9/19",12:35:00,"Collision with vehicle","Sunday","Day",3,4,"Cross intersection",3,999,"C",2018,"WAGON","NISSAN","Station Wagon","F",20,"17-21","Drivers"
"T20190016756","1/9/19",11:00:00,"Collision with a fixed object","Sunday","Day",1,1,"Not at intersection",3,100,"A",1991,"SEDAN","TOYOTA","Car","M",28,"26-29","Drivers"
"T20190016757","1/9/19",13:00:00,"Collision with vehicle","Sunday","Day",2,1,"Not at intersection",3,60,"A",2008,"SEDAN","MERC B","Car","M",80,"70+","Drivers"
"T20190016758","1/9/19",11:38:00,"Collision with vehicle","Sunday","Day",3,4,"Not at intersection",3,60,"A",2006,"SEDAN","HOLDEN","Car","M",55,"50-59","Drivers"
"T20190016758","1/9/19",11:38:00,"Collision with vehicle","Sunday","Day",3,4,"Not at intersection",3,60,"B",2011,"WAGON","HOLDEN","Station Wagon","F",42,"40-49","Drivers"
"T20190016758","1/9/19",11:38:00,"Collision with vehicle","Sunday","Day",3,4,"Not at intersection",3,60,"C",2010,"VAN","MITSUB","Heavy Vehicle (Rigid) > 4.5 Tonnes","M",20,"17-21","Drivers"
"T20190016759","1/9/19",13:56:00,"Collision with vehicle","Sunday","Day",2,2,"Cross intersection",3,60,"A",2008,"SEDAN","HOLDEN","Car","F",90,"70+","Drivers"
"T20190016759","1/9/19",13:56:00,"Collision with vehicle","Sunday","Day",2,2,"Cross intersection",3,60,"B",2011,"WAGON","JEEP","Station Wagon","M",39,"30-39","Drivers"
"T20190016761","1/9/19",14:00:00,"Collision with vehicle","Sunday","Day",3,4,"Not at intersection",3,80,"A",2015,"SEDAN","VOLKS","Car","M",68,"64-69","Drivers"
"T20190016761","1/9/19",14:00:00,"Collision with vehicle","Sunday","Day",3,4,"Not at intersection",3,80,"B",2014,"SEDAN","TOYOTA","Car","M",28,"26-29","Drivers"
"T20190016761","1/9/19",14:00:00,"Collision with vehicle","Sunday","Day",3,4,"Not at intersection",3,80,"C",2016,"SEDAN","TOYOTA","Car","U",NA,"unknown","Drivers"
"T20190016763","1/9/19",10:49:00,"Collision with a fixed object","Sunday","Day",1,2,"Not at intersection",3,80,"A",2011,"DC UTE","NISSAN","Utility","M",21,"17-21","Drivers"
"T20190016764","30/8/19",14:00:00,"Collision with vehicle","Friday","Day",2,2,"Cross intersection",3,80,"A",2017,"SEDAN","SKODA","Car","M",74,"70+","Drivers"
"T20190016764","30/8/19",14:00:00,"Collision with vehicle","Friday","Day",2,2,"Cross intersection",3,80,"B",2017,"WAGON","HOLDEN","Station Wagon","M",72,"70+","Drivers"
"T20190016766","1/9/19",14:05:00,"Collision with vehicle","Sunday","Day",2,5,"T intersection",2,70,"A",2015,"WAGON","SUBARU","Station Wagon","M",33,"30-39","Drivers"
"T20190016766","1/9/19",14:05:00,"Collision with vehicle","Sunday","Day",2,5,"T intersection",2,70,"B",2004,"SEDAN","HYNDAI","Car","F",28,"26-29","Drivers"
"T20190016769","1/9/19",15:10:00,"Struck Pedestrian","Sunday","Day",1,2,"Not at intersection",3,50,"A",0,"DC UTE","FORD","Utility","U",NA,"unknown","Drivers"
"T20190016771","29/8/19",17:10:00,"Struck Pedestrian","Thursday","Dusk/Dawn",1,2,"Cross intersection",3,999,"A",2007,"SEDAN","PEUG","Car","F",22,"22-25","Drivers"
"T20190016772","1/9/19",11:15:00,"Vehicle overturned (no collision)","Sunday","Day",1,1,"Not at intersection",3,100,"A",1995,"SEDAN","NISSAN","Car","F",18,"17-21","Drivers"
"T20190016773","1/9/19",15:56:00,"Collision with vehicle","Sunday","Day",2,3,"Not at intersection",2,50,"B",2007,"WAGON","MITSUB","Station Wagon","U",42,"40-49","Drivers"
"T20190016774","19/8/19",09:30:00,"Collision with vehicle","Monday","Day",3,3,"Not at intersection",3,80,"A",2014,"WAGON","JEEP","Station Wagon","M",27,"26-29","Drivers"
"T20190016774","19/8/19",09:30:00,"Collision with vehicle","Monday","Day",3,3,"Not at intersection",3,80,"B",2011,"WAGON","L ROV","Station Wagon","F",67,"64-69","Drivers"
"T20190016774","19/8/19",09:30:00,"Collision with vehicle","Monday","Day",3,3,"Not at intersection",3,80,"C",1991,"S WAG","TOYOTA","Station Wagon","M",60,"60-64","Drivers"
"T20190016775","1/9/19",16:17:00,"Collision with a fixed object","Sunday","Day",1,1,"Not at intersection",3,80,"A",1995,"SEDAN","FORD","Car","F",34,"30-39","Drivers"
"T20190016776","1/9/19",17:30:00,"Collision with vehicle","Sunday","Dusk/Dawn",2,2,"Cross intersection",3,80,"A",2014,"SEDAN","TOYOTA","Car","M",36,"30-39","Drivers"
"T20190016776","1/9/19",17:30:00,"Collision with vehicle","Sunday","Dusk/Dawn",2,2,"Cross intersection",3,80,"B",2001,"SEDAN","TOYOTA","Car","M",29,"26-29","Drivers"
"T20190016777","1/9/19",17:10:00,"Collision with a fixed object","Sunday","Dusk/Dawn",1,2,"Not at intersection",3,100,"A",2008,"SEDAN","MITSUB","Car","F",43,"40-49","Drivers"
"T20190016778","1/9/19",18:00:00,"Struck Pedestrian","Sunday","Dark Street lights unknown",1,2,"Not at intersection",2,999,"A",0,"UTIL","UNKN","Utility","U",NA,"unknown","Drivers"
"T20190016784","1/9/19",19:45:00,"Collision with vehicle","Sunday","Dark Street lights on",2,1,"Not at intersection",3,50,"A",2012,"SEDAN","MITSUB","Car","M",35,"30-39","Drivers"
"T20190016785","1/9/19",15:00:00,"Collision with a fixed object","Sunday","Day",1,1,"Not at intersection",3,80,"A",2008,"SEDAN","MAZDA","Car","F",18,"17-21","Drivers"
"T20190016788","2/9/19",06:22:00,"Struck Pedestrian","Monday","Day",1,3,"Cross intersection",3,60,"A",2011,"SEDAN","HOLDEN","Car","M",26,"26-29","Drivers"
"T20190016789","28/8/19",15:30:00,"Collision with vehicle","Wednesday","Day",2,1,"Not at intersection",3,60,"A",2016,"SEDAN","HYNDAI","Car","M",76,"70+","Drivers"
"T20190016791","2/9/19",06:45:00,"Collision with vehicle","Monday","Dusk/Dawn",2,2,"T intersection",3,60,"A",1998,"SEDAN","HONDA","Car","M",52,"50-59","Drivers"
"T20190016791","2/9/19",06:45:00,"Collision with vehicle","Monday","Dusk/Dawn",2,2,"T intersection",3,60,"B",2002,"SEDAN","B M W","Car","M",20,"17-21","Drivers"
"T20190016792","1/9/19",19:25:00,"Collision with vehicle","Sunday","Dark Street lights on",2,1,"Not at intersection",3,60,"A",1990,"WAGON","TOYOTA","Station Wagon","F",39,"30-39","Drivers"
"T20190016794","2/9/19",07:45:00,"Collision with vehicle","Monday","Day",2,2,"Cross intersection",3,50,"A",0,"DC UTE","TOYOTA","Utility","M",55,"50-59","Drivers"
"T20190016794","2/9/19",07:45:00,"Collision with vehicle","Monday","Day",2,2,"Cross intersection",3,50,"B",2009,"UTIL","HOLDEN","Utility","M",23,"22-25","Drivers"
"T20190016796","2/9/19",07:44:00,"Collision with vehicle","Monday","Day",2,2,"Cross intersection",2,50,"B",2018,"WAGON","SUBARU","Station Wagon","M",56,"50-59","Drivers"
"T20190016800","2/9/19",07:30:00,"Vehicle overturned (no collision)","Monday","Day",1,1,"Multiple intersection",3,80,"A",2007,"C MIX","HINO","Heavy Vehicle (Rigid) > 4.5 Tonnes","M",38,"30-39","Drivers"
"T20190016803","29/8/19",06:05:00,"Collision with vehicle","Thursday","Dark Street lights on",2,2,"Cross intersection",3,60,"A",2011,"DC UTE","TOYOTA","Utility","M",25,"22-25","Drivers"
"T20190016803","29/8/19",06:05:00,"Collision with vehicle","Thursday","Dark Street lights on",2,2,"Cross intersection",3,60,"B",2002,"SEDAN","HOLDEN","Car","M",43,"40-49","Drivers"
"T20190016806","2/9/19",08:30:00,"Collision with a fixed object","Monday","Day",1,1,"Multiple intersection",3,60,"A",2000,"SED","HOLDEN","Car","F",27,"26-29","Drivers"
"T20190016807","2/9/19",09:05:00,"Struck Pedestrian","Monday","Day",1,2,"T intersection",3,50,"A",2013,"BUS","VOLVO","Bus/Coach","M",60,"60-64","Drivers"
"T20190016809","2/9/19",09:50:00,"Collision with vehicle","Monday","Day",2,3,"Multiple intersection",3,60,"A",2008,"WAGON","JEEP","Station Wagon","F",30,"30-39","Drivers"
"T20190016809","2/9/19",09:50:00,"Collision with vehicle","Monday","Day",2,3,"Multiple intersection",3,60,"B",2012,"DC UTE","HOLDEN","Utility","M",50,"50-59","Drivers"
"T20190016811","28/8/19",17:45:00,"Collision with a fixed object","Wednesday","Dusk/Dawn",1,1,"Not at intersection",3,100,"A",1991,"S WAG","TOYOTA","Station Wagon","M",55,"50-59","Drivers"
"T20190016813","2/9/19",09:16:00,"Collision with vehicle","Monday","Day",3,5,"T intersection",3,60,"A",2017,"WAGON","KIA","Station Wagon","F",37,"30-39","Drivers"
"T20190016813","2/9/19",09:16:00,"Collision with vehicle","Monday","Day",3,5,"T intersection",3,60,"B",2006,"SEDAN","TOYOTA","Car","F",72,"70+","Drivers"
"T20190016813","2/9/19",09:16:00,"Collision with vehicle","Monday","Day",3,5,"T intersection",3,60,"C",2014,"SEDAN","HYNDAI","Car","U",NA,"unknown","Drivers"
"T20190016815","2/9/19",12:29:00,"Collision with vehicle","Monday","Day",2,2,"T intersection",3,60,"A",2012,"SEDAN","TOYOTA","Car","F",48,"40-49","Drivers"
"T20190016815","2/9/19",12:29:00,"Collision with vehicle","Monday","Day",2,2,"T intersection",3,60,"B",2018,"WAGON","TOYOTA","Station Wagon","M",51,"50-59","Drivers"
"T20190016816","2/9/19",13:10:00,"Collision with vehicle","Monday","Day",2,2,"Cross intersection",3,80,"A",0,"S WAG","UNKN","Station Wagon","M",22,"22-25","Drivers"
"T20190016816","2/9/19",13:10:00,"Collision with vehicle","Monday","Day",2,2,"Cross intersection",3,80,"B",2010,"SEDAN","MAZDA","Car","F",42,"40-49","Drivers"
"T20190016820","2/9/19",07:50:00,"Collision with vehicle","Monday","Day",2,2,"T intersection",3,70,"A",2007,"S WAG","SUBARU","Station Wagon","M",25,"22-25","Drivers"
"T20190016822","2/9/19",13:00:00,"Collision with vehicle","Monday","Day",2,4,"Cross intersection",3,60,"A",2007,"SEDAN","HOLDEN","Car","F",18,"17-21","Drivers"
"T20190016822","2/9/19",13:00:00,"Collision with vehicle","Monday","Day",2,4,"Cross intersection",3,60,"B",2008,"SEDAN","TOYOTA","Car","M",23,"22-25","Drivers"
"T20190016823","18/8/19",13:20:00,"Collision with a fixed object","Sunday","Day",1,4,"Not at intersection",3,100,"A",1999,"SEDAN","NISSAN","Car","F",24,"22-25","Drivers"
"T20190016824","2/9/19",13:30:00,"Collision with a fixed object","Monday","Day",1,1,"T intersection",3,40,"A",2011,"S WAG","MERC B","Station Wagon","F",62,"60-64","Drivers"
"T20190016828","27/8/19",16:00:00,"Collision with vehicle","Tuesday","Day",2,2,"Not at intersection",3,40,"B",0,NA,"UNKN","Taxi","U",NA,"unknown","Drivers"
"T20190016829","1/9/19",16:45:00,"Collision with vehicle","Sunday","Day",2,2,"Cross intersection",3,60,"A",1998,"COUPE","TOYOTA","Car","F",35,"30-39","Drivers"
"T20190016829","1/9/19",16:45:00,"Collision with vehicle","Sunday","Day",2,2,"Cross intersection",3,60,"B",2019,"SEDAN","VOLKS","Car","F",20,"17-21","Drivers"
"T20190016832","2/9/19",15:10:00,"Collision with vehicle","Monday","Day",2,2,"Not at intersection",3,80,"A",2018,"TIPPER","HINO","Heavy Vehicle (Rigid) > 4.5 Tonnes","M",31,"30-39","Drivers"
"T20190016832","2/9/19",15:10:00,"Collision with vehicle","Monday","Day",2,2,"Not at intersection",3,80,"B",2013,"WAGON","HOLDEN","Station Wagon","F",49,"40-49","Drivers"
"T20190016833","2/9/19",15:25:00,"Collision with a fixed object","Monday","Day",1,1,"Not at intersection",3,80,"A",2000,"SEDAN","TOYOTA","Car","F",37,"30-39","Drivers"
"T20190016838","2/9/19",15:45:00,"Collision with vehicle","Monday","Day",2,2,"Not at intersection",3,100,"A",2009,"SEDAN","HOLDEN","Car","F",69,"64-69","Drivers"
"T20190016838","2/9/19",15:45:00,"Collision with vehicle","Monday","Day",2,2,"Not at intersection",3,100,"B",2009,"VAN","VOLKS","Panel Van","M",NA,"unknown","Drivers"
"T20190016839","2/9/19",06:50:00,"Collision with vehicle","Monday","Dusk/Dawn",3,3,"Multiple intersection",3,999,"A",2010,"WAGON","MAZDA","Station Wagon","F",28,"26-29","Drivers"
"T20190016839","2/9/19",06:50:00,"Collision with vehicle","Monday","Dusk/Dawn",3,3,"Multiple intersection",3,999,"B",2014,"DC UTE","MITSUB","Utility","M",31,"30-39","Drivers"
"T20190016839","2/9/19",06:50:00,"Collision with vehicle","Monday","Dusk/Dawn",3,3,"Multiple intersection",3,999,"C",1995,"WAGON","NISSAN","Station Wagon","M",23,"22-25","Drivers"
"T20190016840","1/8/19",13:45:00,"Collision with vehicle","Thursday","Day",3,1,"Not at intersection",3,50,"A",2014,"SEDAN","NISSAN","Car","M",80,"70+","Drivers"
"T20190016842","31/8/19",15:00:00,"Collision with vehicle","Saturday","Day",2,3,"Not at intersection",3,80,"A",2013,"WAGON","HOLDEN","Station Wagon","M",29,"26-29","Drivers"
"T20190016842","31/8/19",15:00:00,"Collision with vehicle","Saturday","Day",2,3,"Not at intersection",3,80,"B",2018,"SEDAN","HOLDEN","Car","F",19,"17-21","Drivers"
"T20190016843","2/9/19",17:24:00,"Collision with vehicle","Monday","Dusk/Dawn",2,3,"Not at intersection",3,60,"A",2010,"UTIL","FORD","Utility","M",22,"22-25","Drivers"