"ACCIDENT_NO","ACCIDENTDATE","ACCIDENTTIME","Accident Type Desc","Day Week Description","Light Condition Desc","NO_OF_VEHICLES","NO_PERSONS","Road Geometry Desc","SEVERITY","SPEED_ZONE","VEHICLE_ID","VEHICLE_YEAR_MANUF","VEHICLE_BODY_STYLE","VEHICLE_MAKE","Vehicle Type Desc","SEX","AGE","Age Group","Road User Type Desc"
"T20190016843","2/9/19",17:24:00,"Collision with vehicle","Monday","Dusk/Dawn",2,3,"Not at intersection",3,60,"B",2005,"S WAG","HOLDEN","Station Wagon","M",20,"17-21","Drivers"
"T20190016845","30/8/19",05:50:00,"Collision with vehicle","Friday","Dusk/Dawn",2,2,"Cross intersection",3,999,"A",2000,"SEDAN","MITSUB","Car","M",23,"22-25","Drivers"
"T20190016845","30/8/19",05:50:00,"Collision with vehicle","Friday","Dusk/Dawn",2,2,"Cross intersection",3,999,"B",2011,"WAGON","NISSAN","Station Wagon","M",40,"40-49","Drivers"
"T20190016846","2/9/19",19:05:00,"Struck Pedestrian","Monday","Dark Street lights on",2,2,"T intersection",3,50,"A",2015,"SEDAN","TOYOTA","Car","M",70,"70+","Drivers"
"T20190016847","28/8/19",08:15:00,"Collision with vehicle","Wednesday","Day",3,4,"Not at intersection",3,80,"A",1999,"SEDAN","HOLDEN","Car","F",32,"30-39","Drivers"
"T20190016847","28/8/19",08:15:00,"Collision with vehicle","Wednesday","Day",3,4,"Not at intersection",3,80,"B",2007,"SED","MERC B","Car","M",30,"30-39","Drivers"
"T20190016847","28/8/19",08:15:00,"Collision with vehicle","Wednesday","Day",3,4,"Not at intersection",3,80,"C",2016,"WAGON","MAZDA","Station Wagon","F",38,"30-39","Drivers"
"T20190016848","22/5/19",08:20:00,"Collision with vehicle","Wednesday","Day",2,2,"T intersection",3,70,"A",2004,"SEDAN","MAZDA","Car","F",39,"30-39","Drivers"
"T20190016848","22/5/19",08:20:00,"Collision with vehicle","Wednesday","Day",2,2,"T intersection",3,70,"B",2011,"WAGON","MAZDA","Station Wagon","F",28,"26-29","Drivers"
"T20190016849","2/9/19",18:30:00,"Struck Pedestrian","Monday","Dark Street lights on",1,2,"Cross intersection",3,70,"A",2006,"SED","TOYOTA","Car","F",29,"26-29","Drivers"
"T20190016850","26/7/19",18:25:00,"Collision with vehicle","Friday","Dusk/Dawn",2,2,"Cross intersection",3,60,"A",2018,"UTIL","ISUZU","Utility","M",54,"50-59","Drivers"
"T20190016850","26/7/19",18:25:00,"Collision with vehicle","Friday","Dusk/Dawn",2,2,"Cross intersection",3,60,"B",2008,"SEDAN","SUBARU","Car","F",41,"40-49","Drivers"
"T20190016853","31/8/19",12:20:00,"Collision with vehicle","Saturday","Day",3,3,"Not at intersection",3,60,"A",2015,"DC UTE","MAZDA","Utility","M",47,"40-49","Drivers"
"T20190016853","31/8/19",12:20:00,"Collision with vehicle","Saturday","Day",3,3,"Not at intersection",3,60,"B",2004,"WAGON","TOYOTA","Station Wagon","M",46,"40-49","Drivers"
"T20190016853","31/8/19",12:20:00,"Collision with vehicle","Saturday","Day",3,3,"Not at intersection",3,60,"C",2008,"SEDAN","TOYOTA","Car","M",29,"26-29","Drivers"
"T20190016856","2/9/19",15:47:00,"Collision with vehicle","Monday","Day",2,2,"Cross intersection",3,60,"A",2008,"SEDAN","HOLDEN","Car","M",26,"26-29","Drivers"
"T20190016856","2/9/19",15:47:00,"Collision with vehicle","Monday","Day",2,2,"Cross intersection",3,60,"B",2016,"UTIL","HOLDEN","Utility","M",53,"50-59","Drivers"
"T20190016861","30/8/19",16:28:00,"Collision with vehicle","Friday","Day",2,2,"T intersection",3,60,"A",2013,"WAGON","TOYOTA","Station Wagon","F",47,"40-49","Drivers"
"T20190016861","30/8/19",16:28:00,"Collision with vehicle","Friday","Day",2,2,"T intersection",3,60,"B",2010,"DC UTE","MITSUB","Utility","M",24,"22-25","Drivers"
"T20190016863","2/9/19",08:35:00,"Collision with vehicle","Monday","Day",2,2,"Not at intersection",2,40,"A",2002,"SEDAN","MAZDA","Car","F",46,"40-49","Drivers"
"T20190016864","3/9/19",08:00:00,"Collision with vehicle","Tuesday","Day",3,3,"Not at intersection",3,60,"A",1996,"SEDAN","HOLDEN","Car","F",57,"50-59","Drivers"
"T20190016864","3/9/19",08:00:00,"Collision with vehicle","Tuesday","Day",3,3,"Not at intersection",3,60,"B",2011,"SEDAN","HOLDEN","Car","M",38,"30-39","Drivers"
"T20190016864","3/9/19",08:00:00,"Collision with vehicle","Tuesday","Day",3,3,"Not at intersection",3,60,"C",2004,"SEDAN","HOLDEN","Car","M",28,"26-29","Drivers"
"T20190016865","2/9/19",16:50:00,"Collision with vehicle","Monday","Dusk/Dawn",2,2,"Not at intersection",3,40,"B",2015,"VAN","TOYOTA","Panel Van","M",33,"30-39","Drivers"
"T20190016866","3/9/19",08:45:00,"Collision with vehicle","Tuesday","Day",4,5,"Cross intersection",3,60,"A",2007,"T SDS","TOYOTA","Light Commercial Vehicle (Rigid) <= 4.5 Tonnes GVM","M",58,"50-59","Drivers"
"T20190016866","3/9/19",08:45:00,"Collision with vehicle","Tuesday","Day",4,5,"Cross intersection",3,60,"B",2009,"SEDAN","TOYOTA","Car","F",37,"30-39","Drivers"
"T20190016866","3/9/19",08:45:00,"Collision with vehicle","Tuesday","Day",4,5,"Cross intersection",3,60,"C",2015,"SEDAN","B M W","Car","F",28,"26-29","Drivers"
"T20190016866","3/9/19",08:45:00,"Collision with vehicle","Tuesday","Day",4,5,"Cross intersection",3,60,"D",2010,"SEDAN","FORD","Car","M",34,"30-39","Drivers"
"T20190016867","19/8/19",10:30:00,"Collision with vehicle","Monday","Day",2,2,"Cross intersection",3,70,"A",2005,"SEDAN","TOYOTA","Car","M",78,"70+","Drivers"
"T20190016870","3/9/19",10:10:00,"Collision with vehicle","Tuesday","Day",2,2,"Not at intersection",3,60,"A",2019,"P MVR","MERC B","Prime Mover - Single Trailer","M",27,"26-29","Drivers"
"T20190016870","3/9/19",10:10:00,"Collision with vehicle","Tuesday","Day",2,2,"Not at intersection",3,60,"B",2008,"P MVR","F LINE","Prime Mover - Single Trailer","M",61,"60-64","Drivers"
"T20190016873","3/9/19",10:10:00,"Collision with vehicle","Tuesday","Day",2,2,"T intersection",3,80,"A",1994,"SEDAN","B M W","Car","F",45,"40-49","Drivers"
"T20190016873","3/9/19",10:10:00,"Collision with vehicle","Tuesday","Day",2,2,"T intersection",3,80,"B",2017,"VAN","ISUZU","Light Commercial Vehicle (Rigid) <= 4.5 Tonnes GVM","M",27,"26-29","Drivers"
"T20190016874","2/9/19",14:14:00,"Collision with vehicle","Monday","Day",2,3,"Not at intersection",3,70,"A",2010,"VAN","ISUZU","Light Commercial Vehicle (Rigid) <= 4.5 Tonnes GVM","M",45,"40-49","Drivers"
"T20190016874","2/9/19",14:14:00,"Collision with vehicle","Monday","Day",2,3,"Not at intersection",3,70,"B",2018,"WAGON","HYNDAI","Station Wagon","F",58,"50-59","Drivers"
"T20190016875","3/9/19",06:30:00,"Collision with vehicle","Tuesday","Day",3,4,"Multiple intersection",3,100,"A",2004,"VAN","KIA","Panel Van","M",23,"22-25","Drivers"
"T20190016875","3/9/19",06:30:00,"Collision with vehicle","Tuesday","Day",3,4,"Multiple intersection",3,100,"B",2000,"WAGON","HOLDEN","Station Wagon","M",20,"17-21","Drivers"
"T20190016875","3/9/19",06:30:00,"Collision with vehicle","Tuesday","Day",3,4,"Multiple intersection",3,100,"C",2004,"UTIL","FORD","Utility","M",18,"17-21","Drivers"
"T20190016877","2/9/19",17:35:00,"Vehicle overturned (no collision)","Monday","Dusk/Dawn",1,1,"Not at intersection",3,100,"A",2004,"SEDAN","TOYOTA","Car","F",78,"70+","Drivers"
"T20190016878","3/9/19",08:39:00,"Collision with vehicle","Tuesday","Day",2,2,"Cross intersection",3,40,"A",2016,"SEDAN","TOYOTA","Car","M",63,"60-64","Drivers"
"T20190016880","23/8/19",16:45:00,"Collision with vehicle","Friday","Day",2,2,"Not at intersection",3,80,"A",2011,"SEDAN","TOYOTA","Car","F",24,"22-25","Drivers"
"T20190016880","23/8/19",16:45:00,"Collision with vehicle","Friday","Day",2,2,"Not at intersection",3,80,"B",2009,"WAGON","HOLDEN","Station Wagon","F",24,"22-25","Drivers"
"T20190016881","28/8/19",05:15:00,"Collision with vehicle","Wednesday","Dark No street lights",2,2,"Not at intersection",3,100,"A",2018,"SEDAN","HYNDAI","Car","F",59,"50-59","Drivers"
"T20190016881","28/8/19",05:15:00,"Collision with vehicle","Wednesday","Dark No street lights",2,2,"Not at intersection",3,100,"B",2014,"TIPPER","F LINE","Heavy Vehicle (Rigid) > 4.5 Tonnes","M",41,"40-49","Drivers"
"T20190016882","3/9/19",04:45:00,"Collision with a fixed object","Tuesday","Dark No street lights",1,2,"Not at intersection",3,100,"A",2002,"SEDAN","FORD","Car","M",24,"22-25","Drivers"
"T20190016884","3/9/19",12:20:00,"Collision with vehicle","Tuesday","Day",2,2,"T intersection",3,60,"A",2018,"SEDAN","MAZDA","Car","F",65,"64-69","Drivers"
"T20190016884","3/9/19",12:20:00,"Collision with vehicle","Tuesday","Day",2,2,"T intersection",3,60,"B",2013,"SEDAN","NISSAN","Car","F",44,"40-49","Drivers"
"T20190016886","3/9/19",12:30:00,"Struck Pedestrian","Tuesday","Day",1,2,"Not at intersection",3,999,"A",2002,"WAGON","FORD","Station Wagon","M",18,"17-21","Drivers"
"T20190016887","3/9/19",12:15:00,"Collision with vehicle","Tuesday","Day",2,2,"Not at intersection",3,100,"A",2012,"SEDAN","AUDI","Car","F",53,"50-59","Drivers"
"T20190016887","3/9/19",12:15:00,"Collision with vehicle","Tuesday","Day",2,2,"Not at intersection",3,100,"B",2010,"P MVR","KENWTH","Prime Mover - Single Trailer","M",34,"30-39","Drivers"
"T20190016888","3/9/19",07:30:00,"Collision with vehicle","Tuesday","Day",2,2,"T intersection",3,100,"A",1995,"TRAY","TOYOTA","Light Commercial Vehicle (Rigid) <= 4.5 Tonnes GVM","M",58,"50-59","Drivers"
"T20190016888","3/9/19",07:30:00,"Collision with vehicle","Tuesday","Day",2,2,"T intersection",3,100,"B",2005,"WAGON","TOYOTA","Station Wagon","F",62,"60-64","Drivers"
"T20190016890","3/9/19",10:54:00,"Collision with a fixed object","Tuesday","Day",1,1,"Not at intersection",2,100,"A",2014,"MULTI","MITSUB","Utility","M",43,"40-49","Drivers"
"T20190016892","2/9/19",15:35:00,"Collision with vehicle","Monday","Day",2,2,"T intersection",3,50,"A",2011,"WAGON","TOYOTA","Station Wagon","F",53,"50-59","Drivers"
"T20190016892","2/9/19",15:35:00,"Collision with vehicle","Monday","Day",2,2,"T intersection",3,50,"B",2006,"WAGON","VOLKS","Station Wagon","M",61,"60-64","Drivers"
"T20190016893","2/9/19",19:39:00,"Collision with vehicle","Monday","Dark Street lights on",2,2,"Cross intersection",3,60,"A",2015,"WAGON","TOYOTA","Station Wagon","F",26,"26-29","Drivers"
"T20190016893","2/9/19",19:39:00,"Collision with vehicle","Monday","Dark Street lights on",2,2,"Cross intersection",3,60,"B",2013,"SEDAN","TOYOTA","Car","F",28,"26-29","Drivers"
"T20190016894","2/8/19",16:00:00,"Struck Pedestrian","Friday","Dusk/Dawn",1,2,"Not at intersection",3,999,"A",2014,"WAGON","TOYOTA","Station Wagon","U",NA,"unknown","Drivers"
"T20190016896","3/9/19",10:45:00,"Collision with vehicle","Tuesday","Day",3,4,"Not at intersection",3,100,"A",2005,"TIPPER","F LINE","Heavy Vehicle (Rigid) > 4.5 Tonnes","M",53,"50-59","Drivers"
"T20190016896","3/9/19",10:45:00,"Collision with vehicle","Tuesday","Day",3,4,"Not at intersection",3,100,"B",2019,"SEDAN","MAZDA","Car","M",31,"30-39","Drivers"
"T20190016896","3/9/19",10:45:00,"Collision with vehicle","Tuesday","Day",3,4,"Not at intersection",3,100,"C",2008,"WAGON","FORD","Station Wagon","M",52,"50-59","Drivers"
"T20190016897","26/8/19",15:30:00,"Collision with vehicle","Monday","Day",2,3,"Not at intersection",3,100,"A",2011,"TRAY","TOYOTA","Light Commercial Vehicle (Rigid) <= 4.5 Tonnes GVM","M",37,"30-39","Drivers"
"T20190016897","26/8/19",15:30:00,"Collision with vehicle","Monday","Day",2,3,"Not at intersection",3,100,"B",2017,"SEDAN","HYNDAI","Car","M",24,"22-25","Drivers"
"T20190016898","3/9/19",13:03:00,"Collision with vehicle","Tuesday","Day",2,3,"T intersection",3,999,"A",2019,"SEDAN","KIA","Car","F",46,"40-49","Drivers"
"T20190016898","3/9/19",13:03:00,"Collision with vehicle","Tuesday","Day",2,3,"T intersection",3,999,"B",2017,"WAGON","MAZDA","Station Wagon","M",56,"50-59","Drivers"
"T20190016899","29/8/19",14:00:00,"Collision with vehicle","Thursday","Day",2,3,"Not at intersection",3,100,"A",2007,"TRAY","ISUZU","Heavy Vehicle (Rigid) > 4.5 Tonnes","M",22,"22-25","Drivers"
"T20190016899","29/8/19",14:00:00,"Collision with vehicle","Thursday","Day",2,3,"Not at intersection",3,100,"B",2002,"WAGON","HONDA","Station Wagon","M",22,"22-25","Drivers"
"T20190016900","31/8/19",14:00:00,"Collision with vehicle","Saturday","Day",2,2,"T intersection",3,80,"A",2015,"SEDAN","VOLKS","Car","F",49,"40-49","Drivers"
"T20190016900","31/8/19",14:00:00,"Collision with vehicle","Saturday","Day",2,2,"T intersection",3,80,"B",2014,"SED","MAZDA","Car","F",39,"30-39","Drivers"
"T20190016901","19/8/19",18:05:00,"Collision with vehicle","Monday","Dark Street lights on",2,2,"Not at intersection",3,60,"A",2009,"SEDAN","PEUG","Car","F",64,"60-64","Drivers"
"T20190016901","19/8/19",18:05:00,"Collision with vehicle","Monday","Dark Street lights on",2,2,"Not at intersection",3,60,"B",2000,"SEDAN","HOLDEN","Car","M",68,"64-69","Drivers"
"T20190016903","3/9/19",12:45:00,"Vehicle overturned (no collision)","Tuesday","Day",1,1,"Not at intersection",3,80,"A",2017,"C MIX","KENWTH","Heavy Vehicle (Rigid) > 4.5 Tonnes","M",60,"60-64","Drivers"
"T20190016904","3/9/19",13:25:00,"Struck Pedestrian","Tuesday","Day",1,3,"Not at intersection",3,40,"A",2018,"WAGON","KIA","Station Wagon","M",31,"30-39","Drivers"
"T20190016906","3/9/19",13:23:00,"Collision with vehicle","Tuesday","Day",2,2,"Not at intersection",3,999,"A",2018,"WAGON","VOLKS","Station Wagon","F",31,"30-39","Drivers"
"T20190016908","3/9/19",13:00:00,"Collision with a fixed object","Tuesday","Day",1,1,"Not at intersection",3,100,"A",2008,"UTIL","NISSAN","Utility","M",28,"26-29","Drivers"
"T20190016909","3/9/19",08:10:00,"Collision with a fixed object","Tuesday","Day",2,3,"Not at intersection",3,100,"A",2014,"SEDAN","AUDI","Car","F",22,"22-25","Drivers"
"T20190016909","3/9/19",08:10:00,"Collision with a fixed object","Tuesday","Day",2,3,"Not at intersection",3,100,"B",2013,"SEDAN","MAZDA","Car","F",25,"22-25","Drivers"
"T20190016910","27/6/19",06:08:00,"Collision with vehicle","Thursday","Dark Street lights on",5,5,"Not at intersection",3,100,"A",2005,"UTIL","FORD","Utility","M",34,"30-39","Drivers"
"T20190016910","27/6/19",06:08:00,"Collision with vehicle","Thursday","Dark Street lights on",5,5,"Not at intersection",3,100,"B",2011,"SEDAN","TOYOTA","Car","M",47,"40-49","Drivers"
"T20190016910","27/6/19",06:08:00,"Collision with vehicle","Thursday","Dark Street lights on",5,5,"Not at intersection",3,100,"C",2011,"SEDAN","UNKN","Car","M",19,"17-21","Drivers"
"T20190016910","27/6/19",06:08:00,"Collision with vehicle","Thursday","Dark Street lights on",5,5,"Not at intersection",3,100,"D",2010,"UTIL","TOYOTA","Utility","M",41,"40-49","Drivers"
"T20190016910","27/6/19",06:08:00,"Collision with vehicle","Thursday","Dark Street lights on",5,5,"Not at intersection",3,100,"E",2018,"VAN","VOLKS","Panel Van","M",28,"26-29","Drivers"
"T20190016911","3/9/19",10:02:00,"Collision with vehicle","Tuesday","Day",2,2,"Not at intersection",3,60,"A",2012,"SEDAN","TOYOTA","Car","M",75,"70+","Drivers"
"T20190016911","3/9/19",10:02:00,"Collision with vehicle","Tuesday","Day",2,2,"Not at intersection",3,60,"B",2015,"SEDAN","MAZDA","Car","F",38,"30-39","Drivers"
"T20190016912","3/9/19",15:15:00,"Collision with vehicle","Tuesday","Day",3,3,"Multiple intersection",3,100,"A",2016,"WAGON","HOLDEN","Station Wagon","F",41,"40-49","Drivers"
"T20190016912","3/9/19",15:15:00,"Collision with vehicle","Tuesday","Day",3,3,"Multiple intersection",3,100,"B",2016,"WAGON","SUBARU","Station Wagon","F",34,"30-39","Drivers"
"T20190016912","3/9/19",15:15:00,"Collision with vehicle","Tuesday","Day",3,3,"Multiple intersection",3,100,"C",2010,"P MVR","KENWTH","Prime Mover - Single Trailer","M",45,"40-49","Drivers"
"T20190016913","3/9/19",15:50:00,"Collision with vehicle","Tuesday","Day",4,9,"Cross intersection",3,80,"A",2008,"SEDAN","HONDA","Car","F",75,"70+","Drivers"
"T20190016913","3/9/19",15:50:00,"Collision with vehicle","Tuesday","Day",4,9,"Cross intersection",3,80,"B",2003,"SEDAN","TOYOTA","Car","M",88,"70+","Drivers"
"T20190016913","3/9/19",15:50:00,"Collision with vehicle","Tuesday","Day",4,9,"Cross intersection",3,80,"C",2005,"SEDAN","TOYOTA","Car","F",59,"50-59","Drivers"
"T20190016913","3/9/19",15:50:00,"Collision with vehicle","Tuesday","Day",4,9,"Cross intersection",3,80,"D",2016,"SED","KIA","Car","F",17,"16-17","Drivers"
"T20190016915","3/9/19",15:45:00,"Collision with vehicle","Tuesday","Day",2,2,"Not at intersection",3,999,"A",2018,"WAGON","NISSAN","Station Wagon","F",57,"50-59","Drivers"
"T20190016915","3/9/19",15:45:00,"Collision with vehicle","Tuesday","Day",2,2,"Not at intersection",3,999,"B",2017,"TILTER","HINO","Heavy Vehicle (Rigid) > 4.5 Tonnes","M",34,"30-39","Drivers"
"T20190016916","2/9/19",15:19:00,"No collision and no object struck","Monday","Day",1,3,"Not at intersection",3,60,"A",2019,"DC UTE","HOLDEN","Utility","U",NA,"unknown","Drivers"
"T20190016918","3/9/19",15:30:00,"Collision with vehicle","Tuesday","Day",2,2,"T intersection",3,80,"A",2005,"SEDAN","TOYOTA","Car","M",19,"17-21","Drivers"
"T20190016918","3/9/19",15:30:00,"Collision with vehicle","Tuesday","Day",2,2,"T intersection",3,80,"B",2007,"SEDAN","B M W","Car","M",56,"50-59","Drivers"
"T20190016919","31/8/19",15:30:00,"Collision with vehicle","Saturday","Unknown",2,4,"Not at intersection",3,999,"A",1995,"COUPE","TOYOTA","Car","M",22,"22-25","Drivers"
"T20190016919","31/8/19",15:30:00,"Collision with vehicle","Saturday","Unknown",2,4,"Not at intersection",3,999,"B",2015,"S WAG","HOLDEN","Station Wagon","M",21,"17-21","Drivers"
"T20190016921","3/9/19",17:30:00,"Struck Pedestrian","Tuesday","Unknown",1,2,"Not at intersection",3,999,"A",2016,"SEDAN","MAZDA","Car","M",29,"26-29","Drivers"
"T20190016925","30/8/19",19:15:00,"Collision with vehicle","Friday","Unknown",2,4,"Not at intersection",3,999,"A",2017,"WAGON","HOLDEN","Station Wagon","M",44,"40-49","Drivers"
"T20190016925","30/8/19",19:15:00,"Collision with vehicle","Friday","Unknown",2,4,"Not at intersection",3,999,"B",2009,"SEDAN","FORD","Car","M",22,"22-25","Drivers"
"T20190016926","2/9/19",09:30:00,"Collision with vehicle","Monday","Day",3,4,"T intersection",3,999,"A",2012,"SEDAN","TOYOTA","Car","M",29,"26-29","Drivers"
"T20190016926","2/9/19",09:30:00,"Collision with vehicle","Monday","Day",3,4,"T intersection",3,999,"B",1998,"SEDAN","TOYOTA","Car","M",72,"70+","Drivers"
"T20190016926","2/9/19",09:30:00,"Collision with vehicle","Monday","Day",3,4,"T intersection",3,999,"C",2010,"SEDAN","NISSAN","Car","F",32,"30-39","Drivers"
"T20190016929","3/9/19",17:20:00,"Collision with a fixed object","Tuesday","Day",1,1,"Not at intersection",3,100,"A",2010,"WAGON","NISSAN","Station Wagon","F",29,"26-29","Drivers"
"T20190016930","3/9/19",17:05:00,"Collision with vehicle","Tuesday","Day",2,2,"Not at intersection",3,80,"A",2013,"WAGON","NISSAN","Station Wagon","M",69,"64-69","Drivers"
"T20190016930","3/9/19",17:05:00,"Collision with vehicle","Tuesday","Day",2,2,"Not at intersection",3,80,"B",2015,"WAGON","JEEP","Station Wagon","M",59,"50-59","Drivers"
"T20190016931","3/9/19",08:00:00,"Collision with vehicle","Tuesday","Day",3,3,"Not at intersection",3,70,"A",2007,"SEDAN","HONDA","Car","M",39,"30-39","Drivers"
"T20190016931","3/9/19",08:00:00,"Collision with vehicle","Tuesday","Day",3,3,"Not at intersection",3,70,"B",2016,"SEDAN","NISSAN","Car","F",39,"30-39","Drivers"
"T20190016931","3/9/19",08:00:00,"Collision with vehicle","Tuesday","Day",3,3,"Not at intersection",3,70,"C",2008,"SEDAN","HOLDEN","Car","F",21,"17-21","Drivers"
"T20190016932","3/9/19",15:40:00,"Collision with vehicle","Tuesday","Day",2,2,"Not at intersection",3,70,"A",2002,"S WAG","TOYOTA","Station Wagon","M",46,"40-49","Drivers"
"T20190016932","3/9/19",15:40:00,"Collision with vehicle","Tuesday","Day",2,2,"Not at intersection",3,70,"B",2009,"WAGON","HYNDAI","Station Wagon","F",58,"50-59","Drivers"
"T20190016933","3/9/19",09:00:00,"Collision with vehicle","Tuesday","Day",2,3,"T intersection",3,999,"A",2015,"SEDAN","NISSAN","Car","F",57,"50-59","Drivers"
"T20190016933","3/9/19",09:00:00,"Collision with vehicle","Tuesday","Day",2,3,"T intersection",3,999,"B",2003,"VAN","MERC B","Light Commercial Vehicle (Rigid) <= 4.5 Tonnes GVM","M",NA,"unknown","Drivers"
"T20190016935","3/9/19",18:26:00,"Collision with vehicle","Tuesday","Dark Street lights on",2,4,"Cross intersection",3,60,"A",2015,"COUPE","AUDI","Car","M",18,"17-21","Drivers"
"T20190016935","3/9/19",18:26:00,"Collision with vehicle","Tuesday","Dark Street lights on",2,4,"Cross intersection",3,60,"B",2011,"SEDAN","MAZDA","Car","F",25,"22-25","Drivers"
"T20190016937","3/9/19",19:20:00,"Collision with a fixed object","Tuesday","Dark Street lights on",1,1,"Not at intersection",2,60,"A",2013,"WAGON","TOYOTA","Station Wagon","M",33,"30-39","Drivers"
"T20190016939","3/9/19",19:40:00,"Collision with a fixed object","Tuesday","Dark No street lights",1,1,"T intersection",2,60,"A",2006,"WAGON","FORD","Station Wagon","F",24,"22-25","Drivers"
"T20190016940","3/9/19",17:04:00,"Collision with vehicle","Tuesday","Day",2,3,"Not at intersection",3,80,"A",2015,"WAGON","HOLDEN","Station Wagon","F",48,"40-49","Drivers"
"T20190016940","3/9/19",17:04:00,"Collision with vehicle","Tuesday","Day",2,3,"Not at intersection",3,80,"B",2013,"UTIL","HOLDEN","Utility","M",27,"26-29","Drivers"
"T20190016943","3/9/19",00:30:00,"Collision with vehicle","Tuesday","Dark Street lights on",3,1,"Not at intersection",3,70,"A",2019,"SEDAN","KIA","Car","M",45,"40-49","Drivers"
"T20190016944","25/7/19",20:30:00,"Collision with a fixed object","Thursday","Dark Street lights on",1,1,"Cross intersection",3,60,"A",2017,"WAGON","NISSAN","Station Wagon","M",50,"50-59","Drivers"
"T20190016945","3/9/19",20:22:00,"Collision with vehicle","Tuesday","Dark Street lights on",2,1,"T intersection",3,50,"A",2010,"SEDAN","HOLDEN","Car","F",23,"22-25","Drivers"
"T20190016950","4/9/19",02:02:00,"Vehicle overturned (no collision)","Wednesday","Dark Street lights on",2,3,"T intersection",3,60,"A",2016,"UTIL","HOLDEN","Utility","U",NA,"unknown","Drivers"
"T20190016952","3/9/19",16:30:00,"Collision with vehicle","Tuesday","Day",3,3,"Not at intersection",3,70,"A",2014,"DC UTE","MITSUB","Utility","M",63,"60-64","Drivers"
"T20190016952","3/9/19",16:30:00,"Collision with vehicle","Tuesday","Day",3,3,"Not at intersection",3,70,"B",2014,"SEDAN","VOLKS","Car","F",33,"30-39","Drivers"
"T20190016952","3/9/19",16:30:00,"Collision with vehicle","Tuesday","Day",3,3,"Not at intersection",3,70,"C",1996,"UTIL","NISSAN","Utility","M",24,"22-25","Drivers"
"T20190016953","31/8/19",12:05:00,"Collision with vehicle","Saturday","Day",4,4,"T intersection",3,60,"A",2010,"C MIX","HINO","Heavy Vehicle (Rigid) > 4.5 Tonnes","M",70,"70+","Drivers"
"T20190016953","31/8/19",12:05:00,"Collision with vehicle","Saturday","Day",4,4,"T intersection",3,60,"B",2018,"WAGON","TOYOTA","Station Wagon","M",67,"64-69","Drivers"
"T20190016953","31/8/19",12:05:00,"Collision with vehicle","Saturday","Day",4,4,"T intersection",3,60,"C",2005,"SEDAN","TOYOTA","Car","F",33,"30-39","Drivers"
"T20190016953","31/8/19",12:05:00,"Collision with vehicle","Saturday","Day",4,4,"T intersection",3,60,"D",2017,"SEDAN","AUDI","Car","U",NA,"unknown","Drivers"
"T20190016954","4/9/19",08:20:00,"Collision with vehicle","Wednesday","Day",2,2,"Cross intersection",3,60,"A",2006,"WAGON","SUBARU","Station Wagon","M",18,"17-21","Drivers"
"T20190016954","4/9/19",08:20:00,"Collision with vehicle","Wednesday","Day",2,2,"Cross intersection",3,60,"B",2013,"WAGON","SUBARU","Station Wagon","F",44,"40-49","Drivers"
"T20190016955","26/8/19",09:38:00,"collision with some other object","Monday","Day",1,1,"T intersection",3,90,"A",2013,"WAGON","HYNDAI","Station Wagon","F",46,"40-49","Drivers"
"T20190016956","4/9/19",08:20:00,"Vehicle overturned (no collision)","Wednesday","Day",1,1,"T intersection",3,60,"A",2006,"TIPPER","KENWTH","Heavy Vehicle (Rigid) > 4.5 Tonnes","M",59,"50-59","Drivers"
"T20190016957","4/9/19",08:00:00,"Collision with vehicle","Wednesday","Day",2,9,"Cross intersection",3,60,"A",2008,"SEDAN","HOLDEN","Car","M",18,"17-21","Drivers"
"T20190016957","4/9/19",08:00:00,"Collision with vehicle","Wednesday","Day",2,9,"Cross intersection",3,60,"B",2004,"WAGON","FORD","Station Wagon","M",47,"40-49","Drivers"
"T20190016960","3/9/19",17:30:00,"Collision with vehicle","Tuesday","Day",2,2,"Cross intersection",3,40,"A",2008,"SEDAN","HONDA","Car","F",57,"50-59","Drivers"
"T20190016960","3/9/19",17:30:00,"Collision with vehicle","Tuesday","Day",2,2,"Cross intersection",3,40,"B",2017,"DC UTE","FORD","Utility","M",37,"30-39","Drivers"
"T20190016961","3/9/19",17:20:00,"Collision with vehicle","Tuesday","Day",3,6,"Cross intersection",3,60,"A",2006,"SEDAN","TOYOTA","Car","M",28,"26-29","Drivers"
"T20190016961","3/9/19",17:20:00,"Collision with vehicle","Tuesday","Day",3,6,"Cross intersection",3,60,"B",2006,"SEDAN","TOYOTA","Car","F",41,"40-49","Drivers"
"T20190016961","3/9/19",17:20:00,"Collision with vehicle","Tuesday","Day",3,6,"Cross intersection",3,60,"C",2011,"TOURER","B M W","Car","M",66,"64-69","Drivers"
"T20190016962","4/9/19",06:25:00,"Collision with vehicle","Wednesday","Day",2,2,"T intersection",3,60,"A",2003,"SEDAN","FORD","Car","M",20,"17-21","Drivers"
"T20190016962","4/9/19",06:25:00,"Collision with vehicle","Wednesday","Day",2,2,"T intersection",3,60,"B",2011,"TIPPER","ISUZU","Light Commercial Vehicle (Rigid) <= 4.5 Tonnes GVM","M",56,"50-59","Drivers"
"T20190016965","4/9/19",09:30:00,"Collision with vehicle","Wednesday","Day",2,2,"Not at intersection",3,999,"A",2013,"WAGON","MITSUB","Station Wagon","F",34,"30-39","Drivers"
"T20190016965","4/9/19",09:30:00,"Collision with vehicle","Wednesday","Day",2,2,"Not at intersection",3,999,"B",2013,"SEDAN","SUBARU","Car","M",49,"40-49","Drivers"
"T20190016966","15/8/19",09:25:00,"No collision and no object struck","Thursday","Day",1,1,"Not at intersection",3,50,"A",2018,"P CARR","HOLDEN","Station Wagon","F",41,"40-49","Drivers"