"ACCIDENT_NO","ACCIDENTDATE","ACCIDENTTIME","Accident Type Desc","Day Week Description","Light Condition Desc","NO_OF_VEHICLES","NO_PERSONS","Road Geometry Desc","SEVERITY","SPEED_ZONE","VEHICLE_ID","VEHICLE_YEAR_MANUF","VEHICLE_BODY_STYLE","VEHICLE_MAKE","Vehicle Type Desc","SEX","AGE","Age Group","Road User Type Desc"
"T20190016967","4/9/19",10:40:00,"Collision with vehicle","Wednesday","Day",2,3,"T intersection",3,80,"A",2005,"COUPE","HYNDAI","Car","F",20,"17-21","Drivers"
"T20190016967","4/9/19",10:40:00,"Collision with vehicle","Wednesday","Day",2,3,"T intersection",3,80,"B",1995,"SEDAN","MAZDA","Car","F",48,"40-49","Drivers"
"T20190016968","17/8/19",15:40:00,"Collision with vehicle","Saturday","Unknown",2,2,"Cross intersection",3,70,"A",2013,"SEDAN","TOYOTA","Car","M",31,"30-39","Drivers"
"T20190016968","17/8/19",15:40:00,"Collision with vehicle","Saturday","Unknown",2,2,"Cross intersection",3,70,"B",2008,"SEDAN","MAZDA","Car","F",58,"50-59","Drivers"
"T20190016970","23/8/19",13:00:00,"Collision with vehicle","Friday","Day",3,3,"T intersection",3,60,"A",2009,"SEDAN","B M W","Car","M",38,"30-39","Drivers"
"T20190016970","23/8/19",13:00:00,"Collision with vehicle","Friday","Day",3,3,"T intersection",3,60,"B",2003,"SEDAN","HONDA","Car","F",70,"70+","Drivers"
"T20190016970","23/8/19",13:00:00,"Collision with vehicle","Friday","Day",3,3,"T intersection",3,60,"C",2011,"S WAG","VOLKS","Car","M",64,"60-64","Drivers"
"T20190016971","4/9/19",10:30:00,"Collision with vehicle","Wednesday","Day",2,2,"Not at intersection",3,50,"A",2001,"SEDAN","HYNDAI","Car","M",83,"70+","Drivers"
"T20190016975","29/7/19",19:10:00,"Collision with a fixed object","Monday","Dark No street lights",1,1,"Not at intersection",3,80,"A",2017,"WAGON","HONDA","Station Wagon","M",37,"30-39","Drivers"
"T20190016976","28/8/19",14:45:00,"Struck Pedestrian","Wednesday","Day",1,2,"Not at intersection",2,999,"A",0,"SEDAN","UNKN","Car","U",NA,"unknown","Drivers"
"T20190016979","4/9/19",09:00:00,"Collision with vehicle","Wednesday","Day",2,2,"Not at intersection",2,50,"A",2007,"WAGON","KIA","Station Wagon","F",67,"64-69","Drivers"
"T20190016981","4/9/19",08:30:00,"Collision with vehicle","Wednesday","Day",2,2,"Cross intersection",3,60,"A",0,"SED","HOLDEN","Car","F",24,"22-25","Drivers"
"T20190016983","4/9/19",11:30:00,"Collision with a fixed object","Wednesday","Day",1,1,"Not at intersection",3,100,"A",2010,"WAGON","TOYOTA","Station Wagon","F",21,"17-21","Drivers"
"T20190016984","31/8/19",16:15:00,"Collision with vehicle","Saturday","Day",2,3,"Not at intersection",3,60,"A",2010,"SEDAN","HOLDEN","Car","F",53,"50-59","Drivers"
"T20190016984","31/8/19",16:15:00,"Collision with vehicle","Saturday","Day",2,3,"Not at intersection",3,60,"B",2003,"WAGON","NISSAN","Station Wagon","M",62,"60-64","Drivers"
"T20190016985","3/9/19",16:35:00,"Collision with vehicle","Tuesday","Day",2,4,"T intersection",3,100,"A",1990,"S WAG","TOYOTA","Station Wagon","F",56,"50-59","Drivers"
"T20190016985","3/9/19",16:35:00,"Collision with vehicle","Tuesday","Day",2,4,"T intersection",3,100,"B",2010,"SEDAN","HYNDAI","Car","F",77,"70+","Drivers"
"T20190016986","2/9/19",21:39:00,"Collision with a fixed object","Monday","Dark No street lights",1,2,"Not at intersection",3,70,"A",1997,"SEDAN","B M W","Car","M",38,"30-39","Drivers"
"T20190016988","9/4/19",18:30:00,"Collision with a fixed object","Tuesday","Unknown",1,1,"Not at intersection",3,60,"A",2000,"SEDAN","HOLDEN","Car","F",48,"40-49","Drivers"
"T20190016989","2/8/19",07:25:00,"Collision with vehicle","Friday","Day",7,7,"Not at intersection",3,100,"A",2014,"TRAY","HOLDEN","Light Commercial Vehicle (Rigid) <= 4.5 Tonnes GVM","M",62,"60-64","Drivers"
"T20190016989","2/8/19",07:25:00,"Collision with vehicle","Friday","Day",7,7,"Not at intersection",3,100,"B",2014,"SEDAN","PEUG","Car","F",44,"40-49","Drivers"
"T20190016989","2/8/19",07:25:00,"Collision with vehicle","Friday","Day",7,7,"Not at intersection",3,100,"C",2015,"WAGON","MERC B","Station Wagon","F",58,"50-59","Drivers"
"T20190016989","2/8/19",07:25:00,"Collision with vehicle","Friday","Day",7,7,"Not at intersection",3,100,"D",2012,"SEDAN","HOLDEN","Car","M",22,"22-25","Drivers"
"T20190016989","2/8/19",07:25:00,"Collision with vehicle","Friday","Day",7,7,"Not at intersection",3,100,"E",2006,"SEDAN","HONDA","Car","M",20,"17-21","Drivers"
"T20190016989","2/8/19",07:25:00,"Collision with vehicle","Friday","Day",7,7,"Not at intersection",3,100,"F",2004,"S WAG","HOLDEN","Station Wagon","M",18,"17-21","Drivers"
"T20190016989","2/8/19",07:25:00,"Collision with vehicle","Friday","Day",7,7,"Not at intersection",3,100,"G",2017,"DC UTE","FORD","Utility","M",32,"30-39","Drivers"
"T20190016992","20/8/19",09:00:00,"Collision with vehicle","Tuesday","Day",2,2,"Not at intersection",3,100,"A",2016,"WAGON","VOLKS","Station Wagon","F",62,"60-64","Drivers"
"T20190016992","20/8/19",09:00:00,"Collision with vehicle","Tuesday","Day",2,2,"Not at intersection",3,100,"B",2015,"SEDAN","TOYOTA","Car","F",25,"22-25","Drivers"
"T20190016993","29/8/19",19:00:00,"Collision with vehicle","Thursday","Day",2,2,"Cross intersection",3,80,"A",2017,"SEDAN","TOYOTA","Car","F",19,"17-21","Drivers"
"T20190016993","29/8/19",19:00:00,"Collision with vehicle","Thursday","Day",2,2,"Cross intersection",3,80,"B",2007,"TRAY","MITSUB","Light Commercial Vehicle (Rigid) <= 4.5 Tonnes GVM","M",47,"40-49","Drivers"
"T20190016994","4/9/19",14:02:00,"Collision with vehicle","Wednesday","Day",2,1,"T intersection",3,50,"A",2003,"SEDAN","MAZDA","Car","F",74,"70+","Drivers"
"T20190016995","3/9/19",16:05:00,"Collision with vehicle","Tuesday","Day",2,2,"Cross intersection",3,80,"A",2010,"SEDAN","MAZDA","Car","F",31,"30-39","Drivers"
"T20190016995","3/9/19",16:05:00,"Collision with vehicle","Tuesday","Day",2,2,"Cross intersection",3,80,"B",2007,"SEDAN","HOLDEN","Car","M",54,"50-59","Drivers"
"T20190016997","4/9/19",16:05:00,"Collision with vehicle","Wednesday","Day",2,2,"Cross intersection",3,60,"A",2002,"S WAG","VOLVO","Station Wagon","M",27,"26-29","Drivers"
"T20190016998","4/9/19",15:30:00,"Collision with vehicle","Wednesday","Day",2,3,"T intersection",3,80,"A",2003,"SEDAN","TOYOTA","Car","F",63,"60-64","Drivers"
"T20190017000","4/9/19",16:20:00,"Struck Pedestrian","Wednesday","Day",1,2,"Not at intersection",3,80,"A",2015,"DC UTE","FORD","Utility","M",33,"30-39","Drivers"
"T20190017003","4/9/19",15:30:00,"Collision with vehicle","Wednesday","Day",2,3,"Cross intersection",3,80,"A",2017,"SEDAN","HYNDAI","Car","M",24,"22-25","Drivers"
"T20190017003","4/9/19",15:30:00,"Collision with vehicle","Wednesday","Day",2,3,"Cross intersection",3,80,"B",1998,"SEDAN","HOLDEN","Car","U",NA,"unknown","Drivers"
"T20190017004","4/9/19",17:00:00,"Collision with vehicle","Wednesday","Day",2,2,"Cross intersection",3,60,"A",2005,"WAGON","HYNDAI","Station Wagon","F",68,"64-69","Drivers"
"T20190017004","4/9/19",17:00:00,"Collision with vehicle","Wednesday","Day",2,2,"Cross intersection",3,60,"B",2002,"SEDAN","HOLDEN","Car","F",24,"22-25","Drivers"
"T20190017005","2/8/19",20:21:00,"Collision with vehicle","Friday","Dark Street lights on",2,2,"T intersection",3,60,"A",2008,"S WAG","HONDA","Station Wagon","F",22,"22-25","Drivers"
"T20190017005","2/8/19",20:21:00,"Collision with vehicle","Friday","Dark Street lights on",2,2,"T intersection",3,60,"B",2017,"SEDAN","TOYOTA","Car","M",24,"22-25","Drivers"
"T20190017006","25/6/19",09:50:00,"Collision with vehicle","Tuesday","Unknown",2,3,"Not at intersection",3,100,"A",2007,"SEDAN","HOLDEN","Car","F",41,"40-49","Drivers"
"T20190017006","25/6/19",09:50:00,"Collision with vehicle","Tuesday","Unknown",2,3,"Not at intersection",3,100,"B",2017,"SKIP C","ISUZU","Heavy Vehicle (Rigid) > 4.5 Tonnes","M",30,"30-39","Drivers"
"T20190017007","18/8/19",16:00:00,"Collision with vehicle","Sunday","Unknown",2,2,"Not at intersection",3,999,"A",2006,"SEDAN","VOLKS","Car","F",56,"50-59","Drivers"
"T20190017007","18/8/19",16:00:00,"Collision with vehicle","Sunday","Unknown",2,2,"Not at intersection",3,999,"B",2007,"SEDAN","FORD","Car","M",53,"50-59","Drivers"
"T20190017008","4/9/19",18:00:00,"Vehicle overturned (no collision)","Wednesday","Day",2,2,"T intersection",3,80,"A",2007,"WAGON","TOYOTA","Station Wagon","M",45,"40-49","Drivers"
"T20190017013","4/9/19",17:35:00,"Collision with vehicle","Wednesday","Day",2,2,"T intersection",3,60,"A",2001,"SEDAN","TOYOTA","Car","F",35,"30-39","Drivers"
"T20190017015","4/9/19",17:30:00,"Collision with vehicle","Wednesday","Day",3,6,"Cross intersection",3,50,"A",2009,"SEDAN","FORD","Car","F",62,"60-64","Drivers"
"T20190017015","4/9/19",17:30:00,"Collision with vehicle","Wednesday","Day",3,6,"Cross intersection",3,50,"B",2004,"SEDAN","B M W","Car","F",53,"50-59","Drivers"
"T20190017015","4/9/19",17:30:00,"Collision with vehicle","Wednesday","Day",3,6,"Cross intersection",3,50,"C",2018,"SEDAN","HONDA","Car","F",18,"17-21","Drivers"
"T20190017016","4/9/19",16:35:00,"Collision with vehicle","Wednesday","Day",3,4,"T intersection",3,50,"A",2005,"SEDAN","MAZDA","Car","F",27,"26-29","Drivers"
"T20190017016","4/9/19",16:35:00,"Collision with vehicle","Wednesday","Day",3,4,"T intersection",3,50,"B",2015,"VAN","VOLKS","Panel Van","M",35,"30-39","Drivers"
"T20190017016","4/9/19",16:35:00,"Collision with vehicle","Wednesday","Day",3,4,"T intersection",3,50,"C",2006,"S WAG","HOLDEN","Station Wagon","F",38,"30-39","Drivers"
"T20190017018","21/8/19",14:00:00,"Collision with vehicle","Wednesday","Day",2,2,"T intersection",3,50,"A",2009,"SEDAN","TOYOTA","Car","F",57,"50-59","Drivers"
"T20190017021","4/9/19",20:04:00,"Struck Pedestrian","Wednesday","Dark Street lights on",1,2,"Cross intersection",3,60,"A",2011,"SEDAN","FORD","Car","F",27,"26-29","Drivers"
"T20190017022","3/9/19",07:58:00,"Collision with vehicle","Tuesday","Day",2,2,"Cross intersection",3,40,"A",2012,"SEDAN","FORD","Car","M",19,"17-21","Drivers"
"T20190017023","4/9/19",17:20:00,"Collision with vehicle","Wednesday","Day",2,2,"Cross intersection",3,50,"A",2006,"SEDAN","HOLDEN","Car","F",43,"40-49","Drivers"
"T20190017023","4/9/19",17:20:00,"Collision with vehicle","Wednesday","Day",2,2,"Cross intersection",3,50,"B",2016,"WAGON","HYNDAI","Station Wagon","F",64,"60-64","Drivers"
"T20190017024","4/9/19",18:25:00,"Collision with a fixed object","Wednesday","Dark Street lights on",1,1,"T intersection",2,60,"A",2003,"SEDAN","FORD","Car","M",31,"30-39","Drivers"
"T20190017025","4/9/19",19:50:00,"Collision with vehicle","Wednesday","Dark Street lights on",2,2,"Cross intersection",3,60,"A",2005,"SEDAN","TOYOTA","Car","F",20,"17-21","Drivers"
"T20190017025","4/9/19",19:50:00,"Collision with vehicle","Wednesday","Dark Street lights on",2,2,"Cross intersection",3,60,"B",2008,"WAGON","HOLDEN","Station Wagon","M",47,"40-49","Drivers"
"T20190017030","4/9/19",22:12:00,"Collision with vehicle","Wednesday","Unknown",2,2,"Not at intersection",3,999,"A",2006,"SEDAN","TOYOTA","Car","M",18,"17-21","Drivers"
"T20190017030","4/9/19",22:12:00,"Collision with vehicle","Wednesday","Unknown",2,2,"Not at intersection",3,999,"B",2013,"SEDAN","NISSAN","Car","F",55,"50-59","Drivers"
"T20190017031","4/9/19",17:00:00,"Collision with vehicle","Wednesday","Day",2,2,"Cross intersection",3,60,"A",2013,"WAGON","L ROV","Station Wagon","F",48,"40-49","Drivers"
"T20190017031","4/9/19",17:00:00,"Collision with vehicle","Wednesday","Day",2,2,"Cross intersection",3,60,"B",2009,"DC UTE","NISSAN","Utility","M",22,"22-25","Drivers"
"T20190017035","5/9/19",06:15:00,"Struck Pedestrian","Thursday","Dark Street lights on",1,2,"Cross intersection",3,60,"A",2006,"T TRK","HINO","Light Commercial Vehicle (Rigid) <= 4.5 Tonnes GVM","M",39,"30-39","Drivers"
"T20190017036","4/9/19",16:05:00,"Collision with vehicle","Wednesday","Day",2,7,"Not at intersection",3,70,"A",2002,"WAGON","NISSAN","Station Wagon","F",42,"40-49","Drivers"
"T20190017036","4/9/19",16:05:00,"Collision with vehicle","Wednesday","Day",2,7,"Not at intersection",3,70,"B",2002,"DC UTE","TOYOTA","Utility","M",18,"17-21","Drivers"
"T20190017040","4/9/19",18:02:00,"Collision with vehicle","Wednesday","Dark Street lights on",2,2,"Cross intersection",3,70,"A",2006,"SEDAN","TOYOTA","Car","F",44,"40-49","Drivers"
"T20190017040","4/9/19",18:02:00,"Collision with vehicle","Wednesday","Dark Street lights on",2,2,"Cross intersection",3,70,"B",2005,"SEDAN","HONDA","Car","F",24,"22-25","Drivers"
"T20190017041","31/8/19",15:30:00,"Collision with vehicle","Saturday","Day",2,3,"T intersection",3,40,"A",2013,"SEDAN","HONDA","Car","M",36,"30-39","Drivers"
"T20190017041","31/8/19",15:30:00,"Collision with vehicle","Saturday","Day",2,3,"T intersection",3,40,"B",2014,"VAN","HINO","Heavy Vehicle (Rigid) > 4.5 Tonnes","M",60,"60-64","Drivers"
"T20190017043","4/9/19",06:15:00,"Collision with vehicle","Wednesday","Dark Street lights on",2,2,"Cross intersection",3,60,"A",2013,"SEDAN","FORD","Car","M",50,"50-59","Drivers"
"T20190017044","4/9/19",18:15:00,"Collision with vehicle","Wednesday","Dark Street lights unknown",2,2,"Multiple intersection",3,80,"A",2002,"WAGON","FORD","Station Wagon","M",46,"40-49","Drivers"
"T20190017044","4/9/19",18:15:00,"Collision with vehicle","Wednesday","Dark Street lights unknown",2,2,"Multiple intersection",3,80,"B",2018,"VAN","FORD","Panel Van","M",45,"40-49","Drivers"
"T20190017045","5/9/19",08:55:00,"Collision with vehicle","Thursday","Day",2,2,"T intersection",3,60,"A",2005,"SEDAN","MAZDA","Car","M",52,"50-59","Drivers"
"T20190017045","5/9/19",08:55:00,"Collision with vehicle","Thursday","Day",2,2,"T intersection",3,60,"B",2013,"S WAG","MITSUB","Station Wagon","F",22,"22-25","Drivers"
"T20190017046","5/9/19",08:05:00,"Collision with a fixed object","Thursday","Day",1,2,"Not at intersection",3,60,"A",1993,"S WAG","FORD","Station Wagon","M",28,"26-29","Drivers"
"T20190017048","4/9/19",21:05:00,"Collision with a fixed object","Wednesday","Dark No street lights",1,1,"Not at intersection",3,100,"A",2006,"WAGON","MITSUB","Station Wagon","F",62,"60-64","Drivers"
"T20190017051","5/9/19",09:20:00,"Collision with a fixed object","Thursday","Day",1,2,"Not at intersection",2,70,"A",2014,"S WAG","TOYOTA","Station Wagon","F",35,"30-39","Drivers"
"T20190017052","5/9/19",09:00:00,"No collision and no object struck","Thursday","Day",2,2,"T intersection",3,50,"A",2010,"VAN","SUZUKI","Panel Van","M",64,"60-64","Drivers"
"T20190017054","5/9/19",06:30:00,"Collision with vehicle","Thursday","Day",2,2,"Not at intersection",3,50,"A",2015,"SEDAN","TOYOTA","Car","U",NA,"unknown","Drivers"
"T20190017055","30/8/19",18:00:00,"Collision with vehicle","Friday","Dusk/Dawn",2,2,"T intersection",3,40,"A",2002,"SEDAN","FORD","Car","F",54,"50-59","Drivers"
"T20190017055","30/8/19",18:00:00,"Collision with vehicle","Friday","Dusk/Dawn",2,2,"T intersection",3,40,"B",2014,"SED","TOYOTA","Car","M",23,"22-25","Drivers"
"T20190017056","24/8/19",19:50:00,"Struck Pedestrian","Saturday","Dark Street lights on",1,3,"Cross intersection",3,70,"A",2012,"SEDAN","TOYOTA","Car","M",30,"30-39","Drivers"
"T20190017058","30/7/19",23:00:00,"Collision with a fixed object","Tuesday","Dark No street lights",1,3,"Not at intersection",3,60,"A",2014,"SED","TOYOTA","Car","M",31,"30-39","Drivers"
"T20190017061","5/9/19",11:40:00,"Collision with vehicle","Thursday","Day",2,3,"Cross intersection",3,50,"A",2002,"VAN","MERC B","Panel Van","M",57,"50-59","Drivers"
"T20190017061","5/9/19",11:40:00,"Collision with vehicle","Thursday","Day",2,3,"Cross intersection",3,50,"B",2017,"WAGON","KIA","Station Wagon","M",78,"70+","Drivers"
"T20190017062","5/9/19",09:45:00,"Collision with vehicle","Thursday","Day",2,4,"Not at intersection",3,60,"A",2002,"SEDAN","HOLDEN","Car","M",19,"17-21","Drivers"
"T20190017062","5/9/19",09:45:00,"Collision with vehicle","Thursday","Day",2,4,"Not at intersection",3,60,"B",2011,"WAGON","NISSAN","Station Wagon","F",38,"30-39","Drivers"
"T20190017063","5/9/19",06:08:00,"Collision with vehicle","Thursday","Dusk/Dawn",3,3,"Not at intersection",3,80,"B",2007,"SEDAN","FORD","Car","M",27,"26-29","Drivers"
"T20190017063","5/9/19",06:08:00,"Collision with vehicle","Thursday","Dusk/Dawn",3,3,"Not at intersection",3,80,"C",2016,"WAGON","MAZDA","Station Wagon","F",62,"60-64","Drivers"
"T20190017063","5/9/19",06:08:00,"Collision with vehicle","Thursday","Dusk/Dawn",3,3,"Not at intersection",3,80,"D",2016,"WAGON","TOYOTA","Station Wagon","M",27,"26-29","Drivers"
"T20190017066","5/9/19",10:20:00,"Collision with vehicle","Thursday","Day",2,2,"Cross intersection",3,100,"A",2017,"VAN","HINO","Light Commercial Vehicle (Rigid) <= 4.5 Tonnes GVM","M",25,"22-25","Drivers"
"T20190017066","5/9/19",10:20:00,"Collision with vehicle","Thursday","Day",2,2,"Cross intersection",3,100,"B",2017,"P MVR","KENWOR","Prime Mover B-Double","M",62,"60-64","Drivers"
"T20190017070","4/9/19",14:15:00,"Collision with vehicle","Wednesday","Day",2,2,"T intersection",3,60,"A",2010,"SEDAN","HYNDAI","Car","F",36,"30-39","Drivers"
"T20190017070","4/9/19",14:15:00,"Collision with vehicle","Wednesday","Day",2,2,"T intersection",3,60,"B",2011,"SEDAN","TOYOTA","Car","F",50,"50-59","Drivers"
"T20190017071","25/8/19",12:30:00,"Collision with vehicle","Sunday","Day",2,3,"T intersection",3,100,"A",2011,"SEDAN","TOYOTA","Car","F",83,"70+","Drivers"
"T20190017071","25/8/19",12:30:00,"Collision with vehicle","Sunday","Day",2,3,"T intersection",3,100,"B",1998,"SEDAN","HOLDEN","Car","M",71,"70+","Drivers"
"T20190017073","4/9/19",15:28:00,"Collision with vehicle","Wednesday","Day",2,2,"Not at intersection",3,40,"A",2004,"SEDAN","B M W","Car","M",55,"50-59","Drivers"
"T20190017073","4/9/19",15:28:00,"Collision with vehicle","Wednesday","Day",2,2,"Not at intersection",3,40,"B",2005,"SED","CHRYS","Car","M",22,"22-25","Drivers"
"T20190017075","9/1/19",15:10:00,"Collision with vehicle","Wednesday","Day",2,2,"Cross intersection",3,80,"A",2007,"WAGON","TOYOTA","Station Wagon","M",57,"50-59","Drivers"
"T20190017075","9/1/19",15:10:00,"Collision with vehicle","Wednesday","Day",2,2,"Cross intersection",3,80,"B",2004,"WAGON","NISSAN","Station Wagon","M",35,"30-39","Drivers"
"T20190017079","26/8/19",15:00:00,"Collision with vehicle","Monday","Day",2,2,"Not at intersection",3,50,"A",2004,"SEDAN","TOYOTA","Car","M",52,"50-59","Drivers"
"T20190017079","26/8/19",15:00:00,"Collision with vehicle","Monday","Day",2,2,"Not at intersection",3,50,"B",2007,"WAGON","FORD","Station Wagon","M",71,"70+","Drivers"
"T20190017080","5/9/19",11:45:00,"Collision with vehicle","Thursday","Day",2,3,"T intersection",3,60,"A",2012,"SEDAN","MAZDA","Car","F",43,"40-49","Drivers"
"T20190017080","5/9/19",11:45:00,"Collision with vehicle","Thursday","Day",2,3,"T intersection",3,60,"B",2006,"TOURER","HOLDEN","Car","M",77,"70+","Drivers"
"T20190017081","5/9/19",14:00:00,"Collision with vehicle","Thursday","Day",2,3,"Cross intersection",3,60,"A",2010,"SEDAN","MAZDA","Car","F",21,"17-21","Drivers"
"T20190017081","5/9/19",14:00:00,"Collision with vehicle","Thursday","Day",2,3,"Cross intersection",3,60,"B",1999,"SEDAN","MAZDA","Car","F",57,"50-59","Drivers"
"T20190017083","5/9/19",10:20:00,"Collision with vehicle","Thursday","Day",3,3,"Not at intersection",3,40,"A",2007,"WAGON","HOLDEN","Station Wagon","F",62,"60-64","Drivers"
"T20190017083","5/9/19",10:20:00,"Collision with vehicle","Thursday","Day",3,3,"Not at intersection",3,40,"B",2012,"DC UTE","HOLDEN","Utility","M",43,"40-49","Drivers"
"T20190017083","5/9/19",10:20:00,"Collision with vehicle","Thursday","Day",3,3,"Not at intersection",3,40,"C",2013,"SEDAN","TOYOTA","Car","F",31,"30-39","Drivers"
"T20190017090","5/9/19",07:48:00,"Collision with vehicle","Thursday","Day",2,2,"Not at intersection",3,60,"B",2019,"VAN","UNKN","Panel Van","M",55,"50-59","Drivers"
"T20190017091","5/9/19",13:10:00,"Collision with vehicle","Thursday","Day",3,2,"Not at intersection",3,50,"A",2013,"SEDAN","HYNDAI","Car","M",21,"17-21","Drivers"
"T20190017092","5/9/19",09:30:00,"Collision with vehicle","Thursday","Day",2,3,"Cross intersection",2,50,"A",2013,"SEDAN","TOYOTA","Car","F",23,"22-25","Drivers"
"T20190017092","5/9/19",09:30:00,"Collision with vehicle","Thursday","Day",2,3,"Cross intersection",2,50,"B",2003,"SEDAN","B M W","Car","M",73,"70+","Drivers"
"T20190017095","13/8/19",12:00:00,"Collision with vehicle","Tuesday","Day",2,2,"Not at intersection",3,80,"A",2001,"S WAG","HOLDEN","Station Wagon","M",59,"50-59","Drivers"
"T20190017095","13/8/19",12:00:00,"Collision with vehicle","Tuesday","Day",2,2,"Not at intersection",3,80,"B",2000,"COUPE","HONDA","Car","M",28,"26-29","Drivers"
"T20190017099","5/9/19",08:10:00,"Collision with vehicle","Thursday","Day",2,2,"Cross intersection",3,30,"B",2013,"SEDAN","LEXUS","Car","M",50,"50-59","Drivers"
"T20190017100","3/9/19",11:58:00,"Collision with vehicle","Tuesday","Day",2,2,"Cross intersection",3,60,"A",2004,"TRAY","TOYOTA","Utility","M",46,"40-49","Drivers"
"T20190017100","3/9/19",11:58:00,"Collision with vehicle","Tuesday","Day",2,2,"Cross intersection",3,60,"B",2017,"WAGON","KIA","Station Wagon","F",76,"70+","Drivers"
"T20190017101","4/9/19",19:30:00,"Struck Pedestrian","Wednesday","Dark Street lights on",1,2,"Not at intersection",3,50,"A",2016,"SEDAN","TOYOTA","Car","M",32,"30-39","Drivers"
"T20190017104","28/8/19",07:27:00,"Collision with vehicle","Wednesday","Day",2,2,"Not at intersection",3,999,"A",2012,"SEDAN","KIA","Car","F",23,"22-25","Drivers"
"T20190017104","28/8/19",07:27:00,"Collision with vehicle","Wednesday","Day",2,2,"Not at intersection",3,999,"B",1997,"SEDAN","TOYOTA","Car","F",48,"40-49","Drivers"
"T20190017106","5/9/19",17:00:00,"Collision with vehicle","Thursday","Day",4,5,"Not at intersection",3,60,"A",2007,"SEDAN","HOLDEN","Car","F",36,"30-39","Drivers"
"T20190017106","5/9/19",17:00:00,"Collision with vehicle","Thursday","Day",4,5,"Not at intersection",3,60,"B",2018,"T SDS","FORD","Utility","M",41,"40-49","Drivers"
"T20190017106","5/9/19",17:00:00,"Collision with vehicle","Thursday","Day",4,5,"Not at intersection",3,60,"C",2016,"WAGON","VOLKS","Station Wagon","F",54,"50-59","Drivers"
"T20190017106","5/9/19",17:00:00,"Collision with vehicle","Thursday","Day",4,5,"Not at intersection",3,60,"D",2016,"WAGON","VOLKS","Station Wagon","M",29,"26-29","Drivers"
"T20190017107","5/9/19",15:55:00,"Collision with vehicle","Thursday","Day",2,3,"Not at intersection",3,50,"A",2000,"DC UTE","HOLDEN","Utility","M",34,"30-39","Drivers"
"T20190017107","5/9/19",15:55:00,"Collision with vehicle","Thursday","Day",2,3,"Not at intersection",3,50,"B",0,"SEDAN","FORD","Car","U",NA,"unknown","Drivers"
"T20190017109","24/8/19",04:35:00,"Struck animal","Saturday","Dark No street lights",1,4,"Not at intersection",3,110,"A",2010,"S WAG","VOLKS","Station Wagon","M",64,"60-64","Drivers"
"T20190017110","5/9/19",19:20:00,"Collision with vehicle","Thursday","Dark Street lights on",2,2,"Multiple intersection",3,70,"A",2006,"TRAY","HOLDEN","Light Commercial Vehicle (Rigid) <= 4.5 Tonnes GVM","M",54,"50-59","Drivers"
"T20190017110","5/9/19",19:20:00,"Collision with vehicle","Thursday","Dark Street lights on",2,2,"Multiple intersection",3,70,"B",2016,"SEDAN","HYNDAI","Car","F",52,"50-59","Drivers"
"T20190017112","5/9/19",16:45:00,"Collision with vehicle","Thursday","Day",2,2,"Cross intersection",2,110,"A",2019,"SEDAN","B M W","Car","U",NA,"unknown","Drivers"
"T20190017112","5/9/19",16:45:00,"Collision with vehicle","Thursday","Day",2,2,"Cross intersection",2,110,"B",2011,"DC UTE","NISSAN","Utility","M",38,"30-39","Drivers"
"T20190017115","5/9/19",18:40:00,"Collision with vehicle","Thursday","Dark Street lights unknown",2,2,"Cross intersection",3,60,"A",2016,"SEDAN","HYNDAI","Car","F",20,"17-21","Drivers"
"T20190017115","5/9/19",18:40:00,"Collision with vehicle","Thursday","Dark Street lights unknown",2,2,"Cross intersection",3,60,"B",2001,"SED","HOLDEN","Car","U",NA,"unknown","Drivers"
"T20190017116","5/9/19",18:45:00,"Collision with a fixed object","Thursday","Dark No street lights",1,1,"Not at intersection",3,100,"A",2009,"DC UTE","FORD","Utility","M",22,"22-25","Drivers"
"T20190017119","5/9/19",18:26:00,"Collision with a fixed object","Thursday","Dark Street lights on",1,1,"Not at intersection",3,100,"A",2000,"SEDAN","SUBARU","Car","M",71,"70+","Drivers"
"T20190017121","5/9/19",22:04:00,"Collision with vehicle","Thursday","Dark Street lights on",2,4,"T intersection",3,50,"A",2002,"WAGON","JEEP","Station Wagon","F",26,"26-29","Drivers"
"T20190017121","5/9/19",22:04:00,"Collision with vehicle","Thursday","Dark Street lights on",2,4,"T intersection",3,50,"B",2003,"SEDAN","TOYOTA","Car","F",23,"22-25","Drivers"
"T20190017122","5/9/19",16:15:00,"Collision with vehicle","Thursday","Day",5,6,"Not at intersection",3,70,"A",2012,"S WAG","HYNDAI","Station Wagon","F",40,"40-49","Drivers"
"T20190017122","5/9/19",16:15:00,"Collision with vehicle","Thursday","Day",5,6,"Not at intersection",3,70,"B",1999,"VAN","TOYOTA","Panel Van","M",71,"70+","Drivers"
"T20190017122","5/9/19",16:15:00,"Collision with vehicle","Thursday","Day",5,6,"Not at intersection",3,70,"C",2018,"UTIL","ISUZU","Utility","M",49,"40-49","Drivers"
"T20190017122","5/9/19",16:15:00,"Collision with vehicle","Thursday","Day",5,6,"Not at intersection",3,70,"D",2012,"WAGON","HYNDAI","Station Wagon","M",53,"50-59","Drivers"
"T20190017122","5/9/19",16:15:00,"Collision with vehicle","Thursday","Day",5,6,"Not at intersection",3,70,"E",2001,"COUPE","PROTON","Car","M",19,"17-21","Drivers"
"T20190017123","5/9/19",21:50:00,"Struck Pedestrian","Thursday","Dark Street lights on",1,2,"T intersection",3,70,"A",2011,"SEDAN","HOLDEN","Car","M",23,"22-25","Drivers"