"ACCIDENT_NO","ACCIDENTDATE","ACCIDENTTIME","Accident Type Desc","Day Week Description","Light Condition Desc","NO_OF_VEHICLES","NO_PERSONS","Road Geometry Desc","SEVERITY","SPEED_ZONE","VEHICLE_ID","VEHICLE_YEAR_MANUF","VEHICLE_BODY_STYLE","VEHICLE_MAKE","Vehicle Type Desc","SEX","AGE","Age Group","Road User Type Desc"
"T20190017126","5/9/19",18:18:00,"Collision with vehicle","Thursday","Dark No street lights",2,4,"Not at intersection",3,80,"A",2000,"SEDAN","HOLDEN","Car","F",40,"40-49","Drivers"
"T20190017126","5/9/19",18:18:00,"Collision with vehicle","Thursday","Dark No street lights",2,4,"Not at intersection",3,80,"B",2018,"UTIL","FORD","Utility","M",67,"64-69","Drivers"
"T20190017129","27/8/19",07:58:00,"Collision with vehicle","Tuesday","Day",3,3,"Not at intersection",3,100,"A",2006,"UTIL","HOLDEN","Utility","U",NA,"unknown","Drivers"
"T20190017129","27/8/19",07:58:00,"Collision with vehicle","Tuesday","Day",3,3,"Not at intersection",3,100,"B",2014,"SEDAN","TOYOTA","Car","F",57,"50-59","Drivers"
"T20190017129","27/8/19",07:58:00,"Collision with vehicle","Tuesday","Day",3,3,"Not at intersection",3,100,"C",2010,"VAN","TOYOTA","Panel Van","M",29,"26-29","Drivers"
"T20190017131","1/8/19",09:45:00,"Collision with vehicle","Thursday","Day",3,3,"Not at intersection",3,60,"A",2018,"WAGON","MITSUB","Station Wagon","M",43,"40-49","Drivers"
"T20190017131","1/8/19",09:45:00,"Collision with vehicle","Thursday","Day",3,3,"Not at intersection",3,60,"B",1998,"WAGON","TOYOTA","Station Wagon","U",NA,"unknown","Drivers"
"T20190017131","1/8/19",09:45:00,"Collision with vehicle","Thursday","Day",3,3,"Not at intersection",3,60,"C",2012,"WAGON","HYNDAI","Station Wagon","F",37,"30-39","Drivers"
"T20190017134","31/7/19",10:49:00,"Struck Pedestrian","Wednesday","Day",1,2,"Not at intersection",3,70,"A",2009,"SEDAN","TOYOTA","Car","M",88,"70+","Drivers"
"T20190017136","6/9/19",00:00:00,"Collision with vehicle","Friday","Dark No street lights",2,2,"T intersection",2,80,"A",2017,"WAGON","B M W","Station Wagon","F",40,"40-49","Drivers"
"T20190017136","6/9/19",00:00:00,"Collision with vehicle","Friday","Dark No street lights",2,2,"T intersection",2,80,"B",1999,"WAGON","NISSAN","Station Wagon","M",55,"50-59","Drivers"
"T20190017137","12/6/19",09:15:00,"Collision with vehicle","Wednesday","Day",2,2,"Y intersection",3,60,"B",2005,"UTIL","HOLDEN","Utility","F",49,"40-49","Drivers"
"T20190017138","17/6/19",11:00:00,"Collision with vehicle","Monday","Day",2,2,"Not at intersection",3,60,"A",2014,"SEDAN","MERC B","Car","F",40,"40-49","Drivers"
"T20190017138","17/6/19",11:00:00,"Collision with vehicle","Monday","Day",2,2,"Not at intersection",3,60,"B",2013,"SEDAN","HOLDEN","Car","U",NA,"unknown","Drivers"
"T20190017140","28/8/19",13:19:00,"Collision with vehicle","Wednesday","Day",2,2,"T intersection",3,50,"A",2005,"SEDAN","TOYOTA","Car","F",32,"30-39","Drivers"
"T20190017140","28/8/19",13:19:00,"Collision with vehicle","Wednesday","Day",2,2,"T intersection",3,50,"B",2009,"WAGON","HYNDAI","Station Wagon","F",54,"50-59","Drivers"
"T20190017142","6/9/19",07:40:00,"Collision with vehicle","Friday","Day",2,2,"Not at intersection",3,60,"A",2009,"SEDAN","TOYOTA","Car","F",65,"64-69","Drivers"
"T20190017142","6/9/19",07:40:00,"Collision with vehicle","Friday","Day",2,2,"Not at intersection",3,60,"B",2017,"VAN","FUSO","Heavy Vehicle (Rigid) > 4.5 Tonnes","M",29,"26-29","Drivers"
"T20190017146","6/9/19",08:15:00,"Collision with vehicle","Friday","Day",2,2,"Cross intersection",3,70,"A",2014,"SEDAN","FORD","Car","M",44,"40-49","Drivers"
"T20190017146","6/9/19",08:15:00,"Collision with vehicle","Friday","Day",2,2,"Cross intersection",3,70,"B",1997,"P MVR","KENWTH","Prime Mover - Single Trailer","M",61,"60-64","Drivers"
"T20190017147","6/9/19",08:28:00,"Collision with vehicle","Friday","Day",2,3,"Cross intersection",3,100,"A",2012,"VAN","HINO","Heavy Vehicle (Rigid) > 4.5 Tonnes","M",46,"40-49","Drivers"
"T20190017147","6/9/19",08:28:00,"Collision with vehicle","Friday","Day",2,3,"Cross intersection",3,100,"B",1999,"UTIL","TOYOTA","Utility","M",19,"17-21","Drivers"
"T20190017150","6/9/19",10:40:00,"Collision with vehicle","Friday","Day",2,2,"Cross intersection",3,80,"A",2012,"WAGON","MAZDA","Station Wagon","M",52,"50-59","Drivers"
"T20190017150","6/9/19",10:40:00,"Collision with vehicle","Friday","Day",2,2,"Cross intersection",3,80,"B",2006,"WAGON","HYNDAI","Station Wagon","F",25,"22-25","Drivers"
"T20190017151","6/9/19",10:55:00,"Collision with vehicle","Friday","Day",2,2,"Not at intersection",3,50,"A",2000,"SEDAN","FORD","Car","M",24,"22-25","Drivers"
"T20190017154","26/7/19",09:50:00,"Collision with vehicle","Friday","Day",2,2,"Cross intersection",3,70,"A",2014,"WAGON","HOLDEN","Station Wagon","F",44,"40-49","Drivers"
"T20190017154","26/7/19",09:50:00,"Collision with vehicle","Friday","Day",2,2,"Cross intersection",3,70,"B",2009,"UTIL","FORD","Utility","M",53,"50-59","Drivers"
"T20190017156","3/9/19",21:30:00,"Collision with vehicle","Tuesday","Dark Street lights on",2,2,"Cross intersection",3,50,"A",2013,"S WAG","FORD","Taxi","M",37,"30-39","Drivers"
"T20190017158","31/8/19",14:40:00,"Collision with a fixed object","Saturday","Day",1,1,"Not at intersection",3,80,"A",2001,"SEDAN","HOLDEN","Car","F",18,"17-21","Drivers"
"T20190017164","6/9/19",10:30:00,"Collision with vehicle","Friday","Day",2,2,"Cross intersection",3,70,"A",2002,"SEDAN","TOYOTA","Car","M",34,"30-39","Drivers"
"T20190017164","6/9/19",10:30:00,"Collision with vehicle","Friday","Day",2,2,"Cross intersection",3,70,"B",2016,"WAGON","KIA","Station Wagon","M",80,"70+","Drivers"
"T20190017167","5/9/19",10:33:00,"Struck Pedestrian","Thursday","Day",1,2,"T intersection",3,60,"A",2014,"SEDAN","MAZDA","Car","M",63,"60-64","Drivers"
"T20190017169","21/1/19",15:35:00,"Collision with vehicle","Monday","Day",2,3,"Dead end",3,999,"A",2010,"TRAY","UNKN","Light Commercial Vehicle (Rigid) <= 4.5 Tonnes GVM","M",56,"50-59","Drivers"
"T20190017169","21/1/19",15:35:00,"Collision with vehicle","Monday","Day",2,3,"Dead end",3,999,"B",2007,"VAN","HINO","Light Commercial Vehicle (Rigid) <= 4.5 Tonnes GVM","M",39,"30-39","Drivers"
"T20190017170","5/9/19",06:10:00,"Collision with a fixed object","Thursday","Dusk/Dawn",1,1,"Not at intersection",3,100,"A",2019,"DC UTE","FORD","Utility","M",25,"22-25","Drivers"
"T20190017173","6/9/19",12:30:00,"Collision with vehicle","Friday","Day",2,2,"Not at intersection",3,110,"A",2005,"SEDAN","FORD","Car","M",49,"40-49","Drivers"
"T20190017173","6/9/19",12:30:00,"Collision with vehicle","Friday","Day",2,2,"Not at intersection",3,110,"B",1999,"UTIL","NISSAN","Utility","M",37,"30-39","Drivers"
"T20190017175","6/9/19",13:30:00,"Collision with vehicle","Friday","Day",2,2,"Cross intersection",3,50,"A",2006,"SED","HYUNDI","Car","F",34,"30-39","Drivers"
"T20190017175","6/9/19",13:30:00,"Collision with vehicle","Friday","Day",2,2,"Cross intersection",3,50,"B",2019,"SEDAN","TOYOTA","Car","M",55,"50-59","Drivers"
"T20190017176","22/8/19",18:31:00,"Collision with vehicle","Thursday","Dark Street lights on",4,4,"Not at intersection",3,60,"A",2013,"SEDAN","SUZUKI","Car","F",28,"26-29","Drivers"
"T20190017176","22/8/19",18:31:00,"Collision with vehicle","Thursday","Dark Street lights on",4,4,"Not at intersection",3,60,"B",2007,"WAGON","TOYOTA","Station Wagon","M",23,"22-25","Drivers"
"T20190017176","22/8/19",18:31:00,"Collision with vehicle","Thursday","Dark Street lights on",4,4,"Not at intersection",3,60,"C",2009,"WAGON","HYNDAI","Station Wagon","F",25,"22-25","Drivers"
"T20190017176","22/8/19",18:31:00,"Collision with vehicle","Thursday","Dark Street lights on",4,4,"Not at intersection",3,60,"D",2012,"SED","HONDA","Car","F",28,"26-29","Drivers"
"T20190017177","6/9/19",13:52:00,"Collision with a fixed object","Friday","Day",1,1,"Not at intersection",1,60,"A",1996,"COUPE","NISSAN","Car","M",23,"22-25","Drivers"
"T20190017179","6/9/19",16:00:00,"Collision with vehicle","Friday","Day",2,3,"Cross intersection",3,60,"A",2014,"SEDAN","SUBARU","Car","M",45,"40-49","Drivers"
"T20190017179","6/9/19",16:00:00,"Collision with vehicle","Friday","Day",2,3,"Cross intersection",3,60,"B",2015,"COUPE","TOYOTA","Car","M",20,"17-21","Drivers"
"T20190017180","5/9/19",18:50:00,"Collision with vehicle","Thursday","Dark Street lights on",3,3,"Not at intersection",3,60,"A",2003,"SEDAN","TOYOTA","Car","F",35,"30-39","Drivers"
"T20190017180","5/9/19",18:50:00,"Collision with vehicle","Thursday","Dark Street lights on",3,3,"Not at intersection",3,60,"B",2014,"SEDAN","HONDA","Car","M",NA,"unknown","Drivers"
"T20190017181","6/9/19",14:05:00,"Collision with vehicle","Friday","Day",2,2,"Cross intersection",3,60,"A",2017,"WAGON","MITSUB","Station Wagon","F",66,"64-69","Drivers"
"T20190017181","6/9/19",14:05:00,"Collision with vehicle","Friday","Day",2,2,"Cross intersection",3,60,"B",2010,"WAGON","FORD","Station Wagon","M",46,"40-49","Drivers"
"T20190017183","29/8/19",08:05:00,"Collision with vehicle","Thursday","Day",4,4,"Not at intersection",3,80,"A",2013,"SEDAN","MAZDA","Car","F",31,"30-39","Drivers"
"T20190017183","29/8/19",08:05:00,"Collision with vehicle","Thursday","Day",4,4,"Not at intersection",3,80,"B",2012,"WAGON","MAZDA","Station Wagon","M",46,"40-49","Drivers"
"T20190017183","29/8/19",08:05:00,"Collision with vehicle","Thursday","Day",4,4,"Not at intersection",3,80,"C",2017,"WAGON","HYNDAI","Station Wagon","F",61,"60-64","Drivers"
"T20190017183","29/8/19",08:05:00,"Collision with vehicle","Thursday","Day",4,4,"Not at intersection",3,80,"D",2008,"TRAY","ISUZU","Light Commercial Vehicle (Rigid) <= 4.5 Tonnes GVM","M",32,"30-39","Drivers"
"T20190017184","6/9/19",14:53:00,"Collision with vehicle","Friday","Day",10,10,"Not at intersection",3,80,"A",2015,"SEDAN","HOLDEN","Car","F",53,"50-59","Drivers"
"T20190017184","6/9/19",14:53:00,"Collision with vehicle","Friday","Day",10,10,"Not at intersection",3,80,"B",2016,"SEDAN","HOLDEN","Car","M",66,"64-69","Drivers"
"T20190017184","6/9/19",14:53:00,"Collision with vehicle","Friday","Day",10,10,"Not at intersection",3,80,"C",2005,"WAGON","TOYOTA","Station Wagon","F",45,"40-49","Drivers"
"T20190017184","6/9/19",14:53:00,"Collision with vehicle","Friday","Day",10,10,"Not at intersection",3,80,"D",2017,"SEDAN","HYNDAI","Car","M",32,"30-39","Drivers"
"T20190017184","6/9/19",14:53:00,"Collision with vehicle","Friday","Day",10,10,"Not at intersection",3,80,"E",2001,"WAGON","TOYOTA","Station Wagon","F",64,"60-64","Drivers"
"T20190017184","6/9/19",14:53:00,"Collision with vehicle","Friday","Day",10,10,"Not at intersection",3,80,"F",2018,"TOURER","VOLKSW","Car","M",28,"26-29","Drivers"
"T20190017184","6/9/19",14:53:00,"Collision with vehicle","Friday","Day",10,10,"Not at intersection",3,80,"G",1997,"SEDAN","B M W","Car","M",25,"22-25","Drivers"
"T20190017184","6/9/19",14:53:00,"Collision with vehicle","Friday","Day",10,10,"Not at intersection",3,80,"H",2004,"P MVR","MITSUB","Prime Mover - Single Trailer","M",34,"30-39","Drivers"
"T20190017184","6/9/19",14:53:00,"Collision with vehicle","Friday","Day",10,10,"Not at intersection",3,80,"I",2018,"WAGON","HONDA","Station Wagon","M",37,"30-39","Drivers"
"T20190017184","6/9/19",14:53:00,"Collision with vehicle","Friday","Day",10,10,"Not at intersection",3,80,"J",2005,"SEDAN","MAZDA","Car","F",24,"22-25","Drivers"
"T20190017185","6/9/19",08:00:00,"Collision with a fixed object","Friday","Day",1,2,"Not at intersection",3,100,"A",2014,"MULTI","TOYOTA","Utility","M",19,"17-21","Drivers"
"T20190017188","2/9/19",07:45:00,"Collision with vehicle","Monday","Day",2,2,"Cross intersection",3,40,"A",2012,"BUS","TOYOTA","Mini Bus(9-13 seats)","M",41,"40-49","Drivers"
"T20190017189","9/8/19",08:00:00,"Collision with vehicle","Friday","Day",3,3,"T intersection",3,80,"A",2009,"WAGON","FORD","Station Wagon","F",46,"40-49","Drivers"
"T20190017189","9/8/19",08:00:00,"Collision with vehicle","Friday","Day",3,3,"T intersection",3,80,"B",2008,"SEDAN","MAZDA","Car","F",63,"60-64","Drivers"
"T20190017189","9/8/19",08:00:00,"Collision with vehicle","Friday","Day",3,3,"T intersection",3,80,"C",2018,"SEDAN","TOYOTA","Car","F",48,"40-49","Drivers"
"T20190017190","5/9/19",18:30:00,"Collision with vehicle","Thursday","Dark Street lights on",2,2,"T intersection",3,60,"A",2018,"WAGON","HYNDAI","Station Wagon","M",69,"64-69","Drivers"
"T20190017190","5/9/19",18:30:00,"Collision with vehicle","Thursday","Dark Street lights on",2,2,"T intersection",3,60,"B",2005,"SEDAN","TOYOTA","Car","F",59,"50-59","Drivers"
"T20190017191","6/9/19",16:55:00,"Collision with vehicle","Friday","Day",2,4,"T intersection",3,60,"A",2016,"WAGON","SUBARU","Station Wagon","F",68,"64-69","Drivers"
"T20190017191","6/9/19",16:55:00,"Collision with vehicle","Friday","Day",2,4,"T intersection",3,60,"B",2015,"WAGON","MITSUB","Station Wagon","F",36,"30-39","Drivers"
"T20190017192","6/9/19",14:55:00,"Collision with vehicle","Friday","Day",2,3,"Cross intersection",3,60,"A",2011,"SEDAN","VOLKS","Car","M",24,"22-25","Drivers"
"T20190017192","6/9/19",14:55:00,"Collision with vehicle","Friday","Day",2,3,"Cross intersection",3,60,"B",2014,"SED","TOYOTA","Car","M",36,"30-39","Drivers"
"T20190017193","6/9/19",16:10:00,"Collision with vehicle","Friday","Day",2,2,"T intersection",3,80,"A",2014,"WAGON","TOYOTA","Station Wagon","M",37,"30-39","Drivers"
"T20190017193","6/9/19",16:10:00,"Collision with vehicle","Friday","Day",2,2,"T intersection",3,80,"B",2012,"SEDAN","B M W","Car","M",22,"22-25","Drivers"
"T20190017195","6/9/19",15:50:00,"Collision with vehicle","Friday","Day",3,7,"T intersection",3,80,"A",2004,"DC UTE","NISSAN","Utility","M",18,"17-21","Drivers"
"T20190017195","6/9/19",15:50:00,"Collision with vehicle","Friday","Day",3,7,"T intersection",3,80,"B",2012,"SEDAN","HYNDAI","Car","F",30,"30-39","Drivers"
"T20190017195","6/9/19",15:50:00,"Collision with vehicle","Friday","Day",3,7,"T intersection",3,80,"C",2012,"S WAG","NISSAN","Station Wagon","F",34,"30-39","Drivers"
"T20190017196","6/9/19",14:30:00,"Collision with vehicle","Friday","Day",2,2,"Cross intersection",3,50,"A",2005,"WAGON","TOYOTA","Station Wagon","M",37,"30-39","Drivers"
"T20190017197","2/9/19",17:45:00,"Collision with vehicle","Monday","Day",2,2,"Not at intersection",3,80,"A",2010,"SEDAN","HYNDAI","Car","F",28,"26-29","Drivers"
"T20190017197","2/9/19",17:45:00,"Collision with vehicle","Monday","Day",2,2,"Not at intersection",3,80,"B",2009,"DC UTE","MITSUB","Utility","M",48,"40-49","Drivers"
"T20190017200","6/9/19",19:50:00,"Collision with vehicle","Friday","Dark Street lights on",2,2,"Not at intersection",3,50,"B",2004,"COUPE","HOLDEN","Car","M",41,"40-49","Drivers"
"T20190017204","6/9/19",19:20:00,"Struck Pedestrian","Friday","Dark No street lights",1,2,"Not at intersection",3,30,"A",2006,"SEDAN","TOYOTA","Car","M",44,"40-49","Drivers"
"T20190017205","6/9/19",17:50:00,"Collision with vehicle","Friday","Dark Street lights on",2,4,"Cross intersection",3,100,"A",2010,"S WAG","HOLDEN","Station Wagon","F",53,"50-59","Drivers"
"T20190017205","6/9/19",17:50:00,"Collision with vehicle","Friday","Dark Street lights on",2,4,"Cross intersection",3,100,"B",2005,"SED","SUZUKI","Car","F",17,"16-17","Drivers"
"T20190017210","6/9/19",14:40:00,"Collision with vehicle","Friday","Day",2,5,"Not at intersection",1,100,"A",2003,"SEDAN","HOLDEN","Car","F",28,"26-29","Drivers"
"T20190017210","6/9/19",14:40:00,"Collision with vehicle","Friday","Day",2,5,"Not at intersection",1,100,"B",2019,"WAGON","KIA","Station Wagon","F",46,"40-49","Drivers"
"T20190017213","6/9/19",21:25:00,"Collision with a fixed object","Friday","Dark Street lights on",1,1,"T intersection",3,50,"A",2004,"WAGON","NISSAN","Station Wagon","M",35,"30-39","Drivers"
"T20190017215","6/9/19",06:15:00,"Collision with vehicle","Friday","Dusk/Dawn",2,2,"Not at intersection",3,100,"A",2014,"TRAY","FORD","Light Commercial Vehicle (Rigid) <= 4.5 Tonnes GVM","M",40,"40-49","Drivers"
"T20190017215","6/9/19",06:15:00,"Collision with vehicle","Friday","Dusk/Dawn",2,2,"Not at intersection",3,100,"B",2006,"SEDAN","HONDA","Car","M",62,"60-64","Drivers"
"T20190017221","27/8/19",09:30:00,"Collision with vehicle","Tuesday","Day",2,3,"Not at intersection",3,40,"A",0,"SEDAN","UNKN","Taxi","U",NA,"unknown","Drivers"
"T20190017221","27/8/19",09:30:00,"Collision with vehicle","Tuesday","Day",2,3,"Not at intersection",3,40,"A",0,"SEDAN","UNKN","Taxi","U",NA,"unknown","Drivers"
"T20190017228","7/9/19",07:50:00,"Collision with vehicle","Saturday","Day",2,2,"Not at intersection",3,50,"A",2008,"WAGON","SUBARU","Station Wagon","F",41,"40-49","Drivers"
"T20190017230","6/9/19",14:40:00,"Collision with vehicle","Friday","Day",2,2,"Not at intersection",3,40,"A",2019,"BUS","TOYOTA","Taxi","M",47,"40-49","Drivers"
"T20190017231","7/9/19",07:25:00,"Collision with vehicle","Saturday","Day",2,2,"T intersection",3,60,"A",2011,"SEDAN","TOYOTA","Car","F",47,"40-49","Drivers"
"T20190017231","7/9/19",07:25:00,"Collision with vehicle","Saturday","Day",2,2,"T intersection",3,60,"B",2004,"COUPE","HOLDEN","Car","M",18,"17-21","Drivers"
"T20190017233","7/9/19",09:40:00,"Collision with vehicle","Saturday","Day",2,3,"Not at intersection",3,60,"A",2002,"SEDAN","MITSUB","Car","M",25,"22-25","Drivers"
"T20190017233","7/9/19",09:40:00,"Collision with vehicle","Saturday","Day",2,3,"Not at intersection",3,60,"B",2007,"S WAG","FORD","Station Wagon","M",30,"30-39","Drivers"
"T20190017234","7/9/19",09:17:00,"Collision with vehicle","Saturday","Day",2,3,"Cross intersection",3,60,"A",2009,"SEDAN","SUBARU","Car","M",72,"70+","Drivers"
"T20190017234","7/9/19",09:17:00,"Collision with vehicle","Saturday","Day",2,3,"Cross intersection",3,60,"B",1995,"SEDAN","TOYOTA","Car","F",87,"70+","Drivers"
"T20190017237","2/9/19",13:25:00,"Collision with vehicle","Monday","Day",2,2,"Cross intersection",3,80,"A",1997,"COUPE","MITSUB","Car","M",52,"50-59","Drivers"
"T20190017237","2/9/19",13:25:00,"Collision with vehicle","Monday","Day",2,2,"Cross intersection",3,80,"B",2013,"WAGON","TOYOTA","Station Wagon","F",44,"40-49","Drivers"
"T20190017239","7/9/19",01:00:00,"Struck Pedestrian","Saturday","Dark Street lights on",1,2,"Not at intersection",3,40,"A",2015,"WAGON","HOLDEN","Taxi","M",50,"50-59","Drivers"
"T20190017240","7/9/19",11:50:00,"Collision with a fixed object","Saturday","Day",1,2,"Cross intersection",3,100,"A",2013,"S WAG","HYNDAI","Station Wagon","M",81,"70+","Drivers"
"T20190017241","7/9/19",10:40:00,"Collision with vehicle","Saturday","Day",2,3,"Not at intersection",3,60,"A",2008,"SEDAN","KIA","Car","M",55,"50-59","Drivers"
"T20190017241","7/9/19",10:40:00,"Collision with vehicle","Saturday","Day",2,3,"Not at intersection",3,60,"B",2002,"WAGON","TOYOTA","Station Wagon","M",39,"30-39","Drivers"
"T20190017242","25/7/19",15:00:00,"Collision with vehicle","Thursday","Day",2,2,"T intersection",3,60,"A",2010,"SEDAN","SUZUKI","Car","F",67,"64-69","Drivers"
"T20190017242","25/7/19",15:00:00,"Collision with vehicle","Thursday","Day",2,2,"T intersection",3,60,"B",2007,"SED","MITSUB","Car","M",23,"22-25","Drivers"
"T20190017243","6/9/19",08:25:00,"Collision with vehicle","Friday","Day",2,2,"Cross intersection",3,60,"A",2015,"SEDAN","FORD","Car","U",45,"40-49","Drivers"
"T20190017243","6/9/19",08:25:00,"Collision with vehicle","Friday","Day",2,2,"Cross intersection",3,60,"B",2017,"S WAG","PORSCH","Station Wagon","F",55,"50-59","Drivers"
"T20190017244","12/7/19",11:30:00,"Collision with vehicle","Friday","Day",2,2,"Cross intersection",3,40,"A",2017,"UTIL","FORD","Utility","M",56,"50-59","Drivers"
"T20190017245","7/9/19",12:16:00,"Collision with a fixed object","Saturday","Day",1,1,"Not at intersection",3,100,"A",2008,"SEDAN","MAZDA","Car","F",37,"30-39","Drivers"
"T20190017246","7/9/19",10:25:00,"Collision with vehicle","Saturday","Day",2,2,"T intersection",3,80,"A",2006,"SEDAN","TOYOTA","Car","F",24,"22-25","Drivers"
"T20190017246","7/9/19",10:25:00,"Collision with vehicle","Saturday","Day",2,2,"T intersection",3,80,"B",2008,"WAGON","VOLVO","Station Wagon","M",25,"22-25","Drivers"
"T20190017247","7/9/19",11:10:00,"Struck animal","Saturday","Day",1,5,"Not at intersection",3,60,"A",2013,"SEDAN","SUBARU","Car","M",45,"40-49","Drivers"
"T20190017249","7/9/19",13:21:00,"Collision with vehicle","Saturday","Day",2,4,"Not at intersection",3,40,"B",2006,"SEDAN","TOYOTA","Car","F",60,"60-64","Drivers"
"T20190017250","30/8/19",22:56:00,"Collision with a fixed object","Friday","Dark No street lights",1,1,"Not at intersection",3,60,"A",2004,"WAGON","HONDA","Station Wagon","F",27,"26-29","Drivers"
"T20190017251","7/9/19",10:25:00,"Collision with vehicle","Saturday","Day",2,2,"Not at intersection",3,90,"A",2009,"WAGON","NISSAN","Station Wagon","F",37,"30-39","Drivers"
"T20190017251","7/9/19",10:25:00,"Collision with vehicle","Saturday","Day",2,2,"Not at intersection",3,90,"B",2006,"SEDAN","TOYOTA","Car","M",52,"50-59","Drivers"
"T20190017255","7/9/19",13:50:00,"Collision with vehicle","Saturday","Day",2,5,"Not at intersection",3,60,"A",2019,"WAGON","HYNDAI","Station Wagon","M",62,"60-64","Drivers"
"T20190017255","7/9/19",13:50:00,"Collision with vehicle","Saturday","Day",2,5,"Not at intersection",3,60,"B",1997,"SEDAN","SUZUKI","Car","F",28,"26-29","Drivers"
"T20190017258","10/5/19",12:00:00,"Collision with vehicle","Friday","Unknown",4,5,"T intersection",2,60,"A",2004,"COUPE","UNKN","Car","M",35,"30-39","Drivers"
"T20190017258","10/5/19",12:00:00,"Collision with vehicle","Friday","Unknown",4,5,"T intersection",2,60,"C",2008,"WAGON","PORSCH","Station Wagon","F",27,"26-29","Drivers"
"T20190017261","7/9/19",15:45:00,"Struck Pedestrian","Saturday","Day",1,2,"Not at intersection",3,60,"A",2005,"SEDAN","MAZDA","Car","F",73,"70+","Drivers"
"T20190017262","7/9/19",14:50:00,"Collision with a fixed object","Saturday","Day",1,2,"Not at intersection",3,100,"A",1996,"SEDAN","HOLDEN","Car","M",20,"17-21","Drivers"
"T20190017263","7/9/19",15:15:00,"Collision with vehicle","Saturday","Day",8,3,"Not at intersection",2,40,"A",2018,"SEDAN","MAZDA","Car","F",80,"70+","Drivers"
"T20190017263","7/9/19",15:15:00,"Collision with vehicle","Saturday","Day",8,3,"Not at intersection",2,40,"B",2002,"UTIL","TOYOTA","Utility","M",71,"70+","Drivers"
"T20190017263","7/9/19",15:15:00,"Collision with vehicle","Saturday","Day",8,3,"Not at intersection",2,40,"C",2000,"S WAG","SUBARU","Station Wagon","M",34,"30-39","Drivers"
"T20190017269","7/9/19",12:28:00,"Collision with vehicle","Saturday","Day",2,2,"T intersection",3,60,"A",2010,"SEDAN","MAZDA","Car","F",69,"64-69","Drivers"
"T20190017269","7/9/19",12:28:00,"Collision with vehicle","Saturday","Day",2,2,"T intersection",3,60,"B",1999,"DC UTE","TOYOTA","Utility","M",21,"17-21","Drivers"
"T20190017270","7/9/19",17:09:00,"Collision with vehicle","Saturday","Day",2,3,"Cross intersection",3,100,"A",2013,"SEDAN","FORD","Car","M",41,"40-49","Drivers"
"T20190017270","7/9/19",17:09:00,"Collision with vehicle","Saturday","Day",2,3,"Cross intersection",3,100,"B",2019,"UTIL","NISSAN","Utility","M",43,"40-49","Drivers"
"T20190017271","7/9/19",16:10:00,"Collision with vehicle","Saturday","Day",2,2,"Cross intersection",3,50,"A",2018,"SEDAN","TOYOTA","Car","M",40,"40-49","Drivers"
"T20190017271","7/9/19",16:10:00,"Collision with vehicle","Saturday","Day",2,2,"Cross intersection",3,50,"B",2000,"SED","MAZDA","Car","F",25,"22-25","Drivers"
"T20190017272","7/9/19",17:48:00,"Collision with vehicle","Saturday","Dark Street lights on",3,7,"Not at intersection",3,100,"A",2007,"COUPE","HYNDAI","Car","M",24,"22-25","Drivers"
"T20190017272","7/9/19",17:48:00,"Collision with vehicle","Saturday","Dark Street lights on",3,7,"Not at intersection",3,100,"B",2017,"WAGON","TOYOTA","Station Wagon","M",29,"26-29","Drivers"
"T20190017272","7/9/19",17:48:00,"Collision with vehicle","Saturday","Dark Street lights on",3,7,"Not at intersection",3,100,"C",2007,"SEDAN","HONDA","Car","F",34,"30-39","Drivers"
"T20190017275","6/9/19",20:10:00,"Collision with vehicle","Friday","Dark Street lights on",2,2,"T intersection",3,70,"A",2017,"SEDAN","MITSUB","Car","F",23,"22-25","Drivers"
"T20190017275","6/9/19",20:10:00,"Collision with vehicle","Friday","Dark Street lights on",2,2,"T intersection",3,70,"B",2005,"SEDAN","HOLDEN","Car","F",83,"70+","Drivers"
"T20190017278","7/9/19",19:29:00,"Collision with vehicle","Saturday","Dark Street lights on",2,2,"Cross intersection",3,50,"A",2011,"SEDAN","MAZDA","Car","M",40,"40-49","Drivers"
"T20190017278","7/9/19",19:29:00,"Collision with vehicle","Saturday","Dark Street lights on",2,2,"Cross intersection",3,50,"B",2002,"UTIL","HOLDEN","Utility","M",22,"22-25","Drivers"
"T20190017279","7/9/19",18:00:00,"Collision with vehicle","Saturday","Dark Street lights on",2,3,"Cross intersection",3,60,"A",2015,"SEDAN","HYNDAI","Car","F",31,"30-39","Drivers"
"T20190017279","7/9/19",18:00:00,"Collision with vehicle","Saturday","Dark Street lights on",2,3,"Cross intersection",3,60,"B",2009,"COUPE","B M W","Car","M",39,"30-39","Drivers"
"T20190017283","7/9/19",06:20:00,"Collision with vehicle","Saturday","Dusk/Dawn",2,2,"Cross intersection",3,60,"A",2012,"WAGON","MAZDA","Station Wagon","M",42,"40-49","Drivers"
"T20190017285","7/9/19",20:10:00,"Collision with vehicle","Saturday","Dark Street lights on",2,1,"Not at intersection",3,50,"A",2000,"SEDAN","AUDI","Car","M",21,"17-21","Drivers"
"T20190017287","7/9/19",22:10:00,"Collision with vehicle","Saturday","Dark Street lights on",2,3,"Cross intersection",3,60,"A",2004,"SEDAN","TOYOTA","Car","F",34,"30-39","Drivers"
"T20190017287","7/9/19",22:10:00,"Collision with vehicle","Saturday","Dark Street lights on",2,3,"Cross intersection",3,60,"B",2009,"UTIL","NISSAN","Utility","M",19,"17-21","Drivers"