"ACCIDENT_NO","ACCIDENTDATE","ACCIDENTTIME","Accident Type Desc","Day Week Description","Light Condition Desc","NO_OF_VEHICLES","NO_PERSONS","Road Geometry Desc","SEVERITY","SPEED_ZONE","VEHICLE_ID","VEHICLE_YEAR_MANUF","VEHICLE_BODY_STYLE","VEHICLE_MAKE","Vehicle Type Desc","SEX","AGE","Age Group","Road User Type Desc"
"T20190017288","7/9/19",06:30:00,"Collision with vehicle","Saturday","Dusk/Dawn",2,2,"Not at intersection",3,50,"B",2010,"WAGON","AUDI","Station Wagon","F",50,"50-59","Drivers"
"T20190017291","7/9/19",04:55:00,"collision with some other object","Saturday","Dark No street lights",1,1,"Not at intersection",3,80,"A",1998,"UTIL","NISSAN","Utility","M",25,"22-25","Drivers"
"T20190017293","7/9/19",21:34:00,"Collision with vehicle","Saturday","Dark No street lights",2,1,"Not at intersection",1,50,"A",2005,"SEDAN","HONDA","Car","M",68,"64-69","Drivers"
"T20190017295","7/9/19",18:30:00,"Collision with vehicle","Saturday","Dark Street lights on",2,2,"Not at intersection",3,80,"A",2014,"SEDAN","HYNDAI","Car","F",39,"30-39","Drivers"
"T20190017295","7/9/19",18:30:00,"Collision with vehicle","Saturday","Dark Street lights on",2,2,"Not at intersection",3,80,"B",2010,"COUPE","MERC B","Car","M",55,"50-59","Drivers"
"T20190017298","26/8/19",19:35:00,"Struck Pedestrian","Monday","Dark No street lights",1,2,"T intersection",3,40,"A",2003,"WAGON","MAZDA","Station Wagon","U",NA,"unknown","Drivers"
"T20190017299","8/9/19",00:06:00,"Collision with vehicle","Sunday","Dark Street lights on",3,3,"T intersection",3,60,"A",2004,"SED","TOYOTA","Car","F",51,"50-59","Drivers"
"T20190017299","8/9/19",00:06:00,"Collision with vehicle","Sunday","Dark Street lights on",3,3,"T intersection",3,60,"B",2017,"WAGON","JEEP","Station Wagon","M",67,"64-69","Drivers"
"T20190017299","8/9/19",00:06:00,"Collision with vehicle","Sunday","Dark Street lights on",3,3,"T intersection",3,60,"C",2005,"SEDAN","HONDA","Car","M",30,"30-39","Drivers"
"T20190017301","8/9/19",02:03:00,"No collision and no object struck","Sunday","Dark No street lights",1,2,"Not at intersection",2,100,"A",1996,"SED","HOLDEN","Car","M",70,"70+","Drivers"
"T20190017302","8/9/19",05:45:00,"Collision with vehicle","Sunday","Dusk/Dawn",2,2,"T intersection",3,50,"A",2011,"S WAG","FORD","Station Wagon","F",37,"30-39","Drivers"
"T20190017303","4/9/19",13:56:00,"Collision with vehicle","Wednesday","Day",2,2,"Cross intersection",3,60,"A",2003,"SEDAN","MAZDA","Car","F",45,"40-49","Drivers"
"T20190017303","4/9/19",13:56:00,"Collision with vehicle","Wednesday","Day",2,2,"Cross intersection",3,60,"B",2011,"SEDAN","TOYOTA","Car","M",31,"30-39","Drivers"
"T20190017307","8/9/19",07:08:00,"Struck Pedestrian","Sunday","Day",2,4,"T intersection",3,50,"A",2009,"SEDAN","TOYOTA","Car","M",17,"16-17","Drivers"
"T20190017311","30/8/19",11:30:00,"Collision with vehicle","Friday","Unknown",2,2,"Not at intersection",3,50,"A",2013,"WAGON","JEEP","Station Wagon","F",38,"30-39","Drivers"
"T20190017311","30/8/19",11:30:00,"Collision with vehicle","Friday","Unknown",2,2,"Not at intersection",3,50,"B",2015,"S WAG","HOLDEN","Station Wagon","M",49,"40-49","Drivers"
"T20190017313","23/8/19",04:30:00,"Collision with vehicle","Friday","Dark Street lights on",2,2,"Not at intersection",3,50,"A",2010,"TRAY","FORD","Light Commercial Vehicle (Rigid) <= 4.5 Tonnes GVM","M",53,"50-59","Drivers"
"T20190017313","23/8/19",04:30:00,"Collision with vehicle","Friday","Dark Street lights on",2,2,"Not at intersection",3,50,"B",2009,"DC UTE","MITSUB","Utility","M",23,"22-25","Drivers"
"T20190017314","7/9/19",07:10:00,"Collision with vehicle","Saturday","Dusk/Dawn",2,3,"Multiple intersection",3,80,"A",2014,"SEDAN","LEXUS","Car","F",31,"30-39","Drivers"
"T20190017314","7/9/19",07:10:00,"Collision with vehicle","Saturday","Dusk/Dawn",2,3,"Multiple intersection",3,80,"B",2010,"SEDAN","MITSUB","Station Wagon","F",40,"40-49","Drivers"
"T20190017315","13/7/19",17:45:00,"Collision with vehicle","Saturday","Dark Street lights on",2,2,"Not at intersection",3,60,"A",2004,"S WAG","SUBARU","Station Wagon","F",39,"30-39","Drivers"
"T20190017315","13/7/19",17:45:00,"Collision with vehicle","Saturday","Dark Street lights on",2,2,"Not at intersection",3,60,"B",2006,"WAGON","TOYOTA","Station Wagon","M",21,"17-21","Drivers"
"T20190017317","8/9/19",08:00:00,"Collision with a fixed object","Sunday","Day",1,1,"Not at intersection",3,80,"A",2003,"SEDAN","MAZDA","Car","M",42,"40-49","Drivers"
"T20190017319","8/9/19",10:50:00,"Collision with vehicle","Sunday","Day",3,5,"T intersection",3,70,"A",2016,"SEDAN","TOYOTA","Taxi","M",24,"22-25","Drivers"
"T20190017319","8/9/19",10:50:00,"Collision with vehicle","Sunday","Day",3,5,"T intersection",3,70,"B",2017,"SEDAN","UNKN","Car","M",69,"64-69","Drivers"
"T20190017319","8/9/19",10:50:00,"Collision with vehicle","Sunday","Day",3,5,"T intersection",3,70,"C",2013,"WAGON","HOLDEN","Station Wagon","F",37,"30-39","Drivers"
"T20190017320","8/9/19",09:00:00,"Collision with vehicle","Sunday","Day",3,4,"T intersection",2,60,"A",2013,"SEDAN","HOLDEN","Car","M",49,"40-49","Drivers"
"T20190017320","8/9/19",09:00:00,"Collision with vehicle","Sunday","Day",3,4,"T intersection",2,60,"B",2019,"SEDAN","KIA","Car","F",23,"22-25","Drivers"
"T20190017320","8/9/19",09:00:00,"Collision with vehicle","Sunday","Day",3,4,"T intersection",2,60,"C",2014,"SEDAN","HOLDEN","Car","M",55,"50-59","Drivers"
"T20190017322","8/9/19",10:08:00,"Collision with a fixed object","Sunday","Day",1,1,"Not at intersection",3,100,"A",2017,"UTIL","FORD","Utility","M",31,"30-39","Drivers"
"T20190017323","8/9/19",13:10:00,"Collision with vehicle","Sunday","Day",2,2,"Not at intersection",3,60,"A",2013,"UTIL","VOLKS","Utility","M",45,"40-49","Drivers"
"T20190017325","8/9/19",05:00:00,"Collision with vehicle","Sunday","Dark Street lights unknown",2,3,"T intersection",3,80,"A",1998,"SEDAN","TOYOTA","Car","M",46,"40-49","Drivers"
"T20190017325","8/9/19",05:00:00,"Collision with vehicle","Sunday","Dark Street lights unknown",2,3,"T intersection",3,80,"B",2019,"TRAY","TOYOTA","Utility","M",27,"26-29","Drivers"
"T20190017326","8/8/19",08:40:00,"Collision with vehicle","Thursday","Day",3,3,"Cross intersection",3,70,"A",2015,"WAGON","NISSAN","Station Wagon","F",40,"40-49","Drivers"
"T20190017326","8/8/19",08:40:00,"Collision with vehicle","Thursday","Day",3,3,"Cross intersection",3,70,"B",1998,"SEDAN","FORD","Car","F",44,"40-49","Drivers"
"T20190017326","8/8/19",08:40:00,"Collision with vehicle","Thursday","Day",3,3,"Cross intersection",3,70,"C",2010,"UTIL","TOYOTA","Utility","M",25,"22-25","Drivers"
"T20190017327","8/9/19",13:20:00,"Collision with vehicle","Sunday","Day",4,5,"T intersection",3,70,"A",2017,"DC UTE","FORD","Utility","M",28,"26-29","Drivers"
"T20190017327","8/9/19",13:20:00,"Collision with vehicle","Sunday","Day",4,5,"T intersection",3,70,"B",2009,"SEDAN","VOLKS","Car","F",43,"40-49","Drivers"
"T20190017327","8/9/19",13:20:00,"Collision with vehicle","Sunday","Day",4,5,"T intersection",3,70,"C",2006,"COUPE","TOYOTA","Car","M",27,"26-29","Drivers"
"T20190017327","8/9/19",13:20:00,"Collision with vehicle","Sunday","Day",4,5,"T intersection",3,70,"D",2014,"WAGON","TOYOTA","Station Wagon","M",69,"64-69","Drivers"
"T20190017328","8/9/19",14:15:00,"Collision with vehicle","Sunday","Day",2,2,"Cross intersection",2,60,"A",2017,"SEDAN","HONDA","Car","F",34,"30-39","Drivers"
"T20190017330","5/9/19",14:20:00,"Collision with vehicle","Thursday","Day",2,3,"T intersection",3,60,"A",2016,"SEDAN","MAZDA","Car","F",37,"30-39","Drivers"
"T20190017330","5/9/19",14:20:00,"Collision with vehicle","Thursday","Day",2,3,"T intersection",3,60,"B",2015,"SEDAN","HYNDAI","Car","F",26,"26-29","Drivers"
"T20190017331","8/9/19",14:55:00,"Collision with vehicle","Sunday","Day",2,8,"T intersection",3,60,"A",2012,"S WAG","HOLDEN","Station Wagon","M",32,"30-39","Drivers"
"T20190017331","8/9/19",14:55:00,"Collision with vehicle","Sunday","Day",2,8,"T intersection",3,60,"B",2005,"SEDAN","FORD","Car","F",54,"50-59","Drivers"
"T20190017332","8/9/19",14:41:00,"Collision with a fixed object","Sunday","Day",1,2,"Not at intersection",3,80,"A",2018,"DC UTE","NISSAN","Utility","M",25,"22-25","Drivers"
"T20190017333","8/9/19",13:50:00,"collision with some other object","Sunday","Day",1,1,"Not at intersection",3,100,"A",2013,"WAGON","VOLKS","Station Wagon","M",82,"70+","Drivers"
"T20190017334","23/8/19",19:40:00,"Collision with vehicle","Friday","Dark Street lights unknown",2,2,"Not at intersection",3,100,"A",2014,"WAGON","MITSUB","Station Wagon","M",60,"60-64","Drivers"
"T20190017334","23/8/19",19:40:00,"Collision with vehicle","Friday","Dark Street lights unknown",2,2,"Not at intersection",3,100,"B",0,"S WAG","FORD","Unknown","U",NA,"unknown","Drivers"
"T20190017337","8/9/19",16:15:00,"Collision with a fixed object","Sunday","Day",1,4,"Not at intersection",3,80,"A",2009,"SEDAN","FORD","Car","F",21,"17-21","Drivers"
"T20190017338","8/9/19",16:10:00,"Collision with vehicle","Sunday","Day",2,3,"Cross intersection",3,60,"A",2004,"SEDAN","TOYOTA","Car","M",24,"22-25","Drivers"
"T20190017338","8/9/19",16:10:00,"Collision with vehicle","Sunday","Day",2,3,"Cross intersection",3,60,"B",2016,"SEDAN","VOLKS","Car","M",38,"30-39","Drivers"
"T20190017342","8/9/19",18:50:00,"Struck Pedestrian","Sunday","Dark Street lights on",1,3,"Cross intersection",3,60,"A",2008,"SEDAN","NISSAN","Car","F",50,"50-59","Drivers"
"T20190017346","8/9/19",19:40:00,"Collision with vehicle","Sunday","Dark No street lights",2,2,"Not at intersection",3,100,"A",0,"S WAG","FORD","Station Wagon","F",33,"30-39","Drivers"
"T20190017346","8/9/19",19:40:00,"Collision with vehicle","Sunday","Dark No street lights",2,2,"Not at intersection",3,100,"B",2006,"DC UTE","TOYOTA","Utility","M",62,"60-64","Drivers"
"T20190017347","16/8/19",14:45:00,"Collision with vehicle","Friday","Day",2,2,"Cross intersection",3,80,"A",2011,"SEDAN","MERC B","Car","F",44,"40-49","Drivers"
"T20190017347","16/8/19",14:45:00,"Collision with vehicle","Friday","Day",2,2,"Cross intersection",3,80,"B",2016,"WAGON","KIA","Station Wagon","F",44,"40-49","Drivers"
"T20190017348","8/9/19",19:36:00,"Collision with vehicle","Sunday","Dark No street lights",3,4,"Not at intersection",3,100,"A",2014,"SEDAN","MAZDA","Car","M",44,"40-49","Drivers"
"T20190017348","8/9/19",19:36:00,"Collision with vehicle","Sunday","Dark No street lights",3,4,"Not at intersection",3,100,"B",2000,"SEDAN","HOLDEN","Car","M",30,"30-39","Drivers"
"T20190017348","8/9/19",19:36:00,"Collision with vehicle","Sunday","Dark No street lights",3,4,"Not at intersection",3,100,"C",2016,"WAGON","MERC B","Station Wagon","M",35,"30-39","Drivers"
"T20190017350","8/9/19",19:27:00,"Collision with a fixed object","Sunday","Dark No street lights",1,3,"Not at intersection",3,100,"A",2011,"SED","HOLDEN","Car","M",57,"50-59","Drivers"
"T20190017358","9/9/19",02:21:00,"Collision with a fixed object","Monday","Dark Street lights on",1,1,"T intersection",3,40,"A",2005,"WAGON","HONDA","Station Wagon","F",35,"30-39","Drivers"
"T20190017360","9/9/19",01:30:00,"Collision with a fixed object","Monday","Dark Street lights on",1,1,"Not at intersection",3,60,"A",2003,"SEDAN","HOLDEN","Car","U",27,"26-29","Drivers"
"T20190017364","8/9/19",23:45:00,"Collision with a fixed object","Sunday","Dark Street lights on",1,3,"Not at intersection",1,50,"A",2010,"SEDAN","HYNDAI","Car","M",19,"17-21","Drivers"
"T20190017365","8/9/19",08:50:00,"Collision with a fixed object","Sunday","Day",1,3,"Not at intersection",3,100,"A",1999,"S WAG","HOLDEN","Station Wagon","F",36,"30-39","Drivers"
"T20190017368","26/8/19",07:21:00,"Collision with vehicle","Monday","Day",2,2,"Cross intersection",2,80,"A",2014,"WAGON","TOYOTA","Station Wagon","F",56,"50-59","Drivers"
"T20190017368","26/8/19",07:21:00,"Collision with vehicle","Monday","Day",2,2,"Cross intersection",2,80,"B",2010,"TRAY","HINO","Light Commercial Vehicle (Rigid) <= 4.5 Tonnes GVM","M",31,"30-39","Drivers"
"T20190017370","5/8/19",11:45:00,"Collision with vehicle","Monday","Unknown",2,3,"Not at intersection",3,60,"A",2007,"SEDAN","MERC B","Car","M",77,"70+","Drivers"
"T20190017370","5/8/19",11:45:00,"Collision with vehicle","Monday","Unknown",2,3,"Not at intersection",3,60,"B",2011,"G UNIT","IVECO","Heavy Vehicle (Rigid) > 4.5 Tonnes","M",49,"40-49","Drivers"
"T20190017372","11/4/19",22:00:00,"Collision with vehicle","Thursday","Dark Street lights on",2,3,"Cross intersection",3,60,"A",2014,"WAGON","TOYOTA","Station Wagon","F",42,"40-49","Drivers"
"T20190017372","11/4/19",22:00:00,"Collision with vehicle","Thursday","Dark Street lights on",2,3,"Cross intersection",3,60,"B",1999,"SEDAN","HOLDEN","Car","F",64,"60-64","Drivers"
"T20190017374","9/9/19",10:40:00,"Struck Pedestrian","Monday","Day",1,2,"Not at intersection",2,50,"A",2001,"SEDAN","MITSUB","Car","M",95,"70+","Drivers"
"T20190017376","9/9/19",10:20:00,"Collision with a fixed object","Monday","Day",1,2,"Not at intersection",3,50,"A",2010,"SEDAN","SUZUKI","Car","F",42,"40-49","Drivers"
"T20190017379","3/9/19",21:00:00,"Struck Pedestrian","Tuesday","Dark No street lights",1,2,"Not at intersection",3,60,"A",1989,"WAGON","FORD","Station Wagon","M",28,"26-29","Drivers"
"T20190017383","30/6/19",15:20:00,"Collision with vehicle","Sunday","Day",2,4,"T intersection",3,80,"A",2016,"WAGON","FORD","Station Wagon","M",79,"70+","Drivers"
"T20190017383","30/6/19",15:20:00,"Collision with vehicle","Sunday","Day",2,4,"T intersection",3,80,"B",2005,"SEDAN","HOLDEN","Car","F",44,"40-49","Drivers"
"T20190017385","9/9/19",12:30:00,"Collision with vehicle","Monday","Day",2,6,"Cross intersection",2,60,"A",2018,"WAGON","MAZDA","Station Wagon","F",54,"50-59","Drivers"
"T20190017385","9/9/19",12:30:00,"Collision with vehicle","Monday","Day",2,6,"Cross intersection",2,60,"B",1999,"SEDAN","FORD","Car","F",37,"30-39","Drivers"
"T20190017387","30/8/19",16:31:00,"Collision with vehicle","Friday","Day",2,2,"T intersection",3,60,"A",2005,"SEDAN","SUBARU","Car","M",28,"26-29","Drivers"
"T20190017387","30/8/19",16:31:00,"Collision with vehicle","Friday","Day",2,2,"T intersection",3,60,"B",1995,"COUPE","HONDA","Car","M",59,"50-59","Drivers"
"T20190017388","9/9/19",11:45:00,"Collision with vehicle","Monday","Day",4,2,"Not at intersection",3,40,"A",2006,"WAGON","SUBARU","Station Wagon","M",31,"30-39","Drivers"
"T20190017390","5/9/19",16:30:00,"Collision with vehicle","Thursday","Day",2,5,"T intersection",3,80,"A",2002,"WAGON","HYNDAI","Station Wagon","F",47,"40-49","Drivers"
"T20190017390","5/9/19",16:30:00,"Collision with vehicle","Thursday","Day",2,5,"T intersection",3,80,"B",2010,"SEDAN","TOYOTA","Car","M",62,"60-64","Drivers"
"T20190017391","9/9/19",10:20:00,"Collision with vehicle","Monday","Day",2,3,"Not at intersection",3,60,"A",2017,"WAGON","MITSUB","Station Wagon","F",76,"70+","Drivers"
"T20190017391","9/9/19",10:20:00,"Collision with vehicle","Monday","Day",2,3,"Not at intersection",3,60,"B",1998,"WAGON","SUZUKI","Station Wagon","M",79,"70+","Drivers"
"T20190017394","6/9/19",19:45:00,"Collision with vehicle","Friday","Dark Street lights unknown",2,3,"T intersection",2,999,"A",2013,"WAGON","VOLKS","Station Wagon","M",61,"60-64","Drivers"
"T20190017394","6/9/19",19:45:00,"Collision with vehicle","Friday","Dark Street lights unknown",2,3,"T intersection",2,999,"B",0,"UTIL","HOLDEN","Utility","U",NA,"unknown","Drivers"
"T20190017399","9/9/19",15:43:00,"Collision with vehicle","Monday","Day",2,3,"Cross intersection",3,60,"A",2016,"WAGON","NISSAN","Station Wagon","F",27,"26-29","Drivers"
"T20190017399","9/9/19",15:43:00,"Collision with vehicle","Monday","Day",2,3,"Cross intersection",3,60,"B",2010,"UTIL","FORD","Utility","F",68,"64-69","Drivers"
"T20190017400","9/9/19",15:45:00,"Collision with vehicle","Monday","Day",2,2,"Cross intersection",3,50,"A",2018,"SEDAN","HYNDAI","Car","F",22,"22-25","Drivers"
"T20190017400","9/9/19",15:45:00,"Collision with vehicle","Monday","Day",2,2,"Cross intersection",3,50,"B",2017,"SEDAN","SUBARU","Car","F",25,"22-25","Drivers"
"T20190017404","9/9/19",15:35:00,"Collision with vehicle","Monday","Day",2,3,"Cross intersection",3,60,"A",2013,"SEDAN","REN","Car","F",50,"50-59","Drivers"
"T20190017404","9/9/19",15:35:00,"Collision with vehicle","Monday","Day",2,3,"Cross intersection",3,60,"B",2013,"BUS","MERC B","Bus/Coach","M",44,"40-49","Drivers"
"T20190017406","5/9/19",07:50:00,"Collision with vehicle","Thursday","Unknown",2,2,"T intersection",3,999,"B",2006,"SEDAN","TOYOTA","Car","F",24,"22-25","Drivers"
"T20190017408","9/9/19",17:15:00,"Collision with vehicle","Monday","Dusk/Dawn",2,2,"Cross intersection",3,80,"A",2000,"S WAG","SUBARU","Station Wagon","M",30,"30-39","Drivers"
"T20190017408","9/9/19",17:15:00,"Collision with vehicle","Monday","Dusk/Dawn",2,2,"Cross intersection",3,80,"B",2019,"WAGON","TOYOTA","Station Wagon","F",34,"30-39","Drivers"
"T20190017409","9/9/19",18:50:00,"Collision with vehicle","Monday","Dark Street lights on",2,2,"Cross intersection",3,60,"A",2018,"SEDAN","SUZUKI","Car","F",64,"60-64","Drivers"
"T20190017409","9/9/19",18:50:00,"Collision with vehicle","Monday","Dark Street lights on",2,2,"Cross intersection",3,60,"B",2005,"S WAG","FORD","Station Wagon","M",30,"30-39","Drivers"
"T20190017410","16/8/19",18:10:00,"Collision with vehicle","Friday","Dusk/Dawn",2,2,"Cross intersection",3,70,"A",2014,"SEDAN","HOLDEN","Car","M",57,"50-59","Drivers"
"T20190017410","16/8/19",18:10:00,"Collision with vehicle","Friday","Dusk/Dawn",2,2,"Cross intersection",3,70,"B",2005,"SEDAN","HONDA","Car","M",23,"22-25","Drivers"
"T20190017411","9/9/19",07:55:00,"Struck Pedestrian","Monday","Dusk/Dawn",1,3,"T intersection",3,50,"A",2017,"UTIL","TOYOTA","Utility","M",49,"40-49","Drivers"
"T20190017412","9/9/19",19:30:00,"Fall from or in moving vehicle","Monday","Dark Street lights on",1,2,"Not at intersection",3,60,"A",2017,"SED","HYNDAI","Car","M",58,"50-59","Drivers"
"T20190017413","8/9/19",05:00:00,"collision with some other object","Sunday","Dark No street lights",1,1,"Not at intersection",3,100,"A",1998,"SEDAN","MITSUB","Car","M",29,"26-29","Drivers"
"T20190017418","29/7/19",17:45:00,"Collision with vehicle","Monday","Dark Street lights on",2,3,"Not at intersection",3,60,"C",2011,"SEDAN","FORD","Car","M",28,"26-29","Drivers"
"T20190017426","10/9/19",06:29:00,"Collision with vehicle","Tuesday","Day",3,4,"Not at intersection",3,80,"A",2015,"WAGON","FORD","Station Wagon","M",62,"60-64","Drivers"
"T20190017426","10/9/19",06:29:00,"Collision with vehicle","Tuesday","Day",3,4,"Not at intersection",3,80,"B",2000,"SEDAN","NISSAN","Car","M",26,"26-29","Drivers"
"T20190017426","10/9/19",06:29:00,"Collision with vehicle","Tuesday","Day",3,4,"Not at intersection",3,80,"C",2013,"WAGON","NISSAN","Station Wagon","M",41,"40-49","Drivers"
"T20190017431","9/9/19",15:45:00,"Collision with vehicle","Monday","Day",2,4,"Not at intersection",3,60,"A",2010,"WAGON","NISSAN","Station Wagon","F",17,"16-17","Drivers"
"T20190017431","9/9/19",15:45:00,"Collision with vehicle","Monday","Day",2,4,"Not at intersection",3,60,"B",2016,"P MVR","U D","Prime Mover - Single Trailer","M",31,"30-39","Drivers"
"T20190017433","10/9/19",09:07:00,"Collision with vehicle","Tuesday","Day",2,2,"Cross intersection",3,40,"A",2019,"WAGON","UNKN","Station Wagon","F",73,"70+","Drivers"
"T20190017433","10/9/19",09:07:00,"Collision with vehicle","Tuesday","Day",2,2,"Cross intersection",3,40,"B",2013,"SEDAN","MITSUB","Car","F",32,"30-39","Drivers"
"T20190017437","10/9/19",08:02:00,"Collision with vehicle","Tuesday","Day",2,3,"Cross intersection",3,40,"A",2003,"S WAG","FORD","Station Wagon","M",56,"50-59","Drivers"
"T20190017437","10/9/19",08:02:00,"Collision with vehicle","Tuesday","Day",2,3,"Cross intersection",3,40,"B",2011,"COUPE","M MOVE","Car","F",53,"50-59","Drivers"
"T20190017441","10/9/19",06:40:00,"Collision with vehicle","Tuesday","Unknown",2,2,"Not at intersection",3,100,"A",2016,"TIPPER","HINO","Light Commercial Vehicle (Rigid) <= 4.5 Tonnes GVM","M",23,"22-25","Drivers"
"T20190017441","10/9/19",06:40:00,"Collision with vehicle","Tuesday","Unknown",2,2,"Not at intersection",3,100,"B",2005,"SEDAN","MAZDA","Car","F",72,"70+","Drivers"
"T20190017442","10/9/19",10:20:00,"Collision with vehicle","Tuesday","Day",2,2,"Cross intersection",3,50,"A",2015,"SEDAN","TOYOTA","Car","F",62,"60-64","Drivers"
"T20190017442","10/9/19",10:20:00,"Collision with vehicle","Tuesday","Day",2,2,"Cross intersection",3,50,"B",2012,"DC UTE","HOLDEN","Utility","F",34,"30-39","Drivers"
"T20190017445","10/9/19",10:45:00,"Collision with a fixed object","Tuesday","Day",1,2,"T intersection",3,100,"A",2012,"DC UTE","VOLKS","Utility","M",66,"64-69","Drivers"
"T20190017446","10/9/19",12:58:00,"Collision with vehicle","Tuesday","Day",2,2,"Cross intersection",3,999,"A",2005,"WAGON","MAZDA","Station Wagon","M",25,"22-25","Drivers"
"T20190017448","24/8/19",14:15:00,"Collision with a fixed object","Saturday","Day",1,1,"Cross intersection",3,40,"A",1992,"SEDAN","TOYOTA","Car","F",73,"70+","Drivers"
"T20190017451","9/9/19",10:56:00,"Collision with vehicle","Monday","Day",2,2,"Not at intersection",2,100,"A",2017,"S WAG","KIA","Station Wagon","M",58,"50-59","Drivers"
"T20190017451","9/9/19",10:56:00,"Collision with vehicle","Monday","Day",2,2,"Not at intersection",2,100,"B",1990,"S WAG","TOYOTA","Station Wagon","M",61,"60-64","Drivers"
"T20190017453","10/9/19",10:38:00,"Collision with vehicle","Tuesday","Day",2,2,"Cross intersection",3,80,"A",2006,"WAGON","TOYOTA","Station Wagon","M",21,"17-21","Drivers"
"T20190017453","10/9/19",10:38:00,"Collision with vehicle","Tuesday","Day",2,2,"Cross intersection",3,80,"B",2015,"SEDAN","TOYOTA","Car","F",58,"50-59","Drivers"
"T20190017454","10/9/19",12:45:00,"Collision with vehicle","Tuesday","Day",2,2,"Not at intersection",3,70,"A",2014,"SEDAN","FORD","Car","F",67,"64-69","Drivers"
"T20190017454","10/9/19",12:45:00,"Collision with vehicle","Tuesday","Day",2,2,"Not at intersection",3,70,"B",1997,"UTIL","TOYOTA","Utility","M",55,"50-59","Drivers"
"T20190017458","10/9/19",09:51:00,"Collision with vehicle","Tuesday","Day",2,2,"T intersection",3,60,"A",2003,"SEDAN","TOYOTA","Car","F",87,"70+","Drivers"
"T20190017458","10/9/19",09:51:00,"Collision with vehicle","Tuesday","Day",2,2,"T intersection",3,60,"B",2011,"SEDAN","HONDA","Car","F",55,"50-59","Drivers"
"T20190017459","10/9/19",12:58:00,"Struck Pedestrian","Tuesday","Day",1,2,"Not at intersection",3,999,"A",1994,"SEDAN","HONDA","Car","M",91,"70+","Drivers"
"T20190017461","10/9/19",13:45:00,"collision with some other object","Tuesday","Day",1,2,"Not at intersection",3,60,"A",2004,"SEDAN","FORD","Car","M",90,"70+","Drivers"
"T20190017462","9/8/19",06:30:00,"Collision with vehicle","Friday","Day",2,2,"Not at intersection",3,999,"A",2003,"SEDAN","MAZDA","Car","M",34,"30-39","Drivers"
"T20190017468","19/7/19",16:12:00,"Collision with a fixed object","Friday","Day",1,1,"Not at intersection",3,40,"A",2003,"VAN","ISUZU","Light Commercial Vehicle (Rigid) <= 4.5 Tonnes GVM","M",50,"50-59","Drivers"
"T20190017469","22/7/19",15:30:00,"Collision with vehicle","Monday","Day",2,3,"Not at intersection",3,60,"A",2014,"COUPE","FIAT","Car","F",20,"17-21","Drivers"
"T20190017469","22/7/19",15:30:00,"Collision with vehicle","Monday","Day",2,3,"Not at intersection",3,60,"B",2009,"BUS","VOLVO","Bus/Coach","M",37,"30-39","Drivers"
"T20190017471","7/9/19",04:20:00,"Collision with a fixed object","Saturday","Dark Street lights on",1,2,"Y intersection",3,70,"A",2016,"SEDAN","TOYOTA","Taxi","M",23,"22-25","Drivers"
"T20190017473","10/9/19",15:05:00,"Collision with vehicle","Tuesday","Day",2,4,"Cross intersection",3,50,"A",2013,"SEDAN","TOYOTA","Car","M",87,"70+","Drivers"
"T20190017473","10/9/19",15:05:00,"Collision with vehicle","Tuesday","Day",2,4,"Cross intersection",3,50,"B",2016,"SEDAN","VOLVO","Car","F",56,"50-59","Drivers"
"T20190017474","10/9/19",16:39:00,"Collision with vehicle","Tuesday","Day",2,2,"Cross intersection",3,60,"A",2000,"SED","MITSUB","Car","M",42,"40-49","Drivers"
"T20190017474","10/9/19",16:39:00,"Collision with vehicle","Tuesday","Day",2,2,"Cross intersection",3,60,"B",1996,"SEDAN","SUZUKI","Car","M",25,"22-25","Drivers"
"T20190017475","22/8/19",00:50:00,"Collision with a fixed object","Thursday","Dark Street lights unknown",1,1,"Not at intersection",3,70,"A",2003,"SEDAN","HOLDEN","Car","F",48,"40-49","Drivers"
"T20190017477","28/8/19",16:30:00,"Collision with vehicle","Wednesday","Unknown",2,2,"Not at intersection",3,999,"A",2011,"SEDAN","TOYOTA","Car","F",65,"64-69","Drivers"
"T20190017477","28/8/19",16:30:00,"Collision with vehicle","Wednesday","Unknown",2,2,"Not at intersection",3,999,"B",2012,"DC UTE","FORD","Utility","M",25,"22-25","Drivers"
"T20190017478","10/9/19",07:20:00,"Collision with vehicle","Tuesday","Dusk/Dawn",3,3,"Not at intersection",3,999,"A",2009,"SEDAN","VOLKS","Car","F",43,"40-49","Drivers"
"T20190017478","10/9/19",07:20:00,"Collision with vehicle","Tuesday","Dusk/Dawn",3,3,"Not at intersection",3,999,"B",2018,"WAGON","MITSUB","Station Wagon","F",42,"40-49","Drivers"
"T20190017478","10/9/19",07:20:00,"Collision with vehicle","Tuesday","Dusk/Dawn",3,3,"Not at intersection",3,999,"C",1998,"SED","FORD","Car","F",29,"26-29","Drivers"
"T20190017479","3/9/19",17:15:00,"Collision with vehicle","Tuesday","Dusk/Dawn",2,2,"T intersection",3,60,"A",2016,"SEDAN","MAZDA","Car","F",26,"26-29","Drivers"
"T20190017479","3/9/19",17:15:00,"Collision with vehicle","Tuesday","Dusk/Dawn",2,2,"T intersection",3,60,"B",2008,"SEDAN","FORD","Car","F",47,"40-49","Drivers"