"ACCIDENT_NO","ACCIDENTDATE","ACCIDENTTIME","Accident Type Desc","Day Week Description","Light Condition Desc","NO_OF_VEHICLES","NO_PERSONS","Road Geometry Desc","SEVERITY","SPEED_ZONE","VEHICLE_ID","VEHICLE_YEAR_MANUF","VEHICLE_BODY_STYLE","VEHICLE_MAKE","Vehicle Type Desc","SEX","AGE","Age Group","Road User Type Desc"
"T20190017481","9/9/19",23:00:00,"Struck Pedestrian","Monday","Dark No street lights",1,2,"Cross intersection",3,40,"A",0,"SEDAN","UNKN","Taxi","U",NA,"unknown","Drivers"
"T20190017483","6/9/19",05:40:00,"Collision with a fixed object","Friday","Dark Street lights on",1,2,"Not at intersection",3,50,"A",2002,"UTIL","HOLDEN","Utility","M",18,"17-21","Drivers"
"T20190017484","10/9/19",17:00:00,"Collision with vehicle","Tuesday","Day",2,3,"Not at intersection",3,40,"A",2019,"WAGON","MERC B","Station Wagon","M",33,"30-39","Drivers"
"T20190017485","2/9/19",17:40:00,"Collision with vehicle","Monday","Dusk/Dawn",2,2,"Cross intersection",2,60,"A",2004,"SEDAN","HOLDEN","Car","M",74,"70+","Drivers"
"T20190017485","2/9/19",17:40:00,"Collision with vehicle","Monday","Dusk/Dawn",2,2,"Cross intersection",2,60,"B",2014,"SEDAN","HONDA","Car","F",66,"64-69","Drivers"
"T20190017488","10/9/19",16:50:00,"Collision with vehicle","Tuesday","Day",2,3,"Not at intersection",2,100,"A",2013,"TIPPER","KENWTH","Heavy Vehicle (Rigid) > 4.5 Tonnes","M",60,"60-64","Drivers"
"T20190017488","10/9/19",16:50:00,"Collision with vehicle","Tuesday","Day",2,3,"Not at intersection",2,100,"B",2018,"SEDAN","TOYOTA","Car","F",23,"22-25","Drivers"
"T20190017489","9/9/19",14:30:00,"Collision with vehicle","Monday","Day",2,2,"Not at intersection",3,40,"A",2009,"SEDAN","HONDA","Car","M",56,"50-59","Drivers"
"T20190017489","9/9/19",14:30:00,"Collision with vehicle","Monday","Day",2,2,"Not at intersection",3,40,"B",2012,"WAGON","LEXUS","Station Wagon","F",58,"50-59","Drivers"
"T20190017491","10/9/19",16:30:00,"Collision with vehicle","Tuesday","Day",3,3,"Not at intersection",3,80,"A",2008,"SEDAN","MAZDA","Car","M",34,"30-39","Drivers"
"T20190017491","10/9/19",16:30:00,"Collision with vehicle","Tuesday","Day",3,3,"Not at intersection",3,80,"B",2017,"SEDAN","VOLKS","Car","F",20,"17-21","Drivers"
"T20190017491","10/9/19",16:30:00,"Collision with vehicle","Tuesday","Day",3,3,"Not at intersection",3,80,"C",2017,"UTIL","TOYOTA","Utility","M",50,"50-59","Drivers"
"T20190017494","10/9/19",15:05:00,"Collision with vehicle","Tuesday","Day",2,2,"T intersection",3,50,"A",2006,"S WAG","HOLDEN","Station Wagon","M",28,"26-29","Drivers"
"T20190017494","10/9/19",15:05:00,"Collision with vehicle","Tuesday","Day",2,2,"T intersection",3,50,"B",2011,"DC UTE","G WALL","Utility","M",76,"70+","Drivers"
"T20190017496","10/9/19",21:21:00,"Collision with vehicle","Tuesday","Dark Street lights on",2,2,"T intersection",3,100,"A",2001,"WAGON","TOYOTA","Station Wagon","M",66,"64-69","Drivers"
"T20190017496","10/9/19",21:21:00,"Collision with vehicle","Tuesday","Dark Street lights on",2,2,"T intersection",3,100,"B",1996,"UTIL","FORD","Utility","M",48,"40-49","Drivers"
"T20190017497","10/9/19",16:55:00,"Collision with a fixed object","Tuesday","Day",1,1,"Not at intersection",3,60,"A",2008,"SEDAN","TOYOTA","Car","F",62,"60-64","Drivers"
"T20190017500","10/9/19",20:40:00,"Struck Pedestrian","Tuesday","Dark Street lights on",1,7,"Cross intersection",3,60,"A",2015,"BUS","SCANIA","Bus/Coach","M",42,"40-49","Drivers"
"T20190017501","10/9/19",14:15:00,"Collision with vehicle","Tuesday","Day",2,2,"Cross intersection",3,60,"A",2011,"WAGON","JEEP","Station Wagon","F",69,"64-69","Drivers"
"T20190017501","10/9/19",14:15:00,"Collision with vehicle","Tuesday","Day",2,2,"Cross intersection",3,60,"B",2012,"SEDAN","TOYOTA","Car","F",28,"26-29","Drivers"
"T20190017502","10/9/19",14:33:00,"Struck Pedestrian","Tuesday","Day",1,3,"Not at intersection",3,50,"A",2004,"COUPE","HOLDEN","Car","M",69,"64-69","Drivers"
"T20190017503","28/8/19",10:30:00,"Collision with vehicle","Wednesday","Day",2,2,"Not at intersection",3,60,"A",2001,"SEDAN","TOYOTA","Car","F",78,"70+","Drivers"
"T20190017505","11/9/19",00:57:00,"Struck animal","Wednesday","Dark No street lights",1,1,"Not at intersection",3,100,"A",2019,"SEDAN","KIA","Car","M",58,"50-59","Drivers"
"T20190017507","3/9/19",17:45:00,"Collision with vehicle","Tuesday","Dark Street lights on",2,2,"Not at intersection",3,60,"A",2006,"SEDAN","MAZDA","Car","F",48,"40-49","Drivers"
"T20190017507","3/9/19",17:45:00,"Collision with vehicle","Tuesday","Dark Street lights on",2,2,"Not at intersection",3,60,"B",2014,"SEDAN","TOYOTA","Car","M",36,"30-39","Drivers"
"T20190017509","11/9/19",06:30:00,"Collision with vehicle","Wednesday","Dusk/Dawn",2,1,"Not at intersection",3,50,"A",2001,"UTIL","HOLDEN","Utility","M",22,"22-25","Drivers"
"T20190017510","1/8/19",23:20:00,"Collision with vehicle","Thursday","Dark Street lights on",2,3,"Not at intersection",3,80,"A",1998,"WAGON","TOYOTA","Station Wagon","M",39,"30-39","Drivers"
"T20190017510","1/8/19",23:20:00,"Collision with vehicle","Thursday","Dark Street lights on",2,3,"Not at intersection",3,80,"B",2008,"SEDAN","HYNDAI","Car","M",45,"40-49","Drivers"
"T20190017513","6/9/19",06:15:00,"Collision with vehicle","Friday","Day",2,2,"T intersection",3,60,"A",2014,"SEDAN","TOYOTA","Car","M",33,"30-39","Drivers"
"T20190017513","6/9/19",06:15:00,"Collision with vehicle","Friday","Day",2,2,"T intersection",3,60,"B",2005,"UTIL","NISSAN","Utility","M",24,"22-25","Drivers"
"T20190017514","10/9/19",11:00:00,"Collision with vehicle","Tuesday","Day",2,3,"T intersection",3,60,"A",1993,"SEDAN","TOYOTA","Car","F",87,"70+","Drivers"
"T20190017514","10/9/19",11:00:00,"Collision with vehicle","Tuesday","Day",2,3,"T intersection",3,60,"B",1971,"SEDAN","VOLKS","Car","M",92,"70+","Drivers"
"T20190017515","11/9/19",07:39:00,"Collision with vehicle","Wednesday","Day",3,5,"Cross intersection",3,60,"A",2011,"SEDAN","HOLDEN","Car","F",27,"26-29","Drivers"
"T20190017515","11/9/19",07:39:00,"Collision with vehicle","Wednesday","Day",3,5,"Cross intersection",3,60,"B",2006,"WAGON","FORD","Station Wagon","M",28,"26-29","Drivers"
"T20190017515","11/9/19",07:39:00,"Collision with vehicle","Wednesday","Day",3,5,"Cross intersection",3,60,"C",2015,"WAGON","MAZDA","Station Wagon","M",57,"50-59","Drivers"
"T20190017516","11/9/19",07:55:00,"Collision with vehicle","Wednesday","Day",3,3,"Not at intersection",3,80,"A",2017,"WAGON","NISSAN","Station Wagon","M",37,"30-39","Drivers"
"T20190017516","11/9/19",07:55:00,"Collision with vehicle","Wednesday","Day",3,3,"Not at intersection",3,80,"B",2007,"SEDAN","HONDA","Car","F",28,"26-29","Drivers"
"T20190017516","11/9/19",07:55:00,"Collision with vehicle","Wednesday","Day",3,3,"Not at intersection",3,80,"C",2007,"UTIL","TOYOTA","Utility","M",24,"22-25","Drivers"
"T20190017518","10/9/19",11:00:00,"Struck Pedestrian","Tuesday","Day",1,2,"T intersection",3,40,"A",2018,"S WAG","FORD","Car","F",72,"70+","Drivers"
"T20190017523","11/9/19",09:00:00,"Collision with vehicle","Wednesday","Day",2,2,"Not at intersection",3,40,"A",2007,"SEDAN","HOLDEN","Car","F",19,"17-21","Drivers"
"T20190017523","11/9/19",09:00:00,"Collision with vehicle","Wednesday","Day",2,2,"Not at intersection",3,40,"B",2012,"SEDAN","VOLKS","Car","M",71,"70+","Drivers"
"T20190017525","5/5/19",14:45:00,"Collision with vehicle","Sunday","Day",2,2,"T intersection",3,70,"A",2012,"SEDAN","HONDA","Car","F",22,"22-25","Drivers"
"T20190017528","11/9/19",09:40:00,"Collision with vehicle","Wednesday","Day",2,2,"Not at intersection",3,100,"A",2011,"WAGON","NISSAN","Station Wagon","F",36,"30-39","Drivers"
"T20190017528","11/9/19",09:40:00,"Collision with vehicle","Wednesday","Day",2,2,"Not at intersection",3,100,"B",2011,"WAGON","KIA","Station Wagon","U",NA,"unknown","Drivers"
"T20190017529","9/8/19",06:45:00,"Collision with vehicle","Friday","Dark Street lights on",3,3,"Not at intersection",3,80,"A",2016,"SEDAN","HONDA","Car","F",38,"30-39","Drivers"
"T20190017529","9/8/19",06:45:00,"Collision with vehicle","Friday","Dark Street lights on",3,3,"Not at intersection",3,80,"B",2011,"WAGON","HOLDEN","Station Wagon","M",23,"22-25","Drivers"
"T20190017529","9/8/19",06:45:00,"Collision with vehicle","Friday","Dark Street lights on",3,3,"Not at intersection",3,80,"C",2009,"WAGON","HOLDEN","Station Wagon","M",33,"30-39","Drivers"
"T20190017530","11/9/19",07:35:00,"Struck Pedestrian","Wednesday","Day",1,2,"Not at intersection",3,60,"A",2014,"WAGON","NISSAN","Station Wagon","F",45,"40-49","Drivers"
"T20190017532","11/9/19",08:15:00,"Collision with vehicle","Wednesday","Day",2,2,"T intersection",3,40,"A",2008,"SEDAN","NISSAN","Car","M",22,"22-25","Drivers"
"T20190017534","11/9/19",08:20:00,"Collision with vehicle","Wednesday","Day",2,3,"Not at intersection",3,80,"A",2006,"SEDAN","TOYOTA","Car","M",22,"22-25","Drivers"
"T20190017534","11/9/19",08:20:00,"Collision with vehicle","Wednesday","Day",2,3,"Not at intersection",3,80,"B",2015,"WAGON","NISSAN","Station Wagon","F",66,"64-69","Drivers"
"T20190017536","14/8/19",06:25:00,"Collision with vehicle","Wednesday","Dark Street lights on",2,2,"Cross intersection",3,60,"A",2006,"SEDAN","HOLDEN","Car","M",59,"50-59","Drivers"
"T20190017537","11/9/19",08:48:00,"Collision with vehicle","Wednesday","Day",2,2,"Not at intersection",3,60,"A",2012,"SEDAN","MERC B","Car","F",54,"50-59","Drivers"
"T20190017537","11/9/19",08:48:00,"Collision with vehicle","Wednesday","Day",2,2,"Not at intersection",3,60,"B",2007,"SEDAN","MAZDA","Car","F",28,"26-29","Drivers"
"T20190017539","9/9/19",15:00:00,"Collision with vehicle","Monday","Day",2,2,"T intersection",3,80,"A",2000,"WAGON","TOYOTA","Station Wagon","M",50,"50-59","Drivers"
"T20190017539","9/9/19",15:00:00,"Collision with vehicle","Monday","Day",2,2,"T intersection",3,80,"B",2003,"WAGON","NISSAN","Station Wagon","M",70,"70+","Drivers"
"T20190017543","11/9/19",10:14:00,"Collision with vehicle","Wednesday","Day",3,4,"Not at intersection",3,80,"A",2000,"SEDAN","LEXUS","Car","F",79,"70+","Drivers"
"T20190017543","11/9/19",10:14:00,"Collision with vehicle","Wednesday","Day",3,4,"Not at intersection",3,80,"B",2017,"SEDAN","HONDA","Car","M",39,"30-39","Drivers"
"T20190017543","11/9/19",10:14:00,"Collision with vehicle","Wednesday","Day",3,4,"Not at intersection",3,80,"C",2003,"SEDAN","TOYOTA","Car","F",22,"22-25","Drivers"
"T20190017544","10/9/19",18:10:00,"Collision with vehicle","Tuesday","Day",2,2,"T intersection",3,60,"A",2017,"SEDAN","MAZDA","Car","F",22,"22-25","Drivers"
"T20190017544","10/9/19",18:10:00,"Collision with vehicle","Tuesday","Day",2,2,"T intersection",3,60,"B",2017,"WAGON","MAZDA","Car","F",24,"22-25","Drivers"
"T20190017546","11/9/19",08:25:00,"Collision with vehicle","Wednesday","Day",2,2,"Not at intersection",3,999,"A",2007,"SEDAN","TOYOTA","Car","F",49,"40-49","Drivers"
"T20190017546","11/9/19",08:25:00,"Collision with vehicle","Wednesday","Day",2,2,"Not at intersection",3,999,"B",2006,"WAGON","TOYOTA","Station Wagon","F",47,"40-49","Drivers"
"T20190017551","11/9/19",08:00:00,"Collision with vehicle","Wednesday","Day",2,2,"T intersection",3,40,"A",2014,"SEDAN","HONDA","Car","F",27,"26-29","Drivers"
"T20190017551","11/9/19",08:00:00,"Collision with vehicle","Wednesday","Day",2,2,"T intersection",3,40,"B",2012,"SEDAN","TOYOTA","Car","F",35,"30-39","Drivers"
"T20190017552","11/9/19",10:40:00,"Collision with vehicle","Wednesday","Day",2,2,"Not at intersection",3,100,"A",2015,"SEDAN","TOYOTA","Car","F",36,"30-39","Drivers"
"T20190017552","11/9/19",10:40:00,"Collision with vehicle","Wednesday","Day",2,2,"Not at intersection",3,100,"B",2018,"SKIP C","ISUZU","Heavy Vehicle (Rigid) > 4.5 Tonnes","M",34,"30-39","Drivers"
"T20190017553","29/8/19",14:18:00,"Collision with vehicle","Thursday","Unknown",2,3,"T intersection",3,50,"A",2016,"G UNIT","IVECO","Heavy Vehicle (Rigid) > 4.5 Tonnes","M",25,"22-25","Drivers"
"T20190017553","29/8/19",14:18:00,"Collision with vehicle","Thursday","Unknown",2,3,"T intersection",3,50,"B",2004,"WAGON","MITSUB","Station Wagon","M",51,"50-59","Drivers"
"T20190017555","11/9/19",12:27:00,"Struck Pedestrian","Wednesday","Day",1,4,"Cross intersection",2,60,"A",2009,"SEDAN","HOLDEN","Car","M",25,"22-25","Drivers"
"T20190017556","11/9/19",13:30:00,"Collision with vehicle","Wednesday","Day",2,3,"Cross intersection",3,60,"A",2015,"WAGON","NISSAN","Station Wagon","F",36,"30-39","Drivers"
"T20190017556","11/9/19",13:30:00,"Collision with vehicle","Wednesday","Day",2,3,"Cross intersection",3,60,"B",2011,"SEDAN","TOYOTA","Car","F",48,"40-49","Drivers"
"T20190017557","11/9/19",13:30:00,"Collision with vehicle","Wednesday","Day",4,6,"Not at intersection",3,70,"A",2014,"SEDAN","TOYOTA","Car","F",80,"70+","Drivers"
"T20190017557","11/9/19",13:30:00,"Collision with vehicle","Wednesday","Day",4,6,"Not at intersection",3,70,"B",2016,"SEDAN","TOYOTA","Car","F",25,"22-25","Drivers"
"T20190017557","11/9/19",13:30:00,"Collision with vehicle","Wednesday","Day",4,6,"Not at intersection",3,70,"C",2015,"WAGON","JEEP","Station Wagon","F",33,"30-39","Drivers"
"T20190017557","11/9/19",13:30:00,"Collision with vehicle","Wednesday","Day",4,6,"Not at intersection",3,70,"D",2014,"UTIL","MITSUB","Utility","M",38,"30-39","Drivers"
"T20190017560","11/9/19",14:00:00,"Collision with vehicle","Wednesday","Day",2,2,"T intersection",2,50,"A",2010,"SEDAN","HONDA","Car","F",73,"70+","Drivers"
"T20190017560","11/9/19",14:00:00,"Collision with vehicle","Wednesday","Day",2,2,"T intersection",2,50,"B",2005,"SEDAN","MITSUB","Car","M",22,"22-25","Drivers"
"T20190017562","11/9/19",14:30:00,"Collision with vehicle","Wednesday","Unknown",2,4,"Cross intersection",3,70,"A",2015,"SEDAN","HONDA","Car","M",69,"64-69","Drivers"
"T20190017562","11/9/19",14:30:00,"Collision with vehicle","Wednesday","Unknown",2,4,"Cross intersection",3,70,"B",2018,"WAGON","FORD","Station Wagon","M",79,"70+","Drivers"
"T20190017563","9/9/19",20:12:00,"Struck Pedestrian","Monday","Dark Street lights on",1,2,"Cross intersection",3,60,"A",2009,"SEDAN","TOYOTA","Car","F",59,"50-59","Drivers"
"T20190017564","11/9/19",13:10:00,"Collision with vehicle","Wednesday","Day",2,2,"Cross intersection",3,60,"A",2017,"SOLO","HONDA","Other Vehicle","M",49,"40-49","Drivers"
"T20190017564","11/9/19",13:10:00,"Collision with vehicle","Wednesday","Day",2,2,"Cross intersection",3,60,"B",2015,"SEDAN","HOLDEN","Car","M",36,"30-39","Drivers"
"T20190017565","3/9/19",15:00:00,"Collision with vehicle","Tuesday","Day",2,2,"Not at intersection",3,40,"A",2012,"SEDAN","FORD","Taxi","M",34,"30-39","Drivers"
"T20190017565","3/9/19",15:00:00,"Collision with vehicle","Tuesday","Day",2,2,"Not at intersection",3,40,"B",2010,"SED","HYUNDA","Car","M",41,"40-49","Drivers"
"T20190017566","11/9/19",08:40:00,"Collision with vehicle","Wednesday","Day",2,2,"Not at intersection",3,100,"A",2015,"WAGON","FORD","Station Wagon","F",25,"22-25","Drivers"
"T20190017566","11/9/19",08:40:00,"Collision with vehicle","Wednesday","Day",2,2,"Not at intersection",3,100,"B",2007,"WAGON","MERC B","Station Wagon","F",43,"40-49","Drivers"
"T20190017567","11/9/19",12:50:00,"Collision with vehicle","Wednesday","Day",2,3,"Cross intersection",3,60,"A",2014,"COUPE","KIA","Car","M",41,"40-49","Drivers"
"T20190017567","11/9/19",12:50:00,"Collision with vehicle","Wednesday","Day",2,3,"Cross intersection",3,60,"B",2010,"WAGON","NISSAN","Station Wagon","M",26,"26-29","Drivers"
"T20190017568","3/9/19",16:55:00,"Collision with vehicle","Tuesday","Dusk/Dawn",2,2,"Cross intersection",3,80,"A",2014,"SEDAN","MAZDA","Car","F",46,"40-49","Drivers"
"T20190017568","3/9/19",16:55:00,"Collision with vehicle","Tuesday","Dusk/Dawn",2,2,"Cross intersection",3,80,"B",2007,"SEDAN","MERC B","Car","M",49,"40-49","Drivers"
"T20190017571","11/9/19",13:10:00,"Collision with a fixed object","Wednesday","Day",1,1,"Not at intersection",1,100,"A",2002,"DC UTE","HOLDEN","Utility","F",85,"70+","Drivers"
"T20190017573","11/9/19",15:50:00,"Collision with vehicle","Wednesday","Day",2,2,"T intersection",3,90,"A",2014,"SEDAN","HOLDEN","Car","M",27,"26-29","Drivers"
"T20190017573","11/9/19",15:50:00,"Collision with vehicle","Wednesday","Day",2,2,"T intersection",3,90,"B",2016,"UTIL","ISUZU","Utility","M",71,"70+","Drivers"
"T20190017576","11/9/19",15:42:00,"Collision with vehicle","Wednesday","Day",2,3,"T intersection",3,80,"A",1997,"TIPPER","ISUZU","Light Commercial Vehicle (Rigid) <= 4.5 Tonnes GVM","M",63,"60-64","Drivers"
"T20190017576","11/9/19",15:42:00,"Collision with vehicle","Wednesday","Day",2,3,"T intersection",3,80,"B",2010,"SEDAN","FORD","Car","F",43,"40-49","Drivers"
"T20190017577","10/9/19",08:30:00,"Collision with vehicle","Tuesday","Day",2,2,"Cross intersection",3,80,"A",2011,"SEDAN","VOLKS","Car","M",24,"22-25","Drivers"
"T20190017577","10/9/19",08:30:00,"Collision with vehicle","Tuesday","Day",2,2,"Cross intersection",3,80,"B",2017,"P MVR","FUSO","Prime Mover - Single Trailer","M",61,"60-64","Drivers"
"T20190017578","11/9/19",16:20:00,"Collision with vehicle","Wednesday","Day",2,2,"Not at intersection",3,60,"B",2010,"SED","HOLDEN","Car","M",28,"26-29","Drivers"
"T20190017580","10/9/19",15:30:00,"Collision with vehicle","Tuesday","Day",3,3,"Not at intersection",3,70,"A",1999,"WAGON","FORD","Station Wagon","M",37,"30-39","Drivers"
"T20190017580","10/9/19",15:30:00,"Collision with vehicle","Tuesday","Day",3,3,"Not at intersection",3,70,"B",2004,"WAGON","MITSUB","Station Wagon","F",37,"30-39","Drivers"
"T20190017580","10/9/19",15:30:00,"Collision with vehicle","Tuesday","Day",3,3,"Not at intersection",3,70,"C",2018,"WAGON","KIA","Station Wagon","F",63,"60-64","Drivers"
"T20190017581","11/9/19",15:30:00,"Collision with vehicle","Wednesday","Day",3,3,"Not at intersection",3,60,"A",2015,"SEDAN","MAZDA","Car","M",34,"30-39","Drivers"
"T20190017581","11/9/19",15:30:00,"Collision with vehicle","Wednesday","Day",3,3,"Not at intersection",3,60,"B",2012,"WAGON","AUDI","Car","M",22,"22-25","Drivers"
"T20190017581","11/9/19",15:30:00,"Collision with vehicle","Wednesday","Day",3,3,"Not at intersection",3,60,"C",2017,"UTIL","HOLDEN","Utility","M",33,"30-39","Drivers"
"T20190017582","10/9/19",16:00:00,"Struck Pedestrian","Tuesday","Day",1,2,"Cross intersection",2,70,"A",1999,"WAGON","HONDA","Station Wagon","M",40,"40-49","Drivers"
"T20190017583","11/9/19",17:10:00,"Struck Pedestrian","Wednesday","Dusk/Dawn",1,4,"Not at intersection",3,50,"A",2004,"SEDAN","TOYOTA","Car","F",37,"30-39","Drivers"
"T20190017584","10/9/19",08:40:00,"Struck Pedestrian","Tuesday","Day",1,6,"Not at intersection",3,40,"A",1999,"S WAG","HOLDEN","Station Wagon","M",41,"40-49","Drivers"
"T20190017585","11/9/19",16:09:00,"Collision with vehicle","Wednesday","Day",2,2,"Not at intersection",3,60,"A",2009,"UTIL","HOLDEN","Utility","M",39,"30-39","Drivers"
"T20190017587","4/9/19",17:30:00,"Collision with vehicle","Wednesday","Day",3,3,"T intersection",3,60,"A",2013,"WAGON","HYNDAI","Station Wagon","F",53,"50-59","Drivers"
"T20190017587","4/9/19",17:30:00,"Collision with vehicle","Wednesday","Day",3,3,"T intersection",3,60,"B",2012,"SEDAN","MITSUB","Car","F",55,"50-59","Drivers"
"T20190017587","4/9/19",17:30:00,"Collision with vehicle","Wednesday","Day",3,3,"T intersection",3,60,"C",2005,"SEDAN","TOYOTA","Car","M",50,"50-59","Drivers"
"T20190017589","11/9/19",17:52:00,"Collision with vehicle","Wednesday","Day",2,2,"Cross intersection",3,40,"A",2015,"SEDAN","MAZDA","Car","U",NA,"unknown","Drivers"
"T20190017590","11/9/19",18:30:00,"Collision with vehicle","Wednesday","Dusk/Dawn",2,1,"Not at intersection",3,50,"A",2011,"SEDAN","HOLDEN","Car","F",24,"22-25","Drivers"
"T20190017591","11/9/19",18:35:00,"Struck Pedestrian","Wednesday","Dark Street lights on",1,3,"T intersection",3,60,"A",2008,"SEDAN","NISSAN","Car","M",83,"70+","Drivers"
"T20190017593","11/9/19",18:24:00,"Collision with vehicle","Wednesday","Dark Street lights on",2,2,"T intersection",3,60,"A",2001,"SEDAN","VOLKS","Car","M",18,"17-21","Drivers"
"T20190017594","11/9/19",07:29:00,"Collision with vehicle","Wednesday","Unknown",2,3,"Not at intersection",3,999,"A",2014,"SEDAN","VOLKS","Car","M",28,"26-29","Drivers"
"T20190017594","11/9/19",07:29:00,"Collision with vehicle","Wednesday","Unknown",2,3,"Not at intersection",3,999,"B",1995,"SEDAN","HOLDEN","Car","F",47,"40-49","Drivers"
"T20190017596","11/9/19",20:40:00,"Collision with vehicle","Wednesday","Unknown",2,2,"T intersection",3,60,"A",2015,"WAGON","LEXUS","Station Wagon","M",28,"26-29","Drivers"
"T20190017596","11/9/19",20:40:00,"Collision with vehicle","Wednesday","Unknown",2,2,"T intersection",3,60,"B",2008,"VAN","HINO","Light Commercial Vehicle (Rigid) <= 4.5 Tonnes GVM","M",22,"22-25","Drivers"
"T20190017597","11/9/19",18:35:00,"Collision with vehicle","Wednesday","Day",2,2,"T intersection",3,60,"A",2012,"SEDAN","HOLDEN","Car","M",38,"30-39","Drivers"
"T20190017597","11/9/19",18:35:00,"Collision with vehicle","Wednesday","Day",2,2,"T intersection",3,60,"B",1998,"SEDAN","HOLDEN","Car","M",24,"22-25","Drivers"
"T20190017601","11/9/19",18:25:00,"Collision with vehicle","Wednesday","Dark Street lights on",2,1,"Not at intersection",3,60,"A",2011,"SEDAN","HOLDEN","Car","M",39,"30-39","Drivers"
"T20190017602","11/9/19",09:00:00,"Collision with vehicle","Wednesday","Day",2,2,"Cross intersection",3,50,"A",2014,"SEDAN","TOYOTA","Car","M",32,"30-39","Drivers"
"T20190017605","11/9/19",17:20:00,"Collision with vehicle","Wednesday","Dusk/Dawn",2,2,"Cross intersection",3,60,"A",2018,"SEDAN","HOLDEN","Car","M",40,"40-49","Drivers"
"T20190017605","11/9/19",17:20:00,"Collision with vehicle","Wednesday","Dusk/Dawn",2,2,"Cross intersection",3,60,"B",2003,"SEDAN","HOLDEN","Car","M",18,"17-21","Drivers"
"T20190017607","11/3/19",11:15:00,"Collision with vehicle","Monday","Day",2,4,"Cross intersection",2,40,"A",1993,"COUPE","NISSAN","Car","F",29,"26-29","Drivers"
"T20190017607","11/3/19",11:15:00,"Collision with vehicle","Monday","Day",2,4,"Cross intersection",2,40,"B",2008,"SEDAN","TOYOTA","Car","M",26,"26-29","Drivers"
"T20190017608","11/9/19",05:50:00,"Collision with vehicle","Wednesday","Dark Street lights on",2,2,"Cross intersection",3,60,"A",2012,"COUPE","TOYOTA","Car","F",27,"26-29","Drivers"
"T20190017608","11/9/19",05:50:00,"Collision with vehicle","Wednesday","Dark Street lights on",2,2,"Cross intersection",3,60,"B",1999,"SED","HONDA","Car","M",24,"22-25","Drivers"
"T20190017610","11/9/19",17:15:00,"Collision with a fixed object","Wednesday","Day",2,1,"Cross intersection",3,50,"A",2014,"SEDAN","CITRN","Car","F",81,"70+","Drivers"
"T20190017612","11/9/19",17:20:00,"Collision with vehicle","Wednesday","Dusk/Dawn",2,2,"Not at intersection",2,999,"A",2011,"SEDAN","HOLDEN","Car","M",51,"50-59","Drivers"
"T20190017613","11/9/19",17:08:00,"Collision with vehicle","Wednesday","Day",2,4,"T intersection",3,999,"A",2004,"SEDAN","TOYOTA","Car","M",29,"26-29","Drivers"
"T20190017613","11/9/19",17:08:00,"Collision with vehicle","Wednesday","Day",2,4,"T intersection",3,999,"B",2008,"SEDAN","MITSUB","Car","F",20,"17-21","Drivers"
"T20190017614","10/9/19",06:30:00,"Collision with vehicle","Tuesday","Day",3,3,"Not at intersection",3,80,"A",2003,"DC UTE","TOYOTA","Utility","M",46,"40-49","Drivers"
"T20190017614","10/9/19",06:30:00,"Collision with vehicle","Tuesday","Day",3,3,"Not at intersection",3,80,"B",2002,"SEDAN","FORD","Car","M",25,"22-25","Drivers"
"T20190017614","10/9/19",06:30:00,"Collision with vehicle","Tuesday","Day",3,3,"Not at intersection",3,80,"C",2015,"UTIL","FORD","Utility","M",26,"26-29","Drivers"
"T20190017617","12/9/19",01:30:00,"Collision with vehicle","Thursday","Dark Street lights on",2,6,"Cross intersection",3,40,"A",2018,"SEDAN","KIA","Car","M",39,"30-39","Drivers"
"T20190017617","12/9/19",01:30:00,"Collision with vehicle","Thursday","Dark Street lights on",2,6,"Cross intersection",3,40,"B",2006,"SEDAN","HOLDEN","Car","M",30,"30-39","Drivers"
"T20190017618","11/9/19",22:35:00,"Collision with vehicle","Wednesday","Dark Street lights on",2,2,"Cross intersection",3,70,"A",2005,"TRAY","FORD","Light Commercial Vehicle (Rigid) <= 4.5 Tonnes GVM","M",22,"22-25","Drivers"
"T20190017618","11/9/19",22:35:00,"Collision with vehicle","Wednesday","Dark Street lights on",2,2,"Cross intersection",3,70,"B",2013,"SEDAN","HOLDEN","Car","M",59,"50-59","Drivers"
"T20190017619","11/9/19",23:10:00,"Collision with vehicle","Wednesday","Dark Street lights on",2,2,"Cross intersection",3,60,"A",1986,"SEDAN","NISSAN","Car","F",33,"30-39","Drivers"
"T20190017619","11/9/19",23:10:00,"Collision with vehicle","Wednesday","Dark Street lights on",2,2,"Cross intersection",3,60,"B",2016,"WAGON","TOYOTA","Station Wagon","M",37,"30-39","Drivers"
"T20190017621","11/9/19",23:16:00,"Collision with a fixed object","Wednesday","Dark No street lights",1,2,"Not at intersection",3,80,"A",2011,"SEDAN","MITSUB","Car","F",39,"30-39","Drivers"
"T20190017623","10/9/19",21:55:00,"collision with some other object","Tuesday","Dark Street lights unknown",1,4,"T intersection",2,50,"A",1999,"SEDAN","HOLDEN","Car","M",16,"16-17","Drivers"
"T20190017624","12/9/19",02:30:00,"Collision with vehicle","Thursday","Dark No street lights",2,2,"Not at intersection",2,110,"A",2009,"SEDAN","HYNDAI","Car","M",51,"50-59","Drivers"
"T20190017624","12/9/19",02:30:00,"Collision with vehicle","Thursday","Dark No street lights",2,2,"Not at intersection",2,110,"B",1996,"SEDAN","FORD","Car","F",47,"40-49","Drivers"
"T20190017625","12/9/19",06:30:00,"Collision with vehicle","Thursday","Day",2,3,"Cross intersection",3,60,"A",2017,"TRAY","TOYOTA","Light Commercial Vehicle (Rigid) <= 4.5 Tonnes GVM","M",27,"26-29","Drivers"
"T20190017625","12/9/19",06:30:00,"Collision with vehicle","Thursday","Day",2,3,"Cross intersection",3,60,"B",2010,"S WAG","HONDA","Station Wagon","F",30,"30-39","Drivers"