"ACCIDENT_NO","ACCIDENTDATE","ACCIDENTTIME","Accident Type Desc","Day Week Description","Light Condition Desc","NO_OF_VEHICLES","NO_PERSONS","Road Geometry Desc","SEVERITY","SPEED_ZONE","VEHICLE_ID","VEHICLE_YEAR_MANUF","VEHICLE_BODY_STYLE","VEHICLE_MAKE","Vehicle Type Desc","SEX","AGE","Age Group","Road User Type Desc"
"T20190017629","11/9/19",12:49:00,"Collision with vehicle","Wednesday","Day",2,2,"Cross intersection",3,60,"A",2007,"VAN","TOYOTA","Panel Van","M",52,"50-59","Drivers"
"T20190017632","12/9/19",09:40:00,"Collision with vehicle","Thursday","Day",3,4,"Cross intersection",3,80,"A",2018,"WAGON","FORD","Station Wagon","F",30,"30-39","Drivers"
"T20190017632","12/9/19",09:40:00,"Collision with vehicle","Thursday","Day",3,4,"Cross intersection",3,80,"B",2017,"WAGON","TOYOTA","Taxi","M",34,"30-39","Drivers"
"T20190017632","12/9/19",09:40:00,"Collision with vehicle","Thursday","Day",3,4,"Cross intersection",3,80,"C",2011,"S WAG","NISSAN","Station Wagon","M",38,"30-39","Drivers"
"T20190017635","12/9/19",07:20:00,"Collision with vehicle","Thursday","Day",2,2,"T intersection",3,80,"A",2009,"SEDAN","KIA","Car","F",68,"64-69","Drivers"
"T20190017635","12/9/19",07:20:00,"Collision with vehicle","Thursday","Day",2,2,"T intersection",3,80,"B",2010,"S WAG","FORD","Station Wagon","M",35,"30-39","Drivers"
"T20190017637","6/8/19",17:30:00,"Collision with vehicle","Tuesday","Unknown",2,2,"Not at intersection",3,80,"A",2010,"SEDAN","MAZDA","Car","F",30,"30-39","Drivers"
"T20190017637","6/8/19",17:30:00,"Collision with vehicle","Tuesday","Unknown",2,2,"Not at intersection",3,80,"B",2001,"WAGON","NISSAN","Station Wagon","F",42,"40-49","Drivers"
"T20190017640","12/9/19",11:00:00,"Collision with a fixed object","Thursday","Day",1,2,"Not at intersection",2,80,"A",1997,"SEDAN","HOLDEN","Car","M",63,"60-64","Drivers"
"T20190017643","11/9/19",18:00:00,"Collision with vehicle","Wednesday","Dusk/Dawn",2,2,"Not at intersection",3,999,"A",2012,"SEDAN","MAZDA","Car","U",NA,"unknown","Drivers"
"T20190017643","11/9/19",18:00:00,"Collision with vehicle","Wednesday","Dusk/Dawn",2,2,"Not at intersection",3,999,"B",2018,"WAGON","MAZDA","Car","M",29,"26-29","Drivers"
"T20190017644","12/9/19",10:57:00,"Collision with vehicle","Thursday","Day",2,2,"T intersection",3,100,"A",2004,"SEDAN","HOLDEN","Car","F",19,"17-21","Drivers"
"T20190017644","12/9/19",10:57:00,"Collision with vehicle","Thursday","Day",2,2,"T intersection",3,100,"B",2016,"WAGON","FORD","Station Wagon","F",43,"40-49","Drivers"
"T20190017645","4/7/19",05:20:00,"No collision and no object struck","Thursday","Dark No street lights",1,1,"Not at intersection",3,60,"A",1998,"SEDAN","HOLDEN","Car","M",24,"22-25","Drivers"
"T20190017646","12/9/19",12:30:00,"Collision with vehicle","Thursday","Day",2,4,"T intersection",3,60,"A",2018,"VAN","MERC B","Panel Van","F",49,"40-49","Drivers"
"T20190017646","12/9/19",12:30:00,"Collision with vehicle","Thursday","Day",2,4,"T intersection",3,60,"B",2018,"DC UTE","NISSAN","Utility","F",22,"22-25","Drivers"
"T20190017647","12/9/19",07:44:00,"Collision with vehicle","Thursday","Day",2,4,"Cross intersection",3,50,"A",2009,"TRAY","FORD","Light Commercial Vehicle (Rigid) <= 4.5 Tonnes GVM","M",20,"17-21","Drivers"
"T20190017647","12/9/19",07:44:00,"Collision with vehicle","Thursday","Day",2,4,"Cross intersection",3,50,"B",2014,"SEDAN","FIAT","Car","F",47,"40-49","Drivers"
"T20190017649","12/9/19",12:18:00,"Collision with vehicle","Thursday","Day",2,2,"Not at intersection",3,50,"A",2018,"WAGON","KIA","Station Wagon","M",54,"50-59","Drivers"
"T20190017649","12/9/19",12:18:00,"Collision with vehicle","Thursday","Day",2,2,"Not at intersection",3,50,"B",2004,"SED","TOYOTA","Car","M",22,"22-25","Drivers"
"T20190017651","12/9/19",07:23:00,"Collision with vehicle","Thursday","Day",2,2,"T intersection",3,60,"A",2006,"SEDAN","VOLKS","Car","F",24,"22-25","Drivers"
"T20190017652","7/9/19",10:40:00,"Collision with vehicle","Saturday","Day",3,4,"Not at intersection",3,100,"B",2011,"SEDAN","TOYOTA","Car","F",52,"50-59","Drivers"
"T20190017652","7/9/19",10:40:00,"Collision with vehicle","Saturday","Day",3,4,"Not at intersection",3,100,"C",2002,"SEDAN","TOYOTA","Car","F",47,"40-49","Drivers"
"T20190017653","12/9/19",11:54:00,"Collision with vehicle","Thursday","Day",2,2,"T intersection",3,80,"A",2004,"SEDAN","FORD","Car","M",79,"70+","Drivers"
"T20190017653","12/9/19",11:54:00,"Collision with vehicle","Thursday","Day",2,2,"T intersection",3,80,"B",2010,"SEDAN","SUZUKI","Car","F",51,"50-59","Drivers"
"T20190017655","21/8/19",08:00:00,"Collision with vehicle","Wednesday","Day",2,2,"Not at intersection",3,40,"B",2019,"SEDAN","KIA","Car","F",18,"17-21","Drivers"
"T20190017656","12/9/19",12:27:00,"Vehicle overturned (no collision)","Thursday","Day",1,1,"Not at intersection",3,100,"A",2008,"SEDAN","HOLDEN","Car","F",27,"26-29","Drivers"
"T20190017659","12/9/19",11:00:00,"Collision with vehicle","Thursday","Day",3,5,"T intersection",3,60,"A",2006,"BUS","SCANIA","Bus/Coach","M",36,"30-39","Drivers"
"T20190017659","12/9/19",11:00:00,"Collision with vehicle","Thursday","Day",3,5,"T intersection",3,60,"B",2002,"SED","FORD","Car","M",81,"70+","Drivers"
"T20190017659","12/9/19",11:00:00,"Collision with vehicle","Thursday","Day",3,5,"T intersection",3,60,"C",2017,"UTIL","FORD","Utility","M",31,"30-39","Drivers"
"T20190017660","12/9/19",10:15:00,"Collision with vehicle","Thursday","Day",2,2,"Not at intersection",3,70,"A",2003,"UTIL","FORD","Utility","M",39,"30-39","Drivers"
"T20190017661","11/9/19",19:06:00,"Collision with vehicle","Wednesday","Dark Street lights on",2,3,"T intersection",3,60,"A",2017,"WAGON","FORD","Station Wagon","M",39,"30-39","Drivers"
"T20190017661","11/9/19",19:06:00,"Collision with vehicle","Wednesday","Dark Street lights on",2,3,"T intersection",3,60,"B",2010,"SEDAN","MAZDA","Car","F",25,"22-25","Drivers"
"T20190017664","3/7/19",11:45:00,"Collision with vehicle","Wednesday","Day",2,2,"Cross intersection",3,50,"A",2009,"WAGON","KIA","Car","M",46,"40-49","Drivers"
"T20190017664","3/7/19",11:45:00,"Collision with vehicle","Wednesday","Day",2,2,"Cross intersection",3,50,"B",2005,"SEDAN","KIA","Car","M",29,"26-29","Drivers"
"T20190017665","12/9/19",15:05:00,"Collision with vehicle","Thursday","Day",2,2,"Cross intersection",3,60,"A",2016,"WAGON","HOLDEN","Station Wagon","F",48,"40-49","Drivers"
"T20190017665","12/9/19",15:05:00,"Collision with vehicle","Thursday","Day",2,2,"Cross intersection",3,60,"B",2009,"SEDAN","HOLDEN","Car","F",60,"60-64","Drivers"
"T20190017666","12/9/19",15:45:00,"Collision with vehicle","Thursday","Day",2,2,"Cross intersection",3,40,"A",2018,"WAGON","HOLDEN","Station Wagon","M",37,"30-39","Drivers"
"T20190017668","12/9/19",15:34:00,"Collision with vehicle","Thursday","Day",2,2,"T intersection",3,60,"A",2016,"SEDAN","TOYOTA","Car","F",56,"50-59","Drivers"
"T20190017668","12/9/19",15:34:00,"Collision with vehicle","Thursday","Day",2,2,"T intersection",3,60,"B",2007,"VAN","MERC B","Panel Van","M",43,"40-49","Drivers"
"T20190017669","12/9/19",15:35:00,"Struck Pedestrian","Thursday","Day",1,3,"Not at intersection",3,40,"A",2007,"SEDAN","MITSUB","Car","M",26,"26-29","Drivers"
"T20190017676","12/9/19",14:40:00,"Collision with a fixed object","Thursday","Day",1,1,"Not at intersection",3,100,"A",2001,"S WAG","HOLDEN","Station Wagon","M",27,"26-29","Drivers"
"T20190017677","12/9/19",16:23:00,"Collision with vehicle","Thursday","Day",3,3,"Not at intersection",3,60,"A",2003,"SEDAN","HOLDEN","Car","M",42,"40-49","Drivers"
"T20190017677","12/9/19",16:23:00,"Collision with vehicle","Thursday","Day",3,3,"Not at intersection",3,60,"B",2016,"WAGON","KIA","Station Wagon","F",52,"50-59","Drivers"
"T20190017677","12/9/19",16:23:00,"Collision with vehicle","Thursday","Day",3,3,"Not at intersection",3,60,"C",2009,"SEDAN","MAZDA","Car","M",60,"60-64","Drivers"
"T20190017682","11/9/19",18:20:00,"Collision with vehicle","Wednesday","Dark Street lights on",5,5,"Multiple intersection",3,70,"A",2007,"S WAG","HOLDEN","Station Wagon","M",64,"60-64","Drivers"
"T20190017682","11/9/19",18:20:00,"Collision with vehicle","Wednesday","Dark Street lights on",5,5,"Multiple intersection",3,70,"B",2014,"SEDAN","TOYOTA","Car","M",47,"40-49","Drivers"
"T20190017682","11/9/19",18:20:00,"Collision with vehicle","Wednesday","Dark Street lights on",5,5,"Multiple intersection",3,70,"C",2009,"SEDAN","SUBARU","Car","M",18,"17-21","Drivers"
"T20190017682","11/9/19",18:20:00,"Collision with vehicle","Wednesday","Dark Street lights on",5,5,"Multiple intersection",3,70,"D",2017,"WAGON","TOYOTA","Station Wagon","M",53,"50-59","Drivers"
"T20190017682","11/9/19",18:20:00,"Collision with vehicle","Wednesday","Dark Street lights on",5,5,"Multiple intersection",3,70,"E",2017,"WAGON","TOYOTA","Station Wagon","F",49,"40-49","Drivers"
"T20190017686","12/9/19",19:15:00,"Collision with vehicle","Thursday","Dark Street lights on",2,2,"Cross intersection",3,60,"A",2010,"WAGON","SUZUKI","Station Wagon","M",51,"50-59","Drivers"
"T20190017686","12/9/19",19:15:00,"Collision with vehicle","Thursday","Dark Street lights on",2,2,"Cross intersection",3,60,"B",2014,"SEDAN","HONDA","Car","F",26,"26-29","Drivers"
"T20190017687","12/9/19",17:00:00,"Collision with a fixed object","Thursday","Day",1,1,"Not at intersection",3,60,"A",1999,"COUPE","NISSAN","Car","M",29,"26-29","Drivers"
"T20190017688","12/9/19",18:12:00,"Collision with vehicle","Thursday","Dusk/Dawn",2,2,"Cross intersection",3,50,"A",2018,"SEDAN","B M W","Car","M",24,"22-25","Drivers"
"T20190017693","12/9/19",16:23:00,"Collision with a fixed object","Thursday","Day",1,1,"Not at intersection",3,110,"A",2006,"UTIL","HOLDEN","Utility","M",57,"50-59","Drivers"
"T20190017695","12/9/19",20:00:00,"Struck Pedestrian","Thursday","Dark No street lights",1,2,"T intersection",3,50,"A",2015,"VAN","HYNDAI","Panel Van","M",31,"30-39","Drivers"
"T20190017698","12/9/19",18:00:00,"Collision with vehicle","Thursday","Dark Street lights on",5,6,"Cross intersection",3,50,"A",2008,"SEDAN","JAGUAR","Car","M",70,"70+","Drivers"
"T20190017698","12/9/19",18:00:00,"Collision with vehicle","Thursday","Dark Street lights on",5,6,"Cross intersection",3,50,"B",2017,"WAGON","MERC B","Station Wagon","F",54,"50-59","Drivers"
"T20190017698","12/9/19",18:00:00,"Collision with vehicle","Thursday","Dark Street lights on",5,6,"Cross intersection",3,50,"C",2017,"WAGON","VOLKS","Station Wagon","M",28,"26-29","Drivers"
"T20190017700","11/9/19",17:00:00,"Collision with vehicle","Wednesday","Dusk/Dawn",2,3,"Cross intersection",3,60,"A",2017,"SEDAN","HONDA","Car","M",24,"22-25","Drivers"
"T20190017700","11/9/19",17:00:00,"Collision with vehicle","Wednesday","Dusk/Dawn",2,3,"Cross intersection",3,60,"B",2002,"SEDAN","NISSAN","Car","F",29,"26-29","Drivers"
"T20190017703","20/6/19",18:10:00,"Collision with vehicle","Thursday","Dark Street lights on",3,3,"Not at intersection",3,70,"A",2014,"SEDAN","NISSAN","Car","F",26,"26-29","Drivers"
"T20190017703","20/6/19",18:10:00,"Collision with vehicle","Thursday","Dark Street lights on",3,3,"Not at intersection",3,70,"B",2005,"S WAG","HOLDEN","Station Wagon","M",28,"26-29","Drivers"
"T20190017703","20/6/19",18:10:00,"Collision with vehicle","Thursday","Dark Street lights on",3,3,"Not at intersection",3,70,"C",2014,"WAGON","TOYOTA","Station Wagon","F",32,"30-39","Drivers"
"T20190017704","12/9/19",22:36:00,"Collision with vehicle","Thursday","Dark Street lights on",2,1,"Not at intersection",3,60,"A",2017,"SEDAN","KIA","Car","F",33,"30-39","Drivers"
"T20190017705","16/8/19",15:30:00,"Collision with vehicle","Friday","Unknown",2,2,"Not at intersection",3,60,"A",2003,"WAGON","HONDA","Station Wagon","F",34,"30-39","Drivers"
"T20190017705","16/8/19",15:30:00,"Collision with vehicle","Friday","Unknown",2,2,"Not at intersection",3,60,"B",2007,"SEDAN","HOLDEN","Car","M",59,"50-59","Drivers"
"T20190017707","26/8/19",23:33:00,"Collision with vehicle","Monday","Dark Street lights on",2,3,"T intersection",3,80,"A",2002,"SEDAN","FORD","Car","M",71,"70+","Drivers"
"T20190017707","26/8/19",23:33:00,"Collision with vehicle","Monday","Dark Street lights on",2,3,"T intersection",3,80,"B",2010,"SEDAN","HONDA","Car","M",57,"50-59","Drivers"
"T20190017709","13/9/19",00:58:00,"Collision with a fixed object","Friday","Dark Street lights on",1,1,"T intersection",3,60,"A",2010,"TOURER","B M W","Car","M",32,"30-39","Drivers"
"T20190017712","13/9/19",00:30:00,"Collision with a fixed object","Friday","Dark No street lights",1,1,"Not at intersection",2,100,"A",2005,"S WAG","HOLDEN","Station Wagon","M",58,"50-59","Drivers"
"T20190017715","13/9/19",06:27:00,"Vehicle overturned (no collision)","Friday","Day",2,3,"Not at intersection",3,60,"A",2010,"SEDAN","VOLKS","Car","F",49,"40-49","Drivers"
"T20190017717","13/9/19",08:17:00,"Collision with vehicle","Friday","Day",2,5,"T intersection",3,50,"A",2008,"S WAG","L ROV","Station Wagon","F",43,"40-49","Drivers"
"T20190017719","28/8/19",13:50:00,"Collision with vehicle","Wednesday","Day",2,2,"T intersection",3,60,"A",1997,"SEDAN","TOYOTA","Car","F",51,"50-59","Drivers"
"T20190017719","28/8/19",13:50:00,"Collision with vehicle","Wednesday","Day",2,2,"T intersection",3,60,"B",2000,"SEDAN","TOYOTA","Car","M",24,"22-25","Drivers"
"T20190017720","12/9/19",20:37:00,"Collision with a fixed object","Thursday","Dark Street lights on",1,2,"Not at intersection",2,50,"A",2011,"SEDAN","B M W","Car","F",23,"22-25","Drivers"
"T20190017722","12/9/19",23:00:00,"Struck Pedestrian","Thursday","Dark Street lights on",1,2,"Cross intersection",3,60,"A",2017,"WAGON","VOLKS","Station Wagon","M",35,"30-39","Drivers"
"T20190017723","13/9/19",08:07:00,"Collision with vehicle","Friday","Day",2,2,"Not at intersection",3,60,"A",1999,"SEDAN","FORD","Car","M",25,"22-25","Drivers"
"T20190017725","10/9/19",10:45:00,"Collision with vehicle","Tuesday","Day",3,4,"Not at intersection",3,70,"A",2015,"WAGON","HONDA","Station Wagon","F",35,"30-39","Drivers"
"T20190017725","10/9/19",10:45:00,"Collision with vehicle","Tuesday","Day",3,4,"Not at intersection",3,70,"B",2012,"SEDAN","PEUG","Car","F",38,"30-39","Drivers"
"T20190017725","10/9/19",10:45:00,"Collision with vehicle","Tuesday","Day",3,4,"Not at intersection",3,70,"C",2014,"SEDAN","TOYOTA","Car","F",44,"40-49","Drivers"
"T20190017727","5/9/19",08:30:00,"collision with some other object","Thursday","Day",1,1,"Not at intersection",3,40,"A",2012,"G UNIT","U D","Heavy Vehicle (Rigid) > 4.5 Tonnes","M",59,"50-59","Drivers"
"T20190017728","13/9/19",08:52:00,"Collision with vehicle","Friday","Day",2,3,"Not at intersection",3,40,"B",2013,"SEDAN","HOLDEN","Car","F",50,"50-59","Drivers"
"T20190017732","13/9/19",10:42:00,"Collision with vehicle","Friday","Day",2,4,"T intersection",3,60,"B",2001,"SEDAN","TOYOTA","Car","F",33,"30-39","Drivers"
"T20190017733","7/8/19",15:50:00,"Collision with vehicle","Wednesday","Unknown",2,2,"Not at intersection",3,60,"A",2012,"WAGON","SUBARU","Station Wagon","F",18,"17-21","Drivers"
"T20190017733","7/8/19",15:50:00,"Collision with vehicle","Wednesday","Unknown",2,2,"Not at intersection",3,60,"B",2010,"SEDAN","MERC B","Car","F",22,"22-25","Drivers"
"T20190017739","13/9/19",12:44:00,"Collision with vehicle","Friday","Day",2,2,"Not at intersection",3,60,"A",2011,"DC UTE","FORD","Utility","M",48,"40-49","Drivers"
"T20190017739","13/9/19",12:44:00,"Collision with vehicle","Friday","Day",2,2,"Not at intersection",3,60,"B",2003,"SEDAN","FORD","Car","F",20,"17-21","Drivers"
"T20190017740","13/9/19",10:50:00,"Collision with a fixed object","Friday","Unknown",1,2,"Not at intersection",1,888,"A",1994,"WAGON","NISSAN","Station Wagon","M",22,"22-25","Drivers"
"T20190017742","13/9/19",13:15:00,"Collision with vehicle","Friday","Day",2,3,"Not at intersection",3,50,"A",2008,"SEDAN","HONDA","Car","F",84,"70+","Drivers"
"T20190017742","13/9/19",13:15:00,"Collision with vehicle","Friday","Day",2,3,"Not at intersection",3,50,"B",2004,"SEDAN","HOLDEN","Car","F",20,"17-21","Drivers"
"T20190017743","13/9/19",08:55:00,"Collision with vehicle","Friday","Day",2,2,"T intersection",3,60,"A",2005,"VAN","MAZDA","Panel Van","M",64,"60-64","Drivers"
"T20190017743","13/9/19",08:55:00,"Collision with vehicle","Friday","Day",2,2,"T intersection",3,60,"B",2018,"UTIL","HOLDEN","Utility","M",33,"30-39","Drivers"
"T20190017744","3/9/19",08:47:00,"Collision with vehicle","Tuesday","Day",2,2,"Cross intersection",3,60,"A",2018,"WAGON","HYNDAI","Station Wagon","M",57,"50-59","Drivers"
"T20190017744","3/9/19",08:47:00,"Collision with vehicle","Tuesday","Day",2,2,"Cross intersection",3,60,"B",2014,"WAGON","MERC B","Station Wagon","M",47,"40-49","Drivers"
"T20190017745","13/9/19",14:00:00,"Collision with vehicle","Friday","Day",4,4,"T intersection",3,60,"A",2007,"SEDAN","TOYOTA","Car","M",77,"70+","Drivers"
"T20190017745","13/9/19",14:00:00,"Collision with vehicle","Friday","Day",4,4,"T intersection",3,60,"B",2018,"S WAG","SUBARU","Station Wagon","F",68,"64-69","Drivers"
"T20190017745","13/9/19",14:00:00,"Collision with vehicle","Friday","Day",4,4,"T intersection",3,60,"C",2013,"P MVR","KENWTH","Prime Mover - Single Trailer","M",70,"70+","Drivers"
"T20190017745","13/9/19",14:00:00,"Collision with vehicle","Friday","Day",4,4,"T intersection",3,60,"D",2016,"VAN","REN","Panel Van","M",27,"26-29","Drivers"
"T20190017747","13/9/19",12:15:00,"Collision with vehicle","Friday","Day",2,3,"Cross intersection",3,50,"A",2007,"SEDAN","HOLDEN","Car","F",33,"30-39","Drivers"
"T20190017747","13/9/19",12:15:00,"Collision with vehicle","Friday","Day",2,3,"Cross intersection",3,50,"B",2017,"WAGON","MAZDA","Station Wagon","F",50,"50-59","Drivers"
"T20190017750","13/9/19",13:30:00,"Struck Pedestrian","Friday","Day",1,2,"Cross intersection",3,40,"A",2005,"UTIL","FORD","Utility","M",55,"50-59","Drivers"
"T20190017751","7/9/19",12:00:00,"Collision with vehicle","Saturday","Day",2,2,"Not at intersection",3,80,"A",2001,"SEDAN","HOLDEN","Car","F",48,"40-49","Drivers"
"T20190017751","7/9/19",12:00:00,"Collision with vehicle","Saturday","Day",2,2,"Not at intersection",3,80,"B",2016,"SEDAN","HOLDEN","Car","M",37,"30-39","Drivers"
"T20190017752","12/9/19",07:59:00,"Collision with vehicle","Thursday","Day",2,2,"Cross intersection",3,60,"A",2006,"SEDAN","KIA","Car","F",48,"40-49","Drivers"
"T20190017752","12/9/19",07:59:00,"Collision with vehicle","Thursday","Day",2,2,"Cross intersection",3,60,"B",2014,"S WAG","HOLDEN","Taxi","M",58,"50-59","Drivers"
"T20190017753","13/9/19",14:39:00,"Collision with vehicle","Friday","Day",2,2,"Not at intersection",3,50,"A",2015,"DC UTE","TOYOTA","Utility","M",49,"40-49","Drivers"
"T20190017753","13/9/19",14:39:00,"Collision with vehicle","Friday","Day",2,2,"Not at intersection",3,50,"B",2013,"WAGON","HOLDEN","Station Wagon","F",27,"26-29","Drivers"
"T20190017756","13/9/19",12:30:00,"Collision with vehicle","Friday","Day",2,2,"Not at intersection",3,80,"A",1997,"RDSTR","B M W","Car","M",67,"64-69","Drivers"
"T20190017756","13/9/19",12:30:00,"Collision with vehicle","Friday","Day",2,2,"Not at intersection",3,80,"B",2011,"P MVR","HINO","Prime Mover - Single Trailer","M",37,"30-39","Drivers"
"T20190017758","13/9/19",14:00:00,"Collision with vehicle","Friday","Day",2,2,"Cross intersection",3,40,"B",2006,"SEDAN","TOYOTA","Car","M",19,"17-21","Drivers"
"T20190017759","13/9/19",15:52:00,"Struck Pedestrian","Friday","Day",1,2,"Multiple intersection",3,999,"A",2013,"SEDAN","TOYOTA","Taxi","M",59,"50-59","Drivers"
"T20190017760","13/9/19",15:40:00,"Struck Pedestrian","Friday","Day",1,2,"Not at intersection",3,40,"A",2012,"SEDAN","MAZDA","Car","F",66,"64-69","Drivers"
"T20190017764","13/9/19",17:00:00,"Collision with vehicle","Friday","Day",2,3,"Not at intersection",3,70,"A",2017,"SEDAN","KIA","Car","M",22,"22-25","Drivers"
"T20190017764","13/9/19",17:00:00,"Collision with vehicle","Friday","Day",2,3,"Not at intersection",3,70,"B",2017,"WAGON","MITSUB","Station Wagon","M",65,"64-69","Drivers"
"T20190017765","13/9/19",17:20:00,"Collision with vehicle","Friday","Dusk/Dawn",2,3,"Cross intersection",3,70,"A",2005,"SEDAN","NISSAN","Car","M",48,"40-49","Drivers"
"T20190017765","13/9/19",17:20:00,"Collision with vehicle","Friday","Dusk/Dawn",2,3,"Cross intersection",3,70,"B",2018,"SEDAN","SUZUKI","Car","F",48,"40-49","Drivers"
"T20190017766","13/9/19",15:40:00,"Collision with vehicle","Friday","Day",2,2,"Cross intersection",3,50,"A",2018,"SEDAN","HYNDAI","Car","F",58,"50-59","Drivers"
"T20190017766","13/9/19",15:40:00,"Collision with vehicle","Friday","Day",2,2,"Cross intersection",3,50,"B",1998,"COUPE","HONDA","Car","M",36,"30-39","Drivers"
"T20190017767","8/7/19",16:20:00,"Struck Pedestrian","Monday","Day",1,2,"T intersection",3,999,"A",2018,"DC UTE","NISSAN","Utility","M",59,"50-59","Drivers"
"T20190017769","13/9/19",16:40:00,"Collision with vehicle","Friday","Day",4,4,"Not at intersection",3,80,"A",1994,"WAGON","NISSAN","Station Wagon","F",45,"40-49","Drivers"
"T20190017769","13/9/19",16:40:00,"Collision with vehicle","Friday","Day",4,4,"Not at intersection",3,80,"B",2008,"TRAY","MAZDA","Light Commercial Vehicle (Rigid) <= 4.5 Tonnes GVM","M",22,"22-25","Drivers"
"T20190017769","13/9/19",16:40:00,"Collision with vehicle","Friday","Day",4,4,"Not at intersection",3,80,"C",2014,"SEDAN","HOLDEN","Car","M",22,"22-25","Drivers"
"T20190017772","13/9/19",16:24:00,"Collision with vehicle","Friday","Day",2,2,"Cross intersection",3,70,"A",2008,"DC UTE","TOYOTA","Utility","M",22,"22-25","Drivers"
"T20190017772","13/9/19",16:24:00,"Collision with vehicle","Friday","Day",2,2,"Cross intersection",3,70,"B",2005,"SEDAN","MAZDA","Car","F",23,"22-25","Drivers"
"T20190017773","13/9/19",20:30:00,"Collision with vehicle","Friday","Dark Street lights on",2,6,"T intersection",3,60,"A",2008,"SEDAN","FORD","Car","F",53,"50-59","Drivers"
"T20190017773","13/9/19",20:30:00,"Collision with vehicle","Friday","Dark Street lights on",2,6,"T intersection",3,60,"B",2019,"WAGON","HONDA","Station Wagon","M",53,"50-59","Drivers"
"T20190017776","12/9/19",18:00:00,"Collision with vehicle","Thursday","Day",2,2,"Multiple intersection",3,80,"B",2010,"SEDAN","MITSUB","Car","U",NA,"unknown","Drivers"
"T20190017777","13/9/19",21:35:00,"Collision with vehicle","Friday","Dark Street lights on",2,4,"Cross intersection",3,60,"A",2012,"SED","HYUNDA","Car","F",29,"26-29","Drivers"
"T20190017777","13/9/19",21:35:00,"Collision with vehicle","Friday","Dark Street lights on",2,4,"Cross intersection",3,60,"B",1997,"WAGON","NISSAN","Station Wagon","F",16,"16-17","Drivers"
"T20190017778","13/9/19",19:30:00,"Collision with vehicle","Friday","Unknown",2,3,"Cross intersection",3,999,"A",2010,"SEDAN","FORD","Car","F",56,"50-59","Drivers"
"T20190017780","13/9/19",21:30:00,"Collision with vehicle","Friday","Dark Street lights unknown",3,3,"Not at intersection",3,70,"A",2018,"SEDAN","MAZDA","Car","F",47,"40-49","Drivers"
"T20190017780","13/9/19",21:30:00,"Collision with vehicle","Friday","Dark Street lights unknown",3,3,"Not at intersection",3,70,"B",2005,"SEDAN","KIA","Car","F",30,"30-39","Drivers"
"T20190017780","13/9/19",21:30:00,"Collision with vehicle","Friday","Dark Street lights unknown",3,3,"Not at intersection",3,70,"C",2005,"SEDAN","HOLDEN","Car","M",20,"17-21","Drivers"
"T20190017781","14/9/19",02:05:00,"Struck Pedestrian","Saturday","Dark Street lights on",1,2,"Cross intersection",3,60,"A",2018,"SEDAN","TOYOTA","Car","M",68,"64-69","Drivers"
"T20190017782","20/8/19",07:45:00,"Collision with vehicle","Tuesday","Unknown",2,3,"Cross intersection",3,40,"A",2017,"SEDAN","HYNDAI","Taxi","M",30,"30-39","Drivers"
"T20190017782","20/8/19",07:45:00,"Collision with vehicle","Tuesday","Unknown",2,3,"Cross intersection",3,40,"B",2012,"VAN","ISUZU","Light Commercial Vehicle (Rigid) <= 4.5 Tonnes GVM","M",51,"50-59","Drivers"
"T20190017787","14/9/19",03:19:00,"Collision with vehicle","Saturday","Dark No street lights",2,2,"Not at intersection",3,110,"A",2012,"WAGON","FORD","Station Wagon","M",23,"22-25","Drivers"
"T20190017787","14/9/19",03:19:00,"Collision with vehicle","Saturday","Dark No street lights",2,2,"Not at intersection",3,110,"B",2006,"S WAG","HOLDEN","Station Wagon","M",30,"30-39","Drivers"
"T20190017788","14/9/19",06:15:00,"Collision with vehicle","Saturday","Day",2,2,"Cross intersection",3,80,"A",2009,"SEDAN","HOLDEN","Car","F",27,"26-29","Drivers"
"T20190017788","14/9/19",06:15:00,"Collision with vehicle","Saturday","Day",2,2,"Cross intersection",3,80,"B",2018,"UTIL","FORD","Utility","M",48,"40-49","Drivers"
"T20190017789","7/7/19",01:05:00,"Collision with a fixed object","Sunday","Dark No street lights",1,1,"Not at intersection",3,80,"A",2010,"SEDAN","KIA","Car","F",23,"22-25","Drivers"
"T20190017790","14/9/19",07:10:00,"Collision with a fixed object","Saturday","Day",1,1,"Not at intersection",3,80,"A",2004,"SEDAN","MAZDA","Car","F",23,"22-25","Drivers"
"T20190017791","14/9/19",06:46:00,"Vehicle overturned (no collision)","Saturday","Unknown",1,1,"Not at intersection",3,60,"A",2003,"DC UTE","TOYOTA","Utility","M",27,"26-29","Drivers"
"T20190017792","14/9/19",08:45:00,"Collision with vehicle","Saturday","Day",3,3,"Not at intersection",3,40,"A",2012,"SEDAN","KIA","Car","M",25,"22-25","Drivers"
"T20190017793","14/9/19",09:30:00,"Collision with vehicle","Saturday","Day",2,2,"Cross intersection",3,50,"A",2004,"S WAG","FORD","Station Wagon","M",31,"30-39","Drivers"
"T20190017794","14/9/19",07:30:00,"Collision with vehicle","Saturday","Day",2,2,"Not at intersection",3,40,"A",2014,"SEDAN","HOLDEN","Taxi","M",43,"40-49","Drivers"