"ACCIDENT_NO","ACCIDENTDATE","ACCIDENTTIME","Accident Type Desc","Day Week Description","Light Condition Desc","NO_OF_VEHICLES","NO_PERSONS","Road Geometry Desc","SEVERITY","SPEED_ZONE","VEHICLE_ID","VEHICLE_YEAR_MANUF","VEHICLE_BODY_STYLE","VEHICLE_MAKE","Vehicle Type Desc","SEX","AGE","Age Group","Road User Type Desc"
"T20190017795","14/9/19",08:55:00,"Collision with a fixed object","Saturday","Day",2,2,"T intersection",3,60,"A",2016,"SEDAN","TOYOTA","Car","M",29,"26-29","Drivers"
"T20190017797","12/9/19",12:55:00,"Collision with vehicle","Thursday","Day",2,2,"Not at intersection",3,60,"A",2008,"SEDAN","HOLDEN","Car","M",87,"70+","Drivers"
"T20190017797","12/9/19",12:55:00,"Collision with vehicle","Thursday","Day",2,2,"Not at intersection",3,60,"B",2007,"WAGON","TOYOTA","Station Wagon","M",20,"17-21","Drivers"
"T20190017798","13/9/19",16:15:00,"Collision with vehicle","Friday","Day",2,2,"Not at intersection",3,80,"A",2013,"SEDAN","HONDA","Car","F",38,"30-39","Drivers"
"T20190017798","13/9/19",16:15:00,"Collision with vehicle","Friday","Day",2,2,"Not at intersection",3,80,"B",2004,"SEDAN","TOYOTA","Car","M",35,"30-39","Drivers"
"T20190017801","11/9/19",15:13:00,"Collision with vehicle","Wednesday","Day",3,5,"Not at intersection",3,40,"A",2007,"WAGON","HYNDAI","Station Wagon","F",40,"40-49","Drivers"
"T20190017801","11/9/19",15:13:00,"Collision with vehicle","Wednesday","Day",3,5,"Not at intersection",3,40,"B",2016,"SEDAN","MAZDA","Car","F",47,"40-49","Drivers"
"T20190017801","11/9/19",15:13:00,"Collision with vehicle","Wednesday","Day",3,5,"Not at intersection",3,40,"C",2011,"SEDAN","HOLDEN","Car","F",46,"40-49","Drivers"
"T20190017803","10/9/19",08:45:00,"Collision with vehicle","Tuesday","Day",2,2,"Cross intersection",3,50,"A",2011,"SEDAN","TOYOTA","Car","F",34,"30-39","Drivers"
"T20190017803","10/9/19",08:45:00,"Collision with vehicle","Tuesday","Day",2,2,"Cross intersection",3,50,"B",2004,"WAGON","FORD","Car","F",48,"40-49","Drivers"
"T20190017804","9/8/19",18:00:00,"Collision with vehicle","Friday","Unknown",2,2,"Not at intersection",3,60,"A",2004,"UTIL","HOLDEN","Utility","F",21,"17-21","Drivers"
"T20190017807","14/9/19",12:50:00,"Struck Pedestrian","Saturday","Day",1,2,"Not at intersection",2,80,"A",2010,"SED","KIA","Car","F",22,"22-25","Drivers"
"T20190017808","14/9/19",12:15:00,"Collision with vehicle","Saturday","Day",3,1,"Not at intersection",3,40,"A",2000,"S WAG","HONDA","Station Wagon","M",62,"60-64","Drivers"
"T20190017811","13/9/19",12:30:00,"Collision with vehicle","Friday","Day",3,3,"Not at intersection",3,60,"A",2014,"UTIL","FORD","Utility","M",22,"22-25","Drivers"
"T20190017811","13/9/19",12:30:00,"Collision with vehicle","Friday","Day",3,3,"Not at intersection",3,60,"C",2005,"WAGON","MAZDA","Station Wagon","F",50,"50-59","Drivers"
"T20190017813","14/9/19",12:10:00,"collision with some other object","Saturday","Day",1,1,"Not at intersection",3,100,"A",2015,"P MVR","VOLVO","Prime Mover B-Double","M",51,"50-59","Drivers"
"T20190017814","14/9/19",12:18:00,"Collision with vehicle","Saturday","Day",2,2,"T intersection",2,60,"B",2015,"S WAG","HYNDAI","Station Wagon","M",19,"17-21","Drivers"
"T20190017816","14/9/19",13:43:00,"Collision with vehicle","Saturday","Day",3,4,"T intersection",2,80,"B",2007,"SEDAN","HOLDEN","Car","M",27,"26-29","Drivers"
"T20190017816","14/9/19",13:43:00,"Collision with vehicle","Saturday","Day",3,4,"T intersection",2,80,"C",2018,"SEDAN","TOYOTA","Car","M",42,"40-49","Drivers"
"T20190017817","2/8/19",16:05:00,"Collision with vehicle","Friday","Day",2,4,"T intersection",3,60,"A",2008,"SEDAN","NISSAN","Car","F",19,"17-21","Drivers"
"T20190017817","2/8/19",16:05:00,"Collision with vehicle","Friday","Day",2,4,"T intersection",3,60,"B",2010,"SEDAN","HOLDEN","Car","M",65,"64-69","Drivers"
"T20190017821","10/9/19",08:10:00,"Collision with vehicle","Tuesday","Day",2,2,"Not at intersection",3,40,"B",2014,"SEDAN","HYNDAI","Car","F",28,"26-29","Drivers"
"T20190017823","11/9/19",07:48:00,"Struck Pedestrian","Wednesday","Day",1,2,"Cross intersection",3,999,"A",2013,"SEDAN","REN","Car","M",34,"30-39","Drivers"
"T20190017824","14/9/19",15:00:00,"Collision with vehicle","Saturday","Day",2,3,"Cross intersection",3,60,"A",2010,"WAGON","HOLDEN","Station Wagon","M",52,"50-59","Drivers"
"T20190017825","28/8/19",06:55:00,"Collision with vehicle","Wednesday","Dusk/Dawn",2,2,"Not at intersection",3,80,"A",2003,"SEDAN","MITSUB","Car","F",24,"22-25","Drivers"
"T20190017825","28/8/19",06:55:00,"Collision with vehicle","Wednesday","Dusk/Dawn",2,2,"Not at intersection",3,80,"B",2010,"UTIL","TOYOTA","Utility","M",40,"40-49","Drivers"
"T20190017826","14/9/19",16:53:00,"Collision with vehicle","Saturday","Day",3,3,"Not at intersection",3,60,"A",2009,"COUPE","B M W","Car","M",64,"60-64","Drivers"
"T20190017826","14/9/19",16:53:00,"Collision with vehicle","Saturday","Day",3,3,"Not at intersection",3,60,"B",2009,"SEDAN","MITSUB","Car","F",25,"22-25","Drivers"
"T20190017826","14/9/19",16:53:00,"Collision with vehicle","Saturday","Day",3,3,"Not at intersection",3,60,"C",2016,"WAGON","MAZDA","Station Wagon","F",63,"60-64","Drivers"
"T20190017827","6/9/19",08:45:00,"Collision with vehicle","Friday","Day",2,2,"Multiple intersection",3,999,"A",2013,"SEDAN","HOLDEN","Car","M",48,"40-49","Drivers"
"T20190017830","6/9/19",10:02:00,"Collision with vehicle","Friday","Day",2,2,"Not at intersection",3,60,"A",2018,"WAGON","MAZDA","Station Wagon","F",36,"30-39","Drivers"
"T20190017830","6/9/19",10:02:00,"Collision with vehicle","Friday","Day",2,2,"Not at intersection",3,60,"B",2004,"WAGON","FORD","Car","F",45,"40-49","Drivers"
"T20190017831","14/9/19",16:22:00,"Collision with vehicle","Saturday","Day",2,2,"T intersection",3,60,"A",1992,"SEDAN","HONDA","Car","M",70,"70+","Drivers"
"T20190017831","14/9/19",16:22:00,"Collision with vehicle","Saturday","Day",2,2,"T intersection",3,60,"B",2015,"SEDAN","MAZDA","Car","M",31,"30-39","Drivers"
"T20190017833","14/9/19",18:55:00,"Collision with vehicle","Saturday","Dark Street lights on",2,2,"Not at intersection",3,60,"A",2018,"SEDAN","HYNDAI","Car","F",31,"30-39","Drivers"
"T20190017833","14/9/19",18:55:00,"Collision with vehicle","Saturday","Dark Street lights on",2,2,"Not at intersection",3,60,"B",2015,"SEDAN","AUDI","Car","M",49,"40-49","Drivers"
"T20190017834","14/9/19",15:39:00,"Collision with vehicle","Saturday","Day",2,2,"T intersection",3,80,"A",2013,"WAGON","NISSAN","Station Wagon","M",72,"70+","Drivers"
"T20190017834","14/9/19",15:39:00,"Collision with vehicle","Saturday","Day",2,2,"T intersection",3,80,"B",2016,"SEDAN","HONDA","Car","M",22,"22-25","Drivers"
"T20190017835","14/9/19",17:24:00,"Collision with vehicle","Saturday","Day",2,3,"Cross intersection",3,60,"A",1994,"VAN","ISUZU","Heavy Vehicle (Rigid) > 4.5 Tonnes","M",34,"30-39","Drivers"
"T20190017835","14/9/19",17:24:00,"Collision with vehicle","Saturday","Day",2,3,"Cross intersection",3,60,"B",2003,"SEDAN","TOYOTA","Car","M",36,"30-39","Drivers"
"T20190017838","14/9/19",17:40:00,"Collision with a fixed object","Saturday","Day",1,1,"Not at intersection",3,100,"A",2014,"DC UTE","MITSUB","Utility","M",45,"40-49","Drivers"
"T20190017839","14/9/19",20:00:00,"Collision with vehicle","Saturday","Dark No street lights",2,2,"Not at intersection",3,80,"A",1994,"SEDAN","SUBARU","Car","M",24,"22-25","Drivers"
"T20190017839","14/9/19",20:00:00,"Collision with vehicle","Saturday","Dark No street lights",2,2,"Not at intersection",3,80,"B",2018,"SEDAN","TOYOTA","Car","M",20,"17-21","Drivers"
"T20190017841","14/9/19",21:20:00,"Collision with vehicle","Saturday","Dark Street lights on",2,4,"T intersection",3,60,"A",2018,"DC UTE","FORD","Utility","F",27,"26-29","Drivers"
"T20190017842","14/9/19",20:00:00,"Struck Pedestrian","Saturday","Dark No street lights",1,2,"Not at intersection",3,70,"A",2008,"SEDAN","VOLKS","Car","M",33,"30-39","Drivers"
"T20190017844","14/9/19",19:30:00,"Collision with vehicle","Saturday","Dark Street lights on",2,1,"Not at intersection",3,50,"A",2009,"SED","MAZDA","Car","M",36,"30-39","Drivers"
"T20190017845","15/9/19",01:30:00,"Collision with a fixed object","Sunday","Dark Street lights on",1,1,"Not at intersection",2,60,"A",1992,"UTIL","UNKN","Utility","M",18,"17-21","Drivers"
"T20190017846","14/9/19",17:05:00,"Collision with vehicle","Saturday","Day",2,2,"Not at intersection",3,60,"A",2014,"SEDAN","TOYOTA","Car","M",62,"60-64","Drivers"
"T20190017846","14/9/19",17:05:00,"Collision with vehicle","Saturday","Day",2,2,"Not at intersection",3,60,"B",2013,"SEDAN","TOYOTA","Car","M",33,"30-39","Drivers"
"T20190017847","15/9/19",02:12:00,"Collision with vehicle","Sunday","Dark Street lights on",2,2,"Cross intersection",3,70,"A",2017,"WAGON","NISSAN","Station Wagon","M",26,"26-29","Drivers"
"T20190017847","15/9/19",02:12:00,"Collision with vehicle","Sunday","Dark Street lights on",2,2,"Cross intersection",3,70,"B",2007,"SEDAN","VOLKS","Car","M",24,"22-25","Drivers"
"T20190017848","14/9/19",23:47:00,"Collision with vehicle","Saturday","Dark Street lights on",2,3,"Cross intersection",3,60,"A",2015,"SEDAN","SUBARU","Car","M",25,"22-25","Drivers"
"T20190017848","14/9/19",23:47:00,"Collision with vehicle","Saturday","Dark Street lights on",2,3,"Cross intersection",3,60,"B",2015,"SEDAN","TOYOTA","Car","M",28,"26-29","Drivers"
"T20190017851","15/9/19",00:26:00,"Collision with vehicle","Sunday","Dark Street lights on",2,5,"Cross intersection",3,60,"B",2012,"S WAG","TOYOTA","Station Wagon","F",40,"40-49","Drivers"
"T20190017859","2/9/19",08:15:00,"Collision with vehicle","Monday","Day",2,2,"Cross intersection",3,50,"A",2011,"SEDAN","HYNDAI","Car","F",26,"26-29","Drivers"
"T20190017859","2/9/19",08:15:00,"Collision with vehicle","Monday","Day",2,2,"Cross intersection",3,50,"B",2011,"SEDAN","NISSAN","Car","M",36,"30-39","Drivers"
"T20190017860","6/9/19",17:49:00,"Collision with vehicle","Friday","Dusk/Dawn",3,3,"T intersection",3,60,"A",2015,"COUPE","TOYOTA","Car","M",28,"26-29","Drivers"
"T20190017860","6/9/19",17:49:00,"Collision with vehicle","Friday","Dusk/Dawn",3,3,"T intersection",3,60,"B",2000,"SEDAN","HOLDEN","Car","F",45,"40-49","Drivers"
"T20190017860","6/9/19",17:49:00,"Collision with vehicle","Friday","Dusk/Dawn",3,3,"T intersection",3,60,"C",2016,"SEDAN","TOYOTA","Car","F",61,"60-64","Drivers"
"T20190017861","15/9/19",06:10:00,"Collision with vehicle","Sunday","Day",2,2,"Cross intersection",3,60,"A",2009,"SEDAN","TOYOTA","Car","F",57,"50-59","Drivers"
"T20190017861","15/9/19",06:10:00,"Collision with vehicle","Sunday","Day",2,2,"Cross intersection",3,60,"B",2013,"SEDAN","FORD","Taxi","M",30,"30-39","Drivers"
"T20190017862","7/9/19",10:45:00,"Collision with vehicle","Saturday","Day",2,2,"Cross intersection",3,50,"B",2013,"SEDAN","MAZDA","Car","M",79,"70+","Drivers"
"T20190017863","15/9/19",08:20:00,"Collision with vehicle","Sunday","Day",2,3,"Not at intersection",3,50,"B",2009,"DC UTE","NISSAN","Utility","M",49,"40-49","Drivers"
"T20190017866","14/9/19",14:52:00,"Collision with a fixed object","Saturday","Day",1,1,"Not at intersection",3,50,"A",1998,"SEDAN","FORD","Car","F",79,"70+","Drivers"
"T20190017867","14/9/19",09:02:00,"Collision with a fixed object","Saturday","Day",1,1,"Not at intersection",3,50,"A",2006,"SEDAN","TOYOTA","Car","F",83,"70+","Drivers"
"T20190017869","21/8/19",08:00:00,"Collision with vehicle","Wednesday","Unknown",2,2,"Not at intersection",3,999,"A",2010,"SEDAN","FORD","Car","M",42,"40-49","Drivers"
"T20190017869","21/8/19",08:00:00,"Collision with vehicle","Wednesday","Unknown",2,2,"Not at intersection",3,999,"B",2017,"SEDAN","TOYOTA","Car","M",46,"40-49","Drivers"
"T20190017871","15/9/19",13:30:00,"Collision with vehicle","Sunday","Day",4,4,"T intersection",3,999,"A",2018,"UTIL","NISSAN","Utility","M",60,"60-64","Drivers"
"T20190017871","15/9/19",13:30:00,"Collision with vehicle","Sunday","Day",4,4,"T intersection",3,999,"B",2007,"WAGON","NISSAN","Station Wagon","M",56,"50-59","Drivers"
"T20190017871","15/9/19",13:30:00,"Collision with vehicle","Sunday","Day",4,4,"T intersection",3,999,"C",2005,"SEDAN","TOYOTA","Car","F",59,"50-59","Drivers"
"T20190017871","15/9/19",13:30:00,"Collision with vehicle","Sunday","Day",4,4,"T intersection",3,999,"D",2003,"DC UTE","HOLDEN","Utility","M",33,"30-39","Drivers"
"T20190017872","15/9/19",09:00:00,"Struck Pedestrian","Sunday","Day",1,2,"Not at intersection",3,100,"A",2006,"WAGON","SUZUKI","Station Wagon","M",37,"30-39","Drivers"
"T20190017873","15/9/19",12:15:00,"Collision with vehicle","Sunday","Day",2,1,"Not at intersection",3,50,"A",2009,"SEDAN","HYNDAI","Car","F",75,"70+","Drivers"
"T20190017882","24/5/19",08:30:00,"Collision with vehicle","Friday","Day",2,2,"T intersection",3,50,"A",2014,"WAGON","NISSAN","Station Wagon","F",38,"30-39","Drivers"
"T20190017882","24/5/19",08:30:00,"Collision with vehicle","Friday","Day",2,2,"T intersection",3,50,"B",2014,"SEDAN","MAZDA","Car","M",36,"30-39","Drivers"
"T20190017887","15/9/19",15:00:00,"Vehicle overturned (no collision)","Sunday","Day",1,2,"Not at intersection",3,80,"A",1990,"WAGON","MITSUB","Station Wagon","F",19,"17-21","Drivers"
"T20190017889","15/9/19",15:12:00,"Struck Pedestrian","Sunday","Day",1,2,"Not at intersection",2,50,"A",1998,"COUPE","NISSAN","Car","M",26,"26-29","Drivers"
"T20190017891","15/9/19",14:45:00,"Vehicle overturned (no collision)","Sunday","Day",1,19,"Not at intersection",2,100,"A",2011,"BUS","MITSUB","Bus/Coach","M",31,"30-39","Drivers"
"T20190017892","15/9/19",16:50:00,"Collision with vehicle","Sunday","Day",2,4,"Cross intersection",2,70,"A",2008,"COUPE","HOLDEN","Car","F",30,"30-39","Drivers"
"T20190017892","15/9/19",16:50:00,"Collision with vehicle","Sunday","Day",2,4,"Cross intersection",2,70,"B",2008,"SEDAN","TOYOTA","Car","M",25,"22-25","Drivers"
"T20190017894","15/9/19",17:00:00,"Vehicle overturned (no collision)","Sunday","Dusk/Dawn",1,2,"Not at intersection",3,100,"A",2002,"COUPE","HONDA","Car","F",23,"22-25","Drivers"
"T20190017897","15/9/19",17:06:00,"Collision with vehicle","Sunday","Dusk/Dawn",2,4,"T intersection",3,70,"A",1998,"S WAG","HOLDEN","Station Wagon","M",18,"17-21","Drivers"
"T20190017897","15/9/19",17:06:00,"Collision with vehicle","Sunday","Dusk/Dawn",2,4,"T intersection",3,70,"B",2012,"SEDAN","HONDA","Car","F",33,"30-39","Drivers"
"T20190017903","15/9/19",18:03:00,"Collision with vehicle","Sunday","Dark Street lights on",2,4,"Not at intersection",3,60,"A",2019,"COUPE","FORD","Car","M",23,"22-25","Drivers"
"T20190017903","15/9/19",18:03:00,"Collision with vehicle","Sunday","Dark Street lights on",2,4,"Not at intersection",3,60,"B",2011,"SEDAN","TOYOTA","Car","M",68,"64-69","Drivers"
"T20190017906","15/9/19",19:16:00,"Collision with vehicle","Sunday","Dark Street lights on",2,5,"Cross intersection",3,80,"A",2000,"SEDAN","FORD","Car","F",33,"30-39","Drivers"
"T20190017906","15/9/19",19:16:00,"Collision with vehicle","Sunday","Dark Street lights on",2,5,"Cross intersection",3,80,"B",2015,"SEDAN","B M W","Car","M",61,"60-64","Drivers"
"T20190017907","13/9/19",22:30:00,"Collision with a fixed object","Friday","Dark No street lights",1,4,"Not at intersection",3,100,"A",2012,"DC UTE","NISSAN","Utility","M",20,"17-21","Drivers"
"T20190017908","15/9/19",18:45:00,"Struck Pedestrian","Sunday","Dark Street lights on",1,2,"Cross intersection",2,60,"A",2011,"TOURER","HYNDAI","Car","M",41,"40-49","Drivers"
"T20190017909","15/9/19",19:28:00,"Collision with a fixed object","Sunday","Dark No street lights",1,2,"Not at intersection",2,80,"A",1997,"DC UTE","HOLDEN","Utility","M",19,"17-21","Drivers"
"T20190017910","15/9/19",20:03:00,"Struck Pedestrian","Sunday","Dark Street lights on",1,2,"Cross intersection",3,60,"A",2013,"WAGON","NISSAN","Station Wagon","F",42,"40-49","Drivers"
"T20190017911","15/9/19",21:00:00,"Collision with a fixed object","Sunday","Dark Street lights on",1,1,"Cross intersection",3,70,"A",2013,"SEDAN","FORD","Car","F",22,"22-25","Drivers"
"T20190017916","28/6/19",11:18:00,"Collision with vehicle","Friday","Day",2,2,"T intersection",3,60,"A",2004,"SEDAN","HOLDEN","Car","F",67,"64-69","Drivers"
"T20190017916","28/6/19",11:18:00,"Collision with vehicle","Friday","Day",2,2,"T intersection",3,60,"B",2016,"SEDAN","VOLKS","Car","M",52,"50-59","Drivers"
"T20190017921","23/8/19",13:17:00,"Collision with vehicle","Friday","Day",2,2,"Not at intersection",3,60,"A",1997,"SEDAN","FORD","Car","M",59,"50-59","Drivers"
"T20190017921","23/8/19",13:17:00,"Collision with vehicle","Friday","Day",2,2,"Not at intersection",3,60,"B",2012,"SEDAN","TOYOTA","Car","M",27,"26-29","Drivers"
"T20190017924","16/9/19",08:18:00,"Struck Pedestrian","Monday","Day",1,2,"Not at intersection",3,40,"A",1998,"SEDAN","MAZDA","Car","F",71,"70+","Drivers"
"T20190017926","16/9/19",08:30:00,"Collision with a fixed object","Monday","Day",1,3,"Not at intersection",3,50,"A",2004,"WAGON","HOLDEN","Station Wagon","F",37,"30-39","Drivers"
"T20190017931","20/8/19",10:25:00,"Collision with vehicle","Tuesday","Day",2,2,"Cross intersection",3,80,"A",2008,"SEDAN","TOYOTA","Car","F",40,"40-49","Drivers"
"T20190017931","20/8/19",10:25:00,"Collision with vehicle","Tuesday","Day",2,2,"Cross intersection",3,80,"B",2004,"UTIL","HOLDEN","Utility","M",36,"30-39","Drivers"
"T20190017932","16/9/19",07:19:00,"Collision with vehicle","Monday","Day",2,5,"Not at intersection",3,100,"A",2012,"UTIL","NISSAN","Utility","M",25,"22-25","Drivers"
"T20190017932","16/9/19",07:19:00,"Collision with vehicle","Monday","Day",2,5,"Not at intersection",3,100,"B",2017,"SEDAN","HOLDEN","Car","U",NA,"unknown","Drivers"
"T20190017934","5/9/19",07:15:00,"Collision with vehicle","Thursday","Dusk/Dawn",2,1,"Not at intersection",3,50,"A",2013,"WAGON","HOLDEN","Station Wagon","F",37,"30-39","Drivers"
"T20190017939","16/9/19",10:40:00,"Vehicle overturned (no collision)","Monday","Day",1,2,"Not at intersection",3,100,"A",2008,"DC UTE","FORD","Utility","F",25,"22-25","Drivers"
"T20190017943","16/9/19",12:25:00,"Collision with vehicle","Monday","Day",2,2,"T intersection",2,60,"B",2007,"SEDAN","TOYOTA","Car","F",47,"40-49","Drivers"
"T20190017944","9/9/19",15:50:00,"Collision with vehicle","Monday","Day",2,2,"Not at intersection",3,999,"A",2019,"SEDAN","VOLKS","Car","M",23,"22-25","Drivers"
"T20190017944","9/9/19",15:50:00,"Collision with vehicle","Monday","Day",2,2,"Not at intersection",3,999,"B",2003,"SEDAN","HONDA","Car","F",54,"50-59","Drivers"
"T20190017945","16/9/19",09:20:00,"Collision with a fixed object","Monday","Day",1,2,"Not at intersection",3,60,"A",2014,"SEDAN","HYNDAI","Car","M",24,"22-25","Drivers"
"T20190017946","16/9/19",12:20:00,"Collision with vehicle","Monday","Day",3,5,"Cross intersection",3,80,"A",2014,"WAGON","HOLDEN","Station Wagon","M",43,"40-49","Drivers"
"T20190017946","16/9/19",12:20:00,"Collision with vehicle","Monday","Day",3,5,"Cross intersection",3,80,"B",2015,"SEDAN","SUZUKI","Car","F",51,"50-59","Drivers"
"T20190017946","16/9/19",12:20:00,"Collision with vehicle","Monday","Day",3,5,"Cross intersection",3,80,"C",2010,"WAGON","HOLDEN","Station Wagon","M",23,"22-25","Drivers"
"T20190017948","16/9/19",12:35:00,"Collision with vehicle","Monday","Day",2,4,"Cross intersection",3,80,"A",2000,"SEDAN","TOYOTA","Car","M",21,"17-21","Drivers"
"T20190017948","16/9/19",12:35:00,"Collision with vehicle","Monday","Day",2,4,"Cross intersection",3,80,"B",2012,"SEDAN","SUZUKI","Car","F",59,"50-59","Drivers"
"T20190017949","9/9/19",17:30:00,"Collision with vehicle","Monday","Unknown",2,3,"Cross intersection",3,60,"A",2003,"SEDAN","NISSAN","Car","F",34,"30-39","Drivers"
"T20190017950","15/9/19",21:00:00,"Struck Pedestrian","Sunday","Dark Street lights on",1,2,"Cross intersection",3,999,"A",2015,"SEDAN","UNKN","Car","M",81,"70+","Drivers"
"T20190017951","16/9/19",12:58:00,"Collision with vehicle","Monday","Day",2,2,"Cross intersection",3,60,"A",2016,"SEDAN","HOLDEN","Car","F",47,"40-49","Drivers"
"T20190017951","16/9/19",12:58:00,"Collision with vehicle","Monday","Day",2,2,"Cross intersection",3,60,"B",2007,"WAGON","TOYOTA","Station Wagon","F",44,"40-49","Drivers"
"T20190017952","16/9/19",13:20:00,"Collision with vehicle","Monday","Day",2,2,"Cross intersection",3,80,"A",2007,"SEDAN","TOYOTA","Car","M",25,"22-25","Drivers"
"T20190017954","8/8/19",09:00:00,"Collision with vehicle","Thursday","Day",2,2,"T intersection",3,80,"A",2010,"SEDAN","TOYOTA","Car","M",37,"30-39","Drivers"
"T20190017954","8/8/19",09:00:00,"Collision with vehicle","Thursday","Day",2,2,"T intersection",3,80,"B",2018,"WAGON","MAZDA","Station Wagon","F",43,"40-49","Drivers"
"T20190017955","25/4/19",04:40:00,"Struck animal","Thursday","Dusk/Dawn",1,1,"Not at intersection",3,999,"A",2007,"SEDAN","SUZUKI","Car","F",22,"22-25","Drivers"
"T20190017957","12/9/19",16:50:00,"Collision with vehicle","Thursday","Day",2,2,"T intersection",3,70,"A",2012,"SEDAN","NISSAN","Car","F",45,"40-49","Drivers"
"T20190017958","17/1/19",06:00:00,"Struck animal","Thursday","Dark No street lights",1,3,"Not at intersection",3,100,"A",2017,"SEDAN","TOYOTA","Car","F",24,"22-25","Drivers"
"T20190017964","16/9/19",13:24:00,"Collision with a fixed object","Monday","Day",1,2,"T intersection",3,50,"A",2013,"SEDAN","HOLDEN","Car","M",22,"22-25","Drivers"
"T20190017965","16/9/19",15:45:00,"Collision with a fixed object","Monday","Day",1,5,"T intersection",3,50,"A",2006,"SEDAN","MITSUB","Car","F",19,"17-21","Drivers"
"T20190017967","10/9/19",17:00:00,"Collision with vehicle","Tuesday","Day",2,2,"Cross intersection",3,40,"B",2014,"WAGON","TOYOTA","Station Wagon","M",28,"26-29","Drivers"
"T20190017968","26/8/19",14:38:00,"Collision with a fixed object","Monday","Unknown",2,3,"Cross intersection",3,60,"A",2017,"WAGON","TOYOTA","Station Wagon","F",31,"30-39","Drivers"
"T20190017968","26/8/19",14:38:00,"Collision with a fixed object","Monday","Unknown",2,3,"Cross intersection",3,60,"B",2005,"S WAG","HYUNDA","Station Wagon","M",35,"30-39","Drivers"
"T20190017969","6/9/19",18:30:00,"Collision with vehicle","Friday","Dark Street lights unknown",2,3,"Not at intersection",3,40,"B",2019,"S WAG","SUBARU","Station Wagon","M",29,"26-29","Drivers"
"T20190017970","16/9/19",15:10:00,"Collision with vehicle","Monday","Day",2,2,"T intersection",3,60,"A",2008,"SEDAN","HOLDEN","Car","F",46,"40-49","Drivers"
"T20190017973","16/9/19",07:30:00,"Struck Pedestrian","Monday","Day",1,2,"Not at intersection",3,999,"A",2017,"WAGON","NISSAN","Station Wagon","F",32,"30-39","Drivers"
"T20190017975","14/9/19",10:20:00,"Collision with vehicle","Saturday","Unknown",2,3,"T intersection",3,60,"A",2013,"SEDAN","MAZDA","Car","M",28,"26-29","Drivers"
"T20190017975","14/9/19",10:20:00,"Collision with vehicle","Saturday","Unknown",2,3,"T intersection",3,60,"B",2010,"SEDAN","MITSUB","Car","F",18,"17-21","Drivers"
"T20190017976","16/9/19",16:37:00,"Collision with vehicle","Monday","Day",2,2,"T intersection",2,50,"A",2013,"DC UTE","FORD","Utility","M",46,"40-49","Drivers"
"T20190017979","16/9/19",15:50:00,"Collision with vehicle","Monday","Day",2,2,"T intersection",3,60,"A",2001,"SEDAN","FORD","Car","M",43,"40-49","Drivers"
"T20190017979","16/9/19",15:50:00,"Collision with vehicle","Monday","Day",2,2,"T intersection",3,60,"B",2005,"SEDAN","FORD","Car","F",23,"22-25","Drivers"
"T20190017986","14/9/19",20:10:00,"Collision with vehicle","Saturday","Dark Street lights on",2,2,"Cross intersection",3,50,"A",2003,"WAGON","TOYOTA","Station Wagon","F",33,"30-39","Drivers"
"T20190017986","14/9/19",20:10:00,"Collision with vehicle","Saturday","Dark Street lights on",2,2,"Cross intersection",3,50,"B",2004,"UTIL","FORD","Utility","M",20,"17-21","Drivers"
"T20190017991","16/9/19",17:15:00,"Collision with vehicle","Monday","Day",2,3,"Cross intersection",3,80,"A",2014,"WAGON","MITSUB","Station Wagon","F",74,"70+","Drivers"
"T20190017991","16/9/19",17:15:00,"Collision with vehicle","Monday","Day",2,3,"Cross intersection",3,80,"B",2016,"SEDAN","HOLDEN","Car","F",44,"40-49","Drivers"
"T20190017993","16/9/19",19:55:00,"Collision with vehicle","Monday","Dark Street lights on",2,2,"T intersection",3,999,"A",2017,"S WAG","MAZDA","Station Wagon","F",30,"30-39","Drivers"
"T20190017993","16/9/19",19:55:00,"Collision with vehicle","Monday","Dark Street lights on",2,2,"T intersection",3,999,"B",2009,"SEDAN","HONDA","Car","M",27,"26-29","Drivers"
"T20190017995","16/9/19",18:55:00,"Collision with vehicle","Monday","Dark Street lights on",2,2,"Cross intersection",3,60,"A",2000,"SEDAN","TOYOTA","Car","F",46,"40-49","Drivers"
"T20190017996","16/9/19",20:30:00,"No collision and no object struck","Monday","Dark No street lights",1,1,"Not at intersection",3,100,"A",1998,"S WAG","L ROV","Station Wagon","M",57,"50-59","Drivers"
"T20190017997","29/8/19",09:30:00,"Collision with vehicle","Thursday","Day",2,4,"Cross intersection",3,50,"A",0,"SEDAN","HYNDAI","Car","M",19,"17-21","Drivers"
"T20190017997","29/8/19",09:30:00,"Collision with vehicle","Thursday","Day",2,4,"Cross intersection",3,50,"B",2007,"SEDAN","MITSUB","Car","F",44,"40-49","Drivers"
"T20190017998","26/5/19",21:00:00,"Collision with vehicle","Sunday","Dark Street lights on",2,2,"T intersection",3,80,"A",2003,"WAGON","HONDA","Station Wagon","M",30,"30-39","Drivers"
"T20190017998","26/5/19",21:00:00,"Collision with vehicle","Sunday","Dark Street lights on",2,2,"T intersection",3,80,"B",1993,"S WAG","TOYOTA","Station Wagon","F",36,"30-39","Drivers"
"T20190017999","16/9/19",22:18:00,"Collision with vehicle","Monday","Dark Street lights on",2,3,"Not at intersection",3,60,"A",2001,"COUPE","MITSUB","Car","M",38,"30-39","Drivers"
"T20190017999","16/9/19",22:18:00,"Collision with vehicle","Monday","Dark Street lights on",2,3,"Not at intersection",3,60,"B",2011,"WAGON","FORD","Station Wagon","M",52,"50-59","Drivers"