"ACCIDENT_NO","ACCIDENTDATE","ACCIDENTTIME","Accident Type Desc","Day Week Description","Light Condition Desc","NO_OF_VEHICLES","NO_PERSONS","Road Geometry Desc","SEVERITY","SPEED_ZONE","VEHICLE_ID","VEHICLE_YEAR_MANUF","VEHICLE_BODY_STYLE","VEHICLE_MAKE","Vehicle Type Desc","SEX","AGE","Age Group","Road User Type Desc"
"T20190018001","17/9/19",01:30:00,"Collision with a fixed object","Tuesday","Dark Street lights on",1,1,"Not at intersection",3,70,"A",2019,"SEDAN","HONDA","Car","M",28,"26-29","Drivers"
"T20190018004","17/9/19",01:55:00,"Collision with vehicle","Tuesday","Dark Street lights on",2,2,"Not at intersection",3,60,"A",2005,"SEDAN","HONDA","Car","M",24,"22-25","Drivers"
"T20190018004","17/9/19",01:55:00,"Collision with vehicle","Tuesday","Dark Street lights on",2,2,"Not at intersection",3,60,"B",2013,"SEDAN","TOYOTA","Car","M",47,"40-49","Drivers"
"T20190018008","17/9/19",02:47:00,"Collision with a fixed object","Tuesday","Dark No street lights",1,1,"Not at intersection",3,60,"A",2016,"SEDAN","MAZDA","Car","M",40,"40-49","Drivers"
"T20190018009","17/9/19",06:18:00,"Collision with vehicle","Tuesday","Day",2,2,"T intersection",2,60,"B",2012,"SEDAN","TOYOTA","Car","F",25,"22-25","Drivers"
"T20190018011","27/4/19",11:33:00,"Collision with vehicle","Saturday","Day",2,4,"Not at intersection",3,100,"A",2017,"WAGON","AUDI","Station Wagon","F",49,"40-49","Drivers"
"T20190018011","27/4/19",11:33:00,"Collision with vehicle","Saturday","Day",2,4,"Not at intersection",3,100,"B",2014,"SEDAN","SUBARU","Car","F",42,"40-49","Drivers"
"T20190018015","17/9/19",08:03:00,"Collision with vehicle","Tuesday","Day",2,2,"Not at intersection",3,50,"A",2006,"WAGON","HONDA","Station Wagon","M",49,"40-49","Drivers"
"T20190018016","12/9/19",17:15:00,"Collision with vehicle","Thursday","Day",3,4,"Not at intersection",3,100,"A",2004,"SEDAN","TOYOTA","Car","F",47,"40-49","Drivers"
"T20190018016","12/9/19",17:15:00,"Collision with vehicle","Thursday","Day",3,4,"Not at intersection",3,100,"B",1990,"DC UTE","TOYOTA","Utility","M",19,"17-21","Drivers"
"T20190018016","12/9/19",17:15:00,"Collision with vehicle","Thursday","Day",3,4,"Not at intersection",3,100,"C",1999,"UTIL","HOLDEN","Utility","F",27,"26-29","Drivers"
"T20190018017","17/9/19",08:03:00,"Collision with vehicle","Tuesday","Day",4,4,"Cross intersection",3,80,"A",2013,"SEDAN","TOYOTA","Car","M",48,"40-49","Drivers"
"T20190018017","17/9/19",08:03:00,"Collision with vehicle","Tuesday","Day",4,4,"Cross intersection",3,80,"B",2012,"SEDAN","SUZUKI","Car","F",25,"22-25","Drivers"
"T20190018017","17/9/19",08:03:00,"Collision with vehicle","Tuesday","Day",4,4,"Cross intersection",3,80,"C",2017,"WAGON","NISSAN","Station Wagon","F",46,"40-49","Drivers"
"T20190018017","17/9/19",08:03:00,"Collision with vehicle","Tuesday","Day",4,4,"Cross intersection",3,80,"D",2017,"WAGON","MITSUB","Station Wagon","M",55,"50-59","Drivers"
"T20190018018","23/8/19",08:10:00,"Collision with vehicle","Friday","Day",2,2,"T intersection",3,40,"A",2006,"SEDAN","NISSAN","Car","F",30,"30-39","Drivers"
"T20190018020","17/9/19",09:25:00,"Collision with vehicle","Tuesday","Day",3,2,"Not at intersection",2,60,"A",2000,"SEDAN","TOYOTA","Car","F",85,"70+","Drivers"
"T20190018020","17/9/19",09:25:00,"Collision with vehicle","Tuesday","Day",3,2,"Not at intersection",2,60,"B",2018,"WAGON","VOLKS","Station Wagon","M",61,"60-64","Drivers"
"T20190018022","17/9/19",09:12:00,"Collision with vehicle","Tuesday","Day",2,2,"T intersection",3,40,"A",2008,"COUPE","VOLVO","Car","F",43,"40-49","Drivers"
"T20190018023","17/9/19",08:48:00,"Collision with vehicle","Tuesday","Day",2,2,"Not at intersection",3,70,"B",2013,"WAGON","VOLKS","Station Wagon","M",34,"30-39","Drivers"
"T20190018026","3/9/19",14:55:00,"Collision with vehicle","Tuesday","Day",3,3,"Not at intersection",3,80,"A",2014,"UTIL","MITSUB","Utility","M",28,"26-29","Drivers"
"T20190018026","3/9/19",14:55:00,"Collision with vehicle","Tuesday","Day",3,3,"Not at intersection",3,80,"B",2017,"WAGON","MITSUB","Station Wagon","F",63,"60-64","Drivers"
"T20190018026","3/9/19",14:55:00,"Collision with vehicle","Tuesday","Day",3,3,"Not at intersection",3,80,"C",2008,"WAGON","HOLDEN","Station Wagon","F",45,"40-49","Drivers"
"T20190018027","22/6/19",17:30:00,"Collision with vehicle","Saturday","Day",2,2,"T intersection",3,60,"A",2015,"WAGON","MITSUB","Station Wagon","F",41,"40-49","Drivers"
"T20190018027","22/6/19",17:30:00,"Collision with vehicle","Saturday","Day",2,2,"T intersection",3,60,"B",2001,"SEDAN","HOLDEN","Car","F",18,"17-21","Drivers"
"T20190018028","17/9/19",07:00:00,"Collision with a fixed object","Tuesday","Day",1,1,"Not at intersection",3,888,"A",2003,"SED","TOYOTA","Car","M",85,"70+","Drivers"
"T20190018029","17/9/19",06:35:00,"Collision with vehicle","Tuesday","Dusk/Dawn",3,3,"Y intersection",2,100,"A",2008,"VAN","TOYOTA","Panel Van","M",38,"30-39","Drivers"
"T20190018029","17/9/19",06:35:00,"Collision with vehicle","Tuesday","Dusk/Dawn",3,3,"Y intersection",2,100,"B",2017,"DC UTE","MITSUB","Utility","M",26,"26-29","Drivers"
"T20190018029","17/9/19",06:35:00,"Collision with vehicle","Tuesday","Dusk/Dawn",3,3,"Y intersection",2,100,"C",1994,"SEDAN","HOLDEN","Car","M",34,"30-39","Drivers"
"T20190018030","6/9/19",14:55:00,"Collision with vehicle","Friday","Unknown",2,2,"Cross intersection",3,60,"A",2015,"WAGON","JEEP","Station Wagon","F",39,"30-39","Drivers"
"T20190018030","6/9/19",14:55:00,"Collision with vehicle","Friday","Unknown",2,2,"Cross intersection",3,60,"B",2014,"SEDAN","MAZDA","Car","F",71,"70+","Drivers"
"T20190018031","17/9/19",08:14:00,"Struck Pedestrian","Tuesday","Day",1,2,"T intersection",3,50,"A",2004,"COUPE","B M W","Car","M",41,"40-49","Drivers"
"T20190018033","5/7/19",16:30:00,"Collision with vehicle","Friday","Day",2,2,"Not at intersection",3,80,"A",2015,"WAGON","MITSUB","Station Wagon","F",41,"40-49","Drivers"
"T20190018033","5/7/19",16:30:00,"Collision with vehicle","Friday","Day",2,2,"Not at intersection",3,80,"B",2015,"SEDAN","REN","Car","M",26,"26-29","Drivers"
"T20190018034","8/9/19",11:00:00,"Collision with a fixed object","Sunday","Day",1,1,"Not at intersection",3,80,"A",2001,"SEDAN","MITSUB","Car","M",55,"50-59","Drivers"
"T20190018036","17/9/19",08:20:00,"Collision with vehicle","Tuesday","Day",3,3,"Not at intersection",3,100,"A",2008,"P MVR","F LINE","Prime Mover - Single Trailer","M",32,"30-39","Drivers"
"T20190018036","17/9/19",08:20:00,"Collision with vehicle","Tuesday","Day",3,3,"Not at intersection",3,100,"B",2015,"SEDAN","HYNDAI","Car","M",36,"30-39","Drivers"
"T20190018036","17/9/19",08:20:00,"Collision with vehicle","Tuesday","Day",3,3,"Not at intersection",3,100,"C",2012,"P MVR","U D","Prime Mover - Single Trailer","M",51,"50-59","Drivers"
"T20190018037","9/9/19",19:00:00,"collision with some other object","Monday","Dark Street lights on",1,1,"Not at intersection",3,80,"A",2010,"S WAG","FORD","Station Wagon","F",43,"40-49","Drivers"
"T20190018040","14/7/19",12:00:00,"Collision with a fixed object","Sunday","Day",1,1,"Cross intersection",3,60,"A",2005,"SEDAN","TOYOTA","Car","M",58,"50-59","Drivers"
"T20190018042","16/9/19",08:00:00,"Collision with vehicle","Monday","Day",2,2,"Not at intersection",3,999,"A",2013,"SEDAN","HYNDAI","Car","F",31,"30-39","Drivers"
"T20190018043","17/9/19",11:45:00,"Collision with vehicle","Tuesday","Day",2,2,"Cross intersection",3,60,"A",2011,"SEDAN","B M W","Car","F",29,"26-29","Drivers"
"T20190018044","17/9/19",10:57:00,"Collision with vehicle","Tuesday","Day",2,2,"Y intersection",3,60,"A",1990,"P MVR","FORD","Prime Mover - Single Trailer","M",53,"50-59","Drivers"
"T20190018044","17/9/19",10:57:00,"Collision with vehicle","Tuesday","Day",2,2,"Y intersection",3,60,"B",2016,"SEDAN","TOYOTA","Car","M",65,"64-69","Drivers"
"T20190018045","30/8/19",18:14:00,"Collision with vehicle","Friday","Dusk/Dawn",2,2,"T intersection",3,50,"A",2015,"DC UTE","MITSUB","Utility","M",40,"40-49","Drivers"
"T20190018048","17/9/19",11:25:00,"No collision and no object struck","Tuesday","Day",1,2,"Not at intersection",2,100,"A",1999,"SEDAN","MITSUB","Car","M",51,"50-59","Drivers"
"T20190018049","17/9/19",11:15:00,"Collision with vehicle","Tuesday","Day",3,4,"Not at intersection",3,60,"A",2004,"TIPPER","SCANIA","Heavy Vehicle (Rigid) > 4.5 Tonnes","M",25,"22-25","Drivers"
"T20190018049","17/9/19",11:15:00,"Collision with vehicle","Tuesday","Day",3,4,"Not at intersection",3,60,"B",1999,"UTIL","HOLDEN","Utility","M",41,"40-49","Drivers"
"T20190018049","17/9/19",11:15:00,"Collision with vehicle","Tuesday","Day",3,4,"Not at intersection",3,60,"C",2003,"SEDAN","HOLDEN","Car","M",63,"60-64","Drivers"
"T20190018050","16/9/19",17:17:00,"Collision with vehicle","Monday","Day",2,2,"T intersection",3,50,"A",2004,"UTIL","HOLDEN","Utility","M",48,"40-49","Drivers"
"T20190018050","16/9/19",17:17:00,"Collision with vehicle","Monday","Day",2,2,"T intersection",3,50,"B",2007,"SED","MERCED","Car","M",42,"40-49","Drivers"
"T20190018051","14/9/19",13:20:00,"Collision with vehicle","Saturday","Day",2,7,"T intersection",3,80,"A",2018,"WAGON","KIA","Station Wagon","M",37,"30-39","Drivers"
"T20190018051","14/9/19",13:20:00,"Collision with vehicle","Saturday","Day",2,7,"T intersection",3,80,"B",2014,"SEDAN","HOLDEN","Car","M",34,"30-39","Drivers"
"T20190018052","16/9/19",22:30:00,"Collision with vehicle","Monday","Dark Street lights off",2,2,"T intersection",2,60,"A",2004,"WAGON","HYNDAI","Station Wagon","F",28,"26-29","Drivers"
"T20190018052","16/9/19",22:30:00,"Collision with vehicle","Monday","Dark Street lights off",2,2,"T intersection",2,60,"B",2009,"SEDAN","SUZUKI","Car","F",24,"22-25","Drivers"
"T20190018054","17/9/19",06:30:00,"Collision with a fixed object","Tuesday","Day",1,1,"Not at intersection",1,80,"A",2009,"SEDAN","VOLVO","Car","M",31,"30-39","Drivers"
"T20190018057","4/4/19",14:40:00,"Collision with vehicle","Thursday","Day",2,2,"T intersection",3,999,"A",2017,"SED","HYNDAI","Car","M",27,"26-29","Drivers"
"T20190018057","4/4/19",14:40:00,"Collision with vehicle","Thursday","Day",2,2,"T intersection",3,999,"B",2012,"SEDAN","HOLDEN","Car","M",21,"17-21","Drivers"
"T20190018058","17/9/19",13:45:00,"Collision with vehicle","Tuesday","Day",2,2,"Cross intersection",3,60,"A",2001,"SEDAN","TOYOTA","Car","F",49,"40-49","Drivers"
"T20190018058","17/9/19",13:45:00,"Collision with vehicle","Tuesday","Day",2,2,"Cross intersection",3,60,"B",2016,"DC UTE","TOYOTA","Utility","M",31,"30-39","Drivers"
"T20190018060","16/9/19",09:15:00,"Collision with vehicle","Monday","Day",2,2,"T intersection",3,50,"A",2008,"WAGON","HONDA","Station Wagon","F",46,"40-49","Drivers"
"T20190018062","23/8/19",09:30:00,"Collision with vehicle","Friday","Day",2,2,"Not at intersection",3,60,"A",2014,"WAGON","SUZUKI","Station Wagon","M",32,"30-39","Drivers"
"T20190018062","23/8/19",09:30:00,"Collision with vehicle","Friday","Day",2,2,"Not at intersection",3,60,"B",2015,"SEDAN","FORD","Car","M",59,"50-59","Drivers"
"T20190018065","20/8/19",16:20:00,"Collision with vehicle","Tuesday","Unknown",2,2,"Not at intersection",3,40,"A",0,"SEDAN","UNKN","Car","F",18,"17-21","Drivers"
"T20190018066","17/9/19",13:40:00,"Collision with a fixed object","Tuesday","Day",1,1,"Not at intersection",3,50,"A",2016,"S WAG","MAZDA","Station Wagon","F",23,"22-25","Drivers"
"T20190018067","17/9/19",16:11:00,"Collision with vehicle","Tuesday","Day",2,2,"Not at intersection",3,80,"B",2013,"SEDAN","MAZDA","Car","F",49,"40-49","Drivers"
"T20190018069","17/9/19",16:27:00,"Struck Pedestrian","Tuesday","Day",1,3,"Not at intersection",3,50,"A",2016,"WAGON","MITSUB","Station Wagon","F",35,"30-39","Drivers"
"T20190018070","17/9/19",15:20:00,"Collision with vehicle","Tuesday","Day",2,3,"T intersection",2,50,"A",2017,"SEDAN","MITSUB","Car","M",59,"50-59","Drivers"
"T20190018070","17/9/19",15:20:00,"Collision with vehicle","Tuesday","Day",2,3,"T intersection",2,50,"B",2000,"SED","HOLDEN","Car","M",37,"30-39","Drivers"
"T20190018071","17/9/19",11:45:00,"Collision with vehicle","Tuesday","Day",2,3,"Not at intersection",2,60,"A",2012,"SEDAN","HONDA","Car","F",84,"70+","Drivers"
"T20190018071","17/9/19",11:45:00,"Collision with vehicle","Tuesday","Day",2,3,"Not at intersection",2,60,"B",2010,"WAGON","NISSAN","Station Wagon","F",79,"70+","Drivers"
"T20190018073","17/9/19",16:30:00,"Collision with vehicle","Tuesday","Day",3,4,"T intersection",3,70,"A",2016,"UTIL","HOLDEN","Utility","M",28,"26-29","Drivers"
"T20190018073","17/9/19",16:30:00,"Collision with vehicle","Tuesday","Day",3,4,"T intersection",3,70,"B",2013,"SEDAN","TOYOTA","Car","F",67,"64-69","Drivers"
"T20190018073","17/9/19",16:30:00,"Collision with vehicle","Tuesday","Day",3,4,"T intersection",3,70,"C",2005,"SEDAN","DAIHAT","Car","F",68,"64-69","Drivers"
"T20190018076","17/9/19",16:15:00,"Collision with vehicle","Tuesday","Day",2,2,"T intersection",3,60,"A",2008,"SEDAN","TOYOTA","Car","F",54,"50-59","Drivers"
"T20190018076","17/9/19",16:15:00,"Collision with vehicle","Tuesday","Day",2,2,"T intersection",3,60,"B",2003,"SEDAN","TOYOTA","Car","F",25,"22-25","Drivers"
"T20190018082","18/9/19",16:00:00,"Collision with vehicle","Wednesday","Day",2,3,"Cross intersection",3,50,"A",2010,"WAGON","MERC B","Station Wagon","M",53,"50-59","Drivers"
"T20190018082","18/9/19",16:00:00,"Collision with vehicle","Wednesday","Day",2,3,"Cross intersection",3,50,"B",2018,"SEDAN","MERC B","Car","F",52,"50-59","Drivers"
"T20190018083","17/9/19",16:50:00,"Collision with vehicle","Tuesday","Day",2,2,"Cross intersection",3,50,"A",2018,"WAGON","SUZUKI","Station Wagon","F",46,"40-49","Drivers"
"T20190018083","17/9/19",16:50:00,"Collision with vehicle","Tuesday","Day",2,2,"Cross intersection",3,50,"B",1989,"TRAY","TOYOTA","Light Commercial Vehicle (Rigid) <= 4.5 Tonnes GVM","M",22,"22-25","Drivers"
"T20190018085","17/9/19",17:30:00,"Struck Pedestrian","Tuesday","Day",1,2,"Cross intersection",3,40,"A",2002,"WAGON","HYNDAI","Station Wagon","M",33,"30-39","Drivers"
"T20190018094","16/9/19",17:51:00,"Collision with vehicle","Monday","Unknown",2,2,"T intersection",3,999,"A",2016,"SEDAN","MITSUB","Car","F",23,"22-25","Drivers"
"T20190018094","16/9/19",17:51:00,"Collision with vehicle","Monday","Unknown",2,2,"T intersection",3,999,"B",2012,"SEDAN","KIA","Car","M",45,"40-49","Drivers"
"T20190018095","2/8/19",11:50:00,"Struck Pedestrian","Friday","Day",1,2,"T intersection",3,999,"A",2013,"WAGON","G WALL","Station Wagon","M",55,"50-59","Drivers"
"T20190018096","11/8/19",04:30:00,"collision with some other object","Sunday","Dark Street lights on",1,1,"Cross intersection",3,80,"A",2011,"UTIL","NISSAN","Utility","M",31,"30-39","Drivers"
"T20190018097","17/9/19",18:09:00,"Collision with vehicle","Tuesday","Dark Street lights on",2,2,"Not at intersection",3,60,"A",2018,"SEDAN","HONDA","Car","F",49,"40-49","Drivers"
"T20190018097","17/9/19",18:09:00,"Collision with vehicle","Tuesday","Dark Street lights on",2,2,"Not at intersection",3,60,"B",2010,"SEDAN","AUDI","Car","F",68,"64-69","Drivers"
"T20190018098","17/9/19",21:09:00,"Collision with vehicle","Tuesday","Dark Street lights on",2,2,"Cross intersection",3,60,"A",2003,"SEDAN","FORD","Car","F",28,"26-29","Drivers"
"T20190018098","17/9/19",21:09:00,"Collision with vehicle","Tuesday","Dark Street lights on",2,2,"Cross intersection",3,60,"B",2010,"SEDAN","MAZDA","Car","F",62,"60-64","Drivers"
"T20190018100","17/9/19",15:55:00,"Collision with vehicle","Tuesday","Day",2,2,"T intersection",3,60,"A",2019,"SEDAN","MERC B","Car","F",37,"30-39","Drivers"
"T20190018100","17/9/19",15:55:00,"Collision with vehicle","Tuesday","Day",2,2,"T intersection",3,60,"B",2010,"SEDAN","VOLKS","Car","F",18,"17-21","Drivers"
"T20190018101","17/9/19",20:32:00,"Collision with vehicle","Tuesday","Dark No street lights",2,5,"Not at intersection",3,80,"A",2004,"UTIL","HOLDEN","Utility","M",20,"17-21","Drivers"
"T20190018101","17/9/19",20:32:00,"Collision with vehicle","Tuesday","Dark No street lights",2,5,"Not at intersection",3,80,"B",2004,"SEDAN","B M W","Car","M",34,"30-39","Drivers"
"T20190018102","17/9/19",21:12:00,"Collision with vehicle","Tuesday","Dark Street lights on",2,2,"T intersection",3,80,"A",1999,"DC UTE","MITSUB","Utility","M",31,"30-39","Drivers"
"T20190018102","17/9/19",21:12:00,"Collision with vehicle","Tuesday","Dark Street lights on",2,2,"T intersection",3,80,"B",2002,"S WAG","SUBARU","Station Wagon","F",54,"50-59","Drivers"
"T20190018106","18/9/19",00:20:00,"Collision with a fixed object","Wednesday","Dark No street lights",1,1,"Not at intersection",3,100,"A",2013,"WAGON","TOYOTA","Station Wagon","F",20,"17-21","Drivers"
"T20190018112","18/9/19",03:48:00,"Collision with a fixed object","Wednesday","Dark Street lights on",1,1,"Not at intersection",3,80,"A",1997,"DC UTE","TOYOTA","Utility","M",30,"30-39","Drivers"
"T20190018115","18/9/19",05:20:00,"Collision with a fixed object","Wednesday","Dusk/Dawn",2,3,"Not at intersection",3,70,"A",2004,"WAGON","MITSUB","Station Wagon","M",23,"22-25","Drivers"
"T20190018115","18/9/19",05:20:00,"Collision with a fixed object","Wednesday","Dusk/Dawn",2,3,"Not at intersection",3,70,"B",2016,"DC UTE","HOLDEN","Utility","M",57,"50-59","Drivers"
"T20190018120","11/9/19",15:24:00,"Collision with vehicle","Wednesday","Day",2,2,"Cross intersection",3,60,"A",2015,"VAN","HYNDAI","Panel Van","M",63,"60-64","Drivers"
"T20190018120","11/9/19",15:24:00,"Collision with vehicle","Wednesday","Day",2,2,"Cross intersection",3,60,"B",2009,"SEDAN","HOLDEN","Car","F",35,"30-39","Drivers"
"T20190018122","18/9/19",06:14:00,"Collision with vehicle","Wednesday","Day",2,2,"T intersection",3,70,"A",2004,"TRAY","FORD","Light Commercial Vehicle (Rigid) <= 4.5 Tonnes GVM","M",25,"22-25","Drivers"
"T20190018122","18/9/19",06:14:00,"Collision with vehicle","Wednesday","Day",2,2,"T intersection",3,70,"B",2006,"SEDAN","HOLDEN","Car","F",27,"26-29","Drivers"
"T20190018124","18/9/19",06:30:00,"Collision with vehicle","Wednesday","Dusk/Dawn",3,3,"Not at intersection",3,100,"A",0,"IND/CN","FORD","Car","M",37,"30-39","Drivers"
"T20190018124","18/9/19",06:30:00,"Collision with vehicle","Wednesday","Dusk/Dawn",3,3,"Not at intersection",3,100,"C",2013,"SEDAN","HOLDEN","Car","M",37,"30-39","Drivers"
"T20190018129","18/9/19",08:35:00,"Struck Pedestrian","Wednesday","Day",1,2,"Multiple intersection",2,60,"A",0,"SED","TOYOTA","Car","M",51,"50-59","Drivers"
"T20190018130","18/9/19",08:00:00,"Collision with vehicle","Wednesday","Day",2,2,"T intersection",3,60,"B",2016,"WAGON","R ROV","Station Wagon","M",48,"40-49","Drivers"
"T20190018133","18/9/19",08:32:00,"Collision with a fixed object","Wednesday","Day",1,1,"Not at intersection",3,80,"A",2013,"WAGON","FORD","Station Wagon","M",83,"70+","Drivers"
"T20190018134","13/9/19",20:00:00,"Collision with vehicle","Friday","Dark Street lights on",2,7,"Multiple intersection",3,60,"A",2011,"WAGON","NISSAN","Station Wagon","F",37,"30-39","Drivers"
"T20190018134","13/9/19",20:00:00,"Collision with vehicle","Friday","Dark Street lights on",2,7,"Multiple intersection",3,60,"B",2005,"COUPE","NISSAN","Car","M",65,"64-69","Drivers"
"T20190018138","18/9/19",08:58:00,"Collision with a fixed object","Wednesday","Day",1,2,"Not at intersection",3,110,"A",2014,"S WAG","MITSUB","Station Wagon","M",76,"70+","Drivers"
"T20190018139","18/9/19",10:25:00,"Collision with vehicle","Wednesday","Day",2,2,"Cross intersection",3,60,"B",2008,"WAGON","SUBARU","Station Wagon","M",74,"70+","Drivers"
"T20190018140","18/9/19",09:37:00,"Collision with vehicle","Wednesday","Day",3,3,"Not at intersection",2,60,"B",2018,"WAGON","VOLKS","Station Wagon","F",29,"26-29","Drivers"
"T20190018140","18/9/19",09:37:00,"Collision with vehicle","Wednesday","Day",3,3,"Not at intersection",2,60,"C",2013,"SEDAN","MAZDA","Car","F",37,"30-39","Drivers"
"T20190018141","18/9/19",10:38:00,"Collision with vehicle","Wednesday","Day",2,2,"Cross intersection",3,60,"B",2019,"S WAG","VOLKS","Station Wagon","F",34,"30-39","Drivers"
"T20190018142","18/9/19",09:00:00,"Collision with vehicle","Wednesday","Day",3,4,"Not at intersection",2,50,"A",1991,"WAGON","TOYOTA","Station Wagon","M",47,"40-49","Drivers"
"T20190018142","18/9/19",09:00:00,"Collision with vehicle","Wednesday","Day",3,4,"Not at intersection",2,50,"B",2019,"WAGON","SUBARU","Station Wagon","F",33,"30-39","Drivers"
"T20190018142","18/9/19",09:00:00,"Collision with vehicle","Wednesday","Day",3,4,"Not at intersection",2,50,"C",2012,"SEDAN","TOYOTA","Car","M",47,"40-49","Drivers"
"T20190018146","17/9/19",17:00:00,"Collision with vehicle","Tuesday","Unknown",2,2,"Cross intersection",3,50,"A",2018,"SEDAN","HOLDEN","Car","F",44,"40-49","Drivers"
"T20190018147","18/9/19",12:00:00,"Collision with vehicle","Wednesday","Day",2,2,"T intersection",3,60,"A",2010,"WAGON","HOLDEN","Station Wagon","F",47,"40-49","Drivers"
"T20190018147","18/9/19",12:00:00,"Collision with vehicle","Wednesday","Day",2,2,"T intersection",3,60,"B",2013,"SEDAN","VOLKS","Car","F",27,"26-29","Drivers"
"T20190018149","12/9/19",18:15:00,"Collision with vehicle","Thursday","Unknown",2,2,"Cross intersection",3,50,"A",2001,"SED","FORD","Car","M",30,"30-39","Drivers"
"T20190018149","12/9/19",18:15:00,"Collision with vehicle","Thursday","Unknown",2,2,"Cross intersection",3,50,"B",2015,"SEDAN","TOYOTA","Car","F",62,"60-64","Drivers"
"T20190018152","18/9/19",07:03:00,"Collision with vehicle","Wednesday","Day",2,4,"Not at intersection",3,110,"A",2006,"TRAY","ISUZU","Light Commercial Vehicle (Rigid) <= 4.5 Tonnes GVM","M",57,"50-59","Drivers"
"T20190018152","18/9/19",07:03:00,"Collision with vehicle","Wednesday","Day",2,4,"Not at intersection",3,110,"B",2002,"SEDAN","FORD","Car","M",38,"30-39","Drivers"
"T20190018153","18/9/19",06:14:00,"Collision with vehicle","Wednesday","Dusk/Dawn",2,2,"T intersection",3,60,"A",2003,"SEDAN","HYNDAI","Car","F",34,"30-39","Drivers"
"T20190018153","18/9/19",06:14:00,"Collision with vehicle","Wednesday","Dusk/Dawn",2,2,"T intersection",3,60,"B",2015,"WAGON","NISSAN","Station Wagon","F",51,"50-59","Drivers"
"T20190018154","10/9/19",16:00:00,"Collision with vehicle","Tuesday","Day",2,2,"Not at intersection",2,60,"B",2017,"WAGON","MERC B","Car","M",55,"50-59","Drivers"
"T20190018155","12/9/19",14:40:00,"Collision with vehicle","Thursday","Day",2,2,"Not at intersection",3,60,"A",2009,"SEDAN","HOLDEN","Car","F",21,"17-21","Drivers"
"T20190018155","12/9/19",14:40:00,"Collision with vehicle","Thursday","Day",2,2,"Not at intersection",3,60,"B",2013,"S WAG","L ROV","Station Wagon","F",50,"50-59","Drivers"
"T20190018157","18/9/19",11:29:00,"Collision with vehicle","Wednesday","Day",2,2,"Not at intersection",3,999,"A",2010,"WAGON","HONDA","Station Wagon","M",83,"70+","Drivers"
"T20190018162","18/9/19",05:00:00,"Collision with vehicle","Wednesday","Dark No street lights",2,2,"Not at intersection",1,100,"A",0,"SED","TOYOTA","Car","M",30,"30-39","Drivers"
"T20190018162","18/9/19",05:00:00,"Collision with vehicle","Wednesday","Dark No street lights",2,2,"Not at intersection",1,100,"B",2014,"P MVR","KENWTH","Prime Mover Only","M",49,"40-49","Drivers"
"T20190018163","18/9/19",08:15:00,"Collision with vehicle","Wednesday","Day",2,3,"T intersection",3,60,"A",2010,"SEDAN","FORD","Car","F",27,"26-29","Drivers"
"T20190018167","18/9/19",12:35:00,"Collision with vehicle","Wednesday","Day",2,2,"Not at intersection",3,80,"A",1995,"P MVR","KENWTH","Prime Mover - Single Trailer","M",62,"60-64","Drivers"
"T20190018167","18/9/19",12:35:00,"Collision with vehicle","Wednesday","Day",2,2,"Not at intersection",3,80,"B",2006,"SEDAN","TOYOTA","Car","F",67,"64-69","Drivers"
"T20190018168","17/9/19",10:00:00,"Struck Pedestrian","Tuesday","Unknown",1,2,"T intersection",3,50,"A",2008,"SEDAN","TOYOTA","Car","M",56,"50-59","Drivers"
"T20190018170","14/9/19",17:50:00,"Collision with vehicle","Saturday","Dusk/Dawn",2,5,"Multiple intersection",3,80,"A",2011,"S WAG","HOLDEN","Station Wagon","F",28,"26-29","Drivers"
"T20190018170","14/9/19",17:50:00,"Collision with vehicle","Saturday","Dusk/Dawn",2,5,"Multiple intersection",3,80,"B",2010,"SEDAN","HYNDAI","Car","F",42,"40-49","Drivers"
"T20190018172","18/9/19",14:50:00,"Collision with vehicle","Wednesday","Day",2,2,"Cross intersection",3,999,"A",2007,"UTIL","TOYOTA","Utility","M",33,"30-39","Drivers"
"T20190018172","18/9/19",14:50:00,"Collision with vehicle","Wednesday","Day",2,2,"Cross intersection",3,999,"B",2007,"SEDAN","FORD","Car","M",44,"40-49","Drivers"
"T20190018173","18/9/19",15:15:00,"Struck Pedestrian","Wednesday","Day",1,2,"T intersection",3,60,"A",2014,"DC UTE","FORD","Utility","M",38,"30-39","Drivers"
"T20190018174","18/9/19",13:15:00,"Collision with vehicle","Wednesday","Day",2,2,"Cross intersection",3,999,"A",2016,"SEDAN","VOLKS","Car","F",29,"26-29","Drivers"
"T20190018174","18/9/19",13:15:00,"Collision with vehicle","Wednesday","Day",2,2,"Cross intersection",3,999,"B",2007,"P VAN","MITSUB","Panel Van","M",57,"50-59","Drivers"
"T20190018177","18/9/19",15:30:00,"Collision with a fixed object","Wednesday","Day",1,1,"Cross intersection",3,80,"A",2008,"UTIL","TOYOTA","Utility","M",46,"40-49","Drivers"
"T20190018179","18/9/19",07:00:00,"Collision with vehicle","Wednesday","Day",2,2,"Cross intersection",3,999,"A",2008,"SEDAN","B M W","Car","F",54,"50-59","Drivers"
"T20190018183","14/9/19",16:00:00,"Collision with vehicle","Saturday","Day",2,2,"T intersection",3,999,"A",2018,"SEDAN","HOLDEN","Car","F",29,"26-29","Drivers"
"T20190018183","14/9/19",16:00:00,"Collision with vehicle","Saturday","Day",2,2,"T intersection",3,999,"B",2017,"UTIL","FORD","Utility","M",45,"40-49","Drivers"