"ACCIDENT_NO","ACCIDENTDATE","ACCIDENTTIME","Accident Type Desc","Day Week Description","Light Condition Desc","NO_OF_VEHICLES","NO_PERSONS","Road Geometry Desc","SEVERITY","SPEED_ZONE","VEHICLE_ID","VEHICLE_YEAR_MANUF","VEHICLE_BODY_STYLE","VEHICLE_MAKE","Vehicle Type Desc","SEX","AGE","Age Group","Road User Type Desc"
"T20190018184","18/9/19",16:40:00,"Struck Pedestrian","Wednesday","Day",1,2,"Not at intersection",2,999,"A",1997,"SEDAN","HOLDEN","Car","F",84,"70+","Drivers"
"T20190018188","15/7/19",07:45:00,"Collision with vehicle","Monday","Unknown",3,3,"Not at intersection",3,70,"A",2018,"SEDAN","KIA","Car","M",35,"30-39","Drivers"
"T20190018188","15/7/19",07:45:00,"Collision with vehicle","Monday","Unknown",3,3,"Not at intersection",3,70,"B",2004,"SEDAN","HOLDEN","Car","F",57,"50-59","Drivers"
"T20190018188","15/7/19",07:45:00,"Collision with vehicle","Monday","Unknown",3,3,"Not at intersection",3,70,"C",2010,"TRAY","FORD","Utility","M",25,"22-25","Drivers"
"T20190018189","18/9/19",18:50:00,"Struck Pedestrian","Wednesday","Dark Street lights on",1,2,"T intersection",3,30,"A",0,NA,"UNKN","Car","U",NA,"unknown","Drivers"
"T20190018190","18/9/19",16:52:00,"Struck Pedestrian","Wednesday","Day",1,2,"Cross intersection",3,60,"A",2005,"SEDAN","B M W","Car","M",30,"30-39","Drivers"
"T20190018192","18/9/19",15:42:00,"Collision with vehicle","Wednesday","Day",2,3,"Not at intersection",3,60,"A",2013,"SEDAN","HONDA","Car","F",80,"70+","Drivers"
"T20190018192","18/9/19",15:42:00,"Collision with vehicle","Wednesday","Day",2,3,"Not at intersection",3,60,"B",2008,"WAGON","NISSAN","Station Wagon","F",42,"40-49","Drivers"
"T20190018194","7/9/19",13:15:00,"Collision with vehicle","Saturday","Day",2,2,"Not at intersection",3,999,"A",2014,"WAGON","HYNDAI","Station Wagon","F",52,"50-59","Drivers"
"T20190018194","7/9/19",13:15:00,"Collision with vehicle","Saturday","Day",2,2,"Not at intersection",3,999,"B",2011,"COUPE","KIA","Car","F",57,"50-59","Drivers"
"T20190018197","18/9/19",16:15:00,"Collision with a fixed object","Wednesday","Day",1,1,"Not at intersection",3,60,"A",2000,"SEDAN","HYNDAI","Car","F",48,"40-49","Drivers"
"T20190018199","18/9/19",20:30:00,"Collision with vehicle","Wednesday","Day",2,2,"Cross intersection",3,60,"A",2018,"WAGON","VOLKS","Station Wagon","M",45,"40-49","Drivers"
"T20190018200","18/9/19",20:15:00,"Collision with vehicle","Wednesday","Dark Street lights on",2,2,"Cross intersection",3,60,"A",2011,"SEDAN","HOLDEN","Car","F",22,"22-25","Drivers"
"T20190018200","18/9/19",20:15:00,"Collision with vehicle","Wednesday","Dark Street lights on",2,2,"Cross intersection",3,60,"B",2002,"SEDAN","NISSAN","Car","M",19,"17-21","Drivers"
"T20190018201","18/9/19",19:19:00,"Collision with vehicle","Wednesday","Dark No street lights",2,4,"Not at intersection",3,100,"A",2013,"SEDAN","MITSUB","Car","F",38,"30-39","Drivers"
"T20190018201","18/9/19",19:19:00,"Collision with vehicle","Wednesday","Dark No street lights",2,4,"Not at intersection",3,100,"B",2009,"P MVR","W STAR","Prime Mover B-Triple","M",60,"60-64","Drivers"
"T20190018203","18/9/19",13:45:00,"Collision with vehicle","Wednesday","Day",2,2,"Cross intersection",3,50,"A",2006,"SEDAN","LEXUS","Car","F",52,"50-59","Drivers"
"T20190018203","18/9/19",13:45:00,"Collision with vehicle","Wednesday","Day",2,2,"Cross intersection",3,50,"B",2013,"SEDAN","NISSAN","Car","M",26,"26-29","Drivers"
"T20190018204","25/8/19",02:40:00,"Collision with vehicle","Sunday","Dark Street lights on",2,3,"Cross intersection",3,80,"A",2014,"SEDAN","MAZDA","Car","F",28,"26-29","Drivers"
"T20190018204","25/8/19",02:40:00,"Collision with vehicle","Sunday","Dark Street lights on",2,3,"Cross intersection",3,80,"B",2013,"SEDAN","VOLKS","Car","F",21,"17-21","Drivers"
"T20190018205","14/9/19",10:40:00,"Collision with vehicle","Saturday","Day",2,2,"T intersection",3,40,"A",2014,"SEDAN","TOYOTA","Car","F",24,"22-25","Drivers"
"T20190018205","14/9/19",10:40:00,"Collision with vehicle","Saturday","Day",2,2,"T intersection",3,40,"B",2019,"SEDAN","VOLKS","Car","F",18,"17-21","Drivers"
"T20190018206","18/9/19",17:00:00,"Collision with vehicle","Wednesday","Day",2,3,"Not at intersection",3,60,"A",2009,"DC UTE","TOYOTA","Utility","M",30,"30-39","Drivers"
"T20190018206","18/9/19",17:00:00,"Collision with vehicle","Wednesday","Day",2,3,"Not at intersection",3,60,"B",2019,"SEDAN","KIA","Car","M",25,"22-25","Drivers"
"T20190018207","18/9/19",15:30:00,"Collision with vehicle","Wednesday","Day",2,2,"Cross intersection",3,40,"A",2007,"SEDAN","PEUG","Car","M",63,"60-64","Drivers"
"T20190018207","18/9/19",15:30:00,"Collision with vehicle","Wednesday","Day",2,2,"Cross intersection",3,40,"B",2004,"SEDAN","TOYOTA","Car","F",38,"30-39","Drivers"
"T20190018213","11/9/19",15:30:00,"Collision with vehicle","Wednesday","Day",2,2,"T intersection",3,999,"B",2008,"SEDAN","MAZDA","Car","M",36,"30-39","Drivers"
"T20190018218","17/9/19",05:50:00,"Collision with a fixed object","Tuesday","Dusk/Dawn",1,1,"Multiple intersection",3,80,"A",2017,"SEDAN","TOYOTA","Car","F",25,"22-25","Drivers"
"T20190018222","12/9/19",17:30:00,"Collision with vehicle","Thursday","Day",2,2,"Multiple intersection",3,60,"A",2010,"SEDAN","HOLDEN","Car","F",35,"30-39","Drivers"
"T20190018222","12/9/19",17:30:00,"Collision with vehicle","Thursday","Day",2,2,"Multiple intersection",3,60,"B",0,"S WAG","TOYOTA","Station Wagon","F",66,"64-69","Drivers"
"T20190018225","18/9/19",11:00:00,"Collision with a fixed object","Wednesday","Day",1,1,"T intersection",3,60,"A",2002,"C CHAS","TOYOTA","Light Commercial Vehicle (Rigid) <= 4.5 Tonnes GVM","M",48,"40-49","Drivers"
"T20190018229","19/9/19",08:35:00,"Collision with vehicle","Thursday","Day",2,5,"Cross intersection",3,100,"A",0,"SED","HYU","Car","M",23,"22-25","Drivers"
"T20190018229","19/9/19",08:35:00,"Collision with vehicle","Thursday","Day",2,5,"Cross intersection",3,100,"B",2009,"S WAG","KIA","Station Wagon","F",56,"50-59","Drivers"
"T20190018230","8/9/19",20:30:00,"Collision with a fixed object","Sunday","Dark No street lights",1,6,"Not at intersection",3,100,"A",2004,"P CARR","CHRYS","Station Wagon","M",65,"64-69","Drivers"
"T20190018232","10/9/19",19:30:00,"Collision with a fixed object","Tuesday","Dark No street lights",1,1,"Not at intersection",3,100,"A",2003,"UTIL","HOLDEN","Utility","F",21,"17-21","Drivers"
"T20190018234","14/9/19",07:15:00,"Collision with a fixed object","Saturday","Day",1,1,"Not at intersection",3,80,"A",2010,"SEDAN","FORD","Car","M",21,"17-21","Drivers"
"T20190018238","17/9/19",00:00:00,"Collision with a fixed object","Tuesday","Dark No street lights",1,1,"Not at intersection",2,80,"A",1992,"SEDAN","TOYOTA","Car","M",30,"30-39","Drivers"
"T20190018240","18/9/19",20:27:00,"Collision with vehicle","Wednesday","Dark Street lights on",2,1,"Not at intersection",3,50,"A",2001,"SEDAN","FORD","Car","M",30,"30-39","Drivers"
"T20190018241","19/9/19",09:00:00,"Collision with vehicle","Thursday","Day",2,5,"Not at intersection",3,40,"A",2000,"SEDAN","MITSUB","Car","F",55,"50-59","Drivers"
"T20190018241","19/9/19",09:00:00,"Collision with vehicle","Thursday","Day",2,5,"Not at intersection",3,40,"B",1998,"SEDAN","HOLDEN","Car","U",NA,"unknown","Drivers"
"T20190018243","19/9/19",13:23:00,"Collision with vehicle","Thursday","Day",2,2,"Not at intersection",2,70,"A",2001,"SED","NISSAN","Car","M",31,"30-39","Drivers"
"T20190018243","19/9/19",13:23:00,"Collision with vehicle","Thursday","Day",2,2,"Not at intersection",2,70,"B",2011,"SEDAN","VOLKS","Car","F",52,"50-59","Drivers"
"T20190018245","27/8/19",00:00:00,"Collision with a fixed object","Tuesday","Dark No street lights",1,2,"Not at intersection",3,80,"A",2009,"SEDAN","FORD","Car","M",19,"17-21","Drivers"
"T20190018246","14/8/19",14:45:00,"Collision with vehicle","Wednesday","Day",2,2,"Not at intersection",3,999,"A",2014,"SEDAN","TOYOTA","Car","M",55,"50-59","Drivers"
"T20190018246","14/8/19",14:45:00,"Collision with vehicle","Wednesday","Day",2,2,"Not at intersection",3,999,"B",2003,"COUPE","MITSUB","Car","F",14,"13-15","Drivers"
"T20190018247","4/9/19",14:30:00,"Collision with vehicle","Wednesday","Day",2,2,"Cross intersection",3,60,"A",2010,"UTIL","HOLDEN","Utility","M",46,"40-49","Drivers"
"T20190018247","4/9/19",14:30:00,"Collision with vehicle","Wednesday","Day",2,2,"Cross intersection",3,60,"B",2003,"SEDAN","MITSUB","Car","M",83,"70+","Drivers"
"T20190018249","19/9/19",12:34:00,"Collision with vehicle","Thursday","Day",2,2,"Cross intersection",3,60,"A",2010,"VAN","FIAT","Panel Van","F",36,"30-39","Drivers"
"T20190018249","19/9/19",12:34:00,"Collision with vehicle","Thursday","Day",2,2,"Cross intersection",3,60,"B",2003,"COUPE","MITSUB","Car","F",77,"70+","Drivers"
"T20190018252","13/9/19",07:00:00,"Collision with vehicle","Friday","Day",2,2,"Not at intersection",3,40,"A",2011,"S WAG","FORD","Station Wagon","M",69,"64-69","Drivers"
"T20190018258","19/9/19",14:30:00,"Collision with vehicle","Thursday","Day",4,1,"Not at intersection",3,50,"D",2011,"SEDAN","HOLDEN","Car","F",47,"40-49","Drivers"
"T20190018259","19/9/19",14:15:00,"Collision with vehicle","Thursday","Day",3,3,"T intersection",3,70,"A",2012,"SEDAN","HOLDEN","Car","F",67,"64-69","Drivers"
"T20190018259","19/9/19",14:15:00,"Collision with vehicle","Thursday","Day",3,3,"T intersection",3,70,"B",2002,"WAGON","TOYOTA","Station Wagon","F",51,"50-59","Drivers"
"T20190018259","19/9/19",14:15:00,"Collision with vehicle","Thursday","Day",3,3,"T intersection",3,70,"C",2012,"SEDAN","HONDA","Car","M",27,"26-29","Drivers"
"T20190018262","19/9/19",15:30:00,"Collision with vehicle","Thursday","Day",4,5,"Cross intersection",3,60,"A",2015,"T SDS","ISUZU","Light Commercial Vehicle (Rigid) <= 4.5 Tonnes GVM","M",56,"50-59","Drivers"
"T20190018262","19/9/19",15:30:00,"Collision with vehicle","Thursday","Day",4,5,"Cross intersection",3,60,"B",2014,"SEDAN","MAZDA","Car","F",63,"60-64","Drivers"
"T20190018262","19/9/19",15:30:00,"Collision with vehicle","Thursday","Day",4,5,"Cross intersection",3,60,"C",2015,"SEDAN","VOLKS","Car","F",26,"26-29","Drivers"
"T20190018262","19/9/19",15:30:00,"Collision with vehicle","Thursday","Day",4,5,"Cross intersection",3,60,"D",2009,"WAGON","HOLDEN","Station Wagon","F",41,"40-49","Drivers"
"T20190018264","19/9/19",15:44:00,"Collision with vehicle","Thursday","Day",2,3,"Cross intersection",3,50,"B",2017,"SEDAN","UNKN","Car","F",27,"26-29","Drivers"
"T20190018271","19/9/19",15:00:00,"Collision with vehicle","Thursday","Day",2,2,"T intersection",3,60,"A",2005,"SEDAN","TOYOTA","Car","F",67,"64-69","Drivers"
"T20190018271","19/9/19",15:00:00,"Collision with vehicle","Thursday","Day",2,2,"T intersection",3,60,"B",2018,"WAGON","VOLKS","Station Wagon","F",56,"50-59","Drivers"
"T20190018272","19/9/19",15:50:00,"Collision with vehicle","Thursday","Day",2,1,"Not at intersection",3,50,"A",2002,"SEDAN","TOYOTA","Car","M",71,"70+","Drivers"
"T20190018277","19/9/19",17:55:00,"Collision with a fixed object","Thursday","Dusk/Dawn",1,1,"T intersection",3,60,"A",2017,"SEDAN","TOYOTA","Car","F",47,"40-49","Drivers"
"T20190018281","19/9/19",16:35:00,"Collision with a fixed object","Thursday","Day",1,1,"Not at intersection",3,50,"A",2016,"WAGON","MAZDA","Station Wagon","F",42,"40-49","Drivers"
"T20190018282","8/9/19",17:30:00,"Collision with a fixed object","Sunday","Dusk/Dawn",1,3,"Not at intersection",3,110,"A",1999,"SEDAN","FORD","Car","M",23,"22-25","Drivers"
"T20190018287","19/9/19",10:50:00,"Collision with a fixed object","Thursday","Day",3,4,"Not at intersection",1,70,"B",2017,"S WAG","HOLDEN","Station Wagon","U",NA,"unknown","Drivers"
"T20190018287","19/9/19",10:50:00,"Collision with a fixed object","Thursday","Day",3,4,"Not at intersection",1,70,"C",2018,"SEDAN","TOYOTA","Car","U",NA,"unknown","Drivers"
"T20190018291","19/9/19",19:34:00,"Collision with vehicle","Thursday","Dark No street lights",2,3,"Not at intersection",3,100,"A",2008,"SEDAN","TOYOTA","Car","M",72,"70+","Drivers"
"T20190018291","19/9/19",19:34:00,"Collision with vehicle","Thursday","Dark No street lights",2,3,"Not at intersection",3,100,"B",1991,"S WAG","TOYOTA","Station Wagon","M",42,"40-49","Drivers"
"T20190018292","19/9/19",16:40:00,"Collision with vehicle","Thursday","Day",2,3,"Not at intersection",3,80,"A",2018,"WAGON","NISSAN","Station Wagon","M",37,"30-39","Drivers"
"T20190018292","19/9/19",16:40:00,"Collision with vehicle","Thursday","Day",2,3,"Not at intersection",3,80,"B",2016,"SEDAN","FORD","Car","F",45,"40-49","Drivers"
"T20190018294","19/9/19",20:04:00,"Collision with vehicle","Thursday","Dark Street lights on",2,3,"Cross intersection",3,60,"A",2005,"VAN","MERC B","Panel Van","M",34,"30-39","Drivers"
"T20190018294","19/9/19",20:04:00,"Collision with vehicle","Thursday","Dark Street lights on",2,3,"Cross intersection",3,60,"B",2014,"SEDAN","HOLDEN","Car","U",NA,"unknown","Drivers"
"T20190018295","19/9/19",21:25:00,"Collision with vehicle","Thursday","Dark Street lights on",2,2,"T intersection",3,60,"A",2012,"S WAG","HOLDEN","Station Wagon","M",19,"17-21","Drivers"
"T20190018295","19/9/19",21:25:00,"Collision with vehicle","Thursday","Dark Street lights on",2,2,"T intersection",3,60,"B",2017,"SEDAN","HYNDAI","Car","M",43,"40-49","Drivers"
"T20190018296","19/9/19",19:40:00,"Collision with vehicle","Thursday","Dark No street lights",2,2,"Not at intersection",2,100,"A",2014,"UTIL","NISSAN","Utility","M",40,"40-49","Drivers"
"T20190018296","19/9/19",19:40:00,"Collision with vehicle","Thursday","Dark No street lights",2,2,"Not at intersection",2,100,"B",2014,"P MVR","MERC B","Prime Mover - Single Trailer","M",30,"30-39","Drivers"
"T20190018297","19/9/19",22:04:00,"Collision with a fixed object","Thursday","Dark Street lights on",1,2,"Not at intersection",3,50,"A",2010,"SEDAN","SUZUKI","Car","F",18,"17-21","Drivers"
"T20190018298","19/9/19",23:13:00,"Collision with vehicle","Thursday","Dark Street lights on",2,3,"Not at intersection",2,40,"B",2017,"SEDAN","SUBARU","Car","F",56,"50-59","Drivers"
"T20190018299","19/9/19",22:45:00,"Collision with vehicle","Thursday","Dark Street lights on",5,3,"Not at intersection",3,80,"A",2011,"COUPE","B M W","Car","M",33,"30-39","Drivers"
"T20190018299","19/9/19",22:45:00,"Collision with vehicle","Thursday","Dark Street lights on",5,3,"Not at intersection",3,80,"B",2019,"SEDAN","MERC B","Car","M",28,"26-29","Drivers"
"T20190018299","19/9/19",22:45:00,"Collision with vehicle","Thursday","Dark Street lights on",5,3,"Not at intersection",3,80,"C",2011,"SEDAN","TOYOTA","Car","F",44,"40-49","Drivers"
"T20190018301","20/9/19",05:00:00,"Struck animal","Friday","Dark No street lights",3,3,"Not at intersection",3,110,"A",2007,"P MVR","INTERN","Prime Mover - Single Trailer","M",56,"50-59","Drivers"
"T20190018301","20/9/19",05:00:00,"Struck animal","Friday","Dark No street lights",3,3,"Not at intersection",3,110,"B",2017,"DC UTE","NISSAN","Utility","F",31,"30-39","Drivers"
"T20190018301","20/9/19",05:00:00,"Struck animal","Friday","Dark No street lights",3,3,"Not at intersection",3,110,"C",2017,"P MVR","KENWTH","Prime Mover B-Double","M",49,"40-49","Drivers"
"T20190018302","2/7/19",17:18:00,"Collision with a fixed object","Tuesday","Dark No street lights",1,2,"Cross intersection",3,110,"A",2006,"SEDAN","SUBARU","Car","M",34,"30-39","Drivers"
"T20190018306","14/9/19",09:32:00,"Collision with vehicle","Saturday","Day",2,3,"Not at intersection",3,888,"B",2016,"DC UTE","VOLKS","Utility","M",41,"40-49","Drivers"
"T20190018308","3/9/19",09:00:00,"Collision with vehicle","Tuesday","Day",2,2,"Not at intersection",3,50,"A",2011,"SEDAN","HONDA","Car","F",44,"40-49","Drivers"
"T20190018308","3/9/19",09:00:00,"Collision with vehicle","Tuesday","Day",2,2,"Not at intersection",3,50,"B",2010,"WAGON","NISSAN","Station Wagon","F",46,"40-49","Drivers"
"T20190018309","20/9/19",08:00:00,"Collision with vehicle","Friday","Day",5,5,"Cross intersection",3,80,"A",2018,"SEDAN","KIA","Car","M",31,"30-39","Drivers"
"T20190018309","20/9/19",08:00:00,"Collision with vehicle","Friday","Day",5,5,"Cross intersection",3,80,"B",2017,"TIPPER","HINO","Light Commercial Vehicle (Rigid) <= 4.5 Tonnes GVM","M",54,"50-59","Drivers"
"T20190018309","20/9/19",08:00:00,"Collision with vehicle","Friday","Day",5,5,"Cross intersection",3,80,"C",2004,"SEDAN","PEUG","Car","F",32,"30-39","Drivers"
"T20190018309","20/9/19",08:00:00,"Collision with vehicle","Friday","Day",5,5,"Cross intersection",3,80,"D",2015,"SEDAN","VOLKS","Car","F",24,"22-25","Drivers"
"T20190018309","20/9/19",08:00:00,"Collision with vehicle","Friday","Day",5,5,"Cross intersection",3,80,"E",2002,"SEDAN","HOLDEN","Car","M",58,"50-59","Drivers"
"T20190018312","23/3/19",11:30:00,"Collision with vehicle","Saturday","Day",2,2,"Multiple intersection",3,60,"A",2002,"SEDAN","SUZUKI","Car","M",69,"64-69","Drivers"
"T20190018312","23/3/19",11:30:00,"Collision with vehicle","Saturday","Day",2,2,"Multiple intersection",3,60,"B",2011,"WAGON","TOYOTA","Station Wagon","M",31,"30-39","Drivers"
"T20190018313","20/9/19",09:31:00,"Collision with a fixed object","Friday","Day",1,1,"Cross intersection",3,110,"A",2012,"SEDAN","HOLDEN","Car","F",22,"22-25","Drivers"
"T20190018314","20/9/19",09:14:00,"Collision with vehicle","Friday","Day",3,4,"T intersection",3,60,"A",2008,"SEDAN","MAZDA","Car","F",46,"40-49","Drivers"
"T20190018314","20/9/19",09:14:00,"Collision with vehicle","Friday","Day",3,4,"T intersection",3,60,"B",2003,"UTIL","HOLDEN","Utility","M",23,"22-25","Drivers"
"T20190018314","20/9/19",09:14:00,"Collision with vehicle","Friday","Day",3,4,"T intersection",3,60,"C",2003,"VAN","HINO","Light Commercial Vehicle (Rigid) <= 4.5 Tonnes GVM","M",35,"30-39","Drivers"
"T20190018315","20/9/19",06:49:00,"Collision with vehicle","Friday","Day",3,3,"Cross intersection",3,60,"A",2017,"UTIL","FORD","Utility","M",36,"30-39","Drivers"
"T20190018315","20/9/19",06:49:00,"Collision with vehicle","Friday","Day",3,3,"Cross intersection",3,60,"B",2012,"VAN","VOLKS","Panel Van","M",34,"30-39","Drivers"
"T20190018315","20/9/19",06:49:00,"Collision with vehicle","Friday","Day",3,3,"Cross intersection",3,60,"C",2005,"SEDAN","NISSAN","Car","M",25,"22-25","Drivers"
"T20190018316","4/7/19",11:45:00,"Struck animal","Thursday","Unknown",1,2,"Not at intersection",3,80,"A",2019,"WAGON","SUZUKI","Car","M",23,"22-25","Drivers"
"T20190018317","27/8/19",08:15:00,"Collision with vehicle","Tuesday","Day",2,4,"T intersection",3,60,"A",2017,"SEDAN","TOYOTA","Taxi","M",65,"64-69","Drivers"
"T20190018317","27/8/19",08:15:00,"Collision with vehicle","Tuesday","Day",2,4,"T intersection",3,60,"B",2015,"SEDAN","HONDA","Car","F",31,"30-39","Drivers"
"T20190018318","20/9/19",10:33:00,"Collision with vehicle","Friday","Day",2,2,"T intersection",3,60,"A",2006,"S WAG","FORD","Station Wagon","M",53,"50-59","Drivers"
"T20190018318","20/9/19",10:33:00,"Collision with vehicle","Friday","Day",2,2,"T intersection",3,60,"B",2008,"SEDAN","HONDA","Car","F",44,"40-49","Drivers"
"T20190018324","20/9/19",10:18:00,"Collision with a fixed object","Friday","Day",1,1,"Not at intersection",3,80,"A",2019,"SEDAN","KIA","Car","M",48,"40-49","Drivers"
"T20190018325","18/9/19",21:30:00,"Collision with vehicle","Wednesday","Dark Street lights unknown",2,2,"T intersection",3,80,"A",2010,"SEDAN","MITSUB","Car","F",49,"40-49","Drivers"
"T20190018325","18/9/19",21:30:00,"Collision with vehicle","Wednesday","Dark Street lights unknown",2,2,"T intersection",3,80,"B",2006,"SEDAN","HONDA","Car","M",63,"60-64","Drivers"
"T20190018328","20/9/19",12:00:00,"Struck Pedestrian","Friday","Day",1,2,"Not at intersection",3,50,"A",2017,"DC UTE","FORD","Utility","M",44,"40-49","Drivers"
"T20190018329","17/9/19",10:15:00,"Collision with vehicle","Tuesday","Day",2,3,"Not at intersection",3,40,"B",2015,"WAGON","FORD","Taxi","M",36,"30-39","Drivers"
"T20190018330","19/9/19",15:30:00,"Collision with vehicle","Thursday","Day",2,3,"Cross intersection",3,70,"A",2011,"COUPE","HYNDAI","Car","M",75,"70+","Drivers"
"T20190018330","19/9/19",15:30:00,"Collision with vehicle","Thursday","Day",2,3,"Cross intersection",3,70,"B",2015,"DC UTE","MITSUB","Utility","M",46,"40-49","Drivers"
"T20190018331","20/9/19",11:50:00,"Collision with a fixed object","Friday","Day",1,1,"Not at intersection",3,100,"A",2011,"WAGON","NISSAN","Car","F",33,"30-39","Drivers"
"T20190018332","14/9/19",11:00:00,"Collision with vehicle","Saturday","Day",2,3,"Cross intersection",3,60,"A",2014,"SEDAN","HYNDAI","Car","F",36,"30-39","Drivers"
"T20190018332","14/9/19",11:00:00,"Collision with vehicle","Saturday","Day",2,3,"Cross intersection",3,60,"B",2013,"S WAG","HOLDEN","Station Wagon","M",25,"22-25","Drivers"
"T20190018333","16/9/19",11:36:00,"Collision with vehicle","Monday","Day",3,4,"Not at intersection",3,60,"A",2015,"TRAY","MAZDA","Light Commercial Vehicle (Rigid) <= 4.5 Tonnes GVM","M",42,"40-49","Drivers"
"T20190018333","16/9/19",11:36:00,"Collision with vehicle","Monday","Day",3,4,"Not at intersection",3,60,"B",2010,"SEDAN","SUZUKI","Car","M",26,"26-29","Drivers"
"T20190018333","16/9/19",11:36:00,"Collision with vehicle","Monday","Day",3,4,"Not at intersection",3,60,"C",2012,"WAGON","TOYOTA","Station Wagon","M",36,"30-39","Drivers"
"T20190018335","20/9/19",11:10:00,"Collision with vehicle","Friday","Day",2,3,"Cross intersection",3,80,"A",2000,"SEDAN","HOLDEN","Car","M",27,"26-29","Drivers"
"T20190018335","20/9/19",11:10:00,"Collision with vehicle","Friday","Day",2,3,"Cross intersection",3,80,"B",2017,"WAGON","JAGUAR","Station Wagon","M",54,"50-59","Drivers"
"T20190018338","16/9/19",06:00:00,"collision with some other object","Monday","Dusk/Dawn",1,1,"Not at intersection",3,80,"A",2007,"UTIL","FORD","Utility","M",66,"64-69","Drivers"
"T20190018339","11/9/19",17:30:00,"Collision with vehicle","Wednesday","Dusk/Dawn",2,2,"Cross intersection",3,60,"A",2010,"SEDAN","HOLDEN","Car","F",34,"30-39","Drivers"
"T20190018339","11/9/19",17:30:00,"Collision with vehicle","Wednesday","Dusk/Dawn",2,2,"Cross intersection",3,60,"B",2009,"SED","TOYOTA","Car","M",31,"30-39","Drivers"
"T20190018340","3/9/19",19:45:00,"No collision and no object struck","Tuesday","Dark Street lights unknown",2,2,"T intersection",3,60,"B",0,"SEDAN","UNKN","Car","U",NA,"unknown","Drivers"
"T20190018341","20/9/19",12:06:00,"Collision with vehicle","Friday","Day",4,5,"Not at intersection",3,70,"A",2013,"TIPPER","ISUZU","Light Commercial Vehicle (Rigid) <= 4.5 Tonnes GVM","M",53,"50-59","Drivers"
"T20190018341","20/9/19",12:06:00,"Collision with vehicle","Friday","Day",4,5,"Not at intersection",3,70,"B",2011,"SEDAN","TOYOTA","Car","M",34,"30-39","Drivers"
"T20190018341","20/9/19",12:06:00,"Collision with vehicle","Friday","Day",4,5,"Not at intersection",3,70,"C",2003,"SEDAN","MAZDA","Car","M",34,"30-39","Drivers"
"T20190018341","20/9/19",12:06:00,"Collision with vehicle","Friday","Day",4,5,"Not at intersection",3,70,"D",2015,"SEDAN","HYNDAI","Car","F",19,"17-21","Drivers"
"T20190018342","19/9/19",06:50:00,"Struck Pedestrian","Thursday","Day",1,2,"Not at intersection",3,40,"A",2015,"WAGON","L ROV","Station Wagon","U",NA,"unknown","Drivers"
"T20190018343","20/9/19",08:25:00,"No collision and no object struck","Friday","Day",1,3,"Not at intersection",3,50,"A",2004,"WAGON","FORD","Station Wagon","F",41,"40-49","Drivers"
"T20190018345","20/9/19",14:00:00,"Collision with vehicle","Friday","Day",2,3,"T intersection",3,60,"A",2005,"VAN","MITSUB","Heavy Vehicle (Rigid) > 4.5 Tonnes","M",49,"40-49","Drivers"
"T20190018345","20/9/19",14:00:00,"Collision with vehicle","Friday","Day",2,3,"T intersection",3,60,"B",1999,"S WAG","HOLDEN","Station Wagon","M",45,"40-49","Drivers"
"T20190018348","19/9/19",21:35:00,"Collision with vehicle","Thursday","Dark Street lights on",2,2,"Cross intersection",3,80,"A",2012,"COUPE","TOYOTA","Car","M",28,"26-29","Drivers"
"T20190018348","19/9/19",21:35:00,"Collision with vehicle","Thursday","Dark Street lights on",2,2,"Cross intersection",3,80,"B",2009,"WAGON","NISSAN","Station Wagon","F",27,"26-29","Drivers"
"T20190018350","20/9/19",15:35:00,"Collision with vehicle","Friday","Day",2,2,"Not at intersection",3,60,"B",2017,"WAGON","TOYOTA","Station Wagon","M",24,"22-25","Drivers"
"T20190018354","19/9/19",17:34:00,"Collision with vehicle","Thursday","Day",2,4,"Not at intersection",3,50,"A",2012,"WAGON","MAZDA","Station Wagon","F",42,"40-49","Drivers"
"T20190018355","19/9/19",08:00:00,"Collision with vehicle","Thursday","Day",2,2,"T intersection",3,999,"A",2009,"WAGON","UNKN","Station Wagon","M",40,"40-49","Drivers"
"T20190018357","14/9/19",15:50:00,"Collision with vehicle","Saturday","Day",2,3,"T intersection",3,60,"A",2014,"DC UTE","MAZDA","Utility","M",55,"50-59","Drivers"
"T20190018357","14/9/19",15:50:00,"Collision with vehicle","Saturday","Day",2,3,"T intersection",3,60,"B",2017,"SEDAN","HYNDAI","Car","F",22,"22-25","Drivers"
"T20190018358","20/9/19",14:42:00,"Collision with a fixed object","Friday","Day",1,1,"Not at intersection",3,100,"A",1993,"SEDAN","TOYOTA","Car","M",22,"22-25","Drivers"
"T20190018365","20/9/19",17:12:00,"Collision with a fixed object","Friday","Day",1,1,"Not at intersection",3,80,"A",2005,"UTIL","TOYOTA","Utility","M",18,"17-21","Drivers"
"T20190018366","20/9/19",18:18:00,"Collision with vehicle","Friday","Dusk/Dawn",2,3,"T intersection",3,50,"A",2001,"SEDAN","HOLDEN","Car","F",67,"64-69","Drivers"
"T20190018366","20/9/19",18:18:00,"Collision with vehicle","Friday","Dusk/Dawn",2,3,"T intersection",3,50,"B",1997,"VAN","FORD","Panel Van","F",48,"40-49","Drivers"
"T20190018368","19/9/19",14:50:00,"Collision with vehicle","Thursday","Day",2,1,"Not at intersection",3,50,"A",2007,"SEDAN","TOYOTA","Car","F",36,"30-39","Drivers"