"ACCIDENT_NO","ACCIDENTDATE","ACCIDENTTIME","Accident Type Desc","Day Week Description","Light Condition Desc","NO_OF_VEHICLES","NO_PERSONS","Road Geometry Desc","SEVERITY","SPEED_ZONE","VEHICLE_ID","VEHICLE_YEAR_MANUF","VEHICLE_BODY_STYLE","VEHICLE_MAKE","Vehicle Type Desc","SEX","AGE","Age Group","Road User Type Desc"
"T20190018369","20/9/19",19:40:00,"Collision with vehicle","Friday","Dark Street lights on",2,5,"T intersection",3,60,"A",2007,"SEDAN","TOYOTA","Car","M",39,"30-39","Drivers"
"T20190018369","20/9/19",19:40:00,"Collision with vehicle","Friday","Dark Street lights on",2,5,"T intersection",3,60,"B",1996,"SEDAN","MAZDA","Car","M",26,"26-29","Drivers"
"T20190018371","20/9/19",21:07:00,"Collision with vehicle","Friday","Dark No street lights",2,2,"Cross intersection",3,60,"A",2006,"WAGON","SUZUKI","Station Wagon","M",40,"40-49","Drivers"
"T20190018371","20/9/19",21:07:00,"Collision with vehicle","Friday","Dark No street lights",2,2,"Cross intersection",3,60,"B",2013,"WAGON","HYNDAI","Station Wagon","F",53,"50-59","Drivers"
"T20190018374","20/9/19",06:15:00,"Collision with a fixed object","Friday","Day",1,1,"Not at intersection",3,60,"A",2008,"WAGON","B M W","Station Wagon","M",56,"50-59","Drivers"
"T20190018380","20/9/19",23:00:00,"Struck Pedestrian","Friday","Dark Street lights on",1,2,"Not at intersection",3,60,"A",2014,"SEDAN","NISSAN","Car","M",20,"17-21","Drivers"
"T20190018382","21/9/19",02:55:00,"Collision with a fixed object","Saturday","Dark Street lights on",1,1,"T intersection",3,80,"A",2000,"SEDAN","VOLVO","Car","M",53,"50-59","Drivers"
"T20190018383","21/9/19",04:12:00,"Collision with a fixed object","Saturday","Dark Street lights on",1,1,"Not at intersection",3,60,"A",2009,"SEDAN","SUBARU","Car","M",54,"50-59","Drivers"
"T20190018384","21/9/19",01:19:00,"Collision with a fixed object","Saturday","Dark No street lights",2,5,"Not at intersection",3,100,"A",1990,"COUPE","NISSAN","Car","M",19,"17-21","Drivers"
"T20190018384","21/9/19",01:19:00,"Collision with a fixed object","Saturday","Dark No street lights",2,5,"Not at intersection",3,100,"B",2010,"SEDAN","CHRYS","Car","M",22,"22-25","Drivers"
"T20190018388","20/9/19",08:30:00,"Collision with vehicle","Friday","Day",2,3,"Not at intersection",3,60,"A",2014,"SEDAN","SUZUKI","Car","F",28,"26-29","Drivers"
"T20190018388","20/9/19",08:30:00,"Collision with vehicle","Friday","Day",2,3,"Not at intersection",3,60,"B",2019,"WAGON","TOYOTA","Station Wagon","F",54,"50-59","Drivers"
"T20190018389","15/8/19",08:50:00,"Collision with vehicle","Thursday","Day",2,5,"Not at intersection",3,100,"A",2007,"WAGON","HONDA","Station Wagon","F",49,"40-49","Drivers"
"T20190018389","15/8/19",08:50:00,"Collision with vehicle","Thursday","Day",2,5,"Not at intersection",3,100,"B",2008,"S WAG","TOYOTA","Station Wagon","F",42,"40-49","Drivers"
"T20190018390","21/3/19",15:45:00,"Collision with vehicle","Thursday","Unknown",2,1,"Y intersection",3,50,"A",2015,"SEDAN","TOYOTA","Car","F",38,"30-39","Drivers"
"T20190018392","20/9/19",07:15:00,"Collision with a fixed object","Friday","Day",2,2,"Cross intersection",3,80,"B",0,"SEDAN","UNKN","Car","U",NA,"unknown","Drivers"
"T20190018393","7/9/19",15:00:00,"Collision with vehicle","Saturday","Day",2,2,"Not at intersection",3,40,"A",2014,"WAGON","SUBARU","Station Wagon","F",41,"40-49","Drivers"
"T20190018393","7/9/19",15:00:00,"Collision with vehicle","Saturday","Day",2,2,"Not at intersection",3,40,"B",2016,"SEDAN","B M W","Car","F",68,"64-69","Drivers"
"T20190018394","20/9/19",09:47:00,"Struck Pedestrian","Friday","Day",1,2,"Not at intersection",3,60,"A",2018,"BUS","SCANIA","Bus/Coach","M",52,"50-59","Drivers"
"T20190018398","21/9/19",10:51:00,"Collision with vehicle","Saturday","Unknown",2,2,"Multiple intersection",3,80,"A",2019,"WAGON","HONDA","Station Wagon","F",44,"40-49","Drivers"
"T20190018398","21/9/19",10:51:00,"Collision with vehicle","Saturday","Unknown",2,2,"Multiple intersection",3,80,"B",1999,"SEDAN","MAZDA","Car","M",79,"70+","Drivers"
"T20190018399","1/9/19",11:15:00,"Collision with vehicle","Sunday","Day",2,2,"T intersection",3,60,"A",2009,"SEDAN","MAZDA","Car","M",51,"50-59","Drivers"
"T20190018399","1/9/19",11:15:00,"Collision with vehicle","Sunday","Day",2,2,"T intersection",3,60,"B",2005,"SEDAN","SUBARU","Car","F",18,"17-21","Drivers"
"T20190018400","21/9/19",11:00:00,"Collision with vehicle","Saturday","Day",2,4,"Not at intersection",3,70,"A",2014,"WAGON","FORD","Station Wagon","M",51,"50-59","Drivers"
"T20190018400","21/9/19",11:00:00,"Collision with vehicle","Saturday","Day",2,4,"Not at intersection",3,70,"B",1998,"SEDAN","HOLDEN","Car","F",17,"16-17","Drivers"
"T20190018401","20/4/19",16:00:00,"Collision with vehicle","Saturday","Dusk/Dawn",2,3,"T intersection",3,40,"A",1998,"COUPE","B M W","Car","F",64,"60-64","Drivers"
"T20190018402","20/9/19",13:30:00,"Collision with vehicle","Friday","Day",2,2,"Not at intersection",3,50,"A",2016,"SEDAN","MAZDA","Car","M",21,"17-21","Drivers"
"T20190018402","20/9/19",13:30:00,"Collision with vehicle","Friday","Day",2,2,"Not at intersection",3,50,"B",2018,"TRAY","ISUZU","Light Commercial Vehicle (Rigid) <= 4.5 Tonnes GVM","M",25,"22-25","Drivers"
"T20190018405","21/9/19",09:00:00,"Collision with vehicle","Saturday","Day",2,2,"Not at intersection",3,60,"A",2012,"SEDAN","TOYOTA","Car","F",47,"40-49","Drivers"
"T20190018405","21/9/19",09:00:00,"Collision with vehicle","Saturday","Day",2,2,"Not at intersection",3,60,"B",2014,"WAGON","L ROV","Station Wagon","F",32,"30-39","Drivers"
"T20190018406","21/9/19",06:54:00,"Collision with vehicle","Saturday","Day",2,2,"Cross intersection",3,60,"B",2018,"SEDAN","VOLKS","Car","F",21,"17-21","Drivers"
"T20190018409","9/9/19",08:33:00,"Collision with vehicle","Monday","Day",4,4,"Not at intersection",3,60,"A",2016,"SEDAN","HYNDAI","Car","F",22,"22-25","Drivers"
"T20190018409","9/9/19",08:33:00,"Collision with vehicle","Monday","Day",4,4,"Not at intersection",3,60,"B",2009,"SEDAN","HONDA","Car","M",23,"22-25","Drivers"
"T20190018409","9/9/19",08:33:00,"Collision with vehicle","Monday","Day",4,4,"Not at intersection",3,60,"C",2007,"SEDAN","HOLDEN","Car","F",41,"40-49","Drivers"
"T20190018409","9/9/19",08:33:00,"Collision with vehicle","Monday","Day",4,4,"Not at intersection",3,60,"D",2015,"SEDAN","HOLDEN","Car","F",24,"22-25","Drivers"
"T20190018411","21/9/19",12:30:00,"Collision with vehicle","Saturday","Day",2,2,"Cross intersection",3,70,"A",2009,"SEDAN","TOYOTA","Car","M",34,"30-39","Drivers"
"T20190018411","21/9/19",12:30:00,"Collision with vehicle","Saturday","Day",2,2,"Cross intersection",3,70,"B",2004,"WAGON","TOYOTA","Station Wagon","F",35,"30-39","Drivers"
"T20190018414","21/9/19",13:20:00,"Collision with vehicle","Saturday","Day",3,6,"T intersection",3,80,"A",2015,"SEDAN","FORD","Car","F",19,"17-21","Drivers"
"T20190018414","21/9/19",13:20:00,"Collision with vehicle","Saturday","Day",3,6,"T intersection",3,80,"B",2008,"SEDAN","CITRN","Car","M",45,"40-49","Drivers"
"T20190018414","21/9/19",13:20:00,"Collision with vehicle","Saturday","Day",3,6,"T intersection",3,80,"C",2010,"DC UTE","TOYOTA","Utility","F",18,"17-21","Drivers"
"T20190018419","20/9/19",16:30:00,"Collision with vehicle","Friday","Day",2,2,"Not at intersection",3,110,"A",2002,"SEDAN","HOLDEN","Car","M",57,"50-59","Drivers"
"T20190018423","16/9/19",15:35:00,"Collision with vehicle","Monday","Day",3,4,"Not at intersection",3,100,"A",2015,"WAGON","HONDA","Station Wagon","F",37,"30-39","Drivers"
"T20190018423","16/9/19",15:35:00,"Collision with vehicle","Monday","Day",3,4,"Not at intersection",3,100,"B",2013,"UTIL","FORD","Utility","M",58,"50-59","Drivers"
"T20190018423","16/9/19",15:35:00,"Collision with vehicle","Monday","Day",3,4,"Not at intersection",3,100,"C",2010,"SEDAN","HOLDEN","Car","F",44,"40-49","Drivers"
"T20190018424","21/9/19",13:00:00,"Collision with vehicle","Saturday","Day",2,2,"Cross intersection",3,80,"B",2016,"WAGON","TOYOTA","Station Wagon","M",33,"30-39","Drivers"
"T20190018426","21/9/19",17:00:00,"Collision with vehicle","Saturday","Day",5,6,"Not at intersection",3,70,"A",2015,"WAGON","TOYOTA","Taxi","M",24,"22-25","Drivers"
"T20190018426","21/9/19",17:00:00,"Collision with vehicle","Saturday","Day",5,6,"Not at intersection",3,70,"B",2007,"SEDAN","NISSAN","Car","F",37,"30-39","Drivers"
"T20190018426","21/9/19",17:00:00,"Collision with vehicle","Saturday","Day",5,6,"Not at intersection",3,70,"C",2015,"WAGON","HONDA","Station Wagon","F",34,"30-39","Drivers"
"T20190018426","21/9/19",17:00:00,"Collision with vehicle","Saturday","Day",5,6,"Not at intersection",3,70,"D",1997,"WAGON","JEEP","Station Wagon","F",53,"50-59","Drivers"
"T20190018426","21/9/19",17:00:00,"Collision with vehicle","Saturday","Day",5,6,"Not at intersection",3,70,"E",2002,"SEDAN","VOLKS","Car","M",28,"26-29","Drivers"
"T20190018428","21/9/19",17:25:00,"Collision with vehicle","Saturday","Dusk/Dawn",2,2,"Y intersection",3,60,"A",2006,"SEDAN","HONDA","Car","F",31,"30-39","Drivers"
"T20190018428","21/9/19",17:25:00,"Collision with vehicle","Saturday","Dusk/Dawn",2,2,"Y intersection",3,60,"B",2009,"BUS","SCANIA","Bus/Coach","M",34,"30-39","Drivers"
"T20190018429","21/9/19",18:07:00,"Collision with a fixed object","Saturday","Dusk/Dawn",1,3,"Not at intersection",3,60,"A",2002,"WAGON","NISSAN","Station Wagon","F",32,"30-39","Drivers"
"T20190018431","18/9/19",16:50:00,"Collision with vehicle","Wednesday","Unknown",2,3,"Not at intersection",3,999,"A",2008,"SEDAN","HOLDEN","Car","F",20,"17-21","Drivers"
"T20190018431","18/9/19",16:50:00,"Collision with vehicle","Wednesday","Unknown",2,3,"Not at intersection",3,999,"B",2007,"T SDS","TOYOTA","Utility","M",29,"26-29","Drivers"
"T20190018432","21/9/19",18:16:00,"Collision with vehicle","Saturday","Dark Street lights on",2,6,"Cross intersection",2,60,"A",2015,"SEDAN","MITSUB","Car","M",85,"70+","Drivers"
"T20190018432","21/9/19",18:16:00,"Collision with vehicle","Saturday","Dark Street lights on",2,6,"Cross intersection",2,60,"B",2019,"WAGON","MITSUB","Station Wagon","M",39,"30-39","Drivers"
"T20190018436","21/9/19",18:32:00,"Collision with vehicle","Saturday","Dark Street lights on",2,3,"Cross intersection",3,60,"A",2004,"SEDAN","HOLDEN","Car","F",39,"30-39","Drivers"
"T20190018436","21/9/19",18:32:00,"Collision with vehicle","Saturday","Dark Street lights on",2,3,"Cross intersection",3,60,"B",2010,"SEDAN","MAZDA","Car","F",24,"22-25","Drivers"
"T20190018438","21/9/19",17:45:00,"Collision with vehicle","Saturday","Dark Street lights on",2,2,"T intersection",3,60,"A",2002,"SEDAN","HOLDEN","Car","M",23,"22-25","Drivers"
"T20190018438","21/9/19",17:45:00,"Collision with vehicle","Saturday","Dark Street lights on",2,2,"T intersection",3,60,"B",2014,"SEDAN","MITSUB","Car","F",19,"17-21","Drivers"
"T20190018439","19/6/19",10:57:00,"Collision with vehicle","Wednesday","Day",2,2,"Not at intersection",3,70,"A",2006,"S WAG","HOLDEN","Station Wagon","M",64,"60-64","Drivers"
"T20190018439","19/6/19",10:57:00,"Collision with vehicle","Wednesday","Day",2,2,"Not at intersection",3,70,"B",2012,"WAGON","LEXUS","Car","F",55,"50-59","Drivers"
"T20190018441","21/9/19",21:45:00,"Struck Pedestrian","Saturday","Dark Street lights on",1,3,"Not at intersection",3,50,"A",2019,"UTIL","HOLDEN","Utility","U",NA,"unknown","Drivers"
"T20190018442","21/9/19",20:45:00,"Collision with a fixed object","Saturday","Dark Street lights on",1,1,"T intersection",3,80,"A",2011,"SEDAN","LEXUS","Car","F",19,"17-21","Drivers"
"T20190018443","21/9/19",23:20:00,"Collision with a fixed object","Saturday","Dark Street lights on",1,2,"T intersection",3,80,"A",2004,"SEDAN","SUBARU","Car","M",18,"17-21","Drivers"
"T20190018445","21/9/19",21:55:00,"Collision with a fixed object","Saturday","Dark No street lights",1,2,"Not at intersection",1,100,"A",1996,"TRAY","TOYOTA","Utility","M",18,"17-21","Drivers"
"T20190018447","21/9/19",23:52:00,"Collision with vehicle","Saturday","Dark Street lights on",3,5,"T intersection",3,80,"A",2006,"WAGON","TOYOTA","Station Wagon","U",NA,"unknown","Drivers"
"T20190018447","21/9/19",23:52:00,"Collision with vehicle","Saturday","Dark Street lights on",3,5,"T intersection",3,80,"B",1999,"SEDAN","HOLDEN","Car","M",58,"50-59","Drivers"
"T20190018447","21/9/19",23:52:00,"Collision with vehicle","Saturday","Dark Street lights on",3,5,"T intersection",3,80,"C",2007,"UTIL","HOLDEN","Utility","M",23,"22-25","Drivers"
"T20190018450","22/9/19",02:40:00,"Collision with a fixed object","Sunday","Dark Street lights on",1,1,"T intersection",3,60,"A",2002,"SEDAN","HOLDEN","Car","M",35,"30-39","Drivers"
"T20190018452","22/9/19",04:15:00,"Collision with vehicle","Sunday","Dark Street lights on",2,2,"Not at intersection",3,40,"A",2018,"SEDAN","TOYOTA","Car","M",24,"22-25","Drivers"
"T20190018452","22/9/19",04:15:00,"Collision with vehicle","Sunday","Dark Street lights on",2,2,"Not at intersection",3,40,"B",2007,"WAGON","FORD","Station Wagon","U",NA,"unknown","Drivers"
"T20190018454","22/9/19",01:00:00,"Vehicle overturned (no collision)","Sunday","Dark No street lights",1,1,"Not at intersection",3,100,"A",2017,"WAGON","HYNDAI","Station Wagon","F",36,"30-39","Drivers"
"T20190018459","22/9/19",03:30:00,"Collision with a fixed object","Sunday","Dark Street lights on",1,1,"T intersection",3,40,"A",2003,"DC UTE","HOLDEN","Utility","M",31,"30-39","Drivers"
"T20190018461","21/9/19",13:00:00,"Collision with vehicle","Saturday","Day",2,2,"Cross intersection",3,60,"A",2019,"WAGON","SUBARU","Station Wagon","F",44,"40-49","Drivers"
"T20190018461","21/9/19",13:00:00,"Collision with vehicle","Saturday","Day",2,2,"Cross intersection",3,60,"B",2013,"WAGON","MAZDA","Station Wagon","F",26,"26-29","Drivers"
"T20190018463","3/9/19",08:15:00,"Collision with vehicle","Tuesday","Day",2,2,"Multiple intersection",3,80,"A",2015,"SEDAN","NISSAN","Car","M",29,"26-29","Drivers"
"T20190018463","3/9/19",08:15:00,"Collision with vehicle","Tuesday","Day",2,2,"Multiple intersection",3,80,"B",2016,"DC UTE","ISUZU","Utility","M",29,"26-29","Drivers"
"T20190018465","21/9/19",14:10:00,"collision with some other object","Saturday","Day",1,3,"Cross intersection",3,40,"A",2007,"SEDAN","B M W","Car","F",22,"22-25","Drivers"
"T20190018466","22/9/19",08:15:00,"Collision with vehicle","Sunday","Day",2,2,"Cross intersection",3,50,"A",2010,"SEDAN","FORD","Car","F",22,"22-25","Drivers"
"T20190018466","22/9/19",08:15:00,"Collision with vehicle","Sunday","Day",2,2,"Cross intersection",3,50,"B",2019,"VAN","HINO","Car","M",30,"30-39","Drivers"
"T20190018472","11/9/19",08:30:00,"Collision with vehicle","Wednesday","Day",2,2,"Not at intersection",3,60,"A",2010,"WAGON","B M W","Station Wagon","M",30,"30-39","Drivers"
"T20190018472","11/9/19",08:30:00,"Collision with vehicle","Wednesday","Day",2,2,"Not at intersection",3,60,"B",2007,"WAGON","NISSAN","Station Wagon","M",48,"40-49","Drivers"
"T20190018473","22/9/19",12:30:00,"Collision with vehicle","Sunday","Day",2,2,"T intersection",3,80,"A",2001,"WAGON","MERC B","Station Wagon","M",68,"64-69","Drivers"
"T20190018473","22/9/19",12:30:00,"Collision with vehicle","Sunday","Day",2,2,"T intersection",3,80,"B",1999,"SEDAN","NISSAN","Car","M",47,"40-49","Drivers"
"T20190018475","22/9/19",12:40:00,"Struck Pedestrian","Sunday","Day",1,2,"T intersection",3,50,"A",2004,"SEDAN","TOYOTA","Car","M",47,"40-49","Drivers"
"T20190018476","22/9/19",12:00:00,"Vehicle overturned (no collision)","Sunday","Day",1,1,"T intersection",3,80,"A",1996,"SEDAN","HOLDEN","Car","M",19,"17-21","Drivers"
"T20190018478","22/9/19",10:00:00,"Collision with a fixed object","Sunday","Day",1,1,"T intersection",3,100,"A",2010,"WAGON","HOLDEN","Station Wagon","F",54,"50-59","Drivers"
"T20190018481","22/9/19",11:30:00,"Collision with vehicle","Sunday","Day",3,3,"T intersection",3,100,"A",2017,"WAGON","TOYOTA","Station Wagon","F",45,"40-49","Drivers"
"T20190018481","22/9/19",11:30:00,"Collision with vehicle","Sunday","Day",3,3,"T intersection",3,100,"B",2017,"WAGON","HOLDEN","Station Wagon","F",34,"30-39","Drivers"
"T20190018481","22/9/19",11:30:00,"Collision with vehicle","Sunday","Day",3,3,"T intersection",3,100,"C",2015,"UTIL","ISUZU","Utility","M",70,"70+","Drivers"
"T20190018482","22/9/19",13:14:00,"Collision with vehicle","Sunday","Day",4,4,"Multiple intersection",3,80,"A",2017,"SEDAN","TOYOTA","Car","F",23,"22-25","Drivers"
"T20190018482","22/9/19",13:14:00,"Collision with vehicle","Sunday","Day",4,4,"Multiple intersection",3,80,"B",2019,"WAGON","FORD","Station Wagon","M",57,"50-59","Drivers"
"T20190018482","22/9/19",13:14:00,"Collision with vehicle","Sunday","Day",4,4,"Multiple intersection",3,80,"C",2014,"SEDAN","FORD","Car","M",21,"17-21","Drivers"
"T20190018482","22/9/19",13:14:00,"Collision with vehicle","Sunday","Day",4,4,"Multiple intersection",3,80,"D",2015,"SEDAN","HOLDEN","Car","M",20,"17-21","Drivers"
"T20190018483","21/9/19",20:10:00,"Collision with vehicle","Saturday","Dark No street lights",2,2,"Not at intersection",3,100,"A",2004,"COUPE","HONDA","Car","M",71,"70+","Drivers"
"T20190018483","21/9/19",20:10:00,"Collision with vehicle","Saturday","Dark No street lights",2,2,"Not at intersection",3,100,"B",2012,"UTIL","FORD","Utility","M",32,"30-39","Drivers"
"T20190018487","22/9/19",14:08:00,"Collision with vehicle","Sunday","Day",2,5,"Cross intersection",3,50,"A",2013,"SEDAN","TOYOTA","Car","F",50,"50-59","Drivers"
"T20190018487","22/9/19",14:08:00,"Collision with vehicle","Sunday","Day",2,5,"Cross intersection",3,50,"B",2011,"WAGON","TOYOTA","Station Wagon","M",46,"40-49","Drivers"
"T20190018488","22/9/19",11:20:00,"Collision with a fixed object","Sunday","Day",1,1,"Not at intersection",3,50,"A",2008,"TOURER","B M W","Car","M",28,"26-29","Drivers"
"T20190018490","22/9/19",13:17:00,"Collision with vehicle","Sunday","Day",2,2,"Not at intersection",2,999,"A",2011,"WAGON","NISSAN","Station Wagon","F",42,"40-49","Drivers"
"T20190018492","20/9/19",19:57:00,"Collision with vehicle","Friday","Dark Street lights on",2,5,"Cross intersection",3,60,"A",2015,"WAGON","HOLDEN","Station Wagon","F",27,"26-29","Drivers"
"T20190018492","20/9/19",19:57:00,"Collision with vehicle","Friday","Dark Street lights on",2,5,"Cross intersection",3,60,"B",2012,"SEDAN","FORD","Car","M",38,"30-39","Drivers"
"T20190018494","22/9/19",10:50:00,"Collision with vehicle","Sunday","Day",2,2,"Not at intersection",3,40,"A",2008,"COUPE","TOYOTA","Car","F",27,"26-29","Drivers"
"T20190018495","22/9/19",12:58:00,"Collision with vehicle","Sunday","Day",3,3,"Not at intersection",3,50,"A",2012,"SEDAN","MERC B","Car","M",74,"70+","Drivers"
"T20190018495","22/9/19",12:58:00,"Collision with vehicle","Sunday","Day",3,3,"Not at intersection",3,50,"B",2012,"WAGON","HYNDAI","Station Wagon","M",28,"26-29","Drivers"
"T20190018495","22/9/19",12:58:00,"Collision with vehicle","Sunday","Day",3,3,"Not at intersection",3,50,"C",2007,"SOLO","SUZUKI","Other Vehicle","M",19,"17-21","Drivers"
"T20190018496","17/8/19",06:50:00,"Collision with vehicle","Saturday","Day",2,2,"Multiple intersection",3,70,"A",2013,"SEDAN","TOYOTA","Car","F",45,"40-49","Drivers"
"T20190018496","17/8/19",06:50:00,"Collision with vehicle","Saturday","Day",2,2,"Multiple intersection",3,70,"B",2002,"SEDAN","TOYOTA","Car","F",41,"40-49","Drivers"
"T20190018497","22/9/19",11:55:00,"Collision with a fixed object","Sunday","Day",1,1,"Not at intersection",3,30,"A",2002,"SEDAN","PEUG","Car","F",87,"70+","Drivers"
"T20190018499","22/9/19",12:15:00,"Collision with a fixed object","Sunday","Day",1,2,"Not at intersection",1,100,"A",2003,"SED","HOLDEN","Car","M",18,"17-21","Drivers"
"T20190018500","22/9/19",16:04:00,"Collision with a fixed object","Sunday","Day",1,1,"T intersection",3,50,"A",2002,"SEDAN","LEXUS","Car","M",31,"30-39","Drivers"
"T20190018502","30/7/19",21:30:00,"Collision with vehicle","Tuesday","Dark Street lights on",2,3,"Not at intersection",3,80,"A",2013,"WAGON","AUDI","Station Wagon","F",23,"22-25","Drivers"
"T20190018502","30/7/19",21:30:00,"Collision with vehicle","Tuesday","Dark Street lights on",2,3,"Not at intersection",3,80,"B",2010,"SEDAN","AUDI","Car","U",NA,"unknown","Drivers"
"T20190018504","22/9/19",13:30:00,"Vehicle overturned (no collision)","Sunday","Day",1,1,"Not at intersection",3,999,"A",2000,"WAGON","NISSAN","Station Wagon","M",38,"30-39","Drivers"
"T20190018505","22/9/19",16:40:00,"Collision with a fixed object","Sunday","Day",1,1,"Not at intersection",3,80,"A",1992,"S WAG","NISSAN","Station Wagon","F",21,"17-21","Drivers"
"T20190018510","22/9/19",20:43:00,"Collision with vehicle","Sunday","Unknown",2,2,"T intersection",3,60,"A",2012,"SEDAN","MAZDA","Car","F",30,"30-39","Drivers"
"T20190018510","22/9/19",20:43:00,"Collision with vehicle","Sunday","Unknown",2,2,"T intersection",3,60,"B",2018,"DC UTE","ISUZU","Utility","M",20,"17-21","Drivers"
"T20190018511","22/9/19",20:44:00,"Collision with vehicle","Sunday","Dark Street lights on",2,2,"Cross intersection",3,60,"A",2012,"SEDAN","B M W","Car","F",25,"22-25","Drivers"
"T20190018511","22/9/19",20:44:00,"Collision with vehicle","Sunday","Dark Street lights on",2,2,"Cross intersection",3,60,"B",2017,"SEDAN","HONDA","Car","F",24,"22-25","Drivers"
"T20190018513","22/9/19",15:52:00,"Collision with vehicle","Sunday","Day",2,5,"T intersection",3,100,"A",2016,"WAGON","HONDA","Station Wagon","M",64,"60-64","Drivers"
"T20190018513","22/9/19",15:52:00,"Collision with vehicle","Sunday","Day",2,5,"T intersection",3,100,"B",2002,"S WAG","TOYOTA","Station Wagon","F",18,"17-21","Drivers"
"T20190018516","22/9/19",13:15:00,"Collision with a fixed object","Sunday","Day",1,1,"Not at intersection",3,60,"A",2015,"SEDAN","AUDI","Car","M",52,"50-59","Drivers"
"T20190018519","22/9/19",19:10:00,"Collision with vehicle","Sunday","Dark Street lights on",2,2,"Not at intersection",3,50,"A",2007,"SED","KIA","Car","F",23,"22-25","Drivers"
"T20190018520","22/9/19",23:25:00,"Collision with vehicle","Sunday","Dark Street lights on",3,3,"Not at intersection",3,60,"A",2003,"SEDAN","MAZDA","Car","U",NA,"unknown","Drivers"
"T20190018521","23/9/19",01:50:00,"Collision with a fixed object","Monday","Dark Street lights on",1,2,"T intersection",3,60,"A",2012,"SEDAN","HOLDEN","Car","M",31,"30-39","Drivers"
"T20190018526","11/8/19",10:40:00,"Collision with vehicle","Sunday","Day",2,3,"Not at intersection",3,60,"A",2008,"SEDAN","TOYOTA","Car","F",28,"26-29","Drivers"
"T20190018526","11/8/19",10:40:00,"Collision with vehicle","Sunday","Day",2,3,"Not at intersection",3,60,"B",2002,"SEDAN","MITSUB","Car","F",20,"17-21","Drivers"
"T20190018528","23/9/19",07:00:00,"Collision with vehicle","Monday","Day",3,3,"Cross intersection",3,80,"A",2015,"DC UTE","VOLKS","Utility","M",53,"50-59","Drivers"
"T20190018528","23/9/19",07:00:00,"Collision with vehicle","Monday","Day",3,3,"Cross intersection",3,80,"B",2003,"DC UTE","NISSAN","Utility","M",25,"22-25","Drivers"
"T20190018528","23/9/19",07:00:00,"Collision with vehicle","Monday","Day",3,3,"Cross intersection",3,80,"C",2018,"T SDS","FORD","Light Commercial Vehicle (Rigid) <= 4.5 Tonnes GVM","M",23,"22-25","Drivers"
"T20190018531","23/9/19",08:45:00,"Collision with vehicle","Monday","Day",2,2,"Not at intersection",3,60,"A",2005,"SEDAN","HYNDAI","Car","F",26,"26-29","Drivers"
"T20190018536","27/8/19",17:00:00,"Collision with vehicle","Tuesday","Day",2,2,"Cross intersection",3,60,"A",2013,"SEDAN","TOYOTA","Car","M",27,"26-29","Drivers"
"T20190018537","23/9/19",10:28:00,"Collision with vehicle","Monday","Day",2,2,"Cross intersection",3,50,"A",2012,"SEDAN","SUZUKI","Car","F",78,"70+","Drivers"
"T20190018537","23/9/19",10:28:00,"Collision with vehicle","Monday","Day",2,2,"Cross intersection",3,50,"B",2012,"UTIL","NISSAN","Utility","M",25,"22-25","Drivers"
"T20190018538","13/9/19",16:15:00,"Collision with vehicle","Friday","Day",2,2,"T intersection",3,80,"A",1998,"SEDAN","HYNDAI","Car","M",54,"50-59","Drivers"
"T20190018538","13/9/19",16:15:00,"Collision with vehicle","Friday","Day",2,2,"T intersection",3,80,"B",2017,"SED","HOLDEN","Car","M",45,"40-49","Drivers"
"T20190018539","21/9/19",19:43:00,"Vehicle overturned (no collision)","Saturday","Dark No street lights",1,2,"Not at intersection",3,100,"A",1992,"WAGON","TOYOTA","Station Wagon","M",63,"60-64","Drivers"
"T20190018540","23/9/19",09:00:00,"Collision with vehicle","Monday","Day",2,2,"T intersection",3,80,"A",2007,"SEDAN","FORD","Car","M",23,"22-25","Drivers"
"T20190018540","23/9/19",09:00:00,"Collision with vehicle","Monday","Day",2,2,"T intersection",3,80,"B",2016,"WAGON","B M W","Station Wagon","F",36,"30-39","Drivers"
"T20190018543","23/9/19",11:15:00,"Struck Pedestrian","Monday","Day",1,2,"Not at intersection",3,40,"A",2015,"SEDAN","LEXUS","Car","M",78,"70+","Drivers"
"T20190018545","23/9/19",10:35:00,"Collision with vehicle","Monday","Day",2,3,"Cross intersection",3,60,"A",2007,"SEDAN","TOYOTA","Car","F",36,"30-39","Drivers"
"T20190018545","23/9/19",10:35:00,"Collision with vehicle","Monday","Day",2,3,"Cross intersection",3,60,"B",2012,"WAGON","SUBARU","Station Wagon","F",80,"70+","Drivers"
"T20190018547","23/9/19",06:50:00,"Collision with vehicle","Monday","Dusk/Dawn",2,2,"T intersection",3,70,"A",2018,"COUPE","SUBARU","Car","M",53,"50-59","Drivers"
"T20190018547","23/9/19",06:50:00,"Collision with vehicle","Monday","Dusk/Dawn",2,2,"T intersection",3,70,"B",2018,"C CHAS","SCANIA","Light Commercial Vehicle (Rigid) <= 4.5 Tonnes GVM","M",22,"22-25","Drivers"
"T20190018550","22/9/19",13:30:00,"Fall from or in moving vehicle","Sunday","Day",1,2,"Not at intersection",3,60,"A",0,"BUS","UNKN","Bus/Coach","U",NA,"unknown","Drivers"