"ACCIDENT_NO","ACCIDENTDATE","ACCIDENTTIME","Accident Type Desc","Day Week Description","Light Condition Desc","NO_OF_VEHICLES","NO_PERSONS","Road Geometry Desc","SEVERITY","SPEED_ZONE","VEHICLE_ID","VEHICLE_YEAR_MANUF","VEHICLE_BODY_STYLE","VEHICLE_MAKE","Vehicle Type Desc","SEX","AGE","Age Group","Road User Type Desc"
"T20190018551","29/6/19",18:49:00,"Collision with vehicle","Saturday","Dark Street lights unknown",2,2,"Not at intersection",3,60,"A",2008,"SEDAN","FORD","Car","M",44,"40-49","Drivers"
"T20190018551","29/6/19",18:49:00,"Collision with vehicle","Saturday","Dark Street lights unknown",2,2,"Not at intersection",3,60,"B",2018,"COUPE","FORD","Car","M",34,"30-39","Drivers"
"T20190018554","23/9/19",12:00:00,"Struck Pedestrian","Monday","Day",1,2,"T intersection",3,999,"A",1994,"S WAG","MITSUB","Station Wagon","F",29,"26-29","Drivers"
"T20190018555","23/9/19",08:00:00,"Struck Pedestrian","Monday","Day",1,2,"Cross intersection",2,50,"A",2004,"SEDAN","TOYOTA","Car","M",24,"22-25","Drivers"
"T20190018556","23/9/19",09:30:00,"Struck Pedestrian","Monday","Day",1,2,"Cross intersection",3,60,"A",2014,"WAGON","HOLDEN","Station Wagon","M",29,"26-29","Drivers"
"T20190018561","21/9/19",11:50:00,"Struck Pedestrian","Saturday","Day",1,2,"T intersection",3,999,"A",2016,"SEDAN","SKODA","Car","M",72,"70+","Drivers"
"T20190018562","23/9/19",05:45:00,"Collision with vehicle","Monday","Dusk/Dawn",2,2,"Not at intersection",3,40,"A",2006,"SEDAN","HYNDAI","Car","M",47,"40-49","Drivers"
"T20190018562","23/9/19",05:45:00,"Collision with vehicle","Monday","Dusk/Dawn",2,2,"Not at intersection",3,40,"B",2005,"SEDAN","MITSUB","Car","M",37,"30-39","Drivers"
"T20190018563","23/9/19",15:14:00,"Collision with vehicle","Monday","Day",4,4,"Not at intersection",3,60,"A",2013,"SEDAN","TOYOTA","Car","F",78,"70+","Drivers"
"T20190018563","23/9/19",15:14:00,"Collision with vehicle","Monday","Day",4,4,"Not at intersection",3,60,"B",2013,"SEDAN","TOYOTA","Car","M",24,"22-25","Drivers"
"T20190018563","23/9/19",15:14:00,"Collision with vehicle","Monday","Day",4,4,"Not at intersection",3,60,"C",2011,"SED","HYNDAI","Car","F",59,"50-59","Drivers"
"T20190018563","23/9/19",15:14:00,"Collision with vehicle","Monday","Day",4,4,"Not at intersection",3,60,"D",2010,"WAGON","NISSAN","Station Wagon","F",41,"40-49","Drivers"
"T20190018564","23/9/19",14:35:00,"Collision with vehicle","Monday","Day",2,2,"Not at intersection",3,60,"A",2012,"SEDAN","HOLDEN","Car","F",29,"26-29","Drivers"
"T20190018564","23/9/19",14:35:00,"Collision with vehicle","Monday","Day",2,2,"Not at intersection",3,60,"B",2014,"SEDAN","TOYOTA","Car","M",61,"60-64","Drivers"
"T20190018566","23/9/19",15:10:00,"Collision with vehicle","Monday","Day",3,3,"T intersection",3,60,"A",2019,"SEDAN","TOYOTA","Taxi","M",48,"40-49","Drivers"
"T20190018566","23/9/19",15:10:00,"Collision with vehicle","Monday","Day",3,3,"T intersection",3,60,"B",2008,"COUPE","FORD","Car","M",48,"40-49","Drivers"
"T20190018566","23/9/19",15:10:00,"Collision with vehicle","Monday","Day",3,3,"T intersection",3,60,"C",2010,"WAGON","TOYOTA","Station Wagon","M",77,"70+","Drivers"
"T20190018569","23/9/19",13:00:00,"Collision with a fixed object","Monday","Day",1,1,"Not at intersection",3,50,"A",2000,"SEDAN","FORD","Car","M",17,"16-17","Drivers"
"T20190018574","19/9/19",09:30:00,"Collision with vehicle","Thursday","Day",2,2,"Cross intersection",3,40,"B",2018,"WAGON","SKODA","Station Wagon","M",42,"40-49","Drivers"
"T20190018575","23/9/19",16:38:00,"Collision with vehicle","Monday","Day",3,3,"Not at intersection",3,60,"A",2015,"SEDAN","MAZDA","Car","F",34,"30-39","Drivers"
"T20190018575","23/9/19",16:38:00,"Collision with vehicle","Monday","Day",3,3,"Not at intersection",3,60,"B",2004,"WAGON","MERC B","Station Wagon","M",64,"60-64","Drivers"
"T20190018575","23/9/19",16:38:00,"Collision with vehicle","Monday","Day",3,3,"Not at intersection",3,60,"C",2004,"UTIL","HOLDEN","Utility","M",57,"50-59","Drivers"
"T20190018576","23/9/19",17:26:00,"Collision with a fixed object","Monday","Day",1,1,"Cross intersection",3,50,"A",2004,"SEDAN","MITSUB","Car","M",23,"22-25","Drivers"
"T20190018577","23/9/19",17:05:00,"Collision with vehicle","Monday","Dusk/Dawn",2,2,"Not at intersection",3,100,"A",2019,"SEDAN","TOYOTA","Car","M",42,"40-49","Drivers"
"T20190018577","23/9/19",17:05:00,"Collision with vehicle","Monday","Dusk/Dawn",2,2,"Not at intersection",3,100,"B",2016,"WAGON","R ROV","Station Wagon","M",51,"50-59","Drivers"
"T20190018579","23/9/19",17:46:00,"Collision with a fixed object","Monday","Day",2,2,"Not at intersection",3,60,"A",2001,"SEDAN","TOYOTA","Car","M",29,"26-29","Drivers"
"T20190018580","23/9/19",15:50:00,"Collision with vehicle","Monday","Day",2,4,"T intersection",3,60,"A",1999,"SEDAN","NISSAN","Car","M",67,"64-69","Drivers"
"T20190018580","23/9/19",15:50:00,"Collision with vehicle","Monday","Day",2,4,"T intersection",3,60,"B",2010,"SEDAN","TOYOTA","Car","F",23,"22-25","Drivers"
"T20190018583","23/9/19",17:17:00,"Collision with a fixed object","Monday","Day",1,2,"Not at intersection",3,50,"A",2001,"SEDAN","DAEWOO","Car","M",15,"13-15","Drivers"
"T20190018585","23/9/19",18:40:00,"Collision with vehicle","Monday","Dark Street lights on",2,2,"T intersection",3,70,"A",2012,"WAGON","HYNDAI","Station Wagon","M",59,"50-59","Drivers"
"T20190018585","23/9/19",18:40:00,"Collision with vehicle","Monday","Dark Street lights on",2,2,"T intersection",3,70,"B",2011,"WAGON","TOYOTA","Station Wagon","M",43,"40-49","Drivers"
"T20190018590","12/9/19",10:00:00,"Collision with vehicle","Thursday","Day",2,2,"Cross intersection",3,60,"A",2007,"VAN","ISUZU","Heavy Vehicle (Rigid) > 4.5 Tonnes","M",29,"26-29","Drivers"
"T20190018590","12/9/19",10:00:00,"Collision with vehicle","Thursday","Day",2,2,"Cross intersection",3,60,"B",1999,"SEDAN","MAZDA","Car","F",69,"64-69","Drivers"
"T20190018591","23/9/19",19:54:00,"Collision with vehicle","Monday","Dark Street lights on",2,2,"Not at intersection",3,60,"A",2014,"SEDAN","MITSUB","Car","F",21,"17-21","Drivers"
"T20190018593","23/9/19",21:45:00,"Collision with vehicle","Monday","Dark Street lights on",2,2,"Cross intersection",3,40,"A",2003,"SEDAN","TOYOTA","Car","M",21,"17-21","Drivers"
"T20190018593","23/9/19",21:45:00,"Collision with vehicle","Monday","Dark Street lights on",2,2,"Cross intersection",3,40,"B",2012,"WAGON","B M W","Station Wagon","F",62,"60-64","Drivers"
"T20190018594","19/9/19",07:19:00,"Collision with vehicle","Thursday","Day",2,2,"Multiple intersection",3,60,"A",2008,"SEDAN","FORD","Car","F",60,"60-64","Drivers"
"T20190018594","19/9/19",07:19:00,"Collision with vehicle","Thursday","Day",2,2,"Multiple intersection",3,60,"B",2015,"SEDAN","TOYOTA","Car","F",33,"30-39","Drivers"
"T20190018597","31/7/19",09:05:00,"Collision with vehicle","Wednesday","Day",3,3,"Cross intersection",3,80,"A",2017,"WAGON","KIA","Station Wagon","M",37,"30-39","Drivers"
"T20190018597","31/7/19",09:05:00,"Collision with vehicle","Wednesday","Day",3,3,"Cross intersection",3,80,"B",2003,"SEDAN","TOYOTA","Car","M",57,"50-59","Drivers"
"T20190018597","31/7/19",09:05:00,"Collision with vehicle","Wednesday","Day",3,3,"Cross intersection",3,80,"C",2011,"SEDAN","MAZDA","Car","F",39,"30-39","Drivers"
"T20190018602","17/9/19",07:50:00,"Fall from or in moving vehicle","Tuesday","Day",1,2,"Not at intersection",3,60,"A",2006,"WAGON","TOYOTA","Station Wagon","F",52,"50-59","Drivers"
"T20190018605","24/9/19",08:33:00,"Collision with vehicle","Tuesday","Day",2,3,"T intersection",3,80,"A",2001,"SEDAN","NISSAN","Car","F",76,"70+","Drivers"
"T20190018605","24/9/19",08:33:00,"Collision with vehicle","Tuesday","Day",2,3,"T intersection",3,80,"B",1999,"SEDAN","HOLDEN","Car","F",23,"22-25","Drivers"
"T20190018616","24/9/19",13:05:00,"Collision with vehicle","Tuesday","Day",2,2,"T intersection",3,70,"A",2009,"SEDAN","HONDA","Car","M",86,"70+","Drivers"
"T20190018616","24/9/19",13:05:00,"Collision with vehicle","Tuesday","Day",2,2,"T intersection",3,70,"B",2011,"WAGON","SUBARU","Station Wagon","F",40,"40-49","Drivers"
"T20190018619","23/9/19",13:51:00,"Collision with vehicle","Monday","Day",2,2,"Cross intersection",3,999,"A",2016,"RDSTR","AUDI","Car","F",63,"60-64","Drivers"
"T20190018619","23/9/19",13:51:00,"Collision with vehicle","Monday","Day",2,2,"Cross intersection",3,999,"B",2013,"SEDAN","TOYOTA","Taxi","M",32,"30-39","Drivers"
"T20190018622","24/9/19",15:00:00,"No collision and no object struck","Tuesday","Day",2,2,"T intersection",3,50,"B",2014,"DC UTE","TOYOTA","Utility","M",50,"50-59","Drivers"
"T20190018626","23/9/19",13:15:00,"Struck Pedestrian","Monday","Day",1,2,"Not at intersection",3,40,"A",2014,"SEDAN","TOYOTA","Taxi","M",23,"22-25","Drivers"
"T20190018627","10/9/19",08:45:00,"Collision with vehicle","Tuesday","Day",2,2,"Not at intersection",3,40,"A",2008,"WAGON","SUBARU","Station Wagon","F",37,"30-39","Drivers"
"T20190018627","10/9/19",08:45:00,"Collision with vehicle","Tuesday","Day",2,2,"Not at intersection",3,40,"B",2005,"WAGON","FORD","Station Wagon","F",43,"40-49","Drivers"
"T20190018628","10/9/19",09:55:00,"No collision and no object struck","Tuesday","Day",2,2,"Not at intersection",3,100,"A",1998,"SEDAN","HOLDEN","Car","M",66,"64-69","Drivers"
"T20190018630","23/9/19",13:00:00,"Collision with vehicle","Monday","Day",2,2,"Cross intersection",3,60,"A",2015,"SEDAN","TOYOTA","Car","F",18,"17-21","Drivers"
"T20190018630","23/9/19",13:00:00,"Collision with vehicle","Monday","Day",2,2,"Cross intersection",3,60,"B",2005,"SEDAN","TOYOTA","Car","F",91,"70+","Drivers"
"T20190018632","24/9/19",16:45:00,"Collision with vehicle","Tuesday","Day",2,2,"T intersection",3,60,"A",2017,"WAGON","SUBARU","Station Wagon","F",37,"30-39","Drivers"
"T20190018633","24/9/19",14:50:00,"Collision with vehicle","Tuesday","Day",2,1,"Not at intersection",3,40,"A",2015,"SEDAN","VOLKS","Car","M",54,"50-59","Drivers"
"T20190018636","24/9/19",08:57:00,"Collision with vehicle","Tuesday","Day",2,4,"Not at intersection",3,999,"A",2017,"WAGON","KIA","Station Wagon","F",39,"30-39","Drivers"
"T20190018636","24/9/19",08:57:00,"Collision with vehicle","Tuesday","Day",2,4,"Not at intersection",3,999,"B",2017,"SEDAN","HYNDAI","Car","M",23,"22-25","Drivers"
"T20190018637","19/9/19",09:00:00,"Collision with vehicle","Thursday","Day",2,2,"T intersection",3,60,"A",0,"SEDAN","UNKN","Car","U",NA,"unknown","Drivers"
"T20190018637","19/9/19",09:00:00,"Collision with vehicle","Thursday","Day",2,2,"T intersection",3,60,"B",2014,"SEDAN","VOLKS","Car","F",53,"50-59","Drivers"
"T20190018639","24/9/19",16:30:00,"Collision with vehicle","Tuesday","Day",2,2,"Cross intersection",3,50,"A",2003,"SEDAN","MAZDA","Car","F",25,"22-25","Drivers"
"T20190018639","24/9/19",16:30:00,"Collision with vehicle","Tuesday","Day",2,2,"Cross intersection",3,50,"B",2013,"WAGON","MAZDA","Station Wagon","F",36,"30-39","Drivers"
"T20190018641","24/9/19",08:20:00,"Collision with vehicle","Tuesday","Day",2,2,"Unknown",3,60,"A",2014,"S WAG","VOLKS","Station Wagon","M",58,"50-59","Drivers"
"T20190018642","24/9/19",18:50:00,"Collision with vehicle","Tuesday","Dark Street lights on",2,3,"Not at intersection",3,888,"B",2015,"DC UTE","TOYOTA","Utility","M",23,"22-25","Drivers"
"T20190018643","24/9/19",19:50:00,"Collision with vehicle","Tuesday","Dark Street lights on",2,3,"Not at intersection",3,60,"A",2001,"SEDAN","FORD","Car","M",27,"26-29","Drivers"
"T20190018643","24/9/19",19:50:00,"Collision with vehicle","Tuesday","Dark Street lights on",2,3,"Not at intersection",3,60,"B",2006,"SEDAN","MAZDA","Car","F",51,"50-59","Drivers"
"T20190018644","24/9/19",19:06:00,"Collision with vehicle","Tuesday","Dark Street lights on",2,2,"T intersection",3,60,"A",2015,"SEDAN","VOLKS","Car","M",44,"40-49","Drivers"
"T20190018644","24/9/19",19:06:00,"Collision with vehicle","Tuesday","Dark Street lights on",2,2,"T intersection",3,60,"B",2001,"SEDAN","MITSUB","Car","F",31,"30-39","Drivers"
"T20190018647","24/9/19",17:05:00,"Collision with vehicle","Tuesday","Day",2,3,"Cross intersection",3,60,"A",2008,"SEDAN","MAZDA","Car","F",51,"50-59","Drivers"
"T20190018647","24/9/19",17:05:00,"Collision with vehicle","Tuesday","Day",2,3,"Cross intersection",3,60,"B",2005,"SEDAN","KIA","Car","F",23,"22-25","Drivers"
"T20190018648","24/9/19",16:00:00,"Collision with vehicle","Tuesday","Day",5,5,"Not at intersection",3,50,"A",2007,"WAGON","VOLKS","Car","M",48,"40-49","Drivers"
"T20190018649","23/9/19",17:30:00,"Collision with vehicle","Monday","Day",2,3,"T intersection",3,40,"B",2011,"SED","TOYOTA","Car","M",71,"70+","Drivers"
"T20190018650","3/7/19",01:00:00,"Collision with a fixed object","Wednesday","Dark No street lights",1,1,"Not at intersection",3,999,"A",2002,"SEDAN","SUBARU","Car","M",19,"17-21","Drivers"
"T20190018652","24/9/19",19:39:00,"Struck Pedestrian","Tuesday","Dark Street lights on",1,2,"Multiple intersection",3,50,"A",2002,"DC UTE","TOYOTA","Utility","M",39,"30-39","Drivers"
"T20190018659","24/9/19",22:13:00,"Collision with vehicle","Tuesday","Dark Street lights on",2,2,"Not at intersection",3,40,"A",2008,"TOURER","B M W","Car","M",34,"30-39","Drivers"
"T20190018659","24/9/19",22:13:00,"Collision with vehicle","Tuesday","Dark Street lights on",2,2,"Not at intersection",3,40,"B",2008,"SEDAN","HOLDEN","Car","M",31,"30-39","Drivers"
"T20190018665","14/9/19",18:50:00,"Collision with vehicle","Saturday","Dark Street lights on",3,4,"T intersection",3,40,"A",2011,"SEDAN","MAZDA","Car","F",21,"17-21","Drivers"
"T20190018665","14/9/19",18:50:00,"Collision with vehicle","Saturday","Dark Street lights on",3,4,"T intersection",3,40,"B",2018,"TRAY","MAZDA","Utility","M",61,"60-64","Drivers"
"T20190018665","14/9/19",18:50:00,"Collision with vehicle","Saturday","Dark Street lights on",3,4,"T intersection",3,40,"C",0,"SEDAN","UNKN","Unknown","U",NA,"unknown","Drivers"
"T20190018666","22/9/19",16:00:00,"Collision with a fixed object","Sunday","Day",1,1,"Not at intersection",3,80,"A",2013,"WAGON","TOYOTA","Station Wagon","F",49,"40-49","Drivers"
"T20190018667","12/9/19",21:35:00,"Collision with vehicle","Thursday","Unknown",2,2,"Cross intersection",3,70,"A",2017,"WAGON","REN","Station Wagon","F",43,"40-49","Drivers"
"T20190018667","12/9/19",21:35:00,"Collision with vehicle","Thursday","Unknown",2,2,"Cross intersection",3,70,"B",2004,"SEDAN","NISSAN","Car","M",21,"17-21","Drivers"
"T20190018668","25/9/19",08:23:00,"Collision with vehicle","Wednesday","Day",2,2,"T intersection",3,60,"A",2011,"SEDAN","TOYOTA","Car","F",23,"22-25","Drivers"
"T20190018673","25/9/19",08:45:00,"Collision with vehicle","Wednesday","Day",2,2,"Not at intersection",3,60,"A",2010,"UTIL","TOYOTA","Utility","M",35,"30-39","Drivers"
"T20190018673","25/9/19",08:45:00,"Collision with vehicle","Wednesday","Day",2,2,"Not at intersection",3,60,"B",2014,"WAGON","MAZDA","Car","F",51,"50-59","Drivers"
"T20190018675","12/8/19",14:20:00,"Collision with vehicle","Monday","Day",3,3,"T intersection",3,80,"A",1994,"SEDAN","MERC B","Car","M",40,"40-49","Drivers"
"T20190018675","12/8/19",14:20:00,"Collision with vehicle","Monday","Day",3,3,"T intersection",3,80,"B",2013,"SEDAN","HOLDEN","Car","M",29,"26-29","Drivers"
"T20190018677","25/9/19",08:14:00,"Collision with vehicle","Wednesday","Day",2,2,"Not at intersection",3,60,"A",2016,"SEDAN","HOLDEN","Car","M",68,"64-69","Drivers"
"T20190018678","25/9/19",06:50:00,"Collision with vehicle","Wednesday","Day",2,2,"Cross intersection",3,60,"A",2017,"VAN","FUSO","Heavy Vehicle (Rigid) > 4.5 Tonnes","M",42,"40-49","Drivers"
"T20190018678","25/9/19",06:50:00,"Collision with vehicle","Wednesday","Day",2,2,"Cross intersection",3,60,"B",2011,"WAGON","TOYOTA","Station Wagon","M",45,"40-49","Drivers"
"T20190018679","18/9/19",09:00:00,"Collision with vehicle","Wednesday","Day",2,2,"T intersection",3,60,"A",2009,"SEDAN","MAZDA","Car","F",52,"50-59","Drivers"
"T20190018681","25/9/19",10:03:00,"Collision with vehicle","Wednesday","Day",2,2,"Not at intersection",2,60,"A",2018,"WAGON","TOYOTA","Station Wagon","F",65,"64-69","Drivers"
"T20190018681","25/9/19",10:03:00,"Collision with vehicle","Wednesday","Day",2,2,"Not at intersection",2,60,"B",2015,"UTIL","MITSUB","Utility","M",34,"30-39","Drivers"
"T20190018682","25/9/19",09:00:00,"Collision with vehicle","Wednesday","Day",4,5,"Not at intersection",3,80,"A",2016,"SEDAN","MAZDA","Car","M",35,"30-39","Drivers"
"T20190018682","25/9/19",09:00:00,"Collision with vehicle","Wednesday","Day",4,5,"Not at intersection",3,80,"B",2018,"WAGON","HOLDEN","Station Wagon","F",35,"30-39","Drivers"
"T20190018682","25/9/19",09:00:00,"Collision with vehicle","Wednesday","Day",4,5,"Not at intersection",3,80,"C",2005,"SEDAN","MITSUB","Car","M",22,"22-25","Drivers"
"T20190018682","25/9/19",09:00:00,"Collision with vehicle","Wednesday","Day",4,5,"Not at intersection",3,80,"D",2008,"SEDAN","TOYOTA","Car","M",53,"50-59","Drivers"
"T20190018683","28/8/19",15:00:00,"Collision with vehicle","Wednesday","Day",2,2,"T intersection",3,40,"A",2002,"SEDAN","HOLDEN","Car","M",54,"50-59","Drivers"
"T20190018683","28/8/19",15:00:00,"Collision with vehicle","Wednesday","Day",2,2,"T intersection",3,40,"B",2017,"SEDAN","MAZDA","Car","F",24,"22-25","Drivers"
"T20190018684","25/9/19",10:55:00,"Collision with a fixed object","Wednesday","Day",1,1,"T intersection",3,60,"A",2008,"SEDAN","HOLDEN","Car","M",48,"40-49","Drivers"
"T20190018686","25/9/19",12:05:00,"Collision with vehicle","Wednesday","Day",2,2,"Cross intersection",3,70,"A",2004,"SEDAN","HYNDAI","Car","M",24,"22-25","Drivers"
"T20190018686","25/9/19",12:05:00,"Collision with vehicle","Wednesday","Day",2,2,"Cross intersection",3,70,"B",2009,"SEDAN","MAZDA","Car","F",25,"22-25","Drivers"
"T20190018687","25/9/19",06:33:00,"Collision with vehicle","Wednesday","Day",2,2,"Cross intersection",3,80,"A",2007,"SEDAN","MITSUB","Car","M",39,"30-39","Drivers"
"T20190018687","25/9/19",06:33:00,"Collision with vehicle","Wednesday","Day",2,2,"Cross intersection",3,80,"B",1991,"WAGON","TOYOTA","Station Wagon","M",53,"50-59","Drivers"
"T20190018692","25/9/19",08:00:00,"Collision with vehicle","Wednesday","Day",3,8,"T intersection",3,60,"A",2000,"WAGON","TOYOTA","Station Wagon","F",39,"30-39","Drivers"
"T20190018692","25/9/19",08:00:00,"Collision with vehicle","Wednesday","Day",3,8,"T intersection",3,60,"B",2013,"S WAG","MERC B","Station Wagon","F",39,"30-39","Drivers"
"T20190018692","25/9/19",08:00:00,"Collision with vehicle","Wednesday","Day",3,8,"T intersection",3,60,"C",2010,"SEDAN","KIA","Car","F",53,"50-59","Drivers"
"T20190018693","13/8/19",10:55:00,"Collision with vehicle","Tuesday","Day",2,2,"Not at intersection",3,60,"A",2014,"SEDAN","HOLDEN","Car","F",27,"26-29","Drivers"
"T20190018693","13/8/19",10:55:00,"Collision with vehicle","Tuesday","Day",2,2,"Not at intersection",3,60,"B",2008,"UTIL","TOYOTA","Utility","M",20,"17-21","Drivers"
"T20190018697","24/6/19",06:45:00,"Collision with a fixed object","Monday","Dusk/Dawn",1,2,"Not at intersection",3,100,"A",2008,"DC UTE","MITSUB","Utility","M",57,"50-59","Drivers"
"T20190018698","6/9/19",15:20:00,"Collision with vehicle","Friday","Day",2,2,"Cross intersection",3,60,"A",2004,"SEDAN","MITSUB","Car","M",21,"17-21","Drivers"
"T20190018698","6/9/19",15:20:00,"Collision with vehicle","Friday","Day",2,2,"Cross intersection",3,60,"B",2012,"SED","NISSAN","Car","M",62,"60-64","Drivers"
"T20190018703","25/9/19",13:29:00,"Collision with vehicle","Wednesday","Day",4,5,"Not at intersection",3,70,"A",2016,"SEDAN","AUDI","Car","F",49,"40-49","Drivers"
"T20190018703","25/9/19",13:29:00,"Collision with vehicle","Wednesday","Day",4,5,"Not at intersection",3,70,"B",2006,"VAN","VOLKS","Panel Van","M",23,"22-25","Drivers"
"T20190018703","25/9/19",13:29:00,"Collision with vehicle","Wednesday","Day",4,5,"Not at intersection",3,70,"C",2013,"WAGON","HYNDAI","Station Wagon","F",39,"30-39","Drivers"
"T20190018703","25/9/19",13:29:00,"Collision with vehicle","Wednesday","Day",4,5,"Not at intersection",3,70,"D",2017,"SEDAN","HOLDEN","Car","F",59,"50-59","Drivers"
"T20190018704","25/9/19",12:39:00,"Collision with vehicle","Wednesday","Day",2,4,"Not at intersection",3,50,"A",2006,"SEDAN","FORD","Car","M",21,"17-21","Drivers"
"T20190018704","25/9/19",12:39:00,"Collision with vehicle","Wednesday","Day",2,4,"Not at intersection",3,50,"B",2017,"WAGON","HOLDEN","Station Wagon","U",NA,"unknown","Drivers"
"T20190018705","20/7/19",15:15:00,"Collision with vehicle","Saturday","Day",2,4,"T intersection",3,999,"A",2008,"SEDAN","HOLDEN","Car","F",60,"60-64","Drivers"
"T20190018705","20/7/19",15:15:00,"Collision with vehicle","Saturday","Day",2,4,"T intersection",3,999,"B",2009,"SEDAN","MITSUB","Car","M",25,"22-25","Drivers"
"T20190018707","25/9/19",12:25:00,"Collision with vehicle","Wednesday","Day",3,3,"Not at intersection",3,60,"A",2010,"SEDAN","TOYOTA","Car","M",60,"60-64","Drivers"
"T20190018707","25/9/19",12:25:00,"Collision with vehicle","Wednesday","Day",3,3,"Not at intersection",3,60,"B",2000,"SEDAN","MITSUB","Car","F",70,"70+","Drivers"
"T20190018707","25/9/19",12:25:00,"Collision with vehicle","Wednesday","Day",3,3,"Not at intersection",3,60,"C",2008,"SEDAN","MAZDA","Car","M",26,"26-29","Drivers"
"T20190018709","25/9/19",13:00:00,"Collision with a fixed object","Wednesday","Day",1,1,"Not at intersection",3,100,"A",2010,"SEDAN","HYNDAI","Car","F",18,"17-21","Drivers"
"T20190018711","13/9/19",22:40:00,"Collision with vehicle","Friday","Dark Street lights on",2,2,"Multiple intersection",3,999,"A",2010,"DC UTE","TOYOTA","Utility","M",22,"22-25","Drivers"
"T20190018711","13/9/19",22:40:00,"Collision with vehicle","Friday","Dark Street lights on",2,2,"Multiple intersection",3,999,"B",2002,"S WAG","SUBARU","Car","M",31,"30-39","Drivers"
"T20190018713","25/9/19",15:55:00,"Collision with vehicle","Wednesday","Day",2,2,"Not at intersection",3,50,"A",2017,"WAGON","MITSUB","Station Wagon","F",49,"40-49","Drivers"
"T20190018713","25/9/19",15:55:00,"Collision with vehicle","Wednesday","Day",2,2,"Not at intersection",3,50,"B",0,"UTIL","HOLDEN","Utility","M",22,"22-25","Drivers"
"T20190018716","26/7/19",13:00:00,"Collision with vehicle","Friday","Day",2,2,"T intersection",3,60,"B",2011,"UTIL","TOYOTA","Utility","M",51,"50-59","Drivers"
"T20190018724","4/9/19",12:43:00,"Collision with vehicle","Wednesday","Day",2,3,"Not at intersection",3,999,"A",2014,"VAN","TOYOTA","Car","M",38,"30-39","Drivers"
"T20190018724","4/9/19",12:43:00,"Collision with vehicle","Wednesday","Day",2,3,"Not at intersection",3,999,"B",2015,"WAGON","TOYOTA","Station Wagon","M",30,"30-39","Drivers"
"T20190018725","25/9/19",13:25:00,"Collision with vehicle","Wednesday","Day",2,4,"Cross intersection",3,80,"A",2005,"WAGON","JEEP","Station Wagon","M",82,"70+","Drivers"
"T20190018725","25/9/19",13:25:00,"Collision with vehicle","Wednesday","Day",2,4,"Cross intersection",3,80,"B",2006,"WAGON","FORD","Station Wagon","F",49,"40-49","Drivers"
"T20190018730","25/9/19",18:40:00,"Collision with vehicle","Wednesday","Dark Street lights on",2,2,"Not at intersection",3,60,"A",2013,"SEDAN","HYNDAI","Car","M",19,"17-21","Drivers"
"T20190018732","24/9/19",05:40:00,"Collision with vehicle","Tuesday","Day",2,2,"Not at intersection",3,100,"B",2008,"WAGON","MAZDA","Station Wagon","M",36,"30-39","Drivers"
"T20190018733","25/9/19",17:34:00,"Collision with vehicle","Wednesday","Day",2,2,"T intersection",3,999,"A",2006,"SEDAN","TOYOTA","Car","M",77,"70+","Drivers"
"T20190018733","25/9/19",17:34:00,"Collision with vehicle","Wednesday","Day",2,2,"T intersection",3,999,"B",2013,"SEDAN","HYNDAI","Car","F",29,"26-29","Drivers"
"T20190018740","25/9/19",05:37:00,"Collision with a fixed object","Wednesday","Dark Street lights unknown",1,1,"Not at intersection",3,100,"A",2006,"SEDAN","TOYOTA","Car","M",18,"17-21","Drivers"
"T20190018741","25/9/19",20:50:00,"Collision with a fixed object","Wednesday","Dark No street lights",1,1,"Not at intersection",3,100,"A",2010,"SEDAN","MAZDA","Car","F",42,"40-49","Drivers"
"T20190018743","25/9/19",17:17:00,"Struck Pedestrian","Wednesday","Dusk/Dawn",1,2,"T intersection",3,999,"A",2014,"WAGON","HOLDEN","Station Wagon","M",60,"60-64","Drivers"
"T20190018745","25/9/19",22:40:00,"Collision with vehicle","Wednesday","Dark Street lights on",2,2,"Cross intersection",2,60,"B",2012,"SEDAN","HONDA","Car","M",28,"26-29","Drivers"
"T20190018745","25/9/19",22:40:00,"Collision with vehicle","Wednesday","Dark Street lights on",2,2,"Cross intersection",2,60,"C",2001,"S WAG","FORD","Station Wagon","F",24,"22-25","Drivers"
"T20190018747","26/9/19",01:43:00,"Collision with vehicle","Thursday","Dark Street lights on",5,3,"Not at intersection",3,50,"B",2013,"WAGON","HYNDAI","Station Wagon","M",19,"17-21","Drivers"
"T20190018750","24/9/19",20:30:00,"Collision with vehicle","Tuesday","Dark Street lights on",2,6,"Not at intersection",3,80,"A",1995,"SEDAN","SUBARU","Car","U",NA,"unknown","Drivers"
"T20190018750","24/9/19",20:30:00,"Collision with vehicle","Tuesday","Dark Street lights on",2,6,"Not at intersection",3,80,"B",2006,"SEDAN","HOLDEN","Car","F",24,"22-25","Drivers"
"T20190018753","2/9/19",15:15:00,"Collision with vehicle","Monday","Day",2,2,"Multiple intersection",3,60,"A",2017,"SEDAN","VOLKS","Station Wagon","F",38,"30-39","Drivers"
"T20190018753","2/9/19",15:15:00,"Collision with vehicle","Monday","Day",2,2,"Multiple intersection",3,60,"B",2013,"SEDAN","HOLDEN","Car","F",24,"22-25","Drivers"
"T20190018755","26/9/19",07:46:00,"Collision with vehicle","Thursday","Day",3,6,"Not at intersection",3,60,"A",2004,"SED","HONDA","Car","F",30,"30-39","Drivers"
"T20190018755","26/9/19",07:46:00,"Collision with vehicle","Thursday","Day",3,6,"Not at intersection",3,60,"B",2014,"VAN","VOLKS","Car","M",23,"22-25","Drivers"