"ACCIDENT_NO","ACCIDENTDATE","ACCIDENTTIME","Accident Type Desc","Day Week Description","Light Condition Desc","NO_OF_VEHICLES","NO_PERSONS","Road Geometry Desc","SEVERITY","SPEED_ZONE","VEHICLE_ID","VEHICLE_YEAR_MANUF","VEHICLE_BODY_STYLE","VEHICLE_MAKE","Vehicle Type Desc","SEX","AGE","Age Group","Road User Type Desc"
"T20190018755","26/9/19",07:46:00,"Collision with vehicle","Thursday","Day",3,6,"Not at intersection",3,60,"C",2003,"SEDAN","HOLDEN","Car","M",24,"22-25","Drivers"
"T20190018757","25/9/19",14:32:00,"Collision with a fixed object","Wednesday","Day",1,1,"Not at intersection",3,60,"A",1997,"UTIL","HOLDEN","Utility","M",67,"64-69","Drivers"
"T20190018759","15/9/19",10:50:00,"Collision with vehicle","Sunday","Day",2,3,"T intersection",3,80,"A",2017,"WAGON","MITSUB","Station Wagon","F",24,"22-25","Drivers"
"T20190018759","15/9/19",10:50:00,"Collision with vehicle","Sunday","Day",2,3,"T intersection",3,80,"B",2008,"SEDAN","PEUG","Car","F",28,"26-29","Drivers"
"T20190018760","9/9/19",15:55:00,"Collision with vehicle","Monday","Day",2,2,"Not at intersection",3,70,"A",2016,"SEDAN","MERC B","Car","F",64,"60-64","Drivers"
"T20190018760","9/9/19",15:55:00,"Collision with vehicle","Monday","Day",2,2,"Not at intersection",3,70,"B",2009,"SEDAN","HYNDAI","Car","F",21,"17-21","Drivers"
"T20190018761","20/2/19",17:30:00,"Collision with a fixed object","Wednesday","Day",1,2,"Not at intersection",3,999,"A",2007,"WAGON","FORD","Station Wagon","M",NA,"unknown","Drivers"
"T20190018762","26/9/19",08:55:00,"Collision with vehicle","Thursday","Day",2,2,"Cross intersection",3,40,"A",2016,"WAGON","HYNDAI","Station Wagon","F",43,"40-49","Drivers"
"T20190018762","26/9/19",08:55:00,"Collision with vehicle","Thursday","Day",2,2,"Cross intersection",3,40,"B",2015,"WAGON","NISSAN","Station Wagon","F",31,"30-39","Drivers"
"T20190018764","7/8/19",20:00:00,"Collision with a fixed object","Wednesday","Dark No street lights",1,1,"Not at intersection",3,110,"A",2008,"SEDAN","MAZDA","Car","F",30,"30-39","Drivers"
"T20190018767","19/9/19",15:46:00,"Collision with vehicle","Thursday","Day",5,2,"Not at intersection",3,50,"A",2014,"SEDAN","HOLDEN","Car","F",65,"64-69","Drivers"
"T20190018767","19/9/19",15:46:00,"Collision with vehicle","Thursday","Day",5,2,"Not at intersection",3,50,"B",2015,"DC UTE","TOYOTA","Utility","M",34,"30-39","Drivers"
"T20190018768","26/9/19",07:20:00,"Collision with vehicle","Thursday","Day",3,3,"T intersection",3,60,"A",2006,"SEDAN","MITSUB","Car","M",28,"26-29","Drivers"
"T20190018768","26/9/19",07:20:00,"Collision with vehicle","Thursday","Day",3,3,"T intersection",3,60,"B",2013,"WAGON","MAZDA","Station Wagon","F",53,"50-59","Drivers"
"T20190018768","26/9/19",07:20:00,"Collision with vehicle","Thursday","Day",3,3,"T intersection",3,60,"C",2003,"G UNIT","IVECO","Heavy Vehicle (Rigid) > 4.5 Tonnes","M",40,"40-49","Drivers"
"T20190018769","4/9/19",20:30:00,"Collision with vehicle","Wednesday","Dark Street lights on",2,2,"Cross intersection",3,60,"A",2008,"SEDAN","TOYOTA","Car","M",53,"50-59","Drivers"
"T20190018769","4/9/19",20:30:00,"Collision with vehicle","Wednesday","Dark Street lights on",2,2,"Cross intersection",3,60,"B",2014,"WAGON","FIAT","Station Wagon","M",24,"22-25","Drivers"
"T20190018773","24/9/19",19:00:00,"Collision with vehicle","Tuesday","Dusk/Dawn",2,3,"Not at intersection",3,60,"A",2011,"SEDAN","HOLDEN","Car","M",25,"22-25","Drivers"
"T20190018773","24/9/19",19:00:00,"Collision with vehicle","Tuesday","Dusk/Dawn",2,3,"Not at intersection",3,60,"B",2011,"SEDAN","SUZUKI","Car","F",30,"30-39","Drivers"
"T20190018774","26/9/19",08:45:00,"Collision with vehicle","Thursday","Day",4,7,"T intersection",3,70,"A",2007,"SEDAN","NISSAN","Car","F",82,"70+","Drivers"
"T20190018774","26/9/19",08:45:00,"Collision with vehicle","Thursday","Day",4,7,"T intersection",3,70,"B",1997,"SEDAN","TOYOTA","Car","F",34,"30-39","Drivers"
"T20190018774","26/9/19",08:45:00,"Collision with vehicle","Thursday","Day",4,7,"T intersection",3,70,"C",2013,"SEDAN","HONDA","Car","F",29,"26-29","Drivers"
"T20190018776","26/9/19",08:50:00,"Collision with vehicle","Thursday","Day",2,2,"Cross intersection",3,100,"A",2000,"SEDAN","FORD","Car","F",75,"70+","Drivers"
"T20190018776","26/9/19",08:50:00,"Collision with vehicle","Thursday","Day",2,2,"Cross intersection",3,100,"B",2007,"UTIL","FORD","Utility","M",71,"70+","Drivers"
"T20190018777","26/9/19",13:10:00,"Collision with vehicle","Thursday","Day",2,2,"Cross intersection",3,50,"A",2014,"SEDAN","MERC B","Car","F",21,"17-21","Drivers"
"T20190018777","26/9/19",13:10:00,"Collision with vehicle","Thursday","Day",2,2,"Cross intersection",3,50,"B",2019,"SEDAN","TOYOTA","Car","M",53,"50-59","Drivers"
"T20190018778","24/9/19",14:00:00,"Collision with vehicle","Tuesday","Unknown",2,2,"Cross intersection",3,999,"B",2015,"SEDAN","HYNDAI","Car","F",51,"50-59","Drivers"
"T20190018781","26/9/19",13:47:00,"Collision with vehicle","Thursday","Day",3,3,"Cross intersection",3,60,"A",2011,"SEDAN","TOYOTA","Taxi","M",46,"40-49","Drivers"
"T20190018781","26/9/19",13:47:00,"Collision with vehicle","Thursday","Day",3,3,"Cross intersection",3,60,"B",2012,"WAGON","HOLDEN","Car","F",42,"40-49","Drivers"
"T20190018781","26/9/19",13:47:00,"Collision with vehicle","Thursday","Day",3,3,"Cross intersection",3,60,"C",2009,"SEDAN","HONDA","Car","M",39,"30-39","Drivers"
"T20190018782","26/9/19",11:40:00,"Collision with vehicle","Thursday","Day",2,2,"Cross intersection",3,50,"A",2006,"SEDAN","CHRYS","Car","M",53,"50-59","Drivers"
"T20190018782","26/9/19",11:40:00,"Collision with vehicle","Thursday","Day",2,2,"Cross intersection",3,50,"B",2008,"SEDAN","TOYOTA","Car","F",87,"70+","Drivers"
"T20190018783","26/9/19",13:10:00,"Collision with vehicle","Thursday","Day",2,2,"Not at intersection",3,50,"B",0,"SEDAN","UNKN","Car","U",NA,"unknown","Drivers"
"T20190018784","26/9/19",14:40:00,"Collision with vehicle","Thursday","Day",2,2,"Not at intersection",3,40,"A",2019,"SEDAN","KIA","Car","M",32,"30-39","Drivers"
"T20190018789","26/9/19",11:50:00,"Collision with vehicle","Thursday","Day",2,2,"Cross intersection",2,100,"A",2017,"DC UTE","MITSUB","Utility","M",26,"26-29","Drivers"
"T20190018789","26/9/19",11:50:00,"Collision with vehicle","Thursday","Day",2,2,"Cross intersection",2,100,"C",2010,"P MVR","KENWTH","Prime Mover Only","M",45,"40-49","Drivers"
"T20190018790","26/9/19",14:40:00,"Collision with vehicle","Thursday","Day",2,2,"Cross intersection",3,60,"A",2001,"SEDAN","TOYOTA","Car","M",45,"40-49","Drivers"
"T20190018794","26/9/19",12:30:00,"Collision with vehicle","Thursday","Day",2,1,"Not at intersection",3,60,"A",2014,"SEDAN","FORD","Car","M",96,"70+","Drivers"
"T20190018795","26/9/19",15:30:00,"Collision with vehicle","Thursday","Day",2,2,"Cross intersection",3,60,"A",2015,"WAGON","SUBARU","Station Wagon","F",33,"30-39","Drivers"
"T20190018795","26/9/19",15:30:00,"Collision with vehicle","Thursday","Day",2,2,"Cross intersection",3,60,"B",0,NA,"SUBARU","Car","U",NA,"unknown","Drivers"
"T20190018796","26/9/19",17:20:00,"Collision with vehicle","Thursday","Day",2,2,"Cross intersection",3,80,"A",2017,"SEDAN","SUBARU","Car","M",25,"22-25","Drivers"
"T20190018796","26/9/19",17:20:00,"Collision with vehicle","Thursday","Day",2,2,"Cross intersection",3,80,"B",2014,"SEDAN","FORD","Car","F",75,"70+","Drivers"
"T20190018797","26/9/19",17:40:00,"Collision with vehicle","Thursday","Day",2,2,"Not at intersection",3,50,"B",2010,"WAGON","KIA","Station Wagon","M",38,"30-39","Drivers"
"T20190018798","26/9/19",09:40:00,"Struck Pedestrian","Thursday","Day",1,2,"Not at intersection",3,999,"A",2011,"BUS","TOYOTA","Taxi","U",NA,"unknown","Drivers"
"T20190018799","13/9/19",18:25:00,"Collision with vehicle","Friday","Unknown",2,2,"Cross intersection",3,60,"A",2010,"S WAG","FORD","Taxi","M",65,"64-69","Drivers"
"T20190018801","26/9/19",17:30:00,"Collision with vehicle","Thursday","Day",2,2,"T intersection",3,80,"A",2005,"SEDAN","SUBARU","Car","M",23,"22-25","Drivers"
"T20190018801","26/9/19",17:30:00,"Collision with vehicle","Thursday","Day",2,2,"T intersection",3,80,"B",2004,"SEDAN","TOYOTA","Car","F",49,"40-49","Drivers"
"T20190018803","26/9/19",19:00:00,"Collision with vehicle","Thursday","Dark Street lights on",2,2,"Cross intersection",3,50,"A",2002,"SEDAN","HOLDEN","Car","M",47,"40-49","Drivers"
"T20190018804","23/9/19",14:20:00,"Collision with vehicle","Monday","Day",2,2,"T intersection",3,999,"A",2013,"SEDAN","KIA","Car","F",26,"26-29","Drivers"
"T20190018804","23/9/19",14:20:00,"Collision with vehicle","Monday","Day",2,2,"T intersection",3,999,"B",2005,"SEDAN","FORD","Car","F",31,"30-39","Drivers"
"T20190018809","26/9/19",15:22:00,"Struck Pedestrian","Thursday","Unknown",1,2,"Not at intersection",3,50,"A",1997,"SEDAN","TOYOTA","Car","M",32,"30-39","Drivers"
"T20190018813","26/9/19",18:45:00,"Collision with vehicle","Thursday","Dark No street lights",2,2,"Not at intersection",3,110,"A",2016,"SEDAN","HOLDEN","Car","M",62,"60-64","Drivers"
"T20190018813","26/9/19",18:45:00,"Collision with vehicle","Thursday","Dark No street lights",2,2,"Not at intersection",3,110,"B",2000,"WAGON","MITSUB","Station Wagon","M",31,"30-39","Drivers"
"T20190018814","26/9/19",13:45:00,"Collision with vehicle","Thursday","Day",2,2,"Cross intersection",3,60,"A",2013,"WAGON","FORD","Station Wagon","M",41,"40-49","Drivers"
"T20190018815","26/9/19",16:10:00,"Collision with a fixed object","Thursday","Day",1,1,"Not at intersection",3,60,"A",2000,"UTIL","HOLDEN","Utility","M",69,"64-69","Drivers"
"T20190018817","26/9/19",18:20:00,"Collision with vehicle","Thursday","Dusk/Dawn",2,3,"Not at intersection",3,40,"A",2018,"WAGON","HYNDAI","Station Wagon","M",48,"40-49","Drivers"
"T20190018817","26/9/19",18:20:00,"Collision with vehicle","Thursday","Dusk/Dawn",2,3,"Not at intersection",3,40,"B",2016,"UTIL","NISSAN","Utility","M",35,"30-39","Drivers"
"T20190018819","26/9/19",19:15:00,"Struck animal","Thursday","Dark No street lights",1,1,"Not at intersection",3,999,"A",1997,"UTIL","SUZUKI","Utility","M",70,"70+","Drivers"
"T20190018821","26/9/19",20:18:00,"Collision with vehicle","Thursday","Dark Street lights on",2,3,"Not at intersection",3,60,"B",2014,"WAGON","TOYOTA","Station Wagon","M",77,"70+","Drivers"
"T20190018823","26/9/19",20:55:00,"Collision with vehicle","Thursday","Dark Street lights on",2,2,"Cross intersection",3,60,"A",2013,"SEDAN","TOYOTA","Taxi","M",30,"30-39","Drivers"
"T20190018823","26/9/19",20:55:00,"Collision with vehicle","Thursday","Dark Street lights on",2,2,"Cross intersection",3,60,"B",2015,"DC UTE","HOLDEN","Utility","M",44,"40-49","Drivers"
"T20190018824","26/9/19",19:41:00,"Collision with a fixed object","Thursday","Dark Street lights on",1,1,"Not at intersection",3,60,"A",2016,"WAGON","HONDA","Station Wagon","F",31,"30-39","Drivers"
"T20190018825","26/9/19",20:06:00,"Collision with vehicle","Thursday","Dark Street lights on",2,2,"Not at intersection",3,999,"A",2010,"WAGON","TOYOTA","Station Wagon","F",35,"30-39","Drivers"
"T20190018825","26/9/19",20:06:00,"Collision with vehicle","Thursday","Dark Street lights on",2,2,"Not at intersection",3,999,"B",2019,"S WAG","MITSUB","Station Wagon","F",21,"17-21","Drivers"
"T20190018826","26/9/19",18:11:00,"Collision with vehicle","Thursday","Day",2,4,"Not at intersection",3,70,"A",2017,"SEDAN","TOYOTA","Car","U",NA,"unknown","Drivers"
"T20190018826","26/9/19",18:11:00,"Collision with vehicle","Thursday","Day",2,4,"Not at intersection",3,70,"B",0,"S WAG","UNKN","Station Wagon","F",35,"30-39","Drivers"
"T20190018827","26/9/19",06:20:00,"Collision with vehicle","Thursday","Day",3,4,"Cross intersection",2,50,"A",2017,"WAGON","MERC B","Station Wagon","F",32,"30-39","Drivers"
"T20190018827","26/9/19",06:20:00,"Collision with vehicle","Thursday","Day",3,4,"Cross intersection",2,50,"B",2019,"WAGON","TOYOTA","Station Wagon","M",57,"50-59","Drivers"
"T20190018827","26/9/19",06:20:00,"Collision with vehicle","Thursday","Day",3,4,"Cross intersection",2,50,"C",2011,"DC UTE","VOLKS","Utility","M",27,"26-29","Drivers"
"T20190018828","26/9/19",05:35:00,"No collision and no object struck","Thursday","Dusk/Dawn",2,2,"Not at intersection",3,40,"A",2015,"SEDAN","TOYOTA","Taxi","M",55,"50-59","Drivers"
"T20190018829","26/9/19",23:15:00,"Collision with vehicle","Thursday","Dark Street lights on",2,2,"Not at intersection",3,60,"A",2014,"SEDAN","TOYOTA","Car","M",27,"26-29","Drivers"
"T20190018831","27/9/19",00:45:00,"Collision with vehicle","Friday","Dark Street lights on",2,3,"Not at intersection",3,50,"A",2009,"SEDAN","HOLDEN","Car","F",32,"30-39","Drivers"
"T20190018831","27/9/19",00:45:00,"Collision with vehicle","Friday","Dark Street lights on",2,3,"Not at intersection",3,50,"B",2002,"SEDAN","HOLDEN","Car","F",22,"22-25","Drivers"
"T20190018833","26/9/19",23:25:00,"Struck Pedestrian","Thursday","Dark Street lights on",1,3,"Not at intersection",2,60,"A",2013,"SEDAN","MAZDA","Car","F",26,"26-29","Drivers"
"T20190018836","27/9/19",01:16:00,"Collision with vehicle","Friday","Dark No street lights",4,4,"Not at intersection",3,40,"A",2014,"WAGON","JEEP","Station Wagon","M",14,"13-15","Drivers"
"T20190018836","27/9/19",01:16:00,"Collision with vehicle","Friday","Dark No street lights",4,4,"Not at intersection",3,40,"B",2017,"SEDAN","TOYOTA","Car","U",NA,"unknown","Drivers"
"T20190018841","4/9/19",07:30:00,"Collision with vehicle","Wednesday","Day",2,2,"T intersection",3,60,"A",2007,"SEDAN","CHRYS","Car","F",63,"60-64","Drivers"
"T20190018841","4/9/19",07:30:00,"Collision with vehicle","Wednesday","Day",2,2,"T intersection",3,60,"B",2005,"SEDAN","HOLDEN","Car","M",19,"17-21","Drivers"
"T20190018842","26/9/19",09:38:00,"Collision with vehicle","Thursday","Day",3,3,"T intersection",3,80,"A",2015,"SEDAN","TOYOTA","Car","F",29,"26-29","Drivers"
"T20190018842","26/9/19",09:38:00,"Collision with vehicle","Thursday","Day",3,3,"T intersection",3,80,"B",2012,"WAGON","NISSAN","Station Wagon","F",39,"30-39","Drivers"
"T20190018842","26/9/19",09:38:00,"Collision with vehicle","Thursday","Day",3,3,"T intersection",3,80,"C",2018,"WAGON","HONDA","Station Wagon","M",28,"26-29","Drivers"
"T20190018846","27/9/19",07:30:00,"Collision with vehicle","Friday","Day",2,2,"Not at intersection",3,70,"A",2010,"SEDAN","FORD","Car","M",21,"17-21","Drivers"
"T20190018846","27/9/19",07:30:00,"Collision with vehicle","Friday","Day",2,2,"Not at intersection",3,70,"B",2014,"DC UTE","TOYOTA","Utility","M",22,"22-25","Drivers"
"T20190018850","24/9/19",05:30:00,"Struck animal","Tuesday","Dark No street lights",1,1,"Not at intersection",3,100,"A",2018,"DC UTE","NISSAN","Utility","M",39,"30-39","Drivers"
"T20190018855","12/9/19",12:40:00,"Collision with vehicle","Thursday","Day",2,2,"T intersection",3,50,"A",2012,"SEDAN","NISSAN","Car","F",22,"22-25","Drivers"
"T20190018855","12/9/19",12:40:00,"Collision with vehicle","Thursday","Day",2,2,"T intersection",3,50,"B",2019,"UTIL","TOYOTA","Utility","M",45,"40-49","Drivers"
"T20190018858","27/9/19",12:13:00,"Collision with vehicle","Friday","Day",2,4,"Not at intersection",3,60,"A",2016,"WAGON","KIA","Station Wagon","F",29,"26-29","Drivers"
"T20190018858","27/9/19",12:13:00,"Collision with vehicle","Friday","Day",2,4,"Not at intersection",3,60,"B",1993,"TRAY","NISSAN","Utility","M",46,"40-49","Drivers"
"T20190018861","27/9/19",13:24:00,"Collision with vehicle","Friday","Day",2,2,"Not at intersection",3,60,"A",2016,"IND/CN","NISSAN","Car","F",56,"50-59","Drivers"
"T20190018861","27/9/19",13:24:00,"Collision with vehicle","Friday","Day",2,2,"Not at intersection",3,60,"B",2010,"SEDAN","HOLDEN","Car","M",51,"50-59","Drivers"
"T20190018862","27/9/19",13:15:00,"Collision with vehicle","Friday","Day",2,4,"Cross intersection",3,60,"A",2018,"SEDAN","KIA","Car","F",22,"22-25","Drivers"
"T20190018862","27/9/19",13:15:00,"Collision with vehicle","Friday","Day",2,4,"Cross intersection",3,60,"B",1998,"SEDAN","HONDA","Car","M",20,"17-21","Drivers"
"T20190018863","24/9/19",13:50:00,"Collision with vehicle","Tuesday","Day",2,2,"Cross intersection",3,60,"A",2005,"SEDAN","KIA","Car","F",18,"17-21","Drivers"
"T20190018863","24/9/19",13:50:00,"Collision with vehicle","Tuesday","Day",2,2,"Cross intersection",3,60,"B",2019,"VAN","HYNDAI","Panel Van","M",49,"40-49","Drivers"
"T20190018871","27/9/19",12:15:00,"Vehicle overturned (no collision)","Friday","Day",2,2,"Not at intersection",3,100,"B",2019,"SEDAN","HYNDAI","Car","M",24,"22-25","Drivers"
"T20190018872","27/9/19",10:45:00,"Collision with a fixed object","Friday","Day",1,3,"Not at intersection",3,50,"A",2013,"SEDAN","TOYOTA","Taxi","M",47,"40-49","Drivers"
"T20190018876","27/9/19",10:00:00,"Struck Pedestrian","Friday","Day",1,2,"Not at intersection",3,50,"A",2018,"WAGON","TOYOTA","Station Wagon","M",60,"60-64","Drivers"
"T20190018884","27/9/19",16:45:00,"Collision with vehicle","Friday","Day",4,6,"Cross intersection",3,80,"A",2017,"WAGON","NISSAN","Station Wagon","M",54,"50-59","Drivers"
"T20190018884","27/9/19",16:45:00,"Collision with vehicle","Friday","Day",4,6,"Cross intersection",3,80,"B",2011,"SEDAN","VOLKS","Car","M",22,"22-25","Drivers"
"T20190018884","27/9/19",16:45:00,"Collision with vehicle","Friday","Day",4,6,"Cross intersection",3,80,"C",2016,"SEDAN","MAZDA","Car","M",56,"50-59","Drivers"
"T20190018884","27/9/19",16:45:00,"Collision with vehicle","Friday","Day",4,6,"Cross intersection",3,80,"D",2018,"SEDAN","TOYOTA","Car","M",43,"40-49","Drivers"
"T20190018886","27/9/19",15:45:00,"Collision with vehicle","Friday","Day",3,5,"Not at intersection",3,80,"A",2010,"SEDAN","TOYOTA","Car","M",42,"40-49","Drivers"
"T20190018886","27/9/19",15:45:00,"Collision with vehicle","Friday","Day",3,5,"Not at intersection",3,80,"C",2011,"SEDAN","AUDI","Car","M",32,"30-39","Drivers"
"T20190018886","27/9/19",15:45:00,"Collision with vehicle","Friday","Day",3,5,"Not at intersection",3,80,"D",1998,"SEDAN","HOLDEN","Car","F",28,"26-29","Drivers"
"T20190018888","4/9/19",15:30:00,"Collision with vehicle","Wednesday","Day",2,2,"Not at intersection",3,80,"A",0,"P VAN","NISSAN","Panel Van","M",19,"17-21","Drivers"
"T20190018888","4/9/19",15:30:00,"Collision with vehicle","Wednesday","Day",2,2,"Not at intersection",3,80,"B",0,"UTIL","NIS","Utility","M",62,"60-64","Drivers"
"T20190018889","27/9/19",18:30:00,"Collision with vehicle","Friday","Dark Street lights on",2,2,"Cross intersection",3,70,"A",2016,"S WAG","HOLDEN","Station Wagon","M",68,"64-69","Drivers"
"T20190018889","27/9/19",18:30:00,"Collision with vehicle","Friday","Dark Street lights on",2,2,"Cross intersection",3,70,"B",2010,"SEDAN","NISSAN","Car","F",19,"17-21","Drivers"
"T20190018890","27/9/19",17:46:00,"Collision with a fixed object","Friday","Dusk/Dawn",1,1,"Not at intersection",3,60,"A",2008,"WAGON","KIA","Station Wagon","M",48,"40-49","Drivers"
"T20190018891","27/9/19",19:27:00,"Collision with vehicle","Friday","Dark Street lights on",2,3,"T intersection",3,50,"A",2017,"SEDAN","B M W","Car","M",24,"22-25","Drivers"
"T20190018891","27/9/19",19:27:00,"Collision with vehicle","Friday","Dark Street lights on",2,3,"T intersection",3,50,"B",2015,"SED","HYNDAI","Car","F",19,"17-21","Drivers"
"T20190018892","27/9/19",19:10:00,"Collision with vehicle","Friday","Dark Street lights on",2,2,"Cross intersection",3,50,"B",2016,"UTIL","TOYOTA","Utility","M",47,"40-49","Drivers"
"T20190018893","27/9/19",17:38:00,"Collision with vehicle","Friday","Day",2,6,"T intersection",3,60,"A",2003,"SEDAN","MERC B","Car","M",64,"60-64","Drivers"
"T20190018893","27/9/19",17:38:00,"Collision with vehicle","Friday","Day",2,6,"T intersection",3,60,"B",2017,"SEDAN","TOYOTA","Car","M",35,"30-39","Drivers"
"T20190018896","27/9/19",16:38:00,"Collision with vehicle","Friday","Day",2,2,"Not at intersection",3,80,"A",2002,"WAGON","KIA","Station Wagon","M",39,"30-39","Drivers"
"T20190018896","27/9/19",16:38:00,"Collision with vehicle","Friday","Day",2,2,"Not at intersection",3,80,"B",2005,"WAGON","FORD","Station Wagon","M",27,"26-29","Drivers"
"T20190018898","27/9/19",19:20:00,"Collision with a fixed object","Friday","Dark No street lights",1,2,"Not at intersection",2,60,"A",2009,"SEDAN","TOYOTA","Car","F",18,"17-21","Drivers"
"T20190018899","27/9/19",22:07:00,"Struck Pedestrian","Friday","Dark Street lights on",1,2,"Cross intersection",3,80,"A",2015,"SEDAN","TOYOTA","Car","M",25,"22-25","Drivers"
"T20190018900","27/9/19",19:58:00,"Collision with a fixed object","Friday","Dusk/Dawn",1,2,"T intersection",3,50,"A",2006,"SEDAN","TOYOTA","Car","F",66,"64-69","Drivers"
"T20190018902","27/9/19",21:08:00,"Collision with vehicle","Friday","Dark Street lights on",2,3,"Cross intersection",3,60,"A",2018,"WAGON","MITSUB","Station Wagon","F",64,"60-64","Drivers"
"T20190018902","27/9/19",21:08:00,"Collision with vehicle","Friday","Dark Street lights on",2,3,"Cross intersection",3,60,"B",2016,"S WAG","MAZDA","Station Wagon","F",60,"60-64","Drivers"
"T20190018905","27/9/19",23:58:00,"Collision with vehicle","Friday","Dark Street lights on",4,7,"Not at intersection",3,100,"A",2007,"SEDAN","HOLDEN","Car","M",21,"17-21","Drivers"
"T20190018905","27/9/19",23:58:00,"Collision with vehicle","Friday","Dark Street lights on",4,7,"Not at intersection",3,100,"B",2019,"WAGON","TOYOTA","Station Wagon","M",36,"30-39","Drivers"
"T20190018905","27/9/19",23:58:00,"Collision with vehicle","Friday","Dark Street lights on",4,7,"Not at intersection",3,100,"C",2015,"SEDAN","SUZUKI","Car","M",33,"30-39","Drivers"
"T20190018905","27/9/19",23:58:00,"Collision with vehicle","Friday","Dark Street lights on",4,7,"Not at intersection",3,100,"D",2001,"SEDAN","NISSAN","Car","F",27,"26-29","Drivers"
"T20190018912","28/9/19",06:05:00,"Collision with a fixed object","Saturday","Day",1,1,"Not at intersection",3,60,"A",1997,"SEDAN","TOYOTA","Car","M",20,"17-21","Drivers"
"T20190018914","25/5/19",08:00:00,"Collision with vehicle","Saturday","Day",2,2,"Not at intersection",3,70,"A",2006,"SEDAN","HONDA","Car","F",44,"40-49","Drivers"
"T20190018914","25/5/19",08:00:00,"Collision with vehicle","Saturday","Day",2,2,"Not at intersection",3,70,"B",2012,"SEDAN","MITSUB","Car","F",51,"50-59","Drivers"
"T20190018917","28/9/19",09:00:00,"Collision with vehicle","Saturday","Day",3,6,"Unknown",3,50,"A",2014,"SEDAN","TOYOTA","Car","M",63,"60-64","Drivers"
"T20190018917","28/9/19",09:00:00,"Collision with vehicle","Saturday","Day",3,6,"Unknown",3,50,"B",2005,"UTIL","HOLDEN","Utility","M",35,"30-39","Drivers"
"T20190018917","28/9/19",09:00:00,"Collision with vehicle","Saturday","Day",3,6,"Unknown",3,50,"C",2014,"DC UTE","VOLKS","Utility","F",56,"50-59","Drivers"
"T20190018918","25/9/19",16:40:00,"Collision with vehicle","Wednesday","Unknown",2,2,"Not at intersection",3,999,"A",2017,"SED","HOLDEN","Car","M",35,"30-39","Drivers"
"T20190018918","25/9/19",16:40:00,"Collision with vehicle","Wednesday","Unknown",2,2,"Not at intersection",3,999,"B",2011,"WAGON","MAZDA","Station Wagon","F",48,"40-49","Drivers"
"T20190018919","28/9/19",09:30:00,"Collision with a fixed object","Saturday","Day",1,2,"T intersection",3,60,"A",2012,"S WAG","TOYOTA","Station Wagon","M",57,"50-59","Drivers"
"T20190018920","27/9/19",16:45:00,"Collision with vehicle","Friday","Day",3,6,"T intersection",3,50,"A",2017,"WAGON","NISSAN","Station Wagon","M",48,"40-49","Drivers"
"T20190018920","27/9/19",16:45:00,"Collision with vehicle","Friday","Day",3,6,"T intersection",3,50,"B",2012,"SEDAN","HONDA","Car","F",78,"70+","Drivers"
"T20190018920","27/9/19",16:45:00,"Collision with vehicle","Friday","Day",3,6,"T intersection",3,50,"C",2008,"SEDAN","MERC B","Car","M",58,"50-59","Drivers"
"T20190018921","27/9/19",09:02:00,"Collision with vehicle","Friday","Day",2,2,"Cross intersection",3,60,"A",2013,"SEDAN","TOYOTA","Car","F",23,"22-25","Drivers"
"T20190018921","27/9/19",09:02:00,"Collision with vehicle","Friday","Day",2,2,"Cross intersection",3,60,"B",2009,"SEDAN","FORD","Car","F",62,"60-64","Drivers"
"T20190018922","17/9/19",18:00:00,"Collision with vehicle","Tuesday","Dusk/Dawn",2,3,"Cross intersection",3,60,"A",2006,"SEDAN","REN","Car","M",31,"30-39","Drivers"
"T20190018922","17/9/19",18:00:00,"Collision with vehicle","Tuesday","Dusk/Dawn",2,3,"Cross intersection",3,60,"B",2009,"SEDAN","MAZDA","Car","F",27,"26-29","Drivers"
"T20190018924","28/9/19",11:01:00,"Collision with vehicle","Saturday","Day",2,5,"Cross intersection",3,60,"A",2018,"WAGON","VOLVO","Station Wagon","M",61,"60-64","Drivers"
"T20190018924","28/9/19",11:01:00,"Collision with vehicle","Saturday","Day",2,5,"Cross intersection",3,60,"B",2003,"COUPE","HONDA","Car","M",29,"26-29","Drivers"
"T20190018927","28/9/19",13:51:00,"Collision with vehicle","Saturday","Day",2,2,"T intersection",3,50,"A",2000,"WAGON","TOYOTA","Station Wagon","M",71,"70+","Drivers"
"T20190018928","28/9/19",11:26:00,"Collision with a fixed object","Saturday","Day",1,1,"Not at intersection",3,100,"A",2017,"SEDAN","HYNDAI","Car","F",21,"17-21","Drivers"
"T20190018930","25/9/19",16:16:00,"Collision with vehicle","Wednesday","Day",2,4,"T intersection",3,60,"A",2018,"UTIL","NISSAN","Utility","M",42,"40-49","Drivers"
"T20190018930","25/9/19",16:16:00,"Collision with vehicle","Wednesday","Day",2,4,"T intersection",3,60,"B",2005,"UTIL","FORD","Utility","M",43,"40-49","Drivers"
"T20190018934","28/9/19",08:43:00,"Collision with a fixed object","Saturday","Day",1,1,"Not at intersection",2,100,"A",2007,"SEDAN","FORD","Car","F",71,"70+","Drivers"
"T20190018937","28/9/19",10:55:00,"Collision with vehicle","Saturday","Day",2,2,"T intersection",3,40,"A",2013,"WAGON","B M W","Station Wagon","F",28,"26-29","Drivers"