"ACCIDENT_NO","ACCIDENTDATE","ACCIDENTTIME","Accident Type Desc","Day Week Description","Light Condition Desc","NO_OF_VEHICLES","NO_PERSONS","Road Geometry Desc","SEVERITY","SPEED_ZONE","VEHICLE_ID","VEHICLE_YEAR_MANUF","VEHICLE_BODY_STYLE","VEHICLE_MAKE","Vehicle Type Desc","SEX","AGE","Age Group","Road User Type Desc"
"T20190018939","18/9/19",20:00:00,"Collision with vehicle","Wednesday","Dark Street lights on",2,2,"Cross intersection",3,60,"A",2017,"UTIL","FORD","Utility","M",22,"22-25","Drivers"
"T20190018939","18/9/19",20:00:00,"Collision with vehicle","Wednesday","Dark Street lights on",2,2,"Cross intersection",3,60,"B",2018,"SEDAN","HYNDAI","Car","F",30,"30-39","Drivers"
"T20190018942","28/9/19",16:50:00,"Collision with vehicle","Saturday","Day",2,3,"Not at intersection",3,50,"A",2012,"TRAY","TOYOTA","Light Commercial Vehicle (Rigid) <= 4.5 Tonnes GVM","M",23,"22-25","Drivers"
"T20190018942","28/9/19",16:50:00,"Collision with vehicle","Saturday","Day",2,3,"Not at intersection",3,50,"B",2007,"TRAY","HOLDEN","Light Commercial Vehicle (Rigid) <= 4.5 Tonnes GVM","F",46,"40-49","Drivers"
"T20190018944","27/9/19",15:30:00,"Collision with a fixed object","Friday","Day",1,1,"Multiple intersection",3,60,"A",2013,"SEDAN","TOYOTA","Car","F",73,"70+","Drivers"
"T20190018945","28/9/19",17:25:00,"Collision with vehicle","Saturday","Day",2,2,"Cross intersection",3,999,"A",2003,"SEDAN","CITRN","Car","F",27,"26-29","Drivers"
"T20190018945","28/9/19",17:25:00,"Collision with vehicle","Saturday","Day",2,2,"Cross intersection",3,999,"B",2015,"SEDAN","MAZDA","Car","M",19,"17-21","Drivers"
"T20190018947","28/9/19",02:20:00,"Collision with a fixed object","Saturday","Dark Street lights on",2,2,"Not at intersection",3,80,"A",1996,"SEDAN","SUBARU","Car","M",45,"40-49","Drivers"
"T20190018947","28/9/19",02:20:00,"Collision with a fixed object","Saturday","Dark Street lights on",2,2,"Not at intersection",3,80,"B",2013,"SEDAN","TOYOTA","Car","M",48,"40-49","Drivers"
"T20190018948","28/9/19",15:30:00,"Collision with vehicle","Saturday","Day",2,2,"Cross intersection",3,50,"A",2012,"SEDAN","TOYOTA","Car","M",45,"40-49","Drivers"
"T20190018948","28/9/19",15:30:00,"Collision with vehicle","Saturday","Day",2,2,"Cross intersection",3,50,"B",2007,"WAGON","L ROV","Station Wagon","F",42,"40-49","Drivers"
"T20190018949","28/9/19",16:47:00,"Collision with a fixed object","Saturday","Day",2,2,"Not at intersection",3,60,"A",2012,"WAGON","L ROV","Station Wagon","M",68,"64-69","Drivers"
"T20190018951","28/9/19",22:07:00,"Collision with vehicle","Saturday","Dark Street lights on",2,2,"Not at intersection",3,70,"A",2004,"COUPE","HYNDAI","Car","M",29,"26-29","Drivers"
"T20190018951","28/9/19",22:07:00,"Collision with vehicle","Saturday","Dark Street lights on",2,2,"Not at intersection",3,70,"B",2017,"WAGON","HONDA","Station Wagon","F",23,"22-25","Drivers"
"T20190018952","28/9/19",20:30:00,"Collision with a fixed object","Saturday","Dark Street lights on",1,1,"T intersection",3,100,"A",2012,"UTIL","HOLDEN","Utility","M",52,"50-59","Drivers"
"T20190018955","29/9/19",00:30:00,"Struck Pedestrian","Sunday","Dark Street lights on",1,2,"Cross intersection",2,40,"A",2010,"SEDAN","TOYOTA","Taxi","M",41,"40-49","Drivers"
"T20190018969","29/9/19",10:20:00,"Collision with vehicle","Sunday","Day",2,3,"Cross intersection",3,60,"A",2016,"UTIL","MAZDA","Utility","M",28,"26-29","Drivers"
"T20190018969","29/9/19",10:20:00,"Collision with vehicle","Sunday","Day",2,3,"Cross intersection",3,60,"B",2004,"SEDAN","FORD","Car","F",42,"40-49","Drivers"
"T20190018971","27/9/19",20:34:00,"Struck Pedestrian","Friday","Dark No street lights",1,2,"Not at intersection",2,50,"A",2007,"SEDAN","TOYOTA","Car","M",48,"40-49","Drivers"
"T20190018972","10/9/19",15:00:00,"Collision with vehicle","Tuesday","Day",2,2,"T intersection",3,80,"A",2016,"SEDAN","LEXUS","Car","F",46,"40-49","Drivers"
"T20190018972","10/9/19",15:00:00,"Collision with vehicle","Tuesday","Day",2,2,"T intersection",3,80,"B",2010,"SEDAN","HOLDEN","Car","F",26,"26-29","Drivers"
"T20190018973","23/9/19",21:00:00,"Collision with a fixed object","Monday","Dark No street lights",1,1,"Cross intersection",3,70,"A",2010,"COUPE","PORSCH","Car","F",49,"40-49","Drivers"
"T20190018974","29/9/19",13:40:00,"Collision with vehicle","Sunday","Day",2,3,"Cross intersection",2,70,"A",2019,"SEDAN","PEUG","Car","M",33,"30-39","Drivers"
"T20190018974","29/9/19",13:40:00,"Collision with vehicle","Sunday","Day",2,3,"Cross intersection",2,70,"B",2012,"WAGON","MAZDA","Station Wagon","F",53,"50-59","Drivers"
"T20190018978","29/9/19",11:10:00,"Collision with vehicle","Sunday","Day",2,2,"Not at intersection",3,80,"A",1989,"S WAG","TOYOTA","Station Wagon","M",42,"40-49","Drivers"
"T20190018978","29/9/19",11:10:00,"Collision with vehicle","Sunday","Day",2,2,"Not at intersection",3,80,"B",2004,"SEDAN","HOLDEN","Car","M",81,"70+","Drivers"
"T20190018979","29/9/19",14:15:00,"Collision with a fixed object","Sunday","Day",1,1,"Not at intersection",3,50,"A",2010,"UTIL","HOLDEN","Utility","M",25,"22-25","Drivers"
"T20190018980","29/9/19",11:37:00,"Collision with vehicle","Sunday","Day",2,3,"Not at intersection",3,60,"A",2008,"WAGON","FORD","Station Wagon","M",22,"22-25","Drivers"
"T20190018980","29/9/19",11:37:00,"Collision with vehicle","Sunday","Day",2,3,"Not at intersection",3,60,"B",2004,"SEDAN","TOYOTA","Car","F",34,"30-39","Drivers"
"T20190018981","29/9/19",13:51:00,"Collision with a fixed object","Sunday","Day",1,3,"Not at intersection",3,100,"A",2016,"WAGON","MAZDA","Car","F",32,"30-39","Drivers"
"T20190018982","29/9/19",14:30:00,"Collision with a fixed object","Sunday","Day",1,4,"Not at intersection",2,80,"A",2000,"S WAG","HOLDEN","Station Wagon","M",37,"30-39","Drivers"
"T20190018987","29/9/19",14:55:00,"Collision with vehicle","Sunday","Day",2,2,"Not at intersection",3,50,"A",2017,"SEDAN","SUZUKI","Car","F",21,"17-21","Drivers"
"T20190018988","29/9/19",15:50:00,"Collision with a fixed object","Sunday","Day",1,1,"T intersection",3,60,"A",2018,"SEDAN","TOYOTA","Car","M",18,"17-21","Drivers"
"T20190018991","29/9/19",18:50:00,"Collision with vehicle","Sunday","Dark Street lights on",2,2,"Cross intersection",3,60,"A",2013,"WAGON","NISSAN","Station Wagon","M",77,"70+","Drivers"
"T20190018991","29/9/19",18:50:00,"Collision with vehicle","Sunday","Dark Street lights on",2,2,"Cross intersection",3,60,"B",2010,"SEDAN","FORD","Car","M",23,"22-25","Drivers"
"T20190018994","29/9/19",19:59:00,"Collision with a fixed object","Sunday","Dark Street lights on",1,1,"Cross intersection",2,50,"A",2009,"WAGON","LEXUS","Station Wagon","M",65,"64-69","Drivers"
"T20190018996","26/9/19",15:18:00,"Collision with vehicle","Thursday","Day",3,3,"T intersection",2,80,"A",2010,"VAN","HYNDAI","Panel Van","M",41,"40-49","Drivers"
"T20190018996","26/9/19",15:18:00,"Collision with vehicle","Thursday","Day",3,3,"T intersection",2,80,"B",2012,"P MVR","KENWTH","Prime Mover Only","M",33,"30-39","Drivers"
"T20190018996","26/9/19",15:18:00,"Collision with vehicle","Thursday","Day",3,3,"T intersection",2,80,"C",2004,"C CHAS","ISUZU","Heavy Vehicle (Rigid) > 4.5 Tonnes","M",49,"40-49","Drivers"
"T20190018998","29/9/19",21:20:00,"Collision with vehicle","Sunday","Dark Street lights on",2,2,"Not at intersection",3,40,"A",2010,"SEDAN","HONDA","Car","M",23,"22-25","Drivers"
"T20190019000","29/9/19",19:40:00,"Collision with a fixed object","Sunday","Dark No street lights",2,5,"Not at intersection",3,100,"A",1998,"SEDAN","B M W","Car","M",21,"17-21","Drivers"
"T20190019000","29/9/19",19:40:00,"Collision with a fixed object","Sunday","Dark No street lights",2,5,"Not at intersection",3,100,"B",2011,"WAGON","HONDA","Station Wagon","M",43,"40-49","Drivers"
"T20190019001","29/9/19",18:24:00,"Collision with vehicle","Sunday","Dusk/Dawn",3,6,"Not at intersection",3,80,"A",2011,"SEDAN","TOYOTA","Car","M",34,"30-39","Drivers"
"T20190019001","29/9/19",18:24:00,"Collision with vehicle","Sunday","Dusk/Dawn",3,6,"Not at intersection",3,80,"B",2005,"SEDAN","HYNDAI","Car","F",61,"60-64","Drivers"
"T20190019001","29/9/19",18:24:00,"Collision with vehicle","Sunday","Dusk/Dawn",3,6,"Not at intersection",3,80,"C",2014,"SEDAN","NISSAN","Car","M",26,"26-29","Drivers"
"T20190019003","29/9/19",19:48:00,"Collision with vehicle","Sunday","Dark Street lights on",2,5,"Cross intersection",1,80,"A",2005,"SEDAN","MAZDA","Car","M",19,"17-21","Drivers"
"T20190019003","29/9/19",19:48:00,"Collision with vehicle","Sunday","Dark Street lights on",2,5,"Cross intersection",1,80,"B",1999,"SEDAN","NISSAN","Car","M",21,"17-21","Drivers"
"T20190019004","7/5/19",14:00:00,"Collision with vehicle","Tuesday","Unknown",2,2,"T intersection",3,999,"A",2009,"COUPE","UNKN","Car","M",32,"30-39","Drivers"
"T20190019004","7/5/19",14:00:00,"Collision with vehicle","Tuesday","Unknown",2,2,"T intersection",3,999,"B",2007,"UTIL","HOLDEN","Utility","U",NA,"unknown","Drivers"
"T20190019006","29/9/19",22:20:00,"Collision with vehicle","Sunday","Dark Street lights on",2,2,"Not at intersection",3,40,"B",2014,"SEDAN","TOYOTA","Taxi","M",23,"22-25","Drivers"
"T20190019007","30/9/19",05:06:00,"Collision with vehicle","Monday","Dark No street lights",2,3,"Not at intersection",3,60,"A",2002,"WAGON","FORD","Station Wagon","M",55,"50-59","Drivers"
"T20190019007","30/9/19",05:06:00,"Collision with vehicle","Monday","Dark No street lights",2,3,"Not at intersection",3,60,"B",2003,"WAGON","SUBARU","Station Wagon","F",30,"30-39","Drivers"
"T20190019008","23/9/19",13:05:00,"Collision with vehicle","Monday","Day",2,2,"Cross intersection",3,50,"A",2018,"SEDAN","SKODA","Car","F",78,"70+","Drivers"
"T20190019008","23/9/19",13:05:00,"Collision with vehicle","Monday","Day",2,2,"Cross intersection",3,50,"B",2005,"WAGON","FORD","Station Wagon","F",32,"30-39","Drivers"
"T20190019010","30/9/19",07:39:00,"Collision with vehicle","Monday","Day",3,3,"Not at intersection",3,80,"A",2018,"SEDAN","SUBARU","Car","M",28,"26-29","Drivers"
"T20190019010","30/9/19",07:39:00,"Collision with vehicle","Monday","Day",3,3,"Not at intersection",3,80,"B",2006,"SEDAN","SUBARU","Car","F",42,"40-49","Drivers"
"T20190019010","30/9/19",07:39:00,"Collision with vehicle","Monday","Day",3,3,"Not at intersection",3,80,"C",2009,"TRAY","FORD","Light Commercial Vehicle (Rigid) <= 4.5 Tonnes GVM","M",25,"22-25","Drivers"
"T20190019016","30/9/19",07:43:00,"Collision with vehicle","Monday","Day",2,2,"Cross intersection",3,80,"A",1992,"WAGON","TOYOTA","Car","M",32,"30-39","Drivers"
"T20190019016","30/9/19",07:43:00,"Collision with vehicle","Monday","Day",2,2,"Cross intersection",3,80,"B",2013,"SEDAN","MAZDA","Car","F",29,"26-29","Drivers"
"T20190019019","14/9/19",10:30:00,"Collision with vehicle","Saturday","Day",2,2,"Multiple intersection",3,60,"A",2011,"SEDAN","MAZDA","Car","F",43,"40-49","Drivers"
"T20190019019","14/9/19",10:30:00,"Collision with vehicle","Saturday","Day",2,2,"Multiple intersection",3,60,"B",2001,"S WAG","HOLDEN","Station Wagon","M",60,"60-64","Drivers"
"T20190019022","15/7/19",18:10:00,"Collision with vehicle","Monday","Dark Street lights on",2,2,"Not at intersection",3,60,"A",2003,"SEDAN","VOLKS","Car","M",35,"30-39","Drivers"
"T20190019022","15/7/19",18:10:00,"Collision with vehicle","Monday","Dark Street lights on",2,2,"Not at intersection",3,60,"B",2006,"SEDAN","LEXUS","Car","F",21,"17-21","Drivers"
"T20190019025","30/9/19",12:15:00,"Collision with vehicle","Monday","Day",2,2,"Cross intersection",3,50,"A",2005,"SEDAN","HONDA","Car","M",79,"70+","Drivers"
"T20190019025","30/9/19",12:15:00,"Collision with vehicle","Monday","Day",2,2,"Cross intersection",3,50,"B",2016,"TIPPER","MITSUB","Light Commercial Vehicle (Rigid) <= 4.5 Tonnes GVM","F",26,"26-29","Drivers"
"T20190019029","30/9/19",07:51:00,"Collision with vehicle","Monday","Day",2,3,"Not at intersection",3,999,"A",2006,"TRAY","FORD","Light Commercial Vehicle (Rigid) <= 4.5 Tonnes GVM","M",54,"50-59","Drivers"
"T20190019029","30/9/19",07:51:00,"Collision with vehicle","Monday","Day",2,3,"Not at intersection",3,999,"B",2010,"TIPPER","W STAR","Heavy Vehicle (Rigid) > 4.5 Tonnes","M",34,"30-39","Drivers"
"T20190019031","27/8/19",17:25:00,"Collision with vehicle","Tuesday","Day",2,3,"Not at intersection",3,60,"A",2015,"SEDAN","M MOVE","Car","M",35,"30-39","Drivers"
"T20190019031","27/8/19",17:25:00,"Collision with vehicle","Tuesday","Day",2,3,"Not at intersection",3,60,"B",2010,"SEDAN","HONDA","Car","M",45,"40-49","Drivers"
"T20190019032","30/9/19",10:20:00,"Collision with a fixed object","Monday","Day",1,1,"Not at intersection",3,50,"A",2007,"WAGON","TOYOTA","Station Wagon","F",73,"70+","Drivers"
"T20190019033","28/9/19",12:55:00,"Fall from or in moving vehicle","Saturday","Day",1,3,"T intersection",1,50,"A",2010,"UTIL","MITSUB","Utility","M",35,"30-39","Drivers"
"T20190019034","29/7/19",18:15:00,"Collision with vehicle","Monday","Unknown",3,3,"Cross intersection",3,60,"A",2006,"S WAG","SUBARU","Station Wagon","M",49,"40-49","Drivers"
"T20190019034","29/7/19",18:15:00,"Collision with vehicle","Monday","Unknown",3,3,"Cross intersection",3,60,"B",2011,"SEDAN","FORD","Car","U",NA,"unknown","Drivers"
"T20190019037","29/9/19",09:45:00,"Collision with vehicle","Sunday","Unknown",2,2,"Cross intersection",3,999,"A",2015,"WAGON","HONDA","Station Wagon","F",45,"40-49","Drivers"
"T20190019037","29/9/19",09:45:00,"Collision with vehicle","Sunday","Unknown",2,2,"Cross intersection",3,999,"B",2007,"WAGON","B M W","Station Wagon","F",58,"50-59","Drivers"
"T20190019039","30/9/19",12:34:00,"Collision with vehicle","Monday","Day",3,4,"Not at intersection",3,80,"A",2017,"SEDAN","MERC B","Car","M",49,"40-49","Drivers"
"T20190019039","30/9/19",12:34:00,"Collision with vehicle","Monday","Day",3,4,"Not at intersection",3,80,"B",2019,"WAGON","TOYOTA","Station Wagon","F",30,"30-39","Drivers"
"T20190019039","30/9/19",12:34:00,"Collision with vehicle","Monday","Day",3,4,"Not at intersection",3,80,"C",2019,"SKIP C","FUSO","Light Commercial Vehicle (Rigid) <= 4.5 Tonnes GVM","M",39,"30-39","Drivers"
"T20190019040","18/9/19",18:00:00,"Collision with vehicle","Wednesday","Dusk/Dawn",2,3,"Cross intersection",3,60,"A",2007,"SEDAN","TOYOTA","Car","F",41,"40-49","Drivers"
"T20190019040","18/9/19",18:00:00,"Collision with vehicle","Wednesday","Dusk/Dawn",2,3,"Cross intersection",3,60,"B",2010,"SEDAN","TOYOTA","Car","F",21,"17-21","Drivers"
"T20190019042","30/9/19",13:15:00,"Collision with vehicle","Monday","Day",3,3,"Not at intersection",3,80,"A",2007,"SEDAN","NISSAN","Car","F",60,"60-64","Drivers"
"T20190019042","30/9/19",13:15:00,"Collision with vehicle","Monday","Day",3,3,"Not at intersection",3,80,"B",2008,"RDSTR","B M W","Car","M",60,"60-64","Drivers"
"T20190019042","30/9/19",13:15:00,"Collision with vehicle","Monday","Day",3,3,"Not at intersection",3,80,"C",2012,"SEDAN","SUBARU","Car","M",56,"50-59","Drivers"
"T20190019043","24/9/19",17:30:00,"No collision and no object struck","Tuesday","Day",2,2,"Cross intersection",3,60,"B",NA,"SEDAN","UNKN","Car","U",NA,"unknown","Drivers"
"T20190019044","30/9/19",12:45:00,"collision with some other object","Monday","Day",1,2,"Not at intersection",3,50,"A",2016,"G UNIT","IVECO","Heavy Vehicle (Rigid) > 4.5 Tonnes","F",45,"40-49","Drivers"
"T20190019045","30/9/19",15:00:00,"Collision with vehicle","Monday","Day",2,4,"Cross intersection",3,50,"A",2001,"SEDAN","HOLDEN","Car","M",23,"22-25","Drivers"
"T20190019045","30/9/19",15:00:00,"Collision with vehicle","Monday","Day",2,4,"Cross intersection",3,50,"B",2011,"VAN","MERC B","Panel Van","F",41,"40-49","Drivers"
"T20190019046","30/9/19",14:20:00,"Struck Pedestrian","Monday","Day",1,2,"Not at intersection",3,60,"A",2012,"UTIL","HOLDEN","Utility","M",23,"22-25","Drivers"
"T20190019047","30/9/19",14:16:00,"Vehicle overturned (no collision)","Monday","Day",1,1,"Not at intersection",3,80,"A",2002,"DC UTE","TOYOTA","Utility","M",21,"17-21","Drivers"
"T20190019049","26/9/19",17:30:00,"Collision with vehicle","Thursday","Unknown",2,2,"Cross intersection",3,999,"A",2003,"SEDAN","TOYOTA","Car","M",58,"50-59","Drivers"
"T20190019049","26/9/19",17:30:00,"Collision with vehicle","Thursday","Unknown",2,2,"Cross intersection",3,999,"B",2009,"SEDAN","HYNDAI","Car","M",25,"22-25","Drivers"
"T20190019051","30/9/19",13:10:00,"Collision with vehicle","Monday","Day",3,6,"Not at intersection",3,60,"A",2006,"SEDAN","HYNDAI","Car","M",66,"64-69","Drivers"
"T20190019051","30/9/19",13:10:00,"Collision with vehicle","Monday","Day",3,6,"Not at intersection",3,60,"B",2013,"SEDAN","TOYOTA","Car","M",23,"22-25","Drivers"
"T20190019051","30/9/19",13:10:00,"Collision with vehicle","Monday","Day",3,6,"Not at intersection",3,60,"C",1992,"MULTI","HOLDEN","Utility","M",21,"17-21","Drivers"
"T20190019053","30/9/19",12:40:00,"Collision with vehicle","Monday","Day",2,3,"Cross intersection",3,60,"A",2017,"WAGON","MERC B","Station Wagon","U",43,"40-49","Drivers"
"T20190019053","30/9/19",12:40:00,"Collision with vehicle","Monday","Day",2,3,"Cross intersection",3,60,"B",2007,"SEDAN","HOLDEN","Car","M",42,"40-49","Drivers"
"T20190019054","30/9/19",13:20:00,"Collision with vehicle","Monday","Day",2,2,"T intersection",3,80,"A",2008,"VAN","MITSUB","Panel Van","M",64,"60-64","Drivers"
"T20190019054","30/9/19",13:20:00,"Collision with vehicle","Monday","Day",2,2,"T intersection",3,80,"B",2005,"SEDAN","MAZDA","Car","F",26,"26-29","Drivers"
"T20190019055","23/6/19",12:30:00,"Collision with vehicle","Sunday","Day",2,2,"T intersection",3,80,"A",2011,"WAGON","TOYOTA","Station Wagon","F",51,"50-59","Drivers"
"T20190019055","23/6/19",12:30:00,"Collision with vehicle","Sunday","Day",2,2,"T intersection",3,80,"B",1998,"WAGON","TOYOTA","Station Wagon","M",48,"40-49","Drivers"
"T20190019056","21/1/19",15:00:00,"Collision with vehicle","Monday","Day",2,2,"T intersection",3,60,"A",2016,"SEDAN","HYNDAI","Car","F",25,"22-25","Drivers"
"T20190019056","21/1/19",15:00:00,"Collision with vehicle","Monday","Day",2,2,"T intersection",3,60,"B",2014,"SEDAN","KIA","Car","F",24,"22-25","Drivers"
"T20190019061","30/9/19",18:04:00,"Collision with vehicle","Monday","Dusk/Dawn",2,2,"Cross intersection",3,60,"A",1998,"WAGON","TOYOTA","Car","M",38,"30-39","Drivers"
"T20190019064","3/9/19",11:30:00,"Collision with vehicle","Tuesday","Day",2,2,"T intersection",3,60,"A",2008,"SEDAN","TOYOTA","Car","F",49,"40-49","Drivers"
"T20190019064","3/9/19",11:30:00,"Collision with vehicle","Tuesday","Day",2,2,"T intersection",3,60,"B",2013,"UTIL","FORD","Utility","M",58,"50-59","Drivers"
"T20190019065","30/9/19",16:35:00,"Collision with vehicle","Monday","Day",2,3,"T intersection",3,60,"A",0,"SED","HOLDEN","Car","M",23,"22-25","Drivers"
"T20190019065","30/9/19",16:35:00,"Collision with vehicle","Monday","Day",2,3,"T intersection",3,60,"B",2007,"S WAG","FORD","Station Wagon","M",40,"40-49","Drivers"
"T20190019066","25/9/19",12:15:00,"Collision with vehicle","Wednesday","Day",2,2,"Multiple intersection",3,70,"A",2012,"SEDAN","FORD","Car","F",61,"60-64","Drivers"
"T20190019066","25/9/19",12:15:00,"Collision with vehicle","Wednesday","Day",2,2,"Multiple intersection",3,70,"B",2000,"SEDAN","VOLKS","Car","F",55,"50-59","Drivers"
"T20190019069","30/9/19",17:10:00,"Collision with vehicle","Monday","Day",2,2,"Not at intersection",3,100,"A",2010,"WAGON","HOLDEN","Station Wagon","M",21,"17-21","Drivers"
"T20190019070","30/9/19",15:53:00,"Collision with vehicle","Monday","Day",2,2,"T intersection",3,60,"B",2003,"SEDAN","SUZUKI","Car","M",25,"22-25","Drivers"
"T20190019071","29/9/19",14:30:00,"Struck Pedestrian","Sunday","Day",1,3,"Not at intersection",3,50,"A",0,"SEDAN","MAZDA","Car","U",NA,"unknown","Drivers"
"T20190019073","30/9/19",19:40:00,"Collision with vehicle","Monday","Dark Street lights on",2,3,"Cross intersection",3,50,"A",2006,"SEDAN","HOLDEN","Car","M",23,"22-25","Drivers"
"T20190019073","30/9/19",19:40:00,"Collision with vehicle","Monday","Dark Street lights on",2,3,"Cross intersection",3,50,"B",2008,"UTIL","HOLDEN","Utility","M",38,"30-39","Drivers"
"T20190019074","30/9/19",16:44:00,"Collision with vehicle","Monday","Day",2,3,"Not at intersection",3,50,"A",2017,"SEDAN","HOLDEN","Car","U",NA,"unknown","Drivers"
"T20190019074","30/9/19",16:44:00,"Collision with vehicle","Monday","Day",2,3,"Not at intersection",3,50,"B",1992,"TRAY","ISUZU","Heavy Vehicle (Rigid) > 4.5 Tonnes","M",35,"30-39","Drivers"
"T20190019078","30/9/19",19:15:00,"Collision with vehicle","Monday","Dusk/Dawn",2,2,"Cross intersection",3,60,"B",2008,"SEDAN","HONDA","Car","F",54,"50-59","Drivers"
"T20190019080","30/9/19",21:15:00,"Struck Pedestrian","Monday","Dark Street lights on",1,2,"T intersection",2,999,"A",0,"SEDAN","UNKN","Car","U",NA,"unknown","Drivers"
"T20190019083","26/9/19",17:39:00,"Collision with vehicle","Thursday","Day",2,2,"T intersection",3,80,"A",2017,"WAGON","KIA","Station Wagon","M",36,"30-39","Drivers"
"T20190019083","26/9/19",17:39:00,"Collision with vehicle","Thursday","Day",2,2,"T intersection",3,80,"B",2000,"WAGON","TOYOTA","Station Wagon","M",27,"26-29","Drivers"
"T20190019085","1/10/19",00:54:00,"Struck Pedestrian","Tuesday","Dark No street lights",1,2,"Not at intersection",3,80,"A",2010,"S WAG","VOLKS","Station Wagon","M",64,"60-64","Drivers"
"T20190019087","30/9/19",13:53:00,"Collision with vehicle","Monday","Day",2,2,"T intersection",3,50,"A",1998,"WAGON","NISSAN","Station Wagon","M",29,"26-29","Drivers"
"T20190019087","30/9/19",13:53:00,"Collision with vehicle","Monday","Day",2,2,"T intersection",3,50,"B",2012,"SEDAN","TOYOTA","Car","F",72,"70+","Drivers"
"T20190019088","1/10/19",06:23:00,"Collision with vehicle","Tuesday","Day",3,3,"Y intersection",3,100,"A",2019,"SEDAN","HYNDAI","Car","M",25,"22-25","Drivers"
"T20190019088","1/10/19",06:23:00,"Collision with vehicle","Tuesday","Day",3,3,"Y intersection",3,100,"B",2001,"SED","AUDI","Car","M",47,"40-49","Drivers"
"T20190019092","1/10/19",07:30:00,"Collision with a fixed object","Tuesday","Day",1,1,"Not at intersection",3,999,"A",2006,"T SDS","MAZDA","Light Commercial Vehicle (Rigid) <= 4.5 Tonnes GVM","M",43,"40-49","Drivers"
"T20190019099","31/5/19",18:30:00,"Collision with a fixed object","Friday","Dusk/Dawn",1,1,"Not at intersection",3,999,"A",2019,"UTIL","MAZDA","Utility","M",24,"22-25","Drivers"
"T20190019103","15/9/19",20:30:00,"Collision with vehicle","Sunday","Dark Street lights on",2,2,"Not at intersection",3,60,"A",2012,"SEDAN","B M W","Car","F",44,"40-49","Drivers"
"T20190019104","1/10/19",10:45:00,"Struck Pedestrian","Tuesday","Day",1,3,"Not at intersection",3,60,"A",2014,"SEDAN","SUZUKI","Car","M",96,"70+","Drivers"
"T20190019105","6/7/19",14:49:00,"Collision with vehicle","Saturday","Day",3,4,"Not at intersection",3,60,"A",2002,"WAGON","FORD","Station Wagon","M",39,"30-39","Drivers"
"T20190019105","6/7/19",14:49:00,"Collision with vehicle","Saturday","Day",3,4,"Not at intersection",3,60,"B",2013,"SEDAN","HOLDEN","Car","F",22,"22-25","Drivers"
"T20190019105","6/7/19",14:49:00,"Collision with vehicle","Saturday","Day",3,4,"Not at intersection",3,60,"C",2004,"UTIL","MERC B","Utility","F",61,"60-64","Drivers"
"T20190019106","1/10/19",11:17:00,"Collision with vehicle","Tuesday","Day",2,3,"Not at intersection",3,70,"A",2016,"SEDAN","NISSAN","Car","F",63,"60-64","Drivers"
"T20190019106","1/10/19",11:17:00,"Collision with vehicle","Tuesday","Day",2,3,"Not at intersection",3,70,"B",2006,"SEDAN","TOYOTA","Car","M",55,"50-59","Drivers"
"T20190019107","10/8/19",08:30:00,"Collision with a fixed object","Saturday","Day",1,1,"Not at intersection",3,80,"A",2006,"SEDAN","NISSAN","Car","F",72,"70+","Drivers"
"T20190019108","14/9/19",19:35:00,"Collision with vehicle","Saturday","Dark Street lights on",2,2,"Cross intersection",3,50,"A",2004,"SEDAN","MAZDA","Car","F",26,"26-29","Drivers"
"T20190019108","14/9/19",19:35:00,"Collision with vehicle","Saturday","Dark Street lights on",2,2,"Cross intersection",3,50,"B",2006,"SEDAN","HOLDEN","Car","M",24,"22-25","Drivers"
"T20190019111","28/9/19",18:30:00,"Struck Pedestrian","Saturday","Dusk/Dawn",1,2,"Not at intersection",3,100,"A",2001,"DC UTE","TOYOTA","Utility","M",20,"17-21","Drivers"
"T20190019112","10/9/19",14:45:00,"Collision with vehicle","Tuesday","Day",2,2,"T intersection",3,60,"A",2017,"WAGON","VOLVO","Station Wagon","F",34,"30-39","Drivers"
"T20190019112","10/9/19",14:45:00,"Collision with vehicle","Tuesday","Day",2,2,"T intersection",3,60,"B",2012,"WAGON","L ROV","Station Wagon","F",26,"26-29","Drivers"
"T20190019114","1/10/19",12:10:00,"Collision with vehicle","Tuesday","Day",2,3,"Not at intersection",3,100,"A",2011,"DC UTE","MITSUB","Utility","M",65,"64-69","Drivers"
"T20190019114","1/10/19",12:10:00,"Collision with vehicle","Tuesday","Day",2,3,"Not at intersection",3,100,"B",2002,"S WAG","FORD","Station Wagon","F",74,"70+","Drivers"
"T20190019115","1/10/19",13:32:00,"Collision with vehicle","Tuesday","Day",3,4,"Cross intersection",3,999,"A",2017,"SEDAN","INFNTI","Car","M",31,"30-39","Drivers"
"T20190019115","1/10/19",13:32:00,"Collision with vehicle","Tuesday","Day",3,4,"Cross intersection",3,999,"B",2009,"SEDAN","TOYOTA","Car","F",20,"17-21","Drivers"
"T20190019115","1/10/19",13:32:00,"Collision with vehicle","Tuesday","Day",3,4,"Cross intersection",3,999,"C",2019,"DC UTE","MAZDA","Utility","M",26,"26-29","Drivers"
"T20190019116","1/10/19",15:45:00,"Collision with a fixed object","Tuesday","Day",1,1,"Not at intersection",3,100,"A",2011,"SEDAN","FORD","Car","M",29,"26-29","Drivers"
"T20190019117","25/9/19",07:00:00,"Collision with a fixed object","Wednesday","Unknown",1,1,"Not at intersection",3,100,"A",2003,"S WAG","HOLDEN","Station Wagon","M",26,"26-29","Drivers"