"ACCIDENT_NO","ACCIDENTDATE","ACCIDENTTIME","Accident Type Desc","Day Week Description","Light Condition Desc","NO_OF_VEHICLES","NO_PERSONS","Road Geometry Desc","SEVERITY","SPEED_ZONE","VEHICLE_ID","VEHICLE_YEAR_MANUF","VEHICLE_BODY_STYLE","VEHICLE_MAKE","Vehicle Type Desc","SEX","AGE","Age Group","Road User Type Desc"
"T20190019118","1/10/19",14:00:00,"Collision with vehicle","Tuesday","Day",3,5,"T intersection",3,100,"A",2016,"WAGON","HYNDAI","Other Vehicle","F",36,"30-39","Drivers"
"T20190019118","1/10/19",14:00:00,"Collision with vehicle","Tuesday","Day",3,5,"T intersection",3,100,"B",2008,"VAN","TOYOTA","Panel Van","M",78,"70+","Drivers"
"T20190019118","1/10/19",14:00:00,"Collision with vehicle","Tuesday","Day",3,5,"T intersection",3,100,"C",2007,"DC UTE","FORD","Utility","F",31,"30-39","Drivers"
"T20190019123","29/9/19",21:15:00,"Collision with vehicle","Sunday","Dark Street lights on",2,2,"Cross intersection",3,40,"B",0,"SEDAN","UNKN","Car","U",NA,"unknown","Drivers"
"T20190019125","1/10/19",15:55:00,"Collision with vehicle","Tuesday","Day",2,3,"Not at intersection",3,60,"A",2010,"WAGON","KIA","Station Wagon","F",69,"64-69","Drivers"
"T20190019125","1/10/19",15:55:00,"Collision with vehicle","Tuesday","Day",2,3,"Not at intersection",3,60,"B",2008,"WAGON","NISSAN","Station Wagon","F",30,"30-39","Drivers"
"T20190019127","27/7/19",16:40:00,"Collision with vehicle","Saturday","Unknown",2,3,"Cross intersection",3,999,"A",2005,"SEDAN","TOYOTA","Car","M",55,"50-59","Drivers"
"T20190019127","27/7/19",16:40:00,"Collision with vehicle","Saturday","Unknown",2,3,"Cross intersection",3,999,"B",2014,"SEDAN","TOYOTA","Car","M",22,"22-25","Drivers"
"T20190019132","1/10/19",15:00:00,"Collision with a fixed object","Tuesday","Day",1,1,"Not at intersection",3,60,"A",2012,"SEDAN","HOLDEN","Car","F",21,"17-21","Drivers"
"T20190019133","1/10/19",16:00:00,"Struck Pedestrian","Tuesday","Day",1,2,"Cross intersection",3,80,"A",2010,"SEDAN","VOLKS","Car","M",27,"26-29","Drivers"
"T20190019135","1/10/19",15:57:00,"Collision with vehicle","Tuesday","Day",4,5,"Not at intersection",3,70,"A",2008,"S WAG","FORD","Station Wagon","M",42,"40-49","Drivers"
"T20190019135","1/10/19",15:57:00,"Collision with vehicle","Tuesday","Day",4,5,"Not at intersection",3,70,"B",2009,"SEDAN","MAZDA","Car","M",63,"60-64","Drivers"
"T20190019135","1/10/19",15:57:00,"Collision with vehicle","Tuesday","Day",4,5,"Not at intersection",3,70,"C",2003,"VAN","HOLDEN","Panel Van","M",62,"60-64","Drivers"
"T20190019135","1/10/19",15:57:00,"Collision with vehicle","Tuesday","Day",4,5,"Not at intersection",3,70,"D",2001,"UTIL","FORD","Utility","M",53,"50-59","Drivers"
"T20190019137","1/10/19",17:45:00,"Collision with vehicle","Tuesday","Dusk/Dawn",2,1,"Not at intersection",3,60,"A",2007,"SEDAN","MITSUB","Car","M",68,"64-69","Drivers"
"T20190019143","1/10/19",16:40:00,"Collision with vehicle","Tuesday","Day",3,4,"Not at intersection",3,80,"A",2018,"WAGON","HOLDEN","Station Wagon","M",56,"50-59","Drivers"
"T20190019144","1/10/19",19:55:00,"Collision with vehicle","Tuesday","Dark Street lights on",2,1,"Not at intersection",3,60,"A",1990,"SEDAN","TOYOTA","Car","F",49,"40-49","Drivers"
"T20190019145","1/10/19",17:00:00,"Collision with vehicle","Tuesday","Dusk/Dawn",2,5,"Cross intersection",3,100,"A",2013,"WAGON","TOYOTA","Station Wagon","M",43,"40-49","Drivers"
"T20190019145","1/10/19",17:00:00,"Collision with vehicle","Tuesday","Dusk/Dawn",2,5,"Cross intersection",3,100,"B",2008,"SED","PEUG","Car","F",23,"22-25","Drivers"
"T20190019146","1/10/19",14:45:00,"Collision with vehicle","Tuesday","Day",2,2,"Not at intersection",3,100,"A",1997,"SEDAN","MAZDA","Car","F",64,"60-64","Drivers"
"T20190019146","1/10/19",14:45:00,"Collision with vehicle","Tuesday","Day",2,2,"Not at intersection",3,100,"B",1990,"UTIL","HOLDEN","Utility","M",33,"30-39","Drivers"
"T20190019148","1/10/19",15:32:00,"Collision with vehicle","Tuesday","Day",2,2,"Not at intersection",3,80,"A",2010,"SEDAN","FORD","Car","M",36,"30-39","Drivers"
"T20190019148","1/10/19",15:32:00,"Collision with vehicle","Tuesday","Day",2,2,"Not at intersection",3,80,"B",2010,"WAGON","HOLDEN","Station Wagon","M",32,"30-39","Drivers"
"T20190019149","1/10/19",18:36:00,"Collision with a fixed object","Tuesday","Dusk/Dawn",1,2,"Not at intersection",2,80,"A",1997,"S WAG","SUBARU","Station Wagon","F",37,"30-39","Drivers"
"T20190019150","1/10/19",19:23:00,"Collision with vehicle","Tuesday","Dark Street lights on",2,3,"Cross intersection",3,60,"A",2006,"SEDAN","HOLDEN","Car","M",19,"17-21","Drivers"
"T20190019153","1/10/19",21:00:00,"Collision with vehicle","Tuesday","Dark Street lights on",2,2,"Cross intersection",3,70,"A",0,"COUPE","LEXUS","Car","F",30,"30-39","Drivers"
"T20190019153","1/10/19",21:00:00,"Collision with vehicle","Tuesday","Dark Street lights on",2,2,"Cross intersection",3,70,"B",2003,"IND/CN","TOYOTA","Car","M",48,"40-49","Drivers"
"T20190019156","9/9/19",04:40:00,"Collision with vehicle","Monday","Dark Street lights unknown",2,2,"Multiple intersection",3,100,"A",2009,"SEDAN","HONDA","Car","M",29,"26-29","Drivers"
"T20190019162","1/10/19",22:50:00,"Collision with a fixed object","Tuesday","Dark Street lights on",1,1,"Cross intersection",3,50,"A",2009,"SEDAN","TOYOTA","Car","F",52,"50-59","Drivers"
"T20190019163","1/10/19",23:15:00,"Collision with vehicle","Tuesday","Dark Street lights on",2,1,"Not at intersection",3,50,"A",2018,"WAGON","FORD","Station Wagon","F",22,"22-25","Drivers"
"T20190019164","18/9/19",11:30:00,"collision with some other object","Wednesday","Day",2,2,"Multiple intersection",3,110,"A",2010,"SEDAN","B M W","Car","M",21,"17-21","Drivers"
"T20190019164","18/9/19",11:30:00,"collision with some other object","Wednesday","Day",2,2,"Multiple intersection",3,110,"B",2005,"TRAY","HINO","Heavy Vehicle (Rigid) > 4.5 Tonnes","M",40,"40-49","Drivers"
"T20190019166","2/10/19",06:15:00,"Collision with vehicle","Wednesday","Day",2,2,"Cross intersection",3,80,"B",2017,"UTIL","NISSAN","Utility","M",32,"30-39","Drivers"
"T20190019168","1/10/19",13:10:00,"Collision with vehicle","Tuesday","Day",2,3,"Cross intersection",3,60,"A",2012,"SEDAN","FORD","Car","M",23,"22-25","Drivers"
"T20190019168","1/10/19",13:10:00,"Collision with vehicle","Tuesday","Day",2,3,"Cross intersection",3,60,"B",2014,"WAGON","MAZDA","Station Wagon","F",53,"50-59","Drivers"
"T20190019171","17/9/19",18:45:00,"Collision with vehicle","Tuesday","Dark Street lights on",3,3,"Cross intersection",3,60,"A",2004,"COUPE","HYNDAI","Car","M",19,"17-21","Drivers"
"T20190019171","17/9/19",18:45:00,"Collision with vehicle","Tuesday","Dark Street lights on",3,3,"Cross intersection",3,60,"B",2015,"UTIL","TOYOTA","Utility","M",32,"30-39","Drivers"
"T20190019172","25/8/19",23:00:00,"Collision with vehicle","Sunday","Dark Street lights on",2,2,"Unknown",3,60,"A",2018,"WAGON","NISSAN","Car","M",81,"70+","Drivers"
"T20190019172","25/8/19",23:00:00,"Collision with vehicle","Sunday","Dark Street lights on",2,2,"Unknown",3,60,"B",2015,"WAGON","NISSAN","Station Wagon","M",51,"50-59","Drivers"
"T20190019174","2/10/19",09:15:00,"Collision with vehicle","Wednesday","Day",2,2,"Cross intersection",3,40,"A",2004,"WAGON","NISSAN","Station Wagon","F",48,"40-49","Drivers"
"T20190019176","2/10/19",09:00:00,"Collision with vehicle","Wednesday","Day",2,2,"Cross intersection",3,40,"A",2010,"SED","FORD","Taxi","M",71,"70+","Drivers"
"T20190019177","2/10/19",08:21:00,"Struck Pedestrian","Wednesday","Day",1,2,"Cross intersection",2,40,"A",2010,"SEDAN","TOYOTA","Taxi","M",39,"30-39","Drivers"
"T20190019178","2/10/19",07:55:00,"Collision with vehicle","Wednesday","Day",3,4,"T intersection",3,100,"A",2014,"TRAY","TOYOTA","Utility","F",50,"50-59","Drivers"
"T20190019178","2/10/19",07:55:00,"Collision with vehicle","Wednesday","Day",3,4,"T intersection",3,100,"B",2010,"C MIX","MACK","Heavy Vehicle (Rigid) > 4.5 Tonnes","M",39,"30-39","Drivers"
"T20190019178","2/10/19",07:55:00,"Collision with vehicle","Wednesday","Day",3,4,"T intersection",3,100,"C",2017,"SEDAN","MAZDA","Car","F",56,"50-59","Drivers"
"T20190019179","6/8/19",19:00:00,"Collision with vehicle","Tuesday","Unknown",2,2,"Not at intersection",3,999,"A",2004,"SEDAN","HOLDEN","Car","F",27,"26-29","Drivers"
"T20190019181","6/8/19",17:40:00,"Collision with vehicle","Tuesday","Unknown",2,2,"Cross intersection",3,60,"A",2002,"SEDAN","FORD","Car","M",44,"40-49","Drivers"
"T20190019181","6/8/19",17:40:00,"Collision with vehicle","Tuesday","Unknown",2,2,"Cross intersection",3,60,"B",2018,"SEDAN","MAZDA","Car","F",48,"40-49","Drivers"
"T20190019183","2/10/19",09:00:00,"Struck Pedestrian","Wednesday","Day",1,2,"Not at intersection",2,60,"A",2006,"SEDAN","FORD","Car","F",40,"40-49","Drivers"
"T20190019187","29/9/19",17:15:00,"Collision with vehicle","Sunday","Day",2,4,"Cross intersection",3,60,"A",2016,"WAGON","AUDI","Station Wagon","F",44,"40-49","Drivers"
"T20190019187","29/9/19",17:15:00,"Collision with vehicle","Sunday","Day",2,4,"Cross intersection",3,60,"B",2014,"DC UTE","FORD","Utility","M",45,"40-49","Drivers"
"T20190019188","1/10/19",18:30:00,"Collision with vehicle","Tuesday","Dark Street lights on",2,2,"T intersection",3,999,"A",1997,"SEDAN","MITSUB","Car","F",44,"40-49","Drivers"
"T20190019191","29/9/19",18:30:00,"Collision with vehicle","Sunday","Day",2,2,"Cross intersection",3,50,"A",2003,"SEDAN","TOYOTA","Car","M",71,"70+","Drivers"
"T20190019191","29/9/19",18:30:00,"Collision with vehicle","Sunday","Day",2,2,"Cross intersection",3,50,"B",2009,"S WAG","HOLDEN","Station Wagon","F",22,"22-25","Drivers"
"T20190019193","29/8/19",08:30:00,"Collision with vehicle","Thursday","Day",2,3,"Not at intersection",3,40,"B",2003,"SEDAN","MAZDA","Car","F",40,"40-49","Drivers"
"T20190019193","29/8/19",08:30:00,"Collision with vehicle","Thursday","Day",2,3,"Not at intersection",3,40,"C",1994,"SEDAN","TOYOTA","Car","F",43,"40-49","Drivers"
"T20190019194","25/9/19",11:20:00,"Collision with vehicle","Wednesday","Unknown",2,3,"T intersection",3,50,"A",2014,"WAGON","TOYOTA","Station Wagon","M",53,"50-59","Drivers"
"T20190019194","25/9/19",11:20:00,"Collision with vehicle","Wednesday","Unknown",2,3,"T intersection",3,50,"B",2012,"UTIL","HOLDEN","Utility","F",49,"40-49","Drivers"
"T20190019195","2/10/19",11:10:00,"Collision with a fixed object","Wednesday","Day",1,1,"Not at intersection",3,70,"A",2006,"UTIL","HOLDEN","Utility","M",48,"40-49","Drivers"
"T20190019196","2/10/19",12:07:00,"Collision with vehicle","Wednesday","Day",3,5,"Not at intersection",3,100,"A",2005,"SEDAN","HONDA","Car","F",43,"40-49","Drivers"
"T20190019196","2/10/19",12:07:00,"Collision with vehicle","Wednesday","Day",3,5,"Not at intersection",3,100,"B",2003,"SEDAN","MAZDA","Car","F",31,"30-39","Drivers"
"T20190019196","2/10/19",12:07:00,"Collision with vehicle","Wednesday","Day",3,5,"Not at intersection",3,100,"C",2011,"TRAY","ISUZU","Light Commercial Vehicle (Rigid) <= 4.5 Tonnes GVM","M",64,"60-64","Drivers"
"T20190019198","2/10/19",07:59:00,"Vehicle overturned (no collision)","Wednesday","Day",1,2,"Not at intersection",3,100,"A",2007,"P MVR","KENWTH","Prime Mover - Single Trailer","M",39,"30-39","Drivers"
"T20190019200","2/10/19",13:20:00,"Struck Pedestrian","Wednesday","Day",1,2,"Not at intersection",3,60,"A",2017,"WAGON","MERC B","Station Wagon","M",28,"26-29","Drivers"
"T20190019204","2/10/19",09:15:00,"Collision with vehicle","Wednesday","Day",2,2,"Not at intersection",3,100,"A",2010,"WAGON","FORD","Station Wagon","F",32,"30-39","Drivers"
"T20190019204","2/10/19",09:15:00,"Collision with vehicle","Wednesday","Day",2,2,"Not at intersection",3,100,"B",2016,"WAGON","UNKN","Station Wagon","F",50,"50-59","Drivers"
"T20190019205","2/10/19",08:10:00,"Collision with vehicle","Wednesday","Day",2,2,"Cross intersection",3,50,"A",2005,"WAGON","B M W","Station Wagon","M",55,"50-59","Drivers"
"T20190019207","1/10/19",06:00:00,"Collision with vehicle","Tuesday","Dusk/Dawn",2,2,"Cross intersection",3,80,"A",2013,"T SDS","MAZDA","Light Commercial Vehicle (Rigid) <= 4.5 Tonnes GVM","M",32,"30-39","Drivers"
"T20190019207","1/10/19",06:00:00,"Collision with vehicle","Tuesday","Dusk/Dawn",2,2,"Cross intersection",3,80,"B",2019,"WAGON","NISSAN","Station Wagon","F",37,"30-39","Drivers"
"T20190019208","2/10/19",11:13:00,"Collision with vehicle","Wednesday","Day",2,3,"Cross intersection",3,60,"A",2018,"SEDAN","TOYOTA","Car","F",34,"30-39","Drivers"
"T20190019208","2/10/19",11:13:00,"Collision with vehicle","Wednesday","Day",2,3,"Cross intersection",3,60,"B",2000,"BUS","MERC B","Bus/Coach","M",36,"30-39","Drivers"
"T20190019209","2/10/19",11:45:00,"Collision with vehicle","Wednesday","Day",2,4,"Not at intersection",3,110,"A",2003,"COUPE","MITSUB","Car","F",76,"70+","Drivers"
"T20190019209","2/10/19",11:45:00,"Collision with vehicle","Wednesday","Day",2,4,"Not at intersection",3,110,"B",2017,"WAGON","B M W","Station Wagon","F",73,"70+","Drivers"
"T20190019210","19/9/19",19:15:00,"Collision with a fixed object","Thursday","Dark No street lights",1,1,"Not at intersection",3,100,"A",2018,"WAGON","MAZDA","Station Wagon","F",50,"50-59","Drivers"
"T20190019217","2/10/19",17:00:00,"Collision with vehicle","Wednesday","Day",4,7,"Not at intersection",3,70,"A",2018,"DC UTE","FORD","Utility","M",41,"40-49","Drivers"
"T20190019217","2/10/19",17:00:00,"Collision with vehicle","Wednesday","Day",4,7,"Not at intersection",3,70,"B",2002,"COUPE","HOLDEN","Car","M",30,"30-39","Drivers"
"T20190019217","2/10/19",17:00:00,"Collision with vehicle","Wednesday","Day",4,7,"Not at intersection",3,70,"C",2014,"WAGON","MAZDA","Station Wagon","F",61,"60-64","Drivers"
"T20190019217","2/10/19",17:00:00,"Collision with vehicle","Wednesday","Day",4,7,"Not at intersection",3,70,"D",2011,"WAGON","B M W","Station Wagon","F",21,"17-21","Drivers"
"T20190019218","2/10/19",16:00:00,"Collision with vehicle","Wednesday","Day",4,4,"Not at intersection",2,100,"A",1998,"TRAY","ISUZU","Light Commercial Vehicle (Rigid) <= 4.5 Tonnes GVM","M",38,"30-39","Drivers"
"T20190019218","2/10/19",16:00:00,"Collision with vehicle","Wednesday","Day",4,4,"Not at intersection",2,100,"B",2015,"SEDAN","AUDI","Car","M",22,"22-25","Drivers"
"T20190019218","2/10/19",16:00:00,"Collision with vehicle","Wednesday","Day",4,4,"Not at intersection",2,100,"C",2017,"UTIL","ISUZU","Utility","M",31,"30-39","Drivers"
"T20190019218","2/10/19",16:00:00,"Collision with vehicle","Wednesday","Day",4,4,"Not at intersection",2,100,"D",2016,"SEDAN","HYNDAI","Car","M",36,"30-39","Drivers"
"T20190019221","2/10/19",17:30:00,"Collision with vehicle","Wednesday","Dusk/Dawn",2,2,"Multiple intersection",3,50,"A",2018,"SEDAN","HONDA","Car","M",22,"22-25","Drivers"
"T20190019222","8/9/19",21:15:00,"Collision with vehicle","Sunday","Dark Street lights on",2,2,"Not at intersection",3,80,"A",2010,"SEDAN","FORD","Car","F",61,"60-64","Drivers"
"T20190019222","8/9/19",21:15:00,"Collision with vehicle","Sunday","Dark Street lights on",2,2,"Not at intersection",3,80,"B",2011,"SEDAN","HOLDEN","Car","M",39,"30-39","Drivers"
"T20190019224","5/8/19",10:20:00,"Struck Pedestrian","Monday","Day",1,2,"Cross intersection",3,30,"A",2009,"SEDAN","TOYOTA","Car","F",65,"64-69","Drivers"
"T20190019225","2/10/19",14:00:00,"Collision with vehicle","Wednesday","Day",2,2,"Not at intersection",3,60,"B",2002,"SEDAN","HONDA","Car","F",32,"30-39","Drivers"
"T20190019227","2/10/19",15:00:00,"Collision with a fixed object","Wednesday","Day",1,3,"Not at intersection",3,100,"A",2006,"SEDAN","HONDA","Car","M",62,"60-64","Drivers"
"T20190019228","2/10/19",18:50:00,"Collision with vehicle","Wednesday","Dark Street lights on",2,2,"Cross intersection",3,60,"A",2005,"SEDAN","HOLDEN","Car","M",47,"40-49","Drivers"
"T20190019228","2/10/19",18:50:00,"Collision with vehicle","Wednesday","Dark Street lights on",2,2,"Cross intersection",3,60,"B",2011,"SEDAN","MAZDA","Car","F",70,"70+","Drivers"
"T20190019230","2/10/19",15:22:00,"Collision with vehicle","Wednesday","Day",2,2,"Not at intersection",3,40,"A",2019,"S WAG","VOLKS","Station Wagon","M",72,"70+","Drivers"
"T20190019231","2/10/19",17:35:00,"Collision with vehicle","Wednesday","Day",2,2,"Cross intersection",3,60,"A",2017,"DC UTE","TOYOTA","Utility","F",38,"30-39","Drivers"
"T20190019231","2/10/19",17:35:00,"Collision with vehicle","Wednesday","Day",2,2,"Cross intersection",3,60,"B",2019,"SEDAN","HONDA","Car","F",24,"22-25","Drivers"
"T20190019233","2/10/19",18:35:00,"Collision with vehicle","Wednesday","Dark No street lights",2,2,"Not at intersection",3,110,"A",0,"SEDAN","HOLDEN","Car","M",28,"26-29","Drivers"
"T20190019233","2/10/19",18:35:00,"Collision with vehicle","Wednesday","Dark No street lights",2,2,"Not at intersection",3,110,"B",2007,"P MVR","IVECO","Prime Mover - Single Trailer","M",71,"70+","Drivers"
"T20190019235","24/9/19",16:18:00,"Struck Pedestrian","Tuesday","Day",1,2,"Not at intersection",3,70,"A",2010,"SEDAN","TOYOTA","Car","F",48,"40-49","Drivers"
"T20190019236","2/10/19",17:30:00,"Collision with vehicle","Wednesday","Day",2,3,"T intersection",3,60,"A",2011,"WAGON","REN","Station Wagon","F",38,"30-39","Drivers"
"T20190019236","2/10/19",17:30:00,"Collision with vehicle","Wednesday","Day",2,3,"T intersection",3,60,"B",2013,"SEDAN","MAZDA","Car","F",62,"60-64","Drivers"
"T20190019241","2/10/19",19:00:00,"Collision with a fixed object","Wednesday","Dark No street lights",1,3,"Not at intersection",3,50,"A",2002,"SEDAN","HOLDEN","Car","F",18,"17-21","Drivers"
"T20190019247","1/10/19",21:40:00,"Collision with vehicle","Tuesday","Dark Street lights on",2,4,"Not at intersection",3,60,"A",2011,"SEDAN","MITSUB","Car","F",41,"40-49","Drivers"
"T20190019247","1/10/19",21:40:00,"Collision with vehicle","Tuesday","Dark Street lights on",2,4,"Not at intersection",3,60,"B",2012,"SEDAN","FORD","Car","M",18,"17-21","Drivers"
"T20190019248","2/10/19",21:20:00,"Collision with vehicle","Wednesday","Dark Street lights on",2,3,"T intersection",3,80,"A",2016,"SEDAN","TOYOTA","Car","F",21,"17-21","Drivers"
"T20190019248","2/10/19",21:20:00,"Collision with vehicle","Wednesday","Dark Street lights on",2,3,"T intersection",3,80,"B",2018,"UTIL","FORD","Utility","M",51,"50-59","Drivers"
"T20190019249","2/10/19",20:40:00,"Collision with a fixed object","Wednesday","Dark Street lights on",1,1,"Not at intersection",3,80,"A",2003,"COUPE","NISSAN","Car","M",30,"30-39","Drivers"
"T20190019250","2/10/19",22:46:00,"Collision with vehicle","Wednesday","Dark Street lights on",2,2,"T intersection",3,80,"B",2007,"SEDAN","HONDA","Car","F",61,"60-64","Drivers"
"T20190019254","30/9/19",21:15:00,"Collision with vehicle","Monday","Dark Street lights on",2,7,"Multiple intersection",3,60,"A",2010,"WAGON","NISSAN","Station Wagon","M",54,"50-59","Drivers"
"T20190019254","30/9/19",21:15:00,"Collision with vehicle","Monday","Dark Street lights on",2,7,"Multiple intersection",3,60,"B",2004,"WAGON","HONDA","Station Wagon","M",37,"30-39","Drivers"
"T20190019255","22/9/19",12:30:00,"Collision with vehicle","Sunday","Day",3,3,"Not at intersection",3,70,"A",2006,"SEDAN","HYNDAI","Car","M",23,"22-25","Drivers"
"T20190019255","22/9/19",12:30:00,"Collision with vehicle","Sunday","Day",3,3,"Not at intersection",3,70,"B",2006,"SEDAN","SUZUKI","Car","F",33,"30-39","Drivers"
"T20190019255","22/9/19",12:30:00,"Collision with vehicle","Sunday","Day",3,3,"Not at intersection",3,70,"C",2017,"WAGON","NISSAN","Station Wagon","M",67,"64-69","Drivers"
"T20190019257","3/9/19",08:40:00,"Collision with vehicle","Tuesday","Day",2,2,"Cross intersection",3,50,"A",2015,"WAGON","HOLDEN","Station Wagon","F",71,"70+","Drivers"
"T20190019257","3/9/19",08:40:00,"Collision with vehicle","Tuesday","Day",2,2,"Cross intersection",3,50,"B",2011,"DC UTE","MITSUB","Utility","M",56,"50-59","Drivers"
"T20190019259","23/9/19",13:20:00,"Collision with vehicle","Monday","Day",2,2,"Not at intersection",3,40,"A",2017,"WAGON","HONDA","Station Wagon","F",59,"50-59","Drivers"
"T20190019260","3/10/19",07:35:00,"Collision with a fixed object","Thursday","Dusk/Dawn",1,1,"Not at intersection",3,100,"A",2000,"WAGON","MERC B","Station Wagon","M",49,"40-49","Drivers"
"T20190019263","2/10/19",15:15:00,"Collision with vehicle","Wednesday","Day",2,3,"Not at intersection",3,60,"A",2012,"SED","UNKN","Car","F",30,"30-39","Drivers"
"T20190019266","3/10/19",11:10:00,"Collision with vehicle","Thursday","Day",2,3,"Not at intersection",3,60,"A",2013,"WAGON","TOYOTA","Station Wagon","F",37,"30-39","Drivers"
"T20190019266","3/10/19",11:10:00,"Collision with vehicle","Thursday","Day",2,3,"Not at intersection",3,60,"B",1996,"SEDAN","TOYOTA","Car","F",67,"64-69","Drivers"
"T20190019267","3/10/19",10:40:00,"Struck Pedestrian","Thursday","Day",1,2,"Y intersection",3,60,"A",2018,"VAN","FORD","Panel Van","M",70,"70+","Drivers"
"T20190019268","3/10/19",10:39:00,"Collision with vehicle","Thursday","Day",3,9,"Not at intersection",2,80,"A",1995,"WAGON","NISSAN","Station Wagon","F",25,"22-25","Drivers"
"T20190019268","3/10/19",10:39:00,"Collision with vehicle","Thursday","Day",3,9,"Not at intersection",2,80,"B",2013,"WAGON","TOYOTA","Station Wagon","F",50,"50-59","Drivers"
"T20190019268","3/10/19",10:39:00,"Collision with vehicle","Thursday","Day",3,9,"Not at intersection",2,80,"C",2015,"WAGON","SUBARU","Station Wagon","F",65,"64-69","Drivers"
"T20190019269","20/9/19",15:30:00,"Collision with vehicle","Friday","Day",2,2,"Cross intersection",3,999,"A",2015,"SEDAN","HOLDEN","Car","F",26,"26-29","Drivers"
"T20190019269","20/9/19",15:30:00,"Collision with vehicle","Friday","Day",2,2,"Cross intersection",3,999,"B",2003,"SEDAN","HOLDEN","Car","M",25,"22-25","Drivers"
"T20190019271","3/10/19",10:12:00,"Vehicle overturned (no collision)","Thursday","Day",2,2,"Not at intersection",3,80,"A",2006,"WAGON","TOYOTA","Station Wagon","M",47,"40-49","Drivers"
"T20190019272","3/10/19",10:43:00,"Collision with a fixed object","Thursday","Day",1,2,"Not at intersection",3,50,"A",1998,"SEDAN","NISSAN","Car","M",20,"17-21","Drivers"
"T20190019273","3/10/19",07:52:00,"Collision with vehicle","Thursday","Day",2,2,"Not at intersection",3,70,"A",2009,"VAN","TOYOTA","Panel Van","M",32,"30-39","Drivers"
"T20190019273","3/10/19",07:52:00,"Collision with vehicle","Thursday","Day",2,2,"Not at intersection",3,70,"B",2015,"SEDAN","TOYOTA","Car","M",47,"40-49","Drivers"
"T20190019276","21/9/19",12:40:00,"Collision with vehicle","Saturday","Day",2,2,"Not at intersection",3,999,"A",2011,"WAGON","MERC B","Station Wagon","F",40,"40-49","Drivers"
"T20190019276","21/9/19",12:40:00,"Collision with vehicle","Saturday","Day",2,2,"Not at intersection",3,999,"B",2008,"SEDAN","TOYOTA","Car","F",25,"22-25","Drivers"
"T20190019279","30/9/19",07:30:00,"Collision with vehicle","Monday","Day",2,2,"Not at intersection",3,60,"A",2003,"SEDAN","TOYOTA","Car","M",26,"26-29","Drivers"
"T20190019280","3/10/19",08:33:00,"Collision with vehicle","Thursday","Day",2,2,"T intersection",3,70,"A",2019,"UTIL","MAZDA","Utility","M",66,"64-69","Drivers"
"T20190019280","3/10/19",08:33:00,"Collision with vehicle","Thursday","Day",2,2,"T intersection",3,70,"B",2003,"WAGON","HONDA","Station Wagon","F",27,"26-29","Drivers"
"T20190019282","19/6/19",16:30:00,"Collision with vehicle","Wednesday","Day",2,5,"Not at intersection",3,999,"A",2014,"DC UTE","TOYOTA","Utility","M",35,"30-39","Drivers"
"T20190019282","19/6/19",16:30:00,"Collision with vehicle","Wednesday","Day",2,5,"Not at intersection",3,999,"B",2013,"DC UTE","NISSAN","Utility","M",44,"40-49","Drivers"
"T20190019283","1/10/19",18:30:00,"Struck Pedestrian","Tuesday","Dusk/Dawn",1,2,"Not at intersection",3,60,"A",2016,"SEDAN","HYNDAI","Car","F",48,"40-49","Drivers"
"T20190019286","3/10/19",07:35:00,"Collision with vehicle","Thursday","Day",2,2,"Not at intersection",2,100,"C",2002,"SED","FORD","Car","M",85,"70+","Drivers"
"T20190019287","3/10/19",13:53:00,"Collision with vehicle","Thursday","Day",2,2,"Not at intersection",3,80,"A",2009,"S WAG","HOLDEN","Station Wagon","M",31,"30-39","Drivers"
"T20190019287","3/10/19",13:53:00,"Collision with vehicle","Thursday","Day",2,2,"Not at intersection",3,80,"B",2015,"TRAY","MERC B","Light Commercial Vehicle (Rigid) <= 4.5 Tonnes GVM","M",57,"50-59","Drivers"
"T20190019289","3/10/19",12:10:00,"Collision with vehicle","Thursday","Day",3,4,"Not at intersection",3,100,"A",2011,"SEDAN","HOLDEN","Car","M",29,"26-29","Drivers"
"T20190019289","3/10/19",12:10:00,"Collision with vehicle","Thursday","Day",3,4,"Not at intersection",3,100,"B",2013,"WAGON","SUBARU","Station Wagon","F",40,"40-49","Drivers"
"T20190019289","3/10/19",12:10:00,"Collision with vehicle","Thursday","Day",3,4,"Not at intersection",3,100,"C",2016,"WAGON","HONDA","Station Wagon","M",54,"50-59","Drivers"
"T20190019290","27/9/19",19:00:00,"Collision with vehicle","Friday","Dusk/Dawn",2,2,"Not at intersection",3,80,"A",2004,"SEDAN","FORD","Car","F",29,"26-29","Drivers"
"T20190019290","27/9/19",19:00:00,"Collision with vehicle","Friday","Dusk/Dawn",2,2,"Not at intersection",3,80,"B",2007,"SEDAN","TOYOTA","Car","F",36,"30-39","Drivers"
"T20190019291","25/9/19",19:00:00,"Collision with vehicle","Wednesday","Unknown",2,2,"Not at intersection",3,999,"C",1999,"WAGON","JEEP","Station Wagon","M",46,"40-49","Drivers"
"T20190019292","3/10/19",13:50:00,"Collision with vehicle","Thursday","Day",4,6,"Not at intersection",3,50,"A",2002,"TIPPER","MACK","Light Commercial Vehicle (Rigid) <= 4.5 Tonnes GVM","M",47,"40-49","Drivers"
"T20190019292","3/10/19",13:50:00,"Collision with vehicle","Thursday","Day",4,6,"Not at intersection",3,50,"B",2000,"SED","TOYOTA","Car","M",56,"50-59","Drivers"