"ACCIDENT_NO","ACCIDENTDATE","ACCIDENTTIME","Accident Type Desc","Day Week Description","Light Condition Desc","NO_OF_VEHICLES","NO_PERSONS","Road Geometry Desc","SEVERITY","SPEED_ZONE","VEHICLE_ID","VEHICLE_YEAR_MANUF","VEHICLE_BODY_STYLE","VEHICLE_MAKE","Vehicle Type Desc","SEX","AGE","Age Group","Road User Type Desc"
"T20190019292","3/10/19",13:50:00,"Collision with vehicle","Thursday","Day",4,6,"Not at intersection",3,50,"C",2016,"WAGON","HOLDEN","Station Wagon","F",26,"26-29","Drivers"
"T20190019292","3/10/19",13:50:00,"Collision with vehicle","Thursday","Day",4,6,"Not at intersection",3,50,"D",2010,"SEDAN","HYNDAI","Car","F",56,"50-59","Drivers"
"T20190019297","3/10/19",15:00:00,"Collision with vehicle","Thursday","Day",2,3,"Not at intersection",3,40,"B",2009,"SEDAN","FORD","Car","F",25,"22-25","Drivers"
"T20190019298","3/10/19",17:59:00,"Collision with vehicle","Thursday","Day",3,4,"Not at intersection",3,50,"A",2018,"SEDAN","VOLKS","Car","M",26,"26-29","Drivers"
"T20190019298","3/10/19",17:59:00,"Collision with vehicle","Thursday","Day",3,4,"Not at intersection",3,50,"B",2018,"SEDAN","MAZDA","Car","F",27,"26-29","Drivers"
"T20190019298","3/10/19",17:59:00,"Collision with vehicle","Thursday","Day",3,4,"Not at intersection",3,50,"C",2004,"SED","HOLDEN","Car","F",25,"22-25","Drivers"
"T20190019300","3/10/19",17:54:00,"Collision with vehicle","Thursday","Dark Street lights on",2,4,"Cross intersection",3,80,"A",2015,"WAGON","TOYOTA","Station Wagon","F",43,"40-49","Drivers"
"T20190019300","3/10/19",17:54:00,"Collision with vehicle","Thursday","Dark Street lights on",2,4,"Cross intersection",3,80,"B",2012,"WAGON","MITSUB","Station Wagon","M",40,"40-49","Drivers"
"T20190019301","3/10/19",17:14:00,"Collision with vehicle","Thursday","Day",2,3,"Not at intersection",3,40,"A",2002,"SEDAN","TOYOTA","Car","M",81,"70+","Drivers"
"T20190019301","3/10/19",17:14:00,"Collision with vehicle","Thursday","Day",2,3,"Not at intersection",3,40,"B",2014,"WAGON","VOLKS","Station Wagon","F",62,"60-64","Drivers"
"T20190019302","3/10/19",15:34:00,"Collision with vehicle","Thursday","Day",2,2,"Not at intersection",3,100,"A",2010,"DC UTE","TOYOTA","Utility","M",45,"40-49","Drivers"
"T20190019302","3/10/19",15:34:00,"Collision with vehicle","Thursday","Day",2,2,"Not at intersection",3,100,"B",2017,"SEDAN","SUBARU","Car","M",39,"30-39","Drivers"
"T20190019304","3/10/19",15:00:00,"Collision with vehicle","Thursday","Day",2,1,"T intersection",3,50,"A",2010,"SEDAN","AUDI","Car","M",21,"17-21","Drivers"
"T20190019305","20/9/19",08:50:00,"Collision with vehicle","Friday","Unknown",4,5,"Not at intersection",3,60,"A",2012,"SEDAN","TOYOTA","Car","M",50,"50-59","Drivers"
"T20190019305","20/9/19",08:50:00,"Collision with vehicle","Friday","Unknown",4,5,"Not at intersection",3,60,"B",2010,"SEDAN","PEUG","Car","M",70,"70+","Drivers"
"T20190019305","20/9/19",08:50:00,"Collision with vehicle","Friday","Unknown",4,5,"Not at intersection",3,60,"C",2013,"SEDAN","TOYOTA","Car","M",27,"26-29","Drivers"
"T20190019305","20/9/19",08:50:00,"Collision with vehicle","Friday","Unknown",4,5,"Not at intersection",3,60,"D",2004,"SEDAN","HONDA","Car","M",39,"30-39","Drivers"
"T20190019306","3/10/19",18:46:00,"Collision with vehicle","Thursday","Dark Street lights on",2,2,"T intersection",3,60,"A",2015,"SEDAN","MITSUB","Car","M",73,"70+","Drivers"
"T20190019310","3/10/19",19:51:00,"Collision with vehicle","Thursday","Dark Street lights on",2,2,"Not at intersection",3,60,"A",2010,"SEDAN","VOLKS","Car","M",25,"22-25","Drivers"
"T20190019311","3/10/19",17:22:00,"Collision with vehicle","Thursday","Dusk/Dawn",3,3,"Not at intersection",3,70,"A",2015,"DC UTE","FOTON","Utility","M",73,"70+","Drivers"
"T20190019311","3/10/19",17:22:00,"Collision with vehicle","Thursday","Dusk/Dawn",3,3,"Not at intersection",3,70,"C",2018,"SERV","ISUZU","Light Commercial Vehicle (Rigid) <= 4.5 Tonnes GVM","M",25,"22-25","Drivers"
"T20190019312","3/10/19",15:20:00,"Collision with vehicle","Thursday","Day",2,3,"Not at intersection",3,60,"A",2016,"SEDAN","VOLKS","Car","M",22,"22-25","Drivers"
"T20190019315","3/10/19",19:45:00,"Collision with vehicle","Thursday","Dark Street lights on",2,4,"Cross intersection",3,50,"A",2010,"SED","MAZDA","Car","F",25,"22-25","Drivers"
"T20190019315","3/10/19",19:45:00,"Collision with vehicle","Thursday","Dark Street lights on",2,4,"Cross intersection",3,50,"B",2012,"SEDAN","TOYOTA","Car","F",44,"40-49","Drivers"
"T20190019316","3/10/19",18:30:00,"Collision with vehicle","Thursday","Dark Street lights on",3,5,"Cross intersection",3,60,"B",2008,"SEDAN","MAZDA","Car","M",46,"40-49","Drivers"
"T20190019316","3/10/19",18:30:00,"Collision with vehicle","Thursday","Dark Street lights on",3,5,"Cross intersection",3,60,"C",2002,"SEDAN","HOLDEN","Car","F",24,"22-25","Drivers"
"T20190019317","3/10/19",17:59:00,"Collision with vehicle","Thursday","Day",2,2,"Not at intersection",3,100,"B",2010,"SEDAN","AUDI","Car","M",57,"50-59","Drivers"
"T20190019320","3/10/19",20:50:00,"Collision with vehicle","Thursday","Dark Street lights on",2,1,"Not at intersection",3,60,"A",2003,"SEDAN","MERC B","Car","M",56,"50-59","Drivers"
"T20190019322","3/10/19",18:00:00,"Collision with a fixed object","Thursday","Dusk/Dawn",1,1,"Not at intersection",3,999,"A",2008,"WAGON","TOYOTA","Station Wagon","F",48,"40-49","Drivers"
"T20190019324","3/10/19",17:30:00,"collision with some other object","Thursday","Day",1,4,"Not at intersection",3,110,"A",1999,"COUPE","HOLDEN","Car","F",44,"40-49","Drivers"
"T20190019329","20/6/19",18:30:00,"Collision with vehicle","Thursday","Dark Street lights on",3,3,"Not at intersection",3,60,"A",2012,"COUPE","MERC B","Car","M",35,"30-39","Drivers"
"T20190019329","20/6/19",18:30:00,"Collision with vehicle","Thursday","Dark Street lights on",3,3,"Not at intersection",3,60,"B",2017,"WAGON","HOLDEN","Car","M",55,"50-59","Drivers"
"T20190019329","20/6/19",18:30:00,"Collision with vehicle","Thursday","Dark Street lights on",3,3,"Not at intersection",3,60,"C",2014,"SEDAN","TOYOTA","Car","M",22,"22-25","Drivers"
"T20190019331","3/10/19",14:10:00,"Collision with vehicle","Thursday","Day",2,6,"T intersection",2,80,"A",2019,"UTIL","TOYOTA","Utility","M",23,"22-25","Drivers"
"T20190019331","3/10/19",14:10:00,"Collision with vehicle","Thursday","Day",2,6,"T intersection",2,80,"B",2019,"SEDAN","SUBARU","Car","F",74,"70+","Drivers"
"T20190019336","3/10/19",07:45:00,"Vehicle overturned (no collision)","Thursday","Day",2,2,"Not at intersection",3,40,"A",2013,"SEDAN","KIA","Car","F",34,"30-39","Drivers"
"T20190019337","10/8/19",23:30:00,"Struck Pedestrian","Saturday","Dark Street lights on",1,2,"Not at intersection",3,40,"A",2008,"SEDAN","HONDA","Car","M",28,"26-29","Drivers"
"T20190019345","1/1/19",10:00:00,"Collision with vehicle","Tuesday","Day",2,4,"Not at intersection",3,999,"A",2018,"WAGON","L ROV","Station Wagon","F",32,"30-39","Drivers"
"T20190019345","1/1/19",10:00:00,"Collision with vehicle","Tuesday","Day",2,4,"Not at intersection",3,999,"B",2014,"WAGON","PORSCH","Station Wagon","F",53,"50-59","Drivers"
"T20190019348","4/10/19",10:42:00,"Collision with a fixed object","Friday","Day",1,1,"Not at intersection",3,60,"A",2019,"VAN","FORD","Panel Van","M",28,"26-29","Drivers"
"T20190019350","4/10/19",10:45:00,"Collision with a fixed object","Friday","Day",2,2,"Not at intersection",3,100,"A",2014,"WAGON","MERC B","Station Wagon","F",58,"50-59","Drivers"
"T20190019350","4/10/19",10:45:00,"Collision with a fixed object","Friday","Day",2,2,"Not at intersection",3,100,"B",2014,"WAGON","NISSAN","Station Wagon","F",48,"40-49","Drivers"
"T20190019352","2/10/19",16:30:00,"Collision with vehicle","Wednesday","Day",2,2,"Not at intersection",3,100,"A",2006,"SEDAN","NISSAN","Car","F",28,"26-29","Drivers"
"T20190019352","2/10/19",16:30:00,"Collision with vehicle","Wednesday","Day",2,2,"Not at intersection",3,100,"B",2015,"WAGON","TOYOTA","Station Wagon","F",25,"22-25","Drivers"
"T20190019353","4/10/19",07:15:00,"Collision with vehicle","Friday","Day",2,3,"Cross intersection",3,60,"A",2002,"S WAG","UNKN","Station Wagon","F",64,"60-64","Drivers"
"T20190019353","4/10/19",07:15:00,"Collision with vehicle","Friday","Day",2,3,"Cross intersection",3,60,"B",2010,"WAGON","JEEP","Station Wagon","M",22,"22-25","Drivers"
"T20190019354","4/10/19",11:03:00,"Collision with a fixed object","Friday","Day",1,1,"Not at intersection",3,100,"A",1995,"S WAG","MITSUB","Station Wagon","M",76,"70+","Drivers"
"T20190019355","4/10/19",08:19:00,"Collision with vehicle","Friday","Day",2,2,"Cross intersection",3,80,"A",2007,"SEDAN","FORD","Car","F",31,"30-39","Drivers"
"T20190019355","4/10/19",08:19:00,"Collision with vehicle","Friday","Day",2,2,"Cross intersection",3,80,"B",2006,"SEDAN","HONDA","Car","F",65,"64-69","Drivers"
"T20190019356","4/10/19",07:23:00,"Collision with vehicle","Friday","Day",2,2,"Cross intersection",1,100,"A",2016,"SEDAN","HYNDAI","Car","M",76,"70+","Drivers"
"T20190019356","4/10/19",07:23:00,"Collision with vehicle","Friday","Day",2,2,"Cross intersection",1,100,"B",1987,"S WAG","TOYOTA","Station Wagon","M",23,"22-25","Drivers"
"T20190019357","21/9/19",19:00:00,"Collision with vehicle","Saturday","Dark Street lights on",3,4,"Not at intersection",3,80,"A",2016,"WAGON","VOLKS","Station Wagon","F",31,"30-39","Drivers"
"T20190019357","21/9/19",19:00:00,"Collision with vehicle","Saturday","Dark Street lights on",3,4,"Not at intersection",3,80,"B",2010,"WAGON","MITSUB","Station Wagon","F",37,"30-39","Drivers"
"T20190019358","4/10/19",11:21:00,"Vehicle overturned (no collision)","Friday","Day",1,3,"Not at intersection",3,100,"A",2008,"S WAG","TOYOTA","Station Wagon","F",16,"16-17","Drivers"
"T20190019359","4/10/19",03:20:00,"Collision with a fixed object","Friday","Dark No street lights",1,1,"Not at intersection",1,100,"A",1995,"SED","TOYOTA","Car","M",27,"26-29","Drivers"
"T20190019361","3/10/19",19:00:00,"Collision with vehicle","Thursday","Dark Street lights on",2,2,"Not at intersection",3,50,"A",2008,"SEDAN","AUDI","Car","F",27,"26-29","Drivers"
"T20190019361","3/10/19",19:00:00,"Collision with vehicle","Thursday","Dark Street lights on",2,2,"Not at intersection",3,50,"B",2009,"SEDAN","KIA","Car","F",68,"64-69","Drivers"
"T20190019363","4/10/19",08:30:00,"Collision with a fixed object","Friday","Day",1,1,"Not at intersection",3,100,"A",2004,"SEDAN","TOYOTA","Car","F",35,"30-39","Drivers"
"T20190019364","3/10/19",15:57:00,"Collision with vehicle","Thursday","Day",2,2,"Not at intersection",2,40,"A",2013,"COUPE","TOYOTA","Car","M",24,"22-25","Drivers"
"T20190019364","3/10/19",15:57:00,"Collision with vehicle","Thursday","Day",2,2,"Not at intersection",2,40,"B",2013,"SEDAN","MAZDA","Car","F",38,"30-39","Drivers"
"T20190019365","4/10/19",13:30:00,"Collision with a fixed object","Friday","Day",1,1,"Not at intersection",3,80,"A",2006,"SEDAN","FORD","Car","M",71,"70+","Drivers"
"T20190019366","4/10/19",13:40:00,"Collision with vehicle","Friday","Day",2,2,"Not at intersection",3,40,"A",2011,"SEDAN","TOYOTA","Car","F",60,"60-64","Drivers"
"T20190019368","4/10/19",09:06:00,"Collision with vehicle","Friday","Day",2,6,"Cross intersection",2,100,"A",2018,"S WAG","TOYOTA","Station Wagon","M",58,"50-59","Drivers"
"T20190019368","4/10/19",09:06:00,"Collision with vehicle","Friday","Day",2,6,"Cross intersection",2,100,"B",2001,"P MVR","KENWTH","Prime Mover - Single Trailer","M",51,"50-59","Drivers"
"T20190019369","4/10/19",09:35:00,"Collision with a fixed object","Friday","Day",1,1,"Not at intersection",3,100,"A",2010,"S WAG","JEEP","Station Wagon","M",73,"70+","Drivers"
"T20190019370","2/10/19",08:10:00,"No collision and no object struck","Wednesday","Day",2,2,"Not at intersection",3,60,"B",2009,"SEDAN","B M W","Car","M",26,"26-29","Drivers"
"T20190019371","4/10/19",12:10:00,"Collision with vehicle","Friday","Day",2,2,"Not at intersection",3,100,"B",2006,"SEDAN","FORD","Car","M",26,"26-29","Drivers"
"T20190019373","29/9/19",11:25:00,"Collision with vehicle","Sunday","Day",2,2,"Cross intersection",3,80,"A",2019,"SEDAN","KIA","Car","F",87,"70+","Drivers"
"T20190019373","29/9/19",11:25:00,"Collision with vehicle","Sunday","Day",2,2,"Cross intersection",3,80,"B",2001,"UTIL","FORD","Utility","M",61,"60-64","Drivers"
"T20190019375","4/10/19",14:40:00,"Collision with vehicle","Friday","Day",2,4,"Not at intersection",3,80,"A",2016,"WAGON","NISSAN","Station Wagon","F",67,"64-69","Drivers"
"T20190019375","4/10/19",14:40:00,"Collision with vehicle","Friday","Day",2,4,"Not at intersection",3,80,"B",2011,"SEDAN","HOLDEN","Car","F",29,"26-29","Drivers"
"T20190019378","4/10/19",14:03:00,"Collision with vehicle","Friday","Day",2,1,"T intersection",2,40,"A",2001,"SEDAN","MITSUB","Car","M",23,"22-25","Drivers"
"T20190019380","3/10/19",17:10:00,"Collision with vehicle","Thursday","Day",3,4,"T intersection",3,60,"A",2012,"WAGON","NISSAN","Station Wagon","M",47,"40-49","Drivers"
"T20190019380","3/10/19",17:10:00,"Collision with vehicle","Thursday","Day",3,4,"T intersection",3,60,"B",2006,"WAGON","NISSAN","Car","M",28,"26-29","Drivers"
"T20190019380","3/10/19",17:10:00,"Collision with vehicle","Thursday","Day",3,4,"T intersection",3,60,"C",2019,"WAGON","FORD","Station Wagon","M",39,"30-39","Drivers"
"T20190019382","10/8/19",01:30:00,"Collision with a fixed object","Saturday","Dark No street lights",1,2,"Not at intersection",3,70,"A",2004,"SEDAN","SUZUKI","Car","F",19,"17-21","Drivers"
"T20190019383","4/10/19",15:00:00,"Collision with vehicle","Friday","Day",2,4,"T intersection",2,50,"B",2003,"DC UTE","TOYOTA","Utility","F",43,"40-49","Drivers"
"T20190019384","4/10/19",12:34:00,"Collision with vehicle","Friday","Day",2,6,"Cross intersection",3,60,"A",1992,"SEDAN","MAZDA","Car","F",32,"30-39","Drivers"
"T20190019384","4/10/19",12:34:00,"Collision with vehicle","Friday","Day",2,6,"Cross intersection",3,60,"B",2008,"WAGON","VOLKS","Station Wagon","F",43,"40-49","Drivers"
"T20190019386","4/10/19",15:15:00,"Collision with vehicle","Friday","Day",2,2,"T intersection",2,70,"A",2018,"WAGON","SUBARU","Station Wagon","M",75,"70+","Drivers"
"T20190019389","27/8/19",15:25:00,"Collision with vehicle","Tuesday","Day",2,2,"Not at intersection",3,40,"A",2019,"SEDAN","KIA","Car","M",38,"30-39","Drivers"
"T20190019389","27/8/19",15:25:00,"Collision with vehicle","Tuesday","Day",2,2,"Not at intersection",3,40,"B",2019,"UTIL","VOLKS","Utility","M",28,"26-29","Drivers"
"T20190019390","4/10/19",17:30:00,"Collision with vehicle","Friday","Dusk/Dawn",3,5,"Y intersection",3,80,"A",2007,"S WAG","FORD","Station Wagon","M",52,"50-59","Drivers"
"T20190019390","4/10/19",17:30:00,"Collision with vehicle","Friday","Dusk/Dawn",3,5,"Y intersection",3,80,"B",2012,"WAGON","TOYOTA","Station Wagon","F",44,"40-49","Drivers"
"T20190019395","4/10/19",17:30:00,"Collision with vehicle","Friday","Day",2,2,"T intersection",3,70,"A",2012,"SEDAN","HONDA","Car","F",41,"40-49","Drivers"
"T20190019395","4/10/19",17:30:00,"Collision with vehicle","Friday","Day",2,2,"T intersection",3,70,"B",1997,"SEDAN","FORD","Car","F",59,"50-59","Drivers"
"T20190019396","4/10/19",17:59:00,"Collision with vehicle","Friday","Dark Street lights on",2,3,"Not at intersection",3,60,"A",2014,"UTIL","HOLDEN","Utility","M",27,"26-29","Drivers"
"T20190019396","4/10/19",17:59:00,"Collision with vehicle","Friday","Dark Street lights on",2,3,"Not at intersection",3,60,"B",2012,"WAGON","TOYOTA","Station Wagon","M",20,"17-21","Drivers"
"T20190019398","4/10/19",13:12:00,"Collision with vehicle","Friday","Day",2,3,"Not at intersection",3,50,"A",1995,"SEDAN","TOYOTA","Car","F",94,"70+","Drivers"
"T20190019398","4/10/19",13:12:00,"Collision with vehicle","Friday","Day",2,3,"Not at intersection",3,50,"B",2003,"SEDAN","FORD","Car","M",91,"70+","Drivers"
"T20190019399","4/10/19",17:30:00,"Collision with vehicle","Friday","Day",2,2,"T intersection",3,70,"A",2007,"SEDAN","TOYOTA","Car","F",44,"40-49","Drivers"
"T20190019399","4/10/19",17:30:00,"Collision with vehicle","Friday","Day",2,2,"T intersection",3,70,"B",2018,"C CHAS","HINO","Heavy Vehicle (Rigid) > 4.5 Tonnes","M",33,"30-39","Drivers"
"T20190019400","4/10/19",13:45:00,"Collision with vehicle","Friday","Day",4,4,"Not at intersection",3,80,"A",2004,"SEDAN","NISSAN","Car","M",41,"40-49","Drivers"
"T20190019400","4/10/19",13:45:00,"Collision with vehicle","Friday","Day",4,4,"Not at intersection",3,80,"B",2011,"DC UTE","NISSAN","Utility","M",30,"30-39","Drivers"
"T20190019400","4/10/19",13:45:00,"Collision with vehicle","Friday","Day",4,4,"Not at intersection",3,80,"C",2019,"SEDAN","MAZDA","Car","M",66,"64-69","Drivers"
"T20190019400","4/10/19",13:45:00,"Collision with vehicle","Friday","Day",4,4,"Not at intersection",3,80,"D",2008,"SEDAN","VOLKS","Car","M",33,"30-39","Drivers"
"T20190019401","4/10/19",18:30:00,"Collision with vehicle","Friday","Dark Street lights on",4,8,"Not at intersection",3,80,"A",2010,"SEDAN","TOYOTA","Car","F",54,"50-59","Drivers"
"T20190019401","4/10/19",18:30:00,"Collision with vehicle","Friday","Dark Street lights on",4,8,"Not at intersection",3,80,"B",2005,"SEDAN","TOYOTA","Car","M",32,"30-39","Drivers"
"T20190019401","4/10/19",18:30:00,"Collision with vehicle","Friday","Dark Street lights on",4,8,"Not at intersection",3,80,"C",2018,"WAGON","HOLDEN","Station Wagon","F",44,"40-49","Drivers"
"T20190019401","4/10/19",18:30:00,"Collision with vehicle","Friday","Dark Street lights on",4,8,"Not at intersection",3,80,"D",2017,"SEDAN","MAZDA","Car","M",67,"64-69","Drivers"
"T20190019405","4/10/19",17:50:00,"Collision with vehicle","Friday","Day",2,2,"T intersection",3,60,"B",2015,"SEDAN","TOYOTA","Car","F",25,"22-25","Drivers"
"T20190019406","4/10/19",19:00:00,"Collision with vehicle","Friday","Dark Street lights on",2,3,"Cross intersection",3,100,"A",2004,"VAN","HINO","Heavy Vehicle (Rigid) > 4.5 Tonnes","F",59,"50-59","Drivers"
"T20190019406","4/10/19",19:00:00,"Collision with vehicle","Friday","Dark Street lights on",2,3,"Cross intersection",3,100,"B",2013,"SEDAN","FORD","Car","M",55,"50-59","Drivers"
"T20190019408","4/10/19",20:21:00,"Collision with vehicle","Friday","Dark Street lights on",2,7,"Cross intersection",3,60,"A",2006,"SEDAN","TOYOTA","Car","M",33,"30-39","Drivers"
"T20190019408","4/10/19",20:21:00,"Collision with vehicle","Friday","Dark Street lights on",2,7,"Cross intersection",3,60,"B",2016,"WAGON","B M W","Station Wagon","M",60,"60-64","Drivers"
"T20190019409","26/9/19",16:00:00,"Collision with vehicle","Thursday","Day",2,2,"T intersection",3,30,"A",2002,"SEDAN","MITSUB","Car","M",84,"70+","Drivers"
"T20190019410","4/10/19",18:55:00,"Struck Pedestrian","Friday","Dark Street lights on",1,3,"T intersection",3,80,"A",2011,"WAGON","TOYOTA","Station Wagon","M",59,"50-59","Drivers"
"T20190019411","4/10/19",21:30:00,"Collision with vehicle","Friday","Dark Street lights on",2,7,"Cross intersection",3,60,"A",2015,"SEDAN","HOLDEN","Car","M",40,"40-49","Drivers"
"T20190019411","4/10/19",21:30:00,"Collision with vehicle","Friday","Dark Street lights on",2,7,"Cross intersection",3,60,"B",2011,"SEDAN","HOLDEN","Car","M",30,"30-39","Drivers"
"T20190019412","4/10/19",21:26:00,"Collision with vehicle","Friday","Dark Street lights on",3,4,"Not at intersection",3,60,"A",2014,"SED","TOYOTA","Taxi","M",72,"70+","Drivers"
"T20190019412","4/10/19",21:26:00,"Collision with vehicle","Friday","Dark Street lights on",3,4,"Not at intersection",3,60,"C",2019,"WAGON","SUBARU","Station Wagon","M",39,"30-39","Drivers"
"T20190019414","4/10/19",23:00:00,"Collision with a fixed object","Friday","Dark Street lights on",1,3,"Not at intersection",3,50,"A",2001,"SED","FORD","Car","F",18,"17-21","Drivers"
"T20190019417","5/10/19",00:40:00,"Collision with a fixed object","Saturday","Dark Street lights on",1,1,"Not at intersection",3,60,"A",2007,"COUPE","B M W","Car","M",47,"40-49","Drivers"
"T20190019420","4/10/19",23:20:00,"Collision with a fixed object","Friday","Dark No street lights",1,4,"Not at intersection",3,50,"A",1994,"SEDAN","SUBARU","Car","M",18,"17-21","Drivers"
"T20190019421","5/10/19",02:00:00,"Collision with vehicle","Saturday","Dark Street lights on",3,7,"Cross intersection",2,70,"A",2004,"UTIL","FORD","Utility","M",18,"17-21","Drivers"
"T20190019421","5/10/19",02:00:00,"Collision with vehicle","Saturday","Dark Street lights on",3,7,"Cross intersection",2,70,"B",1995,"SEDAN","FORD","Car","F",37,"30-39","Drivers"
"T20190019421","5/10/19",02:00:00,"Collision with vehicle","Saturday","Dark Street lights on",3,7,"Cross intersection",2,70,"C",2017,"SEDAN","HOLDEN","Car","U",NA,"unknown","Drivers"
"T20190019423","5/10/19",04:16:00,"Collision with vehicle","Saturday","Dark Street lights on",2,3,"T intersection",3,80,"A",2017,"COUPE","FORD","Car","M",24,"22-25","Drivers"
"T20190019423","5/10/19",04:16:00,"Collision with vehicle","Saturday","Dark Street lights on",2,3,"T intersection",3,80,"B",2006,"VAN","MERC B","Panel Van","M",28,"26-29","Drivers"
"T20190019424","5/10/19",03:20:00,"Collision with a fixed object","Saturday","Dark No street lights",1,1,"Not at intersection",3,100,"A",2004,"DC UTE","HOLDEN","Utility","M",57,"50-59","Drivers"
"T20190019426","5/10/19",08:21:00,"Collision with vehicle","Saturday","Day",2,2,"Not at intersection",3,80,"A",2004,"SED","FORD","Car","M",53,"50-59","Drivers"
"T20190019426","5/10/19",08:21:00,"Collision with vehicle","Saturday","Day",2,2,"Not at intersection",3,80,"B",2013,"IND/CN","TOYOTA","Light Commercial Vehicle (Rigid) <= 4.5 Tonnes GVM","M",43,"40-49","Drivers"
"T20190019427","5/10/19",10:00:00,"Collision with vehicle","Saturday","Day",2,2,"Cross intersection",3,40,"A",2019,"WAGON","HONDA","Station Wagon","M",32,"30-39","Drivers"
"T20190019427","5/10/19",10:00:00,"Collision with vehicle","Saturday","Day",2,2,"Cross intersection",3,40,"B",2006,"SEDAN","MAZDA","Car","F",66,"64-69","Drivers"
"T20190019429","5/10/19",08:15:00,"Collision with vehicle","Saturday","Day",5,7,"Not at intersection",3,70,"A",2019,"WAGON","B M W","Station Wagon","M",40,"40-49","Drivers"
"T20190019429","5/10/19",08:15:00,"Collision with vehicle","Saturday","Day",5,7,"Not at intersection",3,70,"B",2010,"WAGON","SUBARU","Station Wagon","M",53,"50-59","Drivers"
"T20190019429","5/10/19",08:15:00,"Collision with vehicle","Saturday","Day",5,7,"Not at intersection",3,70,"C",2012,"S WAG","HOLDEN","Station Wagon","M",41,"40-49","Drivers"
"T20190019429","5/10/19",08:15:00,"Collision with vehicle","Saturday","Day",5,7,"Not at intersection",3,70,"D",2013,"SEDAN","HOLDEN","Car","M",66,"64-69","Drivers"
"T20190019429","5/10/19",08:15:00,"Collision with vehicle","Saturday","Day",5,7,"Not at intersection",3,70,"E",2016,"SEDAN","MAZDA","Car","F",38,"30-39","Drivers"
"T20190019432","5/10/19",11:36:00,"Collision with vehicle","Saturday","Day",4,4,"Not at intersection",3,80,"A",2005,"S WAG","NISSAN","Station Wagon","F",68,"64-69","Drivers"
"T20190019432","5/10/19",11:36:00,"Collision with vehicle","Saturday","Day",4,4,"Not at intersection",3,80,"B",2012,"UTIL","NISSAN","Utility","M",53,"50-59","Drivers"
"T20190019432","5/10/19",11:36:00,"Collision with vehicle","Saturday","Day",4,4,"Not at intersection",3,80,"C",1992,"SEDAN","TOYOTA","Car","M",18,"17-21","Drivers"
"T20190019432","5/10/19",11:36:00,"Collision with vehicle","Saturday","Day",4,4,"Not at intersection",3,80,"D",2013,"WAGON","HOLDEN","Station Wagon","M",58,"50-59","Drivers"
"T20190019433","5/10/19",10:50:00,"Struck Pedestrian","Saturday","Day",1,2,"Not at intersection",3,60,"A",2015,"SEDAN","B M W","Car","F",25,"22-25","Drivers"
"T20190019434","5/10/19",11:30:00,"Collision with vehicle","Saturday","Day",2,3,"Cross intersection",3,60,"A",2015,"SEDAN","MAZDA","Car","M",78,"70+","Drivers"
"T20190019434","5/10/19",11:30:00,"Collision with vehicle","Saturday","Day",2,3,"Cross intersection",3,60,"B",2015,"WAGON","MAZDA","Station Wagon","F",40,"40-49","Drivers"
"T20190019435","12/9/19",11:35:00,"Collision with vehicle","Thursday","Day",2,2,"Cross intersection",3,60,"A",0,"SEDAN","HONDA","Car","M",77,"70+","Drivers"
"T20190019435","12/9/19",11:35:00,"Collision with vehicle","Thursday","Day",2,2,"Cross intersection",3,60,"B",2014,"VAN","VOLKS","Panel Van","M",48,"40-49","Drivers"
"T20190019436","5/10/19",06:31:00,"Collision with vehicle","Saturday","Dusk/Dawn",2,2,"Not at intersection",3,100,"A",0,"UTIL","MITSUB","Utility","M",24,"22-25","Drivers"
"T20190019436","5/10/19",06:31:00,"Collision with vehicle","Saturday","Dusk/Dawn",2,2,"Not at intersection",3,100,"B",1993,"WAGON","TOYOTA","Station Wagon","M",28,"26-29","Drivers"
"T20190019437","5/10/19",11:47:00,"Collision with vehicle","Saturday","Day",2,2,"Cross intersection",3,70,"A",2009,"S WAG","HYNDAI","Station Wagon","F",73,"70+","Drivers"
"T20190019437","5/10/19",11:47:00,"Collision with vehicle","Saturday","Day",2,2,"Cross intersection",3,70,"B",2008,"UTIL","NISSAN","Utility","M",34,"30-39","Drivers"
"T20190019438","4/10/19",17:00:00,"Collision with vehicle","Friday","Day",2,3,"Cross intersection",3,70,"A",2012,"WAGON","JEEP","Station Wagon","F",44,"40-49","Drivers"
"T20190019438","4/10/19",17:00:00,"Collision with vehicle","Friday","Day",2,3,"Cross intersection",3,70,"B",2014,"SEDAN","M MOVE","Car","M",33,"30-39","Drivers"
"T20190019439","5/10/19",12:15:00,"Collision with vehicle","Saturday","Day",5,10,"Not at intersection",3,80,"A",2015,"SEDAN","MAZDA","Car","M",44,"40-49","Drivers"
"T20190019439","5/10/19",12:15:00,"Collision with vehicle","Saturday","Day",5,10,"Not at intersection",3,80,"B",2016,"SEDAN","TOYOTA","Car","F",42,"40-49","Drivers"
"T20190019439","5/10/19",12:15:00,"Collision with vehicle","Saturday","Day",5,10,"Not at intersection",3,80,"C",2016,"SEDAN","MERC B","Car","M",55,"50-59","Drivers"