"ACCIDENT_NO","ACCIDENTDATE","ACCIDENTTIME","Accident Type Desc","Day Week Description","Light Condition Desc","NO_OF_VEHICLES","NO_PERSONS","Road Geometry Desc","SEVERITY","SPEED_ZONE","VEHICLE_ID","VEHICLE_YEAR_MANUF","VEHICLE_BODY_STYLE","VEHICLE_MAKE","Vehicle Type Desc","SEX","AGE","Age Group","Road User Type Desc"
"T20190019815","10/10/19",08:35:00,"Collision with vehicle","Thursday","Day",2,5,"Cross intersection",3,60,"B",2019,"WAGON","MITSUB","Station Wagon","F",25,"22-25","Drivers"
"T20190019816","8/10/19",16:40:00,"Collision with vehicle","Tuesday","Unknown",3,4,"Cross intersection",3,999,"A",2015,"SEDAN","MAZDA","Car","F",29,"26-29","Drivers"
"T20190019816","8/10/19",16:40:00,"Collision with vehicle","Tuesday","Unknown",3,4,"Cross intersection",3,999,"B",2018,"WAGON","HOLDEN","Station Wagon","M",23,"22-25","Drivers"
"T20190019816","8/10/19",16:40:00,"Collision with vehicle","Tuesday","Unknown",3,4,"Cross intersection",3,999,"C",2015,"SEDAN","HYNDAI","Car","M",72,"70+","Drivers"
"T20190019818","10/10/19",09:37:00,"Struck Pedestrian","Thursday","Day",1,3,"T intersection",3,70,"A",2016,"SEDAN","TOYOTA","Car","M",45,"40-49","Drivers"
"T20190019821","10/10/19",11:45:00,"Collision with vehicle","Thursday","Day",2,2,"T intersection",3,70,"A",2012,"SED","B M W","Car","M",20,"17-21","Drivers"
"T20190019821","10/10/19",11:45:00,"Collision with vehicle","Thursday","Day",2,2,"T intersection",3,70,"B",2016,"WAGON","MITSUB","Station Wagon","F",70,"70+","Drivers"
"T20190019822","10/10/19",10:50:00,"Collision with vehicle","Thursday","Day",2,2,"T intersection",3,60,"A",2015,"SEDAN","MAZDA","Car","M",43,"40-49","Drivers"
"T20190019824","10/10/19",12:00:00,"Collision with vehicle","Thursday","Day",2,4,"Cross intersection",3,80,"A",2012,"SEDAN","TOYOTA","Car","F",82,"70+","Drivers"
"T20190019824","10/10/19",12:00:00,"Collision with vehicle","Thursday","Day",2,4,"Cross intersection",3,80,"B",2010,"S WAG","L ROV","Station Wagon","M",57,"50-59","Drivers"
"T20190019830","10/10/19",09:35:00,"Collision with a fixed object","Thursday","Day",1,1,"Not at intersection",3,60,"A",2018,"WAGON","TOYOTA","Station Wagon","M",36,"30-39","Drivers"
"T20190019831","29/8/19",18:44:00,"Collision with vehicle","Thursday","Dark Street lights unknown",2,3,"Cross intersection",3,60,"A",2016,"SEDAN","MAZDA","Car","U",19,"17-21","Drivers"
"T20190019831","29/8/19",18:44:00,"Collision with vehicle","Thursday","Dark Street lights unknown",2,3,"Cross intersection",3,60,"B",2009,"SEDAN","FORD","Car","M",27,"26-29","Drivers"
"T20190019834","10/10/19",05:45:00,"Struck Pedestrian","Thursday","Dark Street lights on",1,2,"Not at intersection",1,60,"A",2004,"S WAG","HOLDEN","Station Wagon","M",42,"40-49","Drivers"
"T20190019841","7/10/19",15:10:00,"Collision with vehicle","Monday","Day",2,2,"Cross intersection",3,80,"A",2005,"UTIL","NISSAN","Utility","M",83,"70+","Drivers"
"T20190019841","7/10/19",15:10:00,"Collision with vehicle","Monday","Day",2,2,"Cross intersection",3,80,"B",2015,"SEDAN","MAZDA","Car","F",28,"26-29","Drivers"
"T20190019845","19/7/19",17:42:00,"Collision with vehicle","Friday","Day",2,2,"Not at intersection",3,60,"A",2008,"SEDAN","TOYOTA","Car","F",44,"40-49","Drivers"
"T20190019845","19/7/19",17:42:00,"Collision with vehicle","Friday","Day",2,2,"Not at intersection",3,60,"B",2017,"WAGON","NISSAN","Station Wagon","F",37,"30-39","Drivers"
"T20190019846","10/10/19",14:40:00,"Collision with vehicle","Thursday","Day",2,2,"Multiple intersection",3,60,"A",2018,"TOURER","MERC B","Car","M",58,"50-59","Drivers"
"T20190019846","10/10/19",14:40:00,"Collision with vehicle","Thursday","Day",2,2,"Multiple intersection",3,60,"B",2018,"WAGON","MITSUB","Station Wagon","F",47,"40-49","Drivers"
"T20190019848","10/10/19",12:00:00,"Collision with vehicle","Thursday","Day",2,2,"Not at intersection",3,60,"A",1999,"SEDAN","TOYOTA","Car","M",30,"30-39","Drivers"
"T20190019848","10/10/19",12:00:00,"Collision with vehicle","Thursday","Day",2,2,"Not at intersection",3,60,"B",2018,"UTIL","MAZDA","Utility","M",33,"30-39","Drivers"
"T20190019849","10/10/19",12:30:00,"Collision with a fixed object","Thursday","Day",1,1,"Multiple intersection",3,100,"A",2013,"SEDAN","NISSAN","Car","F",44,"40-49","Drivers"
"T20190019850","10/10/19",14:00:00,"Collision with a fixed object","Thursday","Day",1,1,"Not at intersection",2,100,"A",2002,"SEDAN","MITSUB","Car","F",90,"70+","Drivers"
"T20190019851","10/10/19",12:06:00,"Collision with vehicle","Thursday","Day",2,3,"Cross intersection",3,100,"A",2001,"VAN","TOYOTA","Panel Van","M",79,"70+","Drivers"
"T20190019851","10/10/19",12:06:00,"Collision with vehicle","Thursday","Day",2,3,"Cross intersection",3,100,"B",2017,"P MVR","KENWTH","Prime Mover Only","M",61,"60-64","Drivers"
"T20190019853","7/10/19",16:00:00,"Collision with vehicle","Monday","Day",2,2,"T intersection",3,60,"A",2014,"SEDAN","SUBARU","Car","F",58,"50-59","Drivers"
"T20190019853","7/10/19",16:00:00,"Collision with vehicle","Monday","Day",2,2,"T intersection",3,60,"B",0,"SED","SUB","Car","F",19,"17-21","Drivers"
"T20190019854","10/10/19",15:05:00,"Collision with vehicle","Thursday","Day",2,3,"Not at intersection",3,40,"A",2015,"SEDAN","LEXUS","Car","F",87,"70+","Drivers"
"T20190019856","20/8/19",14:00:00,"Collision with vehicle","Tuesday","Day",2,3,"Cross intersection",3,70,"A",1996,"VAN","TOYOTA","Panel Van","U",NA,"unknown","Drivers"
"T20190019856","20/8/19",14:00:00,"Collision with vehicle","Tuesday","Day",2,3,"Cross intersection",3,70,"B",2009,"SEDAN","TOYOTA","Car","U",NA,"unknown","Drivers"
"T20190019857","10/10/19",15:52:00,"Collision with vehicle","Thursday","Day",2,2,"Cross intersection",3,60,"A",2008,"SEDAN","SUBARU","Car","M",19,"17-21","Drivers"
"T20190019857","10/10/19",15:52:00,"Collision with vehicle","Thursday","Day",2,2,"Cross intersection",3,60,"B",2018,"COUPE","FORD","Car","F",51,"50-59","Drivers"
"T20190019860","26/9/19",06:20:00,"Collision with vehicle","Thursday","Day",2,2,"Cross intersection",3,60,"A",2012,"SED","MAZDA","Car","F",44,"40-49","Drivers"
"T20190019860","26/9/19",06:20:00,"Collision with vehicle","Thursday","Day",2,2,"Cross intersection",3,60,"B",2015,"WAGON","KIA","Station Wagon","M",47,"40-49","Drivers"
"T20190019861","10/10/19",16:40:00,"Collision with vehicle","Thursday","Day",2,3,"T intersection",3,80,"A",2006,"S WAG","MERC B","Station Wagon","M",61,"60-64","Drivers"
"T20190019861","10/10/19",16:40:00,"Collision with vehicle","Thursday","Day",2,3,"T intersection",3,80,"B",2001,"SEDAN","HOLDEN","Car","M",25,"22-25","Drivers"
"T20190019864","1/10/19",14:45:00,"Collision with vehicle","Tuesday","Unknown",3,3,"T intersection",3,999,"A",2009,"SEDAN","TOYOTA","Car","F",50,"50-59","Drivers"
"T20190019864","1/10/19",14:45:00,"Collision with vehicle","Tuesday","Unknown",3,3,"T intersection",3,999,"B",2005,"SEDAN","LEXUS","Car","F",44,"40-49","Drivers"
"T20190019864","1/10/19",14:45:00,"Collision with vehicle","Tuesday","Unknown",3,3,"T intersection",3,999,"C",2011,"SEDAN","HOLDEN","Car","F",57,"50-59","Drivers"
"T20190019868","10/10/19",16:00:00,"No collision and no object struck","Thursday","Day",2,1,"T intersection",3,50,"A",2011,"SEDAN","VOLVO","Car","M",22,"22-25","Drivers"
"T20190019870","10/10/19",16:20:00,"Collision with vehicle","Thursday","Unknown",2,3,"Cross intersection",3,999,"A",2016,"WAGON","MITSUB","Station Wagon","U",NA,"unknown","Drivers"
"T20190019870","10/10/19",16:20:00,"Collision with vehicle","Thursday","Unknown",2,3,"Cross intersection",3,999,"B",2010,"SEDAN","MITSUB","Car","U",NA,"unknown","Drivers"
"T20190019871","10/10/19",19:18:00,"Collision with vehicle","Thursday","Day",2,2,"T intersection",3,60,"A",1993,"SEDAN","TOYOTA","Car","F",33,"30-39","Drivers"
"T20190019871","10/10/19",19:18:00,"Collision with vehicle","Thursday","Day",2,2,"T intersection",3,60,"B",2005,"WAGON","SUBARU","Station Wagon","M",48,"40-49","Drivers"
"T20190019873","10/10/19",18:40:00,"Collision with vehicle","Thursday","Day",2,2,"Not at intersection",3,40,"A",2015,"WAGON","AUDI","Station Wagon","M",77,"70+","Drivers"
"T20190019874","10/10/19",18:29:00,"Collision with vehicle","Thursday","Day",2,3,"Not at intersection",3,60,"A",2007,"SEDAN","HONDA","Car","F",67,"64-69","Drivers"
"T20190019874","10/10/19",18:29:00,"Collision with vehicle","Thursday","Day",2,3,"Not at intersection",3,60,"B",2017,"SEDAN","VOLKS","Car","M",65,"64-69","Drivers"
"T20190019877","10/10/19",15:22:00,"Collision with vehicle","Thursday","Day",2,3,"Not at intersection",1,100,"A",2008,"WAGON","NISSAN","Station Wagon","M",69,"64-69","Drivers"
"T20190019877","10/10/19",15:22:00,"Collision with vehicle","Thursday","Day",2,3,"Not at intersection",1,100,"B",2009,"SEDAN","HOLDEN","Car","M",22,"22-25","Drivers"
"T20190019878","10/10/19",21:20:00,"Collision with a fixed object","Thursday","Dark Street lights on",1,1,"Cross intersection",3,50,"A",2019,"SEDAN","HYNDAI","Car","F",21,"17-21","Drivers"
"T20190019880","10/10/19",18:15:00,"Collision with vehicle","Thursday","Dusk/Dawn",3,2,"Not at intersection",3,50,"A",2008,"WAGON","B M W","Station Wagon","U",NA,"unknown","Drivers"
"T20190019881","10/10/19",18:00:00,"Collision with vehicle","Thursday","Day",2,2,"T intersection",3,60,"A",2018,"WAGON","NISSAN","Station Wagon","M",56,"50-59","Drivers"
"T20190019881","10/10/19",18:00:00,"Collision with vehicle","Thursday","Day",2,2,"T intersection",3,60,"B",2009,"SEDAN","HONDA","Car","M",23,"22-25","Drivers"
"T20190019882","10/10/19",22:30:00,"Struck Pedestrian","Thursday","Dark Street lights on",1,2,"Cross intersection",3,60,"A",2009,"SEDAN","HYNDAI","Car","F",78,"70+","Drivers"
"T20190019884","10/10/19",23:25:00,"Collision with vehicle","Thursday","Dark Street lights on",3,2,"T intersection",2,60,"A",2008,"SEDAN","TOYOTA","Car","M",57,"50-59","Drivers"
"T20190019884","10/10/19",23:25:00,"Collision with vehicle","Thursday","Dark Street lights on",3,2,"T intersection",2,60,"B",2017,"SEDAN","TOYOTA","Car","M",31,"30-39","Drivers"
"T20190019885","10/10/19",00:05:00,"Collision with a fixed object","Thursday","Dark Street lights on",1,2,"Cross intersection",3,60,"A",2004,"SEDAN","AUDI","Car","M",33,"30-39","Drivers"
"T20190019886","11/10/19",00:54:00,"Collision with a fixed object","Friday","Dark No street lights",1,1,"Not at intersection",3,100,"A",2002,"WAGON","TOYOTA","Station Wagon","F",30,"30-39","Drivers"
"T20190019889","11/10/19",00:59:00,"Collision with a fixed object","Friday","Dark No street lights",1,1,"Not at intersection",2,100,"A",2001,"TRAY","TOYOTA","Light Commercial Vehicle (Rigid) <= 4.5 Tonnes GVM","M",31,"30-39","Drivers"
"T20190019893","11/10/19",06:50:00,"Collision with vehicle","Friday","Day",2,2,"Cross intersection",2,40,"A",1991,"SEDAN","TOYOTA","Car","M",22,"22-25","Drivers"
"T20190019896","15/8/19",12:30:00,"Collision with vehicle","Thursday","Day",2,2,"T intersection",3,999,"A",2011,"SEDAN","AUDI","Car","M",36,"30-39","Drivers"
"T20190019896","15/8/19",12:30:00,"Collision with vehicle","Thursday","Day",2,2,"T intersection",3,999,"B",2012,"TIPPER","VOLVO","Light Commercial Vehicle (Rigid) <= 4.5 Tonnes GVM","M",66,"64-69","Drivers"
"T20190019897","11/10/19",07:50:00,"Collision with vehicle","Friday","Day",3,3,"Not at intersection",3,80,"A",2011,"VAN","HYNDAI","Panel Van","M",27,"26-29","Drivers"
"T20190019897","11/10/19",07:50:00,"Collision with vehicle","Friday","Day",3,3,"Not at intersection",3,80,"B",2005,"WAGON","TOYOTA","Station Wagon","F",56,"50-59","Drivers"
"T20190019897","11/10/19",07:50:00,"Collision with vehicle","Friday","Day",3,3,"Not at intersection",3,80,"C",2016,"VAN","REN","Panel Van","M",51,"50-59","Drivers"
"T20190019898","7/10/19",03:45:00,"Collision with vehicle","Monday","Dark Street lights on",2,2,"T intersection",3,60,"A",2013,"SEDAN","HOLDEN","Car","M",59,"50-59","Drivers"
"T20190019898","7/10/19",03:45:00,"Collision with vehicle","Monday","Dark Street lights on",2,2,"T intersection",3,60,"B",2002,"DC UTE","TOYOTA","Utility","M",33,"30-39","Drivers"
"T20190019904","19/9/19",10:45:00,"Collision with vehicle","Thursday","Day",3,3,"Cross intersection",3,60,"A",2014,"SEDAN","MAZDA","Car","F",56,"50-59","Drivers"
"T20190019904","19/9/19",10:45:00,"Collision with vehicle","Thursday","Day",3,3,"Cross intersection",3,60,"B",2011,"UTIL","TOYOTA","Utility","M",25,"22-25","Drivers"
"T20190019904","19/9/19",10:45:00,"Collision with vehicle","Thursday","Day",3,3,"Cross intersection",3,60,"C",2007,"WAGON","HYNDAI","Station Wagon","F",83,"70+","Drivers"
"T20190019905","30/8/19",16:30:00,"Collision with vehicle","Friday","Dusk/Dawn",2,2,"Cross intersection",3,60,"A",2001,"SEDAN","NISSAN","Car","M",82,"70+","Drivers"
"T20190019905","30/8/19",16:30:00,"Collision with vehicle","Friday","Dusk/Dawn",2,2,"Cross intersection",3,60,"B",2011,"SEDAN","TOYOTA","Car","M",32,"30-39","Drivers"
"T20190019906","11/10/19",09:44:00,"Collision with vehicle","Friday","Day",2,2,"Not at intersection",2,60,"B",2012,"UTIL","FORD","Utility","U",NA,"unknown","Drivers"
"T20190019907","9/10/19",16:05:00,"Collision with vehicle","Wednesday","Day",2,3,"Not at intersection",3,50,"A",2009,"WAGON","FORD","Station Wagon","F",43,"40-49","Drivers"
"T20190019907","9/10/19",16:05:00,"Collision with vehicle","Wednesday","Day",2,3,"Not at intersection",3,50,"B",2019,"SEDAN","HONDA","Car","F",69,"64-69","Drivers"
"T20190019908","11/10/19",07:52:00,"Collision with a fixed object","Friday","Day",3,3,"Dead end",3,80,"A",2004,"VAN","ISUZU","Heavy Vehicle (Rigid) > 4.5 Tonnes","M",53,"50-59","Drivers"
"T20190019908","11/10/19",07:52:00,"Collision with a fixed object","Friday","Day",3,3,"Dead end",3,80,"B",2016,"UTIL","MAZDA","Utility","M",45,"40-49","Drivers"
"T20190019908","11/10/19",07:52:00,"Collision with a fixed object","Friday","Day",3,3,"Dead end",3,80,"C",2004,"UTIL","HOLDEN","Utility",NA,NA,"unknown","Drivers"
"T20190019910","10/5/19",17:00:00,"Collision with vehicle","Friday","Dark Street lights unknown",2,2,"Cross intersection",3,999,"B",2008,"SEDAN","TOYOTA","Car","F",60,"60-64","Drivers"
"T20190019913","11/10/19",12:05:00,"Struck Pedestrian","Friday","Day",1,2,"Cross intersection",3,60,"A",2013,"SEDAN","HONDA","Car","F",85,"70+","Drivers"
"T20190019915","5/8/19",14:25:00,"Collision with vehicle","Monday","Day",2,2,"Cross intersection",3,60,"A",2002,"SEDAN","HOLDEN","Car","M",70,"70+","Drivers"
"T20190019915","5/8/19",14:25:00,"Collision with vehicle","Monday","Day",2,2,"Cross intersection",3,60,"B",2004,"DC UTE","HOLDEN","Utility","M",34,"30-39","Drivers"
"T20190019917","11/10/19",13:30:00,"Collision with vehicle","Friday","Day",2,2,"Not at intersection",3,80,"A",2002,"SEDAN","TOYOTA","Car","M",58,"50-59","Drivers"
"T20190019917","11/10/19",13:30:00,"Collision with vehicle","Friday","Day",2,2,"Not at intersection",3,80,"B",2008,"SEDAN","HYNDAI","Car","F",64,"60-64","Drivers"
"T20190019918","11/10/19",10:00:00,"Collision with vehicle","Friday","Day",2,2,"Not at intersection",3,60,"B",1999,"VAN","ISUZU","Panel Van","M",58,"50-59","Drivers"
"T20190019918","11/10/19",10:00:00,"Collision with vehicle","Friday","Day",2,2,"Not at intersection",3,60,"C",2014,"WAGON","B M W","Station Wagon","F",58,"50-59","Drivers"
"T20190019919","11/10/19",13:19:00,"Vehicle overturned (no collision)","Friday","Day",1,1,"Not at intersection",3,80,"A",2008,"UTIL","FORD","Utility","F",49,"40-49","Drivers"
"T20190019922","11/10/19",08:30:00,"Collision with vehicle","Friday","Day",2,2,"Not at intersection",3,80,"A",2012,"SEDAN","TOYOTA","Car","F",39,"30-39","Drivers"
"T20190019922","11/10/19",08:30:00,"Collision with vehicle","Friday","Day",2,2,"Not at intersection",3,80,"B",2013,"TIPPER","SCANIA","Heavy Vehicle (Rigid) > 4.5 Tonnes","M",31,"30-39","Drivers"
"T20190019925","11/10/19",14:23:00,"Collision with vehicle","Friday","Day",3,4,"Not at intersection",3,100,"A",2014,"JEEP","JEEP","Station Wagon","F",60,"60-64","Drivers"
"T20190019925","11/10/19",14:23:00,"Collision with vehicle","Friday","Day",3,4,"Not at intersection",3,100,"B",2005,"WAGON","MAZDA","Station Wagon","M",65,"64-69","Drivers"
"T20190019925","11/10/19",14:23:00,"Collision with vehicle","Friday","Day",3,4,"Not at intersection",3,100,"C",2016,"SEDAN","TOYOTA","Car","M",36,"30-39","Drivers"
"T20190019927","11/10/19",16:10:00,"Collision with vehicle","Friday","Day",2,3,"T intersection",2,60,"A",2005,"SEDAN","HONDA","Car","M",28,"26-29","Drivers"
"T20190019927","11/10/19",16:10:00,"Collision with vehicle","Friday","Day",2,3,"T intersection",2,60,"B",2017,"SEDAN","HYNDAI","Car","F",41,"40-49","Drivers"
"T20190019928","11/10/19",16:08:00,"Collision with vehicle","Friday","Day",3,3,"Not at intersection",3,80,"A",2012,"UTIL","NISSAN","Utility","M",69,"64-69","Drivers"
"T20190019928","11/10/19",16:08:00,"Collision with vehicle","Friday","Day",3,3,"Not at intersection",3,80,"B",2000,"WAGON","TOYOTA","Station Wagon","M",18,"17-21","Drivers"
"T20190019928","11/10/19",16:08:00,"Collision with vehicle","Friday","Day",3,3,"Not at intersection",3,80,"C",2014,"WAGON","B M W","Station Wagon","F",51,"50-59","Drivers"
"T20190019930","11/10/19",11:45:00,"Struck Pedestrian","Friday","Day",1,2,"T intersection",3,40,"A",2012,"SEDAN","JEEP","Car","F",51,"50-59","Drivers"
"T20190019933","11/10/19",16:36:00,"Vehicle overturned (no collision)","Friday","Day",1,1,"Not at intersection",3,100,"A",1998,"WAGON","SUZUKI","Station Wagon","M",19,"17-21","Drivers"
"T20190019934","11/10/19",14:57:00,"Collision with vehicle","Friday","Day",4,5,"Not at intersection",3,60,"A",2015,"SKIP C","MITSUB","Heavy Vehicle (Rigid) > 4.5 Tonnes","M",32,"30-39","Drivers"
"T20190019934","11/10/19",14:57:00,"Collision with vehicle","Friday","Day",4,5,"Not at intersection",3,60,"B",2006,"WAGON","TOYOTA","Station Wagon","M",56,"50-59","Drivers"
"T20190019934","11/10/19",14:57:00,"Collision with vehicle","Friday","Day",4,5,"Not at intersection",3,60,"C",0,"DC UTE","VLK","Utility","F",49,"40-49","Drivers"
"T20190019934","11/10/19",14:57:00,"Collision with vehicle","Friday","Day",4,5,"Not at intersection",3,60,"D",2006,"SEDAN","HONDA","Car","F",30,"30-39","Drivers"
"T20190019935","9/10/19",08:30:00,"Collision with vehicle","Wednesday","Day",2,2,"T intersection",3,50,"A",2015,"WAGON","B M W","Station Wagon","M",34,"30-39","Drivers"
"T20190019935","9/10/19",08:30:00,"Collision with vehicle","Wednesday","Day",2,2,"T intersection",3,50,"B",0,"SEDAN","UNKN","Car","F",50,"50-59","Drivers"
"T20190019936","11/10/19",17:56:00,"Collision with vehicle","Friday","Day",2,5,"T intersection",3,60,"A",2011,"SEDAN","HOLDEN","Car","F",49,"40-49","Drivers"
"T20190019936","11/10/19",17:56:00,"Collision with vehicle","Friday","Day",2,5,"T intersection",3,60,"B",2015,"UTIL","VOLKS","Utility","M",48,"40-49","Drivers"
"T20190019938","17/9/19",07:56:00,"Collision with vehicle","Tuesday","Day",2,2,"Cross intersection",3,999,"A",2007,"SEDAN","HOLDEN","Car","F",41,"40-49","Drivers"
"T20190019939","10/10/19",18:30:00,"Collision with vehicle","Thursday","Day",2,2,"Not at intersection",3,80,"A",2016,"UTIL","FORD","Utility","M",39,"30-39","Drivers"
"T20190019939","10/10/19",18:30:00,"Collision with vehicle","Thursday","Day",2,2,"Not at intersection",3,80,"B",2015,"SEDAN","TOYOTA","Car","M",32,"30-39","Drivers"
"T20190019943","11/10/19",16:28:00,"Collision with vehicle","Friday","Day",2,2,"Not at intersection",3,80,"A",2007,"SEDAN","MERC B","Car","M",33,"30-39","Drivers"
"T20190019945","3/10/19",17:30:00,"Collision with vehicle","Thursday","Day",2,2,"Cross intersection",3,999,"A",2017,"SEDAN","TOYOTA","Car","F",42,"40-49","Drivers"
"T20190019946","11/10/19",15:50:00,"Collision with vehicle","Friday","Day",2,2,"Not at intersection",3,50,"A",2006,"SEDAN","HOLDEN","Car","M",25,"22-25","Drivers"
"T20190019947","11/10/19",17:15:00,"Collision with vehicle","Friday","Day",2,2,"Cross intersection",3,50,"B",2009,"S WAG","HYNDAI","Station Wagon","F",57,"50-59","Drivers"
"T20190019951","11/10/19",13:20:00,"Collision with vehicle","Friday","Day",2,3,"Not at intersection",3,50,"A",2017,"SEDAN","HOLDEN","Car","U",NA,"unknown","Drivers"
"T20190019951","11/10/19",13:20:00,"Collision with vehicle","Friday","Day",2,3,"Not at intersection",3,50,"B",1995,"SEDAN","VOLVO","Car","F",29,"26-29","Drivers"
"T20190019955","11/10/19",22:10:00,"Collision with vehicle","Friday","Dark Street lights on",2,2,"T intersection",3,60,"A",2008,"SEDAN","FORD","Car","M",81,"70+","Drivers"
"T20190019955","11/10/19",22:10:00,"Collision with vehicle","Friday","Dark Street lights on",2,2,"T intersection",3,60,"B",2007,"SEDAN","SUZUKI","Car","F",20,"17-21","Drivers"
"T20190019962","6/10/19",20:00:00,"Collision with vehicle","Sunday","Dark Street lights on",2,3,"Cross intersection",3,60,"A",2006,"SEDAN","TOYOTA","Car","M",71,"70+","Drivers"
"T20190019962","6/10/19",20:00:00,"Collision with vehicle","Sunday","Dark Street lights on",2,3,"Cross intersection",3,60,"B",2013,"DC UTE","NISSAN","Utility","M",49,"40-49","Drivers"
"T20190019966","12/10/19",07:00:00,"Collision with a fixed object","Saturday","Dusk/Dawn",1,2,"Not at intersection",3,100,"A",1996,"S WAG","FORD","Station Wagon","M",21,"17-21","Drivers"
"T20190019968","11/10/19",14:30:00,"Collision with vehicle","Friday","Day",2,3,"Not at intersection",3,60,"A",2019,"WAGON","FORD","Station Wagon","F",33,"30-39","Drivers"
"T20190019976","12/10/19",06:55:00,"Collision with vehicle","Saturday","Day",2,4,"Not at intersection",3,80,"A",0,"DUMPER","ISUZU","Heavy Vehicle (Rigid) > 4.5 Tonnes","M",38,"30-39","Drivers"
"T20190019976","12/10/19",06:55:00,"Collision with vehicle","Saturday","Day",2,4,"Not at intersection",3,80,"B",2002,"WAGON","NISSAN","Station Wagon","M",47,"40-49","Drivers"
"T20190019979","12/10/19",11:57:00,"Collision with vehicle","Saturday","Day",2,3,"Cross intersection",3,80,"A",2015,"SEDAN","TOYOTA","Car","M",34,"30-39","Drivers"
"T20190019979","12/10/19",11:57:00,"Collision with vehicle","Saturday","Day",2,3,"Cross intersection",3,80,"B",2004,"WAGON","B M W","Station Wagon","F",63,"60-64","Drivers"
"T20190019980","12/10/19",01:50:00,"Collision with vehicle","Saturday","Dark Street lights on",3,4,"Not at intersection",3,40,"A",2010,"SEDAN","HOLDEN","Car","M",26,"26-29","Drivers"
"T20190019980","12/10/19",01:50:00,"Collision with vehicle","Saturday","Dark Street lights on",3,4,"Not at intersection",3,40,"B",2014,"SEDAN","TOYOTA","Car","F",23,"22-25","Drivers"
"T20190019980","12/10/19",01:50:00,"Collision with vehicle","Saturday","Dark Street lights on",3,4,"Not at intersection",3,40,"C",2014,"SEDAN","TOYOTA","Car","M",30,"30-39","Drivers"
"T20190019983","12/10/19",10:18:00,"Collision with vehicle","Saturday","Day",2,2,"Not at intersection",3,100,"A",2010,"SEDAN","HOLDEN","Car","F",19,"17-21","Drivers"
"T20190019983","12/10/19",10:18:00,"Collision with vehicle","Saturday","Day",2,2,"Not at intersection",3,100,"B",2004,"WAGON","NISSAN","Station Wagon","M",46,"40-49","Drivers"
"T20190019986","12/10/19",07:05:00,"Collision with vehicle","Saturday","Day",3,1,"Not at intersection",3,60,"A",2017,"SEDAN","MAZDA","Car","M",61,"60-64","Drivers"
"T20190019987","12/10/19",13:00:00,"Collision with vehicle","Saturday","Day",2,3,"Not at intersection",3,70,"A",2005,"WAGON","NISSAN","Station Wagon","F",23,"22-25","Drivers"
"T20190019987","12/10/19",13:00:00,"Collision with vehicle","Saturday","Day",2,3,"Not at intersection",3,70,"B",2016,"UTIL","NISSAN","Utility","M",34,"30-39","Drivers"
"T20190019994","12/10/19",14:10:00,"Fall from or in moving vehicle","Saturday","Day",3,4,"Not at intersection",2,70,"A",2011,"S WAG","HOLDEN","Station Wagon","M",27,"26-29","Drivers"
"T20190019994","12/10/19",14:10:00,"Fall from or in moving vehicle","Saturday","Day",3,4,"Not at intersection",2,70,"B",2015,"DC UTE","TOYOTA","Utility","M",32,"30-39","Drivers"
"T20190019994","12/10/19",14:10:00,"Fall from or in moving vehicle","Saturday","Day",3,4,"Not at intersection",2,70,"C",2018,"T SDS","TOYOTA","Light Commercial Vehicle (Rigid) <= 4.5 Tonnes GVM","M",65,"64-69","Drivers"
"T20190019995","10/10/19",09:45:00,"Collision with vehicle","Thursday","Day",2,2,"Not at intersection",2,80,"A",2005,"SEDAN","FORD","Car","M",32,"30-39","Drivers"
"T20190019995","10/10/19",09:45:00,"Collision with vehicle","Thursday","Day",2,2,"Not at intersection",2,80,"B",2014,"SEDAN","HYNDAI","Car","F",77,"70+","Drivers"
"T20190019996","12/10/19",14:30:00,"Collision with vehicle","Saturday","Day",2,2,"Cross intersection",3,60,"A",2004,"SEDAN","MAZDA","Car","M",27,"26-29","Drivers"
"T20190019997","3/10/19",17:30:00,"Collision with vehicle","Thursday","Day",3,5,"T intersection",2,999,"A",1992,"SEDAN","FORD","Car","M",73,"70+","Drivers"
"T20190019997","3/10/19",17:30:00,"Collision with vehicle","Thursday","Day",3,5,"T intersection",2,999,"B",2015,"T SDS","TOYOTA","Light Commercial Vehicle (Rigid) <= 4.5 Tonnes GVM","M",38,"30-39","Drivers"
"T20190019997","3/10/19",17:30:00,"Collision with vehicle","Thursday","Day",3,5,"T intersection",2,999,"C",2017,"WAGON","REN","Station Wagon","M",46,"40-49","Drivers"
"T20190019999","12/10/19",14:20:00,"Collision with vehicle","Saturday","Day",2,5,"T intersection",3,70,"A",2012,"WAGON","HOLDEN","Station Wagon","F",58,"50-59","Drivers"
"T20190019999","12/10/19",14:20:00,"Collision with vehicle","Saturday","Day",2,5,"T intersection",3,70,"B",2007,"WAGON","AUDI","Station Wagon","F",41,"40-49","Drivers"
"T20190020001","7/10/19",16:00:00,"Collision with vehicle","Monday","Day",3,3,"Not at intersection",3,999,"A",2008,"WAGON","MITSUB","Station Wagon","F",23,"22-25","Drivers"
"T20190020001","7/10/19",16:00:00,"Collision with vehicle","Monday","Day",3,3,"Not at intersection",3,999,"B",2010,"SED","HYNDAI","Car","F",27,"26-29","Drivers"