"ACCIDENT_NO","ACCIDENTDATE","ACCIDENTTIME","Accident Type Desc","Day Week Description","Light Condition Desc","NO_OF_VEHICLES","NO_PERSONS","Road Geometry Desc","SEVERITY","SPEED_ZONE","VEHICLE_ID","VEHICLE_YEAR_MANUF","VEHICLE_BODY_STYLE","VEHICLE_MAKE","Vehicle Type Desc","SEX","AGE","Age Group","Road User Type Desc"
"T20190020001","7/10/19",16:00:00,"Collision with vehicle","Monday","Day",3,3,"Not at intersection",3,999,"C",2010,"SEDAN","HOLDEN","Car","M",30,"30-39","Drivers"
"T20190020006","12/10/19",16:20:00,"Collision with vehicle","Saturday","Day",5,7,"T intersection",3,80,"A",2015,"SEDAN","TOYOTA","Car","M",35,"30-39","Drivers"
"T20190020006","12/10/19",16:20:00,"Collision with vehicle","Saturday","Day",5,7,"T intersection",3,80,"B",2011,"S WAG","MITSUB","Station Wagon","F",40,"40-49","Drivers"
"T20190020006","12/10/19",16:20:00,"Collision with vehicle","Saturday","Day",5,7,"T intersection",3,80,"C",2010,"SEDAN","HOLDEN","Car","M",20,"17-21","Drivers"
"T20190020006","12/10/19",16:20:00,"Collision with vehicle","Saturday","Day",5,7,"T intersection",3,80,"D",2013,"SEDAN","SUZUKI","Car","M",54,"50-59","Drivers"
"T20190020006","12/10/19",16:20:00,"Collision with vehicle","Saturday","Day",5,7,"T intersection",3,80,"E",2010,"S WAG","HOLDEN","Station Wagon","M",60,"60-64","Drivers"
"T20190020009","12/10/19",19:30:00,"Collision with vehicle","Saturday","Day",2,2,"T intersection",3,40,"A",2017,"WAGON","JEEP","Station Wagon","M",36,"30-39","Drivers"
"T20190020012","11/10/19",19:44:00,"Collision with vehicle","Friday","Dark Street lights on",4,6,"Not at intersection",3,60,"A",2016,"SEDAN","ASTON","Car","M",42,"40-49","Drivers"
"T20190020012","11/10/19",19:44:00,"Collision with vehicle","Friday","Dark Street lights on",4,6,"Not at intersection",3,60,"B",2011,"SEDAN","TOYOTA","Car","M",25,"22-25","Drivers"
"T20190020012","11/10/19",19:44:00,"Collision with vehicle","Friday","Dark Street lights on",4,6,"Not at intersection",3,60,"C",2018,"SEDAN","TOYOTA","Car","F",63,"60-64","Drivers"
"T20190020012","11/10/19",19:44:00,"Collision with vehicle","Friday","Dark Street lights on",4,6,"Not at intersection",3,60,"D",2007,"SEDAN","HONDA","Car","M",22,"22-25","Drivers"
"T20190020013","12/10/19",19:00:00,"Collision with vehicle","Saturday","Dusk/Dawn",2,2,"Not at intersection",3,100,"A",2016,"UTIL","FORD","Utility","M",28,"26-29","Drivers"
"T20190020013","12/10/19",19:00:00,"Collision with vehicle","Saturday","Dusk/Dawn",2,2,"Not at intersection",3,100,"B",2004,"SEDAN","MAZDA","Car","M",20,"17-21","Drivers"
"T20190020014","5/10/19",16:30:00,"Collision with vehicle","Saturday","Day",2,4,"Cross intersection",3,999,"A",2010,"SEDAN","MAZDA","Car","M",48,"40-49","Drivers"
"T20190020014","5/10/19",16:30:00,"Collision with vehicle","Saturday","Day",2,4,"Cross intersection",3,999,"B",2008,"WAGON","FORD","Station Wagon","M",28,"26-29","Drivers"
"T20190020015","11/10/19",15:48:00,"Collision with vehicle","Friday","Day",3,3,"Cross intersection",3,60,"A",2015,"P MVR","F LINE","Prime Mover B-Triple","M",67,"64-69","Drivers"
"T20190020015","11/10/19",15:48:00,"Collision with vehicle","Friday","Day",3,3,"Cross intersection",3,60,"B",2018,"DC UTE","FORD","Utility","F",39,"30-39","Drivers"
"T20190020015","11/10/19",15:48:00,"Collision with vehicle","Friday","Day",3,3,"Cross intersection",3,60,"C",2017,"DC UTE","FORD","Utility","M",40,"40-49","Drivers"
"T20190020016","12/10/19",04:25:00,"collision with some other object","Saturday","Dark No street lights",1,2,"Not at intersection",3,100,"A",1992,"DC UTE","MITSUB","Utility","M",34,"30-39","Drivers"
"T20190020017","12/10/19",20:00:00,"Collision with vehicle","Saturday","Dark Street lights on",2,2,"Cross intersection",3,80,"A",2012,"SEDAN","HYNDAI","Car","F",53,"50-59","Drivers"
"T20190020017","12/10/19",20:00:00,"Collision with vehicle","Saturday","Dark Street lights on",2,2,"Cross intersection",3,80,"B",2007,"SEDAN","FORD","Car","M",20,"17-21","Drivers"
"T20190020018","12/10/19",21:53:00,"Collision with vehicle","Saturday","Dark No street lights",2,2,"T intersection",3,60,"B",2005,"WAGON","B M W","Station Wagon","M",39,"30-39","Drivers"
"T20190020020","12/10/19",22:15:00,"Collision with vehicle","Saturday","Dark Street lights on",2,4,"Not at intersection",3,70,"A",2007,"SEDAN","CITRN","Car","M",87,"70+","Drivers"
"T20190020023","12/10/19",05:45:00,"No collision and no object struck","Saturday","Dark No street lights",3,3,"Not at intersection",3,60,"A",2019,"SEDAN","HONDA","Car","F",38,"30-39","Drivers"
"T20190020023","12/10/19",05:45:00,"No collision and no object struck","Saturday","Dark No street lights",3,3,"Not at intersection",3,60,"B",2008,"WAGON","TOYOTA","Station Wagon","M",52,"50-59","Drivers"
"T20190020023","12/10/19",05:45:00,"No collision and no object struck","Saturday","Dark No street lights",3,3,"Not at intersection",3,60,"C",2013,"COUPE","REN","Car","M",33,"30-39","Drivers"
"T20190020024","13/10/19",00:45:00,"Collision with vehicle","Sunday","Dark Street lights on",2,3,"T intersection",3,50,"A",2007,"UTIL","HOLDEN","Utility","M",44,"40-49","Drivers"
"T20190020024","13/10/19",00:45:00,"Collision with vehicle","Sunday","Dark Street lights on",2,3,"T intersection",3,50,"B",2015,"SEDAN","TOYOTA","Car","M",NA,"unknown","Drivers"
"T20190020025","13/10/19",00:10:00,"Vehicle overturned (no collision)","Sunday","Dark No street lights",1,3,"Not at intersection",3,80,"A",2012,"COUPE","SUBARU","Car","F",16,"16-17","Drivers"
"T20190020031","13/10/19",02:14:00,"Collision with vehicle","Sunday","Dark Street lights on",2,2,"Cross intersection",3,60,"A",2009,"SEDAN","FORD","Car","M",32,"30-39","Drivers"
"T20190020031","13/10/19",02:14:00,"Collision with vehicle","Sunday","Dark Street lights on",2,2,"Cross intersection",3,60,"B",2003,"SEDAN","HONDA","Car","M",29,"26-29","Drivers"
"T20190020035","12/10/19",07:09:00,"Collision with vehicle","Saturday","Day",2,2,"Not at intersection",3,60,"A",2005,"TIPPER","VOLVO","Heavy Vehicle (Rigid) > 4.5 Tonnes","M",26,"26-29","Drivers"
"T20190020035","12/10/19",07:09:00,"Collision with vehicle","Saturday","Day",2,2,"Not at intersection",3,60,"B",2007,"WAGON","TOYOTA","Station Wagon","F",48,"40-49","Drivers"
"T20190020038","11/10/19",17:00:00,"Collision with vehicle","Friday","Day",2,1,"T intersection",3,80,"B",2007,"WAGON","NISSAN","Station Wagon","U",NA,"unknown","Drivers"
"T20190020042","13/10/19",10:40:00,"Struck Pedestrian","Sunday","Day",1,2,"Not at intersection",3,60,"A",0,"SEDAN","UNSPEC","Car","U",NA,"unknown","Drivers"
"T20190020047","12/10/19",21:50:00,"Collision with a fixed object","Saturday","Dark No street lights",1,2,"T intersection",3,100,"A",2015,"DC UTE","FORD","Utility","F",24,"22-25","Drivers"
"T20190020048","11/10/19",20:05:00,"Collision with vehicle","Friday","Dark Street lights on",3,4,"Cross intersection",3,60,"A",2011,"SEDAN","HOLDEN","Car","M",19,"17-21","Drivers"
"T20190020048","11/10/19",20:05:00,"Collision with vehicle","Friday","Dark Street lights on",3,4,"Cross intersection",3,60,"B",2002,"SEDAN","TOYOTA","Car","F",49,"40-49","Drivers"
"T20190020048","11/10/19",20:05:00,"Collision with vehicle","Friday","Dark Street lights on",3,4,"Cross intersection",3,60,"C",1992,"SEDAN","FORD","Car","M",41,"40-49","Drivers"
"T20190020049","13/10/19",11:20:00,"Collision with vehicle","Sunday","Day",2,2,"T intersection",3,60,"A",2017,"WAGON","JEEP","Station Wagon","F",41,"40-49","Drivers"
"T20190020049","13/10/19",11:20:00,"Collision with vehicle","Sunday","Day",2,2,"T intersection",3,60,"B",2004,"TRAY","TOYOTA","Light Commercial Vehicle (Rigid) <= 4.5 Tonnes GVM","M",19,"17-21","Drivers"
"T20190020050","13/10/19",11:42:00,"Collision with vehicle","Sunday","Day",2,5,"T intersection",3,60,"A",2010,"SEDAN","FORD","Car","M",82,"70+","Drivers"
"T20190020050","13/10/19",11:42:00,"Collision with vehicle","Sunday","Day",2,5,"T intersection",3,60,"B",2017,"WAGON","LEXUS","Station Wagon","F",54,"50-59","Drivers"
"T20190020051","12/10/19",19:00:00,"Collision with vehicle","Saturday","Dusk/Dawn",2,6,"T intersection",3,80,"A",2005,"WAGON","HYNDAI","Station Wagon","M",34,"30-39","Drivers"
"T20190020051","12/10/19",19:00:00,"Collision with vehicle","Saturday","Dusk/Dawn",2,6,"T intersection",3,80,"B",2012,"S WAG","MITSUB","Station Wagon","M",75,"70+","Drivers"
"T20190020053","13/10/19",12:50:00,"Collision with a fixed object","Sunday","Day",1,2,"Not at intersection",3,80,"A",1996,"S WAG","VOLVO","Station Wagon","M",24,"22-25","Drivers"
"T20190020057","13/10/19",03:00:00,"Collision with a fixed object","Sunday","Dark No street lights",1,2,"Not at intersection",1,100,"A",1988,"TRAY","HINO","Heavy Vehicle (Rigid) > 4.5 Tonnes","M",59,"50-59","Drivers"
"T20190020058","13/10/19",14:27:00,"Collision with vehicle","Sunday","Day",2,4,"Cross intersection",2,60,"A",2005,"S WAG","PEUG","Car","M",46,"40-49","Drivers"
"T20190020058","13/10/19",14:27:00,"Collision with vehicle","Sunday","Day",2,4,"Cross intersection",2,60,"B",2013,"SEDAN","VOLKS","Car","M",43,"40-49","Drivers"
"T20190020060","13/10/19",13:05:00,"Collision with vehicle","Sunday","Day",2,2,"T intersection",3,60,"A",2011,"SEDAN","HOLDEN","Car","M",20,"17-21","Drivers"
"T20190020060","13/10/19",13:05:00,"Collision with vehicle","Sunday","Day",2,2,"T intersection",3,60,"B",2016,"S WAG","HOLDEN","Station Wagon","F",43,"40-49","Drivers"
"T20190020063","5/10/19",21:00:00,"Collision with vehicle","Saturday","Dark Street lights on",2,2,"T intersection",3,60,"A",2015,"SEDAN","TOYOTA","Car","M",33,"30-39","Drivers"
"T20190020063","5/10/19",21:00:00,"Collision with vehicle","Saturday","Dark Street lights on",2,2,"T intersection",3,60,"B",1997,"SED","HOLDEN","Car","M",44,"40-49","Drivers"
"T20190020064","12/10/19",18:00:00,"Collision with vehicle","Saturday","Day",2,10,"Not at intersection",3,999,"A",2006,"SEDAN","HOLDEN","Car","F",26,"26-29","Drivers"
"T20190020064","12/10/19",18:00:00,"Collision with vehicle","Saturday","Day",2,10,"Not at intersection",3,999,"B",2013,"DC UTE","TOYOTA","Utility","M",20,"17-21","Drivers"
"T20190020066","13/10/19",15:48:00,"Collision with a fixed object","Sunday","Day",1,1,"Not at intersection",3,110,"A",2007,"TRAY","FORD","Light Commercial Vehicle (Rigid) <= 4.5 Tonnes GVM","M",32,"30-39","Drivers"
"T20190020070","13/10/19",17:20:00,"Struck Pedestrian","Sunday","Day",1,2,"Not at intersection",3,50,"A",2011,"SEDAN","HOLDEN","Car","F",42,"40-49","Drivers"
"T20190020071","13/10/19",15:12:00,"Collision with vehicle","Sunday","Day",2,2,"Cross intersection",3,60,"A",2003,"SEDAN","TOYOTA","Car","M",41,"40-49","Drivers"
"T20190020071","13/10/19",15:12:00,"Collision with vehicle","Sunday","Day",2,2,"Cross intersection",3,60,"B",2008,"SED","TOYOTA","Car","F",32,"30-39","Drivers"
"T20190020072","13/10/19",18:00:00,"Collision with vehicle","Sunday","Day",2,2,"Not at intersection",3,60,"A",2006,"WAGON","AUDI","Station Wagon","M",79,"70+","Drivers"
"T20190020072","13/10/19",18:00:00,"Collision with vehicle","Sunday","Day",2,2,"Not at intersection",3,60,"B",2000,"WAGON","TOYOTA","Station Wagon","M",37,"30-39","Drivers"
"T20190020074","13/10/19",18:09:00,"Collision with vehicle","Sunday","Day",2,3,"Not at intersection",3,80,"A",2015,"SEDAN","KIA","Car","F",35,"30-39","Drivers"
"T20190020074","13/10/19",18:09:00,"Collision with vehicle","Sunday","Day",2,3,"Not at intersection",3,80,"B",2004,"WAGON","VOLVO","Station Wagon","F",21,"17-21","Drivers"
"T20190020077","13/10/19",18:05:00,"Collision with vehicle","Sunday","Day",2,2,"Not at intersection",3,80,"A",2002,"WAGON","TOYOTA","Station Wagon","F",82,"70+","Drivers"
"T20190020077","13/10/19",18:05:00,"Collision with vehicle","Sunday","Day",2,2,"Not at intersection",3,80,"B",2004,"WAGON","REN","Station Wagon","F",85,"70+","Drivers"
"T20190020080","13/10/19",17:30:00,"Collision with a fixed object","Sunday","Day",1,4,"Not at intersection",3,50,"A",2007,"SEDAN","SUZUKI","Car","F",22,"22-25","Drivers"
"T20190020081","13/10/19",15:59:00,"Collision with vehicle","Sunday","Day",2,2,"T intersection",1,80,"A",2002,"SEDAN","MITSUB","Car","M",34,"30-39","Drivers"
"T20190020083","13/10/19",19:30:00,"Collision with vehicle","Sunday","Dusk/Dawn",2,5,"Cross intersection",3,80,"A",2001,"WAGON","TOYOTA","Station Wagon","F",48,"40-49","Drivers"
"T20190020083","13/10/19",19:30:00,"Collision with vehicle","Sunday","Dusk/Dawn",2,5,"Cross intersection",3,80,"B",2006,"SEDAN","HOLDEN","Car","F",21,"17-21","Drivers"
"T20190020084","13/10/19",09:10:00,"Collision with vehicle","Sunday","Day",2,2,"Not at intersection",3,60,"A",2013,"SEDAN","TOYOTA","Car","M",27,"26-29","Drivers"
"T20190020084","13/10/19",09:10:00,"Collision with vehicle","Sunday","Day",2,2,"Not at intersection",3,60,"B",2007,"WAGON","PEUG","Station Wagon","M",76,"70+","Drivers"
"T20190020086","13/10/19",20:20:00,"Collision with vehicle","Sunday","Dark Street lights on",2,2,"Cross intersection",3,60,"A",2011,"SEDAN","TOYOTA","Car","M",52,"50-59","Drivers"
"T20190020086","13/10/19",20:20:00,"Collision with vehicle","Sunday","Dark Street lights on",2,2,"Cross intersection",3,60,"B",1999,"S WAG","HOLDEN","Station Wagon","M",65,"64-69","Drivers"
"T20190020087","13/10/19",19:16:00,"Collision with vehicle","Sunday","Dusk/Dawn",4,4,"Cross intersection",2,50,"A",2017,"SEDAN","TOYOTA","Car","F",25,"22-25","Drivers"
"T20190020087","13/10/19",19:16:00,"Collision with vehicle","Sunday","Dusk/Dawn",4,4,"Cross intersection",2,50,"B",2017,"COUPE","MERC B","Car","M",32,"30-39","Drivers"
"T20190020088","12/10/19",22:10:00,"Struck Pedestrian","Saturday","Dark Street lights on",1,2,"Not at intersection",3,70,"A",1993,"WAGON","TOYOTA","Station Wagon","F",50,"50-59","Drivers"
"T20190020090","13/10/19",14:54:00,"Collision with a fixed object","Sunday","Day",1,1,"Not at intersection",3,100,"A",2005,"S WAG","HONDA","Station Wagon","F",31,"30-39","Drivers"
"T20190020092","13/10/19",19:00:00,"Collision with vehicle","Sunday","Day",2,2,"T intersection",3,40,"A",2015,"SEDAN","VOLKS","Car","F",58,"50-59","Drivers"
"T20190020093","13/10/19",22:20:00,"Collision with a fixed object","Sunday","Dark No street lights",1,1,"Not at intersection",1,100,"A",2007,"COUPE","HYNDAI","Car","F",29,"26-29","Drivers"
"T20190020094","10/10/19",14:00:00,"Collision with vehicle","Thursday","Day",2,2,"Cross intersection",3,50,"A",1998,"VAN","TOYOTA","Panel Van","M",54,"50-59","Drivers"
"T20190020094","10/10/19",14:00:00,"Collision with vehicle","Thursday","Day",2,2,"Cross intersection",3,50,"B",2003,"WAGON","TOYOTA","Station Wagon","F",67,"64-69","Drivers"
"T20190020097","4/10/19",08:19:00,"Collision with vehicle","Friday","Day",2,2,"Cross intersection",3,60,"A",2012,"SEDAN","MAZDA","Car","F",24,"22-25","Drivers"
"T20190020097","4/10/19",08:19:00,"Collision with vehicle","Friday","Day",2,2,"Cross intersection",3,60,"B",1996,"SEDAN","TOYOTA","Car","F",72,"70+","Drivers"
"T20190020098","11/10/19",16:50:00,"Collision with vehicle","Friday","Dusk/Dawn",2,2,"Cross intersection",3,80,"A",2015,"UTIL","HOLDEN","Utility","M",20,"17-21","Drivers"
"T20190020098","11/10/19",16:50:00,"Collision with vehicle","Friday","Dusk/Dawn",2,2,"Cross intersection",3,80,"B",2016,"SEDAN","TOYOTA","Car","F",78,"70+","Drivers"
"T20190020099","14/10/19",05:25:00,"Collision with a fixed object","Monday","Dark Street lights on",1,1,"Not at intersection",3,80,"A",2009,"S WAG","HOLDEN","Station Wagon","M",24,"22-25","Drivers"
"T20190020102","9/10/19",13:03:00,"Collision with vehicle","Wednesday","Day",2,2,"T intersection",3,80,"A",2017,"WAGON","HYNDAI","Station Wagon","F",38,"30-39","Drivers"
"T20190020103","14/10/19",08:02:00,"Collision with vehicle","Monday","Day",2,2,"T intersection",3,100,"A",2013,"SEDAN","MAZDA","Car","F",61,"60-64","Drivers"
"T20190020103","14/10/19",08:02:00,"Collision with vehicle","Monday","Day",2,2,"T intersection",3,100,"B",2015,"WAGON","R ROV","Station Wagon","F",29,"26-29","Drivers"
"T20190020104","13/10/19",17:20:00,"Collision with vehicle","Sunday","Day",2,2,"T intersection",3,999,"B",2017,"WAGON","R ROV","Station Wagon","F",27,"26-29","Drivers"
"T20190020106","27/8/19",08:30:00,"Collision with vehicle","Tuesday","Day",2,3,"Cross intersection",3,60,"A",2013,"WAGON","JEEP","Station Wagon","F",38,"30-39","Drivers"
"T20190020106","27/8/19",08:30:00,"Collision with vehicle","Tuesday","Day",2,3,"Cross intersection",3,60,"B",2014,"UTIL","TOYOTA","Utility","M",36,"30-39","Drivers"
"T20190020107","17/4/19",12:37:00,"Collision with vehicle","Wednesday","Day",2,2,"T intersection",3,999,"A",2001,"SEDAN","TOYOTA","Car","M",39,"30-39","Drivers"
"T20190020107","17/4/19",12:37:00,"Collision with vehicle","Wednesday","Day",2,2,"T intersection",3,999,"B",2017,"S WAG","FORD","Station Wagon","M",55,"50-59","Drivers"
"T20190020108","14/10/19",09:40:00,"Collision with vehicle","Monday","Day",4,4,"Not at intersection",3,80,"A",2015,"WAGON","JEEP","Station Wagon","M",22,"22-25","Drivers"
"T20190020108","14/10/19",09:40:00,"Collision with vehicle","Monday","Day",4,4,"Not at intersection",3,80,"B",2002,"UTIL","MITSUB","Utility","M",52,"50-59","Drivers"
"T20190020108","14/10/19",09:40:00,"Collision with vehicle","Monday","Day",4,4,"Not at intersection",3,80,"C",2017,"WAGON","MAZDA","Station Wagon","F",32,"30-39","Drivers"
"T20190020108","14/10/19",09:40:00,"Collision with vehicle","Monday","Day",4,4,"Not at intersection",3,80,"D",2004,"S WAG","HOLDEN","Station Wagon","M",32,"30-39","Drivers"
"T20190020110","14/10/19",11:15:00,"Collision with a fixed object","Monday","Day",1,1,"Not at intersection",3,80,"A",2010,"WAGON","B M W","Station Wagon","M",41,"40-49","Drivers"
"T20190020116","7/9/19",11:30:00,"Collision with vehicle","Saturday","Day",2,3,"Cross intersection",3,50,"A",2011,"SEDAN","HYNDAI","Car","F",26,"26-29","Drivers"
"T20190020116","7/9/19",11:30:00,"Collision with vehicle","Saturday","Day",2,3,"Cross intersection",3,50,"B",2013,"SEDAN","VOLKS","Car","F",36,"30-39","Drivers"
"T20190020118","22/8/19",14:45:00,"Collision with a fixed object","Thursday","Day",1,1,"Not at intersection",3,999,"A",2001,"SEDAN","FORD","Car","F",75,"70+","Drivers"
"T20190020121","14/10/19",14:01:00,"Collision with vehicle","Monday","Day",2,2,"Cross intersection",3,60,"A",2013,"SEDAN","HOLDEN","Car","F",40,"40-49","Drivers"
"T20190020121","14/10/19",14:01:00,"Collision with vehicle","Monday","Day",2,2,"Cross intersection",3,60,"B",2018,"WAGON","MAZDA","Station Wagon","M",62,"60-64","Drivers"
"T20190020122","14/10/19",08:10:00,"Collision with vehicle","Monday","Day",2,2,"Not at intersection",3,50,"A",2005,"SEDAN","UNKN","Car","M",20,"17-21","Drivers"
"T20190020123","14/10/19",14:00:00,"Collision with vehicle","Monday","Day",2,2,"Not at intersection",3,70,"A",2003,"SEDAN","MAZDA","Car","F",52,"50-59","Drivers"
"T20190020123","14/10/19",14:00:00,"Collision with vehicle","Monday","Day",2,2,"Not at intersection",3,70,"B",2004,"SEDAN","MITSUB","Car","M",25,"22-25","Drivers"
"T20190020124","7/10/19",12:47:00,"Collision with vehicle","Monday","Day",2,2,"Cross intersection",3,40,"A",2016,"SEDAN","VOLKS","Car","M",34,"30-39","Drivers"
"T20190020124","7/10/19",12:47:00,"Collision with vehicle","Monday","Day",2,2,"Cross intersection",3,40,"B",2013,"SEDAN","HONDA","Car","F",43,"40-49","Drivers"
"T20190020126","4/10/19",12:00:00,"Collision with vehicle","Friday","Day",2,2,"T intersection",3,50,"A",2007,"WAGON","HONDA","Station Wagon","F",37,"30-39","Drivers"
"T20190020126","4/10/19",12:00:00,"Collision with vehicle","Friday","Day",2,2,"T intersection",3,50,"B",2006,"SEDAN","HOLDEN","Car","F",19,"17-21","Drivers"
"T20190020127","14/10/19",10:10:00,"Collision with vehicle","Monday","Day",2,3,"T intersection",3,60,"A",2015,"WAGON","JEEP","Station Wagon","F",82,"70+","Drivers"
"T20190020127","14/10/19",10:10:00,"Collision with vehicle","Monday","Day",2,3,"T intersection",3,60,"B",2016,"UTIL","TOYOTA","Utility","M",59,"50-59","Drivers"
"T20190020128","8/10/19",11:50:00,"Collision with vehicle","Tuesday","Day",2,2,"Not at intersection",3,80,"A",2015,"TRAY","FORD","Light Commercial Vehicle (Rigid) <= 4.5 Tonnes GVM","M",47,"40-49","Drivers"
"T20190020128","8/10/19",11:50:00,"Collision with vehicle","Tuesday","Day",2,2,"Not at intersection",3,80,"B",2009,"TRAY","ISUZU","Light Commercial Vehicle (Rigid) <= 4.5 Tonnes GVM","M",41,"40-49","Drivers"
"T20190020129","12/10/19",17:00:00,"Collision with vehicle","Saturday","Unknown",2,2,"T intersection",3,50,"A",2009,"SEDAN","FORD","Car","F",45,"40-49","Drivers"
"T20190020129","12/10/19",17:00:00,"Collision with vehicle","Saturday","Unknown",2,2,"T intersection",3,50,"B",2012,"WAGON","NISSAN","Station Wagon","F",31,"30-39","Drivers"
"T20190020130","14/10/19",13:57:00,"Collision with vehicle","Monday","Day",2,1,"Not at intersection",2,50,"A",2001,"SEDAN","NISSAN","Car","M",23,"22-25","Drivers"
"T20190020131","13/10/19",17:30:00,"Collision with a fixed object","Sunday","Day",1,1,"Not at intersection",3,100,"A",2010,"SEDAN","MITSUB","Car","F",18,"17-21","Drivers"
"T20190020133","14/10/19",16:00:00,"Struck Pedestrian","Monday","Day",1,2,"Private property",3,50,"A",2004,"SEDAN","HOLDEN","Car","M",37,"30-39","Drivers"
"T20190020134","14/10/19",15:00:00,"Collision with vehicle","Monday","Day",2,3,"Cross intersection",3,60,"A",2013,"WAGON","HYNDAI","Station Wagon","M",15,"13-15","Drivers"
"T20190020135","14/10/19",15:30:00,"Collision with vehicle","Monday","Day",2,2,"Cross intersection",3,60,"A",2017,"WAGON","MAZDA","Station Wagon","M",52,"50-59","Drivers"
"T20190020135","14/10/19",15:30:00,"Collision with vehicle","Monday","Day",2,2,"Cross intersection",3,60,"B",2002,"SEDAN","FORD","Car","M",19,"17-21","Drivers"
"T20190020136","14/10/19",17:05:00,"Collision with vehicle","Monday","Day",2,3,"Cross intersection",3,100,"A",2004,"SEDAN","HONDA","Car","F",21,"17-21","Drivers"
"T20190020139","23/9/19",17:00:00,"Collision with vehicle","Monday","Day",2,2,"Not at intersection",3,60,"A",2004,"SEDAN","HOLDEN","Car","F",46,"40-49","Drivers"
"T20190020139","23/9/19",17:00:00,"Collision with vehicle","Monday","Day",2,2,"Not at intersection",3,60,"B",2013,"WAGON","PORSCH","Station Wagon","M",39,"30-39","Drivers"
"T20190020140","11/10/19",11:10:00,"Collision with vehicle","Friday","Day",3,3,"Not at intersection",3,80,"A",2017,"WAGON","FORD","Station Wagon","F",48,"40-49","Drivers"
"T20190020140","11/10/19",11:10:00,"Collision with vehicle","Friday","Day",3,3,"Not at intersection",3,80,"B",2013,"P MVR","VOLVO","Prime Mover - Single Trailer","M",31,"30-39","Drivers"
"T20190020140","11/10/19",11:10:00,"Collision with vehicle","Friday","Day",3,3,"Not at intersection",3,80,"C",2018,"VAN","U D","Heavy Vehicle (Rigid) > 4.5 Tonnes","M",21,"17-21","Drivers"
"T20190020142","14/10/19",14:20:00,"Collision with vehicle","Monday","Day",2,5,"Cross intersection",3,80,"A",2008,"SEDAN","HOLDEN","Car","F",22,"22-25","Drivers"
"T20190020142","14/10/19",14:20:00,"Collision with vehicle","Monday","Day",2,5,"Cross intersection",3,80,"B",2009,"S WAG","VOLVO","Station Wagon","F",47,"40-49","Drivers"
"T20190020147","14/10/19",17:42:00,"Collision with vehicle","Monday","Day",2,2,"Not at intersection",3,70,"A",2017,"WAGON","VOLVO","Station Wagon","F",31,"30-39","Drivers"
"T20190020147","14/10/19",17:42:00,"Collision with vehicle","Monday","Day",2,2,"Not at intersection",3,70,"B",2012,"SEDAN","AUDI","Car","M",37,"30-39","Drivers"
"T20190020152","14/10/19",14:25:00,"Collision with vehicle","Monday","Day",2,2,"T intersection",3,50,"A",2012,"SEDAN","FORD","Car","M",47,"40-49","Drivers"
"T20190020153","14/10/19",17:00:00,"Collision with vehicle","Monday","Day",2,2,"Not at intersection",3,60,"B",2015,"SEDAN","FORD","Taxi","M",44,"40-49","Drivers"
"T20190020155","14/10/19",19:17:00,"Collision with a fixed object","Monday","Day",1,1,"Not at intersection",3,50,"A",2007,"WAGON","LEXUS","Station Wagon","F",10,"5-12","Drivers"
"T20190020156","7/8/19",20:30:00,"Collision with a fixed object","Wednesday","Dark Street lights on",1,1,"Not at intersection",3,100,"A",2006,"VAN","HINO","Rigid Truck(Weight Unknown)","M",28,"26-29","Drivers"
"T20190020164","15/10/19",06:35:00,"Collision with vehicle","Tuesday","Dusk/Dawn",2,4,"Not at intersection",3,100,"A",2009,"SEDAN","PROTON","Car","M",38,"30-39","Drivers"
"T20190020164","15/10/19",06:35:00,"Collision with vehicle","Tuesday","Dusk/Dawn",2,4,"Not at intersection",3,100,"B",2018,"P MVR","SCANIA","Prime Mover Only","M",66,"64-69","Drivers"
"T20190020165","10/10/19",16:00:00,"Collision with vehicle","Thursday","Day",2,2,"T intersection",3,40,"A",2016,"SEDAN","TOYOTA","Taxi","M",39,"30-39","Drivers"
"T20190020165","10/10/19",16:00:00,"Collision with vehicle","Thursday","Day",2,2,"T intersection",3,40,"B",2015,"SED","TOYOTA","Taxi","M",58,"50-59","Drivers"
"T20190020166","15/10/19",06:30:00,"Struck Pedestrian","Tuesday","Day",1,2,"T intersection",3,999,"A",1998,"SED","MAZDA","Car","M",52,"50-59","Drivers"
"T20190020171","31/8/19",09:00:00,"Collision with vehicle","Saturday","Day",2,2,"Cross intersection",3,999,"A",2005,"COUPE","HOLDEN","Car","F",26,"26-29","Drivers"
"T20190020171","31/8/19",09:00:00,"Collision with vehicle","Saturday","Day",2,2,"Cross intersection",3,999,"B",2006,"UTIL","HOLDEN","Utility","M",22,"22-25","Drivers"
"T20190020173","14/10/19",12:35:00,"Collision with vehicle","Monday","Day",3,1,"Cross intersection",3,60,"A",2003,"WAGON","MERC B","Station Wagon","F",68,"64-69","Drivers"
"T20190020174","14/10/19",17:22:00,"Collision with vehicle","Monday","Day",2,2,"T intersection",3,60,"B",1994,"WAGON","MITSUB","Station Wagon","M",42,"40-49","Drivers"
"T20190020175","15/10/19",10:00:00,"Collision with vehicle","Tuesday","Day",4,4,"Not at intersection",3,70,"A",2003,"SEDAN","TOYOTA","Car","F",47,"40-49","Drivers"