"ACCIDENT_NO","ACCIDENTDATE","ACCIDENTTIME","Accident Type Desc","Day Week Description","Light Condition Desc","NO_OF_VEHICLES","NO_PERSONS","Road Geometry Desc","SEVERITY","SPEED_ZONE","VEHICLE_ID","VEHICLE_YEAR_MANUF","VEHICLE_BODY_STYLE","VEHICLE_MAKE","Vehicle Type Desc","SEX","AGE","Age Group","Road User Type Desc"
"T20190020175","15/10/19",10:00:00,"Collision with vehicle","Tuesday","Day",4,4,"Not at intersection",3,70,"B",2013,"SEDAN","VOLKS","Car","M",31,"30-39","Drivers"
"T20190020175","15/10/19",10:00:00,"Collision with vehicle","Tuesday","Day",4,4,"Not at intersection",3,70,"C",2013,"WAGON","NISSAN","Station Wagon","M",33,"30-39","Drivers"
"T20190020175","15/10/19",10:00:00,"Collision with vehicle","Tuesday","Day",4,4,"Not at intersection",3,70,"D",2019,"UTIL","TOYOTA","Utility","M",27,"26-29","Drivers"
"T20190020176","14/10/19",21:45:00,"Struck animal","Monday","Dark No street lights",1,1,"Not at intersection",3,100,"A",2011,"WAGON","MITSUB","Station Wagon","M",38,"30-39","Drivers"
"T20190020181","15/10/19",10:54:00,"Collision with vehicle","Tuesday","Day",2,2,"Cross intersection",3,80,"A",2007,"TIPPER","KENWTH","Prime Mover - Single Trailer","M",54,"50-59","Drivers"
"T20190020181","15/10/19",10:54:00,"Collision with vehicle","Tuesday","Day",2,2,"Cross intersection",3,80,"B",2009,"WAGON","SUBARU","Station Wagon","F",67,"64-69","Drivers"
"T20190020182","18/9/19",16:25:00,"Collision with vehicle","Wednesday","Day",2,4,"T intersection",3,999,"A",2014,"WAGON","NISSAN","Station Wagon","F",28,"26-29","Drivers"
"T20190020182","18/9/19",16:25:00,"Collision with vehicle","Wednesday","Day",2,4,"T intersection",3,999,"B",2014,"SEDAN","TOYOTA","Car","F",49,"40-49","Drivers"
"T20190020185","15/10/19",11:40:00,"Collision with vehicle","Tuesday","Day",2,3,"Not at intersection",3,60,"A",2002,"SEDAN","HOLDEN","Car","M",68,"64-69","Drivers"
"T20190020185","15/10/19",11:40:00,"Collision with vehicle","Tuesday","Day",2,3,"Not at intersection",3,60,"B",2005,"SEDAN","FORD","Car","F",21,"17-21","Drivers"
"T20190020187","15/10/19",11:30:00,"Collision with vehicle","Tuesday","Day",2,2,"Cross intersection",3,70,"A",1998,"WAGON","NISSAN","Station Wagon","M",79,"70+","Drivers"
"T20190020187","15/10/19",11:30:00,"Collision with vehicle","Tuesday","Day",2,2,"Cross intersection",3,70,"B",2004,"SEDAN","HOLDEN","Car","M",76,"70+","Drivers"
"T20190020188","15/10/19",08:13:00,"Collision with vehicle","Tuesday","Day",2,2,"Cross intersection",3,50,"A",2007,"S WAG","MITSUB","Station Wagon","F",79,"70+","Drivers"
"T20190020188","15/10/19",08:13:00,"Collision with vehicle","Tuesday","Day",2,2,"Cross intersection",3,50,"B",2010,"VAN","TOYOTA","Panel Van","M",32,"30-39","Drivers"
"T20190020191","15/10/19",11:55:00,"Collision with vehicle","Tuesday","Day",2,4,"Not at intersection",3,100,"A",2010,"SEDAN","NISSAN","Car","F",25,"22-25","Drivers"
"T20190020191","15/10/19",11:55:00,"Collision with vehicle","Tuesday","Day",2,4,"Not at intersection",3,100,"B",2003,"SEDAN","TOYOTA","Car","F",39,"30-39","Drivers"
"T20190020193","14/10/19",17:10:00,"Collision with vehicle","Monday","Day",2,3,"Not at intersection",3,50,"A",2008,"WAGON","VOLVO","Station Wagon","M",57,"50-59","Drivers"
"T20190020194","14/10/19",14:45:00,"Collision with a fixed object","Monday","Day",1,2,"Not at intersection",3,80,"A",2005,"WAGON","HONDA","Station Wagon","F",28,"26-29","Drivers"
"T20190020196","15/10/19",08:45:00,"Collision with vehicle","Tuesday","Day",2,2,"Not at intersection",3,50,"A",2012,"VAN","TOYOTA","Panel Van","M",40,"40-49","Drivers"
"T20190020199","15/10/19",12:49:00,"Collision with vehicle","Tuesday","Day",5,6,"Not at intersection",3,80,"A",2001,"SEDAN","HYNDAI","Car","F",63,"60-64","Drivers"
"T20190020199","15/10/19",12:49:00,"Collision with vehicle","Tuesday","Day",5,6,"Not at intersection",3,80,"B",2012,"SEDAN","TOYOTA","Car","M",39,"30-39","Drivers"
"T20190020199","15/10/19",12:49:00,"Collision with vehicle","Tuesday","Day",5,6,"Not at intersection",3,80,"C",2018,"WAGON","KIA","Station Wagon","F",38,"30-39","Drivers"
"T20190020199","15/10/19",12:49:00,"Collision with vehicle","Tuesday","Day",5,6,"Not at intersection",3,80,"D",2002,"WAGON","MAZDA","Station Wagon","F",41,"40-49","Drivers"
"T20190020199","15/10/19",12:49:00,"Collision with vehicle","Tuesday","Day",5,6,"Not at intersection",3,80,"E",2012,"SEDAN","TOYOTA","Car","F",71,"70+","Drivers"
"T20190020200","15/10/19",09:35:00,"Struck Pedestrian","Tuesday","Day",1,2,"Not at intersection",3,999,"A",2009,"SEDAN","TOYOTA","Car","M",60,"60-64","Drivers"
"T20190020203","21/1/19",06:25:00,"Collision with vehicle","Monday","Day",2,2,"Cross intersection",3,999,"A",2012,"DC UTE","TOYOTA","Utility","M",49,"40-49","Drivers"
"T20190020203","21/1/19",06:25:00,"Collision with vehicle","Monday","Day",2,2,"Cross intersection",3,999,"B",2001,"TRAY","TOYOTA","Light Commercial Vehicle (Rigid) <= 4.5 Tonnes GVM","M",32,"30-39","Drivers"
"T20190020204","14/10/19",16:50:00,"Collision with vehicle","Monday","Day",2,3,"Not at intersection",3,40,"A",2018,"WAGON","KIA","Station Wagon","F",56,"50-59","Drivers"
"T20190020205","15/10/19",15:30:00,"Collision with vehicle","Tuesday","Day",2,2,"Not at intersection",3,80,"A",2008,"SEDAN","FORD","Car","F",24,"22-25","Drivers"
"T20190020205","15/10/19",15:30:00,"Collision with vehicle","Tuesday","Day",2,2,"Not at intersection",3,80,"B",2000,"S WAG","HOLDEN","Station Wagon","M",37,"30-39","Drivers"
"T20190020208","9/10/19",17:50:00,"Collision with vehicle","Wednesday","Day",4,4,"Not at intersection",3,60,"A",2018,"WAGON","NISSAN","Station Wagon","F",53,"50-59","Drivers"
"T20190020208","9/10/19",17:50:00,"Collision with vehicle","Wednesday","Day",4,4,"Not at intersection",3,60,"B",0,"S WAG","NISSAN","Station Wagon","M",64,"60-64","Drivers"
"T20190020208","9/10/19",17:50:00,"Collision with vehicle","Wednesday","Day",4,4,"Not at intersection",3,60,"C",2000,"WAGON","TOYOTA","Station Wagon","F",32,"30-39","Drivers"
"T20190020208","9/10/19",17:50:00,"Collision with vehicle","Wednesday","Day",4,4,"Not at intersection",3,60,"D",0,"S WAG","TOYOTA","Station Wagon","F",34,"30-39","Drivers"
"T20190020209","14/10/19",17:30:00,"collision with some other object","Monday","Day",1,1,"Not at intersection",3,100,"A",2015,"SEDAN","HYNDAI","Car","F",22,"22-25","Drivers"
"T20190020214","15/9/19",16:37:00,"Collision with vehicle","Sunday","Day",2,2,"T intersection",3,50,"A",2019,"UTIL","MAZDA","Utility","M",33,"30-39","Drivers"
"T20190020214","15/9/19",16:37:00,"Collision with vehicle","Sunday","Day",2,2,"T intersection",3,50,"B",2014,"SEDAN","MITSUB","Car","F",22,"22-25","Drivers"
"T20190020217","15/10/19",17:46:00,"Collision with vehicle","Tuesday","Day",2,3,"T intersection",3,60,"A",2009,"SEDAN","FORD","Car","F",26,"26-29","Drivers"
"T20190020217","15/10/19",17:46:00,"Collision with vehicle","Tuesday","Day",2,3,"T intersection",3,60,"B",2015,"DC UTE","HOLDEN","Utility","M",35,"30-39","Drivers"
"T20190020220","15/10/19",11:45:00,"Collision with vehicle","Tuesday","Unknown",2,3,"Not at intersection",3,50,"A",1990,"SEDAN","HONDA","Car","F",31,"30-39","Drivers"
"T20190020220","15/10/19",11:45:00,"Collision with vehicle","Tuesday","Unknown",2,3,"Not at intersection",3,50,"B",1999,"SEDAN","FORD","Car","M",52,"50-59","Drivers"
"T20190020221","15/10/19",17:21:00,"Collision with vehicle","Tuesday","Day",2,2,"T intersection",3,40,"A",2007,"SEDAN","TOYOTA","Car","M",42,"40-49","Drivers"
"T20190020225","13/10/19",03:42:00,"Collision with a fixed object","Sunday","Dark Street lights on",1,4,"Not at intersection",3,70,"A",1999,"MULTI","NISSAN","Light Commercial Vehicle (Rigid) <= 4.5 Tonnes GVM","M",22,"22-25","Drivers"
"T20190020234","15/10/19",18:49:00,"Collision with vehicle","Tuesday","Day",2,2,"Cross intersection",1,100,"A",2006,"SEDAN","HYNDAI","Car","M",35,"30-39","Drivers"
"T20190020234","15/10/19",18:49:00,"Collision with vehicle","Tuesday","Day",2,2,"Cross intersection",1,100,"B",2016,"DC UTE","TOYOTA","Utility","M",34,"30-39","Drivers"
"T20190020235","15/10/19",20:50:00,"Collision with a fixed object","Tuesday","Dark Street lights on",1,1,"Not at intersection",3,80,"A",2001,"SEDAN","HYNDAI","Car","M",34,"30-39","Drivers"
"T20190020237","15/10/19",22:58:00,"Collision with vehicle","Tuesday","Dark Street lights on",3,3,"T intersection",3,60,"A",2011,"S WAG","FORD","Station Wagon","M",23,"22-25","Drivers"
"T20190020237","15/10/19",22:58:00,"Collision with vehicle","Tuesday","Dark Street lights on",3,3,"T intersection",3,60,"B",2003,"S WAG","SUBARU","Station Wagon","M",30,"30-39","Drivers"
"T20190020237","15/10/19",22:58:00,"Collision with vehicle","Tuesday","Dark Street lights on",3,3,"T intersection",3,60,"C",2013,"SEDAN","VOLKS","Car","F",44,"40-49","Drivers"
"T20190020240","16/10/19",07:54:00,"Collision with vehicle","Wednesday","Day",2,2,"Unknown",3,60,"A",2017,"SEDAN","HYNDAI","Car","F",22,"22-25","Drivers"
"T20190020240","16/10/19",07:54:00,"Collision with vehicle","Wednesday","Day",2,2,"Unknown",3,60,"B",2012,"WAGON","FORD","Station Wagon","M",36,"30-39","Drivers"
"T20190020242","15/10/19",06:15:00,"Collision with vehicle","Tuesday","Dark Street lights on",2,2,"Cross intersection",3,60,"A",2017,"UTIL","MITSUB","Utility","M",27,"26-29","Drivers"
"T20190020242","15/10/19",06:15:00,"Collision with vehicle","Tuesday","Dark Street lights on",2,2,"Cross intersection",3,60,"B",2017,"WAGON","MAZDA","Station Wagon","F",44,"40-49","Drivers"
"T20190020243","15/10/19",15:20:00,"Collision with vehicle","Tuesday","Day",2,2,"Cross intersection",3,60,"A",2003,"SEDAN","MITSUB","Car","F",28,"26-29","Drivers"
"T20190020243","15/10/19",15:20:00,"Collision with vehicle","Tuesday","Day",2,2,"Cross intersection",3,60,"B",2003,"SEDAN","HONDA","Car","F",82,"70+","Drivers"
"T20190020245","16/10/19",08:35:00,"Collision with vehicle","Wednesday","Day",2,2,"T intersection",3,60,"A",2016,"WAGON","MITSUB","Station Wagon","F",42,"40-49","Drivers"
"T20190020247","29/9/19",15:24:00,"Collision with vehicle","Sunday","Day",3,4,"T intersection",3,70,"A",2009,"SEDAN","HONDA","Car","F",38,"30-39","Drivers"
"T20190020247","29/9/19",15:24:00,"Collision with vehicle","Sunday","Day",3,4,"T intersection",3,70,"B",2004,"SEDAN","TOYOTA","Car","F",44,"40-49","Drivers"
"T20190020247","29/9/19",15:24:00,"Collision with vehicle","Sunday","Day",3,4,"T intersection",3,70,"C",2012,"SEDAN","TOYOTA","Car","F",81,"70+","Drivers"
"T20190020250","16/10/19",08:40:00,"Collision with vehicle","Wednesday","Day",2,2,"Not at intersection",3,50,"B",2010,"SEDAN","MAZDA","Car","F",18,"17-21","Drivers"
"T20190020251","16/10/19",09:30:00,"Collision with vehicle","Wednesday","Day",2,3,"Not at intersection",3,40,"A",2017,"UTIL","FORD","Utility","U",NA,"unknown","Drivers"
"T20190020252","27/9/19",17:15:00,"Collision with vehicle","Friday","Day",2,2,"T intersection",3,60,"A",2011,"SEDAN","MAZDA","Car","F",51,"50-59","Drivers"
"T20190020252","27/9/19",17:15:00,"Collision with vehicle","Friday","Day",2,2,"T intersection",3,60,"B",1992,"SEDAN","TOYOTA","Car","M",19,"17-21","Drivers"
"T20190020253","16/10/19",11:25:00,"Collision with a fixed object","Wednesday","Day",1,1,"Not at intersection",3,60,"A",2000,"SEDAN","TOYOTA","Car","M",42,"40-49","Drivers"
"T20190020260","16/10/19",09:45:00,"collision with some other object","Wednesday","Day",1,1,"Not at intersection",2,100,"A",2018,"UTIL","FORD","Utility","M",45,"40-49","Drivers"
"T20190020267","16/10/19",12:30:00,"Collision with vehicle","Wednesday","Day",2,3,"T intersection",3,80,"A",2009,"SED","TOYOTA","Car","F",42,"40-49","Drivers"
"T20190020267","16/10/19",12:30:00,"Collision with vehicle","Wednesday","Day",2,3,"T intersection",3,80,"B",2016,"SEDAN","TOYOTA","Car","M",51,"50-59","Drivers"
"T20190020273","16/10/19",08:50:00,"Collision with vehicle","Wednesday","Day",3,3,"Not at intersection",3,80,"A",2015,"WAGON","MERC B","Station Wagon","F",31,"30-39","Drivers"
"T20190020273","16/10/19",08:50:00,"Collision with vehicle","Wednesday","Day",3,3,"Not at intersection",3,80,"B",2017,"DC UTE","TOYOTA","Utility","M",52,"50-59","Drivers"
"T20190020273","16/10/19",08:50:00,"Collision with vehicle","Wednesday","Day",3,3,"Not at intersection",3,80,"C",2002,"SEDAN","TOYOTA","Car","F",26,"26-29","Drivers"
"T20190020276","27/7/19",20:30:00,"Collision with vehicle","Saturday","Dark Street lights on",2,3,"Cross intersection",3,50,"A",2012,"SEDAN","HOLDEN","Car","M",24,"22-25","Drivers"
"T20190020276","27/7/19",20:30:00,"Collision with vehicle","Saturday","Dark Street lights on",2,3,"Cross intersection",3,50,"B",2008,"SEDAN","TOYOTA","Car","M",41,"40-49","Drivers"
"T20190020277","16/10/19",10:58:00,"Collision with vehicle","Wednesday","Day",2,2,"Not at intersection",3,40,"A",2011,"WAGON","FORD","Station Wagon","M",36,"30-39","Drivers"
"T20190020279","16/10/19",08:58:00,"Collision with vehicle","Wednesday","Day",2,2,"Cross intersection",3,60,"A",2006,"DC UTE","TOYOTA","Utility","M",65,"64-69","Drivers"
"T20190020279","16/10/19",08:58:00,"Collision with vehicle","Wednesday","Day",2,2,"Cross intersection",3,60,"B",2007,"SEDAN","MERC B","Car","F",48,"40-49","Drivers"
"T20190020281","16/10/19",07:45:00,"Collision with vehicle","Wednesday","Day",2,2,"Not at intersection",3,999,"A",2005,"BUS","SCANIA","Bus/Coach","F",45,"40-49","Drivers"
"T20190020281","16/10/19",07:45:00,"Collision with vehicle","Wednesday","Day",2,2,"Not at intersection",3,999,"B",2006,"WAGON","MITSUB","Station Wagon","M",46,"40-49","Drivers"
"T20190020282","16/10/19",10:10:00,"Collision with vehicle","Wednesday","Day",2,2,"Cross intersection",3,40,"B",2018,"WAGON","MERC B","Station Wagon","M",37,"30-39","Drivers"
"T20190020284","10/10/19",11:00:00,"Collision with vehicle","Thursday","Unknown",4,5,"Not at intersection",3,999,"A",2014,"SEDAN","TOYOTA","Taxi","M",32,"30-39","Drivers"
"T20190020285","16/10/19",15:30:00,"Collision with vehicle","Wednesday","Day",2,3,"Multiple intersection",3,80,"A",2008,"SEDAN","NISSAN","Car","F",26,"26-29","Drivers"
"T20190020285","16/10/19",15:30:00,"Collision with vehicle","Wednesday","Day",2,3,"Multiple intersection",3,80,"B",2006,"WAGON","FORD","Station Wagon","M",18,"17-21","Drivers"
"T20190020286","15/10/19",15:40:00,"Collision with vehicle","Tuesday","Day",2,2,"Not at intersection",3,60,"A",2018,"WAGON","KIA","Station Wagon","M",43,"40-49","Drivers"
"T20190020287","15/10/19",18:08:00,"Collision with vehicle","Tuesday","Dusk/Dawn",2,2,"T intersection",3,80,"B",1999,"WAGON","HONDA","Station Wagon","F",35,"30-39","Drivers"
"T20190020288","16/10/19",13:50:00,"Collision with vehicle","Wednesday","Day",2,3,"T intersection",3,60,"A",1998,"SEDAN","NISSAN","Car","M",74,"70+","Drivers"
"T20190020288","16/10/19",13:50:00,"Collision with vehicle","Wednesday","Day",2,3,"T intersection",3,60,"B",2018,"TILTER","HINO","Heavy Vehicle (Rigid) > 4.5 Tonnes","M",37,"30-39","Drivers"
"T20190020289","15/10/19",18:05:00,"Collision with vehicle","Tuesday","Day",2,2,"T intersection",3,60,"A",2008,"SEDAN","TOYOTA","Car","F",58,"50-59","Drivers"
"T20190020289","15/10/19",18:05:00,"Collision with vehicle","Tuesday","Day",2,2,"T intersection",3,60,"B",2005,"SEDAN","HONDA","Car","M",74,"70+","Drivers"
"T20190020293","16/10/19",14:54:00,"Collision with vehicle","Wednesday","Day",3,3,"T intersection",3,80,"A",2013,"WAGON","JEEP","Station Wagon","F",48,"40-49","Drivers"
"T20190020293","16/10/19",14:54:00,"Collision with vehicle","Wednesday","Day",3,3,"T intersection",3,80,"B",2009,"SEDAN","HOLDEN","Car","F",34,"30-39","Drivers"
"T20190020293","16/10/19",14:54:00,"Collision with vehicle","Wednesday","Day",3,3,"T intersection",3,80,"C",2005,"T SDS","HOLDEN","Light Commercial Vehicle (Rigid) <= 4.5 Tonnes GVM","M",26,"26-29","Drivers"
"T20190020294","16/10/19",16:00:00,"Collision with vehicle","Wednesday","Day",3,3,"Cross intersection",3,60,"A",2012,"WAGON","MAZDA","Station Wagon","M",85,"70+","Drivers"
"T20190020294","16/10/19",16:00:00,"Collision with vehicle","Wednesday","Day",3,3,"Cross intersection",3,60,"B",2010,"SEDAN","AUDI","Car","M",27,"26-29","Drivers"
"T20190020294","16/10/19",16:00:00,"Collision with vehicle","Wednesday","Day",3,3,"Cross intersection",3,60,"C",2006,"SED","HOLDEN","Car","F",26,"26-29","Drivers"
"T20190020295","16/10/19",17:40:00,"Collision with vehicle","Wednesday","Day",2,3,"T intersection",3,60,"A",2004,"SED","HONDA","Car","M",28,"26-29","Drivers"
"T20190020295","16/10/19",17:40:00,"Collision with vehicle","Wednesday","Day",2,3,"T intersection",3,60,"B",2018,"WAGON","MAZDA","Station Wagon","M",22,"22-25","Drivers"
"T20190020296","16/10/19",02:38:00,"Collision with vehicle","Wednesday","Dark Street lights on",2,4,"Cross intersection",3,70,"A",2014,"SEDAN","KIA","Car","F",28,"26-29","Drivers"
"T20190020296","16/10/19",02:38:00,"Collision with vehicle","Wednesday","Dark Street lights on",2,4,"Cross intersection",3,70,"B",2010,"SEDAN","TOYOTA","Car","M",24,"22-25","Drivers"
"T20190020298","16/10/19",15:44:00,"Struck Pedestrian","Wednesday","Day",1,3,"Not at intersection",3,50,"A",2014,"WAGON","TOYOTA","Station Wagon","F",43,"40-49","Drivers"
"T20190020299","16/10/19",17:20:00,"Collision with vehicle","Wednesday","Dusk/Dawn",3,3,"Not at intersection",3,100,"A",2010,"SEDAN","HONDA","Car","F",29,"26-29","Drivers"
"T20190020299","16/10/19",17:20:00,"Collision with vehicle","Wednesday","Dusk/Dawn",3,3,"Not at intersection",3,100,"B",2003,"SEDAN","MAZDA","Car","F",23,"22-25","Drivers"
"T20190020299","16/10/19",17:20:00,"Collision with vehicle","Wednesday","Dusk/Dawn",3,3,"Not at intersection",3,100,"C",2012,"WAGON","TOYOTA","Station Wagon","M",58,"50-59","Drivers"
"T20190020300","16/10/19",15:10:00,"Collision with vehicle","Wednesday","Day",2,3,"Not at intersection",3,100,"B",2003,"SEDAN","HOLDEN","Car","M",38,"30-39","Drivers"
"T20190020304","16/10/19",17:40:00,"Collision with vehicle","Wednesday","Day",2,2,"Not at intersection",3,60,"A",2016,"WAGON","B M W","Station Wagon","M",37,"30-39","Drivers"
"T20190020304","16/10/19",17:40:00,"Collision with vehicle","Wednesday","Day",2,2,"Not at intersection",3,60,"B",2007,"SEDAN","TOYOTA","Car","F",29,"26-29","Drivers"
"T20190020305","9/10/19",22:30:00,"Collision with vehicle","Wednesday","Dark Street lights on",2,2,"Cross intersection",3,50,"A",2005,"S WAG","SUBARU","Station Wagon","F",53,"50-59","Drivers"
"T20190020305","9/10/19",22:30:00,"Collision with vehicle","Wednesday","Dark Street lights on",2,2,"Cross intersection",3,50,"B",2018,"S WAG","TOYOTA","Taxi","M",22,"22-25","Drivers"
"T20190020308","16/10/19",17:55:00,"Collision with vehicle","Wednesday","Day",2,4,"Cross intersection",3,60,"A",2011,"SEDAN","TOYOTA","Car","F",46,"40-49","Drivers"
"T20190020308","16/10/19",17:55:00,"Collision with vehicle","Wednesday","Day",2,4,"Cross intersection",3,60,"B",2008,"SEDAN","TOYOTA","Car","F",23,"22-25","Drivers"
"T20190020309","16/10/19",17:21:00,"Collision with vehicle","Wednesday","Day",2,1,"Not at intersection",3,60,"A",1997,"SEDAN","SUBARU","Car","M",33,"30-39","Drivers"
"T20190020310","16/10/19",15:20:00,"Collision with a fixed object","Wednesday","Day",1,1,"T intersection",2,60,"A",2014,"SEDAN","B M W","Car","F",76,"70+","Drivers"
"T20190020311","16/10/19",19:10:00,"Collision with vehicle","Wednesday","Day",2,3,"Cross intersection",3,80,"A",2018,"SEDAN","HOLDEN","Car","M",24,"22-25","Drivers"
"T20190020311","16/10/19",19:10:00,"Collision with vehicle","Wednesday","Day",2,3,"Cross intersection",3,80,"B",1997,"S WAG","SUBARU","Station Wagon","M",24,"22-25","Drivers"
"T20190020314","16/10/19",13:30:00,"Collision with vehicle","Wednesday","Day",2,2,"Not at intersection",3,50,"A",2001,"TOURER","SUZUKI","Car","M",60,"60-64","Drivers"
"T20190020314","16/10/19",13:30:00,"Collision with vehicle","Wednesday","Day",2,2,"Not at intersection",3,50,"B",2016,"TRAY","MAZDA","Utility","M",29,"26-29","Drivers"
"T20190020316","3/9/19",09:00:00,"Collision with vehicle","Tuesday","Day",2,2,"Not at intersection",3,999,"A",2017,"SEDAN","TOYOTA","Car","F",56,"50-59","Drivers"
"T20190020317","6/6/19",18:55:00,"Struck Pedestrian","Thursday","Unknown",1,3,"Not at intersection",3,999,"A",2014,"WAGON","NISSAN","Station Wagon","F",46,"40-49","Drivers"
"T20190020318","16/10/19",10:45:00,"Collision with vehicle","Wednesday","Unknown",2,3,"Cross intersection",3,80,"A",2019,"UTIL","FORD","Utility","M",36,"30-39","Drivers"
"T20190020318","16/10/19",10:45:00,"Collision with vehicle","Wednesday","Unknown",2,3,"Cross intersection",3,80,"B",2017,"WAGON","HOLDEN","Station Wagon","M",66,"64-69","Drivers"
"T20190020325","17/10/19",07:01:00,"Collision with vehicle","Thursday","Dusk/Dawn",2,2,"Cross intersection",3,60,"A",1999,"SED","TOYOTA","Car","M",36,"30-39","Drivers"
"T20190020328","17/10/19",06:39:00,"Collision with a fixed object","Thursday","Dark Street lights on",1,1,"Not at intersection",3,80,"A",2001,"SEDAN","HOLDEN","Car","F",64,"60-64","Drivers"
"T20190020329","9/10/19",11:00:00,"Collision with vehicle","Wednesday","Day",2,2,"T intersection",3,60,"B",2004,"SEDAN","VOLKS","Car","F",28,"26-29","Drivers"
"T20190020330","17/10/19",08:20:00,"Collision with vehicle","Thursday","Day",2,2,"Cross intersection",3,60,"A",2018,"WAGON","HOLDEN","Station Wagon","M",41,"40-49","Drivers"
"T20190020330","17/10/19",08:20:00,"Collision with vehicle","Thursday","Day",2,2,"Cross intersection",3,60,"B",2017,"SEDAN","VOLKS","Car","M",34,"30-39","Drivers"
"T20190020334","16/10/19",12:37:00,"Collision with vehicle","Wednesday","Unknown",2,2,"Cross intersection",3,40,"A",2017,"SEDAN","MAZDA","Car","M",21,"17-21","Drivers"
"T20190020334","16/10/19",12:37:00,"Collision with vehicle","Wednesday","Unknown",2,2,"Cross intersection",3,40,"B",2018,"WAGON","HOLDEN","Station Wagon","F",57,"50-59","Drivers"
"T20190020339","17/10/19",08:15:00,"Collision with vehicle","Thursday","Day",2,3,"T intersection",2,50,"A",2012,"SEDAN","FORD","Car","F",72,"70+","Drivers"
"T20190020339","17/10/19",08:15:00,"Collision with vehicle","Thursday","Day",2,3,"T intersection",2,50,"B",1999,"WAGON","SAAB","Station Wagon","M",34,"30-39","Drivers"
"T20190020341","10/10/19",16:30:00,"Collision with vehicle","Thursday","Day",3,3,"T intersection",3,60,"A",2019,"SEDAN","TOYOTA","Car","F",35,"30-39","Drivers"
"T20190020341","10/10/19",16:30:00,"Collision with vehicle","Thursday","Day",3,3,"T intersection",3,60,"B",2007,"WAGON","B M W","Station Wagon","F",40,"40-49","Drivers"
"T20190020341","10/10/19",16:30:00,"Collision with vehicle","Thursday","Day",3,3,"T intersection",3,60,"C",2008,"SEDAN","MITSUB","Car","U",NA,"unknown","Drivers"
"T20190020346","30/9/19",17:15:00,"Collision with a fixed object","Monday","Dusk/Dawn",1,2,"Not at intersection",3,50,"A",2008,"DC UTE","NISSAN","Utility","M",49,"40-49","Drivers"
"T20190020348","17/10/19",12:45:00,"Collision with vehicle","Thursday","Day",4,4,"Cross intersection",3,100,"A",2000,"VAN","ISUZU","Light Commercial Vehicle (Rigid) <= 4.5 Tonnes GVM","M",66,"64-69","Drivers"
"T20190020348","17/10/19",12:45:00,"Collision with vehicle","Thursday","Day",4,4,"Cross intersection",3,100,"B",2015,"VAN","TOYOTA","Panel Van","M",37,"30-39","Drivers"
"T20190020348","17/10/19",12:45:00,"Collision with vehicle","Thursday","Day",4,4,"Cross intersection",3,100,"C",2016,"SEDAN","TOYOTA","Car","F",29,"26-29","Drivers"
"T20190020350","16/10/19",20:40:00,"Collision with vehicle","Wednesday","Dark Street lights on",2,3,"Multiple intersection",3,80,"A",2002,"SEDAN","FORD","Car","F",43,"40-49","Drivers"
"T20190020350","16/10/19",20:40:00,"Collision with vehicle","Wednesday","Dark Street lights on",2,3,"Multiple intersection",3,80,"B",2014,"SEDAN","HYNDAI","Car","F",16,"16-17","Drivers"
"T20190020351","16/10/19",06:20:00,"Collision with vehicle","Wednesday","Day",2,2,"Cross intersection",3,70,"A",2016,"TRAY","FORD","Light Commercial Vehicle (Rigid) <= 4.5 Tonnes GVM","M",46,"40-49","Drivers"
"T20190020351","16/10/19",06:20:00,"Collision with vehicle","Wednesday","Day",2,2,"Cross intersection",3,70,"B",2017,"WAGON","MAZDA","Station Wagon","F",61,"60-64","Drivers"
"T20190020355","15/10/19",20:30:00,"Collision with a fixed object","Tuesday","Dark No street lights",1,1,"T intersection",3,60,"A",2002,"SED","HOLDEN","Car","M",19,"17-21","Drivers"
"T20190020356","17/10/19",07:55:00,"Collision with vehicle","Thursday","Day",2,2,"Not at intersection",3,80,"A",2001,"VAN","TOYOTA","Panel Van","M",39,"30-39","Drivers"
"T20190020356","17/10/19",07:55:00,"Collision with vehicle","Thursday","Day",2,2,"Not at intersection",3,80,"B",2016,"WAGON","FORD","Station Wagon","F",29,"26-29","Drivers"
"T20190020357","16/10/19",15:45:00,"Collision with vehicle","Wednesday","Day",2,2,"T intersection",3,999,"A",2000,"VAN","MERC B","Panel Van","M",33,"30-39","Drivers"
"T20190020357","16/10/19",15:45:00,"Collision with vehicle","Wednesday","Day",2,2,"T intersection",3,999,"B",2012,"SEDAN","TOYOTA","Car","M",67,"64-69","Drivers"
"T20190020358","17/10/19",12:10:00,"Collision with vehicle","Thursday","Day",3,3,"Multiple intersection",3,80,"A",2009,"SEDAN","AUDI","Car","M",21,"17-21","Drivers"
"T20190020358","17/10/19",12:10:00,"Collision with vehicle","Thursday","Day",3,3,"Multiple intersection",3,80,"B",2014,"SEDAN","HYNDAI","Car","F",49,"40-49","Drivers"
"T20190020358","17/10/19",12:10:00,"Collision with vehicle","Thursday","Day",3,3,"Multiple intersection",3,80,"C",2006,"SEDAN","HOLDEN","Car","F",26,"26-29","Drivers"
"T20190020359","17/10/19",13:10:00,"Collision with vehicle","Thursday","Day",2,2,"Cross intersection",3,50,"A",2018,"S WAG","FORD","Station Wagon","M",19,"17-21","Drivers"
"T20190020360","17/10/19",11:48:00,"Collision with vehicle","Thursday","Day",2,2,"Not at intersection",3,80,"A",2019,"SEDAN","KIA","Car","M",62,"60-64","Drivers"