"ACCIDENT_NO","ACCIDENTDATE","ACCIDENTTIME","Accident Type Desc","Day Week Description","Light Condition Desc","NO_OF_VEHICLES","NO_PERSONS","Road Geometry Desc","SEVERITY","SPEED_ZONE","VEHICLE_ID","VEHICLE_YEAR_MANUF","VEHICLE_BODY_STYLE","VEHICLE_MAKE","Vehicle Type Desc","SEX","AGE","Age Group","Road User Type Desc"
"T20190020361","16/10/19",08:15:00,"Collision with vehicle","Wednesday","Day",2,2,"Cross intersection",3,60,"B",2017,"WAGON","VOLKS","Station Wagon","F",35,"30-39","Drivers"
"T20190020363","17/10/19",13:11:00,"Collision with vehicle","Thursday","Day",2,3,"Cross intersection",3,60,"B",2014,"VAN","REN","Panel Van","M",46,"40-49","Drivers"
"T20190020364","17/10/19",13:17:00,"Collision with vehicle","Thursday","Day",2,2,"T intersection",3,70,"A",2011,"SEDAN","MAZDA","Car","F",26,"26-29","Drivers"
"T20190020364","17/10/19",13:17:00,"Collision with vehicle","Thursday","Day",2,2,"T intersection",3,70,"B",2012,"SEDAN","HYNDAI","Car","F",48,"40-49","Drivers"
"T20190020365","17/10/19",08:00:00,"Collision with vehicle","Thursday","Day",2,2,"Not at intersection",2,40,"B",2002,"TRAY","HOLDEN","Utility","M",36,"30-39","Drivers"
"T20190020367","17/8/19",13:53:00,"Collision with vehicle","Saturday","Day",2,2,"Not at intersection",3,70,"A",2004,"SEDAN","HOLDEN","Car","M",47,"40-49","Drivers"
"T20190020367","17/8/19",13:53:00,"Collision with vehicle","Saturday","Day",2,2,"Not at intersection",3,70,"B",2009,"SEDAN","TOYOTA","Car","F",49,"40-49","Drivers"
"T20190020368","13/10/19",12:54:00,"Collision with a fixed object","Sunday","Day",1,1,"T intersection",3,60,"A",2007,"T SDS","MITSUB","Light Commercial Vehicle (Rigid) <= 4.5 Tonnes GVM","F",66,"64-69","Drivers"
"T20190020370","8/10/19",15:10:00,"Collision with vehicle","Tuesday","Day",2,3,"Not at intersection",3,50,"A",2007,"SEDAN","TOYOTA","Car","F",30,"30-39","Drivers"
"T20190020370","8/10/19",15:10:00,"Collision with vehicle","Tuesday","Day",2,3,"Not at intersection",3,50,"B",2006,"WAGON","TOYOTA","Station Wagon","M",35,"30-39","Drivers"
"T20190020371","17/10/19",14:40:00,"Collision with vehicle","Thursday","Day",3,4,"Cross intersection",3,60,"A",2000,"SEDAN","HOLDEN","Car","M",25,"22-25","Drivers"
"T20190020371","17/10/19",14:40:00,"Collision with vehicle","Thursday","Day",3,4,"Cross intersection",3,60,"B",2013,"SEDAN","FORD","Car","M",55,"50-59","Drivers"
"T20190020371","17/10/19",14:40:00,"Collision with vehicle","Thursday","Day",3,4,"Cross intersection",3,60,"C",2013,"WAGON","TOYOTA","Station Wagon","F",25,"22-25","Drivers"
"T20190020372","17/10/19",10:00:00,"Collision with vehicle","Thursday","Day",2,3,"Cross intersection",3,60,"A",2006,"SEDAN","HYNDAI","Car","F",74,"70+","Drivers"
"T20190020372","17/10/19",10:00:00,"Collision with vehicle","Thursday","Day",2,3,"Cross intersection",3,60,"B",2005,"SEDAN","HOLDEN","Car","M",78,"70+","Drivers"
"T20190020373","17/10/19",15:15:00,"Collision with a fixed object","Thursday","Day",1,1,"Not at intersection",3,60,"A",2011,"UTIL","NISSAN","Utility","M",74,"70+","Drivers"
"T20190020374","25/9/19",10:55:00,"Collision with vehicle","Wednesday","Day",2,2,"Not at intersection",3,999,"A",2009,"SEDAN","MAZDA","Car","F",55,"50-59","Drivers"
"T20190020374","25/9/19",10:55:00,"Collision with vehicle","Wednesday","Day",2,2,"Not at intersection",3,999,"B",1997,"SEDAN","MITSUB","Car","U",NA,"unknown","Drivers"
"T20190020376","14/10/19",09:50:00,"Collision with a fixed object","Monday","Day",1,1,"Not at intersection",3,999,"A",1999,"SEDAN","TOYOTA","Car","M",87,"70+","Drivers"
"T20190020379","17/10/19",16:34:00,"Collision with vehicle","Thursday","Day",2,2,"Not at intersection",3,100,"A",2003,"SEDAN","FORD","Car","U",NA,"unknown","Drivers"
"T20190020379","17/10/19",16:34:00,"Collision with vehicle","Thursday","Day",2,2,"Not at intersection",3,100,"B",2010,"VAN","TOYOTA","Panel Van","M",20,"17-21","Drivers"
"T20190020380","17/10/19",17:35:00,"Vehicle overturned (no collision)","Thursday","Day",2,2,"Not at intersection",3,60,"A",2017,"COUPE","MERC B","Car","M",62,"60-64","Drivers"
"T20190020381","17/10/19",16:55:00,"Collision with vehicle","Thursday","Day",2,2,"T intersection",3,40,"A",2010,"SEDAN","MAZDA","Car","F",30,"30-39","Drivers"
"T20190020383","1/8/19",19:52:00,"Collision with vehicle","Thursday","Dark Street lights on",2,3,"Cross intersection",3,70,"A",2017,"SEDAN","TOYOTA","Car","M",21,"17-21","Drivers"
"T20190020383","1/8/19",19:52:00,"Collision with vehicle","Thursday","Dark Street lights on",2,3,"Cross intersection",3,70,"B",2012,"WAGON","B M W","Station Wagon","M",47,"40-49","Drivers"
"T20190020384","17/10/19",17:05:00,"Collision with vehicle","Thursday","Day",2,2,"Not at intersection",3,80,"B",2011,"SEDAN","VOLKS","Car","M",23,"22-25","Drivers"
"T20190020385","17/10/19",18:50:00,"Collision with vehicle","Thursday","Dusk/Dawn",2,1,"Not at intersection",3,50,"A",2018,"SEDAN","VOLKS","Car","F",27,"26-29","Drivers"
"T20190020386","11/10/19",18:20:00,"Collision with vehicle","Friday","Day",2,4,"T intersection",2,50,"A",2016,"SEDAN","HYNDAI","Car","F",40,"40-49","Drivers"
"T20190020386","11/10/19",18:20:00,"Collision with vehicle","Friday","Day",2,4,"T intersection",2,50,"B",2007,"S WAG","FORD","Station Wagon","F",21,"17-21","Drivers"
"T20190020387","17/10/19",18:20:00,"Collision with vehicle","Thursday","Day",2,2,"T intersection",3,50,"A",2005,"SEDAN","HOLDEN","Car","M",25,"22-25","Drivers"
"T20190020387","17/10/19",18:20:00,"Collision with vehicle","Thursday","Day",2,2,"T intersection",3,50,"B",2013,"SEDAN","TOYOTA","Car","F",20,"17-21","Drivers"
"T20190020389","17/9/19",18:30:00,"Collision with vehicle","Tuesday","Day",2,2,"Not at intersection",3,60,"A",2018,"SEDAN","MERC B","Car","F",31,"30-39","Drivers"
"T20190020389","17/9/19",18:30:00,"Collision with vehicle","Tuesday","Day",2,2,"Not at intersection",3,60,"B",2010,"WAGON","VOLVO","Station Wagon","M",39,"30-39","Drivers"
"T20190020392","17/10/19",19:20:00,"Collision with vehicle","Thursday","Dusk/Dawn",2,3,"Not at intersection",3,110,"A",2000,"SEDAN","HOLDEN","Car","F",43,"40-49","Drivers"
"T20190020392","17/10/19",19:20:00,"Collision with vehicle","Thursday","Dusk/Dawn",2,3,"Not at intersection",3,110,"B",2017,"P MVR","VOLVO","Prime Mover - Single Trailer","M",36,"30-39","Drivers"
"T20190020396","17/10/19",18:39:00,"Collision with vehicle","Thursday","Day",3,3,"Not at intersection",3,60,"A",2018,"SEDAN","VOLKS","Car","F",23,"22-25","Drivers"
"T20190020396","17/10/19",18:39:00,"Collision with vehicle","Thursday","Day",3,3,"Not at intersection",3,60,"B",2014,"SEDAN","FORD","Taxi","M",50,"50-59","Drivers"
"T20190020396","17/10/19",18:39:00,"Collision with vehicle","Thursday","Day",3,3,"Not at intersection",3,60,"C",2017,"WAGON","NISSAN","Station Wagon","F",41,"40-49","Drivers"
"T20190020399","17/10/19",15:30:00,"Struck Pedestrian","Thursday","Day",1,2,"Not at intersection",2,60,"A",2013,"S WAG","AUDI","Station Wagon","F",34,"30-39","Drivers"
"T20190020400","17/10/19",19:13:00,"Collision with vehicle","Thursday","Day",2,2,"Cross intersection",3,80,"A",2012,"SEDAN","TOYOTA","Car","M",37,"30-39","Drivers"
"T20190020400","17/10/19",19:13:00,"Collision with vehicle","Thursday","Day",2,2,"Cross intersection",3,80,"B",2019,"WAGON","HONDA","Station Wagon","F",21,"17-21","Drivers"
"T20190020402","17/10/19",21:15:00,"Collision with vehicle","Thursday","Dark No street lights",2,2,"Not at intersection",3,60,"B",2013,"SEDAN","VOLKS","Car","M",27,"26-29","Drivers"
"T20190020403","17/10/19",16:15:00,"Struck Pedestrian","Thursday","Day",1,2,"Not at intersection",3,40,"A",2016,"SEDAN","MERC B","Car","M",28,"26-29","Drivers"
"T20190020406","18/10/19",01:47:00,"Collision with a fixed object","Friday","Dark No street lights",1,1,"Not at intersection",3,100,"A",2002,"SEDAN","HOLDEN","Car","M",43,"40-49","Drivers"
"T20190020408","18/10/19",03:00:00,"Collision with vehicle","Friday","Dark Street lights on",2,2,"Cross intersection",3,80,"A",2005,"SEDAN","TOYOTA","Car","M",47,"40-49","Drivers"
"T20190020408","18/10/19",03:00:00,"Collision with vehicle","Friday","Dark Street lights on",2,2,"Cross intersection",3,80,"B",1999,"SEDAN","VOLKS","Car","M",20,"17-21","Drivers"
"T20190020410","18/10/19",01:00:00,"Collision with a fixed object","Friday","Dark No street lights",1,2,"Not at intersection",3,80,"A",2002,"SEDAN","HOLDEN","Car","M",58,"50-59","Drivers"
"T20190020411","18/10/19",05:52:00,"Struck Pedestrian","Friday","Day",1,2,"Cross intersection",3,80,"A",2007,"SEDAN","TOYOTA","Car","M",65,"64-69","Drivers"
"T20190020412","18/10/19",05:25:00,"Collision with vehicle","Friday","Dusk/Dawn",6,6,"Not at intersection",3,80,"A",2016,"SEDAN","HOLDEN","Car","M",36,"30-39","Drivers"
"T20190020412","18/10/19",05:25:00,"Collision with vehicle","Friday","Dusk/Dawn",6,6,"Not at intersection",3,80,"B",2013,"DC UTE","MITSUB","Utility","M",35,"30-39","Drivers"
"T20190020412","18/10/19",05:25:00,"Collision with vehicle","Friday","Dusk/Dawn",6,6,"Not at intersection",3,80,"C",2018,"WAGON","HYNDAI","Station Wagon","M",25,"22-25","Drivers"
"T20190020412","18/10/19",05:25:00,"Collision with vehicle","Friday","Dusk/Dawn",6,6,"Not at intersection",3,80,"D",2005,"SEDAN","KIA","Car","M",25,"22-25","Drivers"
"T20190020412","18/10/19",05:25:00,"Collision with vehicle","Friday","Dusk/Dawn",6,6,"Not at intersection",3,80,"E",2008,"UTIL","FORD","Utility","M",25,"22-25","Drivers"
"T20190020412","18/10/19",05:25:00,"Collision with vehicle","Friday","Dusk/Dawn",6,6,"Not at intersection",3,80,"F",2007,"SEDAN","TOYOTA","Car","M",45,"40-49","Drivers"
"T20190020415","18/10/19",06:43:00,"Collision with vehicle","Friday","Day",3,3,"Not at intersection",3,100,"A",2015,"P MVR","F LINE","Prime Mover - Single Trailer","M",47,"40-49","Drivers"
"T20190020415","18/10/19",06:43:00,"Collision with vehicle","Friday","Day",3,3,"Not at intersection",3,100,"C",2005,"TRAY","MITSUB","Light Commercial Vehicle (Rigid) <= 4.5 Tonnes GVM","M",33,"30-39","Drivers"
"T20190020417","17/10/19",15:20:00,"Collision with vehicle","Thursday","Day",2,3,"Cross intersection",3,60,"A",2006,"WAGON","HOLDEN","Station Wagon","F",39,"30-39","Drivers"
"T20190020417","17/10/19",15:20:00,"Collision with vehicle","Thursday","Day",2,3,"Cross intersection",3,60,"B",1999,"SEDAN","FORD","Car","M",85,"70+","Drivers"
"T20190020418","20/9/19",07:50:00,"Collision with vehicle","Friday","Day",2,2,"Cross intersection",3,80,"A",2014,"SEDAN","VOLKS","Car","F",38,"30-39","Drivers"
"T20190020418","20/9/19",07:50:00,"Collision with vehicle","Friday","Day",2,2,"Cross intersection",3,80,"B",2013,"SED","MAZDA","Car","M",30,"30-39","Drivers"
"T20190020422","16/10/19",11:30:00,"Collision with vehicle","Wednesday","Day",3,3,"Not at intersection",3,70,"A",2008,"SEDAN","UNKN","Car","F",30,"30-39","Drivers"
"T20190020422","16/10/19",11:30:00,"Collision with vehicle","Wednesday","Day",3,3,"Not at intersection",3,70,"B",2013,"SEDAN","SUBARU","Car","F",34,"30-39","Drivers"
"T20190020422","16/10/19",11:30:00,"Collision with vehicle","Wednesday","Day",3,3,"Not at intersection",3,70,"C",1999,"SEDAN","MITSUB","Car","M",71,"70+","Drivers"
"T20190020423","17/10/19",14:00:00,"Collision with a fixed object","Thursday","Day",1,2,"Cross intersection",2,50,"A",2005,"SEDAN","SUBARU","Car","F",90,"70+","Drivers"
"T20190020426","18/10/19",08:40:00,"Collision with vehicle","Friday","Day",4,5,"T intersection",3,70,"A",2012,"WAGON","HOLDEN","Station Wagon","F",53,"50-59","Drivers"
"T20190020426","18/10/19",08:40:00,"Collision with vehicle","Friday","Day",4,5,"T intersection",3,70,"B",2011,"SEDAN","HOLDEN","Car","M",33,"30-39","Drivers"
"T20190020426","18/10/19",08:40:00,"Collision with vehicle","Friday","Day",4,5,"T intersection",3,70,"C",2011,"SEDAN","HOLDEN","Car","F",27,"26-29","Drivers"
"T20190020426","18/10/19",08:40:00,"Collision with vehicle","Friday","Day",4,5,"T intersection",3,70,"D",2005,"WAGON","SUBARU","Station Wagon","M",32,"30-39","Drivers"
"T20190020430","16/10/19",18:00:00,"Collision with vehicle","Wednesday","Day",2,2,"Cross intersection",3,100,"A",2012,"WAGON","MAZDA","Station Wagon","M",55,"50-59","Drivers"
"T20190020430","16/10/19",18:00:00,"Collision with vehicle","Wednesday","Day",2,2,"Cross intersection",3,100,"B",2017,"SEDAN","HYNDAI","Car","F",19,"17-21","Drivers"
"T20190020432","18/10/19",09:35:00,"Collision with vehicle","Friday","Day",2,2,"Not at intersection",3,50,"A",2011,"WAGON","HONDA","Station Wagon","F",68,"64-69","Drivers"
"T20190020432","18/10/19",09:35:00,"Collision with vehicle","Friday","Day",2,2,"Not at intersection",3,50,"B",2015,"SEDAN","FORD","Car","F",48,"40-49","Drivers"
"T20190020433","18/10/19",07:00:00,"Collision with vehicle","Friday","Dark Street lights on",2,2,"Not at intersection",3,80,"A",2002,"SEDAN","HYNDAI","Car","F",25,"22-25","Drivers"
"T20190020433","18/10/19",07:00:00,"Collision with vehicle","Friday","Dark Street lights on",2,2,"Not at intersection",3,80,"B",2016,"TRAY","MITSUB","Light Commercial Vehicle (Rigid) <= 4.5 Tonnes GVM","M",32,"30-39","Drivers"
"T20190020435","17/10/19",17:55:00,"Collision with a fixed object","Thursday","Day",1,1,"Not at intersection",3,50,"A",2012,"SEDAN","HOLDEN","Car","M",60,"60-64","Drivers"
"T20190020436","15/10/19",09:10:00,"Collision with vehicle","Tuesday","Day",2,2,"Not at intersection",3,60,"B",2008,"SEDAN","TOYOTA","Car","F",24,"22-25","Drivers"
"T20190020437","10/10/19",08:35:00,"Collision with vehicle","Thursday","Day",2,2,"Cross intersection",3,60,"B",2008,"WAGON","TOYOTA","Station Wagon","M",48,"40-49","Drivers"
"T20190020438","18/10/19",10:00:00,"Collision with vehicle","Friday","Day",2,5,"Not at intersection",3,80,"A",2011,"SEDAN","FORD","Car","F",23,"22-25","Drivers"
"T20190020438","18/10/19",10:00:00,"Collision with vehicle","Friday","Day",2,5,"Not at intersection",3,80,"B",2008,"SEDAN","TOYOTA","Car","M",32,"30-39","Drivers"
"T20190020441","18/10/19",10:20:00,"Collision with vehicle","Friday","Day",3,4,"Not at intersection",3,80,"A",2018,"DC UTE","VOLKS","Utility","M",40,"40-49","Drivers"
"T20190020441","18/10/19",10:20:00,"Collision with vehicle","Friday","Day",3,4,"Not at intersection",3,80,"B",2008,"P MVR","F LINE","Prime Mover - Single Trailer","M",56,"50-59","Drivers"
"T20190020441","18/10/19",10:20:00,"Collision with vehicle","Friday","Day",3,4,"Not at intersection",3,80,"C",2001,"G UNIT","IVECO","Heavy Vehicle (Rigid) > 4.5 Tonnes","M",59,"50-59","Drivers"
"T20190020445","18/10/19",11:30:00,"Struck Pedestrian","Friday","Day",1,2,"Not at intersection",3,60,"A",1999,"VAN","VOLKS","Panel Van","M",34,"30-39","Drivers"
"T20190020446","18/10/19",12:04:00,"Collision with vehicle","Friday","Day",4,4,"Not at intersection",3,80,"A",2009,"SEDAN","HOLDEN","Car","U",NA,"unknown","Drivers"
"T20190020446","18/10/19",12:04:00,"Collision with vehicle","Friday","Day",4,4,"Not at intersection",3,80,"B",2017,"SEDAN","MAZDA","Car","F",50,"50-59","Drivers"
"T20190020446","18/10/19",12:04:00,"Collision with vehicle","Friday","Day",4,4,"Not at intersection",3,80,"C",2011,"SEDAN","SUZUKI","Car","F",30,"30-39","Drivers"
"T20190020446","18/10/19",12:04:00,"Collision with vehicle","Friday","Day",4,4,"Not at intersection",3,80,"D",2016,"SEDAN","JAGUAR","Car","F",71,"70+","Drivers"
"T20190020447","8/10/19",07:30:00,"Collision with vehicle","Tuesday","Day",2,2,"Cross intersection",3,60,"A",2005,"WAGON","JEEP","Station Wagon","M",54,"50-59","Drivers"
"T20190020447","8/10/19",07:30:00,"Collision with vehicle","Tuesday","Day",2,2,"Cross intersection",3,60,"B",2016,"VAN","TOYOTA","Panel Van","M",48,"40-49","Drivers"
"T20190020448","18/10/19",11:00:00,"Collision with vehicle","Friday","Day",2,2,"T intersection",3,40,"A",2013,"UTIL","G WALL","Utility","M",54,"50-59","Drivers"
"T20190020450","17/10/19",17:35:00,"Collision with vehicle","Thursday","Day",2,2,"Not at intersection",3,60,"A",2006,"P MVR","KENWTH","Prime Mover - Single Trailer","M",42,"40-49","Drivers"
"T20190020450","17/10/19",17:35:00,"Collision with vehicle","Thursday","Day",2,2,"Not at intersection",3,60,"B",1999,"S WAG","TOYOTA","Station Wagon","M",51,"50-59","Drivers"
"T20190020454","16/10/19",16:20:00,"Collision with vehicle","Wednesday","Unknown",2,3,"Not at intersection",3,80,"A",2006,"S WAG","NISSAN","Station Wagon","M",57,"50-59","Drivers"
"T20190020454","16/10/19",16:20:00,"Collision with vehicle","Wednesday","Unknown",2,3,"Not at intersection",3,80,"B",2003,"SEDAN","MAZDA","Car","F",46,"40-49","Drivers"
"T20190020455","18/10/19",13:45:00,"Collision with vehicle","Friday","Day",3,4,"Cross intersection",3,60,"A",2004,"WAGON","FORD","Station Wagon","M",31,"30-39","Drivers"
"T20190020455","18/10/19",13:45:00,"Collision with vehicle","Friday","Day",3,4,"Cross intersection",3,60,"B",2012,"WAGON","MAZDA","Station Wagon","F",74,"70+","Drivers"
"T20190020455","18/10/19",13:45:00,"Collision with vehicle","Friday","Day",3,4,"Cross intersection",3,60,"C",2006,"SEDAN","TOYOTA","Car","F",80,"70+","Drivers"
"T20190020456","18/10/19",14:40:00,"Collision with vehicle","Friday","Day",2,3,"Cross intersection",2,60,"A",2015,"WAGON","AUDI","Station Wagon","F",46,"40-49","Drivers"
"T20190020456","18/10/19",14:40:00,"Collision with vehicle","Friday","Day",2,3,"Cross intersection",2,60,"B",2012,"WAGON","MERC B","Station Wagon","U",NA,"unknown","Drivers"
"T20190020458","18/10/19",14:55:00,"Collision with vehicle","Friday","Day",3,5,"T intersection",3,60,"A",1997,"SEDAN","MITSUB","Car","F",69,"64-69","Drivers"
"T20190020458","18/10/19",14:55:00,"Collision with vehicle","Friday","Day",3,5,"T intersection",3,60,"B",2018,"SEDAN","TOYOTA","Car","M",35,"30-39","Drivers"
"T20190020458","18/10/19",14:55:00,"Collision with vehicle","Friday","Day",3,5,"T intersection",3,60,"C",2013,"SEDAN","HOLDEN","Car","M",86,"70+","Drivers"
"T20190020460","18/10/19",07:38:00,"Collision with vehicle","Friday","Dusk/Dawn",2,3,"Cross intersection",3,50,"A",2014,"SEDAN","NISSAN","Car","M",29,"26-29","Drivers"
"T20190020460","18/10/19",07:38:00,"Collision with vehicle","Friday","Dusk/Dawn",2,3,"Cross intersection",3,50,"B",2018,"COUPE","AUDI","Car","M",34,"30-39","Drivers"
"T20190020461","18/10/19",15:45:00,"Collision with vehicle","Friday","Day",3,5,"Not at intersection",3,70,"A",2011,"WAGON","HYNDAI","Station Wagon","F",29,"26-29","Drivers"
"T20190020461","18/10/19",15:45:00,"Collision with vehicle","Friday","Day",3,5,"Not at intersection",3,70,"B",2007,"DC UTE","NISSAN","Utility","F",52,"50-59","Drivers"
"T20190020461","18/10/19",15:45:00,"Collision with vehicle","Friday","Day",3,5,"Not at intersection",3,70,"C",2014,"WAGON","JEEP","Station Wagon","M",40,"40-49","Drivers"
"T20190020462","18/10/19",13:30:00,"Collision with vehicle","Friday","Day",2,25,"Cross intersection",3,80,"B",2002,"BUS","TOYOTA","Mini Bus(9-13 seats)","F",43,"40-49","Drivers"
"T20190020465","18/10/19",16:20:00,"Collision with vehicle","Friday","Day",2,2,"T intersection",3,60,"B",2017,"WAGON","AUDI","Station Wagon","F",NA,"unknown","Drivers"
"T20190020469","18/10/19",17:05:00,"Collision with vehicle","Friday","Day",2,2,"Cross intersection",3,50,"A",2013,"COUPE","UNKN","Car","M",81,"70+","Drivers"
"T20190020471","18/10/19",14:30:00,"Collision with vehicle","Friday","Day",2,2,"Not at intersection",3,50,"A",2001,"SEDAN","FORD","Car","F",65,"64-69","Drivers"
"T20190020473","18/10/19",16:30:00,"Collision with a fixed object","Friday","Day",1,1,"Not at intersection",3,100,"A",2008,"WAGON","SUBARU","Station Wagon","F",50,"50-59","Drivers"
"T20190020478","18/10/19",16:15:00,"Collision with vehicle","Friday","Day",2,2,"Not at intersection",3,50,"A",2012,"SEDAN","NISSAN","Car","M",32,"30-39","Drivers"
"T20190020478","18/10/19",16:15:00,"Collision with vehicle","Friday","Day",2,2,"Not at intersection",3,50,"B",2000,"SEDAN","NISSAN","Car","M",41,"40-49","Drivers"
"T20190020482","18/10/19",17:00:00,"Collision with vehicle","Friday","Day",2,2,"T intersection",3,999,"B",2004,"SEDAN","FORD","Car","M",39,"30-39","Drivers"
"T20190020483","18/10/19",15:45:00,"Collision with a fixed object","Friday","Day",1,3,"Not at intersection",3,100,"A",2014,"SEDAN","TOYOTA","Car","M",84,"70+","Drivers"
"T20190020485","18/10/19",20:10:00,"Collision with vehicle","Friday","Dark Street lights on",2,3,"Cross intersection",3,60,"A",2007,"WAGON","TOYOTA","Station Wagon","M",61,"60-64","Drivers"
"T20190020485","18/10/19",20:10:00,"Collision with vehicle","Friday","Dark Street lights on",2,3,"Cross intersection",3,60,"B",2009,"SEDAN","TOYOTA","Car","F",47,"40-49","Drivers"
"T20190020486","18/10/19",18:35:00,"Collision with vehicle","Friday","Day",2,2,"Not at intersection",2,90,"A",2000,"SEDAN","SUBARU","Car","M",54,"50-59","Drivers"
"T20190020486","18/10/19",18:35:00,"Collision with vehicle","Friday","Day",2,2,"Not at intersection",2,90,"B",2002,"TRAY","TOYOTA","Light Commercial Vehicle (Rigid) <= 4.5 Tonnes GVM","M",61,"60-64","Drivers"
"T20190020487","18/10/19",15:10:00,"Collision with vehicle","Friday","Day",2,2,"T intersection",3,60,"A",2018,"WAGON","L ROV","Station Wagon","M",41,"40-49","Drivers"
"T20190020487","18/10/19",15:10:00,"Collision with vehicle","Friday","Day",2,2,"T intersection",3,60,"B",2018,"SEDAN","VOLKS","Car","M",23,"22-25","Drivers"
"T20190020488","18/10/19",16:28:00,"Collision with vehicle","Friday","Day",3,3,"T intersection",3,80,"A",2018,"TIPPER","F LINE","Heavy Vehicle (Rigid) > 4.5 Tonnes","M",21,"17-21","Drivers"
"T20190020488","18/10/19",16:28:00,"Collision with vehicle","Friday","Day",3,3,"T intersection",3,80,"B",2017,"TILTER","HINO","Heavy Vehicle (Rigid) > 4.5 Tonnes","M",27,"26-29","Drivers"
"T20190020488","18/10/19",16:28:00,"Collision with vehicle","Friday","Day",3,3,"T intersection",3,80,"C",2013,"SEDAN","TOYOTA","Car","F",40,"40-49","Drivers"
"T20190020490","18/10/19",20:59:00,"Collision with vehicle","Friday","Dark Street lights on",2,2,"Not at intersection",3,60,"A",2009,"COUPE","TOYOTA","Car","M",49,"40-49","Drivers"
"T20190020490","18/10/19",20:59:00,"Collision with vehicle","Friday","Dark Street lights on",2,2,"Not at intersection",3,60,"B",2008,"SEDAN","TOYOTA","Car","F",42,"40-49","Drivers"
"T20190020491","18/10/19",16:11:00,"Struck animal","Friday","Day",1,1,"Not at intersection",3,100,"A",2013,"WAGON","SUBARU","Station Wagon","M",33,"30-39","Drivers"
"T20190020495","18/10/19",20:37:00,"Collision with vehicle","Friday","Dark Street lights on",2,5,"Not at intersection",3,80,"A",2014,"S WAG","FORD","Station Wagon","M",33,"30-39","Drivers"
"T20190020495","18/10/19",20:37:00,"Collision with vehicle","Friday","Dark Street lights on",2,5,"Not at intersection",3,80,"B",2010,"SEDAN","TOYOTA","Car","F",39,"30-39","Drivers"
"T20190020498","9/10/19",07:47:00,"Collision with vehicle","Wednesday","Day",3,3,"T intersection",3,60,"A",2005,"SEDAN","HOLDEN","Car","F",19,"17-21","Drivers"
"T20190020498","9/10/19",07:47:00,"Collision with vehicle","Wednesday","Day",3,3,"T intersection",3,60,"B",2004,"SEDAN","HONDA","Car","M",26,"26-29","Drivers"
"T20190020498","9/10/19",07:47:00,"Collision with vehicle","Wednesday","Day",3,3,"T intersection",3,60,"C",2016,"SEDAN","LEXUS","Car","F",47,"40-49","Drivers"
"T20190020499","18/10/19",17:10:00,"Collision with a fixed object","Friday","Day",1,1,"Not at intersection",2,60,"A",2018,"WAGON","JEEP","Station Wagon","U",NA,"unknown","Drivers"
"T20190020500","17/10/19",23:20:00,"Collision with vehicle","Thursday","Dark Street lights on",2,2,"Cross intersection",3,80,"A",2015,"S WAG","HOLDEN","Station Wagon","F",37,"30-39","Drivers"
"T20190020500","17/10/19",23:20:00,"Collision with vehicle","Thursday","Dark Street lights on",2,2,"Cross intersection",3,80,"B",2007,"SEDAN","FORD","Car","M",36,"30-39","Drivers"
"T20190020504","19/10/19",01:20:00,"Collision with vehicle","Saturday","Dark Street lights on",2,1,"Not at intersection",3,50,"A",2003,"SEDAN","FORD","Car","F",19,"17-21","Drivers"
"T20190020505","19/10/19",01:05:00,"Collision with a fixed object","Saturday","Dark Street lights on",1,2,"Not at intersection",2,50,"A",2019,"DC UTE","FORD","Utility","M",25,"22-25","Drivers"
"T20190020508","19/10/19",02:16:00,"Collision with a fixed object","Saturday","Dark Street lights on",1,1,"Not at intersection",1,60,"A",2005,"SEDAN","PROTON","Car","M",21,"17-21","Drivers"
"T20190020509","3/10/19",17:15:00,"Collision with vehicle","Thursday","Day",2,2,"Not at intersection",3,50,"A",2010,"SEDAN","SUBARU","Car","M",27,"26-29","Drivers"
"T20190020510","19/10/19",06:46:00,"Struck animal","Saturday","Dusk/Dawn",3,3,"Not at intersection",3,100,"A",2015,"DC UTE","HOLDEN","Utility","M",39,"30-39","Drivers"
"T20190020510","19/10/19",06:46:00,"Struck animal","Saturday","Dusk/Dawn",3,3,"Not at intersection",3,100,"B",2000,"SEDAN","PEUG","Car","M",33,"30-39","Drivers"
"T20190020510","19/10/19",06:46:00,"Struck animal","Saturday","Dusk/Dawn",3,3,"Not at intersection",3,100,"C",2011,"P MVR","KENWTH","Prime Mover - Single Trailer","M",47,"40-49","Drivers"
"T20190020512","18/10/19",21:15:00,"Collision with vehicle","Friday","Dark Street lights on",2,2,"Not at intersection",3,60,"A",2016,"SEDAN","UNKN","Car","F",40,"40-49","Drivers"
"T20190020513","14/4/19",11:30:00,"Collision with a fixed object","Sunday","Day",1,1,"Not at intersection",3,50,"A",2002,"SEDAN","KIA","Car","F",87,"70+","Drivers"
"T20190020514","19/10/19",10:20:00,"Collision with vehicle","Saturday","Day",2,2,"T intersection",3,60,"A",2004,"SEDAN","TOYOTA","Car","F",24,"22-25","Drivers"
"T20190020514","19/10/19",10:20:00,"Collision with vehicle","Saturday","Day",2,2,"T intersection",3,60,"B",2012,"DC UTE","NISSAN","Utility","M",22,"22-25","Drivers"
"T20190020517","19/10/19",09:45:00,"Collision with vehicle","Saturday","Day",2,2,"Not at intersection",3,60,"A",2009,"SEDAN","HYNDAI","Car","F",23,"22-25","Drivers"