"ACCIDENT_NO","ACCIDENTDATE","ACCIDENTTIME","Accident Type Desc","Day Week Description","Light Condition Desc","NO_OF_VEHICLES","NO_PERSONS","Road Geometry Desc","SEVERITY","SPEED_ZONE","VEHICLE_ID","VEHICLE_YEAR_MANUF","VEHICLE_BODY_STYLE","VEHICLE_MAKE","Vehicle Type Desc","SEX","AGE","Age Group","Road User Type Desc"
"T20190020517","19/10/19",09:45:00,"Collision with vehicle","Saturday","Day",2,2,"Not at intersection",3,60,"B",1993,"SEDAN","FORD","Car","F",66,"64-69","Drivers"
"T20190020518","1/7/19",13:00:00,"Collision with vehicle","Monday","Day",2,2,"Not at intersection",3,100,"A",1992,"SEDAN","FORD","Car","M",21,"17-21","Drivers"
"T20190020518","1/7/19",13:00:00,"Collision with vehicle","Monday","Day",2,2,"Not at intersection",3,100,"B",2013,"SEDAN","SUZUKI","Car","M",29,"26-29","Drivers"
"T20190020519","19/10/19",10:33:00,"Struck Pedestrian","Saturday","Day",1,3,"Cross intersection",3,40,"A",2015,"SED","HOLDEN","Taxi","M",40,"40-49","Drivers"
"T20190020520","19/10/19",11:00:00,"Collision with vehicle","Saturday","Day",2,2,"T intersection",3,60,"A",2009,"SEDAN","HONDA","Car","M",72,"70+","Drivers"
"T20190020520","19/10/19",11:00:00,"Collision with vehicle","Saturday","Day",2,2,"T intersection",3,60,"B",2010,"UTIL","HOLDEN","Utility","M",18,"17-21","Drivers"
"T20190020521","20/7/19",15:11:00,"Collision with vehicle","Saturday","Day",2,2,"Not at intersection",3,50,"A",2005,"SEDAN","HOLDEN","Car","M",48,"40-49","Drivers"
"T20190020521","20/7/19",15:11:00,"Collision with vehicle","Saturday","Day",2,2,"Not at intersection",3,50,"B",2017,"SEDAN","MERC B","Car","F",35,"30-39","Drivers"
"T20190020522","19/10/19",10:50:00,"Collision with vehicle","Saturday","Day",2,2,"T intersection",3,50,"A",2008,"SEDAN","PEUG","Car","M",34,"30-39","Drivers"
"T20190020524","19/10/19",09:32:00,"Vehicle overturned (no collision)","Saturday","Day",1,1,"Not at intersection",3,100,"A",2002,"S WAG","SUBARU","Station Wagon","M",42,"40-49","Drivers"
"T20190020525","18/9/19",06:40:00,"Collision with vehicle","Wednesday","Unknown",2,2,"Cross intersection",3,999,"A",2011,"COUPE","VOLKS","Car","M",33,"30-39","Drivers"
"T20190020525","18/9/19",06:40:00,"Collision with vehicle","Wednesday","Unknown",2,2,"Cross intersection",3,999,"B",2015,"SEDAN","TOYOTA","Car","F",20,"17-21","Drivers"
"T20190020526","16/10/19",19:45:00,"Collision with vehicle","Wednesday","Dusk/Dawn",2,2,"Not at intersection",3,80,"A",2018,"SEDAN","SUBARU","Car","F",18,"17-21","Drivers"
"T20190020526","16/10/19",19:45:00,"Collision with vehicle","Wednesday","Dusk/Dawn",2,2,"Not at intersection",3,80,"B",2015,"WAGON","MAZDA","Station Wagon","M",37,"30-39","Drivers"
"T20190020528","13/10/19",15:00:00,"Collision with vehicle","Sunday","Day",2,2,"Cross intersection",2,30,"A",2014,"VAN","MERC B","Panel Van","M",38,"30-39","Drivers"
"T20190020532","19/10/19",13:30:00,"Collision with vehicle","Saturday","Day",2,2,"Not at intersection",3,60,"A",2001,"SED","HOLDEN","Car","M",23,"22-25","Drivers"
"T20190020532","19/10/19",13:30:00,"Collision with vehicle","Saturday","Day",2,2,"Not at intersection",3,60,"B",2005,"SEDAN","NISSAN","Car","F",80,"70+","Drivers"
"T20190020533","19/10/19",13:40:00,"Collision with a fixed object","Saturday","Day",1,2,"Not at intersection",3,100,"A",2006,"UTIL","MAZDA","Utility","M",19,"17-21","Drivers"
"T20190020534","19/10/19",07:40:00,"Collision with a fixed object","Saturday","Day",1,2,"Not at intersection",3,70,"A",2000,"VAN","TOYOTA","Panel Van","U",NA,"unknown","Drivers"
"T20190020535","19/10/19",13:34:00,"Collision with vehicle","Saturday","Day",2,2,"Cross intersection",3,50,"A",2015,"SEDAN","HOLDEN","Car","U",40,"40-49","Drivers"
"T20190020535","19/10/19",13:34:00,"Collision with vehicle","Saturday","Day",2,2,"Cross intersection",3,50,"B",2010,"UTIL","FORD","Utility","M",32,"30-39","Drivers"
"T20190020538","19/10/19",11:58:00,"Collision with vehicle","Saturday","Day",3,5,"Not at intersection",3,60,"A",2008,"SEDAN","HONDA","Car","F",34,"30-39","Drivers"
"T20190020538","19/10/19",11:58:00,"Collision with vehicle","Saturday","Day",3,5,"Not at intersection",3,60,"B",2012,"WAGON","NISSAN","Station Wagon","F",25,"22-25","Drivers"
"T20190020538","19/10/19",11:58:00,"Collision with vehicle","Saturday","Day",3,5,"Not at intersection",3,60,"C",2008,"SEDAN","TOYOTA","Car","F",41,"40-49","Drivers"
"T20190020539","17/10/19",19:47:00,"Collision with vehicle","Thursday","Dark Street lights on",2,2,"Not at intersection",3,60,"A",2007,"SEDAN","TOYOTA","Car","F",27,"26-29","Drivers"
"T20190020539","17/10/19",19:47:00,"Collision with vehicle","Thursday","Dark Street lights on",2,2,"Not at intersection",3,60,"B",2014,"SEDAN","SUZUKI","Car","M",56,"50-59","Drivers"
"T20190020540","6/10/19",12:53:00,"Collision with vehicle","Sunday","Day",2,2,"Cross intersection",3,60,"A",2015,"SEDAN","NISSAN","Car","F",32,"30-39","Drivers"
"T20190020540","6/10/19",12:53:00,"Collision with vehicle","Sunday","Day",2,2,"Cross intersection",3,60,"B",2014,"SEDAN","VOLKS","Car","F",32,"30-39","Drivers"
"T20190020546","19/10/19",13:12:00,"Collision with vehicle","Saturday","Day",2,3,"Cross intersection",2,100,"A",2017,"SEDAN","REN","Car","F",61,"60-64","Drivers"
"T20190020546","19/10/19",13:12:00,"Collision with vehicle","Saturday","Day",2,3,"Cross intersection",2,100,"B",2018,"UTIL","ISUZU","Utility","M",57,"50-59","Drivers"
"T20190020547","18/10/19",18:40:00,"Collision with vehicle","Friday","Dusk/Dawn",2,3,"T intersection",3,60,"A",2010,"WAGON","NISSAN","Station Wagon","F",55,"50-59","Drivers"
"T20190020547","18/10/19",18:40:00,"Collision with vehicle","Friday","Dusk/Dawn",2,3,"T intersection",3,60,"B",2013,"SEDAN","TOYOTA","Car","M",18,"17-21","Drivers"
"T20190020548","9/8/19",06:45:00,"No collision and no object struck","Friday","Dark Street lights unknown",1,1,"Not at intersection",3,80,"A",2009,"UTIL","HOLDEN","Utility","F",24,"22-25","Drivers"
"T20190020550","23/3/19",13:55:00,"Collision with vehicle","Saturday","Day",2,2,"Cross intersection",3,50,"A",2014,"WAGON","SSANGY","Station Wagon","M",48,"40-49","Drivers"
"T20190020550","23/3/19",13:55:00,"Collision with vehicle","Saturday","Day",2,2,"Cross intersection",3,50,"B",2010,"WAGON","HOLDEN","Station Wagon","M",32,"30-39","Drivers"
"T20190020551","19/10/19",12:01:00,"Vehicle overturned (no collision)","Saturday","Day",1,1,"Not at intersection",2,100,"A",2005,"SEDAN","HOLDEN","Car","M",61,"60-64","Drivers"
"T20190020552","19/10/19",17:34:00,"Collision with vehicle","Saturday","Day",2,3,"T intersection",3,100,"A",2014,"SEDAN","FORD","Car","F",44,"40-49","Drivers"
"T20190020552","19/10/19",17:34:00,"Collision with vehicle","Saturday","Day",2,3,"T intersection",3,100,"B",2017,"SEDAN","KIA","Car","M",18,"17-21","Drivers"
"T20190020554","19/10/19",17:35:00,"Collision with vehicle","Saturday","Day",2,2,"Cross intersection",3,60,"A",2015,"SEDAN","HOLDEN","Car","F",61,"60-64","Drivers"
"T20190020554","19/10/19",17:35:00,"Collision with vehicle","Saturday","Day",2,2,"Cross intersection",3,60,"B",0,"DC UTE","HOLDEN","Utility","M",49,"40-49","Drivers"
"T20190020556","19/10/19",17:25:00,"Collision with vehicle","Saturday","Day",2,6,"T intersection",3,60,"A",2007,"SEDAN","HOLDEN","Car","M",20,"17-21","Drivers"
"T20190020556","19/10/19",17:25:00,"Collision with vehicle","Saturday","Day",2,6,"T intersection",3,60,"B",2012,"WAGON","MAZDA","Station Wagon","M",44,"40-49","Drivers"
"T20190020557","19/10/19",16:07:00,"Collision with a fixed object","Saturday","Day",2,1,"T intersection",3,50,"A",2008,"WAGON","HOLDEN","Station Wagon","M",19,"17-21","Drivers"
"T20190020558","19/10/19",18:01:00,"Collision with vehicle","Saturday","Day",3,4,"T intersection",3,80,"A",2012,"SEDAN","TOYOTA","Car","U",27,"26-29","Drivers"
"T20190020558","19/10/19",18:01:00,"Collision with vehicle","Saturday","Day",3,4,"T intersection",3,80,"B",2014,"COUPE","REN","Car","F",38,"30-39","Drivers"
"T20190020558","19/10/19",18:01:00,"Collision with vehicle","Saturday","Day",3,4,"T intersection",3,80,"C",2003,"SEDAN","HOLDEN","Car","M",51,"50-59","Drivers"
"T20190020559","19/10/19",14:45:00,"Collision with vehicle","Saturday","Day",2,2,"Cross intersection",3,999,"A",2004,"DC UTE","NISSAN","Utility","M",34,"30-39","Drivers"
"T20190020559","19/10/19",14:45:00,"Collision with vehicle","Saturday","Day",2,2,"Cross intersection",3,999,"B",2017,"SEDAN","HOLDEN","Car","F",39,"30-39","Drivers"
"T20190020562","19/10/19",17:00:00,"Collision with a fixed object","Saturday","Day",1,1,"Not at intersection",3,100,"A",2016,"SEDAN","NISSAN","Car","M",19,"17-21","Drivers"
"T20190020563","19/10/19",13:06:00,"Collision with vehicle","Saturday","Day",3,4,"Not at intersection",2,100,"A",2014,"COUPE","AUDI","Car","F",40,"40-49","Drivers"
"T20190020563","19/10/19",13:06:00,"Collision with vehicle","Saturday","Day",3,4,"Not at intersection",2,100,"B",2016,"DC UTE","FOTON","Utility","M",73,"70+","Drivers"
"T20190020563","19/10/19",13:06:00,"Collision with vehicle","Saturday","Day",3,4,"Not at intersection",2,100,"C",2015,"COUPE","LAMB G","Car","M",40,"40-49","Drivers"
"T20190020565","18/10/19",17:00:00,"Fall from or in moving vehicle","Friday","Day",2,2,"T intersection",3,60,"A",2012,"WAGON","TOYOTA","Station Wagon","M",26,"26-29","Drivers"
"T20190020567","21/9/19",17:00:00,"Collision with vehicle","Saturday","Day",2,2,"Not at intersection",3,50,"A",2005,"WAGON","FORD","Station Wagon","M",33,"30-39","Drivers"
"T20190020568","19/10/19",15:42:00,"Struck Pedestrian","Saturday","Day",1,5,"Cross intersection",3,40,"A",2014,"WAGON","HYNDAI","Station Wagon","M",70,"70+","Drivers"
"T20190020569","19/10/19",18:15:00,"Collision with vehicle","Saturday","Dusk/Dawn",2,4,"Cross intersection",3,40,"A",2018,"SEDAN","TOYOTA","Car","M",51,"50-59","Drivers"
"T20190020569","19/10/19",18:15:00,"Collision with vehicle","Saturday","Dusk/Dawn",2,4,"Cross intersection",3,40,"B",2001,"SEDAN","MAZDA","Car","M",88,"70+","Drivers"
"T20190020570","19/10/19",18:30:00,"Collision with vehicle","Saturday","Dusk/Dawn",2,5,"Cross intersection",3,80,"A",2018,"WAGON","MITSUB","Station Wagon","F",30,"30-39","Drivers"
"T20190020570","19/10/19",18:30:00,"Collision with vehicle","Saturday","Dusk/Dawn",2,5,"Cross intersection",3,80,"B",2005,"SEDAN","TOYOTA","Car","F",63,"60-64","Drivers"
"T20190020571","18/10/19",23:30:00,"Collision with vehicle","Friday","Dark Street lights on",4,5,"Not at intersection",3,70,"A",2014,"SEDAN","TOYOTA","Car","M",27,"26-29","Drivers"
"T20190020571","18/10/19",23:30:00,"Collision with vehicle","Friday","Dark Street lights on",4,5,"Not at intersection",3,70,"B",2018,"SEDAN","TOYOTA","Car","M",32,"30-39","Drivers"
"T20190020571","18/10/19",23:30:00,"Collision with vehicle","Friday","Dark Street lights on",4,5,"Not at intersection",3,70,"C",2008,"SEDAN","HONDA","Car","F",67,"64-69","Drivers"
"T20190020571","18/10/19",23:30:00,"Collision with vehicle","Friday","Dark Street lights on",4,5,"Not at intersection",3,70,"D",2006,"SEDAN","MAZDA","Car","M",22,"22-25","Drivers"
"T20190020572","19/10/19",05:55:00,"Collision with vehicle","Saturday","Dark Street lights on",2,3,"Cross intersection",3,50,"A",2002,"SEDAN","HYNDAI","Car","F",19,"17-21","Drivers"
"T20190020572","19/10/19",05:55:00,"Collision with vehicle","Saturday","Dark Street lights on",2,3,"Cross intersection",3,50,"B",2008,"WAGON","HOLDEN","Station Wagon","M",45,"40-49","Drivers"
"T20190020573","19/10/19",19:50:00,"Collision with vehicle","Saturday","Dark Street lights on",2,4,"Cross intersection",3,60,"A",2012,"DC UTE","FORD","Utility","U",NA,"unknown","Drivers"
"T20190020573","19/10/19",19:50:00,"Collision with vehicle","Saturday","Dark Street lights on",2,4,"Cross intersection",3,60,"B",2003,"SEDAN","MITSUB","Car","F",26,"26-29","Drivers"
"T20190020574","25/9/19",17:55:00,"Struck Pedestrian","Wednesday","Dusk/Dawn",1,3,"Not at intersection",2,60,"A",2005,"SEDAN","AUDI","Car","F",22,"22-25","Drivers"
"T20190020575","19/10/19",21:08:00,"Collision with vehicle","Saturday","Dark Street lights on",3,3,"T intersection",3,60,"A",2006,"COUPE","MERC B","Car","F",49,"40-49","Drivers"
"T20190020575","19/10/19",21:08:00,"Collision with vehicle","Saturday","Dark Street lights on",3,3,"T intersection",3,60,"B",2016,"WAGON","AUDI","Station Wagon","F",42,"40-49","Drivers"
"T20190020575","19/10/19",21:08:00,"Collision with vehicle","Saturday","Dark Street lights on",3,3,"T intersection",3,60,"C",2011,"SEDAN","HOLDEN","Car","M",24,"22-25","Drivers"
"T20190020580","20/10/19",01:00:00,"Collision with a fixed object","Sunday","Dark No street lights",1,1,"Not at intersection",3,100,"A",2004,"SEDAN","HONDA","Car","M",18,"17-21","Drivers"
"T20190020581","19/10/19",10:20:00,"Collision with vehicle","Saturday","Day",2,3,"Not at intersection",3,999,"A",1991,"S WAG","MITSUB","Station Wagon","F",29,"26-29","Drivers"
"T20190020584","19/10/19",10:50:00,"Collision with a fixed object","Saturday","Day",1,1,"Not at intersection",3,100,"A",1998,"SEDAN","TOYOTA","Car","F",25,"22-25","Drivers"
"T20190020585","20/10/19",04:45:00,"Collision with vehicle","Sunday","Dark No street lights",2,1,"Not at intersection",3,100,"A",2001,"SEDAN","HYNDAI","Car","M",35,"30-39","Drivers"
"T20190020588","20/10/19",02:41:00,"Collision with a fixed object","Sunday","Dark Street lights on",1,3,"Not at intersection",3,60,"A",2018,"WAGON","HONDA","Station Wagon","M",38,"30-39","Drivers"
"T20190020589","19/10/19",21:00:00,"Vehicle overturned (no collision)","Saturday","Dark No street lights",1,1,"Not at intersection",3,100,"A",2006,"SEDAN","HOLDEN","Car","F",24,"22-25","Drivers"
"T20190020591","20/10/19",06:59:00,"Vehicle overturned (no collision)","Sunday","Day",1,1,"Not at intersection",3,100,"A",1997,"SED","HOLDEN","Car","M",20,"17-21","Drivers"
"T20190020593","20/10/19",09:00:00,"Collision with vehicle","Sunday","Day",2,2,"Cross intersection",3,70,"A",2000,"UTIL","FORD","Utility","M",45,"40-49","Drivers"
"T20190020593","20/10/19",09:00:00,"Collision with vehicle","Sunday","Day",2,2,"Cross intersection",3,70,"B",2004,"SEDAN","MITSUB","Car","F",60,"60-64","Drivers"
"T20190020595","20/10/19",11:40:00,"Collision with vehicle","Sunday","Day",2,2,"Cross intersection",3,60,"A",2018,"WAGON","SUBARU","Station Wagon","F",21,"17-21","Drivers"
"T20190020596","20/10/19",10:38:00,"Collision with vehicle","Sunday","Day",2,2,"T intersection",3,70,"A",2014,"WAGON","MAZDA","Station Wagon","F",34,"30-39","Drivers"
"T20190020597","20/10/19",09:40:00,"Collision with vehicle","Sunday","Day",3,5,"Not at intersection",3,80,"A",2007,"SEDAN","TOYOTA","Car","M",34,"30-39","Drivers"
"T20190020597","20/10/19",09:40:00,"Collision with vehicle","Sunday","Day",3,5,"Not at intersection",3,80,"B",2010,"SEDAN","KIA","Car","F",25,"22-25","Drivers"
"T20190020597","20/10/19",09:40:00,"Collision with vehicle","Sunday","Day",3,5,"Not at intersection",3,80,"C",2013,"WAGON","MITSUB","Station Wagon","F",30,"30-39","Drivers"
"T20190020598","4/10/19",16:56:00,"Collision with vehicle","Friday","Unknown",2,2,"Cross intersection",3,999,"A",2012,"SEDAN","HYNDAI","Car","F",63,"60-64","Drivers"
"T20190020598","4/10/19",16:56:00,"Collision with vehicle","Friday","Unknown",2,2,"Cross intersection",3,999,"B",2004,"SEDAN","NISSAN","Car","M",37,"30-39","Drivers"
"T20190020599","20/10/19",11:39:00,"Collision with vehicle","Sunday","Day",2,2,"Not at intersection",3,60,"B",2019,"WAGON","VOLKS","Station Wagon","U",NA,"unknown","Drivers"
"T20190020600","20/10/19",09:40:00,"Collision with a fixed object","Sunday","Day",1,6,"Not at intersection",3,60,"A",2019,"WAGON","TOYOTA","Station Wagon","M",22,"22-25","Drivers"
"T20190020601","20/10/19",12:05:00,"Collision with vehicle","Sunday","Day",2,6,"Cross intersection",3,60,"A",2007,"SEDAN","FORD","Car","F",30,"30-39","Drivers"
"T20190020601","20/10/19",12:05:00,"Collision with vehicle","Sunday","Day",2,6,"Cross intersection",3,60,"B",2016,"WAGON","MAZDA","Station Wagon","M",46,"40-49","Drivers"
"T20190020603","20/10/19",12:55:00,"Collision with vehicle","Sunday","Day",3,4,"Not at intersection",3,60,"A",1999,"SEDAN","VOLVO","Car","M",71,"70+","Drivers"
"T20190020603","20/10/19",12:55:00,"Collision with vehicle","Sunday","Day",3,4,"Not at intersection",3,60,"B",2014,"WAGON","FORD","Station Wagon","F",34,"30-39","Drivers"
"T20190020603","20/10/19",12:55:00,"Collision with vehicle","Sunday","Day",3,4,"Not at intersection",3,60,"C",2008,"SEDAN","HOLDEN","Car","F",43,"40-49","Drivers"
"T20190020605","25/9/19",13:45:00,"Collision with vehicle","Wednesday","Day",2,3,"T intersection",3,60,"A",2010,"SEDAN","FORD","Car","F",34,"30-39","Drivers"
"T20190020605","25/9/19",13:45:00,"Collision with vehicle","Wednesday","Day",2,3,"T intersection",3,60,"B",2008,"VAN","FORD","Panel Van","M",24,"22-25","Drivers"
"T20190020606","20/10/19",13:15:00,"Collision with a fixed object","Sunday","Day",1,1,"Not at intersection",3,60,"A",2006,"SEDAN","HYNDAI","Car","M",27,"26-29","Drivers"
"T20190020607","20/10/19",12:55:00,"Collision with vehicle","Sunday","Day",2,2,"Not at intersection",3,40,"A",2012,"SEDAN","SUZUKI","Car","F",48,"40-49","Drivers"
"T20190020608","20/10/19",04:30:00,"Collision with a fixed object","Sunday","Dark No street lights",1,1,"Not at intersection",1,100,"A",2006,"SEDAN","HOLDEN","Car","M",35,"30-39","Drivers"
"T20190020609","18/10/19",18:30:00,"Collision with vehicle","Friday","Day",2,2,"Not at intersection",3,60,"B",2006,"SED","HOLDEN","Car","F",22,"22-25","Drivers"
"T20190020610","16/10/19",20:15:00,"Collision with vehicle","Wednesday","Dusk/Dawn",3,4,"Not at intersection",3,60,"A",2004,"COUPE","BENT","Car","M",76,"70+","Drivers"
"T20190020610","16/10/19",20:15:00,"Collision with vehicle","Wednesday","Dusk/Dawn",3,4,"Not at intersection",3,60,"B",1994,"COUPE","TOYOTA","Car","M",19,"17-21","Drivers"
"T20190020610","16/10/19",20:15:00,"Collision with vehicle","Wednesday","Dusk/Dawn",3,4,"Not at intersection",3,60,"C",2013,"WAGON","JEEP","Station Wagon","M",44,"40-49","Drivers"
"T20190020611","20/10/19",14:10:00,"Collision with vehicle","Sunday","Day",3,8,"T intersection",3,60,"A",2015,"WAGON","MAZDA","Station Wagon","M",30,"30-39","Drivers"
"T20190020611","20/10/19",14:10:00,"Collision with vehicle","Sunday","Day",3,8,"T intersection",3,60,"B",2012,"SEDAN","FORD","Car","M",39,"30-39","Drivers"
"T20190020611","20/10/19",14:10:00,"Collision with vehicle","Sunday","Day",3,8,"T intersection",3,60,"C",2016,"WAGON","HOLDEN","Station Wagon","F",53,"50-59","Drivers"
"T20190020612","20/10/19",14:20:00,"Collision with vehicle","Sunday","Day",2,2,"T intersection",3,80,"A",2018,"WAGON","AUDI","Station Wagon","M",29,"26-29","Drivers"
"T20190020614","20/10/19",15:41:00,"Collision with vehicle","Sunday","Day",2,4,"Cross intersection",3,100,"A",2015,"SEDAN","KIA","Car","F",26,"26-29","Drivers"
"T20190020614","20/10/19",15:41:00,"Collision with vehicle","Sunday","Day",2,4,"Cross intersection",3,100,"B",2017,"UTIL","ISUZU","Utility","M",57,"50-59","Drivers"
"T20190020616","20/10/19",10:00:00,"Collision with vehicle","Sunday","Day",2,3,"Not at intersection",3,60,"A",2015,"SEDAN","SUBARU","Car","F",58,"50-59","Drivers"
"T20190020616","20/10/19",10:00:00,"Collision with vehicle","Sunday","Day",2,3,"Not at intersection",3,60,"B",2004,"SEDAN","FORD","Car","M",87,"70+","Drivers"
"T20190020620","20/10/19",16:30:00,"Collision with vehicle","Sunday","Day",2,2,"T intersection",2,60,"B",2015,"WAGON","AUDI","Station Wagon","U",NA,"unknown","Drivers"
"T20190020621","20/10/19",15:10:00,"Collision with vehicle","Sunday","Day",2,3,"Cross intersection",3,80,"B",2018,"WAGON","TOYOTA","Station Wagon","M",41,"40-49","Drivers"
"T20190020621","20/10/19",15:10:00,"Collision with vehicle","Sunday","Day",2,3,"Cross intersection",3,80,"C",2007,"SEDAN","TOYOTA","Car","M",27,"26-29","Drivers"
"T20190020624","20/10/19",18:51:00,"Collision with vehicle","Sunday","Dusk/Dawn",2,2,"Cross intersection",3,60,"A",2018,"UTIL","HOLDEN","Utility","M",49,"40-49","Drivers"
"T20190020625","20/10/19",16:50:00,"Collision with vehicle","Sunday","Day",2,6,"T intersection",3,100,"A",2010,"DC UTE","TOYOTA","Utility","M",26,"26-29","Drivers"
"T20190020625","20/10/19",16:50:00,"Collision with vehicle","Sunday","Day",2,6,"T intersection",3,100,"B",2011,"SEDAN","HONDA","Car","F",50,"50-59","Drivers"
"T20190020627","20/10/19",20:05:00,"Collision with vehicle","Sunday","Dark Street lights on",2,3,"T intersection",3,60,"A",2015,"WAGON","MITSUB","Station Wagon","F",29,"26-29","Drivers"
"T20190020627","20/10/19",20:05:00,"Collision with vehicle","Sunday","Dark Street lights on",2,3,"T intersection",3,60,"B",2000,"TRAY","HOLDEN","Light Commercial Vehicle (Rigid) <= 4.5 Tonnes GVM","M",36,"30-39","Drivers"
"T20190020628","20/10/19",18:35:00,"Collision with vehicle","Sunday","Day",6,2,"Not at intersection",3,50,"A",2013,"UTIL","TOYOTA","Utility","M",20,"17-21","Drivers"
"T20190020629","17/10/19",17:50:00,"Collision with vehicle","Thursday","Day",2,2,"Multiple intersection",3,100,"A",2019,"WAGON","TOYOTA","Station Wagon","F",22,"22-25","Drivers"
"T20190020629","17/10/19",17:50:00,"Collision with vehicle","Thursday","Day",2,2,"Multiple intersection",3,100,"B",2016,"SEDAN","HONDA","Car","M",34,"30-39","Drivers"
"T20190020632","20/10/19",20:25:00,"Collision with a fixed object","Sunday","Dark No street lights",1,1,"Not at intersection",3,100,"A",1999,"SEDAN","MAZDA","Car","F",34,"30-39","Drivers"
"T20190020634","20/10/19",21:25:00,"Collision with vehicle","Sunday","Dark Street lights on",2,2,"Cross intersection",3,60,"A",2018,"WAGON","MAZDA","Station Wagon","M",19,"17-21","Drivers"
"T20190020634","20/10/19",21:25:00,"Collision with vehicle","Sunday","Dark Street lights on",2,2,"Cross intersection",3,60,"B",2009,"SEDAN","TOYOTA","Car","F",39,"30-39","Drivers"
"T20190020637","20/10/19",19:30:00,"Collision with a fixed object","Sunday","Dusk/Dawn",1,1,"Not at intersection",2,100,"A",2017,"COUPE","FORD","Car","F",53,"50-59","Drivers"
"T20190020638","20/10/19",22:00:00,"Struck animal","Sunday","Dark No street lights",1,1,"T intersection",3,100,"A",2006,"SEDAN","TOYOTA","Car","F",52,"50-59","Drivers"
"T20190020639","20/10/19",23:42:00,"Collision with vehicle","Sunday","Dark Street lights on",3,7,"Not at intersection",2,50,"A",2013,"WAGON","NISSAN","Station Wagon","M",50,"50-59","Drivers"
"T20190020639","20/10/19",23:42:00,"Collision with vehicle","Sunday","Dark Street lights on",3,7,"Not at intersection",2,50,"B",2014,"SEDAN","TOYOTA","Car","M",29,"26-29","Drivers"
"T20190020644","20/10/19",23:26:00,"Collision with a fixed object","Sunday","Dark Street lights on",1,1,"Not at intersection",3,60,"A",2019,"WAGON","MITSUB","Station Wagon","F",31,"30-39","Drivers"
"T20190020646","18/10/19",16:20:00,"Collision with vehicle","Friday","Day",2,2,"Not at intersection",3,50,"A",2015,"SEDAN","JAGUAR","Car","M",78,"70+","Drivers"
"T20190020649","21/10/19",08:20:00,"Collision with vehicle","Monday","Day",2,2,"Not at intersection",3,999,"A",2007,"UTIL","TOYOTA","Utility","M",52,"50-59","Drivers"
"T20190020650","21/10/19",04:45:00,"Collision with vehicle","Monday","Dark No street lights",2,2,"Y intersection",3,60,"A",2016,"WAGON","ISUZU","Station Wagon","F",34,"30-39","Drivers"
"T20190020650","21/10/19",04:45:00,"Collision with vehicle","Monday","Dark No street lights",2,2,"Y intersection",3,60,"B",2002,"SEDAN","HOLDEN","Car","M",34,"30-39","Drivers"
"T20190020653","21/10/19",11:03:00,"Collision with vehicle","Monday","Day",2,2,"Not at intersection",3,999,"A",2001,"COUPE","B M W","Car","M",45,"40-49","Drivers"
"T20190020653","21/10/19",11:03:00,"Collision with vehicle","Monday","Day",2,2,"Not at intersection",3,999,"B",2016,"WAGON","HYNDAI","Station Wagon","F",29,"26-29","Drivers"
"T20190020654","21/10/19",08:45:00,"Struck animal","Monday","Day",1,1,"Not at intersection",3,100,"A",2012,"WAGON","TOYOTA","Station Wagon","F",57,"50-59","Drivers"
"T20190020655","14/10/19",20:11:00,"Collision with vehicle","Monday","Dark Street lights on",2,2,"Not at intersection",3,100,"A",2000,"COUPE","MITSUB","Car","F",30,"30-39","Drivers"
"T20190020657","21/10/19",09:40:00,"Struck Pedestrian","Monday","Day",1,2,"T intersection",3,60,"A",1999,"WAGON","HONDA","Station Wagon","M",48,"40-49","Drivers"
"T20190020659","21/10/19",06:55:00,"Collision with vehicle","Monday","Day",2,2,"T intersection",3,50,"A",2008,"UTIL","TOYOTA","Utility","M",32,"30-39","Drivers"
"T20190020659","21/10/19",06:55:00,"Collision with vehicle","Monday","Day",2,2,"T intersection",3,50,"B",2019,"TRAY","HOLDEN","Light Commercial Vehicle (Rigid) <= 4.5 Tonnes GVM","F",23,"22-25","Drivers"
"T20190020661","21/10/19",06:40:00,"Collision with vehicle","Monday","Day",2,2,"Cross intersection",3,80,"A",2008,"SEDAN","FORD","Car","M",30,"30-39","Drivers"
"T20190020661","21/10/19",06:40:00,"Collision with vehicle","Monday","Day",2,2,"Cross intersection",3,80,"B",2016,"WAGON","KIA","Station Wagon","F",64,"60-64","Drivers"
"T20190020667","21/10/19",09:00:00,"Collision with vehicle","Monday","Day",2,2,"Not at intersection",3,40,"A",2003,"SED","HONDA","Car","F",34,"30-39","Drivers"
"T20190020667","21/10/19",09:00:00,"Collision with vehicle","Monday","Day",2,2,"Not at intersection",3,40,"B",2008,"SEDAN","TOYOTA","Car","F",64,"60-64","Drivers"
"T20190020670","21/10/19",11:40:00,"Collision with vehicle","Monday","Day",2,2,"Cross intersection",3,60,"A",2015,"SEDAN","VOLKS","Car","F",22,"22-25","Drivers"
"T20190020670","21/10/19",11:40:00,"Collision with vehicle","Monday","Day",2,2,"Cross intersection",3,60,"B",2012,"DC UTE","TOYOTA","Utility","M",29,"26-29","Drivers"
"T20190020672","21/10/19",12:51:00,"collision with some other object","Monday","Day",2,2,"Not at intersection",3,70,"A",2011,"S WAG","VOLKS","Station Wagon","F",27,"26-29","Drivers"