"ACCIDENT_NO","ACCIDENTDATE","ACCIDENTTIME","Accident Type Desc","Day Week Description","Light Condition Desc","NO_OF_VEHICLES","NO_PERSONS","Road Geometry Desc","SEVERITY","SPEED_ZONE","VEHICLE_ID","VEHICLE_YEAR_MANUF","VEHICLE_BODY_STYLE","VEHICLE_MAKE","Vehicle Type Desc","SEX","AGE","Age Group","Road User Type Desc"
"T20190020672","21/10/19",12:51:00,"collision with some other object","Monday","Day",2,2,"Not at intersection",3,70,"B",2017,"TIPPER","MACK","Heavy Vehicle (Rigid) > 4.5 Tonnes","M",64,"60-64","Drivers"
"T20190020673","21/10/19",13:36:00,"Collision with vehicle","Monday","Day",2,2,"T intersection",3,50,"A",2004,"SEDAN","HYNDAI","Car","M",39,"30-39","Drivers"
"T20190020675","4/4/19",17:20:00,"Collision with vehicle","Thursday","Day",2,2,"T intersection",2,60,"A",2013,"SEDAN","NISSAN","Car","U",NA,"unknown","Drivers"
"T20190020676","21/10/19",15:15:00,"Struck Pedestrian","Monday","Day",1,2,"T intersection",3,60,"A",2012,"SEDAN","HONDA","Car","F",67,"64-69","Drivers"
"T20190020678","19/10/19",20:55:00,"Collision with vehicle","Saturday","Dark No street lights",2,2,"Not at intersection",3,70,"A",2012,"SEDAN","MAZDA","Car","F",21,"17-21","Drivers"
"T20190020678","19/10/19",20:55:00,"Collision with vehicle","Saturday","Dark No street lights",2,2,"Not at intersection",3,70,"B",2012,"WAGON","VOLKS","Station Wagon","F",43,"40-49","Drivers"
"T20190020679","21/10/19",13:30:00,"Collision with vehicle","Monday","Day",3,3,"T intersection",3,60,"A",2008,"SEDAN","MAZDA","Car","F",46,"40-49","Drivers"
"T20190020679","21/10/19",13:30:00,"Collision with vehicle","Monday","Day",3,3,"T intersection",3,60,"B",2006,"SEDAN","MAZDA","Car","F",68,"64-69","Drivers"
"T20190020682","18/10/19",09:15:00,"Collision with vehicle","Friday","Day",2,2,"T intersection",3,40,"A",2016,"SEDAN","HOLDEN","Taxi","F",36,"30-39","Drivers"
"T20190020682","18/10/19",09:15:00,"Collision with vehicle","Friday","Day",2,2,"T intersection",3,40,"B",2011,"SEDAN","HOLDEN","Car","M",43,"40-49","Drivers"
"T20190020684","21/10/19",14:55:00,"Collision with vehicle","Monday","Day",2,2,"Not at intersection",1,60,"A",1989,"COUPE","MAZDA","Car","F",64,"60-64","Drivers"
"T20190020684","21/10/19",14:55:00,"Collision with vehicle","Monday","Day",2,2,"Not at intersection",1,60,"B",2010,"COUPE","HYNDAI","Car","M",73,"70+","Drivers"
"T20190020685","21/10/19",17:00:00,"Collision with vehicle","Monday","Day",2,5,"T intersection",2,100,"A",2004,"S WAG","HOLDEN","Station Wagon","F",38,"30-39","Drivers"
"T20190020685","21/10/19",17:00:00,"Collision with vehicle","Monday","Day",2,5,"T intersection",2,100,"B",2003,"SEDAN","HOLDEN","Car","F",32,"30-39","Drivers"
"T20190020687","21/10/19",16:08:00,"Collision with vehicle","Monday","Day",2,2,"T intersection",3,60,"A",2009,"WAGON","HONDA","Station Wagon","F",40,"40-49","Drivers"
"T20190020687","21/10/19",16:08:00,"Collision with vehicle","Monday","Day",2,2,"T intersection",3,60,"B",2017,"UTIL","MAZDA","Utility","M",47,"40-49","Drivers"
"T20190020688","21/10/19",17:50:00,"Collision with vehicle","Monday","Dusk/Dawn",2,2,"Not at intersection",3,100,"A",2000,"SEDAN","NISSAN","Car","M",51,"50-59","Drivers"
"T20190020688","21/10/19",17:50:00,"Collision with vehicle","Monday","Dusk/Dawn",2,2,"Not at intersection",3,100,"B",2002,"SEDAN","HOLDEN","Car","M",60,"60-64","Drivers"
"T20190020691","21/10/19",17:00:00,"Collision with vehicle","Monday","Day",2,2,"Cross intersection",3,50,"A",2009,"COUPE","HYNDAI","Car","F",26,"26-29","Drivers"
"T20190020691","21/10/19",17:00:00,"Collision with vehicle","Monday","Day",2,2,"Cross intersection",3,50,"B",2006,"WAGON","HONDA","Station Wagon","M",22,"22-25","Drivers"
"T20190020692","8/10/19",20:55:00,"Collision with vehicle","Tuesday","Dark Street lights on",2,2,"Not at intersection",3,40,"A",2017,"SEDAN","TOYOTA","Car","M",37,"30-39","Drivers"
"T20190020694","21/10/19",16:32:00,"Collision with vehicle","Monday","Day",2,2,"Not at intersection",3,60,"A",2010,"WAGON","VOLVO","Station Wagon","F",62,"60-64","Drivers"
"T20190020694","21/10/19",16:32:00,"Collision with vehicle","Monday","Day",2,2,"Not at intersection",3,60,"B",2006,"SEDAN","HOLDEN","Car","M",40,"40-49","Drivers"
"T20190020697","21/10/19",18:25:00,"Collision with vehicle","Monday","Day",3,3,"Not at intersection",3,50,"A",2015,"UTIL","FORD","Utility","M",25,"22-25","Drivers"
"T20190020697","21/10/19",18:25:00,"Collision with vehicle","Monday","Day",3,3,"Not at intersection",3,50,"B",2019,"WAGON","TOYOTA","Station Wagon","M",40,"40-49","Drivers"
"T20190020698","21/10/19",18:00:00,"Collision with vehicle","Monday","Dusk/Dawn",4,4,"Not at intersection",3,80,"A",2014,"SEDAN","VOLVO","Car","M",48,"40-49","Drivers"
"T20190020698","21/10/19",18:00:00,"Collision with vehicle","Monday","Dusk/Dawn",4,4,"Not at intersection",3,80,"B",2016,"UTIL","HOLDEN","Utility","M",74,"70+","Drivers"
"T20190020698","21/10/19",18:00:00,"Collision with vehicle","Monday","Dusk/Dawn",4,4,"Not at intersection",3,80,"C",2005,"SEDAN","HOLDEN","Car","F",71,"70+","Drivers"
"T20190020698","21/10/19",18:00:00,"Collision with vehicle","Monday","Dusk/Dawn",4,4,"Not at intersection",3,80,"D",2017,"VAN","HYNDAI","Panel Van","M",26,"26-29","Drivers"
"T20190020700","21/10/19",19:35:00,"Collision with vehicle","Monday","Dusk/Dawn",2,2,"T intersection",3,40,"A",2014,"SED","TOYOTA","Car","F",29,"26-29","Drivers"
"T20190020701","21/10/19",19:11:00,"Collision with vehicle","Monday","Dusk/Dawn",2,3,"T intersection",3,80,"A",2012,"SEDAN","HYNDAI","Car","F",22,"22-25","Drivers"
"T20190020701","21/10/19",19:11:00,"Collision with vehicle","Monday","Dusk/Dawn",2,3,"T intersection",3,80,"B",2019,"SEDAN","HYNDAI","Car","F",62,"60-64","Drivers"
"T20190020702","21/10/19",19:08:00,"Collision with a fixed object","Monday","Day",1,1,"T intersection",3,50,"A",2006,"SED","FORD","Car","M",25,"22-25","Drivers"
"T20190020704","21/10/19",19:00:00,"Collision with vehicle","Monday","Day",2,2,"Not at intersection",3,60,"A",2014,"SEDAN","SUZUKI","Car","F",66,"64-69","Drivers"
"T20190020704","21/10/19",19:00:00,"Collision with vehicle","Monday","Day",2,2,"Not at intersection",3,60,"B",1996,"SEDAN","HOLDEN","Car","M",26,"26-29","Drivers"
"T20190020707","21/10/19",15:35:00,"Struck Pedestrian","Monday","Day",1,2,"T intersection",3,40,"A",2012,"SEDAN","HOLDEN","Taxi","M",44,"40-49","Drivers"
"T20190020708","21/10/19",21:31:00,"Collision with a fixed object","Monday","Dark No street lights",1,2,"Not at intersection",3,100,"A",2010,"SEDAN","REN","Car","M",33,"30-39","Drivers"
"T20190020710","21/10/19",21:45:00,"Collision with vehicle","Monday","Dark Street lights on",2,3,"Not at intersection",3,60,"A",1999,"T SDS","HOLDEN","Utility","U",NA,"unknown","Drivers"
"T20190020710","21/10/19",21:45:00,"Collision with vehicle","Monday","Dark Street lights on",2,3,"Not at intersection",3,60,"B",2007,"SEDAN","TOYOTA","Car","F",20,"17-21","Drivers"
"T20190020711","15/10/19",18:16:00,"Struck Pedestrian","Tuesday","Day",1,2,"Not at intersection",3,30,"A",2013,"SEDAN","TOYOTA","Taxi","M",35,"30-39","Drivers"
"T20190020715","22/10/19",01:57:00,"Collision with a fixed object","Tuesday","Dark Street lights on",1,3,"T intersection",2,50,"A",2006,"SED","HOLDEN","Car","M",20,"17-21","Drivers"
"T20190020717","4/10/19",18:30:00,"Collision with vehicle","Friday","Dark Street lights unknown",2,2,"Not at intersection",3,100,"A",2016,"COUPE","FORD","Car","M",28,"26-29","Drivers"
"T20190020717","4/10/19",18:30:00,"Collision with vehicle","Friday","Dark Street lights unknown",2,2,"Not at intersection",3,100,"B",2009,"VAN","HYNDAI","Panel Van","M",58,"50-59","Drivers"
"T20190020718","21/10/19",12:42:00,"Collision with vehicle","Monday","Day",2,2,"Not at intersection",3,80,"A",2018,"WAGON","MITSUB","Station Wagon","F",22,"22-25","Drivers"
"T20190020718","21/10/19",12:42:00,"Collision with vehicle","Monday","Day",2,2,"Not at intersection",3,80,"B",2018,"SEDAN","TOYOTA","Car","F",40,"40-49","Drivers"
"T20190020719","21/10/19",18:45:00,"Collision with a fixed object","Monday","Dusk/Dawn",1,2,"Not at intersection",3,50,"A",2009,"SEDAN","TOYOTA","Car","U",NA,"unknown","Drivers"
"T20190020720","21/10/19",18:45:00,"Struck Pedestrian","Monday","Dusk/Dawn",1,4,"T intersection",2,50,"A",2015,"SEDAN","REN","Car","M",16,"16-17","Drivers"
"T20190020722","21/10/19",09:30:00,"Collision with vehicle","Monday","Day",3,4,"Cross intersection",3,50,"A",2013,"VAN","REN","Panel Van","M",38,"30-39","Drivers"
"T20190020722","21/10/19",09:30:00,"Collision with vehicle","Monday","Day",3,4,"Cross intersection",3,50,"B",2015,"WAGON","REN","Station Wagon","M",39,"30-39","Drivers"
"T20190020724","22/10/19",06:20:00,"Collision with vehicle","Tuesday","Dark Street lights unknown",2,4,"Cross intersection",3,80,"A",1998,"SEDAN","MERC B","Car","M",64,"60-64","Drivers"
"T20190020724","22/10/19",06:20:00,"Collision with vehicle","Tuesday","Dark Street lights unknown",2,4,"Cross intersection",3,80,"B",2004,"SEDAN","TOYOTA","Car","M",24,"22-25","Drivers"
"T20190020726","22/10/19",08:30:00,"Collision with vehicle","Tuesday","Day",2,2,"Cross intersection",3,80,"A",2014,"SEDAN","HYNDAI","Car","F",49,"40-49","Drivers"
"T20190020726","22/10/19",08:30:00,"Collision with vehicle","Tuesday","Day",2,2,"Cross intersection",3,80,"B",2015,"WAGON","MITSUB","Station Wagon","M",63,"60-64","Drivers"
"T20190020728","23/9/19",17:00:00,"Collision with vehicle","Monday","Day",2,2,"Not at intersection",3,100,"A",2002,"SEDAN","HOLDEN","Car","F",28,"26-29","Drivers"
"T20190020728","23/9/19",17:00:00,"Collision with vehicle","Monday","Day",2,2,"Not at intersection",3,100,"B",2015,"WAGON","TOYOTA","Station Wagon","M",47,"40-49","Drivers"
"T20190020729","21/10/19",20:52:00,"Collision with vehicle","Monday","Dark Street lights on",2,2,"Cross intersection",3,60,"A",2015,"WAGON","HYNDAI","Station Wagon","F",82,"70+","Drivers"
"T20190020729","21/10/19",20:52:00,"Collision with vehicle","Monday","Dark Street lights on",2,2,"Cross intersection",3,60,"B",2006,"SEDAN","B M W","Car","F",23,"22-25","Drivers"
"T20190020730","22/10/19",07:52:00,"Collision with vehicle","Tuesday","Day",2,2,"Multiple intersection",3,60,"A",2013,"WAGON","JEEP","Station Wagon","M",48,"40-49","Drivers"
"T20190020732","18/10/19",20:30:00,"Struck animal","Friday","Dark No street lights",1,2,"Not at intersection",3,100,"A",2012,"SEDAN","TOYOTA","Car","M",60,"60-64","Drivers"
"T20190020735","22/10/19",09:16:00,"Collision with vehicle","Tuesday","Day",2,2,"Cross intersection",3,50,"A",2010,"WAGON","HOLDEN","Station Wagon","F",37,"30-39","Drivers"
"T20190020737","21/10/19",17:15:00,"Collision with vehicle","Monday","Day",2,2,"Multiple intersection",3,60,"A",2017,"SEDAN","MITSUB","Car","M",35,"30-39","Drivers"
"T20190020737","21/10/19",17:15:00,"Collision with vehicle","Monday","Day",2,2,"Multiple intersection",3,60,"B",2010,"WAGON","MITSUB","Station Wagon","F",39,"30-39","Drivers"
"T20190020739","22/10/19",08:45:00,"Collision with vehicle","Tuesday","Day",3,4,"Not at intersection",3,100,"A",2010,"TRAY","MITSUB","Light Commercial Vehicle (Rigid) <= 4.5 Tonnes GVM","M",30,"30-39","Drivers"
"T20190020739","22/10/19",08:45:00,"Collision with vehicle","Tuesday","Day",3,4,"Not at intersection",3,100,"B",2013,"WAGON","TOYOTA","Station Wagon","F",37,"30-39","Drivers"
"T20190020739","22/10/19",08:45:00,"Collision with vehicle","Tuesday","Day",3,4,"Not at intersection",3,100,"C",2006,"SEDAN","HYNDAI","Car","F",19,"17-21","Drivers"
"T20190020742","14/10/19",17:53:00,"Collision with vehicle","Monday","Unknown",2,3,"T intersection",3,60,"A",2013,"WAGON","SUBARU","Station Wagon","F",52,"50-59","Drivers"
"T20190020742","14/10/19",17:53:00,"Collision with vehicle","Monday","Unknown",2,3,"T intersection",3,60,"B",2006,"VAN","SUBARU","Panel Van","M",19,"17-21","Drivers"
"T20190020743","18/10/19",15:13:00,"Collision with vehicle","Friday","Day",2,2,"Not at intersection",3,80,"A",2000,"SEDAN","FORD","Car","M",49,"40-49","Drivers"
"T20190020743","18/10/19",15:13:00,"Collision with vehicle","Friday","Day",2,2,"Not at intersection",3,80,"B",2012,"WAGON","FORD","Station Wagon","M",66,"64-69","Drivers"
"T20190020744","22/10/19",10:45:00,"Collision with vehicle","Tuesday","Day",2,3,"T intersection",3,50,"A",2012,"S WAG","HOLDEN","Station Wagon","M",63,"60-64","Drivers"
"T20190020745","18/10/19",16:08:00,"Collision with vehicle","Friday","Day",2,3,"Not at intersection",3,60,"A",2017,"SEDAN","KIA","Car","F",69,"64-69","Drivers"
"T20190020745","18/10/19",16:08:00,"Collision with vehicle","Friday","Day",2,3,"Not at intersection",3,60,"B",2019,"WAGON","TOYOTA","Station Wagon","F",35,"30-39","Drivers"
"T20190020746","22/10/19",11:10:00,"Collision with vehicle","Tuesday","Unknown",2,2,"Not at intersection",3,999,"A",1996,"WAGON","TOYOTA","Station Wagon","M",46,"40-49","Drivers"
"T20190020746","22/10/19",11:10:00,"Collision with vehicle","Tuesday","Unknown",2,2,"Not at intersection",3,999,"B",2007,"SEDAN","NISSAN","Car","F",60,"60-64","Drivers"
"T20190020747","22/10/19",09:20:00,"Collision with vehicle","Tuesday","Day",2,2,"Not at intersection",3,60,"A",2011,"SEDAN","HONDA","Car","M",22,"22-25","Drivers"
"T20190020747","22/10/19",09:20:00,"Collision with vehicle","Tuesday","Day",2,2,"Not at intersection",3,60,"B",2007,"SEDAN","SUBARU","Car","M",19,"17-21","Drivers"
"T20190020748","17/10/19",09:40:00,"Collision with vehicle","Thursday","Day",2,3,"Not at intersection",3,80,"A",2009,"SEDAN","VOLKS","Car","M",21,"17-21","Drivers"
"T20190020748","17/10/19",09:40:00,"Collision with vehicle","Thursday","Day",2,3,"Not at intersection",3,80,"B",2009,"WAGON","TOYOTA","Station Wagon","M",52,"50-59","Drivers"
"T20190020749","20/10/19",05:30:00,"Vehicle overturned (no collision)","Sunday","Dark No street lights",1,1,"Not at intersection",3,100,"A",2014,"P MVR","WESTER","Prime Mover - Single Trailer","M",45,"40-49","Drivers"
"T20190020750","22/10/19",08:49:00,"Collision with vehicle","Tuesday","Day",2,4,"Not at intersection",3,60,"A",2008,"SEDAN","FORD","Car","F",29,"26-29","Drivers"
"T20190020750","22/10/19",08:49:00,"Collision with vehicle","Tuesday","Day",2,4,"Not at intersection",3,60,"B",2011,"TOURER","REN","Car","F",21,"17-21","Drivers"
"T20190020754","9/9/19",08:30:00,"Collision with vehicle","Monday","Day",2,2,"Not at intersection",3,40,"A",2013,"SEDAN","LEXUS","Car","M",67,"64-69","Drivers"
"T20190020756","25/9/19",13:00:00,"Collision with vehicle","Wednesday","Day",2,2,"Cross intersection",3,80,"B",2003,"P MVR","KENWTH","Prime Mover Only","M",55,"50-59","Drivers"
"T20190020757","21/10/19",15:30:00,"Collision with vehicle","Monday","Day",2,2,"Cross intersection",3,50,"A",2014,"SEDAN","SUBARU","Car","F",60,"60-64","Drivers"
"T20190020757","21/10/19",15:30:00,"Collision with vehicle","Monday","Day",2,2,"Cross intersection",3,50,"B",2012,"SEDAN","HYNDAI","Car","M",24,"22-25","Drivers"
"T20190020758","7/8/19",08:30:00,"Collision with vehicle","Wednesday","Day",2,2,"Not at intersection",3,50,"A",2016,"WAGON","MAZDA","Station Wagon","M",70,"70+","Drivers"
"T20190020758","7/8/19",08:30:00,"Collision with vehicle","Wednesday","Day",2,2,"Not at intersection",3,50,"B",2014,"SEDAN","TOYOTA","Car","F",39,"30-39","Drivers"
"T20190020760","30/9/19",13:00:00,"No collision and no object struck","Monday","Day",2,2,"Cross intersection",3,50,"B",0,"COUPE","UNKN","Car","U",NA,"unknown","Drivers"
"T20190020761","17/10/19",15:15:00,"Collision with vehicle","Thursday","Day",2,2,"Not at intersection",3,80,"A",2013,"COUPE","TOYOTA","Car","M",41,"40-49","Drivers"
"T20190020761","17/10/19",15:15:00,"Collision with vehicle","Thursday","Day",2,2,"Not at intersection",3,80,"B",2007,"TIPPER","F LINE","Light Commercial Vehicle (Rigid) <= 4.5 Tonnes GVM","M",42,"40-49","Drivers"
"T20190020762","22/10/19",13:30:00,"Collision with vehicle","Tuesday","Day",2,2,"Cross intersection",3,60,"A",2018,"SEDAN","MAZDA","Car","M",66,"64-69","Drivers"
"T20190020762","22/10/19",13:30:00,"Collision with vehicle","Tuesday","Day",2,2,"Cross intersection",3,60,"B",2010,"SEDAN","MAZDA","Car","F",60,"60-64","Drivers"
"T20190020763","21/10/19",16:20:00,"Collision with vehicle","Monday","Day",2,4,"T intersection",3,60,"A",2016,"WAGON","NISSAN","Station Wagon","F",49,"40-49","Drivers"
"T20190020763","21/10/19",16:20:00,"Collision with vehicle","Monday","Day",2,4,"T intersection",3,60,"B",2008,"DC UTE","NISSAN","Utility","M",23,"22-25","Drivers"
"T20190020764","22/10/19",13:36:00,"Collision with vehicle","Tuesday","Day",2,3,"Not at intersection",3,60,"A",2001,"SEDAN","HOLDEN","Car","F",26,"26-29","Drivers"
"T20190020764","22/10/19",13:36:00,"Collision with vehicle","Tuesday","Day",2,3,"Not at intersection",3,60,"B",2007,"SEDAN","FORD","Car","F",79,"70+","Drivers"
"T20190020768","22/10/19",10:00:00,"Collision with a fixed object","Tuesday","Day",1,1,"Not at intersection",3,60,"A",2006,"SED","TOYOTA","Car","F",52,"50-59","Drivers"
"T20190020770","12/10/19",18:40:00,"Collision with vehicle","Saturday","Dusk/Dawn",3,3,"Cross intersection",3,100,"A",2013,"SEDAN","TOYOTA","Car","M",27,"26-29","Drivers"
"T20190020770","12/10/19",18:40:00,"Collision with vehicle","Saturday","Dusk/Dawn",3,3,"Cross intersection",3,100,"B",2009,"SEDAN","HYNDAI","Car","F",35,"30-39","Drivers"
"T20190020770","12/10/19",18:40:00,"Collision with vehicle","Saturday","Dusk/Dawn",3,3,"Cross intersection",3,100,"C",2012,"SEDAN","TOYOTA","Car","M",25,"22-25","Drivers"
"T20190020771","23/9/19",06:45:00,"Collision with vehicle","Monday","Unknown",2,2,"Not at intersection",3,60,"A",2006,"UTIL","TOYOTA","Utility","M",36,"30-39","Drivers"
"T20190020771","23/9/19",06:45:00,"Collision with vehicle","Monday","Unknown",2,2,"Not at intersection",3,60,"B",0,"SED","HOLDEN","Car","M",20,"17-21","Drivers"
"T20190020772","22/10/19",15:50:00,"Collision with vehicle","Tuesday","Day",2,4,"Cross intersection",3,50,"A",2005,"SEDAN","HOLDEN","Car","M",36,"30-39","Drivers"
"T20190020772","22/10/19",15:50:00,"Collision with vehicle","Tuesday","Day",2,4,"Cross intersection",3,50,"B",2013,"WAGON","TOYOTA","Station Wagon","F",38,"30-39","Drivers"
"T20190020775","22/10/19",17:28:00,"Collision with vehicle","Tuesday","Day",2,2,"Cross intersection",3,50,"B",2013,"WAGON","VOLKS","Station Wagon","F",45,"40-49","Drivers"
"T20190020776","22/10/19",16:00:00,"Collision with vehicle","Tuesday","Day",2,2,"Cross intersection",3,50,"A",2015,"SEDAN","HOLDEN","Car","M",18,"17-21","Drivers"
"T20190020776","22/10/19",16:00:00,"Collision with vehicle","Tuesday","Day",2,2,"Cross intersection",3,50,"B",2010,"WAGON","VOLKS","Station Wagon","F",37,"30-39","Drivers"
"T20190020777","22/10/19",16:30:00,"Struck Pedestrian","Tuesday","Day",1,2,"Not at intersection",3,60,"A",2017,"VAN","ISUZU","Heavy Vehicle (Rigid) > 4.5 Tonnes","M",30,"30-39","Drivers"
"T20190020779","22/10/19",14:50:00,"Collision with vehicle","Tuesday","Day",2,2,"Cross intersection",3,999,"A",2019,"DC UTE","MAZDA","Utility","M",33,"30-39","Drivers"
"T20190020779","22/10/19",14:50:00,"Collision with vehicle","Tuesday","Day",2,2,"Cross intersection",3,999,"B",2005,"S WAG","HOLDEN","Station Wagon","M",84,"70+","Drivers"
"T20190020781","22/10/19",15:08:00,"Collision with a fixed object","Tuesday","Day",2,2,"Not at intersection",3,100,"A",2006,"S WAG","SUBARU","Station Wagon","F",71,"70+","Drivers"
"T20190020781","22/10/19",15:08:00,"Collision with a fixed object","Tuesday","Day",2,2,"Not at intersection",3,100,"B",2017,"UTIL","MAZDA","Utility","M",27,"26-29","Drivers"
"T20190020784","22/10/19",19:00:00,"Collision with vehicle","Tuesday","Dark Street lights on",2,2,"T intersection",3,40,"B",2016,"WAGON","TOYOTA","Station Wagon","M",47,"40-49","Drivers"
"T20190020792","22/10/19",16:42:00,"Collision with vehicle","Tuesday","Day",4,4,"Not at intersection",3,100,"A",2013,"WAGON","HOLDEN","Station Wagon","F",52,"50-59","Drivers"
"T20190020792","22/10/19",16:42:00,"Collision with vehicle","Tuesday","Day",4,4,"Not at intersection",3,100,"B",2009,"TRAY","MAZDA","Light Commercial Vehicle (Rigid) <= 4.5 Tonnes GVM","M",61,"60-64","Drivers"
"T20190020792","22/10/19",16:42:00,"Collision with vehicle","Tuesday","Day",4,4,"Not at intersection",3,100,"C",2015,"WAGON","UNKN","Station Wagon","F",35,"30-39","Drivers"
"T20190020792","22/10/19",16:42:00,"Collision with vehicle","Tuesday","Day",4,4,"Not at intersection",3,100,"D",2016,"VAN","VOLKS","Panel Van","M",42,"40-49","Drivers"
"T20190020795","22/10/19",15:15:00,"Collision with vehicle","Tuesday","Day",3,3,"Cross intersection",3,60,"A",2013,"VAN","MERC B","Panel Van","M",20,"17-21","Drivers"
"T20190020795","22/10/19",15:15:00,"Collision with vehicle","Tuesday","Day",3,3,"Cross intersection",3,60,"B",2013,"WAGON","HYNDAI","Station Wagon","F",57,"50-59","Drivers"
"T20190020795","22/10/19",15:15:00,"Collision with vehicle","Tuesday","Day",3,3,"Cross intersection",3,60,"C",2016,"SEDAN","HONDA","Car","M",82,"70+","Drivers"
"T20190020798","22/10/19",19:16:00,"Collision with vehicle","Tuesday","Dusk/Dawn",3,5,"T intersection",3,60,"A",0,"S WAG","MITSUB","Station Wagon","F",37,"30-39","Drivers"
"T20190020798","22/10/19",19:16:00,"Collision with vehicle","Tuesday","Dusk/Dawn",3,5,"T intersection",3,60,"B",2005,"VAN","MITSUB","Panel Van","M",31,"30-39","Drivers"
"T20190020798","22/10/19",19:16:00,"Collision with vehicle","Tuesday","Dusk/Dawn",3,5,"T intersection",3,60,"C",2018,"SEDAN","MERC B","Car","M",39,"30-39","Drivers"
"T20190020800","22/10/19",23:30:00,"Collision with vehicle","Tuesday","Dark Street lights on",2,4,"Not at intersection",3,60,"B",2001,"SEDAN","HOLDEN","Car","M",19,"17-21","Drivers"
"T20190020804","22/10/19",23:32:00,"Collision with a fixed object","Tuesday","Dark Street lights on",1,1,"T intersection",2,50,"A",2015,"TOURER","VOLKS","Car","M",60,"60-64","Drivers"
"T20190020805","23/10/19",01:42:00,"Collision with vehicle","Wednesday","Dark Street lights on",2,3,"Not at intersection",3,80,"A",2008,"WAGON","SUZUKI","Station Wagon","M",22,"22-25","Drivers"
"T20190020805","23/10/19",01:42:00,"Collision with vehicle","Wednesday","Dark Street lights on",2,3,"Not at intersection",3,80,"B",2019,"WAGON","VOLKS","Station Wagon","M",22,"22-25","Drivers"
"T20190020806","23/10/19",02:30:00,"Collision with vehicle","Wednesday","Dark Street lights on",3,4,"Cross intersection",3,60,"A",2012,"DC UTE","VOLKS","Utility","M",20,"17-21","Drivers"
"T20190020806","23/10/19",02:30:00,"Collision with vehicle","Wednesday","Dark Street lights on",3,4,"Cross intersection",3,60,"B",2019,"SEDAN","TOYOTA","Taxi","M",26,"26-29","Drivers"
"T20190020808","21/10/19",17:20:00,"Collision with vehicle","Monday","Day",3,3,"Not at intersection",3,60,"A",2004,"SEDAN","HOLDEN","Car","F",23,"22-25","Drivers"
"T20190020808","21/10/19",17:20:00,"Collision with vehicle","Monday","Day",3,3,"Not at intersection",3,60,"B",2017,"WAGON","SUBARU","Station Wagon","F",57,"50-59","Drivers"
"T20190020808","21/10/19",17:20:00,"Collision with vehicle","Monday","Day",3,3,"Not at intersection",3,60,"C",2016,"UTIL","NISSAN","Utility","M",31,"30-39","Drivers"
"T20190020810","22/10/19",13:50:00,"Collision with vehicle","Tuesday","Day",3,3,"Not at intersection",3,70,"A",2018,"WAGON","NISSAN","Station Wagon","F",34,"30-39","Drivers"
"T20190020810","22/10/19",13:50:00,"Collision with vehicle","Tuesday","Day",3,3,"Not at intersection",3,70,"B",2005,"SEDAN","HYNDAI","Car","F",64,"60-64","Drivers"
"T20190020810","22/10/19",13:50:00,"Collision with vehicle","Tuesday","Day",3,3,"Not at intersection",3,70,"C",1999,"SEDAN","TOYOTA","Car","F",44,"40-49","Drivers"
"T20190020811","11/9/19",11:00:00,"Collision with vehicle","Wednesday","Day",2,2,"Not at intersection",3,50,"A",2005,"SEDAN","HOLDEN","Car","F",45,"40-49","Drivers"
"T20190020811","11/9/19",11:00:00,"Collision with vehicle","Wednesday","Day",2,2,"Not at intersection",3,50,"B",1986,"VAN","TOYOTA","Panel Van","M",87,"70+","Drivers"
"T20190020813","22/10/19",13:48:00,"Collision with vehicle","Tuesday","Day",2,2,"Not at intersection",3,60,"A",1994,"VAN","FORD","Panel Van","M",52,"50-59","Drivers"
"T20190020813","22/10/19",13:48:00,"Collision with vehicle","Tuesday","Day",2,2,"Not at intersection",3,60,"B",0,"SEDAN","HOLDEN","Car","F",65,"64-69","Drivers"
"T20190020814","12/5/19",20:30:00,"Collision with vehicle","Sunday","Dark Street lights on",2,2,"Cross intersection",3,60,"A",2007,"SEDAN","KIA","Car","F",38,"30-39","Drivers"
"T20190020814","12/5/19",20:30:00,"Collision with vehicle","Sunday","Dark Street lights on",2,2,"Cross intersection",3,60,"B",2005,"WAGON","TOYOTA","Station Wagon","F",42,"40-49","Drivers"
"T20190020815","23/10/19",06:45:00,"Collision with vehicle","Wednesday","Day",2,2,"Cross intersection",3,60,"A",0,"S WAG","TOYOTA","Station Wagon","M",63,"60-64","Drivers"
"T20190020815","23/10/19",06:45:00,"Collision with vehicle","Wednesday","Day",2,2,"Cross intersection",3,60,"B",2017,"TIPPER","KENWTH","Heavy Vehicle (Rigid) > 4.5 Tonnes","M",50,"50-59","Drivers"
"T20190020817","23/10/19",07:45:00,"Collision with vehicle","Wednesday","Day",4,4,"Not at intersection",3,70,"A",2016,"VAN","MERC B","Panel Van","M",24,"22-25","Drivers"
"T20190020817","23/10/19",07:45:00,"Collision with vehicle","Wednesday","Day",4,4,"Not at intersection",3,70,"B",2015,"SEDAN","SUZUKI","Car","F",31,"30-39","Drivers"
"T20190020817","23/10/19",07:45:00,"Collision with vehicle","Wednesday","Day",4,4,"Not at intersection",3,70,"C",2014,"SEDAN","MAZDA","Car","F",69,"64-69","Drivers"
"T20190020817","23/10/19",07:45:00,"Collision with vehicle","Wednesday","Day",4,4,"Not at intersection",3,70,"D",2010,"DC UTE","TOYOTA","Utility","M",24,"22-25","Drivers"