"ACCIDENT_NO","ACCIDENTDATE","ACCIDENTTIME","Accident Type Desc","Day Week Description","Light Condition Desc","NO_OF_VEHICLES","NO_PERSONS","Road Geometry Desc","SEVERITY","SPEED_ZONE","VEHICLE_ID","VEHICLE_YEAR_MANUF","VEHICLE_BODY_STYLE","VEHICLE_MAKE","Vehicle Type Desc","SEX","AGE","Age Group","Road User Type Desc"
"T20190020818","23/10/19",08:25:00,"Collision with vehicle","Wednesday","Day",2,2,"T intersection",3,60,"A",2014,"SEDAN","MAZDA","Car","F",50,"50-59","Drivers"
"T20190020818","23/10/19",08:25:00,"Collision with vehicle","Wednesday","Day",2,2,"T intersection",3,60,"B",2009,"WAGON","NISSAN","Station Wagon","F",57,"50-59","Drivers"
"T20190020819","22/10/19",18:02:00,"Collision with vehicle","Tuesday","Day",2,2,"Not at intersection",3,999,"B",2015,"TOURER","MERC B","Car","M",51,"50-59","Drivers"
"T20190020820","23/10/19",07:30:00,"Collision with vehicle","Wednesday","Day",2,2,"Not at intersection",3,100,"A",2014,"SEDAN","TOYOTA","Car","M",35,"30-39","Drivers"
"T20190020820","23/10/19",07:30:00,"Collision with vehicle","Wednesday","Day",2,2,"Not at intersection",3,100,"B",2013,"SEDAN","VOLKS","Car","F",32,"30-39","Drivers"
"T20190020821","23/10/19",08:20:00,"Collision with vehicle","Wednesday","Day",5,5,"Not at intersection",3,100,"A",2012,"SKIP C","MITSUB","Heavy Vehicle (Rigid) > 4.5 Tonnes","M",32,"30-39","Drivers"
"T20190020821","23/10/19",08:20:00,"Collision with vehicle","Wednesday","Day",5,5,"Not at intersection",3,100,"B",2007,"SEDAN","TOYOTA","Car","F",27,"26-29","Drivers"
"T20190020821","23/10/19",08:20:00,"Collision with vehicle","Wednesday","Day",5,5,"Not at intersection",3,100,"C",2007,"TOURER","HOLDEN","Car","F",25,"22-25","Drivers"
"T20190020821","23/10/19",08:20:00,"Collision with vehicle","Wednesday","Day",5,5,"Not at intersection",3,100,"D",2017,"WAGON","VOLKS","Station Wagon","F",40,"40-49","Drivers"
"T20190020821","23/10/19",08:20:00,"Collision with vehicle","Wednesday","Day",5,5,"Not at intersection",3,100,"E",0,"T SDS","UNKN","Light Commercial Vehicle (Rigid) <= 4.5 Tonnes GVM","U",NA,"unknown","Drivers"
"T20190020822","28/7/19",19:23:00,"Collision with vehicle","Sunday","Dark Street lights on",2,2,"Cross intersection",3,50,"A",2008,"SEDAN","HOLDEN","Car","M",19,"17-21","Drivers"
"T20190020822","28/7/19",19:23:00,"Collision with vehicle","Sunday","Dark Street lights on",2,2,"Cross intersection",3,50,"B",2008,"SEDAN","UNKN","Car","F",22,"22-25","Drivers"
"T20190020823","23/10/19",09:25:00,"Collision with vehicle","Wednesday","Day",3,4,"Not at intersection",3,60,"A",2013,"SEDAN","KIA","Car","F",20,"17-21","Drivers"
"T20190020823","23/10/19",09:25:00,"Collision with vehicle","Wednesday","Day",3,4,"Not at intersection",3,60,"B",2013,"WAGON","NISSAN","Station Wagon","F",48,"40-49","Drivers"
"T20190020823","23/10/19",09:25:00,"Collision with vehicle","Wednesday","Day",3,4,"Not at intersection",3,60,"C",2010,"WAGON","HONDA","Station Wagon","M",56,"50-59","Drivers"
"T20190020825","22/10/19",13:25:00,"Collision with vehicle","Tuesday","Day",4,6,"Not at intersection",3,60,"A",2008,"WAGON","TOYOTA","Station Wagon","F",41,"40-49","Drivers"
"T20190020825","22/10/19",13:25:00,"Collision with vehicle","Tuesday","Day",4,6,"Not at intersection",3,60,"B",2010,"SEDAN","MAZDA","Car","F",71,"70+","Drivers"
"T20190020825","22/10/19",13:25:00,"Collision with vehicle","Tuesday","Day",4,6,"Not at intersection",3,60,"C",2017,"WAGON","MITSUB","Station Wagon","F",51,"50-59","Drivers"
"T20190020825","22/10/19",13:25:00,"Collision with vehicle","Tuesday","Day",4,6,"Not at intersection",3,60,"D",2012,"SEDAN","MERC B","Car","F",61,"60-64","Drivers"
"T20190020826","23/10/19",09:50:00,"Collision with vehicle","Wednesday","Day",2,2,"Not at intersection",3,80,"A",2017,"SEDAN","VOLKS","Car","M",29,"26-29","Drivers"
"T20190020827","23/10/19",08:46:00,"Struck Pedestrian","Wednesday","Day",1,2,"Cross intersection",3,60,"A",2010,"SEDAN","TOYOTA","Car","F",53,"50-59","Drivers"
"T20190020830","16/10/19",17:30:00,"Collision with vehicle","Wednesday","Dusk/Dawn",2,2,"Not at intersection",3,80,"A",1998,"S WAG","MITSUB","Station Wagon","M",32,"30-39","Drivers"
"T20190020830","16/10/19",17:30:00,"Collision with vehicle","Wednesday","Dusk/Dawn",2,2,"Not at intersection",3,80,"B",2011,"WAGON","TOYOTA","Station Wagon","M",29,"26-29","Drivers"
"T20190020831","23/10/19",08:00:00,"Collision with vehicle","Wednesday","Unknown",2,2,"Cross intersection",3,999,"A",2005,"SEDAN","HYNDAI","Car","F",39,"30-39","Drivers"
"T20190020834","20/10/19",14:30:00,"Collision with vehicle","Sunday","Day",2,4,"Cross intersection",3,60,"A",2000,"S WAG","HONDA","Station Wagon","M",38,"30-39","Drivers"
"T20190020834","20/10/19",14:30:00,"Collision with vehicle","Sunday","Day",2,4,"Cross intersection",3,60,"B",1998,"P VAN","FORD","Panel Van","M",60,"60-64","Drivers"
"T20190020837","4/10/19",16:00:00,"Collision with vehicle","Friday","Day",2,4,"Not at intersection",2,80,"A",2013,"SEDAN","FORD","Car","M",23,"22-25","Drivers"
"T20190020837","4/10/19",16:00:00,"Collision with vehicle","Friday","Day",2,4,"Not at intersection",2,80,"B",2006,"SEDAN","TOYOTA","Car","M",24,"22-25","Drivers"
"T20190020838","23/10/19",07:35:00,"Collision with vehicle","Wednesday","Day",2,2,"T intersection",3,60,"A",2015,"WAGON","MAZDA","Station Wagon","F",46,"40-49","Drivers"
"T20190020840","23/10/19",15:30:00,"Collision with vehicle","Wednesday","Day",3,4,"Not at intersection",3,40,"A",2015,"WAGON","AUDI","Station Wagon","F",40,"40-49","Drivers"
"T20190020840","23/10/19",15:30:00,"Collision with vehicle","Wednesday","Day",3,4,"Not at intersection",3,40,"B",2019,"WAGON","R ROV","Station Wagon","F",46,"40-49","Drivers"
"T20190020840","23/10/19",15:30:00,"Collision with vehicle","Wednesday","Day",3,4,"Not at intersection",3,40,"C",2015,"SEDAN","HOLDEN","Car","M",23,"22-25","Drivers"
"T20190020841","8/10/19",06:10:00,"Collision with vehicle","Tuesday","Dusk/Dawn",2,2,"Not at intersection",3,60,"A",2016,"SEDAN","SUZUKI","Car","F",54,"50-59","Drivers"
"T20190020841","8/10/19",06:10:00,"Collision with vehicle","Tuesday","Dusk/Dawn",2,2,"Not at intersection",3,60,"B",2000,"S WAG","TOYOTA","Station Wagon","M",63,"60-64","Drivers"
"T20190020842","16/9/19",15:18:00,"Collision with vehicle","Monday","Day",2,2,"T intersection",3,100,"A",1995,"S WAG","HOLDEN","Station Wagon","M",86,"70+","Drivers"
"T20190020842","16/9/19",15:18:00,"Collision with vehicle","Monday","Day",2,2,"T intersection",3,100,"B",2002,"WAGON","NISSAN","Station Wagon","F",45,"40-49","Drivers"
"T20190020846","15/10/19",13:30:00,"Collision with vehicle","Tuesday","Unknown",2,2,"Cross intersection",3,50,"A",2008,"BUS","TOYOTA","Bus/Coach","M",49,"40-49","Drivers"
"T20190020846","15/10/19",13:30:00,"Collision with vehicle","Tuesday","Unknown",2,2,"Cross intersection",3,50,"B",2001,"SEDAN","TOYOTA","Car","F",38,"30-39","Drivers"
"T20190020848","23/10/19",10:20:00,"Struck Pedestrian","Wednesday","Day",1,2,"Cross intersection",3,60,"A",2006,"SEDAN","DODGE","Car","M",22,"22-25","Drivers"
"T20190020849","23/10/19",11:20:00,"Collision with vehicle","Wednesday","Day",2,8,"Cross intersection",3,100,"A",2013,"SEDAN","TOYOTA","Car","M",20,"17-21","Drivers"
"T20190020849","23/10/19",11:20:00,"Collision with vehicle","Wednesday","Day",2,8,"Cross intersection",3,100,"B",2007,"SED","SUZUKI","Car","M",32,"30-39","Drivers"
"T20190020850","19/8/19",16:45:00,"Collision with vehicle","Monday","Day",2,2,"Not at intersection",3,60,"A",2006,"SEDAN","TOYOTA","Car","F",34,"30-39","Drivers"
"T20190020850","19/8/19",16:45:00,"Collision with vehicle","Monday","Day",2,2,"Not at intersection",3,60,"B",2017,"WAGON","MAZDA","Station Wagon","F",27,"26-29","Drivers"
"T20190020851","23/10/19",14:20:00,"Collision with vehicle","Wednesday","Day",2,2,"Not at intersection",3,60,"A",2018,"VAN","REN","Panel Van","M",47,"40-49","Drivers"
"T20190020852","23/10/19",14:45:00,"Collision with vehicle","Wednesday","Day",2,3,"T intersection",3,60,"A",2010,"BUS","SCANIA","Bus/Coach","M",64,"60-64","Drivers"
"T20190020852","23/10/19",14:45:00,"Collision with vehicle","Wednesday","Day",2,3,"T intersection",3,60,"B",2018,"UTIL","FORD","Utility","M",35,"30-39","Drivers"
"T20190020854","3/8/19",22:30:00,"Collision with vehicle","Saturday","Dark Street lights unknown",2,2,"Cross intersection",3,60,"A",2006,"SEDAN","HYNDAI","Car","F",64,"60-64","Drivers"
"T20190020854","3/8/19",22:30:00,"Collision with vehicle","Saturday","Dark Street lights unknown",2,2,"Cross intersection",3,60,"B",2009,"SEDAN","TOYOTA","Car","M",28,"26-29","Drivers"
"T20190020855","22/10/19",12:24:00,"Collision with vehicle","Tuesday","Day",2,2,"Cross intersection",3,60,"A",2000,"S WAG","HOLDEN","Station Wagon","M",53,"50-59","Drivers"
"T20190020855","22/10/19",12:24:00,"Collision with vehicle","Tuesday","Day",2,2,"Cross intersection",3,60,"B",2010,"TIPPER","W STAR","Heavy Vehicle (Rigid) > 4.5 Tonnes","M",32,"30-39","Drivers"
"T20190020858","23/10/19",17:47:00,"Collision with vehicle","Wednesday","Dusk/Dawn",2,3,"T intersection",2,50,"A",2014,"WAGON","FORD","Station Wagon","F",70,"70+","Drivers"
"T20190020859","23/10/19",14:10:00,"Collision with a fixed object","Wednesday","Day",1,1,"Not at intersection",3,60,"A",2012,"VAN","HYNDAI","Panel Van","M",65,"64-69","Drivers"
"T20190020860","8/10/19",07:18:00,"Collision with vehicle","Tuesday","Day",3,3,"Not at intersection",3,80,"A",2008,"SEDAN","HOLDEN","Car","F",21,"17-21","Drivers"
"T20190020860","8/10/19",07:18:00,"Collision with vehicle","Tuesday","Day",3,3,"Not at intersection",3,80,"B",2003,"WAGON","MITSUB","Station Wagon","M",56,"50-59","Drivers"
"T20190020860","8/10/19",07:18:00,"Collision with vehicle","Tuesday","Day",3,3,"Not at intersection",3,80,"C",2012,"SEDAN","VOLKS","Car","F",47,"40-49","Drivers"
"T20190020862","23/10/19",18:25:00,"Struck Pedestrian","Wednesday","Day",1,2,"Y intersection",3,50,"A",2006,"S WAG","HOLDEN","Station Wagon","M",26,"26-29","Drivers"
"T20190020864","23/10/19",18:15:00,"Struck Pedestrian","Wednesday","Day",1,5,"Not at intersection",3,60,"A",2008,"COUPE","TOYOTA","Car","M",21,"17-21","Drivers"
"T20190020865","12/10/19",23:30:00,"Struck animal","Saturday","Dark Street lights on",1,2,"Not at intersection",3,100,"A",0,"TOURER","UNKN","Car","M",52,"50-59","Drivers"
"T20190020867","23/10/19",17:56:00,"Collision with vehicle","Wednesday","Day",2,3,"T intersection",3,40,"A",2018,"S WAG","L ROV","Station Wagon","M",73,"70+","Drivers"
"T20190020869","23/10/19",15:30:00,"Collision with vehicle","Wednesday","Day",2,2,"T intersection",3,60,"A",2012,"COUPE","UNKN","Car","M",31,"30-39","Drivers"
"T20190020869","23/10/19",15:30:00,"Collision with vehicle","Wednesday","Day",2,2,"T intersection",3,60,"B",2012,"WAGON","PORSCH","Station Wagon","M",67,"64-69","Drivers"
"T20190020870","23/10/19",00:30:00,"Collision with vehicle","Wednesday","Dark Street lights on",2,1,"Not at intersection",3,50,"A",2004,"DC UTE","HOLDEN","Utility","M",56,"50-59","Drivers"
"T20190020873","23/10/19",16:23:00,"Collision with vehicle","Wednesday","Day",3,3,"Not at intersection",3,80,"A",2013,"WAGON","NISSAN","Station Wagon","F",24,"22-25","Drivers"
"T20190020873","23/10/19",16:23:00,"Collision with vehicle","Wednesday","Day",3,3,"Not at intersection",3,80,"B",2003,"SEDAN","HOLDEN","Car","F",40,"40-49","Drivers"
"T20190020873","23/10/19",16:23:00,"Collision with vehicle","Wednesday","Day",3,3,"Not at intersection",3,80,"C",2004,"SEDAN","HOLDEN","Car","F",40,"40-49","Drivers"
"T20190020874","23/10/19",19:00:00,"Collision with vehicle","Wednesday","Day",2,2,"Cross intersection",3,60,"B",2012,"WAGON","HOLDEN","Station Wagon","M",50,"50-59","Drivers"
"T20190020876","23/10/19",20:15:00,"Collision with vehicle","Wednesday","Dark Street lights on",2,2,"Not at intersection",3,100,"A",1999,"SEDAN","VOLKS","Car","M",29,"26-29","Drivers"
"T20190020876","23/10/19",20:15:00,"Collision with vehicle","Wednesday","Dark Street lights on",2,2,"Not at intersection",3,100,"B",0,"P MVR","MERCED","Prime Mover - Single Trailer","M",43,"40-49","Drivers"
"T20190020877","6/10/19",10:57:00,"Collision with vehicle","Sunday","Day",3,3,"Not at intersection",3,999,"A",2008,"COUPE","AUDI","Car","M",22,"22-25","Drivers"
"T20190020877","6/10/19",10:57:00,"Collision with vehicle","Sunday","Day",3,3,"Not at intersection",3,999,"B",2007,"TRAY","NISSAN","Utility","M",31,"30-39","Drivers"
"T20190020877","6/10/19",10:57:00,"Collision with vehicle","Sunday","Day",3,3,"Not at intersection",3,999,"C",2018,"WAGON","MERC B","Station Wagon","M",45,"40-49","Drivers"
"T20190020878","17/10/19",19:21:00,"Collision with vehicle","Thursday","Day",3,3,"T intersection",3,50,"A",2010,"SEDAN","HOLDEN","Car","M",31,"30-39","Drivers"
"T20190020878","17/10/19",19:21:00,"Collision with vehicle","Thursday","Day",3,3,"T intersection",3,50,"B",2004,"SEDAN","TOYOTA","Car","F",53,"50-59","Drivers"
"T20190020878","17/10/19",19:21:00,"Collision with vehicle","Thursday","Day",3,3,"T intersection",3,50,"C",2016,"SEDAN","TOYOTA","Car","M",36,"30-39","Drivers"
"T20190020879","23/10/19",20:50:00,"Collision with vehicle","Wednesday","Dark No street lights",2,3,"Not at intersection",1,100,"A",2016,"BUS","VOLVO","Bus/Coach","M",47,"40-49","Drivers"
"T20190020879","23/10/19",20:50:00,"Collision with vehicle","Wednesday","Dark No street lights",2,3,"Not at intersection",1,100,"B",2019,"SEDAN","KIA","Car","M",31,"30-39","Drivers"
"T20190020880","23/10/19",23:40:00,"Collision with a fixed object","Wednesday","Dark No street lights",1,2,"Not at intersection",3,100,"A",2015,"WAGON","NISSAN","Station Wagon","F",63,"60-64","Drivers"
"T20190020881","24/10/19",02:51:00,"Vehicle overturned (no collision)","Thursday","Dark No street lights",1,1,"T intersection",3,60,"A",2016,"SEDAN","SUZUKI","Car","F",20,"17-21","Drivers"
"T20190020884","23/10/19",11:35:00,"Collision with vehicle","Wednesday","Day",2,4,"Not at intersection",3,50,"A",2008,"SEDAN","HOLDEN","Car","F",27,"26-29","Drivers"
"T20190020884","23/10/19",11:35:00,"Collision with vehicle","Wednesday","Day",2,4,"Not at intersection",3,50,"B",2009,"TIPPER","STERLI","Heavy Vehicle (Rigid) > 4.5 Tonnes","M",49,"40-49","Drivers"
"T20190020886","23/10/19",13:22:00,"Collision with vehicle","Wednesday","Day",3,3,"Not at intersection",3,60,"A",2014,"COUPE","HYNDAI","Car","U",NA,"unknown","Drivers"
"T20190020886","23/10/19",13:22:00,"Collision with vehicle","Wednesday","Day",3,3,"Not at intersection",3,60,"B",2018,"SEDAN","HONDA","Car","M",29,"26-29","Drivers"
"T20190020886","23/10/19",13:22:00,"Collision with vehicle","Wednesday","Day",3,3,"Not at intersection",3,60,"C",2017,"SEDAN","MAZDA","Car","F",36,"30-39","Drivers"
"T20190020889","23/10/19",09:15:00,"Collision with vehicle","Wednesday","Day",2,2,"T intersection",3,70,"A",2004,"S WAG","HONDA","Station Wagon","M",38,"30-39","Drivers"
"T20190020889","23/10/19",09:15:00,"Collision with vehicle","Wednesday","Day",2,2,"T intersection",3,70,"B",2008,"SEDAN","FORD","Car","F",48,"40-49","Drivers"
"T20190020894","24/10/19",06:58:00,"Collision with vehicle","Thursday","Day",2,2,"Not at intersection",3,110,"A",2007,"COUPE","FORD","Car","M",18,"17-21","Drivers"
"T20190020894","24/10/19",06:58:00,"Collision with vehicle","Thursday","Day",2,2,"Not at intersection",3,110,"B",2018,"SEDAN","HYNDAI","Car","M",48,"40-49","Drivers"
"T20190020896","24/10/19",06:42:00,"Struck Pedestrian","Thursday","Day",1,2,"Not at intersection",3,60,"A",2002,"S WAG","HOLDEN","Station Wagon","M",49,"40-49","Drivers"
"T20190020900","24/10/19",08:42:00,"Collision with vehicle","Thursday","Day",3,4,"Not at intersection",3,40,"A",2009,"WAGON","HYNDAI","Station Wagon","F",26,"26-29","Drivers"
"T20190020900","24/10/19",08:42:00,"Collision with vehicle","Thursday","Day",3,4,"Not at intersection",3,40,"B",2015,"SEDAN","SUZUKI","Car","F",43,"40-49","Drivers"
"T20190020900","24/10/19",08:42:00,"Collision with vehicle","Thursday","Day",3,4,"Not at intersection",3,40,"C",2018,"DC UTE","TOYOTA","Utility","M",36,"30-39","Drivers"
"T20190020901","22/10/19",17:26:00,"Collision with vehicle","Tuesday","Day",2,2,"T intersection",3,80,"A",2005,"DC UTE","MAZDA","Utility","M",43,"40-49","Drivers"
"T20190020901","22/10/19",17:26:00,"Collision with vehicle","Tuesday","Day",2,2,"T intersection",3,80,"B",2015,"SEDAN","TOYOTA","Taxi","M",41,"40-49","Drivers"
"T20190020902","24/10/19",09:41:00,"Collision with vehicle","Thursday","Day",2,4,"Cross intersection",3,60,"A",2007,"SEDAN","HONDA","Car","F",21,"17-21","Drivers"
"T20190020902","24/10/19",09:41:00,"Collision with vehicle","Thursday","Day",2,4,"Cross intersection",3,60,"B",2004,"WAGON","HONDA","Car","F",53,"50-59","Drivers"
"T20190020903","24/10/19",08:55:00,"Collision with vehicle","Thursday","Day",2,2,"Cross intersection",3,40,"A",2016,"VAN","TOYOTA","Panel Van","M",66,"64-69","Drivers"
"T20190020904","24/10/19",09:09:00,"Collision with vehicle","Thursday","Day",2,2,"Not at intersection",3,100,"A",2019,"SEDAN","VOLKS","Car","M",94,"70+","Drivers"
"T20190020904","24/10/19",09:09:00,"Collision with vehicle","Thursday","Day",2,2,"Not at intersection",3,100,"B",2010,"WAGON","HYNDAI","Station Wagon","F",38,"30-39","Drivers"
"T20190020907","24/10/19",08:35:00,"Struck Pedestrian","Thursday","Day",1,2,"T intersection",3,999,"A",1992,"SEDAN","TOYOTA","Car","M",87,"70+","Drivers"
"T20190020908","24/10/19",10:40:00,"Collision with a fixed object","Thursday","Day",1,1,"Not at intersection",3,110,"A",2005,"SEDAN","FORD","Car","F",23,"22-25","Drivers"
"T20190020911","24/10/19",07:15:00,"Collision with a fixed object","Thursday","Day",1,3,"Not at intersection",3,100,"A",0,"TOURER","HOLDEN","Car","M",43,"40-49","Drivers"
"T20190020912","24/10/19",11:42:00,"Struck Pedestrian","Thursday","Day",1,2,"T intersection",3,60,"A",2009,"SEDAN","HONDA","Car","M",47,"40-49","Drivers"
"T20190020915","24/10/19",11:11:00,"Vehicle overturned (no collision)","Thursday","Day",1,1,"Not at intersection",3,60,"A",2000,"VAN","MAZDA","Panel Van","M",73,"70+","Drivers"
"T20190020916","16/5/19",14:00:00,"Collision with vehicle","Thursday","Unknown",2,2,"Not at intersection",3,60,"A",2009,"SEDAN","TOYOTA","Car","M",42,"40-49","Drivers"
"T20190020916","16/5/19",14:00:00,"Collision with vehicle","Thursday","Unknown",2,2,"Not at intersection",3,60,"B",1999,"SEDAN","MITSUB","Car","M",32,"30-39","Drivers"
"T20190020919","22/10/19",14:05:00,"Collision with vehicle","Tuesday","Day",2,2,"Not at intersection",3,80,"A",2005,"SEDAN","HOLDEN","Car","F",64,"60-64","Drivers"
"T20190020919","22/10/19",14:05:00,"Collision with vehicle","Tuesday","Day",2,2,"Not at intersection",3,80,"B",2019,"SEDAN","TOYOTA","Car","M",34,"30-39","Drivers"
"T20190020922","24/10/19",07:45:00,"Collision with vehicle","Thursday","Day",2,2,"T intersection",3,80,"A",2009,"WAGON","FORD","Station Wagon","F",52,"50-59","Drivers"
"T20190020922","24/10/19",07:45:00,"Collision with vehicle","Thursday","Day",2,2,"T intersection",3,80,"B",2014,"SEDAN","VOLKS","Car","F",35,"30-39","Drivers"
"T20190020924","24/10/19",07:55:00,"Struck Pedestrian","Thursday","Day",1,2,"T intersection",3,999,"A",2018,"WAGON","L ROV","Station Wagon","F",38,"30-39","Drivers"
"T20190020926","24/10/19",10:58:00,"Struck Pedestrian","Thursday","Day",1,2,"T intersection",3,50,"A",2005,"SEDAN","TOYOTA","Car","F",91,"70+","Drivers"
"T20190020927","21/10/19",07:50:00,"Collision with vehicle","Monday","Day",2,2,"Cross intersection",3,50,"B",2008,"WAGON","TOYOTA","Station Wagon","M",38,"30-39","Drivers"
"T20190020928","23/10/19",07:48:00,"Collision with vehicle","Wednesday","Day",2,3,"Cross intersection",3,60,"A",2003,"SEDAN","HOLDEN","Car","M",25,"22-25","Drivers"
"T20190020928","23/10/19",07:48:00,"Collision with vehicle","Wednesday","Day",2,3,"Cross intersection",3,60,"B",2017,"WAGON","MAZDA","Station Wagon","M",59,"50-59","Drivers"
"T20190020931","22/10/19",17:33:00,"Collision with vehicle","Tuesday","Day",3,3,"Not at intersection",3,100,"A",2019,"SEDAN","SUBARU","Car","F",40,"40-49","Drivers"
"T20190020931","22/10/19",17:33:00,"Collision with vehicle","Tuesday","Day",3,3,"Not at intersection",3,100,"B",2003,"SEDAN","FORD","Car","M",52,"50-59","Drivers"
"T20190020931","22/10/19",17:33:00,"Collision with vehicle","Tuesday","Day",3,3,"Not at intersection",3,100,"C",2007,"SEDAN","VOLVO","Car","U",NA,"unknown","Drivers"
"T20190020937","15/10/19",17:30:00,"Collision with vehicle","Tuesday","Unknown",3,5,"Cross intersection",3,80,"A",2015,"SEDAN","MAZDA","Car","M",32,"30-39","Drivers"
"T20190020937","15/10/19",17:30:00,"Collision with vehicle","Tuesday","Unknown",3,5,"Cross intersection",3,80,"B",2012,"SEDAN","FORD","Car","M",21,"17-21","Drivers"
"T20190020941","23/10/19",15:45:00,"Collision with vehicle","Wednesday","Day",2,2,"T intersection",3,60,"A",2010,"SEDAN","HYNDAI","Car","M",52,"50-59","Drivers"
"T20190020942","14/10/19",08:40:00,"Collision with vehicle","Monday","Day",2,2,"T intersection",3,40,"A",2003,"SEDAN","FORD","Car","M",62,"60-64","Drivers"
"T20190020942","14/10/19",08:40:00,"Collision with vehicle","Monday","Day",2,2,"T intersection",3,40,"B",2015,"SEDAN","MAZDA","Car","F",56,"50-59","Drivers"
"T20190020943","24/10/19",11:00:00,"Collision with vehicle","Thursday","Day",2,3,"Not at intersection",3,60,"A",2010,"SEDAN","FORD","Car","M",45,"40-49","Drivers"
"T20190020943","24/10/19",11:00:00,"Collision with vehicle","Thursday","Day",2,3,"Not at intersection",3,60,"B",2008,"SEDAN","FORD","Car","F",49,"40-49","Drivers"
"T20190020945","23/10/19",12:50:00,"Collision with vehicle","Wednesday","Day",3,3,"Not at intersection",3,60,"A",2016,"SEDAN","HYNDAI","Car","M",55,"50-59","Drivers"
"T20190020945","23/10/19",12:50:00,"Collision with vehicle","Wednesday","Day",3,3,"Not at intersection",3,60,"B",2016,"DC UTE","MITSUB","Utility","M",49,"40-49","Drivers"
"T20190020945","23/10/19",12:50:00,"Collision with vehicle","Wednesday","Day",3,3,"Not at intersection",3,60,"C",2013,"WAGON","NISSAN","Station Wagon","F",31,"30-39","Drivers"
"T20190020951","24/10/19",15:24:00,"No collision and no object struck","Thursday","Day",2,3,"Not at intersection",2,80,"A",2010,"DC UTE","FORD","Utility","M",79,"70+","Drivers"
"T20190020951","24/10/19",15:24:00,"No collision and no object struck","Thursday","Day",2,3,"Not at intersection",2,80,"B",2012,"SEDAN","HYNDAI","Car","F",71,"70+","Drivers"
"T20190020953","24/10/19",14:15:00,"Collision with vehicle","Thursday","Day",3,4,"Not at intersection",3,100,"A",2019,"T SDS","TOYOTA","Light Commercial Vehicle (Rigid) <= 4.5 Tonnes GVM","M",29,"26-29","Drivers"
"T20190020953","24/10/19",14:15:00,"Collision with vehicle","Thursday","Day",3,4,"Not at intersection",3,100,"B",2018,"TRAY","HINO","Heavy Vehicle (Rigid) > 4.5 Tonnes","M",46,"40-49","Drivers"
"T20190020953","24/10/19",14:15:00,"Collision with vehicle","Thursday","Day",3,4,"Not at intersection",3,100,"C",2019,"WAGON","MITSUB","Station Wagon","F",48,"40-49","Drivers"
"T20190020957","23/10/19",12:50:00,"Collision with vehicle","Wednesday","Day",2,2,"T intersection",3,60,"A",2014,"WAGON","FORD","Station Wagon","M",35,"30-39","Drivers"
"T20190020957","23/10/19",12:50:00,"Collision with vehicle","Wednesday","Day",2,2,"T intersection",3,60,"B",2014,"TIPPER","MITSUB","Light Commercial Vehicle (Rigid) <= 4.5 Tonnes GVM","M",48,"40-49","Drivers"
"T20190020961","24/10/19",18:30:00,"Struck Pedestrian","Thursday","Day",1,2,"Not at intersection",3,40,"A",2015,"SEDAN","MAZDA","Car","F",32,"30-39","Drivers"
"T20190020962","24/10/19",17:20:00,"Collision with vehicle","Thursday","Day",2,2,"Not at intersection",3,60,"B",2013,"SEDAN","MAZDA","Car","F",25,"22-25","Drivers"
"T20190020967","23/10/19",18:00:00,"Collision with vehicle","Wednesday","Day",2,2,"Cross intersection",3,60,"A",2013,"WAGON","MITSUB","Station Wagon","F",71,"70+","Drivers"
"T20190020967","23/10/19",18:00:00,"Collision with vehicle","Wednesday","Day",2,2,"Cross intersection",3,60,"B",2003,"DC UTE","HOLDEN","Utility","M",45,"40-49","Drivers"
"T20190020968","24/10/19",21:10:00,"Collision with vehicle","Thursday","Dark Street lights on",2,5,"Not at intersection",3,60,"A",2004,"DC UTE","HOLDEN","Utility","M",61,"60-64","Drivers"
"T20190020968","24/10/19",21:10:00,"Collision with vehicle","Thursday","Dark Street lights on",2,5,"Not at intersection",3,60,"B",2011,"SEDAN","MAZDA","Car","M",35,"30-39","Drivers"
"T20190020969","3/10/19",21:00:00,"Collision with vehicle","Thursday","Dark Street lights on",2,2,"Cross intersection",3,999,"A",2017,"WAGON","LEXUS","Station Wagon","M",55,"50-59","Drivers"
"T20190020969","3/10/19",21:00:00,"Collision with vehicle","Thursday","Dark Street lights on",2,2,"Cross intersection",3,999,"B",2008,"SEDAN","FORD","Car","F",18,"17-21","Drivers"
"T20190020971","24/10/19",14:47:00,"Collision with vehicle","Thursday","Day",2,2,"Not at intersection",3,60,"A",2000,"SEDAN","HOLDEN","Car","M",42,"40-49","Drivers"
"T20190020971","24/10/19",14:47:00,"Collision with vehicle","Thursday","Day",2,2,"Not at intersection",3,60,"B",2018,"P MVR","VOLVO","Prime Mover - Single Trailer","M",46,"40-49","Drivers"
"T20190020972","24/10/19",17:19:00,"Collision with vehicle","Thursday","Day",2,2,"Cross intersection",3,50,"A",2007,"SEDAN","HONDA","Car","M",55,"50-59","Drivers"
"T20190020973","24/10/19",15:45:00,"Collision with a fixed object","Thursday","Day",2,2,"Not at intersection",3,100,"A",2007,"COUPE","MERC B","Car","M",60,"60-64","Drivers"
"T20190020973","24/10/19",15:45:00,"Collision with a fixed object","Thursday","Day",2,2,"Not at intersection",3,100,"B",2015,"VAN","TOYOTA","Panel Van","M",24,"22-25","Drivers"
"T20190020975","24/10/19",17:25:00,"Collision with vehicle","Thursday","Day",2,2,"T intersection",3,60,"A",2005,"SEDAN","SUBARU","Car","F",32,"30-39","Drivers"