"ACCIDENT_NO","ACCIDENTDATE","ACCIDENTTIME","Accident Type Desc","Day Week Description","Light Condition Desc","NO_OF_VEHICLES","NO_PERSONS","Road Geometry Desc","SEVERITY","SPEED_ZONE","VEHICLE_ID","VEHICLE_YEAR_MANUF","VEHICLE_BODY_STYLE","VEHICLE_MAKE","Vehicle Type Desc","SEX","AGE","Age Group","Road User Type Desc"
"T20190020979","24/10/19",23:35:00,"Collision with vehicle","Thursday","Dark No street lights",3,5,"Not at intersection",3,100,"A",2016,"DC UTE","NISSAN","Utility","M",45,"40-49","Drivers"
"T20190020979","24/10/19",23:35:00,"Collision with vehicle","Thursday","Dark No street lights",3,5,"Not at intersection",3,100,"B",2019,"SEDAN","AUDI","Car","F",46,"40-49","Drivers"
"T20190020979","24/10/19",23:35:00,"Collision with vehicle","Thursday","Dark No street lights",3,5,"Not at intersection",3,100,"C",2012,"P MVR","W STAR","Prime Mover Only","M",46,"40-49","Drivers"
"T20190020980","25/7/19",21:50:00,"Collision with vehicle","Thursday","Dark Street lights unknown",4,4,"Cross intersection",3,60,"A",2011,"SEDAN","TOYOTA","Car","F",24,"22-25","Drivers"
"T20190020980","25/7/19",21:50:00,"Collision with vehicle","Thursday","Dark Street lights unknown",4,4,"Cross intersection",3,60,"B",2011,"SEDAN","TOYOTA","Car","F",21,"17-21","Drivers"
"T20190020980","25/7/19",21:50:00,"Collision with vehicle","Thursday","Dark Street lights unknown",4,4,"Cross intersection",3,60,"C",2012,"SEDAN","MAZDA","Car","F",55,"50-59","Drivers"
"T20190020980","25/7/19",21:50:00,"Collision with vehicle","Thursday","Dark Street lights unknown",4,4,"Cross intersection",3,60,"D",2016,"SEDAN","HYNDAI","Car","F",35,"30-39","Drivers"
"T20190020982","25/10/19",04:50:00,"Collision with vehicle","Friday","Dark Street lights on",2,2,"Cross intersection",3,80,"A",2016,"WAGON","NISSAN","Station Wagon","F",41,"40-49","Drivers"
"T20190020982","25/10/19",04:50:00,"Collision with vehicle","Friday","Dark Street lights on",2,2,"Cross intersection",3,80,"B",2006,"SEDAN","FORD","Car","M",36,"30-39","Drivers"
"T20190020984","22/10/19",14:25:00,"Collision with vehicle","Tuesday","Day",2,2,"Not at intersection",3,40,"A",2016,"WAGON","MERC B","Station Wagon","F",49,"40-49","Drivers"
"T20190020984","22/10/19",14:25:00,"Collision with vehicle","Tuesday","Day",2,2,"Not at intersection",3,40,"B",1999,"SEDAN","SUBARU","Car","M",34,"30-39","Drivers"
"T20190020986","19/10/19",13:00:00,"Collision with a fixed object","Saturday","Day",1,1,"Not at intersection",3,60,"A",2011,"WAGON","HOLDEN","Station Wagon","F",46,"40-49","Drivers"
"T20190020987","22/10/19",08:45:00,"Collision with vehicle","Tuesday","Day",2,3,"Cross intersection",3,50,"A",2015,"SEDAN","HONDA","Car","F",72,"70+","Drivers"
"T20190020987","22/10/19",08:45:00,"Collision with vehicle","Tuesday","Day",2,3,"Cross intersection",3,50,"B",2014,"JEEP","JEEP","Car","F",36,"30-39","Drivers"
"T20190020989","22/10/19",07:30:00,"Collision with vehicle","Tuesday","Day",2,2,"Cross intersection",3,60,"B",2005,"SEDAN","TOYOTA","Car","F",37,"30-39","Drivers"
"T20190020990","25/10/19",08:40:00,"Collision with vehicle","Friday","Day",2,2,"T intersection",3,60,"A",2015,"SEDAN","MAZDA","Car","M",19,"17-21","Drivers"
"T20190020990","25/10/19",08:40:00,"Collision with vehicle","Friday","Day",2,2,"T intersection",3,60,"B",2008,"SEDAN","HONDA","Car","F",61,"60-64","Drivers"
"T20190020991","9/10/19",20:00:00,"Collision with a fixed object","Wednesday","Dark No street lights",1,1,"Not at intersection",3,100,"A",2008,"SEDAN","HONDA","Car","F",38,"30-39","Drivers"
"T20190020993","25/10/19",08:30:00,"Collision with vehicle","Friday","Day",2,2,"Cross intersection",3,80,"A",2001,"SEDAN","TOYOTA","Car","F",50,"50-59","Drivers"
"T20190020993","25/10/19",08:30:00,"Collision with vehicle","Friday","Day",2,2,"Cross intersection",3,80,"B",2018,"UTIL","FORD","Utility","M",41,"40-49","Drivers"
"T20190020996","25/10/19",07:40:00,"Collision with vehicle","Friday","Day",2,2,"Cross intersection",3,60,"A",2006,"S WAG","MITSUB","Station Wagon","F",48,"40-49","Drivers"
"T20190020998","23/10/19",07:35:00,"Struck Pedestrian","Wednesday","Day",1,2,"Cross intersection",3,50,"A",2017,"VAN","REN","Panel Van","M",68,"64-69","Drivers"
"T20190021002","25/10/19",07:35:00,"Collision with vehicle","Friday","Day",2,2,"T intersection",3,70,"A",2007,"SEDAN","MAZDA","Car","F",42,"40-49","Drivers"
"T20190021004","18/10/19",21:35:00,"Collision with vehicle","Friday","Dark Street lights on",2,2,"Cross intersection",3,60,"A",0,"SEDAN","UNKN","Car","M",58,"50-59","Drivers"
"T20190021004","18/10/19",21:35:00,"Collision with vehicle","Friday","Dark Street lights on",2,2,"Cross intersection",3,60,"B",2018,"WAGON","HYNDAI","Station Wagon","M",32,"30-39","Drivers"
"T20190021006","25/10/19",10:30:00,"Collision with vehicle","Friday","Day",2,4,"Cross intersection",3,60,"A",2018,"WAGON","NISSAN","Station Wagon","M",58,"50-59","Drivers"
"T20190021006","25/10/19",10:30:00,"Collision with vehicle","Friday","Day",2,4,"Cross intersection",3,60,"B",2016,"P VAN","VOLKSW","Panel Van","M",23,"22-25","Drivers"
"T20190021007","21/10/19",15:20:00,"Collision with vehicle","Monday","Day",2,2,"T intersection",3,999,"A",2005,"SEDAN","TOYOTA","Car","M",27,"26-29","Drivers"
"T20190021007","21/10/19",15:20:00,"Collision with vehicle","Monday","Day",2,2,"T intersection",3,999,"B",2019,"DC UTE","FORD","Utility","M",23,"22-25","Drivers"
"T20190021009","25/10/19",08:32:00,"Collision with a fixed object","Friday","Day",1,1,"Not at intersection",3,70,"A",2003,"WAGON","HONDA","Station Wagon","F",22,"22-25","Drivers"
"T20190021010","14/10/19",18:00:00,"Collision with vehicle","Monday","Day",2,2,"T intersection",3,60,"B",1998,"SEDAN","HOLDEN","Car","M",61,"60-64","Drivers"
"T20190021012","23/10/19",10:55:00,"Collision with vehicle","Wednesday","Unknown",2,2,"Not at intersection",3,60,"A",2011,"S WAG","MITSUB","Station Wagon","M",52,"50-59","Drivers"
"T20190021012","23/10/19",10:55:00,"Collision with vehicle","Wednesday","Unknown",2,2,"Not at intersection",3,60,"B",2003,"SEDAN","MAZDA","Car","M",94,"70+","Drivers"
"T20190021016","22/10/19",16:15:00,"Collision with vehicle","Tuesday","Day",2,2,"Cross intersection",3,50,"A",2011,"SEDAN","TOYOTA","Taxi","M",34,"30-39","Drivers"
"T20190021019","25/10/19",13:08:00,"Collision with vehicle","Friday","Day",2,3,"Not at intersection",3,80,"A",2018,"WAGON","TOYOTA","Station Wagon","F",37,"30-39","Drivers"
"T20190021019","25/10/19",13:08:00,"Collision with vehicle","Friday","Day",2,3,"Not at intersection",3,80,"B",2014,"SEDAN","HONDA","Car","F",80,"70+","Drivers"
"T20190021022","19/10/19",08:42:00,"Collision with vehicle","Saturday","Day",2,2,"Cross intersection",3,50,"A",2005,"SEDAN","B M W","Car","M",33,"30-39","Drivers"
"T20190021023","23/10/19",14:00:00,"Collision with vehicle","Wednesday","Day",2,2,"Cross intersection",3,999,"A",2005,"SEDAN","UNKN","Car","M",80,"70+","Drivers"
"T20190021024","25/10/19",14:57:00,"Collision with vehicle","Friday","Day",3,5,"Not at intersection",3,60,"A",2011,"WAGON","DODGE","Station Wagon","F",52,"50-59","Drivers"
"T20190021024","25/10/19",14:57:00,"Collision with vehicle","Friday","Day",3,5,"Not at intersection",3,60,"B",2013,"WAGON","MITSUB","Station Wagon","M",79,"70+","Drivers"
"T20190021024","25/10/19",14:57:00,"Collision with vehicle","Friday","Day",3,5,"Not at intersection",3,60,"C",2014,"SEDAN","MAZDA","Car","F",23,"22-25","Drivers"
"T20190021025","4/10/19",17:19:00,"Collision with vehicle","Friday","Day",4,4,"Cross intersection",3,80,"A",2015,"WAGON","HONDA","Station Wagon","F",46,"40-49","Drivers"
"T20190021025","4/10/19",17:19:00,"Collision with vehicle","Friday","Day",4,4,"Cross intersection",3,80,"B",2011,"SEDAN","MAZDA","Car","M",41,"40-49","Drivers"
"T20190021025","4/10/19",17:19:00,"Collision with vehicle","Friday","Day",4,4,"Cross intersection",3,80,"C",2011,"S WAG","HOLDEN","Station Wagon","F",45,"40-49","Drivers"
"T20190021025","4/10/19",17:19:00,"Collision with vehicle","Friday","Day",4,4,"Cross intersection",3,80,"D",2007,"SEDAN","HONDA","Car","M",36,"30-39","Drivers"
"T20190021026","25/10/19",15:00:00,"Collision with vehicle","Friday","Day",2,7,"Not at intersection",3,60,"A",2006,"SEDAN","HOLDEN","Car","F",22,"22-25","Drivers"
"T20190021026","25/10/19",15:00:00,"Collision with vehicle","Friday","Day",2,7,"Not at intersection",3,60,"B",2011,"WAGON","MAZDA","Station Wagon","F",39,"30-39","Drivers"
"T20190021027","25/10/19",13:06:00,"Collision with vehicle","Friday","Day",2,2,"Cross intersection",3,50,"A",2013,"WAGON","LEXUS","Station Wagon","F",34,"30-39","Drivers"
"T20190021027","25/10/19",13:06:00,"Collision with vehicle","Friday","Day",2,2,"Cross intersection",3,50,"B",2012,"S WAG","VOLKS","Station Wagon","M",38,"30-39","Drivers"
"T20190021028","15/10/19",20:10:00,"Collision with vehicle","Tuesday","Dark Street lights on",2,2,"Not at intersection",3,50,"A",2012,"SEDAN","HONDA","Car","M",40,"40-49","Drivers"
"T20190021028","15/10/19",20:10:00,"Collision with vehicle","Tuesday","Dark Street lights on",2,2,"Not at intersection",3,50,"B",2009,"WAGON","HOLDEN","Station Wagon","F",78,"70+","Drivers"
"T20190021029","25/10/19",15:54:00,"Struck Pedestrian","Friday","Day",1,5,"T intersection",3,50,"A",2005,"SEDAN","MAZDA","Car","M",34,"30-39","Drivers"
"T20190021030","25/10/19",16:02:00,"Collision with vehicle","Friday","Day",2,2,"Cross intersection",3,60,"A",2015,"SEDAN","UNKN","Car","F",26,"26-29","Drivers"
"T20190021030","25/10/19",16:02:00,"Collision with vehicle","Friday","Day",2,2,"Cross intersection",3,60,"B",2001,"SEDAN","HYNDAI","Car","M",21,"17-21","Drivers"
"T20190021031","22/10/19",20:00:00,"Collision with vehicle","Tuesday","Dark Street lights on",2,2,"Cross intersection",3,40,"A",2002,"DC UTE","TOYOTA","Utility","F",35,"30-39","Drivers"
"T20190021032","25/10/19",14:15:00,"Struck Pedestrian","Friday","Day",1,2,"T intersection",3,50,"A",2008,"WAGON","TOYOTA","Station Wagon","F",39,"30-39","Drivers"
"T20190021034","25/10/19",08:28:00,"Collision with vehicle","Friday","Day",2,2,"T intersection",3,60,"A",2015,"S WAG","SUBARU","Station Wagon","F",59,"50-59","Drivers"
"T20190021034","25/10/19",08:28:00,"Collision with vehicle","Friday","Day",2,2,"T intersection",3,60,"B",2018,"WAGON","PORSCH","Station Wagon","M",48,"40-49","Drivers"
"T20190021035","24/10/19",18:20:00,"Collision with vehicle","Thursday","Day",3,5,"Not at intersection",3,60,"A",2013,"WAGON","UNKN","Mini Bus(9-13 seats)","F",59,"50-59","Drivers"
"T20190021035","24/10/19",18:20:00,"Collision with vehicle","Thursday","Day",3,5,"Not at intersection",3,60,"B",2006,"SEDAN","NISSAN","Car","M",33,"30-39","Drivers"
"T20190021035","24/10/19",18:20:00,"Collision with vehicle","Thursday","Day",3,5,"Not at intersection",3,60,"C",1997,"S WAG","FORD","Station Wagon","M",37,"30-39","Drivers"
"T20190021036","15/7/19",17:45:00,"Collision with vehicle","Monday","Day",2,3,"T intersection",3,50,"A",2011,"SEDAN","UNKN","Car","M",91,"70+","Drivers"
"T20190021036","15/7/19",17:45:00,"Collision with vehicle","Monday","Day",2,3,"T intersection",3,50,"B",2011,"SEDAN","HYNDAI","Car","F",22,"22-25","Drivers"
"T20190021037","25/10/19",12:19:00,"Collision with vehicle","Friday","Day",2,2,"Cross intersection",2,70,"A",2013,"SEDAN","MAZDA","Car","F",39,"30-39","Drivers"
"T20190021037","25/10/19",12:19:00,"Collision with vehicle","Friday","Day",2,2,"Cross intersection",2,70,"B",2001,"SEDAN","TOYOTA","Car","F",72,"70+","Drivers"
"T20190021039","25/10/19",13:50:00,"Collision with vehicle","Friday","Day",2,3,"Cross intersection",3,100,"A",2017,"WAGON","MITSUB","Station Wagon","F",59,"50-59","Drivers"
"T20190021039","25/10/19",13:50:00,"Collision with vehicle","Friday","Day",2,3,"Cross intersection",3,100,"B",0,"SED","TOYOTA","Car","M",74,"70+","Drivers"
"T20190021042","25/10/19",17:18:00,"Collision with vehicle","Friday","Day",2,2,"T intersection",3,60,"A",2017,"WAGON","TOYOTA","Station Wagon","M",77,"70+","Drivers"
"T20190021042","25/10/19",17:18:00,"Collision with vehicle","Friday","Day",2,2,"T intersection",3,60,"B",2006,"UTIL","FORD","Utility","M",61,"60-64","Drivers"
"T20190021047","25/10/19",17:53:00,"Collision with vehicle","Friday","Day",3,3,"T intersection",3,999,"A",2000,"SEDAN","HOLDEN","Car","M",52,"50-59","Drivers"
"T20190021047","25/10/19",17:53:00,"Collision with vehicle","Friday","Day",3,3,"T intersection",3,999,"B",2013,"P MVR","KENWTH","Prime Mover Only","M",60,"60-64","Drivers"
"T20190021047","25/10/19",17:53:00,"Collision with vehicle","Friday","Day",3,3,"T intersection",3,999,"C",2018,"WAGON","HYNDAI","Station Wagon","M",57,"50-59","Drivers"
"T20190021050","25/10/19",18:00:00,"Collision with vehicle","Friday","Day",3,3,"Cross intersection",3,80,"A",2008,"SEDAN","FORD","Car","M",19,"17-21","Drivers"
"T20190021050","25/10/19",18:00:00,"Collision with vehicle","Friday","Day",3,3,"Cross intersection",3,80,"B",2008,"WAGON","HYNDAI","Station Wagon","M",49,"40-49","Drivers"
"T20190021050","25/10/19",18:00:00,"Collision with vehicle","Friday","Day",3,3,"Cross intersection",3,80,"C",2017,"SEDAN","MAZDA","Car","F",62,"60-64","Drivers"
"T20190021051","19/10/19",11:08:00,"Collision with vehicle","Saturday","Day",2,3,"Not at intersection",3,999,"A",2013,"WAGON","KIA","Station Wagon","F",33,"30-39","Drivers"
"T20190021051","19/10/19",11:08:00,"Collision with vehicle","Saturday","Day",2,3,"Not at intersection",3,999,"B",2004,"SEDAN","MITSUB","Car","U",20,"17-21","Drivers"
"T20190021054","18/10/19",10:50:00,"Collision with vehicle","Friday","Day",2,2,"T intersection",3,999,"B",2005,"DC UTE","TOYOTA","Utility","M",45,"40-49","Drivers"
"T20190021055","25/10/19",17:48:00,"Collision with vehicle","Friday","Day",3,3,"Not at intersection",3,60,"A",2018,"SEDAN","VOLKS","Car","M",26,"26-29","Drivers"
"T20190021055","25/10/19",17:48:00,"Collision with vehicle","Friday","Day",3,3,"Not at intersection",3,60,"B",2015,"SEDAN","MERC B","Car","M",36,"30-39","Drivers"
"T20190021055","25/10/19",17:48:00,"Collision with vehicle","Friday","Day",3,3,"Not at intersection",3,60,"C",2015,"P MVR","M A N","Prime Mover Only","M",67,"64-69","Drivers"
"T20190021056","25/10/19",18:45:00,"Collision with vehicle","Friday","Day",2,3,"Not at intersection",3,60,"A",2014,"WAGON","MITSUB","Station Wagon","F",33,"30-39","Drivers"
"T20190021056","25/10/19",18:45:00,"Collision with vehicle","Friday","Day",2,3,"Not at intersection",3,60,"B",2001,"SEDAN","TOYOTA","Car","M",54,"50-59","Drivers"
"T20190021057","24/10/19",14:30:00,"Collision with vehicle","Thursday","Day",2,2,"T intersection",3,60,"A",2009,"SEDAN","TOYOTA","Car","M",27,"26-29","Drivers"
"T20190021062","25/10/19",21:20:00,"Collision with a fixed object","Friday","Dark Street lights on",1,3,"Not at intersection",3,50,"A",2007,"SEDAN","SUBARU","Car","M",19,"17-21","Drivers"
"T20190021064","25/10/19",21:00:00,"Collision with vehicle","Friday","Dark Street lights on",3,4,"Cross intersection",2,70,"A",2017,"WAGON","B M W","Station Wagon","M",64,"60-64","Drivers"
"T20190021064","25/10/19",21:00:00,"Collision with vehicle","Friday","Dark Street lights on",3,4,"Cross intersection",2,70,"B",2014,"SEDAN","VOLKS","Car","M",33,"30-39","Drivers"
"T20190021064","25/10/19",21:00:00,"Collision with vehicle","Friday","Dark Street lights on",3,4,"Cross intersection",2,70,"C",2012,"WAGON","TOYOTA","Station Wagon","F",49,"40-49","Drivers"
"T20190021067","25/10/19",23:35:00,"Collision with vehicle","Friday","Dark Street lights on",2,4,"Not at intersection",3,50,"A",2010,"SEDAN","HOLDEN","Car","F",19,"17-21","Drivers"
"T20190021067","25/10/19",23:35:00,"Collision with vehicle","Friday","Dark Street lights on",2,4,"Not at intersection",3,50,"B",2008,"SEDAN","HONDA","Car","F",70,"70+","Drivers"
"T20190021069","25/10/19",18:00:00,"Collision with a fixed object","Friday","Day",1,2,"T intersection",2,80,"A",1996,"UTIL","HOLDEN","Utility","M",22,"22-25","Drivers"
"T20190021072","25/10/19",21:48:00,"Collision with vehicle","Friday","Dark Street lights on",2,2,"Cross intersection",3,80,"A",2013,"SEDAN","MAZDA","Car","F",21,"17-21","Drivers"
"T20190021072","25/10/19",21:48:00,"Collision with vehicle","Friday","Dark Street lights on",2,2,"Cross intersection",3,80,"B",2016,"WAGON","MAZDA","Station Wagon","F",19,"17-21","Drivers"
"T20190021074","26/10/19",02:25:00,"Collision with a fixed object","Saturday","Dark Street lights on",1,1,"Not at intersection",3,50,"A",2006,"SEDAN","B M W","Car","M",30,"30-39","Drivers"
"T20190021075","23/10/19",21:15:00,"Collision with vehicle","Wednesday","Dark No street lights",2,6,"Not at intersection",3,110,"A",2003,"WAGON","NISSAN","Station Wagon","M",37,"30-39","Drivers"
"T20190021075","23/10/19",21:15:00,"Collision with vehicle","Wednesday","Dark No street lights",2,6,"Not at intersection",3,110,"B",2005,"SEDAN","MITSUB","Car","F",30,"30-39","Drivers"
"T20190021076","26/10/19",00:40:00,"Vehicle overturned (no collision)","Saturday","Dark Street lights on",1,1,"Not at intersection",3,60,"A",1997,"SEDAN","HOLDEN","Car","M",18,"17-21","Drivers"
"T20190021078","26/10/19",03:05:00,"Struck Pedestrian","Saturday","Dark No street lights",1,2,"Not at intersection",1,80,"A",1998,"P VAN","FORD","Panel Van","M",28,"26-29","Drivers"
"T20190021079","25/10/19",16:00:00,"Collision with vehicle","Friday","Day",2,3,"Cross intersection",3,50,"A",2005,"SEDAN","HOLDEN","Car","F",27,"26-29","Drivers"
"T20190021079","25/10/19",16:00:00,"Collision with vehicle","Friday","Day",2,3,"Cross intersection",3,50,"B",2011,"SEDAN","FORD","Car","F",21,"17-21","Drivers"
"T20190021081","25/10/19",12:10:00,"Collision with vehicle","Friday","Day",2,2,"Cross intersection",3,40,"A",2015,"UTIL","MITSUB","Utility","M",46,"40-49","Drivers"
"T20190021081","25/10/19",12:10:00,"Collision with vehicle","Friday","Day",2,2,"Cross intersection",3,40,"B",2007,"BUS","SCANIA","Bus/Coach","M",53,"50-59","Drivers"
"T20190021082","26/10/19",04:27:00,"collision with some other object","Saturday","Dark No street lights",1,1,"Not at intersection",3,100,"A",2010,"VAN","ISUZU","Light Commercial Vehicle (Rigid) <= 4.5 Tonnes GVM","M",61,"60-64","Drivers"
"T20190021083","24/10/19",16:10:00,"Collision with vehicle","Thursday","Day",2,2,"Not at intersection",3,60,"A",2016,"WAGON","SUBARU","Station Wagon","F",36,"30-39","Drivers"
"T20190021085","18/10/19",15:30:00,"Collision with vehicle","Friday","Day",2,2,"Cross intersection",3,50,"A",2007,"WAGON","TOYOTA","Station Wagon","M",20,"17-21","Drivers"
"T20190021086","25/10/19",16:00:00,"Collision with vehicle","Friday","Day",3,2,"Not at intersection",3,50,"A",2013,"S WAG","MAZDA","Station Wagon","M",68,"64-69","Drivers"
"T20190021086","25/10/19",16:00:00,"Collision with vehicle","Friday","Day",3,2,"Not at intersection",3,50,"B",2000,"SEDAN","FORD","Car","F",72,"70+","Drivers"
"T20190021088","19/10/19",23:45:00,"Struck Pedestrian","Saturday","Unknown",1,4,"Not at intersection",3,999,"A",2003,"SEDAN","FORD","Car","F",19,"17-21","Drivers"
"T20190021092","26/10/19",11:35:00,"Collision with vehicle","Saturday","Day",2,2,"Not at intersection",3,60,"A",2006,"SEDAN","HYNDAI","Car","F",46,"40-49","Drivers"
"T20190021092","26/10/19",11:35:00,"Collision with vehicle","Saturday","Day",2,2,"Not at intersection",3,60,"B",2013,"WAGON","HONDA","Station Wagon","M",51,"50-59","Drivers"
"T20190021094","26/10/19",09:00:00,"Collision with a fixed object","Saturday","Day",1,1,"Not at intersection",3,100,"A",2011,"SEDAN","HYNDAI","Car","F",46,"40-49","Drivers"
"T20190021097","26/10/19",13:15:00,"Collision with vehicle","Saturday","Day",3,3,"T intersection",3,70,"A",2019,"WAGON","KIA","Station Wagon","F",38,"30-39","Drivers"
"T20190021097","26/10/19",13:15:00,"Collision with vehicle","Saturday","Day",3,3,"T intersection",3,70,"B",2013,"SEDAN","HYNDAI","Car","F",74,"70+","Drivers"
"T20190021097","26/10/19",13:15:00,"Collision with vehicle","Saturday","Day",3,3,"T intersection",3,70,"C",2012,"WAGON","UNKN","Station Wagon","F",39,"30-39","Drivers"
"T20190021098","26/10/19",12:00:00,"Collision with a fixed object","Saturday","Day",1,1,"Not at intersection",3,50,"A",1998,"SEDAN","FORD","Car","M",31,"30-39","Drivers"
"T20190021100","26/10/19",14:55:00,"Collision with vehicle","Saturday","Day",2,4,"Cross intersection",3,60,"A",0,"SED","HOLDEN","Car","M",34,"30-39","Drivers"
"T20190021100","26/10/19",14:55:00,"Collision with vehicle","Saturday","Day",2,4,"Cross intersection",3,60,"B",2013,"WAGON","MITSUB","Station Wagon","F",62,"60-64","Drivers"
"T20190021105","26/10/19",14:25:00,"Collision with vehicle","Saturday","Day",2,5,"T intersection",3,80,"A",2014,"WAGON","JEEP","Station Wagon","F",25,"22-25","Drivers"
"T20190021105","26/10/19",14:25:00,"Collision with vehicle","Saturday","Day",2,5,"T intersection",3,80,"B",2016,"VAN","TOYOTA","Panel Van","M",46,"40-49","Drivers"
"T20190021106","26/10/19",16:00:00,"Collision with a fixed object","Saturday","Day",1,1,"Not at intersection",3,80,"A",2003,"SEDAN","HOLDEN","Car","M",20,"17-21","Drivers"
"T20190021108","25/10/19",08:10:00,"Collision with vehicle","Friday","Day",2,2,"Not at intersection",3,60,"A",2003,"SEDAN","NISSAN","Car","M",23,"22-25","Drivers"
"T20190021108","25/10/19",08:10:00,"Collision with vehicle","Friday","Day",2,2,"Not at intersection",3,60,"B",2013,"WAGON","VOLVO","Station Wagon","F",33,"30-39","Drivers"
"T20190021115","26/10/19",17:15:00,"Collision with vehicle","Saturday","Day",2,7,"Cross intersection",3,80,"A",2012,"SEDAN","CHRYS","Car","M",31,"30-39","Drivers"
"T20190021115","26/10/19",17:15:00,"Collision with vehicle","Saturday","Day",2,7,"Cross intersection",3,80,"B",2009,"WAGON","NISSAN","Station Wagon","F",33,"30-39","Drivers"
"T20190021116","26/10/19",16:55:00,"Collision with vehicle","Saturday","Day",3,4,"Cross intersection",3,60,"A",2004,"SEDAN","FORD","Car","M",31,"30-39","Drivers"
"T20190021116","26/10/19",16:55:00,"Collision with vehicle","Saturday","Day",3,4,"Cross intersection",3,60,"B",2012,"SEDAN","TOYOTA","Car","F",61,"60-64","Drivers"
"T20190021116","26/10/19",16:55:00,"Collision with vehicle","Saturday","Day",3,4,"Cross intersection",3,60,"C",2012,"SEDAN","TOYOTA","Car","M",66,"64-69","Drivers"
"T20190021118","26/10/19",18:15:00,"Collision with vehicle","Saturday","Day",2,2,"T intersection",3,60,"A",2012,"SEDAN","TOYOTA","Car","M",42,"40-49","Drivers"
"T20190021118","26/10/19",18:15:00,"Collision with vehicle","Saturday","Day",2,2,"T intersection",3,60,"B",2019,"SEDAN","M MOVE","Car","F",23,"22-25","Drivers"
"T20190021127","26/10/19",05:15:00,"Collision with a fixed object","Saturday","Dark No street lights",1,2,"Not at intersection",3,50,"A",2010,"WAGON","MITSUB","Station Wagon","M",18,"17-21","Drivers"
"T20190021131","27/10/19",04:02:00,"Collision with vehicle","Sunday","Dark Street lights on",2,2,"Cross intersection",3,60,"A",2010,"SEDAN","MITSUB","Car","F",41,"40-49","Drivers"
"T20190021131","27/10/19",04:02:00,"Collision with vehicle","Sunday","Dark Street lights on",2,2,"Cross intersection",3,60,"B",2012,"BUS","TOYOTA","Mini Bus(9-13 seats)","M",56,"50-59","Drivers"
"T20190021133","27/10/19",00:34:00,"Collision with a fixed object","Sunday","Dark Street lights on",1,1,"Not at intersection",3,50,"A",2009,"SEDAN","HOLDEN","Car","M",45,"40-49","Drivers"
"T20190021134","26/10/19",15:58:00,"Collision with vehicle","Saturday","Day",2,2,"Not at intersection",3,100,"A",2008,"SEDAN","TOYOTA","Car","F",61,"60-64","Drivers"
"T20190021134","26/10/19",15:58:00,"Collision with vehicle","Saturday","Day",2,2,"Not at intersection",3,100,"B",2014,"SEDAN","MITSUB","Car","M",68,"64-69","Drivers"
"T20190021137","26/10/19",13:00:00,"Collision with a fixed object","Saturday","Day",1,1,"Not at intersection",3,60,"A",1990,"UTIL","FORD","Utility","M",68,"64-69","Drivers"
"T20190021139","20/10/19",03:30:00,"Vehicle overturned (no collision)","Sunday","Dark No street lights",1,2,"Not at intersection",2,100,"A",2005,"SEDAN","TOYOTA","Car","F",18,"17-21","Drivers"
"T20190021145","27/10/19",09:15:00,"Collision with vehicle","Sunday","Day",2,7,"Not at intersection",3,50,"A",1997,"SEDAN","HOLDEN","Car","M",18,"17-21","Drivers"
"T20190021145","27/10/19",09:15:00,"Collision with vehicle","Sunday","Day",2,7,"Not at intersection",3,50,"B",2018,"WAGON","KIA","Station Wagon","M",47,"40-49","Drivers"
"T20190021146","27/10/19",09:28:00,"Collision with vehicle","Sunday","Day",3,5,"T intersection",3,80,"A",2015,"SEDAN","TOYOTA","Car","M",40,"40-49","Drivers"
"T20190021146","27/10/19",09:28:00,"Collision with vehicle","Sunday","Day",3,5,"T intersection",3,80,"B",2013,"SEDAN","VOLKS","Car","M",42,"40-49","Drivers"
"T20190021146","27/10/19",09:28:00,"Collision with vehicle","Sunday","Day",3,5,"T intersection",3,80,"C",2009,"S WAG","MAZDA","Station Wagon","M",42,"40-49","Drivers"
"T20190021148","25/10/19",19:46:00,"Collision with vehicle","Friday","Dark Street lights on",3,3,"Cross intersection",3,60,"A",2005,"SEDAN","SUBARU","Car","M",48,"40-49","Drivers"
"T20190021148","25/10/19",19:46:00,"Collision with vehicle","Friday","Dark Street lights on",3,3,"Cross intersection",3,60,"B",2014,"WAGON","KIA","Station Wagon","M",65,"64-69","Drivers"
"T20190021148","25/10/19",19:46:00,"Collision with vehicle","Friday","Dark Street lights on",3,3,"Cross intersection",3,60,"C",2015,"WAGON","NISSAN","Station Wagon","F",23,"22-25","Drivers"
"T20190021149","17/10/19",16:15:00,"Collision with vehicle","Thursday","Day",4,6,"T intersection",3,60,"A",2015,"SED","MITSUB","Car","F",32,"30-39","Drivers"
"T20190021149","17/10/19",16:15:00,"Collision with vehicle","Thursday","Day",4,6,"T intersection",3,60,"B",2007,"SEDAN","HONDA","Car","M",77,"70+","Drivers"
"T20190021149","17/10/19",16:15:00,"Collision with vehicle","Thursday","Day",4,6,"T intersection",3,60,"C",2017,"SEDAN","TOYOTA","Car","F",28,"26-29","Drivers"