"ACCIDENT_NO","ACCIDENTDATE","ACCIDENTTIME","Accident Type Desc","Day Week Description","Light Condition Desc","NO_OF_VEHICLES","NO_PERSONS","Road Geometry Desc","SEVERITY","SPEED_ZONE","VEHICLE_ID","VEHICLE_YEAR_MANUF","VEHICLE_BODY_STYLE","VEHICLE_MAKE","Vehicle Type Desc","SEX","AGE","Age Group","Road User Type Desc"
"T20190021149","17/10/19",16:15:00,"Collision with vehicle","Thursday","Day",4,6,"T intersection",3,60,"D",2007,"SEDAN","FORD","Car","U",NA,"unknown","Drivers"
"T20190021150","15/9/19",19:55:00,"Vehicle overturned (no collision)","Sunday","Dark Street lights on",1,1,"Not at intersection",3,60,"A",2002,"SEDAN","FORD","Car","M",25,"22-25","Drivers"
"T20190021151","27/10/19",12:08:00,"Collision with vehicle","Sunday","Day",3,3,"T intersection",3,80,"A",2014,"SEDAN","TOYOTA","Car","F",59,"50-59","Drivers"
"T20190021151","27/10/19",12:08:00,"Collision with vehicle","Sunday","Day",3,3,"T intersection",3,80,"B",2016,"S WAG","HOLDEN","Station Wagon","M",57,"50-59","Drivers"
"T20190021158","6/10/19",20:00:00,"Collision with a fixed object","Sunday","Dark No street lights",1,1,"Not at intersection",3,50,"A",2019,"WAGON","VOLVO","Station Wagon","F",43,"40-49","Drivers"
"T20190021159","27/10/19",13:20:00,"Collision with a fixed object","Sunday","Day",1,23,"Not at intersection",2,80,"A",0,"BUS","YUTONG","Bus/Coach","M",55,"50-59","Drivers"
"T20190021161","27/10/19",18:15:00,"Collision with vehicle","Sunday","Day",2,5,"T intersection",3,80,"A",2013,"WAGON","HOLDEN","Station Wagon","F",32,"30-39","Drivers"
"T20190021161","27/10/19",18:15:00,"Collision with vehicle","Sunday","Day",2,5,"T intersection",3,80,"B",2006,"DC UTE","NISSAN","Utility","M",51,"50-59","Drivers"
"T20190021162","27/10/19",15:40:00,"Collision with a fixed object","Sunday","Day",1,1,"Cross intersection",3,50,"A",2019,"WAGON","HONDA","Station Wagon","F",32,"30-39","Drivers"
"T20190021163","27/10/19",14:16:00,"Collision with a fixed object","Sunday","Day",1,1,"Not at intersection",2,80,"A",2008,"SED","HOLDEN","Car","M",26,"26-29","Drivers"
"T20190021164","27/10/19",19:20:00,"Collision with vehicle","Sunday","Dusk/Dawn",2,4,"Cross intersection",3,50,"A",2009,"SEDAN","NISSAN","Car","M",32,"30-39","Drivers"
"T20190021164","27/10/19",19:20:00,"Collision with vehicle","Sunday","Dusk/Dawn",2,4,"Cross intersection",3,50,"B",2014,"SEDAN","HYNDAI","Car","F",49,"40-49","Drivers"
"T20190021167","27/10/19",19:20:00,"Collision with vehicle","Sunday","Day",2,3,"T intersection",3,60,"A",2012,"DC UTE","TOYOTA","Utility","M",28,"26-29","Drivers"
"T20190021167","27/10/19",19:20:00,"Collision with vehicle","Sunday","Day",2,3,"T intersection",3,60,"B",2010,"SEDAN","HOLDEN","Car","M",19,"17-21","Drivers"
"T20190021169","27/10/19",20:20:00,"Collision with a fixed object","Sunday","Dark Street lights on",1,1,"Not at intersection",3,60,"A",2004,"SEDAN","TOYOTA","Car","M",25,"22-25","Drivers"
"T20190021171","27/10/19",13:05:00,"Collision with vehicle","Sunday","Day",3,4,"Not at intersection",1,100,"A",2017,"WAGON","HONDA","Station Wagon","F",61,"60-64","Drivers"
"T20190021171","27/10/19",13:05:00,"Collision with vehicle","Sunday","Day",3,4,"Not at intersection",1,100,"B",2015,"SEDAN","REN","Car","M",25,"22-25","Drivers"
"T20190021171","27/10/19",13:05:00,"Collision with vehicle","Sunday","Day",3,4,"Not at intersection",1,100,"C",2007,"WAGON","FORD","Station Wagon","M",51,"50-59","Drivers"
"T20190021172","15/10/19",17:00:00,"Collision with vehicle","Tuesday","Unknown",2,2,"Not at intersection",3,50,"A",2012,"SEDAN","MAZDA","Car","M",71,"70+","Drivers"
"T20190021177","27/10/19",22:00:00,"Struck Pedestrian","Sunday","Dark Street lights on",1,2,"Not at intersection",1,70,"A",2015,"WAGON","JEEP","Station Wagon","M",48,"40-49","Drivers"
"T20190021180","28/10/19",04:05:00,"Collision with vehicle","Monday","Dark Street lights on",2,2,"Cross intersection",3,60,"A",2018,"WAGON","HONDA","Station Wagon","M",42,"40-49","Drivers"
"T20190021180","28/10/19",04:05:00,"Collision with vehicle","Monday","Dark Street lights on",2,2,"Cross intersection",3,60,"B",2011,"SEDAN","TOYOTA","Taxi","M",26,"26-29","Drivers"
"T20190021181","27/10/19",14:00:00,"Collision with vehicle","Sunday","Day",2,2,"T intersection",3,40,"B",2017,"SEDAN","HYNDAI","Car","M",22,"22-25","Drivers"
"T20190021185","28/10/19",07:14:00,"Collision with vehicle","Monday","Day",2,2,"T intersection",3,40,"A",2003,"SEDAN","FORD","Car","M",34,"30-39","Drivers"
"T20190021188","28/10/19",07:58:00,"Collision with vehicle","Monday","Day",2,2,"T intersection",3,40,"A",2017,"WAGON","NISSAN","Station Wagon","M",52,"50-59","Drivers"
"T20190021189","28/10/19",07:30:00,"Struck Pedestrian","Monday","Day",1,2,"T intersection",3,50,"A",2016,"WAGON","MITSUB","Station Wagon","U",NA,"unknown","Drivers"
"T20190021194","25/9/19",18:58:00,"Collision with vehicle","Wednesday","Dark Street lights on",2,2,"Not at intersection",3,60,"A",2010,"SEDAN","HONDA","Car","M",34,"30-39","Drivers"
"T20190021194","25/9/19",18:58:00,"Collision with vehicle","Wednesday","Dark Street lights on",2,2,"Not at intersection",3,60,"B",2006,"SEDAN","HOLDEN","Car","M",55,"50-59","Drivers"
"T20190021196","22/10/19",18:40:00,"Collision with vehicle","Tuesday","Day",3,3,"Not at intersection",3,100,"A",2005,"SEDAN","MAZDA","Car","M",28,"26-29","Drivers"
"T20190021196","22/10/19",18:40:00,"Collision with vehicle","Tuesday","Day",3,3,"Not at intersection",3,100,"B",2013,"P MVR","W STAR","Prime Mover - Single Trailer","M",40,"40-49","Drivers"
"T20190021196","22/10/19",18:40:00,"Collision with vehicle","Tuesday","Day",3,3,"Not at intersection",3,100,"C",2007,"UTIL","FORD","Utility","M",50,"50-59","Drivers"
"T20190021197","24/10/19",08:45:00,"Collision with vehicle","Thursday","Day",3,2,"Not at intersection",3,60,"A",1998,"SEDAN","TOYOTA","Car","F",26,"26-29","Drivers"
"T20190021197","24/10/19",08:45:00,"Collision with vehicle","Thursday","Day",3,2,"Not at intersection",3,60,"B",2016,"SEDAN","TOYOTA","Car","F",58,"50-59","Drivers"
"T20190021199","25/10/19",12:50:00,"Collision with vehicle","Friday","Day",2,2,"Not at intersection",3,50,"A",2000,"S WAG","FORD","Station Wagon","M",24,"22-25","Drivers"
"T20190021199","25/10/19",12:50:00,"Collision with vehicle","Friday","Day",2,2,"Not at intersection",3,50,"B",2010,"VAN","VOLKS","Panel Van","M",44,"40-49","Drivers"
"T20190021200","27/10/19",11:25:00,"Vehicle overturned (no collision)","Sunday","Day",2,5,"Not at intersection",2,70,"B",2017,"WAGON","NISSAN","Station Wagon","M",33,"30-39","Drivers"
"T20190021201","25/10/19",18:45:00,"Vehicle overturned (no collision)","Friday","Dusk/Dawn",2,3,"Not at intersection",3,60,"B",2006,"SEDAN","HOLDEN","Car","M",25,"22-25","Drivers"
"T20190021206","22/10/19",15:10:00,"No collision and no object struck","Tuesday","Day",2,2,"Not at intersection",3,80,"A",1972,"TANKER","MERC B","Heavy Vehicle (Rigid) > 4.5 Tonnes","M",56,"50-59","Drivers"
"T20190021206","22/10/19",15:10:00,"No collision and no object struck","Tuesday","Day",2,2,"Not at intersection",3,80,"B",2010,"WAGON","TOYOTA","Station Wagon","F",49,"40-49","Drivers"
"T20190021209","11/10/19",11:50:00,"Collision with vehicle","Friday","Day",2,2,"Not at intersection",3,70,"A",1998,"S WAG","TOYOTA","Station Wagon","F",40,"40-49","Drivers"
"T20190021209","11/10/19",11:50:00,"Collision with vehicle","Friday","Day",2,2,"Not at intersection",3,70,"B",1956,"P VAN","MORRIS","Panel Van","M",84,"70+","Drivers"
"T20190021211","26/10/19",13:00:00,"Collision with vehicle","Saturday","Day",2,2,"T intersection",3,60,"B",2013,"DC UTE","FORD","Utility","M",35,"30-39","Drivers"
"T20190021211","26/10/19",13:00:00,"Collision with vehicle","Saturday","Day",2,2,"T intersection",3,60,"D",2008,"DC UTE","NISSAN","Utility","M",26,"26-29","Drivers"
"T20190021215","28/10/19",12:35:00,"Collision with vehicle","Monday","Day",2,2,"Not at intersection",3,50,"A",2001,"SEDAN","B M W","Car","M",18,"17-21","Drivers"
"T20190021215","28/10/19",12:35:00,"Collision with vehicle","Monday","Day",2,2,"Not at intersection",3,50,"B",2003,"SEDAN","FORD","Car","F",20,"17-21","Drivers"
"T20190021216","28/10/19",09:55:00,"Collision with a fixed object","Monday","Day",1,1,"Not at intersection",3,100,"A",2001,"COUPE","PORSCH","Car","M",67,"64-69","Drivers"
"T20190021217","27/10/19",17:45:00,"Collision with vehicle","Sunday","Day",2,6,"Multiple intersection",3,60,"A",2007,"WAGON","TOYOTA","Station Wagon","M",66,"64-69","Drivers"
"T20190021217","27/10/19",17:45:00,"Collision with vehicle","Sunday","Day",2,6,"Multiple intersection",3,60,"B",2010,"SEDAN","HOLDEN","Car","M",20,"17-21","Drivers"
"T20190021218","28/10/19",13:38:00,"Collision with vehicle","Monday","Day",2,2,"Multiple intersection",3,60,"B",2007,"SEDAN","MAZDA","Car","F",48,"40-49","Drivers"
"T20190021221","28/10/19",12:20:00,"Collision with vehicle","Monday","Day",2,2,"Not at intersection",3,80,"A",2006,"UTIL","HOLDEN","Utility","M",21,"17-21","Drivers"
"T20190021222","28/10/19",13:40:00,"Collision with vehicle","Monday","Day",2,3,"Not at intersection",3,50,"B",2009,"WAGON","SUBARU","Station Wagon","M",30,"30-39","Drivers"
"T20190021223","28/10/19",09:45:00,"Collision with a fixed object","Monday","Day",1,1,"Not at intersection",3,100,"A",2011,"SEDAN","VOLKS","Car","F",18,"17-21","Drivers"
"T20190021224","6/9/19",16:10:00,"Collision with vehicle","Friday","Day",2,6,"Cross intersection",3,60,"A",2005,"DC UTE","TOYOTA","Utility","F",59,"50-59","Drivers"
"T20190021224","6/9/19",16:10:00,"Collision with vehicle","Friday","Day",2,6,"Cross intersection",3,60,"B",2018,"COUPE","FORD","Car","M",35,"30-39","Drivers"
"T20190021225","28/10/19",14:06:00,"Collision with vehicle","Monday","Day",2,4,"Not at intersection",3,60,"A",2002,"SEDAN","TOYOTA","Car","M",39,"30-39","Drivers"
"T20190021225","28/10/19",14:06:00,"Collision with vehicle","Monday","Day",2,4,"Not at intersection",3,60,"B",2019,"WAGON","TOYOTA","Station Wagon","M",37,"30-39","Drivers"
"T20190021226","28/10/19",13:21:00,"Collision with vehicle","Monday","Day",2,2,"Not at intersection",3,50,"A",1998,"WAGON","TOYOTA","Station Wagon","M",21,"17-21","Drivers"
"T20190021227","28/10/19",15:53:00,"Collision with vehicle","Monday","Day",2,2,"T intersection",3,50,"A",2011,"SEDAN","HOLDEN","Car","M",32,"30-39","Drivers"
"T20190021233","8/10/19",09:40:00,"Collision with vehicle","Tuesday","Day",2,2,"Not at intersection",3,70,"A",2016,"SEDAN","HOLDEN","Car","F",52,"50-59","Drivers"
"T20190021233","8/10/19",09:40:00,"Collision with vehicle","Tuesday","Day",2,2,"Not at intersection",3,70,"B",2015,"WAGON","TOYOTA","Station Wagon","M",44,"40-49","Drivers"
"T20190021234","28/10/19",11:14:00,"Collision with vehicle","Monday","Day",2,2,"Not at intersection",3,999,"B",1988,"S WAG","MAZDA","Station Wagon","F",89,"70+","Drivers"
"T20190021235","26/10/19",13:30:00,"Collision with vehicle","Saturday","Day",2,2,"Not at intersection",3,60,"A",2016,"WAGON","MITSUB","Station Wagon","F",18,"17-21","Drivers"
"T20190021235","26/10/19",13:30:00,"Collision with vehicle","Saturday","Day",2,2,"Not at intersection",3,60,"B",2010,"SEDAN","TOYOTA","Car","M",25,"22-25","Drivers"
"T20190021236","28/10/19",16:45:00,"Collision with vehicle","Monday","Day",2,11,"Not at intersection",3,60,"A",2019,"SEDAN","TOYOTA","Car","F",61,"60-64","Drivers"
"T20190021236","28/10/19",16:45:00,"Collision with vehicle","Monday","Day",2,11,"Not at intersection",3,60,"B",2017,"BUS","REN","Mini Bus(9-13 seats)","M",68,"64-69","Drivers"
"T20190021237","28/10/19",16:21:00,"Collision with vehicle","Monday","Day",2,2,"Cross intersection",2,60,"A",2011,"SEDAN","TOYOTA","Car","M",83,"70+","Drivers"
"T20190021237","28/10/19",16:21:00,"Collision with vehicle","Monday","Day",2,2,"Cross intersection",2,60,"B",2014,"WAGON","JEEP","Station Wagon","F",36,"30-39","Drivers"
"T20190021239","23/10/19",07:45:00,"Collision with vehicle","Wednesday","Day",2,1,"Not at intersection",3,999,"A",2008,"DC UTE","TOYOTA","Utility","M",27,"26-29","Drivers"
"T20190021244","28/10/19",16:05:00,"Collision with a fixed object","Monday","Day",2,2,"Not at intersection",3,80,"A",1993,"SEDAN","TOYOTA","Car","M",38,"30-39","Drivers"
"T20190021245","28/10/19",17:50:00,"Collision with vehicle","Monday","Day",4,7,"Not at intersection",3,60,"A",2013,"SEDAN","TOYOTA","Car","M",21,"17-21","Drivers"
"T20190021245","28/10/19",17:50:00,"Collision with vehicle","Monday","Day",4,7,"Not at intersection",3,60,"B",2003,"SEDAN","HOLDEN","Car","F",26,"26-29","Drivers"
"T20190021245","28/10/19",17:50:00,"Collision with vehicle","Monday","Day",4,7,"Not at intersection",3,60,"C",2003,"WAGON","MITSUB","Station Wagon","F",56,"50-59","Drivers"
"T20190021245","28/10/19",17:50:00,"Collision with vehicle","Monday","Day",4,7,"Not at intersection",3,60,"D",1998,"SEDAN","MAZDA","Car","M",58,"50-59","Drivers"
"T20190021246","23/10/19",08:45:00,"Collision with vehicle","Wednesday","Day",2,2,"T intersection",3,60,"B",2013,"SEDAN","HOLDEN","Car","M",26,"26-29","Drivers"
"T20190021249","21/10/19",16:00:00,"Collision with vehicle","Monday","Day",2,2,"T intersection",3,60,"A",2013,"WAGON","MERC B","Station Wagon","F",66,"64-69","Drivers"
"T20190021249","21/10/19",16:00:00,"Collision with vehicle","Monday","Day",2,2,"T intersection",3,60,"B",2010,"BUS","VOLVO","Bus/Coach","M",43,"40-49","Drivers"
"T20190021250","26/10/19",21:21:00,"Collision with vehicle","Saturday","Unknown",2,2,"Cross intersection",3,60,"B",2018,"SEDAN","KIA","Car","F",23,"22-25","Drivers"
"T20190021253","28/10/19",20:21:00,"Collision with vehicle","Monday","Dark No street lights",2,3,"Not at intersection",3,60,"B",2018,"WAGON","TOYOTA","Station Wagon","U",NA,"unknown","Drivers"
"T20190021254","28/10/19",16:33:00,"Collision with vehicle","Monday","Day",2,2,"T intersection",3,80,"A",2010,"SEDAN","TOYOTA","Car","M",50,"50-59","Drivers"
"T20190021254","28/10/19",16:33:00,"Collision with vehicle","Monday","Day",2,2,"T intersection",3,80,"B",2016,"SEDAN","TOYOTA","Car","F",42,"40-49","Drivers"
"T20190021257","28/10/19",20:40:00,"Collision with a fixed object","Monday","Dark No street lights",1,1,"Not at intersection",3,100,"A",2005,"S WAG","TOYOTA","Station Wagon","F",19,"17-21","Drivers"
"T20190021258","28/10/19",16:45:00,"Collision with vehicle","Monday","Day",4,4,"Not at intersection",3,999,"A",2016,"SEDAN","MAZDA","Car","U",NA,"unknown","Drivers"
"T20190021258","28/10/19",16:45:00,"Collision with vehicle","Monday","Day",4,4,"Not at intersection",3,999,"B",0,"SEDAN","UNKN","Car","U",NA,"unknown","Drivers"
"T20190021258","28/10/19",16:45:00,"Collision with vehicle","Monday","Day",4,4,"Not at intersection",3,999,"C",2007,"SEDAN","HOLDEN","Car","U",NA,"unknown","Drivers"
"T20190021258","28/10/19",16:45:00,"Collision with vehicle","Monday","Day",4,4,"Not at intersection",3,999,"D",2004,"SEDAN","NISSAN","Car","F",26,"26-29","Drivers"
"T20190021259","28/10/19",11:04:00,"Collision with a fixed object","Monday","Day",1,1,"Not at intersection",1,100,"A",2014,"C MIX","IVECO","Heavy Vehicle (Rigid) > 4.5 Tonnes","M",65,"64-69","Drivers"
"T20190021261","28/10/19",17:15:00,"Collision with vehicle","Monday","Day",2,2,"T intersection",3,50,"B",2002,"WAGON","TOYOTA","Station Wagon","M",51,"50-59","Drivers"
"T20190021263","28/10/19",22:36:00,"Collision with vehicle","Monday","Dark Street lights on",3,8,"Not at intersection",3,60,"A",2013,"SEDAN","HOLDEN","Car","U",NA,"unknown","Drivers"
"T20190021263","28/10/19",22:36:00,"Collision with vehicle","Monday","Dark Street lights on",3,8,"Not at intersection",3,60,"B",2019,"SEDAN","B M W","Car","U",NA,"unknown","Drivers"
"T20190021263","28/10/19",22:36:00,"Collision with vehicle","Monday","Dark Street lights on",3,8,"Not at intersection",3,60,"C",2015,"SEDAN","SUZUKI","Car","M",30,"30-39","Drivers"
"T20190021265","29/10/19",04:15:00,"Collision with vehicle","Tuesday","Dark Street lights on",2,3,"Not at intersection",3,80,"A",2010,"WAGON","TOYOTA","Station Wagon","F",52,"50-59","Drivers"
"T20190021265","29/10/19",04:15:00,"Collision with vehicle","Tuesday","Dark Street lights on",2,3,"Not at intersection",3,80,"B",2008,"CONVRT","KENWOR","Prime Mover B-Double","M",24,"22-25","Drivers"
"T20190021266","28/10/19",00:04:00,"Collision with a fixed object","Monday","Dark Street lights on",1,1,"Not at intersection",3,70,"A",2001,"SEDAN","TOYOTA","Car","M",32,"30-39","Drivers"
"T20190021272","28/10/19",21:00:00,"Collision with a fixed object","Monday","Dark No street lights",1,1,"Not at intersection",3,100,"A",2002,"WAGON","TOYOTA","Station Wagon","F",64,"60-64","Drivers"
"T20190021274","8/10/19",09:30:00,"Collision with vehicle","Tuesday","Day",2,2,"T intersection",3,80,"A",2016,"WAGON","JEEP","Station Wagon","M",64,"60-64","Drivers"
"T20190021274","8/10/19",09:30:00,"Collision with vehicle","Tuesday","Day",2,2,"T intersection",3,80,"B",2018,"DC UTE","FORD","Utility","M",34,"30-39","Drivers"
"T20190021277","29/10/19",08:35:00,"Collision with vehicle","Tuesday","Day",2,2,"T intersection",3,60,"A",2001,"VAN","ISUZU","Heavy Vehicle (Rigid) > 4.5 Tonnes","M",54,"50-59","Drivers"
"T20190021277","29/10/19",08:35:00,"Collision with vehicle","Tuesday","Day",2,2,"T intersection",3,60,"B",2000,"SEDAN","FORD","Car","F",26,"26-29","Drivers"
"T20190021280","29/10/19",07:10:00,"Collision with vehicle","Tuesday","Day",2,2,"Cross intersection",3,60,"A",2018,"SEDAN","VOLVO","Car","M",53,"50-59","Drivers"
"T20190021280","29/10/19",07:10:00,"Collision with vehicle","Tuesday","Day",2,2,"Cross intersection",3,60,"B",2003,"UTIL","MAZDA","Utility","M",73,"70+","Drivers"
"T20190021282","29/10/19",08:45:00,"Collision with vehicle","Tuesday","Day",5,3,"Not at intersection",2,40,"B",1996,"WAGON","TOYOTA","Station Wagon","F",52,"50-59","Drivers"
"T20190021282","29/10/19",08:45:00,"Collision with vehicle","Tuesday","Day",5,3,"Not at intersection",2,40,"E",2001,"SEDAN","FORD","Car","F",75,"70+","Drivers"
"T20190021285","24/10/19",07:25:00,"Collision with vehicle","Thursday","Day",3,6,"Not at intersection",3,100,"A",2009,"UTIL","HOLDEN","Utility","M",27,"26-29","Drivers"
"T20190021285","24/10/19",07:25:00,"Collision with vehicle","Thursday","Day",3,6,"Not at intersection",3,100,"B",2009,"S WAG","HOLDEN","Station Wagon","M",24,"22-25","Drivers"
"T20190021285","24/10/19",07:25:00,"Collision with vehicle","Thursday","Day",3,6,"Not at intersection",3,100,"C",2011,"SEDAN","HONDA","Car","F",36,"30-39","Drivers"
"T20190021286","29/10/19",10:23:00,"Collision with vehicle","Tuesday","Day",6,7,"Not at intersection",3,100,"A",2013,"WAGON","MERC B","Station Wagon","F",40,"40-49","Drivers"
"T20190021286","29/10/19",10:23:00,"Collision with vehicle","Tuesday","Day",6,7,"Not at intersection",3,100,"B",2011,"S WAG","VOLKS","Station Wagon","M",28,"26-29","Drivers"
"T20190021286","29/10/19",10:23:00,"Collision with vehicle","Tuesday","Day",6,7,"Not at intersection",3,100,"C",2013,"SEDAN","TOYOTA","Car","M",28,"26-29","Drivers"
"T20190021286","29/10/19",10:23:00,"Collision with vehicle","Tuesday","Day",6,7,"Not at intersection",3,100,"D",2015,"SEDAN","TOYOTA","Taxi","M",47,"40-49","Drivers"
"T20190021286","29/10/19",10:23:00,"Collision with vehicle","Tuesday","Day",6,7,"Not at intersection",3,100,"E",2008,"WAGON","HOLDEN","Station Wagon","M",43,"40-49","Drivers"
"T20190021286","29/10/19",10:23:00,"Collision with vehicle","Tuesday","Day",6,7,"Not at intersection",3,100,"F",2018,"DC UTE","FORD","Utility","M",48,"40-49","Drivers"
"T20190021289","29/10/19",10:49:00,"Collision with vehicle","Tuesday","Day",2,2,"Cross intersection",3,50,"A",2016,"SEDAN","MAZDA","Car","F",61,"60-64","Drivers"
"T20190021289","29/10/19",10:49:00,"Collision with vehicle","Tuesday","Day",2,2,"Cross intersection",3,50,"B",2002,"TRAY","NISSAN","Light Commercial Vehicle (Rigid) <= 4.5 Tonnes GVM","M",26,"26-29","Drivers"
"T20190021290","29/10/19",10:45:00,"Collision with vehicle","Tuesday","Day",2,2,"T intersection",3,50,"A",2011,"WAGON","JEEP","Station Wagon","F",28,"26-29","Drivers"
"T20190021290","29/10/19",10:45:00,"Collision with vehicle","Tuesday","Day",2,2,"T intersection",3,50,"B",2017,"TRAY","TOYOTA","Light Commercial Vehicle (Rigid) <= 4.5 Tonnes GVM","M",33,"30-39","Drivers"
"T20190021291","29/10/19",08:50:00,"Collision with vehicle","Tuesday","Day",2,2,"Multiple intersection",3,100,"A",2019,"SEDAN","UNKN","Car","F",40,"40-49","Drivers"
"T20190021291","29/10/19",08:50:00,"Collision with vehicle","Tuesday","Day",2,2,"Multiple intersection",3,100,"B",2016,"VAN","MITSUB","Panel Van","M",25,"22-25","Drivers"
"T20190021292","29/10/19",09:00:00,"Collision with vehicle","Tuesday","Day",4,3,"Not at intersection",3,60,"A",2013,"RDSTR","MERC B","Car","M",26,"26-29","Drivers"
"T20190021292","29/10/19",09:00:00,"Collision with vehicle","Tuesday","Day",4,3,"Not at intersection",3,60,"B",2012,"SEDAN","TOYOTA","Car","M",29,"26-29","Drivers"
"T20190021292","29/10/19",09:00:00,"Collision with vehicle","Tuesday","Day",4,3,"Not at intersection",3,60,"C",2014,"SEDAN","TOYOTA","Car","M",25,"22-25","Drivers"
"T20190021294","29/10/19",10:15:00,"Collision with vehicle","Tuesday","Day",2,2,"Cross intersection",3,50,"A",2012,"SEDAN","FORD","Car","F",81,"70+","Drivers"
"T20190021294","29/10/19",10:15:00,"Collision with vehicle","Tuesday","Day",2,2,"Cross intersection",3,50,"B",1997,"SEDAN","HOLDEN","Car","M",70,"70+","Drivers"
"T20190021296","29/10/19",07:45:00,"Collision with vehicle","Tuesday","Day",2,2,"T intersection",3,60,"A",2018,"WAGON","HOLDEN","Station Wagon","M",39,"30-39","Drivers"
"T20190021297","28/10/19",20:05:00,"Collision with vehicle","Monday","Dusk/Dawn",2,2,"Not at intersection",2,888,"A",2014,"SEDAN","AUDI","Car","F",44,"40-49","Drivers"
"T20190021299","27/10/19",18:20:00,"Collision with vehicle","Sunday","Day",2,2,"T intersection",3,60,"A",2016,"DC UTE","FORD","Utility","F",21,"17-21","Drivers"
"T20190021299","27/10/19",18:20:00,"Collision with vehicle","Sunday","Day",2,2,"T intersection",3,60,"B",1999,"SEDAN","MITSUB","Car","F",20,"17-21","Drivers"
"T20190021303","29/10/19",12:10:00,"Collision with vehicle","Tuesday","Day",2,2,"T intersection",2,50,"A",2019,"UTIL","ISUZU","Utility","M",46,"40-49","Drivers"
"T20190021303","29/10/19",12:10:00,"Collision with vehicle","Tuesday","Day",2,2,"T intersection",2,50,"B",2018,"SEDAN","TOYOTA","Car","F",86,"70+","Drivers"
"T20190021304","29/10/19",10:50:00,"Collision with vehicle","Tuesday","Day",2,2,"Cross intersection",3,80,"A",2003,"TRAY","STERLI","Heavy Vehicle (Rigid) > 4.5 Tonnes","M",59,"50-59","Drivers"
"T20190021304","29/10/19",10:50:00,"Collision with vehicle","Tuesday","Day",2,2,"Cross intersection",3,80,"B",2018,"SED","HOLDEN","Car","M",46,"40-49","Drivers"
"T20190021306","29/10/19",11:50:00,"Collision with vehicle","Tuesday","Day",2,2,"Not at intersection",3,40,"A",2013,"SEDAN","HONDA","Car","F",79,"70+","Drivers"
"T20190021308","24/10/19",10:30:00,"Collision with vehicle","Thursday","Day",2,2,"Cross intersection",2,60,"A",2005,"SEDAN","B M W","Car","F",26,"26-29","Drivers"
"T20190021308","24/10/19",10:30:00,"Collision with vehicle","Thursday","Day",2,2,"Cross intersection",2,60,"B",2013,"SEDAN","HYNDAI","Car","F",48,"40-49","Drivers"
"T20190021309","29/10/19",13:35:00,"Collision with vehicle","Tuesday","Day",2,2,"Not at intersection",3,80,"A",2011,"SEDAN","TOYOTA","Car","F",90,"70+","Drivers"
"T20190021313","29/10/19",10:20:00,"Collision with vehicle","Tuesday","Day",2,2,"Not at intersection",3,80,"A",2018,"SEDAN","HOLDEN","Car","F",51,"50-59","Drivers"
"T20190021313","29/10/19",10:20:00,"Collision with vehicle","Tuesday","Day",2,2,"Not at intersection",3,80,"B",2008,"S WAG","SUZUKI","Station Wagon","F",21,"17-21","Drivers"
"T20190021314","29/1/19",17:00:00,"Collision with vehicle","Tuesday","Dusk/Dawn",2,2,"Not at intersection",3,100,"A",2006,"SEDAN","FORD","Car","M",34,"30-39","Drivers"
"T20190021314","29/1/19",17:00:00,"Collision with vehicle","Tuesday","Dusk/Dawn",2,2,"Not at intersection",3,100,"B",2007,"SEDAN","TOYOTA","Car","M",40,"40-49","Drivers"
"T20190021315","25/10/19",16:30:00,"Collision with vehicle","Friday","Day",2,2,"Not at intersection",3,60,"A",2012,"SEDAN","TOYOTA","Car","M",32,"30-39","Drivers"
"T20190021315","25/10/19",16:30:00,"Collision with vehicle","Friday","Day",2,2,"Not at intersection",3,60,"B",2012,"DC UTE","TOYOTA","Utility","M",39,"30-39","Drivers"
"T20190021318","6/10/19",19:00:00,"Collision with vehicle","Sunday","Dusk/Dawn",3,3,"Not at intersection",3,60,"A",2009,"SEDAN","NISSAN","Car","F",66,"64-69","Drivers"
"T20190021324","8/10/19",16:00:00,"Collision with vehicle","Tuesday","Unknown",2,2,"T intersection",3,999,"B",2019,"DC UTE","FORD","Utility","U",NA,"unknown","Drivers"
"T20190021326","22/7/19",15:30:00,"Collision with vehicle","Monday","Day",3,3,"Not at intersection",3,60,"A",2007,"COUPE","HOLDEN","Car","F",48,"40-49","Drivers"
"T20190021326","22/7/19",15:30:00,"Collision with vehicle","Monday","Day",3,3,"Not at intersection",3,60,"B",2001,"SED","MAZDA","Car","F",33,"30-39","Drivers"
"T20190021326","22/7/19",15:30:00,"Collision with vehicle","Monday","Day",3,3,"Not at intersection",3,60,"C",1995,"VAN","TOYOTA","Panel Van","M",49,"40-49","Drivers"
"T20190021328","29/10/19",14:32:00,"Collision with vehicle","Tuesday","Day",2,2,"Not at intersection",3,60,"A",2005,"DC UTE","FORD","Utility","M",63,"60-64","Drivers"
"T20190021330","29/10/19",15:45:00,"Collision with vehicle","Tuesday","Day",3,5,"Not at intersection",3,100,"A",2012,"WAGON","FORD","Station Wagon","M",67,"64-69","Drivers"
"T20190021330","29/10/19",15:45:00,"Collision with vehicle","Tuesday","Day",3,5,"Not at intersection",3,100,"B",2012,"SED","HOLDEN","Car","F",24,"22-25","Drivers"