"ACCIDENT_NO","ACCIDENTDATE","ACCIDENTTIME","Accident Type Desc","Day Week Description","Light Condition Desc","NO_OF_VEHICLES","NO_PERSONS","Road Geometry Desc","SEVERITY","SPEED_ZONE","VEHICLE_ID","VEHICLE_YEAR_MANUF","VEHICLE_BODY_STYLE","VEHICLE_MAKE","Vehicle Type Desc","SEX","AGE","Age Group","Road User Type Desc"
"T20190021330","29/10/19",15:45:00,"Collision with vehicle","Tuesday","Day",3,5,"Not at intersection",3,100,"C",0,"C CHAS","NISSAN","Heavy Vehicle (Rigid) > 4.5 Tonnes","M",24,"22-25","Drivers"
"T20190021332","29/10/19",15:30:00,"Collision with vehicle","Tuesday","Day",2,2,"Cross intersection",3,100,"A",2009,"WAGON","HYNDAI","Station Wagon","F",22,"22-25","Drivers"
"T20190021332","29/10/19",15:30:00,"Collision with vehicle","Tuesday","Day",2,2,"Cross intersection",3,100,"B",2003,"DC UTE","TOYOTA","Utility","M",53,"50-59","Drivers"
"T20190021336","29/10/19",12:03:00,"Collision with vehicle","Tuesday","Day",2,3,"Not at intersection",1,100,"B",2004,"TRAY","IVECO","Heavy Vehicle (Rigid) > 4.5 Tonnes","M",29,"26-29","Drivers"
"T20190021338","29/10/19",17:00:00,"Collision with vehicle","Tuesday","Day",2,5,"T intersection",3,60,"A",2018,"WAGON","REN","Station Wagon","F",48,"40-49","Drivers"
"T20190021338","29/10/19",17:00:00,"Collision with vehicle","Tuesday","Day",2,5,"T intersection",3,60,"B",2002,"SEDAN","VOLVO","Car","M",78,"70+","Drivers"
"T20190021341","28/10/19",17:40:00,"Collision with vehicle","Monday","Day",2,2,"Not at intersection",3,50,"A",2018,"SEDAN","ALFA R","Car","M",55,"50-59","Drivers"
"T20190021342","29/10/19",15:00:00,"Collision with vehicle","Tuesday","Day",2,2,"Not at intersection",3,60,"A",2016,"VAN","MITSUB","Light Commercial Vehicle (Rigid) <= 4.5 Tonnes GVM","M",47,"40-49","Drivers"
"T20190021345","29/10/19",18:44:00,"Collision with vehicle","Tuesday","Day",2,4,"T intersection",3,80,"A",2003,"SED","FORD","Car","F",38,"30-39","Drivers"
"T20190021345","29/10/19",18:44:00,"Collision with vehicle","Tuesday","Day",2,4,"T intersection",3,80,"B",2001,"COUPE","MITSUB","Car","M",21,"17-21","Drivers"
"T20190021346","23/5/19",09:00:00,"Collision with vehicle","Thursday","Unknown",2,3,"T intersection",3,999,"A",2008,"VAN","REN","Car","M",58,"50-59","Drivers"
"T20190021351","29/10/19",15:47:00,"Collision with vehicle","Tuesday","Day",3,3,"Not at intersection",3,80,"A",2017,"SEDAN","HONDA","Car","F",53,"50-59","Drivers"
"T20190021351","29/10/19",15:47:00,"Collision with vehicle","Tuesday","Day",3,3,"Not at intersection",3,80,"B",2014,"SEDAN","TOYOTA","Car","M",26,"26-29","Drivers"
"T20190021351","29/10/19",15:47:00,"Collision with vehicle","Tuesday","Day",3,3,"Not at intersection",3,80,"C",2016,"SED","TOYOTA","Car","M",26,"26-29","Drivers"
"T20190021353","29/10/19",17:13:00,"Collision with vehicle","Tuesday","Day",2,4,"T intersection",2,50,"A",2013,"WAGON","NISSAN","Station Wagon","F",38,"30-39","Drivers"
"T20190021353","29/10/19",17:13:00,"Collision with vehicle","Tuesday","Day",2,4,"T intersection",2,50,"B",2011,"WAGON","TOYOTA","Station Wagon","F",44,"40-49","Drivers"
"T20190021355","29/10/19",20:52:00,"Collision with a fixed object","Tuesday","Dark No street lights",2,4,"Not at intersection",2,100,"A",2005,"SEDAN","HOLDEN","Car","M",41,"40-49","Drivers"
"T20190021355","29/10/19",20:52:00,"Collision with a fixed object","Tuesday","Dark No street lights",2,4,"Not at intersection",2,100,"B",0,"SEDAN","MITSUB","Car","U",NA,"unknown","Drivers"
"T20190021357","29/10/19",20:00:00,"Collision with a fixed object","Tuesday","Dusk/Dawn",1,4,"Not at intersection",3,100,"A",2005,"SEDAN","FORD","Car","F",25,"22-25","Drivers"
"T20190021358","29/10/19",21:05:00,"Collision with vehicle","Tuesday","Dark Street lights on",2,3,"Cross intersection",3,50,"B",2008,"UTIL","HOLDEN","Utility","M",35,"30-39","Drivers"
"T20190021360","29/10/19",20:15:00,"Collision with vehicle","Tuesday","Dark Street lights on",5,1,"Not at intersection",3,777,"A",2000,"DC UTE","MAZDA","Utility","M",33,"30-39","Drivers"
"T20190021361","29/10/19",18:30:00,"Collision with vehicle","Tuesday","Dusk/Dawn",3,4,"Not at intersection",3,999,"A",2001,"SEDAN","HOLDEN","Car","F",23,"22-25","Drivers"
"T20190021361","29/10/19",18:30:00,"Collision with vehicle","Tuesday","Dusk/Dawn",3,4,"Not at intersection",3,999,"B",2013,"WAGON","NISSAN","Station Wagon","M",58,"50-59","Drivers"
"T20190021361","29/10/19",18:30:00,"Collision with vehicle","Tuesday","Dusk/Dawn",3,4,"Not at intersection",3,999,"C",2016,"P MVR","MACK","Prime Mover - Single Trailer","M",40,"40-49","Drivers"
"T20190021363","29/10/19",18:03:00,"Collision with vehicle","Tuesday","Day",2,2,"T intersection",2,60,"A",2009,"WAGON","B M W","Station Wagon","M",25,"22-25","Drivers"
"T20190021366","24/10/19",18:30:00,"Collision with vehicle","Thursday","Day",2,5,"Cross intersection",3,80,"A",2017,"WAGON","MAZDA","Station Wagon","F",67,"64-69","Drivers"
"T20190021366","24/10/19",18:30:00,"Collision with vehicle","Thursday","Day",2,5,"Cross intersection",3,80,"B",2016,"WAGON","KIA","Station Wagon","F",66,"64-69","Drivers"
"T20190021370","13/10/19",06:00:00,"Collision with vehicle","Sunday","Dusk/Dawn",2,3,"Not at intersection",3,40,"A",2015,"SEDAN","TOYOTA","Car","M",27,"26-29","Drivers"
"T20190021371","15/10/19",06:50:00,"Collision with vehicle","Tuesday","Day",2,2,"Not at intersection",3,100,"A",2011,"SEDAN","MAZDA","Car","F",25,"22-25","Drivers"
"T20190021371","15/10/19",06:50:00,"Collision with vehicle","Tuesday","Day",2,2,"Not at intersection",3,100,"B",1997,"S WAG","TOYOTA","Station Wagon","M",36,"30-39","Drivers"
"T20190021372","28/10/19",12:20:00,"Collision with a fixed object","Monday","Day",1,1,"Not at intersection",3,80,"A",2003,"WAGON","LEXUS","Station Wagon","F",73,"70+","Drivers"
"T20190021373","30/10/19",06:30:00,"Collision with vehicle","Wednesday","Day",2,2,"T intersection",3,60,"B",2014,"SEDAN","MAZDA","Car","M",33,"30-39","Drivers"
"T20190021375","29/10/19",07:40:00,"Collision with vehicle","Tuesday","Day",2,2,"T intersection",3,50,"A",2005,"S WAG","FORD","Station Wagon","F",52,"50-59","Drivers"
"T20190021378","20/10/19",11:35:00,"Collision with a fixed object","Sunday","Day",1,1,"Not at intersection",3,100,"A",2007,"S WAG","HYNDAI","Station Wagon","F",34,"30-39","Drivers"
"T20190021379","30/10/19",07:30:00,"Collision with a fixed object","Wednesday","Day",1,1,"Not at intersection",3,80,"A",2019,"C CHAS","FUSO","Light Commercial Vehicle (Rigid) <= 4.5 Tonnes GVM","M",41,"40-49","Drivers"
"T20190021380","26/10/19",13:30:00,"Collision with vehicle","Saturday","Day",2,3,"Cross intersection",3,100,"A",2007,"COUPE","HYNDAI","Car","M",21,"17-21","Drivers"
"T20190021380","26/10/19",13:30:00,"Collision with vehicle","Saturday","Day",2,3,"Cross intersection",3,100,"B",2013,"SEDAN","HOLDEN","Car","M",62,"60-64","Drivers"
"T20190021381","30/10/19",08:30:00,"Collision with vehicle","Wednesday","Day",2,2,"T intersection",3,60,"A",2007,"SEDAN","MITSUB","Car","M",77,"70+","Drivers"
"T20190021381","30/10/19",08:30:00,"Collision with vehicle","Wednesday","Day",2,2,"T intersection",3,60,"B",2012,"WAGON","HOLDEN","Station Wagon","F",31,"30-39","Drivers"
"T20190021383","30/10/19",08:50:00,"Collision with vehicle","Wednesday","Day",3,4,"Not at intersection",3,70,"A",2009,"SEDAN","HONDA","Car","M",39,"30-39","Drivers"
"T20190021383","30/10/19",08:50:00,"Collision with vehicle","Wednesday","Day",3,4,"Not at intersection",3,70,"B",2011,"SEDAN","VOLKS","Car","M",31,"30-39","Drivers"
"T20190021383","30/10/19",08:50:00,"Collision with vehicle","Wednesday","Day",3,4,"Not at intersection",3,70,"C",2016,"SEDAN","TOYOTA","Car","M",38,"30-39","Drivers"
"T20190021384","30/10/19",08:35:00,"Collision with vehicle","Wednesday","Day",2,3,"Not at intersection",3,100,"A",2018,"P MVR","MERC B","Prime Mover - Single Trailer","M",53,"50-59","Drivers"
"T20190021384","30/10/19",08:35:00,"Collision with vehicle","Wednesday","Day",2,3,"Not at intersection",3,100,"B",2016,"TRAY","ISUZU","Heavy Vehicle (Rigid) > 4.5 Tonnes","M",38,"30-39","Drivers"
"T20190021386","30/10/19",06:55:00,"Collision with vehicle","Wednesday","Unknown",2,2,"Not at intersection",3,999,"A",2008,"SEDAN","HOLDEN","Car","M",38,"30-39","Drivers"
"T20190021386","30/10/19",06:55:00,"Collision with vehicle","Wednesday","Unknown",2,2,"Not at intersection",3,999,"B",2002,"SEDAN","HOLDEN","Car","M",22,"22-25","Drivers"
"T20190021388","30/10/19",04:20:00,"Collision with a fixed object","Wednesday","Dark No street lights",1,1,"Not at intersection",2,100,"A",2016,"P MVR","VOLVO","Prime Mover B-Double","M",36,"30-39","Drivers"
"T20190021389","16/10/19",15:30:00,"Collision with vehicle","Wednesday","Unknown",2,2,"Not at intersection",3,80,"A",2015,"SEDAN","SUZUKI","Car","M",59,"50-59","Drivers"
"T20190021389","16/10/19",15:30:00,"Collision with vehicle","Wednesday","Unknown",2,2,"Not at intersection",3,80,"B",2016,"SEDAN","MAZDA","Car","M",61,"60-64","Drivers"
"T20190021391","29/10/19",16:00:00,"Collision with vehicle","Tuesday","Day",2,2,"T intersection",3,999,"A",2016,"WAGON","MAZDA","Station Wagon","F",71,"70+","Drivers"
"T20190021392","30/10/19",10:50:00,"Collision with vehicle","Wednesday","Day",4,4,"Not at intersection",3,60,"A",2014,"SEDAN","HOLDEN","Car","F",63,"60-64","Drivers"
"T20190021393","29/10/19",15:30:00,"Collision with vehicle","Tuesday","Day",2,7,"Cross intersection",3,999,"A",2016,"WAGON","TOYOTA","Station Wagon","F",68,"64-69","Drivers"
"T20190021393","29/10/19",15:30:00,"Collision with vehicle","Tuesday","Day",2,7,"Cross intersection",3,999,"B",2017,"BUS","REN","Mini Bus(9-13 seats)","F",38,"30-39","Drivers"
"T20190021395","25/10/19",18:25:00,"Struck Pedestrian","Friday","Dusk/Dawn",1,2,"Cross intersection",2,999,"A",2016,"SEDAN","AUDI","Car","F",37,"30-39","Drivers"
"T20190021396","30/10/19",11:20:00,"Collision with vehicle","Wednesday","Day",3,3,"Not at intersection",3,80,"A",2016,"SEDAN","VOLKS","Car","M",28,"26-29","Drivers"
"T20190021396","30/10/19",11:20:00,"Collision with vehicle","Wednesday","Day",3,3,"Not at intersection",3,80,"B",2015,"DC UTE","HOLDEN","Utility","M",38,"30-39","Drivers"
"T20190021396","30/10/19",11:20:00,"Collision with vehicle","Wednesday","Day",3,3,"Not at intersection",3,80,"C",2012,"S WAG","HYNDAI","Station Wagon","F",29,"26-29","Drivers"
"T20190021399","28/10/19",15:15:00,"Collision with vehicle","Monday","Day",2,3,"Cross intersection",3,50,"A",2009,"WAGON","HOLDEN","Station Wagon","F",38,"30-39","Drivers"
"T20190021401","30/10/19",12:05:00,"Collision with vehicle","Wednesday","Day",2,2,"Not at intersection",3,40,"A",2013,"WAGON","TOYOTA","Station Wagon","F",46,"40-49","Drivers"
"T20190021402","30/10/19",09:52:00,"Collision with vehicle","Wednesday","Day",3,3,"Not at intersection",3,100,"A",2006,"WAGON","HYNDAI","Station Wagon","F",75,"70+","Drivers"
"T20190021402","30/10/19",09:52:00,"Collision with vehicle","Wednesday","Day",3,3,"Not at intersection",3,100,"B",2003,"SEDAN","HOLDEN","Car","F",73,"70+","Drivers"
"T20190021402","30/10/19",09:52:00,"Collision with vehicle","Wednesday","Day",3,3,"Not at intersection",3,100,"C",2016,"SEDAN","HOLDEN","Car","M",71,"70+","Drivers"
"T20190021403","21/10/19",16:14:00,"Collision with vehicle","Monday","Day",2,2,"Not at intersection",3,60,"A",2013,"SEDAN","MITSUB","Car","F",41,"40-49","Drivers"
"T20190021403","21/10/19",16:14:00,"Collision with vehicle","Monday","Day",2,2,"Not at intersection",3,60,"B",2007,"UTIL","FORD","Utility","M",52,"50-59","Drivers"
"T20190021404","30/10/19",08:14:00,"Collision with vehicle","Wednesday","Day",2,2,"Not at intersection",3,40,"A",2012,"SEDAN","TOYOTA","Car","M",37,"30-39","Drivers"
"T20190021404","30/10/19",08:14:00,"Collision with vehicle","Wednesday","Day",2,2,"Not at intersection",3,40,"B",1994,"SEDAN","TOYOTA","Car","M",24,"22-25","Drivers"
"T20190021405","30/10/19",13:15:00,"Collision with vehicle","Wednesday","Day",2,2,"Cross intersection",3,60,"A",2016,"SEDAN","TOYOTA","Car","M",68,"64-69","Drivers"
"T20190021405","30/10/19",13:15:00,"Collision with vehicle","Wednesday","Day",2,2,"Cross intersection",3,60,"B",2010,"SEDAN","TOYOTA","Car","M",21,"17-21","Drivers"
"T20190021409","30/10/19",07:15:00,"Collision with a fixed object","Wednesday","Day",1,4,"Not at intersection",1,100,"A",1996,"SED","MAZDA","Car","F",35,"30-39","Drivers"
"T20190021412","30/10/19",13:30:00,"Collision with vehicle","Wednesday","Day",2,5,"Cross intersection",3,60,"A",2015,"WAGON","KIA","Station Wagon","M",36,"30-39","Drivers"
"T20190021412","30/10/19",13:30:00,"Collision with vehicle","Wednesday","Day",2,5,"Cross intersection",3,60,"B",2016,"S WAG","HOLDEN","Station Wagon","F",19,"17-21","Drivers"
"T20190021413","28/10/19",06:34:00,"Collision with vehicle","Monday","Day",2,2,"T intersection",3,60,"B",2012,"WAGON","NISSAN","Station Wagon","M",52,"50-59","Drivers"
"T20190021415","29/10/19",17:00:00,"Collision with vehicle","Tuesday","Day",2,3,"Not at intersection",3,100,"A",2010,"SED","TOYOTA","Car","F",26,"26-29","Drivers"
"T20190021415","29/10/19",17:00:00,"Collision with vehicle","Tuesday","Day",2,3,"Not at intersection",3,100,"B",2012,"TRAY","HINO","Light Commercial Vehicle (Rigid) <= 4.5 Tonnes GVM","M",43,"40-49","Drivers"
"T20190021417","25/10/19",15:00:00,"Collision with vehicle","Friday","Day",4,4,"T intersection",3,60,"A",2007,"SEDAN","SUBARU","Car","M",43,"40-49","Drivers"
"T20190021417","25/10/19",15:00:00,"Collision with vehicle","Friday","Day",4,4,"T intersection",3,60,"B",2008,"DC UTE","TOYOTA","Utility","M",52,"50-59","Drivers"
"T20190021417","25/10/19",15:00:00,"Collision with vehicle","Friday","Day",4,4,"T intersection",3,60,"C",2015,"UTIL","VOLKS","Utility","M",47,"40-49","Drivers"
"T20190021417","25/10/19",15:00:00,"Collision with vehicle","Friday","Day",4,4,"T intersection",3,60,"D",2005,"SEDAN","HOLDEN","Car","M",23,"22-25","Drivers"
"T20190021421","30/10/19",14:05:00,"Struck Pedestrian","Wednesday","Day",1,2,"T intersection",3,60,"A",2015,"SEDAN","HOLDEN","Car","M",54,"50-59","Drivers"
"T20190021428","5/9/19",17:30:00,"Collision with vehicle","Thursday","Dusk/Dawn",3,3,"Cross intersection",3,60,"A",2015,"WAGON","HYNDAI","Station Wagon","M",29,"26-29","Drivers"
"T20190021428","5/9/19",17:30:00,"Collision with vehicle","Thursday","Dusk/Dawn",3,3,"Cross intersection",3,60,"B",2000,"WAGON","TOYOTA","Station Wagon","M",51,"50-59","Drivers"
"T20190021428","5/9/19",17:30:00,"Collision with vehicle","Thursday","Dusk/Dawn",3,3,"Cross intersection",3,60,"C",2007,"SEDAN","HOLDEN","Car","F",29,"26-29","Drivers"
"T20190021431","30/10/19",16:15:00,"Collision with vehicle","Wednesday","Day",3,3,"Not at intersection",3,80,"A",2011,"SEDAN","FORD","Car","M",18,"17-21","Drivers"
"T20190021431","30/10/19",16:15:00,"Collision with vehicle","Wednesday","Day",3,3,"Not at intersection",3,80,"B",2001,"SEDAN","MITSUB","Car","M",60,"60-64","Drivers"
"T20190021431","30/10/19",16:15:00,"Collision with vehicle","Wednesday","Day",3,3,"Not at intersection",3,80,"C",2016,"SEDAN","FORD","Car","M",20,"17-21","Drivers"
"T20190021432","30/10/19",17:50:00,"Struck Pedestrian","Wednesday","Day",1,2,"Cross intersection",3,60,"A",2015,"DC UTE","TOYOTA","Utility","F",49,"40-49","Drivers"
"T20190021434","30/10/19",15:40:00,"Collision with vehicle","Wednesday","Day",2,2,"T intersection",3,100,"A",2003,"WAGON","HONDA","Station Wagon","F",68,"64-69","Drivers"
"T20190021434","30/10/19",15:40:00,"Collision with vehicle","Wednesday","Day",2,2,"T intersection",3,100,"B",2011,"SEDAN","TOYOTA","Car","F",59,"50-59","Drivers"
"T20190021435","16/10/19",17:16:00,"Collision with vehicle","Wednesday","Day",2,2,"Not at intersection",3,999,"A",2018,"SEDAN","TOYOTA","Car","F",60,"60-64","Drivers"
"T20190021435","16/10/19",17:16:00,"Collision with vehicle","Wednesday","Day",2,2,"Not at intersection",3,999,"B",2014,"SED","AUDI","Car","M",34,"30-39","Drivers"
"T20190021438","30/10/19",16:30:00,"Collision with vehicle","Wednesday","Unknown",2,3,"Not at intersection",3,999,"A",2010,"WAGON","TOYOTA","Station Wagon","F",56,"50-59","Drivers"
"T20190021438","30/10/19",16:30:00,"Collision with vehicle","Wednesday","Unknown",2,3,"Not at intersection",3,999,"B",2005,"WAGON","FORD","Station Wagon","M",36,"30-39","Drivers"
"T20190021445","28/10/19",16:30:00,"Collision with vehicle","Monday","Day",2,2,"Not at intersection",3,50,"A",2001,"WAGON","TOYOTA","Station Wagon","M",58,"50-59","Drivers"
"T20190021445","28/10/19",16:30:00,"Collision with vehicle","Monday","Day",2,2,"Not at intersection",3,50,"B",2012,"SEDAN","TOYOTA","Car","M",25,"22-25","Drivers"
"T20190021446","5/8/19",06:45:00,"Collision with vehicle","Monday","Dusk/Dawn",2,2,"Not at intersection",3,60,"A",2015,"UTIL","ISUZU","Utility","M",34,"30-39","Drivers"
"T20190021447","6/2/19",15:35:00,"Struck Pedestrian","Wednesday","Day",1,2,"Cross intersection",3,999,"A",2015,"UTIL","HOLDEN","Utility","M",60,"60-64","Drivers"
"T20190021449","30/10/19",14:15:00,"Collision with vehicle","Wednesday","Day",2,2,"Not at intersection",3,60,"A",2014,"SEDAN","B M W","Car","F",45,"40-49","Drivers"
"T20190021450","30/10/19",14:34:00,"Collision with vehicle","Wednesday","Day",2,3,"Cross intersection",3,50,"A",2016,"SEDAN","FORD","Car","M",22,"22-25","Drivers"
"T20190021450","30/10/19",14:34:00,"Collision with vehicle","Wednesday","Day",2,3,"Cross intersection",3,50,"B",2004,"SEDAN","HOLDEN","Car","M",61,"60-64","Drivers"
"T20190021452","30/10/19",16:50:00,"Collision with vehicle","Wednesday","Unknown",2,3,"Cross intersection",3,50,"B",2013,"SEDAN","TOYOTA","Car","M",NA,"unknown","Drivers"
"T20190021454","26/10/19",18:00:00,"Collision with vehicle","Saturday","Unknown",2,2,"T intersection",3,60,"A",2017,"SEDAN","TOYOTA","Car","M",35,"30-39","Drivers"
"T20190021454","26/10/19",18:00:00,"Collision with vehicle","Saturday","Unknown",2,2,"T intersection",3,60,"B",2010,"DC UTE","MITSUB","Utility","M",29,"26-29","Drivers"
"T20190021455","28/10/19",18:15:00,"Collision with vehicle","Monday","Day",2,2,"Not at intersection",3,60,"B",2005,"SEDAN","HONDA","Car","M",24,"22-25","Drivers"
"T20190021457","30/10/19",16:26:00,"Collision with vehicle","Wednesday","Day",2,2,"T intersection",3,40,"B",2004,"SEDAN","TOYOTA","Car","M",34,"30-39","Drivers"
"T20190021460","20/10/19",18:10:00,"Collision with vehicle","Sunday","Day",2,2,"Not at intersection",3,60,"B",2014,"WAGON","JEEP","Station Wagon","F",42,"40-49","Drivers"
"T20190021462","30/10/19",17:00:00,"Collision with vehicle","Wednesday","Day",3,3,"Not at intersection",3,50,"A",2010,"TRAY","FORD","Light Commercial Vehicle (Rigid) <= 4.5 Tonnes GVM","M",36,"30-39","Drivers"
"T20190021462","30/10/19",17:00:00,"Collision with vehicle","Wednesday","Day",3,3,"Not at intersection",3,50,"B",2018,"WAGON","NISSAN","Station Wagon","F",33,"30-39","Drivers"
"T20190021463","30/10/19",22:02:00,"Collision with vehicle","Wednesday","Dark Street lights on",2,2,"T intersection",3,60,"B",2003,"SEDAN","B M W","Car","M",21,"17-21","Drivers"
"T20190021464","14/10/19",13:57:00,"Collision with vehicle","Monday","Day",2,2,"T intersection",2,60,"A",2001,"SEDAN","NISSAN","Car","M",23,"22-25","Drivers"
"T20190021464","14/10/19",13:57:00,"Collision with vehicle","Monday","Day",2,2,"T intersection",2,60,"B",2014,"SEDAN","SUZUKI","Car","F",58,"50-59","Drivers"
"T20190021468","30/10/19",19:51:00,"Collision with a fixed object","Wednesday","Dusk/Dawn",1,1,"Not at intersection",3,80,"A",2005,"SEDAN","HONDA","Car","M",20,"17-21","Drivers"
"T20190021469","30/10/19",11:50:00,"Collision with a fixed object","Wednesday","Day",1,1,"Not at intersection",3,50,"A",2005,"SEDAN","MAZDA","Car","F",39,"30-39","Drivers"
"T20190021470","9/5/19",17:20:00,"Collision with vehicle","Thursday","Dusk/Dawn",2,2,"Cross intersection",3,60,"A",2001,"COUPE","B M W","Car","M",30,"30-39","Drivers"
"T20190021470","9/5/19",17:20:00,"Collision with vehicle","Thursday","Dusk/Dawn",2,2,"Cross intersection",3,60,"B",2013,"SEDAN","KIA","Car","U",NA,"unknown","Drivers"
"T20190021472","31/10/19",07:21:00,"Collision with vehicle","Thursday","Day",2,2,"Not at intersection",3,50,"A",2005,"SEDAN","TOYOTA","Car","F",53,"50-59","Drivers"
"T20190021472","31/10/19",07:21:00,"Collision with vehicle","Thursday","Day",2,2,"Not at intersection",3,50,"B",2009,"SEDAN","HOLDEN","Car","M",30,"30-39","Drivers"
"T20190021473","30/10/19",13:25:00,"Struck Pedestrian","Wednesday","Day",1,2,"Not at intersection",3,60,"B",2011,"TRAY","UNKN","Light Commercial Vehicle (Rigid) <= 4.5 Tonnes GVM","M",23,"22-25","Drivers"
"T20190021474","23/10/19",19:00:00,"Collision with vehicle","Wednesday","Unknown",2,2,"Not at intersection",3,60,"A",2016,"SEDAN","HONDA","Car","M",71,"70+","Drivers"
"T20190021474","23/10/19",19:00:00,"Collision with vehicle","Wednesday","Unknown",2,2,"Not at intersection",3,60,"B",2003,"WAGON","TOYOTA","Station Wagon","M",25,"22-25","Drivers"
"T20190021476","31/10/19",08:20:00,"Collision with vehicle","Thursday","Day",2,2,"Cross intersection",3,60,"A",2013,"SEDAN","HONDA","Car","M",55,"50-59","Drivers"
"T20190021478","31/10/19",07:38:00,"Collision with vehicle","Thursday","Day",2,1,"Cross intersection",3,40,"B",2015,"SED","NISSAN","Car","M",44,"40-49","Drivers"
"T20190021480","13/10/19",11:00:00,"Collision with vehicle","Sunday","Day",2,1,"Not at intersection",3,888,"A",2009,"SEDAN","HOLDEN","Car","F",60,"60-64","Drivers"
"T20190021483","31/10/19",05:50:00,"Collision with vehicle","Thursday","Dusk/Dawn",2,2,"T intersection",3,80,"A",2006,"SEDAN","HOLDEN","Car","M",34,"30-39","Drivers"
"T20190021483","31/10/19",05:50:00,"Collision with vehicle","Thursday","Dusk/Dawn",2,2,"T intersection",3,80,"B",2003,"SEDAN","HOLDEN","Car","M",32,"30-39","Drivers"
"T20190021484","31/10/19",09:00:00,"Collision with vehicle","Thursday","Day",2,2,"Cross intersection",3,999,"A",2007,"SEDAN","TOYOTA","Car","M",21,"17-21","Drivers"
"T20190021484","31/10/19",09:00:00,"Collision with vehicle","Thursday","Day",2,2,"Cross intersection",3,999,"B",2016,"TRAY","TOYOTA","Utility","M",57,"50-59","Drivers"
"T20190021485","11/9/19",20:30:00,"Collision with a fixed object","Wednesday","Dark Street lights on",2,2,"T intersection",3,60,"A",2017,"WAGON","TOYOTA","Station Wagon","F",28,"26-29","Drivers"
"T20190021486","31/10/19",09:00:00,"Collision with vehicle","Thursday","Day",2,2,"Cross intersection",3,80,"A",2006,"WAGON","FORD","Station Wagon","M",33,"30-39","Drivers"
"T20190021486","31/10/19",09:00:00,"Collision with vehicle","Thursday","Day",2,2,"Cross intersection",3,80,"B",2018,"WAGON","HONDA","Station Wagon","F",29,"26-29","Drivers"
"T20190021487","31/10/19",08:53:00,"Collision with a fixed object","Thursday","Day",1,1,"T intersection",3,50,"A",2006,"WAGON","FORD","Station Wagon","F",55,"50-59","Drivers"
"T20190021490","29/10/19",16:40:00,"Struck Pedestrian","Tuesday","Day",1,2,"Not at intersection",3,60,"A",2016,"SEDAN","TOYOTA","Car","M",19,"17-21","Drivers"
"T20190021491","31/10/19",10:52:00,"Collision with vehicle","Thursday","Day",2,3,"Cross intersection",3,60,"A",1998,"SEDAN","NISSAN","Car","M",72,"70+","Drivers"
"T20190021491","31/10/19",10:52:00,"Collision with vehicle","Thursday","Day",2,3,"Cross intersection",3,60,"B",2002,"SEDAN","MAZDA","Car","M",27,"26-29","Drivers"
"T20190021493","31/10/19",10:35:00,"Collision with vehicle","Thursday","Day",2,2,"Cross intersection",3,70,"A",2018,"WAGON","HONDA","Station Wagon","F",71,"70+","Drivers"
"T20190021493","31/10/19",10:35:00,"Collision with vehicle","Thursday","Day",2,2,"Cross intersection",3,70,"B",2009,"SEDAN","MERC B","Car","F",81,"70+","Drivers"
"T20190021501","31/10/19",10:39:00,"collision with some other object","Thursday","Day",3,3,"Not at intersection",3,999,"A",2014,"WAGON","HYNDAI","Station Wagon","F",71,"70+","Drivers"
"T20190021503","29/10/19",15:30:00,"Collision with vehicle","Tuesday","Day",2,2,"Not at intersection",2,999,"A",1994,"SEDAN","TOYOTA","Car","F",19,"17-21","Drivers"
"T20190021503","29/10/19",15:30:00,"Collision with vehicle","Tuesday","Day",2,2,"Not at intersection",2,999,"B",2015,"SEDAN","TOYOTA","Taxi","M",43,"40-49","Drivers"
"T20190021504","31/10/19",12:24:00,"Collision with vehicle","Thursday","Day",2,2,"Not at intersection",3,999,"A",2014,"DC UTE","MAZDA","Utility","M",37,"30-39","Drivers"
"T20190021504","31/10/19",12:24:00,"Collision with vehicle","Thursday","Day",2,2,"Not at intersection",3,999,"B",2005,"SEDAN","HONDA","Car","U",35,"30-39","Drivers"
"T20190021505","31/10/19",10:15:00,"Collision with vehicle","Thursday","Day",2,3,"Not at intersection",3,60,"A",2016,"WAGON","L ROV","Station Wagon","F",36,"30-39","Drivers"
"T20190021505","31/10/19",10:15:00,"Collision with vehicle","Thursday","Day",2,3,"Not at intersection",3,60,"B",2015,"DC UTE","FORD","Utility","M",71,"70+","Drivers"
"T20190021508","31/10/19",12:30:00,"Collision with vehicle","Thursday","Day",2,6,"T intersection",3,60,"A",2002,"SEDAN","JAGUAR","Car","M",79,"70+","Drivers"
"T20190021508","31/10/19",12:30:00,"Collision with vehicle","Thursday","Day",2,6,"T intersection",3,60,"B",2016,"WAGON","HYNDAI","Station Wagon","F",53,"50-59","Drivers"
"T20190021509","31/10/19",13:30:00,"Collision with vehicle","Thursday","Day",2,3,"Cross intersection",3,40,"B",2019,"WAGON","HOLDEN","Station Wagon","M",NA,"unknown","Drivers"
"T20190021510","29/8/19",08:30:00,"Collision with vehicle","Thursday","Day",2,2,"Not at intersection",3,60,"A",2010,"WAGON","FORD","Station Wagon","F",40,"40-49","Drivers"
"T20190021510","29/8/19",08:30:00,"Collision with vehicle","Thursday","Day",2,2,"Not at intersection",3,60,"B",2004,"SEDAN","HYNDAI","Car","F",26,"26-29","Drivers"
"T20190021511","29/10/19",07:50:00,"Collision with vehicle","Tuesday","Day",3,3,"Not at intersection",3,100,"A",2014,"DC UTE","TOYOTA","Utility","M",19,"17-21","Drivers"