"ACCIDENT_NO","ACCIDENTDATE","ACCIDENTTIME","Accident Type Desc","Day Week Description","Light Condition Desc","NO_OF_VEHICLES","NO_PERSONS","Road Geometry Desc","SEVERITY","SPEED_ZONE","VEHICLE_ID","VEHICLE_YEAR_MANUF","VEHICLE_BODY_STYLE","VEHICLE_MAKE","Vehicle Type Desc","SEX","AGE","Age Group","Road User Type Desc"
"T20190021511","29/10/19",07:50:00,"Collision with vehicle","Tuesday","Day",3,3,"Not at intersection",3,100,"B",2007,"SEDAN","MAZDA","Car","M",19,"17-21","Drivers"
"T20190021511","29/10/19",07:50:00,"Collision with vehicle","Tuesday","Day",3,3,"Not at intersection",3,100,"C",2000,"UTIL","HOLDEN","Utility","M",24,"22-25","Drivers"
"T20190021513","31/10/19",13:29:00,"Collision with a fixed object","Thursday","Day",1,3,"Not at intersection",3,40,"A",2018,"S WAG","HONDA","Station Wagon","F",71,"70+","Drivers"
"T20190021515","31/10/19",08:47:00,"Collision with vehicle","Thursday","Day",2,2,"Not at intersection",3,60,"A",2011,"SEDAN","TOYOTA","Car","M",32,"30-39","Drivers"
"T20190021515","31/10/19",08:47:00,"Collision with vehicle","Thursday","Day",2,2,"Not at intersection",3,60,"B",2018,"WAGON","NISSAN","Station Wagon","F",41,"40-49","Drivers"
"T20190021516","31/10/19",12:07:00,"Collision with vehicle","Thursday","Day",2,4,"Not at intersection",3,80,"A",2017,"WAGON","HYNDAI","Station Wagon","U",NA,"unknown","Drivers"
"T20190021516","31/10/19",12:07:00,"Collision with vehicle","Thursday","Day",2,4,"Not at intersection",3,80,"B",1998,"SEDAN","MERC B","Car","M",34,"30-39","Drivers"
"T20190021517","31/10/19",11:15:00,"Collision with vehicle","Thursday","Day",2,2,"T intersection",3,100,"A",2007,"TRAY","MITSUB","Light Commercial Vehicle (Rigid) <= 4.5 Tonnes GVM","M",25,"22-25","Drivers"
"T20190021517","31/10/19",11:15:00,"Collision with vehicle","Thursday","Day",2,2,"T intersection",3,100,"B",2015,"P MVR","W STAR","Prime Mover - Single Trailer","M",59,"50-59","Drivers"
"T20190021519","31/10/19",13:45:00,"Struck Pedestrian","Thursday","Day",1,2,"Cross intersection",3,50,"A",2004,"WAGON","HONDA","Station Wagon","F",24,"22-25","Drivers"
"T20190021520","31/10/19",11:40:00,"Collision with vehicle","Thursday","Day",2,2,"Cross intersection",3,60,"A",2017,"VAN","VOLKS","Panel Van","M",40,"40-49","Drivers"
"T20190021520","31/10/19",11:40:00,"Collision with vehicle","Thursday","Day",2,2,"Cross intersection",3,60,"B",2005,"CONVRT","KENWTH","Prime Mover - Single Trailer","M",30,"30-39","Drivers"
"T20190021522","22/10/19",16:30:00,"Collision with vehicle","Tuesday","Day",2,3,"Cross intersection",3,60,"A",2010,"SEDAN","AUDI","Car","F",29,"26-29","Drivers"
"T20190021522","22/10/19",16:30:00,"Collision with vehicle","Tuesday","Day",2,3,"Cross intersection",3,60,"B",2013,"SEDAN","HOLDEN","Car","M",16,"16-17","Drivers"
"T20190021523","31/10/19",15:40:00,"Collision with vehicle","Thursday","Day",2,2,"Not at intersection",3,60,"A",2010,"SED","FORD","Car","M",19,"17-21","Drivers"
"T20190021523","31/10/19",15:40:00,"Collision with vehicle","Thursday","Day",2,2,"Not at intersection",3,60,"B",2009,"WAGON","HOLDEN","Station Wagon","F",33,"30-39","Drivers"
"T20190021524","28/10/19",19:30:00,"Collision with vehicle","Monday","Day",2,2,"T intersection",3,999,"B",2014,"SEDAN","MERC B","Car","M",49,"40-49","Drivers"
"T20190021525","31/10/19",14:40:00,"Collision with vehicle","Thursday","Day",2,2,"T intersection",3,60,"A",2005,"SEDAN","HONDA","Car","F",37,"30-39","Drivers"
"T20190021525","31/10/19",14:40:00,"Collision with vehicle","Thursday","Day",2,2,"T intersection",3,60,"B",2010,"UTIL","TOYOTA","Utility","M",67,"64-69","Drivers"
"T20190021526","31/10/19",16:13:00,"Collision with vehicle","Thursday","Day",2,2,"Cross intersection",3,70,"A",2005,"SEDAN","TOYOTA","Car","M",90,"70+","Drivers"
"T20190021526","31/10/19",16:13:00,"Collision with vehicle","Thursday","Day",2,2,"Cross intersection",3,70,"B",2007,"SEDAN","FORD","Car","F",26,"26-29","Drivers"
"T20190021527","19/9/19",16:00:00,"Collision with vehicle","Thursday","Day",2,4,"Cross intersection",3,999,"A",1997,"SEDAN","TOYOTA","Car","M",43,"40-49","Drivers"
"T20190021527","19/9/19",16:00:00,"Collision with vehicle","Thursday","Day",2,4,"Cross intersection",3,999,"B",2004,"WAGON","CITRN","Station Wagon","M",54,"50-59","Drivers"
"T20190021528","25/10/19",11:45:00,"Collision with vehicle","Friday","Day",2,3,"Not at intersection",3,60,"A",2017,"SEDAN","HOLDEN","Car","F",19,"17-21","Drivers"
"T20190021528","25/10/19",11:45:00,"Collision with vehicle","Friday","Day",2,3,"Not at intersection",3,60,"B",2015,"WAGON","SUBARU","Station Wagon","M",48,"40-49","Drivers"
"T20190021530","31/10/19",18:00:00,"Collision with vehicle","Thursday","Day",2,4,"Cross intersection",3,80,"A",2010,"WAGON","NISSAN","Station Wagon","F",42,"40-49","Drivers"
"T20190021530","31/10/19",18:00:00,"Collision with vehicle","Thursday","Day",2,4,"Cross intersection",3,80,"B",1999,"WAGON","NISSAN","Station Wagon","M",24,"22-25","Drivers"
"T20190021531","31/10/19",15:43:00,"Collision with vehicle","Thursday","Day",2,4,"Y intersection",3,60,"B",2010,"WAGON","HOLDEN","Station Wagon","F",24,"22-25","Drivers"
"T20190021532","28/10/19",08:00:00,"Collision with vehicle","Monday","Day",3,3,"Not at intersection",2,50,"A",2008,"TIPPER","HINO","Light Commercial Vehicle (Rigid) <= 4.5 Tonnes GVM","M",56,"50-59","Drivers"
"T20190021532","28/10/19",08:00:00,"Collision with vehicle","Monday","Day",3,3,"Not at intersection",2,50,"B",1999,"SEDAN","SUZUKI","Car","F",50,"50-59","Drivers"
"T20190021532","28/10/19",08:00:00,"Collision with vehicle","Monday","Day",3,3,"Not at intersection",2,50,"C",2010,"WAGON","TOYOTA","Station Wagon","F",56,"50-59","Drivers"
"T20190021533","31/10/19",16:30:00,"Collision with vehicle","Thursday","Day",2,3,"T intersection",3,60,"A",2011,"VAN","CITRN","Panel Van","M",26,"26-29","Drivers"
"T20190021533","31/10/19",16:30:00,"Collision with vehicle","Thursday","Day",2,3,"T intersection",3,60,"B",2011,"SEDAN","HYNDAI","Car","F",25,"22-25","Drivers"
"T20190021536","31/10/19",20:15:00,"Struck Pedestrian","Thursday","Dark Street lights on",1,2,"T intersection",3,40,"A",2005,"SEDAN","FORD","Car","M",60,"60-64","Drivers"
"T20190021537","29/10/19",07:30:00,"Collision with vehicle","Tuesday","Day",2,2,"Not at intersection",3,80,"A",2016,"SEDAN","VOLKS","Car","F",31,"30-39","Drivers"
"T20190021537","29/10/19",07:30:00,"Collision with vehicle","Tuesday","Day",2,2,"Not at intersection",3,80,"B",2019,"WAGON","MITSUB","Station Wagon","M",34,"30-39","Drivers"
"T20190021539","31/10/19",07:45:00,"Collision with vehicle","Thursday","Day",2,2,"T intersection",3,80,"A",2018,"S WAG","KIA","Station Wagon","F",36,"30-39","Drivers"
"T20190021540","31/10/19",15:30:00,"Collision with vehicle","Thursday","Day",2,2,"Cross intersection",3,60,"A",2007,"SEDAN","TOYOTA","Car","F",27,"26-29","Drivers"
"T20190021545","31/10/19",01:45:00,"Collision with a fixed object","Thursday","Dark No street lights",1,1,"T intersection",3,100,"A",2005,"S WAG","FORD","Station Wagon","F",19,"17-21","Drivers"
"T20190021546","31/10/19",19:04:00,"Collision with a fixed object","Thursday","Dusk/Dawn",3,1,"Not at intersection",3,80,"C",0,NA,"UNKN","Other Vehicle","M",69,"64-69","Drivers"
"T20190021547","31/10/19",20:40:00,"Struck animal","Thursday","Dark No street lights",1,1,"Not at intersection",3,100,"A",2011,"WAGON","MAZDA","Station Wagon","F",45,"40-49","Drivers"
"T20190021548","31/10/19",14:06:00,"Struck Pedestrian","Thursday","Day",1,2,"Not at intersection",3,50,"A",2019,"VAN","TOYOTA","Light Commercial Vehicle (Rigid) <= 4.5 Tonnes GVM","F",NA,"unknown","Drivers"
"T20190021549","31/10/19",21:47:00,"Collision with vehicle","Thursday","Dark Street lights on",2,4,"Cross intersection",3,40,"A",2002,"WAGON","TOYOTA","Station Wagon","M",58,"50-59","Drivers"
"T20190021550","31/10/19",05:50:00,"Collision with vehicle","Thursday","Dusk/Dawn",3,3,"Not at intersection",3,80,"A",2008,"VAN","MITSUB","Panel Van","M",44,"40-49","Drivers"
"T20190021550","31/10/19",05:50:00,"Collision with vehicle","Thursday","Dusk/Dawn",3,3,"Not at intersection",3,80,"B",2010,"VAN","ISUZU","Heavy Vehicle (Rigid) > 4.5 Tonnes","M",50,"50-59","Drivers"
"T20190021550","31/10/19",05:50:00,"Collision with vehicle","Thursday","Dusk/Dawn",3,3,"Not at intersection",3,80,"C",2005,"SEDAN","MAZDA","Car","M",22,"22-25","Drivers"
"T20190021553","31/10/19",21:06:00,"Collision with vehicle","Thursday","Dark No street lights",5,7,"Not at intersection",1,100,"B",2017,"WAGON","VOLKS","Station Wagon","F",50,"50-59","Drivers"
"T20190021553","31/10/19",21:06:00,"Collision with vehicle","Thursday","Dark No street lights",5,7,"Not at intersection",1,100,"C",2005,"SEDAN","HOLDEN","Car","M",45,"40-49","Drivers"
"T20190021553","31/10/19",21:06:00,"Collision with vehicle","Thursday","Dark No street lights",5,7,"Not at intersection",1,100,"D",2011,"WAGON","L ROV","Station Wagon","F",43,"40-49","Drivers"
"T20190021553","31/10/19",21:06:00,"Collision with vehicle","Thursday","Dark No street lights",5,7,"Not at intersection",1,100,"E",2017,"COUPE","MERC B","Car","F",67,"64-69","Drivers"
"T20190021555","31/10/19",23:52:00,"Collision with a fixed object","Thursday","Dark Street lights on",1,1,"Not at intersection",3,60,"A",2008,"SEDAN","FORD","Car","M",26,"26-29","Drivers"
"T20190021559","26/10/19",08:10:00,"Collision with vehicle","Saturday","Day",2,2,"Cross intersection",3,999,"A",2009,"SEDAN","VOLKS","Car","F",29,"26-29","Drivers"
"T20190021559","26/10/19",08:10:00,"Collision with vehicle","Saturday","Day",2,2,"Cross intersection",3,999,"B",2003,"SEDAN","FORD","Car","F",23,"22-25","Drivers"
"T20190021560","1/11/19",07:00:00,"Collision with vehicle","Friday","Dusk/Dawn",2,2,"Cross intersection",3,80,"A",2014,"SEDAN","VOLKS","Car","F",23,"22-25","Drivers"
"T20190021560","1/11/19",07:00:00,"Collision with vehicle","Friday","Dusk/Dawn",2,2,"Cross intersection",3,80,"B",2007,"SEDAN","TOYOTA","Car","M",41,"40-49","Drivers"
"T20190021561","28/10/19",18:15:00,"Collision with vehicle","Monday","Day",2,2,"Cross intersection",3,50,"B",2014,"SEDAN","MERC B","Car","M",25,"22-25","Drivers"
"T20190021566","1/11/19",09:36:00,"Collision with vehicle","Friday","Day",2,1,"Not at intersection",3,80,"A",2013,"SEDAN","NISSAN","Car","F",24,"22-25","Drivers"
"T20190021567","1/11/19",09:40:00,"Collision with vehicle","Friday","Day",2,2,"Cross intersection",3,60,"A",2009,"SEDAN","HONDA","Car","F",44,"40-49","Drivers"
"T20190021569","23/10/19",09:15:00,"Collision with vehicle","Wednesday","Day",2,2,"T intersection",3,999,"A",2000,"SEDAN","MAZDA","Car","F",37,"30-39","Drivers"
"T20190021569","23/10/19",09:15:00,"Collision with vehicle","Wednesday","Day",2,2,"T intersection",3,999,"B",0,"VAN","UNKN","Panel Van","U",NA,"unknown","Drivers"
"T20190021570","1/11/19",10:50:00,"Collision with a fixed object","Friday","Day",1,1,"Not at intersection",3,70,"A",2001,"SEDAN","HOLDEN","Car","M",42,"40-49","Drivers"
"T20190021572","1/11/19",11:20:00,"Collision with vehicle","Friday","Day",2,3,"Cross intersection",3,50,"A",2012,"DC UTE","MAZDA","Utility","M",66,"64-69","Drivers"
"T20190021572","1/11/19",11:20:00,"Collision with vehicle","Friday","Day",2,3,"Cross intersection",3,50,"B",2004,"SEDAN","FORD","Car","F",18,"17-21","Drivers"
"T20190021577","11/10/19",16:35:00,"Collision with vehicle","Friday","Day",2,3,"T intersection",3,70,"A",2012,"WAGON","TOYOTA","Station Wagon","F",49,"40-49","Drivers"
"T20190021577","11/10/19",16:35:00,"Collision with vehicle","Friday","Day",2,3,"T intersection",3,70,"B",2013,"SEDAN","HOLDEN","Car","M",45,"40-49","Drivers"
"T20190021579","1/11/19",10:50:00,"Collision with vehicle","Friday","Day",2,2,"Cross intersection",3,40,"A",2012,"SEDAN","TOYOTA","Car","M",38,"30-39","Drivers"
"T20190021580","1/11/19",12:31:00,"Collision with a fixed object","Friday","Day",1,1,"Not at intersection",3,60,"A",1987,"WAGON","TOYOTA","Station Wagon","F",36,"30-39","Drivers"
"T20190021583","30/10/19",11:00:00,"Collision with a fixed object","Wednesday","Day",1,1,"Not at intersection",3,999,"A",2000,"WAGON","NISSAN","Station Wagon","M",23,"22-25","Drivers"
"T20190021584","1/11/19",13:14:00,"Collision with vehicle","Friday","Day",4,5,"Not at intersection",3,100,"A",2014,"WAGON","DODGE","Station Wagon","M",55,"50-59","Drivers"
"T20190021584","1/11/19",13:14:00,"Collision with vehicle","Friday","Day",4,5,"Not at intersection",3,100,"B",2007,"WAGON","TOYOTA","Station Wagon","F",33,"30-39","Drivers"
"T20190021584","1/11/19",13:14:00,"Collision with vehicle","Friday","Day",4,5,"Not at intersection",3,100,"C",2009,"SEDAN","HYNDAI","Car","F",21,"17-21","Drivers"
"T20190021584","1/11/19",13:14:00,"Collision with vehicle","Friday","Day",4,5,"Not at intersection",3,100,"D",0,"S WAG","MAZ","Station Wagon","F",21,"17-21","Drivers"
"T20190021587","1/11/19",07:30:00,"Collision with vehicle","Friday","Dusk/Dawn",2,2,"T intersection",3,999,"A",2004,"SEDAN","HYNDAI","Car","F",35,"30-39","Drivers"
"T20190021592","31/10/19",20:45:00,"Collision with vehicle","Thursday","Dark Street lights on",2,3,"Not at intersection",3,999,"A",2014,"SEDAN","FORD","Taxi","M",37,"30-39","Drivers"
"T20190021593","1/11/19",15:20:00,"Collision with a fixed object","Friday","Day",1,1,"Not at intersection",3,100,"A",2015,"UTIL","TOYOTA","Utility","M",31,"30-39","Drivers"
"T20190021596","31/10/19",15:53:00,"Collision with vehicle","Thursday","Day",2,2,"Cross intersection",3,40,"C",2012,"VAN","IVECO","Panel Van","M",24,"22-25","Drivers"
"T20190021597","29/10/19",18:22:00,"Collision with vehicle","Tuesday","Dusk/Dawn",2,2,"T intersection",3,50,"A",2015,"WAGON","HOLDEN","Station Wagon","F",52,"50-59","Drivers"
"T20190021597","29/10/19",18:22:00,"Collision with vehicle","Tuesday","Dusk/Dawn",2,2,"T intersection",3,50,"B",2003,"SEDAN","HOLDEN","Car","F",20,"17-21","Drivers"
"T20190021598","31/10/19",18:00:00,"Collision with vehicle","Thursday","Day",3,3,"Not at intersection",3,70,"A",1998,"SEDAN","TOYOTA","Car","M",65,"64-69","Drivers"
"T20190021598","31/10/19",18:00:00,"Collision with vehicle","Thursday","Day",3,3,"Not at intersection",3,70,"B",2007,"WAGON","SUBARU","Station Wagon","M",29,"26-29","Drivers"
"T20190021598","31/10/19",18:00:00,"Collision with vehicle","Thursday","Day",3,3,"Not at intersection",3,70,"C",2008,"SEDAN","FORD","Car","F",29,"26-29","Drivers"
"T20190021599","1/11/19",08:30:00,"Collision with vehicle","Friday","Day",2,2,"T intersection",3,60,"A",2007,"SEDAN","HYNDAI","Car","M",35,"30-39","Drivers"
"T20190021599","1/11/19",08:30:00,"Collision with vehicle","Friday","Day",2,2,"T intersection",3,60,"B",2002,"SEDAN","B M W","Car","M",59,"50-59","Drivers"
"T20190021601","3/10/19",17:45:00,"Collision with vehicle","Thursday","Day",2,4,"T intersection",3,60,"A",2005,"SEDAN","LEXUS","Car","F",31,"30-39","Drivers"
"T20190021601","3/10/19",17:45:00,"Collision with vehicle","Thursday","Day",2,4,"T intersection",3,60,"B",2014,"WAGON","MAZDA","Station Wagon","F",35,"30-39","Drivers"
"T20190021602","28/10/19",07:55:00,"Collision with vehicle","Monday","Day",2,2,"Cross intersection",3,60,"A",2017,"WAGON","HOLDEN","Station Wagon","F",29,"26-29","Drivers"
"T20190021604","1/11/19",09:00:00,"Collision with vehicle","Friday","Day",2,3,"Not at intersection",3,70,"A",2010,"BUS","SCANIA","Bus/Coach","M",63,"60-64","Drivers"
"T20190021604","1/11/19",09:00:00,"Collision with vehicle","Friday","Day",2,3,"Not at intersection",3,70,"B",2012,"SEDAN","HYNDAI","Car","F",30,"30-39","Drivers"
"T20190021606","22/8/19",12:15:00,"Collision with vehicle","Thursday","Day",2,2,"Not at intersection",3,60,"A",2018,"WAGON","VOLVO","Station Wagon","F",40,"40-49","Drivers"
"T20190021606","22/8/19",12:15:00,"Collision with vehicle","Thursday","Day",2,2,"Not at intersection",3,60,"B",2011,"SEDAN","MAZDA","Car","M",50,"50-59","Drivers"
"T20190021607","1/11/19",16:45:00,"Collision with vehicle","Friday","Day",2,5,"Not at intersection",3,100,"A",1999,"S WAG","HOLDEN","Station Wagon","M",49,"40-49","Drivers"
"T20190021607","1/11/19",16:45:00,"Collision with vehicle","Friday","Day",2,5,"Not at intersection",3,100,"B",2010,"S WAG","TOYOTA","Station Wagon","M",31,"30-39","Drivers"
"T20190021608","31/10/19",07:30:00,"Collision with vehicle","Thursday","Day",2,2,"Not at intersection",3,100,"A",2009,"SEDAN","TOYOTA","Car","F",25,"22-25","Drivers"
"T20190021608","31/10/19",07:30:00,"Collision with vehicle","Thursday","Day",2,2,"Not at intersection",3,100,"B",2013,"SEDAN","FORD","Car","M",59,"50-59","Drivers"
"T20190021609","1/11/19",14:30:00,"Struck Pedestrian","Friday","Day",1,2,"Cross intersection",3,999,"A",1998,"RDSTR","MAZDA","Car","F",68,"64-69","Drivers"
"T20190021611","29/10/19",16:45:00,"Collision with vehicle","Tuesday","Day",2,2,"Not at intersection",3,999,"A",2002,"UTIL","FORD","Utility","M",28,"26-29","Drivers"
"T20190021611","29/10/19",16:45:00,"Collision with vehicle","Tuesday","Day",2,2,"Not at intersection",3,999,"B",2018,"P MVR","VOLVO","Prime Mover - Single Trailer","M",32,"30-39","Drivers"
"T20190021612","1/11/19",17:48:00,"Collision with a fixed object","Friday","Day",1,1,"Not at intersection",3,60,"A",2016,"SEDAN","VOLKS","Car","M",29,"26-29","Drivers"
"T20190021613","29/10/19",07:40:00,"Collision with vehicle","Tuesday","Day",2,2,"Cross intersection",3,40,"A",2009,"SEDAN","TOYOTA","Car","F",71,"70+","Drivers"
"T20190021616","1/11/19",17:20:00,"Vehicle overturned (no collision)","Friday","Day",1,1,"Not at intersection",3,100,"A",2004,"TRAY","MAZDA","Utility","M",78,"70+","Drivers"
"T20190021617","31/10/19",08:05:00,"Collision with vehicle","Thursday","Day",2,2,"Multiple intersection",3,50,"A",2015,"SEDAN","HONDA","Car","F",27,"26-29","Drivers"
"T20190021617","31/10/19",08:05:00,"Collision with vehicle","Thursday","Day",2,2,"Multiple intersection",3,50,"B",2011,"C MIX","MACK","Light Commercial Vehicle (Rigid) <= 4.5 Tonnes GVM","M",32,"30-39","Drivers"
"T20190021618","25/10/19",16:40:00,"Collision with vehicle","Friday","Day",2,2,"Not at intersection",3,999,"A",2012,"SEDAN","NISSAN","Car","F",52,"50-59","Drivers"
"T20190021618","25/10/19",16:40:00,"Collision with vehicle","Friday","Day",2,2,"Not at intersection",3,999,"B",2019,"WAGON","KIA","Station Wagon","M",76,"70+","Drivers"
"T20190021619","16/10/19",13:20:00,"Collision with vehicle","Wednesday","Day",2,2,"Not at intersection",3,40,"A",2012,"SEDAN","SUZUKI","Car","F",41,"40-49","Drivers"
"T20190021619","16/10/19",13:20:00,"Collision with vehicle","Wednesday","Day",2,2,"Not at intersection",3,40,"B",2011,"SED","TOYOTA","Car","F",63,"60-64","Drivers"
"T20190021620","1/11/19",15:28:00,"Collision with vehicle","Friday","Day",4,4,"Not at intersection",2,70,"A",2016,"SEDAN","VOLKS","Car","M",36,"30-39","Drivers"
"T20190021620","1/11/19",15:28:00,"Collision with vehicle","Friday","Day",4,4,"Not at intersection",2,70,"B",2008,"SEDAN","TOYOTA","Car","F",36,"30-39","Drivers"
"T20190021620","1/11/19",15:28:00,"Collision with vehicle","Friday","Day",4,4,"Not at intersection",2,70,"C",2009,"WAGON","SUBARU","Station Wagon","M",34,"30-39","Drivers"
"T20190021620","1/11/19",15:28:00,"Collision with vehicle","Friday","Day",4,4,"Not at intersection",2,70,"D",2018,"WAGON","SUBARU","Station Wagon","M",73,"70+","Drivers"
"T20190021624","1/11/19",16:40:00,"Collision with vehicle","Friday","Day",2,3,"Cross intersection",3,100,"A",0,"SED","KIA","Car","M",32,"30-39","Drivers"
"T20190021624","1/11/19",16:40:00,"Collision with vehicle","Friday","Day",2,3,"Cross intersection",3,100,"B",2011,"S WAG","TOYOTA","Station Wagon","F",54,"50-59","Drivers"
"T20190021626","1/11/19",19:36:00,"Collision with a fixed object","Friday","Dusk/Dawn",1,3,"T intersection",3,75,"C",2012,"DC UTE","NISSAN","Utility","M",31,"30-39","Drivers"
"T20190021627","1/11/19",17:50:00,"Collision with vehicle","Friday","Day",2,2,"Cross intersection",2,50,"A",2015,"WAGON","TOYOTA","Station Wagon","M",49,"40-49","Drivers"
"T20190021627","1/11/19",17:50:00,"Collision with vehicle","Friday","Day",2,2,"Cross intersection",2,50,"B",2017,"SEDAN","HOLDEN","Car","F",43,"40-49","Drivers"
"T20190021628","1/11/19",08:45:00,"Collision with vehicle","Friday","Day",2,2,"Cross intersection",3,999,"A",2005,"WAGON","B M W","Station Wagon","F",38,"30-39","Drivers"
"T20190021628","1/11/19",08:45:00,"Collision with vehicle","Friday","Day",2,2,"Cross intersection",3,999,"B",2014,"UTIL","FORD","Utility","U",70,"70+","Drivers"
"T20190021632","1/11/19",19:03:00,"Collision with vehicle","Friday","Dusk/Dawn",2,2,"Not at intersection",3,50,"A",2004,"SEDAN","SUBARU","Car","M",32,"30-39","Drivers"
"T20190021633","1/11/19",16:50:00,"Collision with vehicle","Friday","Day",3,3,"T intersection",1,60,"B",2015,"SEDAN","HONDA","Car","F",79,"70+","Drivers"
"T20190021633","1/11/19",16:50:00,"Collision with vehicle","Friday","Day",3,3,"T intersection",1,60,"C",2013,"WAGON","JEEP","Station Wagon","M",26,"26-29","Drivers"
"T20190021639","1/11/19",23:53:00,"Fall from or in moving vehicle","Friday","Dark Street lights on",1,3,"Not at intersection",3,80,"A",2013,"SEDAN","HOLDEN","Car","M",26,"26-29","Drivers"
"T20190021642","17/9/19",16:00:00,"Collision with vehicle","Tuesday","Unknown",2,2,"Not at intersection",3,999,"A",2018,"S WAG","MERC B","Station Wagon","F",72,"70+","Drivers"
"T20190021642","17/9/19",16:00:00,"Collision with vehicle","Tuesday","Unknown",2,2,"Not at intersection",3,999,"B",2014,"UTIL","HOLDEN","Utility","M",44,"40-49","Drivers"
"T20190021645","29/10/19",08:50:00,"Collision with vehicle","Tuesday","Day",2,2,"Not at intersection",3,60,"B",2017,"TOURER","M MOVE","Car","F",54,"50-59","Drivers"
"T20190021647","26/10/19",17:30:00,"Collision with a fixed object","Saturday","Day",1,1,"Not at intersection",3,100,"A",1994,"SEDAN","HOLDEN","Car","M",25,"22-25","Drivers"
"T20190021648","30/10/19",12:04:00,"Collision with vehicle","Wednesday","Day",2,3,"Y intersection",3,50,"A",1999,"SEDAN","SUBARU","Car","F",54,"50-59","Drivers"
"T20190021648","30/10/19",12:04:00,"Collision with vehicle","Wednesday","Day",2,3,"Y intersection",3,50,"B",2014,"WAGON","SUBARU","Station Wagon","F",31,"30-39","Drivers"
"T20190021649","2/11/19",04:57:00,"Collision with a fixed object","Saturday","Dusk/Dawn",1,3,"Not at intersection",3,80,"A",2000,"SEDAN","HOLDEN","Car","M",18,"17-21","Drivers"
"T20190021650","2/11/19",06:10:00,"Collision with a fixed object","Saturday","Dusk/Dawn",1,1,"Cross intersection",3,80,"A",2014,"WAGON","R ROV","Station Wagon","M",25,"22-25","Drivers"
"T20190021653","27/10/19",11:03:00,"Collision with vehicle","Sunday","Day",2,2,"Cross intersection",3,40,"A",2017,"WAGON","MITSUB","Station Wagon","M",27,"26-29","Drivers"
"T20190021653","27/10/19",11:03:00,"Collision with vehicle","Sunday","Day",2,2,"Cross intersection",3,40,"B",2015,"WAGON","PORSCH","Station Wagon","F",50,"50-59","Drivers"
"T20190021654","23/9/19",17:45:00,"Collision with a fixed object","Monday","Dusk/Dawn",1,1,"Not at intersection",3,100,"A",2005,"SEDAN","TOYOTA","Car","F",69,"64-69","Drivers"
"T20190021660","1/11/19",21:09:00,"Collision with a fixed object","Friday","Dark Street lights on",1,1,"Not at intersection",2,80,"A",2004,"SED","MERCED","Car","M",57,"50-59","Drivers"
"T20190021663","2/11/19",10:30:00,"Collision with vehicle","Saturday","Day",2,2,"Not at intersection",3,999,"B",2018,"SEDAN","HYNDAI","Car","M",66,"64-69","Drivers"
"T20190021665","2/11/19",08:15:00,"Collision with vehicle","Saturday","Day",2,2,"Not at intersection",3,999,"A",2013,"SED","TOYOTA","Car","F",31,"30-39","Drivers"
"T20190021666","2/11/19",10:20:00,"Collision with vehicle","Saturday","Day",2,4,"T intersection",3,60,"A",2018,"WAGON","FORD","Station Wagon","F",39,"30-39","Drivers"
"T20190021666","2/11/19",10:20:00,"Collision with vehicle","Saturday","Day",2,4,"T intersection",3,60,"B",2015,"DC UTE","FORD","Utility","M",33,"30-39","Drivers"
"T20190021668","2/11/19",10:18:00,"Collision with vehicle","Saturday","Day",2,3,"T intersection",3,100,"A",2010,"SEDAN","FORD","Car","F",54,"50-59","Drivers"
"T20190021668","2/11/19",10:18:00,"Collision with vehicle","Saturday","Day",2,3,"T intersection",3,100,"B",1990,"SEDAN","HONDA","Car","M",22,"22-25","Drivers"
"T20190021670","30/10/19",16:40:00,"Collision with vehicle","Wednesday","Unknown",2,2,"T intersection",3,40,"B",2013,"SEDAN","FORD","Car","F",63,"60-64","Drivers"
"T20190021671","2/11/19",11:00:00,"Collision with a fixed object","Saturday","Day",1,1,"Not at intersection",2,100,"A",2018,"UTIL","FORD","Utility","M",33,"30-39","Drivers"
"T20190021672","30/10/19",21:00:00,"Collision with vehicle","Wednesday","Dark Street lights on",2,4,"T intersection",3,80,"A",2008,"WAGON","NISSAN","Station Wagon","F",48,"40-49","Drivers"
"T20190021672","30/10/19",21:00:00,"Collision with vehicle","Wednesday","Dark Street lights on",2,4,"T intersection",3,80,"B",2011,"VAN","TOYOTA","Panel Van","M",31,"30-39","Drivers"
"T20190021673","29/10/19",14:40:00,"Collision with vehicle","Tuesday","Day",2,2,"Cross intersection",3,80,"A",2018,"UTIL","NISSAN","Utility","F",39,"30-39","Drivers"
"T20190021673","29/10/19",14:40:00,"Collision with vehicle","Tuesday","Day",2,2,"Cross intersection",3,80,"B",2011,"WAGON","FORD","Station Wagon","F",38,"30-39","Drivers"
"T20190021675","2/11/19",11:47:00,"Collision with vehicle","Saturday","Day",2,2,"Not at intersection",3,50,"B",2011,"DC UTE","MITSUB","Utility","M",53,"50-59","Drivers"
"T20190021675","2/11/19",11:47:00,"Collision with vehicle","Saturday","Day",2,2,"Not at intersection",3,50,"C",2014,"UTIL","MAZDA","Utility","M",35,"30-39","Drivers"
"T20190021680","2/11/19",12:20:00,"Collision with a fixed object","Saturday","Day",1,5,"Not at intersection",3,80,"A",2010,"S WAG","TOYOTA","Station Wagon","F",22,"22-25","Drivers"