"ACCIDENT_NO","ACCIDENTDATE","ACCIDENTTIME","Accident Type Desc","Day Week Description","Light Condition Desc","NO_OF_VEHICLES","NO_PERSONS","Road Geometry Desc","SEVERITY","SPEED_ZONE","VEHICLE_ID","VEHICLE_YEAR_MANUF","VEHICLE_BODY_STYLE","VEHICLE_MAKE","Vehicle Type Desc","SEX","AGE","Age Group","Road User Type Desc"
"T20190021682","2/11/19",10:00:00,"Collision with vehicle","Saturday","Day",2,3,"T intersection",3,60,"B",2001,"SEDAN","HYNDAI","Car","M",57,"50-59","Drivers"
"T20190021683","2/11/19",09:47:00,"Struck Pedestrian","Saturday","Day",1,2,"T intersection",3,60,"A",2014,"WAGON","HONDA","Station Wagon","M",35,"30-39","Drivers"
"T20190021687","2/11/19",13:20:00,"Collision with a fixed object","Saturday","Day",1,3,"Not at intersection",3,110,"A",2015,"SEDAN","TOYOTA","Car","F",38,"30-39","Drivers"
"T20190021688","2/11/19",14:50:00,"Collision with vehicle","Saturday","Day",2,3,"T intersection",3,40,"A",2012,"SEDAN","MERC B","Car","M",89,"70+","Drivers"
"T20190021688","2/11/19",14:50:00,"Collision with vehicle","Saturday","Day",2,3,"T intersection",3,40,"B",2000,"SEDAN","MITSUB","Car","M",36,"30-39","Drivers"
"T20190021689","27/10/19",17:40:00,"Collision with vehicle","Sunday","Day",2,4,"Not at intersection",3,60,"A",2017,"SEDAN","HYNDAI","Car","M",19,"17-21","Drivers"
"T20190021689","27/10/19",17:40:00,"Collision with vehicle","Sunday","Day",2,4,"Not at intersection",3,60,"B",2008,"DC UTE","NISSAN","Utility","M",20,"17-21","Drivers"
"T20190021690","2/11/19",12:20:00,"Collision with a fixed object","Saturday","Day",1,1,"Not at intersection",3,100,"A",2002,"SEDAN","HOLDEN","Car","F",22,"22-25","Drivers"
"T20190021696","2/11/19",16:45:00,"Collision with a fixed object","Saturday","Day",1,4,"Not at intersection",3,100,"A",2003,"WAGON","TOYOTA","Station Wagon","F",49,"40-49","Drivers"
"T20190021698","21/10/19",09:32:00,"Collision with vehicle","Monday","Day",2,2,"Multiple intersection",3,100,"A",2008,"SEDAN","MAZDA","Car","F",52,"50-59","Drivers"
"T20190021698","21/10/19",09:32:00,"Collision with vehicle","Monday","Day",2,2,"Multiple intersection",3,100,"B",2002,"SEDAN","M MOVE","Car","F",23,"22-25","Drivers"
"T20190021699","2/11/19",16:10:00,"Vehicle overturned (no collision)","Saturday","Day",1,1,"Not at intersection",3,100,"A",2007,"TRAY","TOYOTA","Light Commercial Vehicle (Rigid) <= 4.5 Tonnes GVM","M",46,"40-49","Drivers"
"T20190021701","2/11/19",17:00:00,"Collision with a fixed object","Saturday","Day",2,3,"Not at intersection",2,100,"A",2003,"SEDAN","HOLDEN","Car","M",28,"26-29","Drivers"
"T20190021701","2/11/19",17:00:00,"Collision with a fixed object","Saturday","Day",2,3,"Not at intersection",2,100,"B",2018,"UTIL","HOLDEN","Utility","U",NA,"unknown","Drivers"
"T20190021703","2/11/19",15:30:00,"Collision with vehicle","Saturday","Day",3,4,"Cross intersection",3,70,"A",2018,"WAGON","HYNDAI","Station Wagon","F",38,"30-39","Drivers"
"T20190021703","2/11/19",15:30:00,"Collision with vehicle","Saturday","Day",3,4,"Cross intersection",3,70,"B",2013,"SEDAN","B M W","Car","M",21,"17-21","Drivers"
"T20190021703","2/11/19",15:30:00,"Collision with vehicle","Saturday","Day",3,4,"Cross intersection",3,70,"C",1997,"WAGON","TOYOTA","Station Wagon","M",18,"17-21","Drivers"
"T20190021705","2/11/19",19:29:00,"Collision with a fixed object","Saturday","Dusk/Dawn",1,1,"Not at intersection",3,80,"A",2005,"SED","SUBARU","Car","M",22,"22-25","Drivers"
"T20190021707","2/11/19",19:30:00,"Collision with vehicle","Saturday","Day",2,2,"T intersection",3,50,"A",2014,"SEDAN","TOYOTA","Car","F",25,"22-25","Drivers"
"T20190021707","2/11/19",19:30:00,"Collision with vehicle","Saturday","Day",2,2,"T intersection",3,50,"B",2013,"UTIL","FORD","Utility","M",23,"22-25","Drivers"
"T20190021708","2/11/19",20:20:00,"Collision with a fixed object","Saturday","Dusk/Dawn",2,3,"Not at intersection",3,80,"A",2008,"SEDAN","HOLDEN","Car","F",25,"22-25","Drivers"
"T20190021708","2/11/19",20:20:00,"Collision with a fixed object","Saturday","Dusk/Dawn",2,3,"Not at intersection",3,80,"B",2004,"SEDAN","B M W","Car","M",55,"50-59","Drivers"
"T20190021709","2/11/19",15:38:00,"Collision with vehicle","Saturday","Day",2,2,"Not at intersection",3,50,"A",2002,"UTIL","TOYOTA","Utility","M",38,"30-39","Drivers"
"T20190021709","2/11/19",15:38:00,"Collision with vehicle","Saturday","Day",2,2,"Not at intersection",3,50,"B",2017,"WAGON","MITSUB","Station Wagon","F",35,"30-39","Drivers"
"T20190021713","2/11/19",21:20:00,"Collision with vehicle","Saturday","Dark Street lights on",2,3,"Cross intersection",3,60,"A",2011,"WAGON","HOLDEN","Station Wagon","M",26,"26-29","Drivers"
"T20190021713","2/11/19",21:20:00,"Collision with vehicle","Saturday","Dark Street lights on",2,3,"Cross intersection",3,60,"B",2003,"WAGON","HONDA","Station Wagon","M",23,"22-25","Drivers"
"T20190021714","2/11/19",19:20:00,"Struck Pedestrian","Saturday","Day",1,3,"Not at intersection",3,60,"A",2019,"WAGON","VOLKS","Station Wagon","F",54,"50-59","Drivers"
"T20190021715","19/10/19",14:30:00,"Collision with vehicle","Saturday","Day",2,4,"Not at intersection",3,80,"A",2000,"SEDAN","FORD","Car","M",63,"60-64","Drivers"
"T20190021715","19/10/19",14:30:00,"Collision with vehicle","Saturday","Day",2,4,"Not at intersection",3,80,"B",2006,"SED","MAZDA","Car","M",53,"50-59","Drivers"
"T20190021717","2/11/19",23:13:00,"Collision with vehicle","Saturday","Dark Street lights on",2,2,"Cross intersection",3,999,"A",2005,"SEDAN","TOYOTA","Car","M",37,"30-39","Drivers"
"T20190021717","2/11/19",23:13:00,"Collision with vehicle","Saturday","Dark Street lights on",2,2,"Cross intersection",3,999,"B",2010,"WAGON","MITSUB","Station Wagon","F",36,"30-39","Drivers"
"T20190021718","1/11/19",21:55:00,"Collision with vehicle","Friday","Dark Street lights on",2,2,"Cross intersection",3,80,"A",2019,"SEDAN","HYNDAI","Car","F",24,"22-25","Drivers"
"T20190021718","1/11/19",21:55:00,"Collision with vehicle","Friday","Dark Street lights on",2,2,"Cross intersection",3,80,"B",2007,"SEDAN","HOLDEN","Car","M",35,"30-39","Drivers"
"T20190021720","3/11/19",00:41:00,"Collision with vehicle","Sunday","Dark Street lights on",2,2,"Not at intersection",3,30,"A",2019,"SEDAN","TOYOTA","Car","F",27,"26-29","Drivers"
"T20190021720","3/11/19",00:41:00,"Collision with vehicle","Sunday","Dark Street lights on",2,2,"Not at intersection",3,30,"B",2014,"SEDAN","MERC B","Car","F",26,"26-29","Drivers"
"T20190021723","16/5/19",08:20:00,"Collision with vehicle","Thursday","Day",2,2,"Cross intersection",3,60,"A",2008,"S WAG","NISSAN","Station Wagon","F",24,"22-25","Drivers"
"T20190021723","16/5/19",08:20:00,"Collision with vehicle","Thursday","Day",2,2,"Cross intersection",3,60,"B",2010,"SEDAN","FORD","Car","M",62,"60-64","Drivers"
"T20190021728","3/11/19",02:00:00,"Collision with a fixed object","Sunday","Dark No street lights",1,1,"Not at intersection",3,100,"A",2011,"DC UTE","MITSUB","Utility","M",33,"30-39","Drivers"
"T20190021730","2/11/19",09:24:00,"Collision with vehicle","Saturday","Day",2,3,"Not at intersection",3,50,"A",2005,"SEDAN","TOYOTA","Car","M",44,"40-49","Drivers"
"T20190021730","2/11/19",09:24:00,"Collision with vehicle","Saturday","Day",2,3,"Not at intersection",3,50,"B",2016,"SEDAN","HYNDAI","Car","F",19,"17-21","Drivers"
"T20190021731","6/10/19",17:51:00,"Collision with vehicle","Sunday","Day",2,2,"Not at intersection",3,60,"A",2009,"SEDAN","MAZDA","Car","F",22,"22-25","Drivers"
"T20190021731","6/10/19",17:51:00,"Collision with vehicle","Sunday","Day",2,2,"Not at intersection",3,60,"B",2005,"WAGON","SUBARU","Station Wagon","M",36,"30-39","Drivers"
"T20190021732","2/11/19",16:00:00,"Collision with a fixed object","Saturday","Day",1,1,"Cross intersection",3,80,"A",2003,"SEDAN","HOLDEN","Car","F",21,"17-21","Drivers"
"T20190021734","2/11/19",09:10:00,"Collision with vehicle","Saturday","Day",2,2,"Multiple intersection",3,60,"A",2016,"SEDAN","MERC B","Car","F",45,"40-49","Drivers"
"T20190021734","2/11/19",09:10:00,"Collision with vehicle","Saturday","Day",2,2,"Multiple intersection",3,60,"B",1995,"SEDAN","TOYOTA","Car","F",22,"22-25","Drivers"
"T20190021737","3/11/19",08:35:00,"Collision with vehicle","Sunday","Day",3,4,"Cross intersection",3,80,"A",2014,"SEDAN","HOLDEN","Car","M",24,"22-25","Drivers"
"T20190021737","3/11/19",08:35:00,"Collision with vehicle","Sunday","Day",3,4,"Cross intersection",3,80,"B",2018,"TIPPER","ISUZU","Light Commercial Vehicle (Rigid) <= 4.5 Tonnes GVM","M",40,"40-49","Drivers"
"T20190021737","3/11/19",08:35:00,"Collision with vehicle","Sunday","Day",3,4,"Cross intersection",3,80,"C",2010,"SEDAN","HOLDEN","Car","M",53,"50-59","Drivers"
"T20190021740","3/11/19",08:41:00,"Collision with vehicle","Sunday","Day",2,2,"T intersection",3,60,"A",2013,"SEDAN","MAZDA","Car","F",34,"30-39","Drivers"
"T20190021740","3/11/19",08:41:00,"Collision with vehicle","Sunday","Day",2,2,"T intersection",3,60,"B",2000,"WAGON","L ROV","Station Wagon","M",43,"40-49","Drivers"
"T20190021741","3/11/19",09:35:00,"Collision with a fixed object","Sunday","Day",1,1,"Not at intersection",3,60,"A",2010,"UTIL","TOYOTA","Utility","M",30,"30-39","Drivers"
"T20190021742","3/11/19",10:30:00,"Collision with vehicle","Sunday","Day",2,2,"Not at intersection",3,999,"A",2016,"SEDAN","VOLKS","Car","F",54,"50-59","Drivers"
"T20190021742","3/11/19",10:30:00,"Collision with vehicle","Sunday","Day",2,2,"Not at intersection",3,999,"B",2009,"SEDAN","HYNDAI","Car","F",29,"26-29","Drivers"
"T20190021743","3/11/19",11:30:00,"collision with some other object","Sunday","Day",1,1,"Not at intersection",3,100,"A",1998,"WAGON","NISSAN","Station Wagon","M",22,"22-25","Drivers"
"T20190021744","1/7/19",19:00:00,"Collision with vehicle","Monday","Unknown",2,3,"Cross intersection",3,999,"A",2009,"WAGON","HONDA","Station Wagon","M",37,"30-39","Drivers"
"T20190021744","1/7/19",19:00:00,"Collision with vehicle","Monday","Unknown",2,3,"Cross intersection",3,999,"B",0,"SED","TOYOTA","Car","F",65,"64-69","Drivers"
"T20190021747","3/11/19",10:42:00,"Vehicle overturned (no collision)","Sunday","Day",1,1,"Not at intersection",3,100,"A",2018,"P MVR","DAF","Prime Mover - Single Trailer","M",61,"60-64","Drivers"
"T20190021748","2/11/19",22:00:00,"Collision with a fixed object","Saturday","Dark No street lights",1,1,"Y intersection",3,100,"A",2009,"SEDAN","FORD","Car","M",19,"17-21","Drivers"
"T20190021750","2/11/19",14:00:00,"Collision with vehicle","Saturday","Day",2,3,"T intersection",3,60,"A",2017,"WAGON","HYNDAI","Station Wagon","F",48,"40-49","Drivers"
"T20190021750","2/11/19",14:00:00,"Collision with vehicle","Saturday","Day",2,3,"T intersection",3,60,"B",2017,"WAGON","VOLKS","Station Wagon","M",50,"50-59","Drivers"
"T20190021751","3/11/19",12:01:00,"Struck Pedestrian","Sunday","Day",1,2,"Cross intersection",3,40,"A",2004,"SEDAN","LEXUS","Car","F",19,"17-21","Drivers"
"T20190021752","2/11/19",21:25:00,"Collision with vehicle","Saturday","Dark Street lights on",2,3,"Cross intersection",3,60,"A",2009,"SEDAN","HOLDEN","Car","M",18,"17-21","Drivers"
"T20190021752","2/11/19",21:25:00,"Collision with vehicle","Saturday","Dark Street lights on",2,3,"Cross intersection",3,60,"B",2019,"DC UTE","FORD","Utility","M",29,"26-29","Drivers"
"T20190021756","19/8/19",11:42:00,"No collision and no object struck","Monday","Unknown",1,2,"Not at intersection",3,50,"A",2010,"VAN","TOYOTA","Taxi","M",70,"70+","Drivers"
"T20190021757","3/11/19",13:50:00,"Collision with vehicle","Sunday","Day",2,3,"Not at intersection",3,80,"A",2008,"SEDAN","TOYOTA","Car","M",18,"17-21","Drivers"
"T20190021757","3/11/19",13:50:00,"Collision with vehicle","Sunday","Day",2,3,"Not at intersection",3,80,"B",1996,"WAGON","TOYOTA","Station Wagon","M",23,"22-25","Drivers"
"T20190021758","2/11/19",16:30:00,"Collision with a fixed object","Saturday","Day",1,1,"Not at intersection",3,100,"A",2012,"UTIL","NISSAN","Utility","M",42,"40-49","Drivers"
"T20190021760","3/11/19",13:56:00,"Collision with a fixed object","Sunday","Day",1,1,"T intersection",3,60,"A",2016,"SEDAN","TOYOTA","Car","M",28,"26-29","Drivers"
"T20190021763","3/11/19",14:45:00,"Vehicle overturned (no collision)","Sunday","Day",1,1,"Not at intersection",3,80,"A",2011,"UTIL","UNKN","Utility","M",35,"30-39","Drivers"
"T20190021765","3/11/19",15:25:00,"No collision and no object struck","Sunday","Day",2,2,"Not at intersection",3,50,"B",2017,"SEDAN","TOYOTA","Car","M",43,"40-49","Drivers"
"T20190021768","3/11/19",18:44:00,"Collision with vehicle","Sunday","Day",2,4,"T intersection",2,60,"A",2005,"SEDAN","FORD","Car","F",39,"30-39","Drivers"
"T20190021768","3/11/19",18:44:00,"Collision with vehicle","Sunday","Day",2,4,"T intersection",2,60,"B",2007,"SEDAN","FORD","Car","F",45,"40-49","Drivers"
"T20190021770","1/11/19",16:30:00,"Collision with vehicle","Friday","Day",2,2,"Not at intersection",3,60,"A",2002,"SEDAN","TOYOTA","Car","F",31,"30-39","Drivers"
"T20190021770","1/11/19",16:30:00,"Collision with vehicle","Friday","Day",2,2,"Not at intersection",3,60,"B",1993,"SEDAN","MITSUB","Car","F",54,"50-59","Drivers"
"T20190021772","3/11/19",16:58:00,"Collision with vehicle","Sunday","Day",2,2,"Cross intersection",3,50,"A",2016,"SEDAN","TOYOTA","Car","M",27,"26-29","Drivers"
"T20190021773","3/11/19",18:53:00,"Collision with vehicle","Sunday","Dusk/Dawn",3,3,"Not at intersection",3,60,"A",1997,"SEDAN","TOYOTA","Car","F",61,"60-64","Drivers"
"T20190021773","3/11/19",18:53:00,"Collision with vehicle","Sunday","Dusk/Dawn",3,3,"Not at intersection",3,60,"B",2018,"WAGON","NISSAN","Station Wagon","M",40,"40-49","Drivers"
"T20190021773","3/11/19",18:53:00,"Collision with vehicle","Sunday","Dusk/Dawn",3,3,"Not at intersection",3,60,"C",2018,"DC UTE","FORD","Utility","M",54,"50-59","Drivers"
"T20190021776","3/11/19",18:40:00,"Collision with a fixed object","Sunday","Day",1,1,"Not at intersection",3,60,"A",2002,"SEDAN","HOLDEN","Car","M",54,"50-59","Drivers"
"T20190021778","14/10/19",11:20:00,"Collision with vehicle","Monday","Day",2,2,"Cross intersection",3,999,"A",1997,"S WAG","MERC B","Station Wagon","M",57,"50-59","Drivers"
"T20190021778","14/10/19",11:20:00,"Collision with vehicle","Monday","Day",2,2,"Cross intersection",3,999,"B",2007,"UTIL","NISSAN","Light Commercial Vehicle (Rigid) <= 4.5 Tonnes GVM",NA,NA,"unknown","Drivers"
"T20190021780","3/11/19",21:20:00,"Collision with a fixed object","Sunday","Dark Street lights on",1,1,"Not at intersection",3,50,"A",2004,"SEDAN","MAZDA","Car","M",26,"26-29","Drivers"
"T20190021781","3/11/19",17:30:00,"Collision with vehicle","Sunday","Dark Street lights on",2,2,"Not at intersection",3,70,"A",2014,"SEDAN","FORD","Car","M",18,"17-21","Drivers"
"T20190021781","3/11/19",17:30:00,"Collision with vehicle","Sunday","Dark Street lights on",2,2,"Not at intersection",3,70,"B",2007,"SEDAN","SUZUKI","Car","F",26,"26-29","Drivers"
"T20190021783","29/10/19",16:00:00,"Collision with vehicle","Tuesday","Day",2,2,"Not at intersection",3,50,"A",2008,"SEDAN","HONDA","Car","F",19,"17-21","Drivers"
"T20190021783","29/10/19",16:00:00,"Collision with vehicle","Tuesday","Day",2,2,"Not at intersection",3,50,"B",2015,"WAGON","JEEP","Station Wagon","M",33,"30-39","Drivers"
"T20190021788","3/11/19",21:25:00,"Collision with vehicle","Sunday","Dark Street lights on",2,3,"Cross intersection",3,60,"A",2019,"DC UTE","HOLDEN","Utility","M",22,"22-25","Drivers"
"T20190021788","3/11/19",21:25:00,"Collision with vehicle","Sunday","Dark Street lights on",2,3,"Cross intersection",3,60,"B",2011,"SEDAN","TOYOTA","Car","M",29,"26-29","Drivers"
"T20190021790","4/11/19",07:03:00,"Struck Pedestrian","Monday","Dusk/Dawn",2,2,"Not at intersection",3,50,"A",2005,"WAGON","TOYOTA","Station Wagon","M",48,"40-49","Drivers"
"T20190021792","4/11/19",07:30:00,"Collision with vehicle","Monday","Dusk/Dawn",2,2,"Not at intersection",3,80,"A",2007,"SEDAN","MAZDA","Car","F",30,"30-39","Drivers"
"T20190021792","4/11/19",07:30:00,"Collision with vehicle","Monday","Dusk/Dawn",2,2,"Not at intersection",3,80,"B",2005,"VAN","ISUZU","Panel Van","M",33,"30-39","Drivers"
"T20190021793","4/11/19",08:00:00,"Collision with vehicle","Monday","Day",2,2,"Cross intersection",3,60,"A",2014,"WAGON","JEEP","Car","F",44,"40-49","Drivers"
"T20190021793","4/11/19",08:00:00,"Collision with vehicle","Monday","Day",2,2,"Cross intersection",3,60,"B",2004,"WAGON","FORD","Car","M",36,"30-39","Drivers"
"T20190021796","17/10/19",15:25:00,"Struck Pedestrian","Thursday","Unknown",1,2,"Not at intersection",3,999,"A",2016,"WAGON","TOYOTA","Station Wagon","F",52,"50-59","Drivers"
"T20190021798","4/11/19",07:50:00,"Collision with a fixed object","Monday","Day",1,1,"Not at intersection",2,100,"A",2003,"BUS","MERC B","Bus/Coach","M",57,"50-59","Drivers"
"T20190021802","2/11/19",13:30:00,"Collision with vehicle","Saturday","Day",2,3,"Not at intersection",3,60,"A",2000,"WAGON","TOYOTA","Station Wagon","M",43,"40-49","Drivers"
"T20190021802","2/11/19",13:30:00,"Collision with vehicle","Saturday","Day",2,3,"Not at intersection",3,60,"B",2018,"UTIL","TOYOTA","Utility","M",37,"30-39","Drivers"
"T20190021804","1/11/19",11:30:00,"Collision with vehicle","Friday","Unknown",2,3,"T intersection",3,60,"B",2013,"SEDAN","UNKN","Car","F",46,"40-49","Drivers"
"T20190021804","1/11/19",11:30:00,"Collision with vehicle","Friday","Unknown",2,3,"T intersection",3,60,"C",2011,"SEDAN","HONDA","Car","F",55,"50-59","Drivers"
"T20190021805","4/11/19",03:15:00,"Collision with a fixed object","Monday","Dark No street lights",2,2,"Not at intersection",1,100,"A",2012,"P MVR","DAF","Prime Mover - Single Trailer","M",38,"30-39","Drivers"
"T20190021805","4/11/19",03:15:00,"Collision with a fixed object","Monday","Dark No street lights",2,2,"Not at intersection",1,100,"B",2011,"SEDAN","FORD","Car","M",26,"26-29","Drivers"
"T20190021806","4/11/19",10:00:00,"Collision with vehicle","Monday","Day",2,1,"Not at intersection",3,50,"A",2013,"SEDAN","TOYOTA","Car","F",32,"30-39","Drivers"
"T20190021807","4/11/19",06:55:00,"Collision with vehicle","Monday","Day",2,2,"Cross intersection",3,100,"A",2018,"SEDAN","MAZDA","Car","F",47,"40-49","Drivers"
"T20190021807","4/11/19",06:55:00,"Collision with vehicle","Monday","Day",2,2,"Cross intersection",3,100,"B",2008,"WAGON","SUBARU","Station Wagon","M",58,"50-59","Drivers"
"T20190021810","10/10/19",18:46:00,"Collision with vehicle","Thursday","Day",3,2,"T intersection",3,70,"A",2017,"S WAG","B M W","Station Wagon","F",20,"17-21","Drivers"
"T20190021810","10/10/19",18:46:00,"Collision with vehicle","Thursday","Day",3,2,"T intersection",3,70,"B",2018,"WAGON","HOLDEN","Station Wagon","F",19,"17-21","Drivers"
"T20190021811","26/8/19",15:30:00,"Collision with vehicle","Monday","Day",2,2,"Not at intersection",3,50,"A",0,"S WAG","MITSUB","Station Wagon","F",45,"40-49","Drivers"
"T20190021811","26/8/19",15:30:00,"Collision with vehicle","Monday","Day",2,2,"Not at intersection",3,50,"B",2015,"SEDAN","HOLDEN","Car","M",28,"26-29","Drivers"
"T20190021812","4/11/19",12:30:00,"Collision with vehicle","Monday","Day",2,3,"T intersection",3,70,"A",2018,"SEDAN","MAZDA","Car","F",66,"64-69","Drivers"
"T20190021812","4/11/19",12:30:00,"Collision with vehicle","Monday","Day",2,3,"T intersection",3,70,"B",1992,"SEDAN","SUBARU","Car","F",37,"30-39","Drivers"
"T20190021814","4/11/19",13:45:00,"Collision with vehicle","Monday","Day",2,4,"Not at intersection",3,60,"A",2007,"SEDAN","B M W","Car","M",36,"30-39","Drivers"
"T20190021814","4/11/19",13:45:00,"Collision with vehicle","Monday","Day",2,4,"Not at intersection",3,60,"B",2005,"SEDAN","TOYOTA","Car","M",57,"50-59","Drivers"
"T20190021815","4/11/19",11:34:00,"Struck Pedestrian","Monday","Day",1,3,"Not at intersection",3,50,"A",2017,"UTIL","G WALL","Utility","M",46,"40-49","Drivers"
"T20190021820","4/11/19",12:50:00,"Collision with vehicle","Monday","Day",2,3,"Not at intersection",3,100,"A",1999,"SEDAN","FORD","Car","M",20,"17-21","Drivers"
"T20190021820","4/11/19",12:50:00,"Collision with vehicle","Monday","Day",2,3,"Not at intersection",3,100,"B",2009,"SEDAN","TOYOTA","Car","F",49,"40-49","Drivers"
"T20190021823","4/11/19",13:42:00,"Collision with vehicle","Monday","Day",2,2,"T intersection",3,60,"A",2009,"SEDAN","MITSUB","Car","M",18,"17-21","Drivers"
"T20190021823","4/11/19",13:42:00,"Collision with vehicle","Monday","Day",2,2,"T intersection",3,60,"B",2007,"SEDAN","HONDA","Car","F",49,"40-49","Drivers"
"T20190021824","3/11/19",20:45:00,"Collision with a fixed object","Sunday","Dark No street lights",1,1,"Not at intersection",3,100,"A",2018,"DC UTE","MAZDA","Utility","F",22,"22-25","Drivers"
"T20190021825","30/10/19",22:00:00,"Collision with vehicle","Wednesday","Dark Street lights on",2,2,"Not at intersection",3,40,"A",2007,"WAGON","AUDI","Station Wagon","M",27,"26-29","Drivers"
"T20190021829","4/11/19",13:45:00,"Collision with vehicle","Monday","Day",2,3,"Not at intersection",3,100,"A",2014,"SEDAN","HOLDEN","Car","F",21,"17-21","Drivers"
"T20190021829","4/11/19",13:45:00,"Collision with vehicle","Monday","Day",2,3,"Not at intersection",3,100,"B",2014,"SEDAN","FORD","Car","M",67,"64-69","Drivers"
"T20190021830","3/11/19",09:00:00,"Collision with vehicle","Sunday","Day",2,2,"Cross intersection",3,60,"A",2015,"WAGON","VOLKS","Station Wagon","M",54,"50-59","Drivers"
"T20190021831","26/10/19",11:50:00,"Collision with vehicle","Saturday","Day",2,2,"Cross intersection",3,60,"A",2001,"SEDAN","TOYOTA","Car","M",54,"50-59","Drivers"
"T20190021831","26/10/19",11:50:00,"Collision with vehicle","Saturday","Day",2,2,"Cross intersection",3,60,"B",2008,"S WAG","FORD","Station Wagon","M",45,"40-49","Drivers"
"T20190021832","18/10/19",16:54:00,"Collision with vehicle","Friday","Day",2,3,"Not at intersection",3,80,"A",1998,"SED","TOYOTA","Car","M",36,"30-39","Drivers"
"T20190021832","18/10/19",16:54:00,"Collision with vehicle","Friday","Day",2,3,"Not at intersection",3,80,"B",2018,"SEDAN","MAZDA","Car","F",29,"26-29","Drivers"
"T20190021834","4/11/19",16:50:00,"Collision with vehicle","Monday","Day",2,2,"T intersection",3,60,"B",2019,"BUS","MERC B","Bus/Coach","M",60,"60-64","Drivers"
"T20190021834","4/11/19",16:50:00,"Collision with vehicle","Monday","Day",2,2,"T intersection",3,60,"C",1999,"SEDAN","MAZDA","Car","F",27,"26-29","Drivers"
"T20190021837","4/11/19",15:30:00,"Collision with vehicle","Monday","Day",2,2,"Not at intersection",3,50,"A",2007,"TRAY","ISUZU","Light Commercial Vehicle (Rigid) <= 4.5 Tonnes GVM","M",61,"60-64","Drivers"
"T20190021840","4/11/19",17:10:00,"Collision with vehicle","Monday","Day",2,2,"T intersection",3,70,"A",2015,"WAGON","DODGE","Station Wagon","F",30,"30-39","Drivers"
"T20190021840","4/11/19",17:10:00,"Collision with vehicle","Monday","Day",2,2,"T intersection",3,70,"B",1997,"COUPE","MITSUB","Car","M",32,"30-39","Drivers"
"T20190021841","4/11/19",14:00:00,"Vehicle overturned (no collision)","Monday","Day",2,2,"T intersection",3,100,"A",2015,"DC UTE","MITSUB","Utility","M",21,"17-21","Drivers"
"T20190021845","4/11/19",17:15:00,"Collision with vehicle","Monday","Day",2,3,"Cross intersection",3,100,"A",2018,"DC UTE","HOLDEN","Utility","M",63,"60-64","Drivers"
"T20190021845","4/11/19",17:15:00,"Collision with vehicle","Monday","Day",2,3,"Cross intersection",3,100,"B",2015,"VAN","TOYOTA","Panel Van","M",31,"30-39","Drivers"
"T20190021846","30/10/19",09:15:00,"Collision with vehicle","Wednesday","Day",2,2,"T intersection",3,50,"A",2008,"SEDAN","SUBARU","Car","F",87,"70+","Drivers"
"T20190021847","4/11/19",18:00:00,"Collision with a fixed object","Monday","Day",1,1,"T intersection",3,80,"A",2009,"SEDAN","FORD","Car","F",57,"50-59","Drivers"
"T20190021849","4/11/19",17:15:00,"Collision with vehicle","Monday","Day",3,5,"Not at intersection",3,70,"A",2013,"SEDAN","FORD","Car","F",20,"17-21","Drivers"
"T20190021849","4/11/19",17:15:00,"Collision with vehicle","Monday","Day",3,5,"Not at intersection",3,70,"B",2016,"WAGON","SUBARU","Station Wagon","M",17,"16-17","Drivers"
"T20190021849","4/11/19",17:15:00,"Collision with vehicle","Monday","Day",3,5,"Not at intersection",3,70,"C",2004,"WAGON","KIA","Station Wagon","M",45,"40-49","Drivers"
"T20190021854","4/11/19",20:40:00,"Collision with a fixed object","Monday","Dark Street lights on",1,1,"Cross intersection",3,60,"A",2001,"SEDAN","HOLDEN","Car","M",83,"70+","Drivers"
"T20190021855","4/11/19",18:42:00,"Collision with vehicle","Monday","Day",2,4,"Not at intersection",3,60,"A",2012,"SEDAN","TOYOTA","Car","F",41,"40-49","Drivers"
"T20190021855","4/11/19",18:42:00,"Collision with vehicle","Monday","Day",2,4,"Not at intersection",3,60,"B",2004,"SEDAN","MERC B","Car","F",39,"30-39","Drivers"
"T20190021858","4/11/19",17:27:00,"Collision with a fixed object","Monday","Day",1,3,"Not at intersection",3,60,"A",2014,"SEDAN","HYNDAI","Car","M",72,"70+","Drivers"
"T20190021859","4/11/19",15:06:00,"Collision with vehicle","Monday","Day",2,3,"Not at intersection",3,60,"A",2002,"WAGON","MERC B","Station Wagon","M",68,"64-69","Drivers"
"T20190021859","4/11/19",15:06:00,"Collision with vehicle","Monday","Day",2,3,"Not at intersection",3,60,"B",2010,"UTIL","TOYOTA","Utility","M",69,"64-69","Drivers"
"T20190021861","4/11/19",19:52:00,"Vehicle overturned (no collision)","Monday","Dusk/Dawn",1,1,"Not at intersection",3,100,"A",2006,"S WAG","HOLDEN","Station Wagon","F",50,"50-59","Drivers"
"T20190021862","2/10/19",12:30:00,"Collision with vehicle","Wednesday","Day",2,3,"Not at intersection",3,80,"A",2008,"SEDAN","MITSUB","Car","M",70,"70+","Drivers"
"T20190021862","2/10/19",12:30:00,"Collision with vehicle","Wednesday","Day",2,3,"Not at intersection",3,80,"B",2008,"UTIL","TOYOTA","Utility","M",21,"17-21","Drivers"
"T20190021867","4/11/19",22:56:00,"Collision with a fixed object","Monday","Dark Street lights on",1,2,"Not at intersection",3,60,"A",2018,"SEDAN","NISSAN","Car","F",26,"26-29","Drivers"