"ACCIDENT_NO","ACCIDENTDATE","ACCIDENTTIME","Accident Type Desc","Day Week Description","Light Condition Desc","NO_OF_VEHICLES","NO_PERSONS","Road Geometry Desc","SEVERITY","SPEED_ZONE","VEHICLE_ID","VEHICLE_YEAR_MANUF","VEHICLE_BODY_STYLE","VEHICLE_MAKE","Vehicle Type Desc","SEX","AGE","Age Group","Road User Type Desc"
"T20190021869","4/11/19",00:35:00,"Collision with a fixed object","Monday","Dark No street lights",1,1,"Not at intersection",3,100,"A",2011,"S WAG","HOLDEN","Station Wagon","F",25,"22-25","Drivers"
"T20190021870","1/11/19",23:00:00,"Collision with a fixed object","Friday","Dark No street lights",1,1,"Not at intersection",3,80,"A",2007,"T SDS","MAZDA","Light Commercial Vehicle (Rigid) <= 4.5 Tonnes GVM","M",40,"40-49","Drivers"
"T20190021871","2/11/19",15:30:00,"Collision with a fixed object","Saturday","Day",1,1,"T intersection",3,80,"A",2002,"WAGON","HONDA","Station Wagon","F",20,"17-21","Drivers"
"T20190021873","10/10/19",15:30:00,"Collision with vehicle","Thursday","Day",2,2,"Not at intersection",3,999,"A",2019,"TRAY","ISUZU","Light Commercial Vehicle (Rigid) <= 4.5 Tonnes GVM","M",51,"50-59","Drivers"
"T20190021874","25/10/19",19:20:00,"Collision with vehicle","Friday","Dark Street lights on",2,2,"Not at intersection",3,50,"A",2015,"COUPE","B M W","Car","F",52,"50-59","Drivers"
"T20190021875","5/11/19",07:05:00,"Collision with vehicle","Tuesday","Dusk/Dawn",2,1,"Not at intersection",3,50,"A",2002,"SEDAN","FORD","Car","M",32,"30-39","Drivers"
"T20190021877","5/11/19",07:54:00,"Collision with vehicle","Tuesday","Day",2,3,"Cross intersection",3,60,"A",2011,"SEDAN","HYNDAI","Car","M",21,"17-21","Drivers"
"T20190021877","5/11/19",07:54:00,"Collision with vehicle","Tuesday","Day",2,3,"Cross intersection",3,60,"B",2014,"UTIL","ISUZU","Utility","M",31,"30-39","Drivers"
"T20190021881","25/10/19",06:02:00,"Collision with vehicle","Friday","Dusk/Dawn",2,2,"Not at intersection",3,80,"A",2018,"P MVR","UNKN","Prime Mover - Single Trailer","M",47,"40-49","Drivers"
"T20190021881","25/10/19",06:02:00,"Collision with vehicle","Friday","Dusk/Dawn",2,2,"Not at intersection",3,80,"B",2018,"VAN","ISUZU","Light Commercial Vehicle (Rigid) <= 4.5 Tonnes GVM","M",51,"50-59","Drivers"
"T20190021883","5/11/19",10:27:00,"Collision with a fixed object","Tuesday","Day",1,1,"Not at intersection",3,110,"A",2007,"SEDAN","SUZUKI","Car","M",29,"26-29","Drivers"
"T20190021884","4/11/19",22:30:00,"Vehicle overturned (no collision)","Monday","Dark Street lights unknown",1,1,"Not at intersection",3,50,"A",2007,"SEDAN","SUBARU","Car","M",18,"17-21","Drivers"
"T20190021885","4/11/19",17:03:00,"Collision with vehicle","Monday","Day",2,3,"Not at intersection",3,60,"A",1998,"UTIL","HOLDEN","Utility","M",78,"70+","Drivers"
"T20190021885","4/11/19",17:03:00,"Collision with vehicle","Monday","Day",2,3,"Not at intersection",3,60,"B",1997,"WAGON","NISSAN","Station Wagon","M",19,"17-21","Drivers"
"T20190021888","4/11/19",17:00:00,"Collision with vehicle","Monday","Unknown",2,2,"T intersection",3,60,"B",2003,"S WAG","TOYOTA","Station Wagon","M",40,"40-49","Drivers"
"T20190021889","13/10/19",21:56:00,"Collision with vehicle","Sunday","Dark Street lights on",2,3,"T intersection",3,70,"A",1997,"SEDAN","UNKN","Car","F",19,"17-21","Drivers"
"T20190021889","13/10/19",21:56:00,"Collision with vehicle","Sunday","Dark Street lights on",2,3,"T intersection",3,70,"B",2018,"WAGON","NISSAN","Station Wagon","M",32,"30-39","Drivers"
"T20190021894","5/11/19",12:55:00,"Collision with vehicle","Tuesday","Day",2,6,"Cross intersection",3,80,"A",2014,"WAGON","VOLVO","Station Wagon","M",48,"40-49","Drivers"
"T20190021894","5/11/19",12:55:00,"Collision with vehicle","Tuesday","Day",2,6,"Cross intersection",3,80,"B",2008,"WAGON","FORD","Station Wagon","M",30,"30-39","Drivers"
"T20190021897","2/3/19",18:00:00,"Collision with vehicle","Saturday","Day",2,2,"Not at intersection",3,100,"A",2002,"TRAY","FORD","Light Commercial Vehicle (Rigid) <= 4.5 Tonnes GVM","M",74,"70+","Drivers"
"T20190021897","2/3/19",18:00:00,"Collision with vehicle","Saturday","Day",2,2,"Not at intersection",3,100,"B",2005,"S WAG","HOLDEN","Station Wagon","F",52,"50-59","Drivers"
"T20190021899","5/11/19",14:45:00,"Collision with vehicle","Tuesday","Day",2,2,"Cross intersection",3,60,"A",2010,"S WAG","VOLKS","Station Wagon","F",62,"60-64","Drivers"
"T20190021899","5/11/19",14:45:00,"Collision with vehicle","Tuesday","Day",2,2,"Cross intersection",3,60,"B",2010,"SEDAN","KIA","Car","F",69,"64-69","Drivers"
"T20190021901","5/11/19",12:30:00,"Vehicle overturned (no collision)","Tuesday","Day",1,2,"Not at intersection",3,100,"A",2008,"DC UTE","TOYOTA","Utility","M",37,"30-39","Drivers"
"T20190021902","22/10/19",15:45:00,"Collision with vehicle","Tuesday","Day",2,2,"Not at intersection",3,80,"A",2016,"UTIL","FORD","Utility","M",40,"40-49","Drivers"
"T20190021902","22/10/19",15:45:00,"Collision with vehicle","Tuesday","Day",2,2,"Not at intersection",3,80,"B",2012,"WAGON","NISSAN","Station Wagon","F",31,"30-39","Drivers"
"T20190021903","5/11/19",14:48:00,"Collision with vehicle","Tuesday","Day",2,2,"Cross intersection",3,40,"A",1998,"SEDAN","B M W","Car","M",52,"50-59","Drivers"
"T20190021906","5/11/19",13:45:00,"Collision with vehicle","Tuesday","Day",2,5,"Not at intersection",3,100,"A",0,"S WAG","MITSUB","Station Wagon","M",26,"26-29","Drivers"
"T20190021906","5/11/19",13:45:00,"Collision with vehicle","Tuesday","Day",2,5,"Not at intersection",3,100,"B",2016,"VAN","WINNEB","Panel Van","M",39,"30-39","Drivers"
"T20190021907","5/11/19",15:07:00,"Collision with vehicle","Tuesday","Day",2,4,"Not at intersection",3,100,"A",2018,"DC UTE","FORD","Utility","M",65,"64-69","Drivers"
"T20190021907","5/11/19",15:07:00,"Collision with vehicle","Tuesday","Day",2,4,"Not at intersection",3,100,"B",2001,"WAGON","NISSAN","Station Wagon","M",38,"30-39","Drivers"
"T20190021908","5/11/19",15:20:00,"Collision with vehicle","Tuesday","Day",2,2,"Not at intersection",3,50,"A",2017,"S WAG","HOLDEN","Station Wagon","U",NA,"unknown","Drivers"
"T20190021908","5/11/19",15:20:00,"Collision with vehicle","Tuesday","Day",2,2,"Not at intersection",3,50,"B",2000,"SEDAN","FORD","Car","M",18,"17-21","Drivers"
"T20190021909","5/11/19",14:51:00,"Collision with a fixed object","Tuesday","Day",1,5,"Not at intersection",3,100,"A",2007,"WAGON","HONDA","Station Wagon","M",21,"17-21","Drivers"
"T20190021913","4/11/19",14:30:00,"Collision with vehicle","Monday","Day",3,9,"Not at intersection",3,60,"A",2007,"UTIL","TOYOTA","Utility","F",32,"30-39","Drivers"
"T20190021913","4/11/19",14:30:00,"Collision with vehicle","Monday","Day",3,9,"Not at intersection",3,60,"B",2015,"WAGON","TOYOTA","Station Wagon","F",38,"30-39","Drivers"
"T20190021916","5/11/19",15:24:00,"Collision with vehicle","Tuesday","Day",2,3,"Multiple intersection",2,80,"A",2012,"WAGON","NISSAN","Station Wagon","M",69,"64-69","Drivers"
"T20190021916","5/11/19",15:24:00,"Collision with vehicle","Tuesday","Day",2,3,"Multiple intersection",2,80,"B",2005,"SEDAN","HOLDEN","Car","M",49,"40-49","Drivers"
"T20190021918","5/11/19",20:00:00,"Collision with vehicle","Tuesday","Dusk/Dawn",2,2,"Cross intersection",3,40,"A",2010,"SEDAN","FORD","Taxi","M",29,"26-29","Drivers"
"T20190021921","5/11/19",18:00:00,"Vehicle overturned (no collision)","Tuesday","Day",1,4,"Not at intersection",2,100,"A",2008,"DC UTE","FORD","Utility","F",18,"17-21","Drivers"
"T20190021923","5/11/19",21:57:00,"Collision with vehicle","Tuesday","Dark Street lights on",3,4,"Not at intersection",3,80,"A",2001,"SEDAN","HOLDEN","Car","M",25,"22-25","Drivers"
"T20190021923","5/11/19",21:57:00,"Collision with vehicle","Tuesday","Dark Street lights on",3,4,"Not at intersection",3,80,"B",2013,"SEDAN","HOLDEN","Car","M",52,"50-59","Drivers"
"T20190021923","5/11/19",21:57:00,"Collision with vehicle","Tuesday","Dark Street lights on",3,4,"Not at intersection",3,80,"C",2009,"SED","TOYOTA","Car","M",28,"26-29","Drivers"
"T20190021924","5/11/19",15:17:00,"Collision with vehicle","Tuesday","Day",2,2,"T intersection",3,60,"A",2016,"SEDAN","HYNDAI","Car","M",20,"17-21","Drivers"
"T20190021925","5/11/19",22:05:00,"Collision with vehicle","Tuesday","Dark Street lights on",2,2,"Not at intersection",3,60,"A",2017,"SEDAN","TOYOTA","Car","M",24,"22-25","Drivers"
"T20190021925","5/11/19",22:05:00,"Collision with vehicle","Tuesday","Dark Street lights on",2,2,"Not at intersection",3,60,"B",2013,"SEDAN","TOYOTA","Car","F",18,"17-21","Drivers"
"T20190021926","5/11/19",05:45:00,"Collision with vehicle","Tuesday","Day",2,2,"Not at intersection",3,100,"A",2019,"WAGON","HOLDEN","Station Wagon","M",50,"50-59","Drivers"
"T20190021926","5/11/19",05:45:00,"Collision with vehicle","Tuesday","Day",2,2,"Not at intersection",3,100,"B",2018,"WAGON","MASER","Station Wagon","U",NA,"unknown","Drivers"
"T20190021927","5/11/19",19:15:00,"Collision with vehicle","Tuesday","Day",2,5,"Cross intersection",3,50,"A",2019,"DC UTE","TOYOTA","Utility","M",44,"40-49","Drivers"
"T20190021927","5/11/19",19:15:00,"Collision with vehicle","Tuesday","Day",2,5,"Cross intersection",3,50,"B",2001,"SEDAN","MITSUB","Car","M",22,"22-25","Drivers"
"T20190021930","6/11/19",00:20:00,"Collision with a fixed object","Wednesday","Dark No street lights",1,1,"Not at intersection",3,80,"A",2010,"SEDAN","TOYOTA","Car","F",43,"40-49","Drivers"
"T20190021939","2/11/19",15:55:00,"Collision with vehicle","Saturday","Day",2,3,"T intersection",3,999,"A",2005,"SEDAN","SUZUKI","Car","M",45,"40-49","Drivers"
"T20190021939","2/11/19",15:55:00,"Collision with vehicle","Saturday","Day",2,3,"T intersection",3,999,"B",2006,"DC UTE","NISSAN","Utility","M",43,"40-49","Drivers"
"T20190021940","5/11/19",15:24:00,"Collision with a fixed object","Tuesday","Day",1,2,"Not at intersection",3,50,"A",2004,"SEDAN","HOLDEN","Car","M",55,"50-59","Drivers"
"T20190021941","29/8/19",11:28:00,"Collision with a fixed object","Thursday","Day",1,1,"Not at intersection",3,100,"A",2003,"SEDAN","HYNDAI","Car","F",20,"17-21","Drivers"
"T20190021948","6/11/19",10:40:00,"Collision with vehicle","Wednesday","Day",2,4,"Not at intersection",1,100,"A",2013,"WAGON","TOYOTA","Station Wagon","M",85,"70+","Drivers"
"T20190021948","6/11/19",10:40:00,"Collision with vehicle","Wednesday","Day",2,4,"Not at intersection",1,100,"B",2006,"P MVR","KENWOR","Prime Mover - Single Trailer","M",45,"40-49","Drivers"
"T20190021950","6/11/19",17:25:00,"Collision with vehicle","Wednesday","Day",2,3,"Cross intersection",3,50,"A",2018,"SEDAN","NISSAN","Car","F",64,"60-64","Drivers"
"T20190021953","27/10/19",13:00:00,"Collision with vehicle","Sunday","Day",2,2,"Cross intersection",3,999,"A",2017,"SEDAN","HONDA","Car","F",26,"26-29","Drivers"
"T20190021953","27/10/19",13:00:00,"Collision with vehicle","Sunday","Day",2,2,"Cross intersection",3,999,"B",2009,"SEDAN","HONDA","Car","M",48,"40-49","Drivers"
"T20190021955","6/11/19",16:44:00,"Collision with vehicle","Wednesday","Day",2,2,"Cross intersection",3,50,"A",2005,"TRAY","TOYOTA","Light Commercial Vehicle (Rigid) <= 4.5 Tonnes GVM","M",23,"22-25","Drivers"
"T20190021955","6/11/19",16:44:00,"Collision with vehicle","Wednesday","Day",2,2,"Cross intersection",3,50,"B",2012,"SEDAN","MERC B","Car","F",75,"70+","Drivers"
"T20190021956","6/11/19",18:05:00,"Collision with vehicle","Wednesday","Day",2,4,"Not at intersection",3,80,"A",2005,"SEDAN","HOLDEN","Car","M",22,"22-25","Drivers"
"T20190021956","6/11/19",18:05:00,"Collision with vehicle","Wednesday","Day",2,4,"Not at intersection",3,80,"B",2002,"WAGON","NISSAN","Station Wagon","F",38,"30-39","Drivers"
"T20190021958","6/11/19",17:00:00,"Collision with vehicle","Wednesday","Day",2,2,"Cross intersection",3,40,"A",2019,"WAGON","MITSUB","Station Wagon","F",59,"50-59","Drivers"
"T20190021958","6/11/19",17:00:00,"Collision with vehicle","Wednesday","Day",2,2,"Cross intersection",3,40,"B",2003,"S WAG","SUBARU","Station Wagon","M",18,"17-21","Drivers"
"T20190021959","28/10/19",15:30:00,"Collision with vehicle","Monday","Day",2,2,"Not at intersection",3,60,"A",2015,"SEDAN","B M W","Car","F",42,"40-49","Drivers"
"T20190021959","28/10/19",15:30:00,"Collision with vehicle","Monday","Day",2,2,"Not at intersection",3,60,"B",2003,"WAGON","TOYOTA","Station Wagon","M",38,"30-39","Drivers"
"T20190021960","6/11/19",19:00:00,"Collision with vehicle","Wednesday","Day",3,3,"Not at intersection",3,60,"A",2013,"SEDAN","HOLDEN","Car","M",20,"17-21","Drivers"
"T20190021960","6/11/19",19:00:00,"Collision with vehicle","Wednesday","Day",3,3,"Not at intersection",3,60,"B",2017,"DC UTE","NISSAN","Utility","F",50,"50-59","Drivers"
"T20190021960","6/11/19",19:00:00,"Collision with vehicle","Wednesday","Day",3,3,"Not at intersection",3,60,"C",2010,"SEDAN","MITSUB","Car","U",NA,"unknown","Drivers"
"T20190021961","6/11/19",16:15:00,"Collision with vehicle","Wednesday","Day",2,2,"T intersection",2,50,"A",2011,"SEDAN","TOYOTA","Car","M",32,"30-39","Drivers"
"T20190021961","6/11/19",16:15:00,"Collision with vehicle","Wednesday","Day",2,2,"T intersection",2,50,"B",2015,"SEDAN","TOYOTA","Car","F",42,"40-49","Drivers"
"T20190021965","6/11/19",17:45:00,"Collision with vehicle","Wednesday","Day",2,2,"Not at intersection",2,60,"B",2005,"SEDAN","TOYOTA","Car","M",44,"40-49","Drivers"
"T20190021969","6/11/19",20:00:00,"Collision with vehicle","Wednesday","Dark Street lights on",2,2,"Cross intersection",3,60,"A",2000,"SEDAN","TOYOTA","Car","F",18,"17-21","Drivers"
"T20190021969","6/11/19",20:00:00,"Collision with vehicle","Wednesday","Dark Street lights on",2,2,"Cross intersection",3,60,"B",2016,"SEDAN","HOLDEN","Car","M",33,"30-39","Drivers"
"T20190021970","6/11/19",21:17:00,"Collision with vehicle","Wednesday","Dark Street lights on",6,14,"Multiple intersection",2,70,"A",2017,"S WAG","HOLDEN","Station Wagon","U",NA,"unknown","Drivers"
"T20190021970","6/11/19",21:17:00,"Collision with vehicle","Wednesday","Dark Street lights on",6,14,"Multiple intersection",2,70,"B",2017,"S WAG","HOLDEN","Station Wagon","U",NA,"unknown","Drivers"
"T20190021970","6/11/19",21:17:00,"Collision with vehicle","Wednesday","Dark Street lights on",6,14,"Multiple intersection",2,70,"C",2008,"SEDAN","HOLDEN","Car","U",NA,"unknown","Drivers"
"T20190021970","6/11/19",21:17:00,"Collision with vehicle","Wednesday","Dark Street lights on",6,14,"Multiple intersection",2,70,"D",2004,"SEDAN","HOLDEN","Car","M",31,"30-39","Drivers"
"T20190021970","6/11/19",21:17:00,"Collision with vehicle","Wednesday","Dark Street lights on",6,14,"Multiple intersection",2,70,"E",2010,"SEDAN","TOYOTA","Car","M",45,"40-49","Drivers"
"T20190021970","6/11/19",21:17:00,"Collision with vehicle","Wednesday","Dark Street lights on",6,14,"Multiple intersection",2,70,"F",2010,"SEDAN","SUZUKI","Car","F",66,"64-69","Drivers"
"T20190021971","25/10/19",10:09:00,"Collision with vehicle","Friday","Day",2,2,"T intersection",3,60,"A",0,"SEDAN","MERC B","Car","M",50,"50-59","Drivers"
"T20190021971","25/10/19",10:09:00,"Collision with vehicle","Friday","Day",2,2,"T intersection",3,60,"B",0,"IND/CN","TOYOTA","Light Commercial Vehicle (Rigid) <= 4.5 Tonnes GVM","M",28,"26-29","Drivers"
"T20190021972","6/11/19",00:00:00,"Collision with a fixed object","Wednesday","Dark No street lights",1,2,"Not at intersection",3,60,"A",1998,"SEDAN","HOLDEN","Car","M",22,"22-25","Drivers"
"T20190021976","10/10/19",15:34:00,"Collision with vehicle","Thursday","Day",2,4,"T intersection",3,60,"A",2010,"SEDAN","HOLDEN","Car","F",32,"30-39","Drivers"
"T20190021976","10/10/19",15:34:00,"Collision with vehicle","Thursday","Day",2,4,"T intersection",3,60,"B",2009,"SEDAN","TOYOTA","Car","F",19,"17-21","Drivers"
"T20190021977","12/10/19",09:00:00,"Struck animal","Saturday","Unknown",1,1,"Not at intersection",3,70,"A",2013,"WAGON","SUBARU","Station Wagon","F",57,"50-59","Drivers"
"T20190021978","6/11/19",11:18:00,"Struck Pedestrian","Wednesday","Day",1,3,"Not at intersection",3,50,"A",2019,"VAN","LDV","Panel Van","M",34,"30-39","Drivers"
"T20190021980","6/11/19",14:20:00,"Collision with vehicle","Wednesday","Day",2,2,"Not at intersection",3,100,"A",2013,"SEDAN","MERC B","Car","F",48,"40-49","Drivers"
"T20190021980","6/11/19",14:20:00,"Collision with vehicle","Wednesday","Day",2,2,"Not at intersection",3,100,"B",2019,"P MVR","VOLVO","Prime Mover - Single Trailer","M",67,"64-69","Drivers"
"T20190021984","6/11/19",17:00:00,"Collision with vehicle","Wednesday","Day",2,2,"T intersection",3,999,"A",2009,"SEDAN","HONDA","Car","M",37,"30-39","Drivers"
"T20190021984","6/11/19",17:00:00,"Collision with vehicle","Wednesday","Day",2,2,"T intersection",3,999,"B",2009,"WAGON","UNKN","Station Wagon","F",56,"50-59","Drivers"
"T20190021985","3/11/19",11:54:00,"Collision with vehicle","Sunday","Unknown",2,2,"Not at intersection",3,50,"A",2012,"S WAG","FORD","Station Wagon","M",60,"60-64","Drivers"
"T20190021985","3/11/19",11:54:00,"Collision with vehicle","Sunday","Unknown",2,2,"Not at intersection",3,50,"B",1999,"UTIL","HOLDEN","Utility","M",45,"40-49","Drivers"
"T20190021987","7/11/19",12:05:00,"Collision with vehicle","Thursday","Day",2,2,"Not at intersection",3,60,"A",2016,"SEDAN","MAZDA","Car","F",58,"50-59","Drivers"
"T20190021987","7/11/19",12:05:00,"Collision with vehicle","Thursday","Day",2,2,"Not at intersection",3,60,"B",2001,"SEDAN","VOLKS","Car","F",21,"17-21","Drivers"
"T20190021989","7/11/19",08:20:00,"Collision with vehicle","Thursday","Day",2,2,"Cross intersection",3,40,"E",2005,"TRAY","HINO","Heavy Vehicle (Rigid) > 4.5 Tonnes","M",31,"30-39","Drivers"
"T20190021994","7/11/19",10:13:00,"Struck Pedestrian","Thursday","Day",1,3,"Not at intersection",2,40,"A",2018,"SEDAN","MAZDA","Car","M",29,"26-29","Drivers"
"T20190021995","7/11/19",08:30:00,"Collision with a fixed object","Thursday","Day",1,1,"Not at intersection",3,50,"A",2019,"P MVR","MACK","Prime Mover - Single Trailer","M",38,"30-39","Drivers"
"T20190021996","7/11/19",09:05:00,"Collision with vehicle","Thursday","Day",2,3,"Cross intersection",3,60,"A",2017,"WAGON","NISSAN","Station Wagon","M",40,"40-49","Drivers"
"T20190021996","7/11/19",09:05:00,"Collision with vehicle","Thursday","Day",2,3,"Cross intersection",3,60,"B",1996,"SEDAN","TOYOTA","Car","F",76,"70+","Drivers"
"T20190021999","29/10/19",08:15:00,"Collision with vehicle","Tuesday","Day",2,2,"Not at intersection",3,80,"A",2006,"WAGON","UNKN","Station Wagon","F",35,"30-39","Drivers"
"T20190021999","29/10/19",08:15:00,"Collision with vehicle","Tuesday","Day",2,2,"Not at intersection",3,80,"B",2008,"SED","HOLDEN","Car","M",21,"17-21","Drivers"
"T20190022000","7/11/19",11:30:00,"No collision and no object struck","Thursday","Day",1,2,"Not at intersection",2,100,"A",2019,"COUPE","M G","Car","M",82,"70+","Drivers"
"T20190022002","27/10/19",09:15:00,"Collision with vehicle","Sunday","Unknown",2,2,"Cross intersection",3,999,"C",2018,"SEDAN","PEUG","Car","M",67,"64-69","Drivers"
"T20190022006","6/11/19",08:18:00,"Collision with vehicle","Wednesday","Day",2,2,"Not at intersection",2,100,"A",2004,"P MVR","DAF","Prime Mover - Single Trailer","M",35,"30-39","Drivers"
"T20190022006","6/11/19",08:18:00,"Collision with vehicle","Wednesday","Day",2,2,"Not at intersection",2,100,"B",2016,"WAGON","MITSUB","Station Wagon","M",38,"30-39","Drivers"
"T20190022007","21/9/19",12:00:00,"Collision with vehicle","Saturday","Day",2,2,"Cross intersection",3,50,"A",2008,"SEDAN","FORD","Car","M",71,"70+","Drivers"
"T20190022007","21/9/19",12:00:00,"Collision with vehicle","Saturday","Day",2,2,"Cross intersection",3,50,"B",2014,"WAGON","TOYOTA","Station Wagon","F",21,"17-21","Drivers"
"T20190022008","16/4/19",14:04:00,"Collision with vehicle","Tuesday","Day",2,3,"Not at intersection",3,999,"A",2017,"SEDAN","HOLDEN","Car","F",45,"40-49","Drivers"
"T20190022013","21/10/19",12:15:00,"Collision with vehicle","Monday","Day",2,2,"Not at intersection",3,80,"A",2012,"DC UTE","TOYOTA","Utility","M",35,"30-39","Drivers"
"T20190022013","21/10/19",12:15:00,"Collision with vehicle","Monday","Day",2,2,"Not at intersection",3,80,"B",2000,"SEDAN","HOLDEN","Car","M",72,"70+","Drivers"
"T20190022014","7/11/19",14:12:00,"Collision with vehicle","Thursday","Day",4,4,"Not at intersection",3,70,"A",2007,"VAN","UNKN","Panel Van","M",24,"22-25","Drivers"
"T20190022014","7/11/19",14:12:00,"Collision with vehicle","Thursday","Day",4,4,"Not at intersection",3,70,"B",2013,"SEDAN","TOYOTA","Car","F",20,"17-21","Drivers"
"T20190022014","7/11/19",14:12:00,"Collision with vehicle","Thursday","Day",4,4,"Not at intersection",3,70,"C",2013,"SEDAN","TOYOTA","Car","F",42,"40-49","Drivers"
"T20190022014","7/11/19",14:12:00,"Collision with vehicle","Thursday","Day",4,4,"Not at intersection",3,70,"D",0,"SEDAN","UNKN","Car","U",NA,"unknown","Drivers"
"T20190022015","7/11/19",10:48:00,"Collision with a fixed object","Thursday","Day",1,1,"Not at intersection",1,100,"A",1999,"UTIL","HOLDEN","Utility","M",18,"17-21","Drivers"
"T20190022017","5/10/19",10:00:00,"No collision and no object struck","Saturday","Day",2,5,"Cross intersection",3,90,"A",2005,"S WAG","FORD","Station Wagon","M",67,"64-69","Drivers"
"T20190022017","5/10/19",10:00:00,"No collision and no object struck","Saturday","Day",2,5,"Cross intersection",3,90,"B",2013,"WAGON","HOLDEN","Station Wagon","M",32,"30-39","Drivers"
"T20190022019","7/11/19",12:45:00,"Collision with vehicle","Thursday","Day",2,2,"Not at intersection",3,60,"A",2013,"WAGON","JEEP","Station Wagon","M",72,"70+","Drivers"
"T20190022020","7/11/19",14:25:00,"Collision with vehicle","Thursday","Day",2,2,"T intersection",3,60,"A",2013,"G UNIT","IVECO","Heavy Vehicle (Rigid) > 4.5 Tonnes","M",30,"30-39","Drivers"
"T20190022020","7/11/19",14:25:00,"Collision with vehicle","Thursday","Day",2,2,"T intersection",3,60,"B",2006,"VAN","HINO","Heavy Vehicle (Rigid) > 4.5 Tonnes","M",28,"26-29","Drivers"
"T20190022022","7/11/19",15:03:00,"Collision with vehicle","Thursday","Day",2,3,"Cross intersection",3,80,"A",2002,"SEDAN","HOLDEN","Car","F",46,"40-49","Drivers"
"T20190022022","7/11/19",15:03:00,"Collision with vehicle","Thursday","Day",2,3,"Cross intersection",3,80,"B",2012,"COUPE","B M W","Car","F",59,"50-59","Drivers"
"T20190022033","29/6/19",07:00:00,"Collision with vehicle","Saturday","Day",2,2,"T intersection",3,60,"A",1997,"WAGON","TOYOTA","Station Wagon","M",36,"30-39","Drivers"
"T20190022033","29/6/19",07:00:00,"Collision with vehicle","Saturday","Day",2,2,"T intersection",3,60,"B",2013,"DC UTE","TOYOTA","Utility","M",54,"50-59","Drivers"
"T20190022035","7/11/19",14:20:00,"Collision with vehicle","Thursday","Day",2,2,"Not at intersection",3,100,"A",2015,"UTIL","HOLDEN","Utility","M",50,"50-59","Drivers"
"T20190022035","7/11/19",14:20:00,"Collision with vehicle","Thursday","Day",2,2,"Not at intersection",3,100,"B",1997,"SEDAN","HYNDAI","Car","M",28,"26-29","Drivers"
"T20190022036","29/10/19",18:00:00,"Collision with vehicle","Tuesday","Day",2,3,"Cross intersection",3,60,"A",2018,"SEDAN","MERC B","Car","F",40,"40-49","Drivers"
"T20190022036","29/10/19",18:00:00,"Collision with vehicle","Tuesday","Day",2,3,"Cross intersection",3,60,"B",2015,"WAGON","NISSAN","Station Wagon","F",25,"22-25","Drivers"
"T20190022038","7/11/19",18:21:00,"Collision with vehicle","Thursday","Dusk/Dawn",3,2,"T intersection",3,50,"A",2007,"SEDAN","TOYOTA","Car","M",55,"50-59","Drivers"
"T20190022038","7/11/19",18:21:00,"Collision with vehicle","Thursday","Dusk/Dawn",3,2,"T intersection",3,50,"B",2011,"SEDAN","HONDA","Car","F",77,"70+","Drivers"
"T20190022040","7/11/19",14:47:00,"Collision with vehicle","Thursday","Day",2,3,"Not at intersection",3,60,"A",2001,"SEDAN","NISSAN","Car","F",47,"40-49","Drivers"
"T20190022040","7/11/19",14:47:00,"Collision with vehicle","Thursday","Day",2,3,"Not at intersection",3,60,"B",2008,"VAN","TOYOTA","Panel Van","M",79,"70+","Drivers"
"T20190022041","7/11/19",15:15:00,"Collision with vehicle","Thursday","Day",2,4,"Not at intersection",3,100,"B",0,"DUMPER","FORD","Heavy Vehicle (Rigid) > 4.5 Tonnes","M",33,"30-39","Drivers"
"T20190022041","7/11/19",15:15:00,"Collision with vehicle","Thursday","Day",2,4,"Not at intersection",3,100,"C",2005,"DC UTE","MITSUB","Utility","M",63,"60-64","Drivers"
"T20190022042","7/11/19",15:44:00,"Collision with a fixed object","Thursday","Day",1,1,"Not at intersection",3,80,"A",2007,"SEDAN","FORD","Car","F",19,"17-21","Drivers"
"T20190022043","7/11/19",17:38:00,"Collision with a fixed object","Thursday","Day",1,1,"Not at intersection",3,100,"A",2014,"VAN","ISUZU","Light Commercial Vehicle (Rigid) <= 4.5 Tonnes GVM","M",68,"64-69","Drivers"
"T20190022046","7/11/19",16:20:00,"Collision with vehicle","Thursday","Day",2,2,"T intersection",3,60,"A",2005,"SEDAN","HOLDEN","Car","F",49,"40-49","Drivers"
"T20190022046","7/11/19",16:20:00,"Collision with vehicle","Thursday","Day",2,2,"T intersection",3,60,"B",2008,"SEDAN","MAZDA","Car","F",27,"26-29","Drivers"
"T20190022048","7/11/19",17:55:00,"Vehicle overturned (no collision)","Thursday","Day",2,2,"Cross intersection",3,70,"B",2010,"SEDAN","MERC B","Car","F",47,"40-49","Drivers"
"T20190022049","7/11/19",16:40:00,"Collision with vehicle","Thursday","Day",2,3,"Cross intersection",3,50,"A",2009,"S WAG","HOLDEN","Station Wagon","M",19,"17-21","Drivers"
"T20190022049","7/11/19",16:40:00,"Collision with vehicle","Thursday","Day",2,3,"Cross intersection",3,50,"B",2017,"SEDAN","MAZDA","Car","M",33,"30-39","Drivers"
"T20190022050","7/11/19",20:45:00,"Collision with a fixed object","Thursday","Dark Street lights on",1,1,"Not at intersection",3,60,"A",2010,"SEDAN","HONDA","Car","M",39,"30-39","Drivers"