"ACCIDENT_NO","ACCIDENTDATE","ACCIDENTTIME","Accident Type Desc","Day Week Description","Light Condition Desc","NO_OF_VEHICLES","NO_PERSONS","Road Geometry Desc","SEVERITY","SPEED_ZONE","VEHICLE_ID","VEHICLE_YEAR_MANUF","VEHICLE_BODY_STYLE","VEHICLE_MAKE","Vehicle Type Desc","SEX","AGE","Age Group","Road User Type Desc"
"T20190022051","7/11/19",17:54:00,"Collision with vehicle","Thursday","Day",3,3,"Cross intersection",3,60,"A",2014,"WAGON","MITSUB","Station Wagon","M",61,"60-64","Drivers"
"T20190022051","7/11/19",17:54:00,"Collision with vehicle","Thursday","Day",3,3,"Cross intersection",3,60,"B",2013,"SEDAN","MAZDA","Car","F",48,"40-49","Drivers"
"T20190022053","7/11/19",20:00:00,"Collision with vehicle","Thursday","Dark Street lights on",2,3,"Cross intersection",3,80,"A",2005,"WAGON","NISSAN","Station Wagon","F",25,"22-25","Drivers"
"T20190022053","7/11/19",20:00:00,"Collision with vehicle","Thursday","Dark Street lights on",2,3,"Cross intersection",3,80,"B",2013,"SEDAN","REN","Car","M",35,"30-39","Drivers"
"T20190022054","7/11/19",18:12:00,"Collision with vehicle","Thursday","Day",2,2,"T intersection",3,50,"A",2005,"SEDAN","HOLDEN","Car","F",22,"22-25","Drivers"
"T20190022054","7/11/19",18:12:00,"Collision with vehicle","Thursday","Day",2,2,"T intersection",3,50,"B",2013,"SEDAN","MAZDA","Car","F",39,"30-39","Drivers"
"T20190022058","7/11/19",08:30:00,"Collision with vehicle","Thursday","Day",2,9,"Not at intersection",3,999,"A",2006,"S WAG","TOYOTA","Station Wagon","F",34,"30-39","Drivers"
"T20190022058","7/11/19",08:30:00,"Collision with vehicle","Thursday","Day",2,9,"Not at intersection",3,999,"B",2010,"TOURER","AUDI","Car","F",52,"50-59","Drivers"
"T20190022059","6/11/19",23:50:00,"Collision with a fixed object","Wednesday","Dark Street lights on",1,1,"Not at intersection",3,60,"A",2008,"SEDAN","NISSAN","Car","M",27,"26-29","Drivers"
"T20190022062","8/11/19",02:57:00,"Collision with a fixed object","Friday","Dark No street lights",1,1,"Not at intersection",3,100,"A",2000,"SEDAN","HYNDAI","Car","F",22,"22-25","Drivers"
"T20190022065","7/11/19",22:50:00,"Collision with vehicle","Thursday","Dark Street lights on",2,7,"Not at intersection",3,60,"A",2015,"WAGON","TOYOTA","Station Wagon","M",33,"30-39","Drivers"
"T20190022065","7/11/19",22:50:00,"Collision with vehicle","Thursday","Dark Street lights on",2,7,"Not at intersection",3,60,"B",2000,"SEDAN","FORD","Car","M",24,"22-25","Drivers"
"T20190022066","8/11/19",05:40:00,"Collision with vehicle","Friday","Dusk/Dawn",2,2,"Cross intersection",3,60,"A",2011,"SEDAN","TOYOTA","Car","F",32,"30-39","Drivers"
"T20190022066","8/11/19",05:40:00,"Collision with vehicle","Friday","Dusk/Dawn",2,2,"Cross intersection",3,60,"B",2013,"SEDAN","HYNDAI","Car","M",41,"40-49","Drivers"
"T20190022073","8/11/19",07:28:00,"Collision with vehicle","Friday","Day",3,4,"T intersection",3,60,"A",2010,"SEDAN","VOLKS","Car","F",23,"22-25","Drivers"
"T20190022073","8/11/19",07:28:00,"Collision with vehicle","Friday","Day",3,4,"T intersection",3,60,"B",2016,"WAGON","KIA","Station Wagon","M",48,"40-49","Drivers"
"T20190022073","8/11/19",07:28:00,"Collision with vehicle","Friday","Day",3,4,"T intersection",3,60,"C",2014,"UTIL","FORD","Utility","M",47,"40-49","Drivers"
"T20190022075","8/11/19",06:10:00,"Collision with a fixed object","Friday","Dusk/Dawn",1,1,"Not at intersection",3,60,"A",2000,"SEDAN","HOLDEN","Car","M",23,"22-25","Drivers"
"T20190022077","7/11/19",09:30:00,"Collision with vehicle","Thursday","Day",2,2,"Cross intersection",3,999,"A",2008,"WAGON","SUBARU","Station Wagon","F",49,"40-49","Drivers"
"T20190022077","7/11/19",09:30:00,"Collision with vehicle","Thursday","Day",2,2,"Cross intersection",3,999,"B",1997,"WAGON","NISSAN","Station Wagon","M",30,"30-39","Drivers"
"T20190022079","8/11/19",08:15:00,"Collision with vehicle","Friday","Day",2,2,"Not at intersection",3,50,"A",2006,"WAGON","VOLVO","Station Wagon","F",38,"30-39","Drivers"
"T20190022079","8/11/19",08:15:00,"Collision with vehicle","Friday","Day",2,2,"Not at intersection",3,50,"B",2004,"WAGON","MAZDA","Station Wagon","M",46,"40-49","Drivers"
"T20190022083","8/11/19",09:10:00,"Collision with vehicle","Friday","Day",3,3,"Not at intersection",3,60,"A",2008,"SEDAN","TOYOTA","Car","F",36,"30-39","Drivers"
"T20190022083","8/11/19",09:10:00,"Collision with vehicle","Friday","Day",3,3,"Not at intersection",3,60,"B",2002,"SEDAN","TOYOTA","Car","F",29,"26-29","Drivers"
"T20190022083","8/11/19",09:10:00,"Collision with vehicle","Friday","Day",3,3,"Not at intersection",3,60,"C",2018,"SEDAN","HYNDAI","Car","M",18,"17-21","Drivers"
"T20190022085","8/11/19",08:00:00,"Vehicle overturned (no collision)","Friday","Day",1,1,"Not at intersection",3,100,"A",2006,"SEDAN","FORD","Car","F",25,"22-25","Drivers"
"T20190022087","8/11/19",08:23:00,"Collision with a fixed object","Friday","Day",1,4,"Not at intersection",3,100,"A",1997,"WAGON","TOYOTA","Station Wagon","F",42,"40-49","Drivers"
"T20190022090","7/10/19",22:15:00,"Collision with vehicle","Monday","Dark No street lights",2,4,"Not at intersection",3,110,"A",2016,"WAGON","ISUZU","Station Wagon","F",29,"26-29","Drivers"
"T20190022090","7/10/19",22:15:00,"Collision with vehicle","Monday","Dark No street lights",2,4,"Not at intersection",3,110,"B",2015,"SEDAN","HOLDEN","Car","M",36,"30-39","Drivers"
"T20190022091","8/11/19",07:58:00,"Collision with vehicle","Friday","Dusk/Dawn",3,3,"Not at intersection",3,100,"A",2013,"SEDAN","HYNDAI","Car","F",28,"26-29","Drivers"
"T20190022091","8/11/19",07:58:00,"Collision with vehicle","Friday","Dusk/Dawn",3,3,"Not at intersection",3,100,"B",2010,"SEDAN","SUBARU","Car","F",56,"50-59","Drivers"
"T20190022091","8/11/19",07:58:00,"Collision with vehicle","Friday","Dusk/Dawn",3,3,"Not at intersection",3,100,"C",2003,"S WAG","HOLDEN","Station Wagon","M",43,"40-49","Drivers"
"T20190022098","8/11/19",11:14:00,"Collision with a fixed object","Friday","Day",1,1,"Not at intersection",3,60,"A",2002,"WAGON","HONDA","Station Wagon","F",72,"70+","Drivers"
"T20190022106","8/11/19",13:06:00,"Fall from or in moving vehicle","Friday","Day",2,2,"Not at intersection",3,70,"B",1999,"VAN","ISUZU","Heavy Vehicle (Rigid) > 4.5 Tonnes","M",44,"40-49","Drivers"
"T20190022108","8/11/19",12:15:00,"Collision with vehicle","Friday","Day",2,2,"T intersection",3,80,"A",2006,"SEDAN","HYNDAI","Car","F",68,"64-69","Drivers"
"T20190022108","8/11/19",12:15:00,"Collision with vehicle","Friday","Day",2,2,"T intersection",3,80,"B",2012,"SEDAN","HOLDEN","Car","F",29,"26-29","Drivers"
"T20190022109","8/11/19",12:20:00,"Collision with vehicle","Friday","Day",2,2,"T intersection",3,50,"A",2000,"SEDAN","HOLDEN","Car","F",58,"50-59","Drivers"
"T20190022109","8/11/19",12:20:00,"Collision with vehicle","Friday","Day",2,2,"T intersection",3,50,"B",2003,"WAGON","SUBARU","Station Wagon","M",34,"30-39","Drivers"
"T20190022110","25/10/19",08:30:00,"collision with some other object","Friday","Day",1,2,"Not at intersection",3,100,"A",2008,"VAN","VOLKS","Panel Van","M",19,"17-21","Drivers"
"T20190022112","28/10/19",06:55:00,"Collision with vehicle","Monday","Day",2,3,"Not at intersection",3,60,"A",2001,"S WAG","TOYOTA","Station Wagon","M",26,"26-29","Drivers"
"T20190022112","28/10/19",06:55:00,"Collision with vehicle","Monday","Day",2,3,"Not at intersection",3,60,"B",2016,"WAGON","MITSUB","Station Wagon","F",39,"30-39","Drivers"
"T20190022113","31/10/19",15:30:00,"Collision with vehicle","Thursday","Day",2,3,"Not at intersection",3,999,"A",2007,"WAGON","FORD","Station Wagon","M",66,"64-69","Drivers"
"T20190022113","31/10/19",15:30:00,"Collision with vehicle","Thursday","Day",2,3,"Not at intersection",3,999,"B",2015,"WAGON","MITSUB","Station Wagon","F",39,"30-39","Drivers"
"T20190022114","8/11/19",07:30:00,"Collision with vehicle","Friday","Day",3,3,"Not at intersection",2,60,"A",2009,"RDSTR","B M W","Car","M",25,"22-25","Drivers"
"T20190022114","8/11/19",07:30:00,"Collision with vehicle","Friday","Day",3,3,"Not at intersection",2,60,"B",2006,"SEDAN","MAZDA","Car","M",40,"40-49","Drivers"
"T20190022114","8/11/19",07:30:00,"Collision with vehicle","Friday","Day",3,3,"Not at intersection",2,60,"C",2016,"SEDAN","FORD","Car","F",33,"30-39","Drivers"
"T20190022115","8/11/19",12:32:00,"Collision with vehicle","Friday","Day",3,4,"Cross intersection",3,60,"A",2005,"UTIL","HOLDEN","Utility","F",25,"22-25","Drivers"
"T20190022115","8/11/19",12:32:00,"Collision with vehicle","Friday","Day",3,4,"Cross intersection",3,60,"B",2016,"VAN","REN","Panel Van","M",43,"40-49","Drivers"
"T20190022115","8/11/19",12:32:00,"Collision with vehicle","Friday","Day",3,4,"Cross intersection",3,60,"C",2019,"SEDAN","B M W","Car","U",NA,"unknown","Drivers"
"T20190022116","6/11/19",13:05:00,"Struck Pedestrian","Wednesday","Day",1,3,"Cross intersection",3,50,"A",2019,"BUS","TOYOTA","Mini Bus(9-13 seats)","M",34,"30-39","Drivers"
"T20190022119","8/11/19",09:50:00,"Collision with vehicle","Friday","Day",2,2,"Not at intersection",3,50,"A",2002,"SEDAN","FORD","Car","F",80,"70+","Drivers"
"T20190022119","8/11/19",09:50:00,"Collision with vehicle","Friday","Day",2,2,"Not at intersection",3,50,"B",1985,"UTIL","TOYOTA","Utility","M",54,"50-59","Drivers"
"T20190022120","22/10/19",17:30:00,"No collision and no object struck","Tuesday","Day",2,2,"Not at intersection",3,60,"B",2012,"SEDAN","TOYOTA","Car","U",NA,"unknown","Drivers"
"T20190022121","8/11/19",14:00:00,"Collision with a fixed object","Friday","Day",1,2,"T intersection",2,60,"A",1986,"WAGON","TOYOTA","Station Wagon","M",47,"40-49","Drivers"
"T20190022122","8/11/19",14:18:00,"Collision with vehicle","Friday","Day",2,2,"Y intersection",3,100,"A",1985,"TRAY","TOYOTA","Light Commercial Vehicle (Rigid) <= 4.5 Tonnes GVM","M",19,"17-21","Drivers"
"T20190022122","8/11/19",14:18:00,"Collision with vehicle","Friday","Day",2,2,"Y intersection",3,100,"B",2012,"WAGON","MAZDA","Station Wagon","M",75,"70+","Drivers"
"T20190022126","7/11/19",11:30:00,"Collision with vehicle","Thursday","Day",2,3,"T intersection",3,50,"A",2015,"WAGON","TOYOTA","Station Wagon","M",34,"30-39","Drivers"
"T20190022126","7/11/19",11:30:00,"Collision with vehicle","Thursday","Day",2,3,"T intersection",3,50,"B",2018,"P MVR","SCANIA","Prime Mover - Single Trailer","M",56,"50-59","Drivers"
"T20190022127","8/11/19",13:13:00,"Collision with vehicle","Friday","Day",2,3,"Cross intersection",3,80,"A",0,"P VAN","UNKN","Panel Van","M",67,"64-69","Drivers"
"T20190022127","8/11/19",13:13:00,"Collision with vehicle","Friday","Day",2,3,"Cross intersection",3,80,"B",2013,"UTIL","MAZDA","Utility","M",44,"40-49","Drivers"
"T20190022128","6/11/19",09:25:00,"Collision with vehicle","Wednesday","Day",2,2,"Not at intersection",2,100,"A",2018,"SKIP C","ISUZU","Heavy Vehicle (Rigid) > 4.5 Tonnes","M",28,"26-29","Drivers"
"T20190022130","8/10/19",20:20:00,"Collision with vehicle","Tuesday","Dark Street lights on",2,2,"T intersection",3,40,"B",2016,"SEDAN","MAZDA","Car","M",45,"40-49","Drivers"
"T20190022135","8/11/19",15:45:00,"Collision with vehicle","Friday","Day",2,4,"Cross intersection",3,60,"A",2019,"WAGON","NISSAN","Station Wagon","M",48,"40-49","Drivers"
"T20190022135","8/11/19",15:45:00,"Collision with vehicle","Friday","Day",2,4,"Cross intersection",3,60,"B",2018,"WAGON","VOLKS","Station Wagon","M",48,"40-49","Drivers"
"T20190022138","8/11/19",15:46:00,"Collision with vehicle","Friday","Day",2,2,"Not at intersection",3,100,"A",2019,"SEDAN","TOYOTA","Car","F",47,"40-49","Drivers"
"T20190022138","8/11/19",15:46:00,"Collision with vehicle","Friday","Day",2,2,"Not at intersection",3,100,"B",2011,"SEDAN","HOLDEN","Car","M",25,"22-25","Drivers"
"T20190022140","24/10/19",15:03:00,"Collision with vehicle","Thursday","Day",2,3,"Multiple intersection",3,60,"A",2008,"SEDAN","HOLDEN","Car","F",20,"17-21","Drivers"
"T20190022140","24/10/19",15:03:00,"Collision with vehicle","Thursday","Day",2,3,"Multiple intersection",3,60,"B",2007,"UTIL","TOYOTA","Utility","M",24,"22-25","Drivers"
"T20190022144","8/11/19",15:39:00,"Collision with a fixed object","Friday","Day",1,1,"Not at intersection",3,100,"A",1997,"SEDAN","FORD","Car","M",30,"30-39","Drivers"
"T20190022145","8/11/19",17:15:00,"Collision with vehicle","Friday","Day",2,2,"Not at intersection",3,80,"A",2014,"SEDAN","MITSUB","Car","M",31,"30-39","Drivers"
"T20190022145","8/11/19",17:15:00,"Collision with vehicle","Friday","Day",2,2,"Not at intersection",3,80,"B",1997,"SEDAN","TOYOTA","Car","F",85,"70+","Drivers"
"T20190022146","8/11/19",14:08:00,"Collision with vehicle","Friday","Day",2,2,"Not at intersection",2,60,"A",2015,"UTIL","TOYOTA","Utility","M",47,"40-49","Drivers"
"T20190022146","8/11/19",14:08:00,"Collision with vehicle","Friday","Day",2,2,"Not at intersection",2,60,"B",2016,"SWV1","HONDA","Quad Bike","M",75,"70+","Drivers"
"T20190022147","8/11/19",16:15:00,"Struck Pedestrian","Friday","Day",1,2,"Not at intersection",3,60,"A",2016,"WAGON","HONDA","Station Wagon","F",43,"40-49","Drivers"
"T20190022148","8/11/19",15:20:00,"Struck Pedestrian","Friday","Day",1,2,"Cross intersection",3,60,"A",2012,"SEDAN","LEXUS","Car","F",44,"40-49","Drivers"
"T20190022149","25/10/19",14:00:00,"Collision with vehicle","Friday","Day",2,3,"Multiple intersection",3,50,"B",2013,"SEDAN","TOYOTA","Car","M",82,"70+","Drivers"
"T20190022153","8/11/19",16:10:00,"Collision with vehicle","Friday","Day",3,5,"Cross intersection",3,80,"A",2005,"SEDAN","MITSUB","Car","M",31,"30-39","Drivers"
"T20190022153","8/11/19",16:10:00,"Collision with vehicle","Friday","Day",3,5,"Cross intersection",3,80,"B",2000,"SEDAN","NISSAN","Car","M",24,"22-25","Drivers"
"T20190022153","8/11/19",16:10:00,"Collision with vehicle","Friday","Day",3,5,"Cross intersection",3,80,"C",2017,"WAGON","B M W","Station Wagon","M",46,"40-49","Drivers"
"T20190022160","8/11/19",15:00:00,"Collision with a fixed object","Friday","Day",1,1,"Not at intersection",3,100,"A",2007,"SEDAN","HOLDEN","Car","M",71,"70+","Drivers"
"T20190022161","8/11/19",19:15:00,"Collision with vehicle","Friday","Dusk/Dawn",2,2,"Cross intersection",3,40,"A",2008,"SEDAN","MITSUB","Car","M",21,"17-21","Drivers"
"T20190022161","8/11/19",19:15:00,"Collision with vehicle","Friday","Dusk/Dawn",2,2,"Cross intersection",3,40,"B",2018,"SEDAN","TOYOTA","Car","F",28,"26-29","Drivers"
"T20190022162","8/11/19",12:05:00,"Collision with a fixed object","Friday","Day",1,2,"Not at intersection",3,100,"A",2002,"SEDAN","FORD","Car","M",24,"22-25","Drivers"
"T20190022164","8/11/19",05:00:00,"Collision with vehicle","Friday","Dusk/Dawn",3,3,"Not at intersection",3,80,"A",1997,"COUPE","NISSAN","Car","M",34,"30-39","Drivers"
"T20190022164","8/11/19",05:00:00,"Collision with vehicle","Friday","Dusk/Dawn",3,3,"Not at intersection",3,80,"B",2013,"UTIL","FORD","Utility","M",33,"30-39","Drivers"
"T20190022164","8/11/19",05:00:00,"Collision with vehicle","Friday","Dusk/Dawn",3,3,"Not at intersection",3,80,"C",2015,"VAN","TOYOTA","Panel Van","M",46,"40-49","Drivers"
"T20190022165","8/11/19",15:44:00,"Collision with vehicle","Friday","Day",2,3,"T intersection",3,60,"A",2002,"WAGON","L ROV","Station Wagon","M",70,"70+","Drivers"
"T20190022165","8/11/19",15:44:00,"Collision with vehicle","Friday","Day",2,3,"T intersection",3,60,"B",2015,"WAGON","KIA","Station Wagon","F",68,"64-69","Drivers"
"T20190022166","8/11/19",21:20:00,"Struck animal","Friday","Dark No street lights",1,2,"Not at intersection",3,100,"A",2009,"DC UTE","NISSAN","Utility","F",26,"26-29","Drivers"
"T20190022167","8/11/19",22:20:00,"Collision with vehicle","Friday","Dark Street lights on",2,2,"T intersection",3,80,"A",2015,"SEDAN","TOYOTA","Car","M",27,"26-29","Drivers"
"T20190022167","8/11/19",22:20:00,"Collision with vehicle","Friday","Dark Street lights on",2,2,"T intersection",3,80,"B",2015,"SEDAN","MAZDA","Car","F",28,"26-29","Drivers"
"T20190022169","8/11/19",00:45:00,"Collision with a fixed object","Friday","Dark Street lights on",1,2,"T intersection",3,80,"A",2003,"SEDAN","HOLDEN","Car","M",36,"30-39","Drivers"
"T20190022170","8/11/19",23:15:00,"Struck Pedestrian","Friday","Dark Street lights on",1,2,"Not at intersection",3,60,"A",2006,"WAGON","HOLDEN","Car","M",58,"50-59","Drivers"
"T20190022176","9/11/19",01:26:00,"Struck Pedestrian","Saturday","Dark Street lights on",1,3,"Not at intersection",2,50,"A",0,"DC UTE","MITSUB","Utility","M",21,"17-21","Drivers"
"T20190022177","8/11/19",23:10:00,"Collision with vehicle","Friday","Dark Street lights on",3,1,"Cross intersection",3,50,"A",2014,"WAGON","FORD","Station Wagon","F",41,"40-49","Drivers"
"T20190022178","19/10/19",13:00:00,"Vehicle overturned (no collision)","Saturday","Day",1,1,"Not at intersection",2,999,"A",2016,"SWV1","UNKN","Quad Bike","M",65,"64-69","Drivers"
"T20190022181","2/11/19",16:20:00,"Collision with vehicle","Saturday","Day",2,2,"Cross intersection",3,999,"A",2012,"WAGON","SUBARU","Station Wagon","F",51,"50-59","Drivers"
"T20190022181","2/11/19",16:20:00,"Collision with vehicle","Saturday","Day",2,2,"Cross intersection",3,999,"B",2005,"WAGON","TOYOTA","Station Wagon","F",46,"40-49","Drivers"
"T20190022184","8/11/19",20:15:00,"Collision with vehicle","Friday","Dark Street lights on",3,3,"Not at intersection",3,80,"A",2000,"SEDAN","NISSAN","Car","M",23,"22-25","Drivers"
"T20190022184","8/11/19",20:15:00,"Collision with vehicle","Friday","Dark Street lights on",3,3,"Not at intersection",3,80,"B",2004,"SEDAN","MAZDA","Car","F",18,"17-21","Drivers"
"T20190022184","8/11/19",20:15:00,"Collision with vehicle","Friday","Dark Street lights on",3,3,"Not at intersection",3,80,"C",2014,"SEDAN","TOYOTA","Car","M",36,"30-39","Drivers"
"T20190022187","9/11/19",07:57:00,"Collision with vehicle","Saturday","Day",2,7,"Not at intersection",3,100,"A",2011,"DC UTE","TOYOTA","Utility","F",77,"70+","Drivers"
"T20190022187","9/11/19",07:57:00,"Collision with vehicle","Saturday","Day",2,7,"Not at intersection",3,100,"B",2001,"WAGON","MITSUB","Station Wagon","M",39,"30-39","Drivers"
"T20190022188","8/11/19",17:24:00,"Collision with vehicle","Friday","Day",2,3,"Not at intersection",3,60,"A",2015,"WAGON","TOYOTA","Station Wagon","M",61,"60-64","Drivers"
"T20190022188","8/11/19",17:24:00,"Collision with vehicle","Friday","Day",2,3,"Not at intersection",3,60,"B",2007,"UTIL","HOLDEN","Utility","M",23,"22-25","Drivers"
"T20190022189","6/11/19",18:00:00,"Collision with vehicle","Wednesday","Day",2,2,"Not at intersection",3,40,"B",2016,"WAGON","TOYOTA","Station Wagon","M",48,"40-49","Drivers"
"T20190022192","9/11/19",07:55:00,"Collision with vehicle","Saturday","Day",2,2,"Not at intersection",3,70,"A",2016,"SEDAN","MAZDA","Car","F",20,"17-21","Drivers"
"T20190022192","9/11/19",07:55:00,"Collision with vehicle","Saturday","Day",2,2,"Not at intersection",3,70,"B",2012,"WAGON","JEEP","Station Wagon","M",32,"30-39","Drivers"
"T20190022193","8/11/19",17:30:00,"Collision with vehicle","Friday","Day",2,5,"T intersection",3,100,"A",2006,"SEDAN","HOLDEN","Car","F",50,"50-59","Drivers"
"T20190022193","8/11/19",17:30:00,"Collision with vehicle","Friday","Day",2,5,"T intersection",3,100,"B",2011,"UTIL","TOYOTA","Utility","M",18,"17-21","Drivers"
"T20190022194","9/11/19",06:30:00,"Collision with a fixed object","Saturday","Day",1,1,"Not at intersection",2,100,"A",2018,"WAGON","MITSUB","Station Wagon","M",48,"40-49","Drivers"
"T20190022196","9/11/19",10:30:00,"Struck Pedestrian","Saturday","Day",1,2,"Not at intersection",3,50,"A",2013,"WAGON","JEEP","Station Wagon","M",61,"60-64","Drivers"
"T20190022197","3/11/19",17:20:00,"Collision with vehicle","Sunday","Unknown",2,3,"Cross intersection",3,60,"A",2015,"SEDAN","VOLKS","Car","M",30,"30-39","Drivers"
"T20190022197","3/11/19",17:20:00,"Collision with vehicle","Sunday","Unknown",2,3,"Cross intersection",3,60,"B",2017,"SEDAN","VOLKS","Car","M",70,"70+","Drivers"
"T20190022200","9/11/19",08:15:00,"Struck Pedestrian","Saturday","Day",1,2,"T intersection",3,60,"A",2014,"UTIL","MITSUB","Utility","M",39,"30-39","Drivers"
"T20190022202","9/11/19",07:00:00,"Collision with vehicle","Saturday","Dusk/Dawn",2,2,"T intersection",3,50,"A",2010,"SEDAN","HOLDEN","Car","M",24,"22-25","Drivers"
"T20190022203","6/11/19",14:00:00,"Struck Pedestrian","Wednesday","Day",1,2,"Cross intersection",3,40,"A",2008,"SEDAN","HONDA","Car","F",55,"50-59","Drivers"
"T20190022204","9/11/19",10:25:00,"Struck Pedestrian","Saturday","Day",1,4,"Not at intersection",3,40,"A",2000,"SEDAN","HYNDAI","Car","F",60,"60-64","Drivers"
"T20190022205","4/10/19",11:01:00,"Collision with vehicle","Friday","Day",2,2,"T intersection",3,60,"A",2003,"SEDAN","SUZUKI","Car","F",30,"30-39","Drivers"
"T20190022205","4/10/19",11:01:00,"Collision with vehicle","Friday","Day",2,2,"T intersection",3,60,"B",2009,"WAGON","TOYOTA","Station Wagon","M",54,"50-59","Drivers"
"T20190022207","9/11/19",05:09:00,"Collision with vehicle","Saturday","Dusk/Dawn",2,2,"Cross intersection",1,60,"B",1992,"P MVR","MERC B","Prime Mover Only","M",78,"70+","Drivers"
"T20190022211","28/10/19",09:00:00,"No collision and no object struck","Monday","Day",1,1,"Not at intersection",3,110,"A",2015,"SEDAN","TOYOTA","Car","F",45,"40-49","Drivers"
"T20190022216","9/11/19",10:23:00,"Collision with vehicle","Saturday","Day",2,5,"Not at intersection",3,999,"A",2004,"UTIL","HOLDEN","Utility","M",57,"50-59","Drivers"
"T20190022216","9/11/19",10:23:00,"Collision with vehicle","Saturday","Day",2,5,"Not at intersection",3,999,"B",2008,"SEDAN","TOYOTA","Car","F",23,"22-25","Drivers"
"T20190022220","9/11/19",11:12:00,"Vehicle overturned (no collision)","Saturday","Day",1,1,"Not at intersection",3,60,"A",2012,"TIPPER","MACK","Heavy Vehicle (Rigid) > 4.5 Tonnes","M",30,"30-39","Drivers"
"T20190022223","9/11/19",13:20:00,"Collision with vehicle","Saturday","Day",2,2,"T intersection",3,50,"A",2004,"SEDAN","TOYOTA","Car","F",40,"40-49","Drivers"
"T20190022224","9/11/19",11:26:00,"Collision with vehicle","Saturday","Day",2,3,"Cross intersection",3,60,"A",2018,"SEDAN","SUZUKI","Car","F",39,"30-39","Drivers"
"T20190022224","9/11/19",11:26:00,"Collision with vehicle","Saturday","Day",2,3,"Cross intersection",3,60,"B",2010,"S WAG","NISSAN","Station Wagon","F",40,"40-49","Drivers"
"T20190022228","9/11/19",15:30:00,"Collision with vehicle","Saturday","Day",2,2,"Not at intersection",3,100,"A",2012,"WAGON","TOYOTA","Station Wagon","M",41,"40-49","Drivers"
"T20190022228","9/11/19",15:30:00,"Collision with vehicle","Saturday","Day",2,2,"Not at intersection",3,100,"B",2006,"SEDAN","PEUG","Car","F",45,"40-49","Drivers"
"T20190022230","9/11/19",18:25:00,"Collision with vehicle","Saturday","Day",2,4,"Cross intersection",3,60,"A",2008,"SEDAN","B M W","Car","M",61,"60-64","Drivers"
"T20190022230","9/11/19",18:25:00,"Collision with vehicle","Saturday","Day",2,4,"Cross intersection",3,60,"B",2008,"SEDAN","TOYOTA","Car","M",48,"40-49","Drivers"
"T20190022231","9/11/19",18:37:00,"Collision with vehicle","Saturday","Dusk/Dawn",2,2,"Not at intersection",3,60,"A",2014,"SEDAN","HOLDEN","Car","M",45,"40-49","Drivers"
"T20190022233","9/11/19",18:55:00,"Collision with vehicle","Saturday","Dusk/Dawn",4,3,"Not at intersection",3,50,"A",2000,"SEDAN","MAZDA","Car","M",46,"40-49","Drivers"
"T20190022233","9/11/19",18:55:00,"Collision with vehicle","Saturday","Dusk/Dawn",4,3,"Not at intersection",3,50,"B",2006,"SEDAN","TOYOTA","Car","F",24,"22-25","Drivers"
"T20190022238","9/11/19",20:29:00,"Collision with a fixed object","Saturday","Dark No street lights",1,1,"Not at intersection",3,100,"A",2012,"SEDAN","HYNDAI","Car","M",18,"17-21","Drivers"
"T20190022239","9/11/19",20:46:00,"Collision with vehicle","Saturday","Dark Street lights on",2,4,"Cross intersection",3,60,"A",2017,"WAGON","MAZDA","Car","M",45,"40-49","Drivers"
"T20190022239","9/11/19",20:46:00,"Collision with vehicle","Saturday","Dark Street lights on",2,4,"Cross intersection",3,60,"B",2001,"SEDAN","SUBARU","Car","F",21,"17-21","Drivers"
"T20190022246","23/10/19",15:27:00,"Collision with vehicle","Wednesday","Day",2,2,"Not at intersection",3,70,"A",2018,"UTIL","NISSAN","Utility","M",51,"50-59","Drivers"
"T20190022246","23/10/19",15:27:00,"Collision with vehicle","Wednesday","Day",2,2,"Not at intersection",3,70,"B",2018,"WAGON","MAZDA","Station Wagon","F",44,"40-49","Drivers"
"T20190022249","9/11/19",11:04:00,"Collision with vehicle","Saturday","Day",2,5,"Not at intersection",3,80,"A",2019,"WAGON","MITSUB","Station Wagon","F",31,"30-39","Drivers"
"T20190022249","9/11/19",11:04:00,"Collision with vehicle","Saturday","Day",2,5,"Not at intersection",3,80,"B",2018,"WAGON","KIA","Station Wagon","F",29,"26-29","Drivers"
"T20190022250","9/11/19",09:16:00,"Collision with a fixed object","Saturday","Day",1,1,"Not at intersection",2,80,"A",2001,"VAN","MITSUB","Light Commercial Vehicle (Rigid) <= 4.5 Tonnes GVM","M",38,"30-39","Drivers"
"T20190022256","10/11/19",05:35:00,"Struck animal","Sunday","Day",1,1,"Not at intersection",3,100,"A",2009,"UTIL","HOLDEN","Utility","M",48,"40-49","Drivers"
"T20190022260","4/11/19",15:00:00,"Collision with vehicle","Monday","Day",2,2,"Not at intersection",3,60,"A",2011,"SEDAN","FORD","Car","F",55,"50-59","Drivers"
"T20190022260","4/11/19",15:00:00,"Collision with vehicle","Monday","Day",2,2,"Not at intersection",3,60,"B",2009,"DC UTE","TOYOTA","Utility","M",62,"60-64","Drivers"
"T20190022261","10/11/19",11:15:00,"Collision with a fixed object","Sunday","Day",1,4,"Not at intersection",2,80,"A",2014,"SEDAN","TOYOTA","Car","M",83,"70+","Drivers"
"T20190022262","9/11/19",22:05:00,"Collision with vehicle","Saturday","Dark Street lights on",2,3,"T intersection",3,50,"A",2012,"UTIL","HOLDEN","Utility","F",25,"22-25","Drivers"