"ACCIDENT_NO","ACCIDENTDATE","ACCIDENTTIME","Accident Type Desc","Day Week Description","Light Condition Desc","NO_OF_VEHICLES","NO_PERSONS","Road Geometry Desc","SEVERITY","SPEED_ZONE","VEHICLE_ID","VEHICLE_YEAR_MANUF","VEHICLE_BODY_STYLE","VEHICLE_MAKE","Vehicle Type Desc","SEX","AGE","Age Group","Road User Type Desc"
"T20190022262","9/11/19",22:05:00,"Collision with vehicle","Saturday","Dark Street lights on",2,3,"T intersection",3,50,"B",1999,"WAGON","NISSAN","Station Wagon","M",32,"30-39","Drivers"
"T20190022263","10/11/19",08:45:00,"Collision with a fixed object","Sunday","Day",1,3,"Not at intersection",3,50,"A",1997,"COUPE","B M W","Car","M",40,"40-49","Drivers"
"T20190022264","10/11/19",12:44:00,"Collision with vehicle","Sunday","Day",2,6,"Not at intersection",3,100,"A",2002,"UTIL","FORD","Utility","M",30,"30-39","Drivers"
"T20190022264","10/11/19",12:44:00,"Collision with vehicle","Sunday","Day",2,6,"Not at intersection",3,100,"B",2005,"S WAG","HOLDEN","Station Wagon","M",21,"17-21","Drivers"
"T20190022265","16/10/19",10:00:00,"Collision with vehicle","Wednesday","Day",2,2,"T intersection",3,60,"A",2019,"UTIL","ISUZU","Utility","M",26,"26-29","Drivers"
"T20190022265","16/10/19",10:00:00,"Collision with vehicle","Wednesday","Day",2,2,"T intersection",3,60,"B",2005,"SEDAN","HOLDEN","Car","F",41,"40-49","Drivers"
"T20190022267","10/11/19",12:10:00,"Collision with vehicle","Sunday","Day",2,2,"Not at intersection",3,80,"A",2011,"SEDAN","TOYOTA","Car","M",37,"30-39","Drivers"
"T20190022273","1/11/19",14:05:00,"Collision with vehicle","Friday","Day",2,2,"Cross intersection",3,999,"A",2018,"SEDAN","HYNDAI","Car","F",35,"30-39","Drivers"
"T20190022273","1/11/19",14:05:00,"Collision with vehicle","Friday","Day",2,2,"Cross intersection",3,999,"B",2003,"SED","HONDA","Car","M",23,"22-25","Drivers"
"T20190022274","8/10/19",17:59:00,"Collision with vehicle","Tuesday","Day",2,2,"T intersection",3,50,"A",2018,"WAGON","MAZDA","Station Wagon","F",39,"30-39","Drivers"
"T20190022274","8/10/19",17:59:00,"Collision with vehicle","Tuesday","Day",2,2,"T intersection",3,50,"B",2009,"SEDAN","MAZDA","Car","F",26,"26-29","Drivers"
"T20190022275","10/11/19",16:50:00,"Collision with vehicle","Sunday","Day",2,2,"Cross intersection",3,60,"A",2013,"WAGON","JEEP","Station Wagon","M",66,"64-69","Drivers"
"T20190022275","10/11/19",16:50:00,"Collision with vehicle","Sunday","Day",2,2,"Cross intersection",3,60,"B",2006,"WAGON","HOLDEN","Station Wagon","F",42,"40-49","Drivers"
"T20190022276","10/11/19",17:33:00,"Collision with a fixed object","Sunday","Day",1,1,"Not at intersection",3,70,"A",2000,"DC UTE","TOYOTA","Utility","M",22,"22-25","Drivers"
"T20190022277","10/11/19",15:50:00,"Collision with vehicle","Sunday","Day",2,5,"T intersection",3,70,"A",2013,"WAGON","JEEP","Station Wagon","F",19,"17-21","Drivers"
"T20190022277","10/11/19",15:50:00,"Collision with vehicle","Sunday","Day",2,5,"T intersection",3,70,"B",2011,"SEDAN","MITSUB","Car","M",18,"17-21","Drivers"
"T20190022278","7/11/19",14:40:00,"Collision with vehicle","Thursday","Unknown",2,2,"T intersection",3,80,"A",2010,"SEDAN","MAZDA","Car","F",58,"50-59","Drivers"
"T20190022278","7/11/19",14:40:00,"Collision with vehicle","Thursday","Unknown",2,2,"T intersection",3,80,"B",2007,"SEDAN","SUBARU","Car","F",18,"17-21","Drivers"
"T20190022280","10/11/19",17:34:00,"Collision with vehicle","Sunday","Day",2,8,"T intersection",3,60,"A",2017,"WAGON","MAZDA","Station Wagon","F",23,"22-25","Drivers"
"T20190022280","10/11/19",17:34:00,"Collision with vehicle","Sunday","Day",2,8,"T intersection",3,60,"B",0,"S WAG","KIA","Station Wagon","F",43,"40-49","Drivers"
"T20190022283","10/11/19",15:30:00,"Collision with vehicle","Sunday","Day",2,2,"Not at intersection",3,70,"A",2008,"SEDAN","NISSAN","Car","F",36,"30-39","Drivers"
"T20190022283","10/11/19",15:30:00,"Collision with vehicle","Sunday","Day",2,2,"Not at intersection",3,70,"B",2010,"WAGON","NISSAN","Station Wagon","F",48,"40-49","Drivers"
"T20190022284","10/11/19",20:10:00,"Collision with vehicle","Sunday","Dark Street lights on",2,4,"Not at intersection",3,60,"A",2002,"WAGON","NISSAN","Station Wagon","F",19,"17-21","Drivers"
"T20190022284","10/11/19",20:10:00,"Collision with vehicle","Sunday","Dark Street lights on",2,4,"Not at intersection",3,60,"B",2000,"WAGON","TOYOTA","Station Wagon","M",54,"50-59","Drivers"
"T20190022286","9/11/19",13:15:00,"Collision with vehicle","Saturday","Day",3,3,"Not at intersection",3,70,"A",2017,"DC UTE","NISSAN","Utility","M",42,"40-49","Drivers"
"T20190022286","9/11/19",13:15:00,"Collision with vehicle","Saturday","Day",3,3,"Not at intersection",3,70,"B",2019,"WAGON","HOLDEN","Station Wagon","F",52,"50-59","Drivers"
"T20190022286","9/11/19",13:15:00,"Collision with vehicle","Saturday","Day",3,3,"Not at intersection",3,70,"C",2008,"SEDAN","SUZUKI","Car","F",30,"30-39","Drivers"
"T20190022287","10/11/19",22:40:00,"Struck Pedestrian","Sunday","Dark No street lights",1,2,"Not at intersection",3,80,"A",2019,"UTIL","FORD","Utility","M",60,"60-64","Drivers"
"T20190022288","10/11/19",20:22:00,"Collision with vehicle","Sunday","Dark Street lights on",2,2,"T intersection",3,60,"A",2011,"SEDAN","HONDA","Car","M",49,"40-49","Drivers"
"T20190022289","10/11/19",22:10:00,"Collision with vehicle","Sunday","Dark No street lights",2,2,"Not at intersection",3,100,"A",2008,"SEDAN","HOLDEN","Car","F",22,"22-25","Drivers"
"T20190022289","10/11/19",22:10:00,"Collision with vehicle","Sunday","Dark No street lights",2,2,"Not at intersection",3,100,"B",2016,"P MVR","VOLVO","Prime Mover - Single Trailer","M",39,"30-39","Drivers"
"T20190022291","10/11/19",20:41:00,"Struck Pedestrian","Sunday","Dark Street lights on",1,5,"Cross intersection",2,60,"A",2008,"SEDAN","FORD","Car","M",48,"40-49","Drivers"
"T20190022294","10/11/19",10:30:00,"Collision with a fixed object","Sunday","Day",1,2,"Not at intersection",3,100,"A",2010,"DC UTE","FORD","Utility","F",49,"40-49","Drivers"
"T20190022296","11/11/19",07:20:00,"Struck animal","Monday","Day",1,1,"Not at intersection",3,80,"A",2010,"UTIL","G WALL","Utility","M",29,"26-29","Drivers"
"T20190022297","11/11/19",07:17:00,"Collision with vehicle","Monday","Dusk/Dawn",2,3,"T intersection",3,80,"A",2017,"SEDAN","HONDA","Car","M",36,"30-39","Drivers"
"T20190022297","11/11/19",07:17:00,"Collision with vehicle","Monday","Dusk/Dawn",2,3,"T intersection",3,80,"B",2005,"SEDAN","MAZDA","Car","M",23,"22-25","Drivers"
"T20190022298","11/11/19",07:28:00,"Collision with vehicle","Monday","Dusk/Dawn",2,2,"T intersection",3,50,"A",2006,"SEDAN","TOYOTA","Car","F",28,"26-29","Drivers"
"T20190022298","11/11/19",07:28:00,"Collision with vehicle","Monday","Dusk/Dawn",2,2,"T intersection",3,50,"B",2005,"SEDAN","FORD","Car","F",18,"17-21","Drivers"
"T20190022300","11/11/19",08:30:00,"Collision with vehicle","Monday","Day",2,3,"Cross intersection",3,50,"A",2014,"SEDAN","SUZUKI","Car","M",24,"22-25","Drivers"
"T20190022300","11/11/19",08:30:00,"Collision with vehicle","Monday","Day",2,3,"Cross intersection",3,50,"B",2017,"SKIP C","VOLVO","Heavy Vehicle (Rigid) > 4.5 Tonnes","M",35,"30-39","Drivers"
"T20190022302","11/11/19",10:00:00,"Collision with vehicle","Monday","Day",2,2,"Not at intersection",3,50,"A",2011,"G UNIT","IVECO","Heavy Vehicle (Rigid) > 4.5 Tonnes","M",56,"50-59","Drivers"
"T20190022303","11/11/19",08:45:00,"Collision with vehicle","Monday","Day",2,3,"T intersection",3,60,"A",2010,"WAGON","CHRYS","Station Wagon","F",18,"17-21","Drivers"
"T20190022303","11/11/19",08:45:00,"Collision with vehicle","Monday","Day",2,3,"T intersection",3,60,"B",2012,"SEDAN","HOLDEN","Car","F",46,"40-49","Drivers"
"T20190022305","11/11/19",08:02:00,"Struck Pedestrian","Monday","Day",1,2,"Cross intersection",3,60,"A",2015,"WAGON","HONDA","Station Wagon","F",46,"40-49","Drivers"
"T20190022312","17/10/19",14:15:00,"Collision with vehicle","Thursday","Unknown",2,2,"Not at intersection",3,999,"A",2008,"SEDAN","AUDI","Car","M",19,"17-21","Drivers"
"T20190022312","17/10/19",14:15:00,"Collision with vehicle","Thursday","Unknown",2,2,"Not at intersection",3,999,"B",2001,"SEDAN","MERC B","Car","F",28,"26-29","Drivers"
"T20190022313","11/11/19",11:35:00,"Struck Pedestrian","Monday","Day",1,2,"Not at intersection",3,60,"A",2014,"TRAY","FORD","Light Commercial Vehicle (Rigid) <= 4.5 Tonnes GVM","M",63,"60-64","Drivers"
"T20190022315","11/11/19",11:20:00,"Struck Pedestrian","Monday","Day",1,2,"Cross intersection",3,70,"A",2001,"TIPPER","MERC B","Heavy Vehicle (Rigid) > 4.5 Tonnes","M",62,"60-64","Drivers"
"T20190022320","11/11/19",11:30:00,"Collision with vehicle","Monday","Day",2,2,"Not at intersection",3,60,"A",2019,"SEDAN","HONDA","Car","F",44,"40-49","Drivers"
"T20190022321","15/10/19",17:30:00,"Collision with vehicle","Tuesday","Day",2,2,"T intersection",3,60,"A",2000,"SEDAN","MAZDA","Car","F",22,"22-25","Drivers"
"T20190022321","15/10/19",17:30:00,"Collision with vehicle","Tuesday","Day",2,2,"T intersection",3,60,"B",2015,"SEDAN","MERC B","Car","F",38,"30-39","Drivers"
"T20190022322","11/11/19",10:21:00,"Collision with vehicle","Monday","Day",2,2,"Not at intersection",3,40,"A",2006,"SEDAN","MAZDA","Car","F",55,"50-59","Drivers"
"T20190022322","11/11/19",10:21:00,"Collision with vehicle","Monday","Day",2,2,"Not at intersection",3,40,"B",2006,"SEDAN","HONDA","Car","F",40,"40-49","Drivers"
"T20190022323","11/11/19",12:10:00,"Collision with a fixed object","Monday","Day",1,1,"Cross intersection",3,70,"A",2015,"VAN","HYNDAI","Panel Van","M",45,"40-49","Drivers"
"T20190022324","11/11/19",13:45:00,"Struck Pedestrian","Monday","Day",1,2,"Not at intersection",3,60,"A",2016,"UTIL","FORD","Utility","M",71,"70+","Drivers"
"T20190022326","11/11/19",12:33:00,"Collision with vehicle","Monday","Day",2,2,"Not at intersection",3,60,"A",2014,"SEDAN","MAZDA","Car","F",24,"22-25","Drivers"
"T20190022326","11/11/19",12:33:00,"Collision with vehicle","Monday","Day",2,2,"Not at intersection",3,60,"B",2006,"SEDAN","HYNDAI","Car","F",76,"70+","Drivers"
"T20190022328","11/11/19",08:51:00,"Collision with vehicle","Monday","Day",3,4,"Not at intersection",3,60,"A",2011,"SEDAN","B M W","Car","M",51,"50-59","Drivers"
"T20190022328","11/11/19",08:51:00,"Collision with vehicle","Monday","Day",3,4,"Not at intersection",3,60,"B",2006,"SEDAN","VOLKS","Car","F",45,"40-49","Drivers"
"T20190022328","11/11/19",08:51:00,"Collision with vehicle","Monday","Day",3,4,"Not at intersection",3,60,"C",2011,"WAGON","TOYOTA","Station Wagon","M",45,"40-49","Drivers"
"T20190022329","11/11/19",10:00:00,"No collision and no object struck","Monday","Day",2,2,"Not at intersection",3,50,"B",2014,"SEDAN","FORD","Car","M",35,"30-39","Drivers"
"T20190022330","2/11/19",16:18:00,"Collision with vehicle","Saturday","Day",4,4,"Not at intersection",3,50,"A",2014,"SEDAN","MAZDA","Car","M",41,"40-49","Drivers"
"T20190022330","2/11/19",16:18:00,"Collision with vehicle","Saturday","Day",4,4,"Not at intersection",3,50,"B",1992,"SEDAN","PEUG","Car","F",67,"64-69","Drivers"
"T20190022330","2/11/19",16:18:00,"Collision with vehicle","Saturday","Day",4,4,"Not at intersection",3,50,"C",2000,"S WAG","SUBARU","Station Wagon","F",85,"70+","Drivers"
"T20190022330","2/11/19",16:18:00,"Collision with vehicle","Saturday","Day",4,4,"Not at intersection",3,50,"D",2017,"UTIL","FORD","Utility","M",48,"40-49","Drivers"
"T20190022331","11/11/19",13:30:00,"Collision with vehicle","Monday","Day",2,2,"Not at intersection",3,80,"A",2019,"VAN","ISUZU","Light Commercial Vehicle (Rigid) <= 4.5 Tonnes GVM","M",29,"26-29","Drivers"
"T20190022331","11/11/19",13:30:00,"Collision with vehicle","Monday","Day",2,2,"Not at intersection",3,80,"B",2016,"WAGON","ISUZU","Station Wagon","M",59,"50-59","Drivers"
"T20190022332","9/11/19",19:30:00,"Struck animal","Saturday","Dusk/Dawn",1,2,"Not at intersection",3,80,"A",2012,"SEDAN","HONDA","Car","M",67,"64-69","Drivers"
"T20190022334","4/11/19",12:45:00,"Collision with vehicle","Monday","Day",2,2,"Not at intersection",3,60,"A",2006,"SEDAN","FORD","Car","F",66,"64-69","Drivers"
"T20190022334","4/11/19",12:45:00,"Collision with vehicle","Monday","Day",2,2,"Not at intersection",3,60,"B",0,"SEDAN","HOLDEN","Car","U",NA,"unknown","Drivers"
"T20190022339","19/10/19",08:15:00,"Collision with vehicle","Saturday","Day",2,2,"T intersection",3,60,"A",2004,"DC UTE","HOLDEN","Utility","F",60,"60-64","Drivers"
"T20190022339","19/10/19",08:15:00,"Collision with vehicle","Saturday","Day",2,2,"T intersection",3,60,"B",2002,"WAGON","NISSAN","Station Wagon","M",53,"50-59","Drivers"
"T20190022340","11/11/19",12:04:00,"Collision with vehicle","Monday","Day",2,2,"T intersection",3,80,"A",2005,"SEDAN","TOYOTA","Car","F",81,"70+","Drivers"
"T20190022340","11/11/19",12:04:00,"Collision with vehicle","Monday","Day",2,2,"T intersection",3,80,"B",2015,"SEDAN","HYNDAI","Car","F",53,"50-59","Drivers"
"T20190022341","10/10/19",16:15:00,"Collision with vehicle","Thursday","Day",2,2,"Cross intersection",3,999,"A",2016,"SEDAN","FORD","Car","M",56,"50-59","Drivers"
"T20190022341","10/10/19",16:15:00,"Collision with vehicle","Thursday","Day",2,2,"Cross intersection",3,999,"B",2017,"SEDAN","MERC B","Car","F",56,"50-59","Drivers"
"T20190022342","11/11/19",07:30:00,"Collision with vehicle","Monday","Dusk/Dawn",3,3,"Not at intersection",3,100,"A",2014,"DC UTE","FORD","Utility","M",66,"64-69","Drivers"
"T20190022342","11/11/19",07:30:00,"Collision with vehicle","Monday","Dusk/Dawn",3,3,"Not at intersection",3,100,"B",2013,"SEDAN","HYNDAI","Car","F",43,"40-49","Drivers"
"T20190022342","11/11/19",07:30:00,"Collision with vehicle","Monday","Dusk/Dawn",3,3,"Not at intersection",3,100,"C",2018,"WAGON","HYNDAI","Station Wagon","F",26,"26-29","Drivers"
"T20190022344","11/11/19",13:15:00,"Vehicle overturned (no collision)","Monday","Day",1,1,"Not at intersection",3,100,"A",2004,"CONVRT","MACK","Prime Mover Only","M",30,"30-39","Drivers"
"T20190022345","22/10/19",18:30:00,"Collision with vehicle","Tuesday","Day",2,2,"T intersection",3,50,"A",2015,"WAGON","HONDA","Station Wagon","F",33,"30-39","Drivers"
"T20190022347","1/11/19",17:15:00,"Collision with vehicle","Friday","Unknown",2,2,"Not at intersection",3,40,"B",2016,"SEDAN","VOLKS","Car","F",25,"22-25","Drivers"
"T20190022352","11/11/19",17:22:00,"Collision with vehicle","Monday","Day",2,2,"Not at intersection",3,80,"B",2014,"VAN","U D","Heavy Vehicle (Rigid) > 4.5 Tonnes","M",29,"26-29","Drivers"
"T20190022354","11/11/19",16:40:00,"Collision with vehicle","Monday","Day",2,1,"Not at intersection",3,50,"A",2010,"SEDAN","HONDA","Car","F",35,"30-39","Drivers"
"T20190022357","11/11/19",18:15:00,"Struck Pedestrian","Monday","Day",1,2,"Not at intersection",3,60,"A",2016,"SEDAN","HYNDAI","Car","M",23,"22-25","Drivers"
"T20190022359","11/9/19",15:50:00,"Collision with vehicle","Wednesday","Day",2,2,"T intersection",3,60,"A",2004,"WAGON","HONDA","Station Wagon","M",34,"30-39","Drivers"
"T20190022359","11/9/19",15:50:00,"Collision with vehicle","Wednesday","Day",2,2,"T intersection",3,60,"B",2008,"SEDAN","MAZDA","Car","F",69,"64-69","Drivers"
"T20190022360","11/11/19",17:29:00,"Collision with vehicle","Monday","Day",2,3,"Not at intersection",3,60,"A",2005,"CRANE","ISUZU","Light Commercial Vehicle (Rigid) <= 4.5 Tonnes GVM","M",63,"60-64","Drivers"
"T20190022360","11/11/19",17:29:00,"Collision with vehicle","Monday","Day",2,3,"Not at intersection",3,60,"B",2008,"SEDAN","HYNDAI","Car","F",68,"64-69","Drivers"
"T20190022361","11/11/19",18:13:00,"Collision with vehicle","Monday","Day",2,4,"T intersection",3,60,"A",2018,"WAGON","MAZDA","Station Wagon","F",45,"40-49","Drivers"
"T20190022361","11/11/19",18:13:00,"Collision with vehicle","Monday","Day",2,4,"T intersection",3,60,"B",2013,"WAGON","JEEP","Station Wagon","F",35,"30-39","Drivers"
"T20190022364","11/11/19",15:57:00,"Collision with a fixed object","Monday","Day",1,1,"Not at intersection",3,100,"A",2014,"TRAY","FORD","Light Commercial Vehicle (Rigid) <= 4.5 Tonnes GVM","M",27,"26-29","Drivers"
"T20190022366","11/11/19",16:45:00,"Collision with vehicle","Monday","Dusk/Dawn",2,2,"Cross intersection",3,60,"A",2013,"WAGON","NISSAN","Station Wagon","F",81,"70+","Drivers"
"T20190022367","11/11/19",18:20:00,"Collision with vehicle","Monday","Day",2,4,"Not at intersection",3,60,"A",2018,"SEDAN","TOYOTA","Car","M",29,"26-29","Drivers"
"T20190022371","11/11/19",16:55:00,"Collision with vehicle","Monday","Day",2,2,"T intersection",3,40,"A",2011,"TRAY","FORD","Light Commercial Vehicle (Rigid) <= 4.5 Tonnes GVM","M",24,"22-25","Drivers"
"T20190022372","11/11/19",20:00:00,"Collision with vehicle","Monday","Dusk/Dawn",2,2,"Not at intersection",3,60,"A",2014,"SEDAN","TOYOTA","Car","M",36,"30-39","Drivers"
"T20190022373","3/10/19",15:05:00,"Collision with vehicle","Thursday","Day",2,3,"Cross intersection",3,40,"A",2013,"SEDAN","HOLDEN","Taxi","M",30,"30-39","Drivers"
"T20190022374","11/11/19",08:10:00,"Collision with vehicle","Monday","Day",2,2,"Not at intersection",3,60,"B",2010,"WAGON","SUBARU","Station Wagon","F",57,"50-59","Drivers"
"T20190022377","11/11/19",21:25:00,"Collision with a fixed object","Monday","Dark Street lights on",1,1,"Cross intersection",3,50,"A",2013,"WAGON","MAZDA","Car","F",36,"30-39","Drivers"
"T20190022379","11/11/19",17:28:00,"Collision with vehicle","Monday","Day",2,3,"Not at intersection",2,50,"A",2019,"WAGON","VOLKS","Station Wagon","F",56,"50-59","Drivers"
"T20190022379","11/11/19",17:28:00,"Collision with vehicle","Monday","Day",2,3,"Not at intersection",2,50,"B",2006,"SEDAN","MAZDA","Car","F",79,"70+","Drivers"
"T20190022380","11/11/19",20:50:00,"Collision with vehicle","Monday","Dark Street lights on",2,2,"Cross intersection",3,70,"A",2015,"SEDAN","MAZDA","Car","M",68,"64-69","Drivers"
"T20190022381","11/11/19",22:45:00,"Collision with vehicle","Monday","Dark Street lights on",2,3,"T intersection",3,80,"A",2003,"SEDAN","HOLDEN","Car","M",26,"26-29","Drivers"
"T20190022381","11/11/19",22:45:00,"Collision with vehicle","Monday","Dark Street lights on",2,3,"T intersection",3,80,"B",2011,"SEDAN","AUDI","Car","F",19,"17-21","Drivers"
"T20190022382","30/10/19",16:28:00,"Collision with vehicle","Wednesday","Day",2,2,"Not at intersection",3,100,"A",2009,"SEDAN","HYNDAI","Car","F",34,"30-39","Drivers"
"T20190022382","30/10/19",16:28:00,"Collision with vehicle","Wednesday","Day",2,2,"Not at intersection",3,100,"B",2009,"COUPE","MERC B","Car","M",39,"30-39","Drivers"
"T20190022384","11/11/19",23:20:00,"Collision with a fixed object","Monday","Dark Street lights on",1,1,"Cross intersection",1,60,"A",2005,"UTIL","FORD","Utility","M",29,"26-29","Drivers"
"T20190022385","11/11/19",02:11:00,"Collision with a fixed object","Monday","Dark Street lights on",1,1,"Not at intersection",3,70,"A",2012,"SEDAN","HOLDEN","Car","F",68,"64-69","Drivers"
"T20190022386","10/11/19",22:32:00,"Struck Pedestrian","Sunday","Dark Street lights on",1,3,"Not at intersection",3,60,"A",2017,"WAGON","NISSAN","Station Wagon","F",23,"22-25","Drivers"
"T20190022391","12/11/19",07:30:00,"Fall from or in moving vehicle","Tuesday","Day",1,3,"T intersection",3,60,"A",2014,"BUS","HINO","Bus/Coach","M",71,"70+","Drivers"
"T20190022393","12/11/19",07:00:00,"Collision with vehicle","Tuesday","Day",2,2,"Not at intersection",3,80,"A",2007,"SEDAN","VOLKS","Car","M",22,"22-25","Drivers"
"T20190022393","12/11/19",07:00:00,"Collision with vehicle","Tuesday","Day",2,2,"Not at intersection",3,80,"B",2010,"SEDAN","HOLDEN","Car","M",59,"50-59","Drivers"
"T20190022395","28/10/19",16:00:00,"Collision with vehicle","Monday","Day",2,3,"Not at intersection",3,80,"A",2011,"SEDAN","FORD","Car","M",31,"30-39","Drivers"
"T20190022395","28/10/19",16:00:00,"Collision with vehicle","Monday","Day",2,3,"Not at intersection",3,80,"B",2004,"SEDAN","FORD","Car","M",38,"30-39","Drivers"
"T20190022396","12/11/19",08:30:00,"Vehicle overturned (no collision)","Tuesday","Day",1,1,"Not at intersection",3,100,"A",2010,"DC UTE","NISSAN","Utility","M",21,"17-21","Drivers"
"T20190022397","12/11/19",08:40:00,"Collision with vehicle","Tuesday","Unknown",2,3,"T intersection",3,50,"A",2015,"WAGON","TOYOTA","Station Wagon","F",39,"30-39","Drivers"
"T20190022397","12/11/19",08:40:00,"Collision with vehicle","Tuesday","Unknown",2,3,"T intersection",3,50,"B",2003,"TRAY","MITSUB","Utility","U",NA,"unknown","Drivers"
"T20190022399","8/11/19",08:00:00,"Collision with vehicle","Friday","Day",2,2,"Cross intersection",3,80,"A",2017,"WAGON","HONDA","Station Wagon","F",41,"40-49","Drivers"
"T20190022399","8/11/19",08:00:00,"Collision with vehicle","Friday","Day",2,2,"Cross intersection",3,80,"B",0,"UTIL","TOYOTA","Utility","M",29,"26-29","Drivers"
"T20190022400","12/11/19",09:40:00,"Collision with vehicle","Tuesday","Day",2,1,"T intersection",3,60,"A",2001,"SEDAN","MITSUB","Car","M",20,"17-21","Drivers"
"T20190022401","4/11/19",06:50:00,"Collision with vehicle","Monday","Dusk/Dawn",3,3,"T intersection",3,999,"A",2017,"SEDAN","MAZDA","Car","F",63,"60-64","Drivers"
"T20190022401","4/11/19",06:50:00,"Collision with vehicle","Monday","Dusk/Dawn",3,3,"T intersection",3,999,"B",2018,"SEDAN","HONDA","Car","F",28,"26-29","Drivers"
"T20190022401","4/11/19",06:50:00,"Collision with vehicle","Monday","Dusk/Dawn",3,3,"T intersection",3,999,"C",2002,"SEDAN","SUBARU","Car","M",18,"17-21","Drivers"
"T20190022403","12/11/19",10:46:00,"Collision with vehicle","Tuesday","Day",2,2,"Not at intersection",3,60,"A",2007,"SEDAN","HONDA","Car","M",19,"17-21","Drivers"
"T20190022406","12/11/19",08:50:00,"Collision with vehicle","Tuesday","Day",2,4,"Not at intersection",3,80,"A",2016,"WAGON","NISSAN","Station Wagon","F",29,"26-29","Drivers"
"T20190022406","12/11/19",08:50:00,"Collision with vehicle","Tuesday","Day",2,4,"Not at intersection",3,80,"B",2014,"SEDAN","HOLDEN","Car","F",24,"22-25","Drivers"
"T20190022408","12/11/19",07:40:00,"Collision with vehicle","Tuesday","Day",2,2,"T intersection",3,60,"A",2015,"WAGON","HONDA","Station Wagon","M",62,"60-64","Drivers"
"T20190022408","12/11/19",07:40:00,"Collision with vehicle","Tuesday","Day",2,2,"T intersection",3,60,"B",1999,"SEDAN","TOYOTA","Car","M",49,"40-49","Drivers"
"T20190022412","12/11/19",11:30:00,"Collision with vehicle","Tuesday","Day",2,5,"Cross intersection",2,80,"A",2012,"SEDAN","HOLDEN","Car","F",29,"26-29","Drivers"
"T20190022412","12/11/19",11:30:00,"Collision with vehicle","Tuesday","Day",2,5,"Cross intersection",2,80,"B",2016,"SEDAN","SUZUKI","Car","M",87,"70+","Drivers"
"T20190022418","12/11/19",10:40:00,"Collision with a fixed object","Tuesday","Day",1,1,"Not at intersection",3,100,"A",2019,"SEDAN","SKODA","Car","M",54,"50-59","Drivers"
"T20190022422","12/11/19",13:46:00,"Collision with vehicle","Tuesday","Day",2,2,"Not at intersection",3,60,"A",2004,"SEDAN","HYNDAI","Car","F",80,"70+","Drivers"
"T20190022422","12/11/19",13:46:00,"Collision with vehicle","Tuesday","Day",2,2,"Not at intersection",3,60,"B",2019,"SEDAN","HYNDAI","Car","M",38,"30-39","Drivers"
"T20190022423","12/11/19",11:16:00,"Vehicle overturned (no collision)","Tuesday","Day",2,3,"Not at intersection",3,50,"B",2018,"S WAG","TOYOTA","Station Wagon","U",NA,"unknown","Drivers"
"T20190022428","10/11/19",05:30:00,"Collision with vehicle","Sunday","Dark Street lights on",2,3,"Cross intersection",3,60,"A",2013,"VAN","NISSAN","Panel Van","M",29,"26-29","Drivers"
"T20190022432","12/11/19",14:10:00,"Collision with vehicle","Tuesday","Day",2,5,"Cross intersection",3,60,"A",2009,"UTIL","FORD","Utility","M",62,"60-64","Drivers"
"T20190022432","12/11/19",14:10:00,"Collision with vehicle","Tuesday","Day",2,5,"Cross intersection",3,60,"B",2015,"SEDAN","TOYOTA","Taxi","M",33,"30-39","Drivers"
"T20190022433","30/10/19",12:26:00,"Collision with vehicle","Wednesday","Day",2,2,"Not at intersection",3,80,"A",2004,"P MVR","F LINE","Prime Mover Only","M",80,"70+","Drivers"
"T20190022433","30/10/19",12:26:00,"Collision with vehicle","Wednesday","Day",2,2,"Not at intersection",3,80,"B",2009,"SEDAN","MAZDA","Car","F",47,"40-49","Drivers"
"T20190022435","5/11/19",23:00:00,"Collision with vehicle","Tuesday","Unknown",2,2,"Not at intersection",3,60,"A",2005,"WAGON","FORD","Station Wagon","M",34,"30-39","Drivers"
"T20190022435","5/11/19",23:00:00,"Collision with vehicle","Tuesday","Unknown",2,2,"Not at intersection",3,60,"B",2011,"WAGON","HYNDAI","Station Wagon","M",31,"30-39","Drivers"
"T20190022436","12/11/19",15:34:00,"Collision with vehicle","Tuesday","Day",2,2,"Not at intersection",3,999,"A",2013,"SED","HYUNDA","Car","F",27,"26-29","Drivers"
"T20190022437","12/11/19",15:07:00,"Collision with vehicle","Tuesday","Day",3,3,"Not at intersection",3,60,"A",2014,"SEDAN","MERC B","Taxi","M",36,"30-39","Drivers"
"T20190022437","12/11/19",15:07:00,"Collision with vehicle","Tuesday","Day",3,3,"Not at intersection",3,60,"B",2012,"SEDAN","SUZUKI","Car","F",29,"26-29","Drivers"
"T20190022437","12/11/19",15:07:00,"Collision with vehicle","Tuesday","Day",3,3,"Not at intersection",3,60,"C",2013,"WAGON","TOYOTA","Station Wagon","F",29,"26-29","Drivers"
"T20190022438","12/11/19",15:15:00,"Collision with vehicle","Tuesday","Day",2,2,"Not at intersection",3,60,"A",2005,"SEDAN","TOYOTA","Car","M",38,"30-39","Drivers"
"T20190022438","12/11/19",15:15:00,"Collision with vehicle","Tuesday","Day",2,2,"Not at intersection",3,60,"B",2006,"SEDAN","TOYOTA","Car","M",58,"50-59","Drivers"
"T20190022440","12/11/19",16:45:00,"Collision with vehicle","Tuesday","Day",2,2,"Cross intersection",3,50,"A",2019,"DC UTE","TOYOTA","Utility","M",45,"40-49","Drivers"
"T20190022440","12/11/19",16:45:00,"Collision with vehicle","Tuesday","Day",2,2,"Cross intersection",3,50,"B",2003,"WAGON","FORD","Station Wagon","M",75,"70+","Drivers"