"ACCIDENT_NO","ACCIDENTDATE","ACCIDENTTIME","Accident Type Desc","Day Week Description","Light Condition Desc","NO_OF_VEHICLES","NO_PERSONS","Road Geometry Desc","SEVERITY","SPEED_ZONE","VEHICLE_ID","VEHICLE_YEAR_MANUF","VEHICLE_BODY_STYLE","VEHICLE_MAKE","Vehicle Type Desc","SEX","AGE","Age Group","Road User Type Desc"
"T20190022441","12/11/19",15:55:00,"Collision with a fixed object","Tuesday","Day",1,1,"Not at intersection",3,50,"A",2006,"S WAG","UNKN","Station Wagon","F",45,"40-49","Drivers"
"T20190022444","24/7/19",18:36:00,"Collision with vehicle","Wednesday","Day",2,2,"Cross intersection",3,60,"A",2009,"SEDAN","AUDI","Car","F",22,"22-25","Drivers"
"T20190022444","24/7/19",18:36:00,"Collision with vehicle","Wednesday","Day",2,2,"Cross intersection",3,60,"B",2006,"UTIL","NISSAN","Utility","M",40,"40-49","Drivers"
"T20190022446","12/11/19",16:59:00,"Collision with vehicle","Tuesday","Day",2,1,"Not at intersection",2,70,"A",2004,"S WAG","HOLDEN","Station Wagon","F",24,"22-25","Drivers"
"T20190022447","12/11/19",16:24:00,"Collision with vehicle","Tuesday","Day",2,4,"Cross intersection",3,50,"A",2011,"S WAG","HYNDAI","Station Wagon","M",74,"70+","Drivers"
"T20190022447","12/11/19",16:24:00,"Collision with vehicle","Tuesday","Day",2,4,"Cross intersection",3,50,"B",2007,"SEDAN","MAZDA","Car","F",23,"22-25","Drivers"
"T20190022451","12/11/19",15:15:00,"Collision with vehicle","Tuesday","Day",2,2,"Multiple intersection",3,100,"A",2012,"SEDAN","NISSAN","Car","F",30,"30-39","Drivers"
"T20190022451","12/11/19",15:15:00,"Collision with vehicle","Tuesday","Day",2,2,"Multiple intersection",3,100,"B",2014,"SEDAN","SUBARU","Car","F",56,"50-59","Drivers"
"T20190022452","12/11/19",17:25:00,"Vehicle overturned (no collision)","Tuesday","Day",1,1,"Not at intersection",3,80,"A",2003,"COUPE","TOYOTA","Car","M",35,"30-39","Drivers"
"T20190022453","30/10/19",15:25:00,"Collision with vehicle","Wednesday","Unknown",2,2,"Cross intersection",3,999,"A",2016,"SEDAN","TOYOTA","Car","F",45,"40-49","Drivers"
"T20190022455","12/11/19",16:00:00,"collision with some other object","Tuesday","Dusk/Dawn",2,2,"Not at intersection",3,100,"A",2014,"WAGON","MAZDA","Station Wagon","F",54,"50-59","Drivers"
"T20190022455","12/11/19",16:00:00,"collision with some other object","Tuesday","Dusk/Dawn",2,2,"Not at intersection",3,100,"B",2010,"TRAY","FORD","Light Commercial Vehicle (Rigid) <= 4.5 Tonnes GVM","M",62,"60-64","Drivers"
"T20190022458","12/11/19",20:27:00,"Struck animal","Tuesday","Dark No street lights",1,1,"Not at intersection",3,100,"A",2015,"WAGON","NISSAN","Station Wagon","F",47,"40-49","Drivers"
"T20190022461","12/11/19",23:31:00,"Collision with vehicle","Tuesday","Dark Street lights on",2,2,"Cross intersection",3,50,"A",2008,"SEDAN","HYNDAI","Car","M",20,"17-21","Drivers"
"T20190022461","12/11/19",23:31:00,"Collision with vehicle","Tuesday","Dark Street lights on",2,2,"Cross intersection",3,50,"B",2012,"SEDAN","KIA","Car","M",82,"70+","Drivers"
"T20190022462","12/11/19",23:24:00,"Other accident","Tuesday","Dark No street lights",1,1,"Not at intersection",3,100,"A",2007,"DC UTE","HOLDEN","Utility","F",55,"50-59","Drivers"
"T20190022463","12/11/19",18:08:00,"Struck Pedestrian","Tuesday","Day",1,2,"Not at intersection",2,60,"A",2012,"WAGON","SUBARU","Station Wagon","F",43,"40-49","Drivers"
"T20190022465","12/11/19",22:30:00,"Collision with a fixed object","Tuesday","Dark Street lights on",1,1,"Not at intersection",1,70,"A",2003,"SEDAN","FORD","Car","M",41,"40-49","Drivers"
"T20190022466","13/11/19",02:20:00,"Collision with vehicle","Wednesday","Dark Street lights unknown",2,1,"Not at intersection",3,60,"A",0,"P MVR","U D NI","Prime Mover - Single Trailer","M",29,"26-29","Drivers"
"T20190022468","12/11/19",06:40:00,"Collision with vehicle","Tuesday","Dusk/Dawn",2,3,"Not at intersection",2,60,"A",2006,"SEDAN","KIA","Car","M",36,"30-39","Drivers"
"T20190022468","12/11/19",06:40:00,"Collision with vehicle","Tuesday","Dusk/Dawn",2,3,"Not at intersection",2,60,"B",2017,"WAGON","NISSAN","Station Wagon","F",33,"30-39","Drivers"
"T20190022469","13/11/19",06:10:00,"Collision with vehicle","Wednesday","Dusk/Dawn",2,2,"Not at intersection",3,60,"A",2015,"WAGON","TOYOTA","Station Wagon","M",37,"30-39","Drivers"
"T20190022471","16/9/19",07:00:00,"Collision with vehicle","Monday","Day",2,2,"Cross intersection",3,60,"A",2004,"DC UTE","HOLDEN","Utility","M",18,"17-21","Drivers"
"T20190022471","16/9/19",07:00:00,"Collision with vehicle","Monday","Day",2,2,"Cross intersection",3,60,"B",2005,"WAGON","FORD","Station Wagon","F",66,"64-69","Drivers"
"T20190022473","10/11/19",18:00:00,"Collision with vehicle","Sunday","Day",2,1,"Not at intersection",3,50,"B",2009,"SEDAN","MAZDA","Car","M",71,"70+","Drivers"
"T20190022476","11/11/19",17:00:00,"Collision with vehicle","Monday","Day",2,4,"Not at intersection",3,60,"A",2012,"WAGON","MAZDA","Station Wagon","F",32,"30-39","Drivers"
"T20190022476","11/11/19",17:00:00,"Collision with vehicle","Monday","Day",2,4,"Not at intersection",3,60,"B",2014,"WAGON","HOLDEN","Station Wagon","U",NA,"unknown","Drivers"
"T20190022478","7/11/19",20:00:00,"Collision with vehicle","Thursday","Dark Street lights on",2,2,"Multiple intersection",3,30,"B",0,"SEDAN","UNKN","Car","U",NA,"unknown","Drivers"
"T20190022479","13/11/19",08:20:00,"Collision with vehicle","Wednesday","Day",2,2,"Cross intersection",3,60,"B",2005,"WAGON","MAZDA","Station Wagon","M",83,"70+","Drivers"
"T20190022482","11/10/19",06:30:00,"Collision with vehicle","Friday","Day",2,2,"Cross intersection",3,999,"A",2015,"SEDAN","HONDA","Car","F",49,"40-49","Drivers"
"T20190022482","11/10/19",06:30:00,"Collision with vehicle","Friday","Day",2,2,"Cross intersection",3,999,"B",2013,"WAGON","TOYOTA","Station Wagon","M",47,"40-49","Drivers"
"T20190022483","11/11/19",12:12:00,"Collision with vehicle","Monday","Day",2,3,"Cross intersection",3,70,"A",2017,"COUPE","FORD","Car","M",76,"70+","Drivers"
"T20190022483","11/11/19",12:12:00,"Collision with vehicle","Monday","Day",2,3,"Cross intersection",3,70,"B",2016,"WAGON","HOLDEN","Station Wagon","F",32,"30-39","Drivers"
"T20190022484","11/11/19",17:40:00,"Collision with vehicle","Monday","Dusk/Dawn",2,2,"Cross intersection",3,60,"A",2011,"SEDAN","HOLDEN","Car","M",37,"30-39","Drivers"
"T20190022484","11/11/19",17:40:00,"Collision with vehicle","Monday","Dusk/Dawn",2,2,"Cross intersection",3,60,"B",2013,"SEDAN","B M W","Car","M",33,"30-39","Drivers"
"T20190022486","30/10/19",00:53:00,"Collision with vehicle","Wednesday","Dark Street lights on",2,3,"Cross intersection",3,60,"A",1995,"COUPE","MITSUB","Car","M",37,"30-39","Drivers"
"T20190022486","30/10/19",00:53:00,"Collision with vehicle","Wednesday","Dark Street lights on",2,3,"Cross intersection",3,60,"B",2012,"SEDAN","HYNDAI","Car","F",25,"22-25","Drivers"
"T20190022487","12/11/19",16:15:00,"Collision with vehicle","Tuesday","Day",2,2,"Cross intersection",3,999,"A",2013,"SEDAN","HOLDEN","Car","F",56,"50-59","Drivers"
"T20190022487","12/11/19",16:15:00,"Collision with vehicle","Tuesday","Day",2,2,"Cross intersection",3,999,"B",2005,"UTIL","MITSUB","Utility","M",56,"50-59","Drivers"
"T20190022488","10/10/19",09:00:00,"Collision with vehicle","Thursday","Day",3,3,"T intersection",3,80,"A",2017,"WAGON","HONDA","Station Wagon","F",43,"40-49","Drivers"
"T20190022488","10/10/19",09:00:00,"Collision with vehicle","Thursday","Day",3,3,"T intersection",3,80,"B",2007,"SEDAN","HONDA","Car","M",22,"22-25","Drivers"
"T20190022488","10/10/19",09:00:00,"Collision with vehicle","Thursday","Day",3,3,"T intersection",3,80,"C",2013,"WAGON","HONDA","Station Wagon","F",49,"40-49","Drivers"
"T20190022489","30/10/19",17:15:00,"Collision with vehicle","Wednesday","Day",3,3,"Not at intersection",3,60,"A",2004,"SEDAN","HYNDAI","Car","F",19,"17-21","Drivers"
"T20190022489","30/10/19",17:15:00,"Collision with vehicle","Wednesday","Day",3,3,"Not at intersection",3,60,"B",2011,"WAGON","SKODA","Station Wagon","F",40,"40-49","Drivers"
"T20190022489","30/10/19",17:15:00,"Collision with vehicle","Wednesday","Day",3,3,"Not at intersection",3,60,"C",2010,"DC UTE","MITSUB","Utility","M",47,"40-49","Drivers"
"T20190022490","12/11/19",19:00:00,"Collision with vehicle","Tuesday","Day",4,5,"Not at intersection",3,80,"A",2005,"SEDAN","HYNDAI","Car","F",49,"40-49","Drivers"
"T20190022490","12/11/19",19:00:00,"Collision with vehicle","Tuesday","Day",4,5,"Not at intersection",3,80,"B",2000,"SED","HOLDEN","Car","M",61,"60-64","Drivers"
"T20190022490","12/11/19",19:00:00,"Collision with vehicle","Tuesday","Day",4,5,"Not at intersection",3,80,"C",2014,"SEDAN","HOLDEN","Car","U",32,"30-39","Drivers"
"T20190022490","12/11/19",19:00:00,"Collision with vehicle","Tuesday","Day",4,5,"Not at intersection",3,80,"D",2008,"SEDAN","MAZDA","Car","F",19,"17-21","Drivers"
"T20190022491","13/11/19",09:25:00,"Collision with a fixed object","Wednesday","Day",1,2,"Not at intersection",2,100,"A",1999,"TRAY","ISUZU","Heavy Vehicle (Rigid) > 4.5 Tonnes","M",62,"60-64","Drivers"
"T20190022493","13/11/19",09:00:00,"Collision with vehicle","Wednesday","Day",3,4,"Not at intersection",2,80,"A",2007,"TRAY","HINO","Heavy Vehicle (Rigid) > 4.5 Tonnes","M",55,"50-59","Drivers"
"T20190022493","13/11/19",09:00:00,"Collision with vehicle","Wednesday","Day",3,4,"Not at intersection",2,80,"B",1997,"SEDAN","HOLDEN","Car","M",25,"22-25","Drivers"
"T20190022493","13/11/19",09:00:00,"Collision with vehicle","Wednesday","Day",3,4,"Not at intersection",2,80,"C",2001,"TIPPER","STERLI","Heavy Vehicle (Rigid) > 4.5 Tonnes","M",49,"40-49","Drivers"
"T20190022496","12/11/19",17:45:00,"Collision with vehicle","Tuesday","Dusk/Dawn",2,2,"Cross intersection",3,999,"A",2014,"WAGON","TOYOTA","Station Wagon","F",42,"40-49","Drivers"
"T20190022496","12/11/19",17:45:00,"Collision with vehicle","Tuesday","Dusk/Dawn",2,2,"Cross intersection",3,999,"B",2013,"UTIL","TOYOTA","Utility","M",34,"30-39","Drivers"
"T20190022497","13/11/19",10:18:00,"Collision with vehicle","Wednesday","Day",2,3,"Not at intersection",2,50,"A",2009,"DC UTE","NISSAN","Utility","M",40,"40-49","Drivers"
"T20190022497","13/11/19",10:18:00,"Collision with vehicle","Wednesday","Day",2,3,"Not at intersection",2,50,"B",2012,"P MVR","IVECO","Prime Mover Only","M",52,"50-59","Drivers"
"T20190022499","29/10/19",03:45:00,"Collision with vehicle","Tuesday","Dark No street lights",2,2,"Not at intersection",2,50,"B",2005,"S WAG","HOLDEN","Station Wagon","M",21,"17-21","Drivers"
"T20190022500","7/11/19",17:00:00,"Collision with vehicle","Thursday","Day",2,2,"T intersection",3,60,"A",2001,"SEDAN","HOLDEN","Car","F",54,"50-59","Drivers"
"T20190022500","7/11/19",17:00:00,"Collision with vehicle","Thursday","Day",2,2,"T intersection",3,60,"B",2014,"WAGON","TOYOTA","Station Wagon","F",34,"30-39","Drivers"
"T20190022501","13/11/19",08:10:00,"Collision with vehicle","Wednesday","Unknown",2,2,"Cross intersection",3,60,"A",2012,"SEDAN","NISSAN","Car","F",25,"22-25","Drivers"
"T20190022501","13/11/19",08:10:00,"Collision with vehicle","Wednesday","Unknown",2,2,"Cross intersection",3,60,"B",2012,"COUPE","MERC B","Car","F",64,"60-64","Drivers"
"T20190022502","13/11/19",10:20:00,"Collision with vehicle","Wednesday","Day",2,4,"Not at intersection",2,100,"A",2017,"UTIL","ISUZU","Utility","F",28,"26-29","Drivers"
"T20190022502","13/11/19",10:20:00,"Collision with vehicle","Wednesday","Day",2,4,"Not at intersection",2,100,"B",2010,"SEDAN","HYNDAI","Car","F",73,"70+","Drivers"
"T20190022503","12/11/19",12:40:00,"Struck Pedestrian","Tuesday","Day",1,2,"Not at intersection",3,999,"A",2010,"VAN","HYNDAI","Car","M",47,"40-49","Drivers"
"T20190022504","12/11/19",16:26:00,"Collision with vehicle","Tuesday","Day",3,5,"Not at intersection",3,100,"A",2012,"SEDAN","MAZDA","Car","F",59,"50-59","Drivers"
"T20190022504","12/11/19",16:26:00,"Collision with vehicle","Tuesday","Day",3,5,"Not at intersection",3,100,"B",2003,"TRAY","ISUZU","Light Commercial Vehicle (Rigid) <= 4.5 Tonnes GVM","M",37,"30-39","Drivers"
"T20190022504","12/11/19",16:26:00,"Collision with vehicle","Tuesday","Day",3,5,"Not at intersection",3,100,"C",1999,"VAN","MITSUB","Light Commercial Vehicle (Rigid) <= 4.5 Tonnes GVM","M",29,"26-29","Drivers"
"T20190022507","9/11/19",08:00:00,"Collision with vehicle","Saturday","Day",2,2,"T intersection",3,60,"A",2012,"DC UTE","TOYOTA","Utility","M",31,"30-39","Drivers"
"T20190022507","9/11/19",08:00:00,"Collision with vehicle","Saturday","Day",2,2,"T intersection",3,60,"B",2016,"WAGON","MAZDA","Station Wagon","F",46,"40-49","Drivers"
"T20190022511","13/11/19",14:25:00,"Collision with vehicle","Wednesday","Day",2,2,"Not at intersection",3,100,"A",2015,"SEDAN","TOYOTA","Car","F",27,"26-29","Drivers"
"T20190022511","13/11/19",14:25:00,"Collision with vehicle","Wednesday","Day",2,2,"Not at intersection",3,100,"B",2013,"DC UTE","MITSUB","Utility","M",43,"40-49","Drivers"
"T20190022512","13/11/19",14:14:00,"Collision with vehicle","Wednesday","Day",2,2,"T intersection",3,999,"B",2010,"SED","FORD","Car","M",69,"64-69","Drivers"
"T20190022513","23/7/19",07:20:00,"Collision with a fixed object","Tuesday","Day",1,1,"Not at intersection",3,60,"A",2006,"UTIL","FORD","Utility","M",24,"22-25","Drivers"
"T20190022514","6/11/19",13:00:00,"Collision with vehicle","Wednesday","Day",2,2,"T intersection",3,50,"A",2009,"SEDAN","MAZDA","Car","F",56,"50-59","Drivers"
"T20190022514","6/11/19",13:00:00,"Collision with vehicle","Wednesday","Day",2,2,"T intersection",3,50,"B",2010,"S WAG","HYNDAI","Station Wagon","F",38,"30-39","Drivers"
"T20190022516","13/11/19",13:08:00,"Collision with vehicle","Wednesday","Day",2,2,"T intersection",3,60,"A",2016,"WAGON","HOLDEN","Station Wagon","M",69,"64-69","Drivers"
"T20190022516","13/11/19",13:08:00,"Collision with vehicle","Wednesday","Day",2,2,"T intersection",3,60,"B",2015,"UTIL","TOYOTA","Utility","U",NA,"unknown","Drivers"
"T20190022518","13/11/19",14:00:00,"Collision with vehicle","Wednesday","Day",2,2,"Not at intersection",1,100,"A",2017,"TRAY","FUSO","Light Commercial Vehicle (Rigid) <= 4.5 Tonnes GVM","M",31,"30-39","Drivers"
"T20190022518","13/11/19",14:00:00,"Collision with vehicle","Wednesday","Day",2,2,"Not at intersection",1,100,"B",2011,"VAN","TOYOTA","Panel Van","M",28,"26-29","Drivers"
"T20190022519","13/11/19",09:00:00,"Collision with vehicle","Wednesday","Day",2,2,"Cross intersection",3,80,"A",2018,"SEDAN","HYNDAI","Car","F",41,"40-49","Drivers"
"T20190022519","13/11/19",09:00:00,"Collision with vehicle","Wednesday","Day",2,2,"Cross intersection",3,80,"B",2010,"SEDAN","FORD","Car","F",33,"30-39","Drivers"
"T20190022520","13/11/19",10:45:00,"Collision with a fixed object","Wednesday","Day",1,1,"Not at intersection",3,100,"A",2002,"S WAG","HOLDEN","Station Wagon","M",33,"30-39","Drivers"
"T20190022522","10/10/19",12:30:00,"Collision with vehicle","Thursday","Day",2,2,"Not at intersection",3,60,"A",2009,"SEDAN","FORD","Car","M",69,"64-69","Drivers"
"T20190022522","10/10/19",12:30:00,"Collision with vehicle","Thursday","Day",2,2,"Not at intersection",3,60,"B",2004,"SEDAN","MITSUB","Car",NA,NA,"unknown","Drivers"
"T20190022524","31/10/19",22:20:00,"Collision with vehicle","Thursday","Dark Street lights on",2,2,"Cross intersection",3,80,"A",2013,"WAGON","HONDA","Station Wagon","F",43,"40-49","Drivers"
"T20190022524","31/10/19",22:20:00,"Collision with vehicle","Thursday","Dark Street lights on",2,2,"Cross intersection",3,80,"B",2012,"WAGON","TOYOTA","Station Wagon","F",27,"26-29","Drivers"
"T20190022526","13/11/19",13:53:00,"Struck Pedestrian","Wednesday","Day",1,2,"Cross intersection",3,60,"A",2004,"SEDAN","HOLDEN","Car","M",75,"70+","Drivers"
"T20190022527","9/11/19",11:45:00,"Collision with vehicle","Saturday","Unknown",2,2,"Not at intersection",3,70,"A",2005,"WAGON","B M W","Station Wagon","F",57,"50-59","Drivers"
"T20190022527","9/11/19",11:45:00,"Collision with vehicle","Saturday","Unknown",2,2,"Not at intersection",3,70,"B",0,"SED","B.M.W.","Car","U",NA,"unknown","Drivers"
"T20190022529","13/11/19",16:37:00,"Collision with vehicle","Wednesday","Day",2,2,"T intersection",3,80,"A",2000,"SEDAN","MITSUB","Car","M",81,"70+","Drivers"
"T20190022529","13/11/19",16:37:00,"Collision with vehicle","Wednesday","Day",2,2,"T intersection",3,80,"B",2009,"UTIL","NISSAN","Utility","M",36,"30-39","Drivers"
"T20190022531","13/11/19",16:04:00,"Struck Pedestrian","Wednesday","Unknown",1,2,"T intersection",3,60,"A",2014,"SEDAN","HYNDAI","Car","F",22,"22-25","Drivers"
"T20190022535","13/11/19",16:30:00,"Collision with vehicle","Wednesday","Day",3,3,"Not at intersection",3,60,"A",1979,"COUPE","CHEV","Car","M",72,"70+","Drivers"
"T20190022535","13/11/19",16:30:00,"Collision with vehicle","Wednesday","Day",3,3,"Not at intersection",3,60,"B",2014,"SEDAN","FORD","Car","M",46,"40-49","Drivers"
"T20190022535","13/11/19",16:30:00,"Collision with vehicle","Wednesday","Day",3,3,"Not at intersection",3,60,"C",2017,"T SDS","TOYOTA","Light Commercial Vehicle (Rigid) <= 4.5 Tonnes GVM","U",NA,"unknown","Drivers"
"T20190022536","12/11/19",15:00:00,"Collision with vehicle","Tuesday","Day",2,2,"Not at intersection",3,999,"A",2009,"S WAG","TOYOTA","Station Wagon","F",47,"40-49","Drivers"
"T20190022536","12/11/19",15:00:00,"Collision with vehicle","Tuesday","Day",2,2,"Not at intersection",3,999,"B",1993,"DC UTE","FORD","Utility","M",58,"50-59","Drivers"
"T20190022537","13/11/19",15:55:00,"Collision with vehicle","Wednesday","Day",4,3,"Not at intersection",3,80,"B",2019,"S WAG","SUBARU","Station Wagon","F",56,"50-59","Drivers"
"T20190022537","13/11/19",15:55:00,"Collision with vehicle","Wednesday","Day",4,3,"Not at intersection",3,80,"D",1996,"SEDAN","TOYOTA","Car","F",67,"64-69","Drivers"
"T20190022539","13/11/19",19:23:00,"Collision with vehicle","Wednesday","Day",2,2,"T intersection",3,60,"A",2008,"SEDAN","HOLDEN","Car","F",21,"17-21","Drivers"
"T20190022539","13/11/19",19:23:00,"Collision with vehicle","Wednesday","Day",2,2,"T intersection",3,60,"B",2004,"SEDAN","HOLDEN","Car","F",30,"30-39","Drivers"
"T20190022541","12/11/19",17:00:00,"Collision with vehicle","Tuesday","Day",2,2,"Cross intersection",2,50,"A",2009,"UTIL","FORD","Utility","F",40,"40-49","Drivers"
"T20190022541","12/11/19",17:00:00,"Collision with vehicle","Tuesday","Day",2,2,"Cross intersection",2,50,"B",2017,"DC UTE","HOLDEN","Utility","M",40,"40-49","Drivers"
"T20190022542","13/11/19",17:06:00,"Collision with vehicle","Wednesday","Day",2,4,"T intersection",3,60,"A",2015,"SEDAN","TOYOTA","Car","F",21,"17-21","Drivers"
"T20190022545","13/11/19",18:10:00,"Collision with a fixed object","Wednesday","Day",1,5,"T intersection",3,50,"A",2010,"DC UTE","NISSAN","Utility","F",38,"30-39","Drivers"
"T20190022546","13/11/19",18:25:00,"Collision with vehicle","Wednesday","Day",2,5,"T intersection",3,80,"A",2007,"SEDAN","HYNDAI","Car","M",27,"26-29","Drivers"
"T20190022546","13/11/19",18:25:00,"Collision with vehicle","Wednesday","Day",2,5,"T intersection",3,80,"B",1990,"WAGON","L ROV","Station Wagon","M",49,"40-49","Drivers"
"T20190022548","13/11/19",14:07:00,"Collision with vehicle","Wednesday","Day",2,2,"T intersection",3,60,"A",2010,"SEDAN","HYNDAI","Car","F",56,"50-59","Drivers"
"T20190022548","13/11/19",14:07:00,"Collision with vehicle","Wednesday","Day",2,2,"T intersection",3,60,"B",2009,"SEDAN","MERC B","Car","M",70,"70+","Drivers"
"T20190022550","13/11/19",15:32:00,"Struck Pedestrian","Wednesday","Day",1,2,"T intersection",3,50,"A",2010,"WAGON","HOLDEN","Station Wagon","F",48,"40-49","Drivers"
"T20190022555","13/11/19",18:23:00,"Collision with vehicle","Wednesday","Dusk/Dawn",2,5,"T intersection",3,50,"A",2005,"SEDAN","FORD","Car","M",22,"22-25","Drivers"
"T20190022555","13/11/19",18:23:00,"Collision with vehicle","Wednesday","Dusk/Dawn",2,5,"T intersection",3,50,"B",2011,"SEDAN","VOLKS","Car","F",49,"40-49","Drivers"
"T20190022556","13/11/19",21:54:00,"Collision with vehicle","Wednesday","Dark Street lights on",2,2,"Not at intersection",3,60,"A",2001,"SEDAN","B M W","Car","F",18,"17-21","Drivers"
"T20190022556","13/11/19",21:54:00,"Collision with vehicle","Wednesday","Dark Street lights on",2,2,"Not at intersection",3,60,"B",1998,"SEDAN","NISSAN","Car","F",77,"70+","Drivers"
"T20190022563","13/11/19",21:20:00,"Collision with vehicle","Wednesday","Dark Street lights on",3,4,"T intersection",3,40,"A",2013,"SEDAN","FORD","Car","M",18,"17-21","Drivers"
"T20190022563","13/11/19",21:20:00,"Collision with vehicle","Wednesday","Dark Street lights on",3,4,"T intersection",3,40,"B",2010,"WAGON","MAZDA","Station Wagon","F",34,"30-39","Drivers"
"T20190022563","13/11/19",21:20:00,"Collision with vehicle","Wednesday","Dark Street lights on",3,4,"T intersection",3,40,"C",2006,"SEDAN","MAZDA","Car","M",32,"30-39","Drivers"
"T20190022565","13/11/19",12:50:00,"Collision with vehicle","Wednesday","Day",3,3,"T intersection",3,60,"A",2004,"DC UTE","TOYOTA","Utility","M",54,"50-59","Drivers"
"T20190022565","13/11/19",12:50:00,"Collision with vehicle","Wednesday","Day",3,3,"T intersection",3,60,"B",2011,"SEDAN","TOYOTA","Car","F",46,"40-49","Drivers"
"T20190022565","13/11/19",12:50:00,"Collision with vehicle","Wednesday","Day",3,3,"T intersection",3,60,"C",2019,"WAGON","MERC B","Station Wagon","F",48,"40-49","Drivers"
"T20190022570","13/11/19",18:43:00,"Collision with vehicle","Wednesday","Dusk/Dawn",2,2,"Cross intersection",3,40,"A",1996,"SEDAN","TOYOTA","Car","M",36,"30-39","Drivers"
"T20190022570","13/11/19",18:43:00,"Collision with vehicle","Wednesday","Dusk/Dawn",2,2,"Cross intersection",3,40,"B",2003,"SEDAN","MITSUB","Car","M",19,"17-21","Drivers"
"T20190022571","14/11/19",09:07:00,"Collision with vehicle","Thursday","Day",2,2,"Cross intersection",3,50,"A",2018,"WAGON","HONDA","Car","F",50,"50-59","Drivers"
"T20190022572","14/11/19",08:38:00,"Collision with vehicle","Thursday","Day",3,3,"Cross intersection",3,60,"B",0,"S WAG","UNKN","Station Wagon","M",NA,"unknown","Drivers"
"T20190022572","14/11/19",08:38:00,"Collision with vehicle","Thursday","Day",3,3,"Cross intersection",3,60,"C",2018,"S WAG","VOLKS","Station Wagon","M",47,"40-49","Drivers"
"T20190022576","10/11/19",14:00:00,"Collision with vehicle","Sunday","Day",2,3,"T intersection",3,60,"A",2012,"SEDAN","VOLKS","Car","F",66,"64-69","Drivers"
"T20190022576","10/11/19",14:00:00,"Collision with vehicle","Sunday","Day",2,3,"T intersection",3,60,"B",2004,"SED","TOYOTA","Car","M",21,"17-21","Drivers"
"T20190022577","14/11/19",08:56:00,"Collision with vehicle","Thursday","Day",2,2,"T intersection",3,40,"A",2004,"SEDAN","TOYOTA","Car","M",53,"50-59","Drivers"
"T20190022578","13/11/19",22:00:00,"Collision with vehicle","Wednesday","Dark Street lights on",2,2,"Not at intersection",3,60,"A",2018,"WAGON","AUDI","Station Wagon","F",24,"22-25","Drivers"
"T20190022578","13/11/19",22:00:00,"Collision with vehicle","Wednesday","Dark Street lights on",2,2,"Not at intersection",3,60,"B",2009,"SED","TOYOTA","Car","M",20,"17-21","Drivers"
"T20190022579","8/11/19",16:45:00,"Collision with vehicle","Friday","Day",2,2,"Cross intersection",3,50,"A",2013,"WAGON","SUBARU","Station Wagon","F",80,"70+","Drivers"
"T20190022579","8/11/19",16:45:00,"Collision with vehicle","Friday","Day",2,2,"Cross intersection",3,50,"B",2011,"SEDAN","MAZDA","Car","F",47,"40-49","Drivers"
"T20190022581","2/10/19",14:30:00,"Collision with vehicle","Wednesday","Day",2,2,"T intersection",3,999,"A",2011,"SEDAN","TOYOTA","Car","F",61,"60-64","Drivers"
"T20190022581","2/10/19",14:30:00,"Collision with vehicle","Wednesday","Day",2,2,"T intersection",3,999,"B",2014,"WAGON","TOYOTA","Station Wagon","F",39,"30-39","Drivers"
"T20190022582","13/11/19",14:00:00,"Collision with vehicle","Wednesday","Day",2,2,"Cross intersection",3,60,"A",2012,"S WAG","VOLKS","Station Wagon","F",48,"40-49","Drivers"
"T20190022582","13/11/19",14:00:00,"Collision with vehicle","Wednesday","Day",2,2,"Cross intersection",3,60,"B",2006,"SEDAN","MERC B","Car","M",75,"70+","Drivers"
"T20190022584","12/11/19",13:13:00,"Collision with vehicle","Tuesday","Day",2,2,"Not at intersection",3,999,"A",2006,"SEDAN","HOLDEN","Car","F",61,"60-64","Drivers"
"T20190022584","12/11/19",13:13:00,"Collision with vehicle","Tuesday","Day",2,2,"Not at intersection",3,999,"B",2013,"SEDAN","HYNDAI","Car","F",43,"40-49","Drivers"
"T20190022585","14/3/19",21:00:00,"Collision with vehicle","Thursday","Dark Street lights on",3,3,"Not at intersection",3,40,"B",0,"SEDAN","UNKN","Taxi","M",65,"64-69","Drivers"
"T20190022585","14/3/19",21:00:00,"Collision with vehicle","Thursday","Dark Street lights on",3,3,"Not at intersection",3,40,"C",2008,"WAGON","NISSAN","Station Wagon","U",NA,"unknown","Drivers"
"T20190022588","28/10/19",05:50:00,"Collision with vehicle","Monday","Dusk/Dawn",3,3,"Not at intersection",3,100,"A",2012,"SEDAN","B M W","Car","M",36,"30-39","Drivers"
"T20190022588","28/10/19",05:50:00,"Collision with vehicle","Monday","Dusk/Dawn",3,3,"Not at intersection",3,100,"B",0,"SEDAN","MAZDA","Car","F",55,"50-59","Drivers"
"T20190022591","14/11/19",12:45:00,"Collision with vehicle","Thursday","Day",2,2,"Not at intersection",3,50,"A",2015,"SEDAN","AUDI","Car","M",72,"70+","Drivers"
"T20190022592","30/10/19",08:00:00,"Collision with vehicle","Wednesday","Day",3,4,"Cross intersection",3,60,"A",2011,"DC UTE","NISSAN","Utility","F",20,"17-21","Drivers"
"T20190022592","30/10/19",08:00:00,"Collision with vehicle","Wednesday","Day",3,4,"Cross intersection",3,60,"B",2014,"SEDAN","PROTON","Car","F",47,"40-49","Drivers"
"T20190022592","30/10/19",08:00:00,"Collision with vehicle","Wednesday","Day",3,4,"Cross intersection",3,60,"C",2010,"SEDAN","HYNDAI","Car","F",71,"70+","Drivers"