"ACCIDENT_NO","ACCIDENTDATE","ACCIDENTTIME","Accident Type Desc","Day Week Description","Light Condition Desc","NO_OF_VEHICLES","NO_PERSONS","Road Geometry Desc","SEVERITY","SPEED_ZONE","VEHICLE_ID","VEHICLE_YEAR_MANUF","VEHICLE_BODY_STYLE","VEHICLE_MAKE","Vehicle Type Desc","SEX","AGE","Age Group","Road User Type Desc"
"T20190022593","14/11/19",13:00:00,"Struck Pedestrian","Thursday","Day",1,2,"Cross intersection",3,40,"A",2012,"SEDAN","HOLDEN","Car","F",65,"64-69","Drivers"
"T20190022594","14/11/19",13:03:00,"Collision with vehicle","Thursday","Day",2,2,"Cross intersection",3,50,"A",2010,"SEDAN","VOLKS","Car","F",73,"70+","Drivers"
"T20190022595","13/11/19",07:30:00,"Collision with vehicle","Wednesday","Day",2,2,"Cross intersection",3,60,"A",2008,"SEDAN","TOYOTA","Car","F",58,"50-59","Drivers"
"T20190022595","13/11/19",07:30:00,"Collision with vehicle","Wednesday","Day",2,2,"Cross intersection",3,60,"B",2018,"SEDAN","TOYOTA","Car","F",54,"50-59","Drivers"
"T20190022597","5/11/19",12:49:00,"Collision with vehicle","Tuesday","Day",2,2,"Not at intersection",2,60,"A",2003,"WAGON","HONDA","Station Wagon","M",37,"30-39","Drivers"
"T20190022597","5/11/19",12:49:00,"Collision with vehicle","Tuesday","Day",2,2,"Not at intersection",2,60,"B",2017,"COUPE","HYNDAI","Car","F",20,"17-21","Drivers"
"T20190022598","14/11/19",14:20:00,"Collision with vehicle","Thursday","Day",2,3,"Cross intersection",3,60,"A",2007,"WAGON","B M W","Station Wagon","F",51,"50-59","Drivers"
"T20190022598","14/11/19",14:20:00,"Collision with vehicle","Thursday","Day",2,3,"Cross intersection",3,60,"B",1993,"P MVR","INTERN","Prime Mover - Single Trailer","M",51,"50-59","Drivers"
"T20190022599","10/11/19",22:45:00,"Collision with vehicle","Sunday","Dark Street lights on",2,4,"T intersection",3,999,"A",2001,"SEDAN","MITSUB","Car","F",21,"17-21","Drivers"
"T20190022599","10/11/19",22:45:00,"Collision with vehicle","Sunday","Dark Street lights on",2,4,"T intersection",3,999,"B",2012,"WAGON","SUBARU","Station Wagon","M",31,"30-39","Drivers"
"T20190022602","14/11/19",08:00:00,"Collision with vehicle","Thursday","Day",2,2,"Cross intersection",3,60,"B",2018,"WAGON","NISSAN","Station Wagon","F",42,"40-49","Drivers"
"T20190022604","14/11/19",14:00:00,"Collision with a fixed object","Thursday","Day",2,2,"Not at intersection",3,40,"A",2013,"SEDAN","HYNDAI","Car","M",88,"70+","Drivers"
"T20190022605","14/11/19",13:35:00,"Collision with vehicle","Thursday","Day",2,3,"Not at intersection",3,70,"A",2019,"DC UTE","FORD","Utility","M",35,"30-39","Drivers"
"T20190022605","14/11/19",13:35:00,"Collision with vehicle","Thursday","Day",2,3,"Not at intersection",3,70,"B",1999,"TRAY","TOYOTA","Light Commercial Vehicle (Rigid) <= 4.5 Tonnes GVM","M",59,"50-59","Drivers"
"T20190022606","31/10/19",12:00:00,"Collision with vehicle","Thursday","Day",2,2,"Not at intersection",3,60,"A",2004,"WAGON","SUBARU","Station Wagon","M",35,"30-39","Drivers"
"T20190022606","31/10/19",12:00:00,"Collision with vehicle","Thursday","Day",2,2,"Not at intersection",3,60,"B",2010,"SEDAN","TOYOTA","Car","M",29,"26-29","Drivers"
"T20190022610","14/11/19",16:00:00,"Collision with vehicle","Thursday","Day",2,2,"Cross intersection",3,60,"A",2006,"SEDAN","TOYOTA","Car","M",78,"70+","Drivers"
"T20190022610","14/11/19",16:00:00,"Collision with vehicle","Thursday","Day",2,2,"Cross intersection",3,60,"B",0,"SED","SUZUKI","Car","F",79,"70+","Drivers"
"T20190022613","14/11/19",13:15:00,"Collision with vehicle","Thursday","Day",2,2,"Cross intersection",2,100,"A",2011,"VAN","UNKN","Panel Van","M",23,"22-25","Drivers"
"T20190022613","14/11/19",13:15:00,"Collision with vehicle","Thursday","Day",2,2,"Cross intersection",2,100,"B",2011,"SEDAN","MAZDA","Car","F",72,"70+","Drivers"
"T20190022614","14/11/19",16:58:00,"Collision with vehicle","Thursday","Day",2,2,"Cross intersection",3,60,"A",2006,"SEDAN","HONDA","Car","F",60,"60-64","Drivers"
"T20190022615","12/11/19",07:30:00,"Collision with vehicle","Tuesday","Unknown",3,4,"Cross intersection",3,40,"A",2013,"COUPE","M MOVE","Car","F",36,"30-39","Drivers"
"T20190022615","12/11/19",07:30:00,"Collision with vehicle","Tuesday","Unknown",3,4,"Cross intersection",3,40,"B",2011,"WAGON","TOYOTA","Station Wagon","M",63,"60-64","Drivers"
"T20190022615","12/11/19",07:30:00,"Collision with vehicle","Tuesday","Unknown",3,4,"Cross intersection",3,40,"C",2007,"WAGON","SUBARU","Station Wagon","M",22,"22-25","Drivers"
"T20190022616","14/11/19",17:02:00,"Collision with vehicle","Thursday","Day",3,3,"Not at intersection",3,70,"A",2014,"TRAY","TOYOTA","Light Commercial Vehicle (Rigid) <= 4.5 Tonnes GVM","M",30,"30-39","Drivers"
"T20190022616","14/11/19",17:02:00,"Collision with vehicle","Thursday","Day",3,3,"Not at intersection",3,70,"B",2011,"SEDAN","HOLDEN","Car","F",45,"40-49","Drivers"
"T20190022616","14/11/19",17:02:00,"Collision with vehicle","Thursday","Day",3,3,"Not at intersection",3,70,"C",2017,"SEDAN","TOYOTA","Car","F",24,"22-25","Drivers"
"T20190022617","13/11/19",15:55:00,"Collision with a fixed object","Wednesday","Day",1,1,"Not at intersection",3,60,"A",2015,"WAGON","SUBARU","Station Wagon","M",42,"40-49","Drivers"
"T20190022619","14/11/19",17:52:00,"Collision with vehicle","Thursday","Day",2,3,"Cross intersection",2,80,"A",2008,"SEDAN","HOLDEN","Car","M",78,"70+","Drivers"
"T20190022619","14/11/19",17:52:00,"Collision with vehicle","Thursday","Day",2,3,"Cross intersection",2,80,"B",2015,"SEDAN","SUBARU","Car","M",56,"50-59","Drivers"
"T20190022625","14/11/19",18:40:00,"Collision with vehicle","Thursday","Day",2,4,"Y intersection",3,60,"A",2011,"SEDAN","FORD","Car","M",26,"26-29","Drivers"
"T20190022625","14/11/19",18:40:00,"Collision with vehicle","Thursday","Day",2,4,"Y intersection",3,60,"B",2017,"WAGON","KIA","Station Wagon","M",27,"26-29","Drivers"
"T20190022627","14/11/19",19:15:00,"Collision with vehicle","Thursday","Day",2,2,"T intersection",3,50,"A",2009,"SEDAN","VOLKS","Car","M",42,"40-49","Drivers"
"T20190022629","14/11/19",16:54:00,"Collision with vehicle","Thursday","Day",2,2,"Not at intersection",3,60,"A",2011,"WAGON","FORD","Station Wagon","M",68,"64-69","Drivers"
"T20190022635","14/11/19",17:58:00,"Collision with vehicle","Thursday","Day",3,3,"Cross intersection",3,60,"A",2018,"WAGON","JEEP","Station Wagon","M",35,"30-39","Drivers"
"T20190022635","14/11/19",17:58:00,"Collision with vehicle","Thursday","Day",3,3,"Cross intersection",3,60,"B",2007,"DC UTE","TOYOTA","Utility","M",24,"22-25","Drivers"
"T20190022635","14/11/19",17:58:00,"Collision with vehicle","Thursday","Day",3,3,"Cross intersection",3,60,"C",2013,"WAGON","VOLKS","Station Wagon","F",47,"40-49","Drivers"
"T20190022637","14/11/19",16:35:00,"Struck Pedestrian","Thursday","Day",1,2,"Not at intersection",1,100,"A",2017,"DC UTE","TOYOTA","Utility","M",31,"30-39","Drivers"
"T20190022638","14/11/19",21:16:00,"Collision with vehicle","Thursday","Dusk/Dawn",2,2,"Cross intersection",3,60,"A",2013,"SEDAN","HOLDEN","Car","F",46,"40-49","Drivers"
"T20190022638","14/11/19",21:16:00,"Collision with vehicle","Thursday","Dusk/Dawn",2,2,"Cross intersection",3,60,"B",2015,"COUPE","AUDI","Car","M",26,"26-29","Drivers"
"T20190022640","14/11/19",17:14:00,"Collision with vehicle","Thursday","Day",2,2,"Cross intersection",3,60,"A",2016,"WAGON","R ROV","Station Wagon","M",55,"50-59","Drivers"
"T20190022640","14/11/19",17:14:00,"Collision with vehicle","Thursday","Day",2,2,"Cross intersection",3,60,"B",2018,"COUPE","TOYOTA","Car","F",34,"30-39","Drivers"
"T20190022642","14/11/19",22:10:00,"Collision with vehicle","Thursday","Dark Street lights on",2,2,"T intersection",3,60,"A",2011,"WAGON","VOLVO","Station Wagon","M",40,"40-49","Drivers"
"T20190022647","12/11/19",15:25:00,"Collision with vehicle","Tuesday","Day",2,2,"T intersection",3,60,"A",2012,"SEDAN","FORD","Car","M",36,"30-39","Drivers"
"T20190022647","12/11/19",15:25:00,"Collision with vehicle","Tuesday","Day",2,2,"T intersection",3,60,"B",2007,"SEDAN","HOLDEN","Car","M",22,"22-25","Drivers"
"T20190022655","15/11/19",07:05:00,"Struck Pedestrian","Friday","Dusk/Dawn",1,2,"T intersection",3,50,"A",2002,"SED","MITSUB","Car","F",36,"30-39","Drivers"
"T20190022656","1/11/19",04:24:00,"Collision with a fixed object","Friday","Dark Street lights on",1,1,"Not at intersection",3,60,"A",2008,"DC UTE","NISSAN","Utility","M",44,"40-49","Drivers"
"T20190022658","15/11/19",08:00:00,"Collision with a fixed object","Friday","Day",1,2,"Not at intersection",2,80,"A",2005,"SEDAN","MAZDA","Car","F",19,"17-21","Drivers"
"T20190022659","11/11/19",15:50:00,"Collision with vehicle","Monday","Day",2,2,"Not at intersection",3,999,"A",2013,"SEDAN","HOLDEN","Car","F",77,"70+","Drivers"
"T20190022659","11/11/19",15:50:00,"Collision with vehicle","Monday","Day",2,2,"Not at intersection",3,999,"B",2017,"WAGON","MAZDA","Station Wagon","F",30,"30-39","Drivers"
"T20190022660","13/11/19",21:30:00,"Struck Pedestrian","Wednesday","Dark Street lights on",2,2,"Not at intersection",3,60,"A",0,"P VAN","UNKN","Panel Van","U",NA,"unknown","Drivers"
"T20190022661","10/11/19",01:45:00,"Struck animal","Sunday","Dark No street lights",1,3,"Not at intersection",3,110,"A",2016,"WAGON","TOYOTA","Station Wagon","M",30,"30-39","Drivers"
"T20190022664","15/11/19",08:35:00,"Collision with a fixed object","Friday","Day",1,1,"Y intersection",3,100,"A",1999,"SEDAN","TOYOTA","Car","M",65,"64-69","Drivers"
"T20190022665","13/11/19",21:00:00,"Collision with vehicle","Wednesday","Dark Street lights unknown",2,2,"T intersection",3,50,"A",2004,"SEDAN","HYNDAI","Car","F",19,"17-21","Drivers"
"T20190022665","13/11/19",21:00:00,"Collision with vehicle","Wednesday","Dark Street lights unknown",2,2,"T intersection",3,50,"B",2003,"SEDAN","MITSUB","Car","F",61,"60-64","Drivers"
"T20190022666","19/9/19",07:40:00,"Collision with vehicle","Thursday","Unknown",2,2,"Not at intersection",3,999,"A",2013,"SEDAN","UNKN","Car","F",34,"30-39","Drivers"
"T20190022666","19/9/19",07:40:00,"Collision with vehicle","Thursday","Unknown",2,2,"Not at intersection",3,999,"B",2018,"UTIL","TOYOTA","Utility","M",39,"30-39","Drivers"
"T20190022669","11/10/19",13:15:00,"Vehicle overturned (no collision)","Friday","Day",1,1,"Not at intersection",3,100,"A",2002,"DC UTE","TOYOTA","Utility","M",55,"50-59","Drivers"
"T20190022671","14/11/19",15:45:00,"Collision with vehicle","Thursday","Day",2,2,"Not at intersection",3,80,"A",2017,"S WAG","SKODA","Station Wagon","F",31,"30-39","Drivers"
"T20190022671","14/11/19",15:45:00,"Collision with vehicle","Thursday","Day",2,2,"Not at intersection",3,80,"B",0,"S WAG","HOLDEN","Station Wagon","M",28,"26-29","Drivers"
"T20190022674","15/11/19",12:50:00,"Collision with vehicle","Friday","Day",2,4,"Multiple intersection",3,60,"A",2015,"SEDAN","SUZUKI","Car","F",27,"26-29","Drivers"
"T20190022674","15/11/19",12:50:00,"Collision with vehicle","Friday","Day",2,4,"Multiple intersection",3,60,"B",2018,"VAN","MERC B","Panel Van","F",42,"40-49","Drivers"
"T20190022679","15/11/19",10:50:00,"Collision with a fixed object","Friday","Day",1,1,"Not at intersection",3,100,"A",2015,"SEDAN","TOYOTA","Car","F",22,"22-25","Drivers"
"T20190022681","18/10/19",10:30:00,"Collision with vehicle","Friday","Day",2,3,"T intersection",3,80,"A",2016,"G UNIT","VOLVO","Heavy Vehicle (Rigid) > 4.5 Tonnes","M",24,"22-25","Drivers"
"T20190022681","18/10/19",10:30:00,"Collision with vehicle","Friday","Day",2,3,"T intersection",3,80,"B",2010,"BUS","VOLVO","Bus/Coach","F",51,"50-59","Drivers"
"T20190022688","15/11/19",07:20:00,"Collision with vehicle","Friday","Day",2,2,"Not at intersection",3,40,"A",2004,"SEDAN","HONDA","Car","M",20,"17-21","Drivers"
"T20190022688","15/11/19",07:20:00,"Collision with vehicle","Friday","Day",2,2,"Not at intersection",3,40,"B",2008,"SEDAN","MITSUB","Car","F",28,"26-29","Drivers"
"T20190022689","15/11/19",13:40:00,"Collision with vehicle","Friday","Day",2,6,"Cross intersection",3,40,"A",2010,"WAGON","TOYOTA","Station Wagon","F",73,"70+","Drivers"
"T20190022690","15/11/19",13:20:00,"Collision with vehicle","Friday","Day",2,2,"Not at intersection",2,100,"A",2011,"TIPPER","VOLVO","Heavy Vehicle (Rigid) > 4.5 Tonnes","M",55,"50-59","Drivers"
"T20190022690","15/11/19",13:20:00,"Collision with vehicle","Friday","Day",2,2,"Not at intersection",2,100,"B",2010,"TRAY","ISUZU","Light Commercial Vehicle (Rigid) <= 4.5 Tonnes GVM","M",35,"30-39","Drivers"
"T20190022691","1/11/19",17:45:00,"Collision with vehicle","Friday","Unknown",2,2,"Cross intersection",3,999,"B",2008,"SEDAN","REN","Car","M",47,"40-49","Drivers"
"T20190022692","10/11/19",14:40:00,"Collision with vehicle","Sunday","Day",2,4,"Cross intersection",3,60,"B",2019,"SEDAN","SUBARU","Car","M",24,"22-25","Drivers"
"T20190022695","15/11/19",08:35:00,"Collision with vehicle","Friday","Day",2,2,"Cross intersection",3,40,"B",2014,"WAGON","TOYOTA","Taxi","F",45,"40-49","Drivers"
"T20190022700","15/11/19",15:10:00,"Collision with a fixed object","Friday","Day",1,1,"Not at intersection",3,100,"A",2002,"UTIL","FORD","Utility","M",18,"17-21","Drivers"
"T20190022701","24/4/19",17:25:00,"Collision with vehicle","Wednesday","Unknown",2,2,"Not at intersection",3,50,"A",2006,"SEDAN","TOYOTA","Car","F",34,"30-39","Drivers"
"T20190022701","24/4/19",17:25:00,"Collision with vehicle","Wednesday","Unknown",2,2,"Not at intersection",3,50,"B",2006,"S WAG","HOLDEN","Station Wagon","F",45,"40-49","Drivers"
"T20190022705","13/11/19",09:10:00,"Collision with vehicle","Wednesday","Day",2,2,"Multiple intersection",3,40,"A",2019,"SEDAN","HOLDEN","Car","F",36,"30-39","Drivers"
"T20190022706","15/11/19",15:00:00,"Collision with vehicle","Friday","Day",2,2,"Not at intersection",3,888,"A",2018,"SEDAN","VOLKS","Car","M",51,"50-59","Drivers"
"T20190022708","15/11/19",16:05:00,"Collision with vehicle","Friday","Day",2,3,"Cross intersection",3,60,"A",2006,"SEDAN","HOLDEN","Car","F",25,"22-25","Drivers"
"T20190022708","15/11/19",16:05:00,"Collision with vehicle","Friday","Day",2,3,"Cross intersection",3,60,"B",2012,"SEDAN","ALFA R","Car","F",74,"70+","Drivers"
"T20190022709","15/11/19",17:00:00,"Collision with vehicle","Friday","Day",2,3,"Cross intersection",3,60,"A",2000,"SEDAN","HOLDEN","Car","F",41,"40-49","Drivers"
"T20190022709","15/11/19",17:00:00,"Collision with vehicle","Friday","Day",2,3,"Cross intersection",3,60,"B",2001,"S WAG","SAAB","Station Wagon","F",69,"64-69","Drivers"
"T20190022710","15/11/19",18:03:00,"Struck Pedestrian","Friday","Day",1,2,"Not at intersection",3,50,"A",1996,"WAGON","FORD","Station Wagon","M",37,"30-39","Drivers"
"T20190022711","15/11/19",10:00:00,"Collision with vehicle","Friday","Day",4,5,"Cross intersection",3,60,"A",2009,"WAGON","HYNDAI","Station Wagon","F",40,"40-49","Drivers"
"T20190022711","15/11/19",10:00:00,"Collision with vehicle","Friday","Day",4,5,"Cross intersection",3,60,"B",2010,"SEDAN","TOYOTA","Car","M",59,"50-59","Drivers"
"T20190022711","15/11/19",10:00:00,"Collision with vehicle","Friday","Day",4,5,"Cross intersection",3,60,"C",2014,"SEDAN","HYNDAI","Car","F",39,"30-39","Drivers"
"T20190022711","15/11/19",10:00:00,"Collision with vehicle","Friday","Day",4,5,"Cross intersection",3,60,"D",2015,"WAGON","LEXUS","Station Wagon","F",36,"30-39","Drivers"
"T20190022712","15/11/19",10:55:00,"Collision with vehicle","Friday","Day",3,5,"T intersection",3,60,"A",2013,"SEDAN","TOYOTA","Car","F",40,"40-49","Drivers"
"T20190022712","15/11/19",10:55:00,"Collision with vehicle","Friday","Day",3,5,"T intersection",3,60,"B",2016,"WAGON","HOLDEN","Station Wagon","F",32,"30-39","Drivers"
"T20190022712","15/11/19",10:55:00,"Collision with vehicle","Friday","Day",3,5,"T intersection",3,60,"C",2014,"SEDAN","FORD","Car","M",25,"22-25","Drivers"
"T20190022714","21/4/19",12:00:00,"Collision with vehicle","Sunday","Day",2,3,"T intersection",3,999,"A",2006,"SEDAN","MAZDA","Car","F",74,"70+","Drivers"
"T20190022715","15/11/19",16:15:00,"Collision with vehicle","Friday","Day",3,6,"Not at intersection",3,100,"A",2004,"SEDAN","MITSUB","Car","M",30,"30-39","Drivers"
"T20190022715","15/11/19",16:15:00,"Collision with vehicle","Friday","Day",3,6,"Not at intersection",3,100,"B",2004,"SEDAN","HOLDEN","Car","M",28,"26-29","Drivers"
"T20190022715","15/11/19",16:15:00,"Collision with vehicle","Friday","Day",3,6,"Not at intersection",3,100,"C",2015,"SEDAN","TOYOTA","Car","M",83,"70+","Drivers"
"T20190022718","15/11/19",19:01:00,"Struck Pedestrian","Friday","Dusk/Dawn",1,2,"T intersection",3,50,"A",2006,"SEDAN","HYNDAI","Car","M",77,"70+","Drivers"
"T20190022719","14/11/19",10:19:00,"collision with some other object","Thursday","Day",2,2,"Not at intersection",3,100,"A",2005,"DC UTE","FORD","Utility","M",59,"50-59","Drivers"
"T20190022720","15/11/19",17:00:00,"Collision with vehicle","Friday","Day",3,4,"T intersection",3,60,"A",2017,"SEDAN","HONDA","Car","F",61,"60-64","Drivers"
"T20190022720","15/11/19",17:00:00,"Collision with vehicle","Friday","Day",3,4,"T intersection",3,60,"B",2012,"SEDAN","HYNDAI","Car","F",32,"30-39","Drivers"
"T20190022720","15/11/19",17:00:00,"Collision with vehicle","Friday","Day",3,4,"T intersection",3,60,"C",2015,"TOURER","AUDI","Car","F",44,"40-49","Drivers"
"T20190022722","15/11/19",15:30:00,"Collision with vehicle","Friday","Day",2,3,"Cross intersection",3,80,"A",1994,"S WAG","TOYOTA","Station Wagon","M",28,"26-29","Drivers"
"T20190022722","15/11/19",15:30:00,"Collision with vehicle","Friday","Day",2,3,"Cross intersection",3,80,"B",2011,"TIPPER","ISUZU","Heavy Vehicle (Rigid) > 4.5 Tonnes","M",26,"26-29","Drivers"
"T20190022724","15/11/19",15:20:00,"Collision with vehicle","Friday","Day",2,2,"Not at intersection",3,40,"A",2018,"WAGON","TOYOTA","Station Wagon","F",41,"40-49","Drivers"
"T20190022725","15/11/19",16:24:00,"Collision with vehicle","Friday","Day",2,2,"Not at intersection",3,60,"A",2018,"UTIL","FORD","Utility","M",38,"30-39","Drivers"
"T20190022725","15/11/19",16:24:00,"Collision with vehicle","Friday","Day",2,2,"Not at intersection",3,60,"B",2013,"COUPE","TOYOTA","Car","M",30,"30-39","Drivers"
"T20190022726","15/11/19",18:40:00,"Collision with vehicle","Friday","Day",3,4,"Cross intersection",3,80,"A",2010,"WAGON","HOLDEN","Station Wagon","M",21,"17-21","Drivers"
"T20190022726","15/11/19",18:40:00,"Collision with vehicle","Friday","Day",3,4,"Cross intersection",3,80,"B",2002,"SEDAN","TOYOTA","Car","M",51,"50-59","Drivers"
"T20190022726","15/11/19",18:40:00,"Collision with vehicle","Friday","Day",3,4,"Cross intersection",3,80,"C",2019,"WAGON","TOYOTA","Station Wagon","M",55,"50-59","Drivers"
"T20190022727","15/11/19",16:07:00,"Collision with vehicle","Friday","Day",2,2,"Cross intersection",3,60,"A",2006,"SEDAN","TOYOTA","Car","M",57,"50-59","Drivers"
"T20190022727","15/11/19",16:07:00,"Collision with vehicle","Friday","Day",2,2,"Cross intersection",3,60,"B",2009,"SEDAN","AUDI","Car","M",23,"22-25","Drivers"
"T20190022728","15/11/19",09:15:00,"Collision with vehicle","Friday","Day",3,3,"T intersection",3,60,"A",2006,"SEDAN","NISSAN","Car","M",21,"17-21","Drivers"
"T20190022728","15/11/19",09:15:00,"Collision with vehicle","Friday","Day",3,3,"T intersection",3,60,"B",2015,"WAGON","NISSAN","Station Wagon","M",52,"50-59","Drivers"
"T20190022728","15/11/19",09:15:00,"Collision with vehicle","Friday","Day",3,3,"T intersection",3,60,"C",2019,"VAN","VOLKS","Panel Van","U",NA,"unknown","Drivers"
"T20190022730","15/11/19",15:35:00,"Collision with vehicle","Friday","Day",2,2,"Not at intersection",3,60,"A",2001,"SED","SAAB","Car","F",31,"30-39","Drivers"
"T20190022730","15/11/19",15:35:00,"Collision with vehicle","Friday","Day",2,2,"Not at intersection",3,60,"B",2010,"UTIL","HOLDEN","Utility","M",39,"30-39","Drivers"
"T20190022733","15/11/19",19:47:00,"Collision with vehicle","Friday","Dusk/Dawn",2,2,"Not at intersection",2,60,"A",0,"SED","HYU","Car","M",26,"26-29","Drivers"
"T20190022734","15/11/19",19:16:00,"Collision with vehicle","Friday","Day",3,5,"Not at intersection",3,50,"B",2014,"WAGON","VOLVO","Station Wagon","M",51,"50-59","Drivers"
"T20190022734","15/11/19",19:16:00,"Collision with vehicle","Friday","Day",3,5,"Not at intersection",3,50,"C",2010,"SEDAN","TOYOTA","Car","F",85,"70+","Drivers"
"T20190022735","15/11/19",19:57:00,"Collision with vehicle","Friday","Dusk/Dawn",3,1,"Not at intersection",2,60,"A",1999,"SEDAN","FORD","Car","M",47,"40-49","Drivers"
"T20190022736","15/11/19",16:28:00,"Collision with vehicle","Friday","Day",2,3,"Cross intersection",3,80,"A",2011,"SEDAN","HOLDEN","Car","F",18,"17-21","Drivers"
"T20190022736","15/11/19",16:28:00,"Collision with vehicle","Friday","Day",2,3,"Cross intersection",3,80,"B",2002,"SEDAN","VOLKS","Car","F",47,"40-49","Drivers"
"T20190022738","14/11/19",00:42:00,"Collision with vehicle","Thursday","Dark Street lights on",2,2,"Cross intersection",3,60,"A",2008,"SEDAN","TOYOTA","Car","M",53,"50-59","Drivers"
"T20190022738","14/11/19",00:42:00,"Collision with vehicle","Thursday","Dark Street lights on",2,2,"Cross intersection",3,60,"B",2010,"WAGON","HOLDEN","Car","M",20,"17-21","Drivers"
"T20190022739","11/11/19",08:30:00,"Collision with vehicle","Monday","Day",2,2,"Multiple intersection",3,70,"A",2004,"DC UTE","HOLDEN","Utility","M",65,"64-69","Drivers"
"T20190022739","11/11/19",08:30:00,"Collision with vehicle","Monday","Day",2,2,"Multiple intersection",3,70,"B",2010,"SEDAN","HYNDAI","Car","F",68,"64-69","Drivers"
"T20190022740","7/11/19",21:20:00,"Collision with vehicle","Thursday","Dusk/Dawn",2,2,"Cross intersection",3,80,"B",2007,"SEDAN","TOYOTA","Car","M",22,"22-25","Drivers"
"T20190022740","7/11/19",21:20:00,"Collision with vehicle","Thursday","Dusk/Dawn",2,2,"Cross intersection",3,80,"C",2005,"COUPE","M MOVE","Car","F",65,"64-69","Drivers"
"T20190022742","15/11/19",21:30:00,"Collision with vehicle","Friday","Dark Street lights on",2,4,"Cross intersection",3,60,"A",2007,"SEDAN","HOLDEN","Car","F",21,"17-21","Drivers"
"T20190022742","15/11/19",21:30:00,"Collision with vehicle","Friday","Dark Street lights on",2,4,"Cross intersection",3,60,"B",2018,"WAGON","MITSUB","Station Wagon","M",64,"60-64","Drivers"
"T20190022747","16/11/19",00:16:00,"Collision with vehicle","Saturday","Dark Street lights on",2,3,"Cross intersection",3,50,"A",2014,"SEDAN","HYNDAI","Car","M",23,"22-25","Drivers"
"T20190022747","16/11/19",00:16:00,"Collision with vehicle","Saturday","Dark Street lights on",2,3,"Cross intersection",3,50,"B",2008,"SEDAN","HOLDEN","Car","F",22,"22-25","Drivers"
"T20190022752","15/11/19",14:15:00,"Collision with vehicle","Friday","Day",2,2,"Cross intersection",3,50,"A",2012,"SEDAN","HOLDEN","Car","F",61,"60-64","Drivers"
"T20190022752","15/11/19",14:15:00,"Collision with vehicle","Friday","Day",2,2,"Cross intersection",3,50,"B",2014,"SEDAN","TOYOTA","Car","M",76,"70+","Drivers"
"T20190022757","23/10/19",15:15:00,"Collision with vehicle","Wednesday","Day",2,3,"T intersection",3,50,"A",2001,"SEDAN","NISSAN","Car","F",29,"26-29","Drivers"
"T20190022757","23/10/19",15:15:00,"Collision with vehicle","Wednesday","Day",2,3,"T intersection",3,50,"B",2012,"WAGON","JEEP","Station Wagon","F",67,"64-69","Drivers"
"T20190022760","16/11/19",09:30:00,"Struck Pedestrian","Saturday","Day",1,2,"Not at intersection",3,40,"A",2013,"WAGON","HONDA","Station Wagon","M",41,"40-49","Drivers"
"T20190022761","15/11/19",07:30:00,"Collision with vehicle","Friday","Day",2,2,"T intersection",3,999,"A",2008,"VAN","TOYOTA","Panel Van","M",30,"30-39","Drivers"
"T20190022761","15/11/19",07:30:00,"Collision with vehicle","Friday","Day",2,2,"T intersection",3,999,"B",2014,"S WAG","HOLDEN","Station Wagon","M",62,"60-64","Drivers"
"T20190022762","16/11/19",09:20:00,"Collision with vehicle","Saturday","Day",2,2,"T intersection",3,50,"A",2015,"S WAG","TOYOTA","Station Wagon","M",66,"64-69","Drivers"
"T20190022764","15/11/19",16:30:00,"Collision with vehicle","Friday","Day",2,4,"T intersection",3,999,"A",2015,"SEDAN","CHRYS","Car","M",41,"40-49","Drivers"
"T20190022764","15/11/19",16:30:00,"Collision with vehicle","Friday","Day",2,4,"T intersection",3,999,"B",2003,"WAGON","SUBARU","Station Wagon","M",37,"30-39","Drivers"
"T20190022765","28/9/19",15:40:00,"Fall from or in moving vehicle","Saturday","Day",1,2,"Not at intersection",3,999,"A",2009,"SEDAN","TOYOTA","Car","M",60,"60-64","Drivers"
"T20190022766","16/8/19",16:15:00,"Collision with vehicle","Friday","Day",3,3,"Not at intersection",3,100,"A",2013,"SEDAN","HYNDAI","Car","F",25,"22-25","Drivers"
"T20190022766","16/8/19",16:15:00,"Collision with vehicle","Friday","Day",3,3,"Not at intersection",3,100,"B",2006,"UTIL","FORD","Utility","M",21,"17-21","Drivers"
"T20190022766","16/8/19",16:15:00,"Collision with vehicle","Friday","Day",3,3,"Not at intersection",3,100,"C",2011,"SEDAN","AUDI","Car","M",49,"40-49","Drivers"
"T20190022770","16/11/19",11:00:00,"Collision with vehicle","Saturday","Day",2,2,"Cross intersection",3,50,"A",2006,"SEDAN","VOLKS","Car","F",53,"50-59","Drivers"
"T20190022770","16/11/19",11:00:00,"Collision with vehicle","Saturday","Day",2,2,"Cross intersection",3,50,"B",2009,"TOURER","VOLKS","Car","F",23,"22-25","Drivers"
"T20190022772","16/11/19",09:25:00,"Collision with a fixed object","Saturday","Day",1,1,"Not at intersection",3,100,"A",2006,"DC UTE","FORD","Utility","M",63,"60-64","Drivers"
"T20190022774","16/11/19",11:30:00,"Collision with vehicle","Saturday","Day",2,2,"Multiple intersection",3,70,"A",1999,"SEDAN","HOLDEN","Car","M",55,"50-59","Drivers"
"T20190022774","16/11/19",11:30:00,"Collision with vehicle","Saturday","Day",2,2,"Multiple intersection",3,70,"B",2005,"WAGON","NISSAN","Station Wagon","M",65,"64-69","Drivers"