"ACCIDENT_NO","ACCIDENTDATE","ACCIDENTTIME","Accident Type Desc","Day Week Description","Light Condition Desc","NO_OF_VEHICLES","NO_PERSONS","Road Geometry Desc","SEVERITY","SPEED_ZONE","VEHICLE_ID","VEHICLE_YEAR_MANUF","VEHICLE_BODY_STYLE","VEHICLE_MAKE","Vehicle Type Desc","SEX","AGE","Age Group","Road User Type Desc"
"T20190022775","16/11/19",09:40:00,"Collision with a fixed object","Saturday","Day",1,1,"T intersection",3,50,"A",2018,"SEDAN","MAZDA","Car","M",71,"70+","Drivers"
"T20190022776","16/11/19",08:03:00,"Collision with vehicle","Saturday","Day",2,2,"Cross intersection",3,60,"B",2008,"SED","TOYOTA","Car","M",21,"17-21","Drivers"
"T20190022777","16/11/19",10:45:00,"Collision with vehicle","Saturday","Day",2,2,"Not at intersection",3,60,"B",1998,"WAGON","MITSUB","Station Wagon","M",64,"60-64","Drivers"
"T20190022779","16/11/19",10:45:00,"Collision with vehicle","Saturday","Day",2,2,"Not at intersection",3,40,"B",2005,"SEDAN","MERC B","Car","F",54,"50-59","Drivers"
"T20190022785","16/11/19",13:15:00,"Collision with vehicle","Saturday","Day",2,2,"Not at intersection",3,60,"A",1999,"UTIL","FORD","Utility","M",65,"64-69","Drivers"
"T20190022785","16/11/19",13:15:00,"Collision with vehicle","Saturday","Day",2,2,"Not at intersection",3,60,"B",2016,"WAGON","TOYOTA","Station Wagon","F",48,"40-49","Drivers"
"T20190022786","16/11/19",13:35:00,"Collision with vehicle","Saturday","Day",2,3,"Cross intersection",3,50,"A",2013,"SEDAN","MERC B","Car","M",66,"64-69","Drivers"
"T20190022786","16/11/19",13:35:00,"Collision with vehicle","Saturday","Day",2,3,"Cross intersection",3,50,"B",2000,"SEDAN","JAGUAR","Car","F",45,"40-49","Drivers"
"T20190022791","16/11/19",13:37:00,"Collision with a fixed object","Saturday","Day",1,1,"Not at intersection",3,60,"A",2003,"SEDAN","NISSAN","Car","F",66,"64-69","Drivers"
"T20190022796","16/11/19",12:00:00,"Collision with vehicle","Saturday","Day",2,2,"T intersection",3,60,"A",2008,"SEDAN","TOYOTA","Car","F",57,"50-59","Drivers"
"T20190022796","16/11/19",12:00:00,"Collision with vehicle","Saturday","Day",2,2,"T intersection",3,60,"B",2004,"UTIL","HOLDEN","Utility","M",37,"30-39","Drivers"
"T20190022809","16/11/19",15:30:00,"Collision with vehicle","Saturday","Day",2,2,"T intersection",3,50,"B",2011,"UTIL","HOLDEN","Utility","M",20,"17-21","Drivers"
"T20190022813","16/11/19",14:05:00,"Collision with vehicle","Saturday","Day",3,3,"T intersection",3,50,"A",2017,"SEDAN","TOYOTA","Car","F",44,"40-49","Drivers"
"T20190022813","16/11/19",14:05:00,"Collision with vehicle","Saturday","Day",3,3,"T intersection",3,50,"B",2008,"S WAG","FORD","Station Wagon","M",44,"40-49","Drivers"
"T20190022813","16/11/19",14:05:00,"Collision with vehicle","Saturday","Day",3,3,"T intersection",3,50,"C",2006,"VAN","TOYOTA","Panel Van","M",28,"26-29","Drivers"
"T20190022817","16/11/19",16:05:00,"Collision with vehicle","Saturday","Day",2,5,"Not at intersection",3,70,"A",2005,"SEDAN","HOLDEN","Car","M",35,"30-39","Drivers"
"T20190022817","16/11/19",16:05:00,"Collision with vehicle","Saturday","Day",2,5,"Not at intersection",3,70,"B",2017,"SEDAN","VOLKS","Car","M",28,"26-29","Drivers"
"T20190022818","16/11/19",21:11:00,"Collision with a fixed object","Saturday","Dark No street lights",1,1,"Not at intersection",3,50,"A",2017,"UTIL","TOYOTA","Utility","M",36,"30-39","Drivers"
"T20190022821","8/11/19",14:15:00,"Collision with vehicle","Friday","Day",2,2,"Not at intersection",3,60,"A",2014,"SEDAN","SUZUKI","Car","F",38,"30-39","Drivers"
"T20190022821","8/11/19",14:15:00,"Collision with vehicle","Friday","Day",2,2,"Not at intersection",3,60,"B",2007,"P MVR","KENWTH","Prime Mover - Single Trailer","M",36,"30-39","Drivers"
"T20190022823","16/11/19",20:20:00,"Struck Pedestrian","Saturday","Dark Street lights on",1,3,"T intersection",3,60,"A",2018,"SEDAN","KIA","Car","M",19,"17-21","Drivers"
"T20190022824","17/11/19",01:15:00,"Collision with vehicle","Sunday","Dark Street lights on",3,3,"Not at intersection",3,60,"A",2012,"SEDAN","HOLDEN","Car","M",22,"22-25","Drivers"
"T20190022824","17/11/19",01:15:00,"Collision with vehicle","Sunday","Dark Street lights on",3,3,"Not at intersection",3,60,"B",2010,"SEDAN","HOLDEN","Car","M",24,"22-25","Drivers"
"T20190022824","17/11/19",01:15:00,"Collision with vehicle","Sunday","Dark Street lights on",3,3,"Not at intersection",3,60,"C",2008,"WAGON","TOYOTA","Car","F",29,"26-29","Drivers"
"T20190022825","17/11/19",02:10:00,"Collision with vehicle","Sunday","Dark Street lights on",2,4,"Cross intersection",3,60,"A",2006,"SED","MAZDA","Car","M",30,"30-39","Drivers"
"T20190022825","17/11/19",02:10:00,"Collision with vehicle","Sunday","Dark Street lights on",2,4,"Cross intersection",3,60,"B",2013,"SEDAN","TOYOTA","Car","M",25,"22-25","Drivers"
"T20190022826","16/11/19",01:34:00,"Struck Pedestrian","Saturday","Dark Street lights on",1,3,"T intersection",3,60,"A",1991,"SEDAN","TOYOTA","Car","M",28,"26-29","Drivers"
"T20190022828","16/11/19",09:30:00,"Other accident","Saturday","Day",1,1,"Not at intersection",3,999,"A",2004,"DC UTE","NISSAN","Utility","F",50,"50-59","Drivers"
"T20190022833","16/11/19",12:04:00,"Collision with vehicle","Saturday","Day",2,2,"Cross intersection",3,60,"A",2014,"WAGON","TOYOTA","Station Wagon","F",42,"40-49","Drivers"
"T20190022842","16/11/19",18:09:00,"Collision with a fixed object","Saturday","Day",1,1,"Not at intersection",3,80,"A",2014,"SEDAN","HOLDEN","Car","F",24,"22-25","Drivers"
"T20190022844","17/11/19",12:40:00,"Collision with vehicle","Sunday","Day",2,1,"Not at intersection",3,50,"A",2015,"SEDAN","B M W","Car","F",33,"30-39","Drivers"
"T20190022845","17/11/19",13:03:00,"Collision with vehicle","Sunday","Day",2,2,"Not at intersection",3,60,"A",2012,"SEDAN","HOLDEN","Car","F",33,"30-39","Drivers"
"T20190022846","17/11/19",10:40:00,"Collision with a fixed object","Sunday","Day",1,1,"Not at intersection",3,100,"A",2006,"SEDAN","MAZDA","Car","F",20,"17-21","Drivers"
"T20190022847","17/11/19",13:40:00,"Collision with vehicle","Sunday","Day",3,5,"Not at intersection",3,40,"A",2009,"SEDAN","HOLDEN","Car","M",54,"50-59","Drivers"
"T20190022847","17/11/19",13:40:00,"Collision with vehicle","Sunday","Day",3,5,"Not at intersection",3,40,"B",2016,"DC UTE","VOLKS","Utility","M",47,"40-49","Drivers"
"T20190022848","17/11/19",12:00:00,"Collision with vehicle","Sunday","Day",2,5,"Cross intersection",3,50,"A",2010,"WAGON","SUBARU","Station Wagon","F",68,"64-69","Drivers"
"T20190022848","17/11/19",12:00:00,"Collision with vehicle","Sunday","Day",2,5,"Cross intersection",3,50,"B",2007,"SED","TOYOTA","Car","F",50,"50-59","Drivers"
"T20190022850","14/11/19",12:22:00,"Collision with vehicle","Thursday","Day",3,3,"Not at intersection",3,50,"A",2010,"VAN","HYNDAI","Panel Van","M",39,"30-39","Drivers"
"T20190022850","14/11/19",12:22:00,"Collision with vehicle","Thursday","Day",3,3,"Not at intersection",3,50,"B",2013,"SEDAN","MERC B","Car","F",25,"22-25","Drivers"
"T20190022850","14/11/19",12:22:00,"Collision with vehicle","Thursday","Day",3,3,"Not at intersection",3,50,"C",2014,"SED","TOYOTA","Taxi","M",43,"40-49","Drivers"
"T20190022851","17/11/19",09:00:00,"Collision with vehicle","Sunday","Day",2,4,"Multiple intersection",3,60,"A",2010,"DC UTE","TOYOTA","Utility","F",24,"22-25","Drivers"
"T20190022851","17/11/19",09:00:00,"Collision with vehicle","Sunday","Day",2,4,"Multiple intersection",3,60,"B",2018,"WAGON","R ROV","Station Wagon","M",59,"50-59","Drivers"
"T20190022852","17/11/19",13:45:00,"Collision with vehicle","Sunday","Day",3,5,"Cross intersection",3,50,"A",2018,"WAGON","TOYOTA","Station Wagon","F",35,"30-39","Drivers"
"T20190022852","17/11/19",13:45:00,"Collision with vehicle","Sunday","Day",3,5,"Cross intersection",3,50,"B",2010,"SEDAN","FORD","Car","F",68,"64-69","Drivers"
"T20190022852","17/11/19",13:45:00,"Collision with vehicle","Sunday","Day",3,5,"Cross intersection",3,50,"C",2019,"COUPE","B M W","Car","M",48,"40-49","Drivers"
"T20190022853","17/11/19",13:25:00,"Struck Pedestrian","Sunday","Day",1,2,"Not at intersection",3,60,"A",2013,"SEDAN","MAZDA","Car","F",68,"64-69","Drivers"
"T20190022854","17/11/19",07:50:00,"Collision with vehicle","Sunday","Day",2,2,"Cross intersection",3,60,"A",2014,"WAGON","KIA","Station Wagon","F",41,"40-49","Drivers"
"T20190022854","17/11/19",07:50:00,"Collision with vehicle","Sunday","Day",2,2,"Cross intersection",3,60,"B",2017,"SEDAN","TOYOTA","Car","M",36,"30-39","Drivers"
"T20190022858","17/11/19",12:28:00,"Collision with vehicle","Sunday","Day",2,2,"Not at intersection",3,80,"A",2001,"SEDAN","FORD","Car","F",56,"50-59","Drivers"
"T20190022858","17/11/19",12:28:00,"Collision with vehicle","Sunday","Day",2,2,"Not at intersection",3,80,"B",0,"SED","MITSUB","Car","M",20,"17-21","Drivers"
"T20190022859","17/11/19",12:45:00,"Struck Pedestrian","Sunday","Day",1,3,"Not at intersection",3,70,"A",2015,"DC UTE","NISSAN","Utility","M",54,"50-59","Drivers"
"T20190022861","17/11/19",16:10:00,"Collision with vehicle","Sunday","Day",2,5,"Unknown",3,60,"A",2011,"VAN","TOYOTA","Panel Van","M",50,"50-59","Drivers"
"T20190022861","17/11/19",16:10:00,"Collision with vehicle","Sunday","Day",2,5,"Unknown",3,60,"B",2015,"WAGON","MAZDA","Station Wagon","F",33,"30-39","Drivers"
"T20190022862","8/11/19",17:30:00,"Collision with vehicle","Friday","Day",2,2,"Not at intersection",3,60,"A",2016,"SEDAN","SUZUKI","Car","F",51,"50-59","Drivers"
"T20190022862","8/11/19",17:30:00,"Collision with vehicle","Friday","Day",2,2,"Not at intersection",3,60,"B",2008,"SEDAN","MAZDA","Car","F",35,"30-39","Drivers"
"T20190022863","17/11/19",15:10:00,"Collision with vehicle","Sunday","Day",2,5,"Not at intersection",3,80,"A",2013,"SEDAN","TOYOTA","Car","M",25,"22-25","Drivers"
"T20190022863","17/11/19",15:10:00,"Collision with vehicle","Sunday","Day",2,5,"Not at intersection",3,80,"B",0,"SEDAN","TOYOTA","Car","U",NA,"unknown","Drivers"
"T20190022864","17/11/19",01:45:00,"Collision with a fixed object","Sunday","Dark No street lights",1,3,"Not at intersection",3,100,"A",0,"DC UTE","TOYOTA","Utility","F",19,"17-21","Drivers"
"T20190022867","17/11/19",14:55:00,"Collision with a fixed object","Sunday","Day",1,1,"Not at intersection",3,100,"A",2006,"SEDAN","HOLDEN","Car","M",41,"40-49","Drivers"
"T20190022868","16/11/19",08:45:00,"Vehicle overturned (no collision)","Saturday","Day",2,2,"Not at intersection",3,60,"B",0,"SEDAN","HYNDAI","Car","U",NA,"unknown","Drivers"
"T20190022870","11/11/19",20:00:00,"Collision with vehicle","Monday","Dark Street lights unknown",2,2,"T intersection",3,40,"A",2003,"SEDAN","HOLDEN","Car","F",25,"22-25","Drivers"
"T20190022871","17/11/19",15:50:00,"Collision with vehicle","Sunday","Day",2,4,"Not at intersection",3,60,"A",2018,"WAGON","MAZDA","Station Wagon","F",37,"30-39","Drivers"
"T20190022872","17/11/19",15:15:00,"Collision with vehicle","Sunday","Day",2,2,"T intersection",3,100,"A",1997,"TIPPER","FORD","Light Commercial Vehicle (Rigid) <= 4.5 Tonnes GVM","M",58,"50-59","Drivers"
"T20190022873","17/11/19",18:05:00,"Collision with vehicle","Sunday","Day",3,3,"Not at intersection",3,60,"A",1999,"WAGON","MITSUB","Station Wagon","M",25,"22-25","Drivers"
"T20190022873","17/11/19",18:05:00,"Collision with vehicle","Sunday","Day",3,3,"Not at intersection",3,60,"B",2015,"SEDAN","VOLKS","Car","U",NA,"unknown","Drivers"
"T20190022873","17/11/19",18:05:00,"Collision with vehicle","Sunday","Day",3,3,"Not at intersection",3,60,"C",2002,"SEDAN","TOYOTA","Car","U",NA,"unknown","Drivers"
"T20190022881","17/11/19",10:30:00,"Collision with vehicle","Sunday","Unknown",2,2,"Cross intersection",3,40,"A",2015,"SEDAN","MERC B","Car","M",51,"50-59","Drivers"
"T20190022882","30/10/19",17:30:00,"Collision with vehicle","Wednesday","Day",3,5,"Not at intersection",3,100,"A",2019,"WAGON","HYNDAI","Station Wagon","M",49,"40-49","Drivers"
"T20190022882","30/10/19",17:30:00,"Collision with vehicle","Wednesday","Day",3,5,"Not at intersection",3,100,"B",2016,"WAGON","NISSAN","Station Wagon","M",57,"50-59","Drivers"
"T20190022882","30/10/19",17:30:00,"Collision with vehicle","Wednesday","Day",3,5,"Not at intersection",3,100,"C",2011,"WAGON","MITSUB","Station Wagon","F",38,"30-39","Drivers"
"T20190022886","18/11/19",03:18:00,"Collision with vehicle","Monday","Dark No street lights",2,3,"Not at intersection",1,100,"A",2015,"SEDAN","HOLDEN","Car","M",17,"16-17","Drivers"
"T20190022886","18/11/19",03:18:00,"Collision with vehicle","Monday","Dark No street lights",2,3,"Not at intersection",1,100,"B",2015,"WAGON","FORD","Station Wagon","M",79,"70+","Drivers"
"T20190022892","18/11/19",09:15:00,"Collision with vehicle","Monday","Day",2,2,"T intersection",2,40,"A",2007,"WAGON","FORD","Station Wagon","F",69,"64-69","Drivers"
"T20190022893","18/11/19",08:40:00,"Collision with vehicle","Monday","Day",2,2,"Not at intersection",3,40,"A",2010,"S WAG","AUDI","Station Wagon","F",54,"50-59","Drivers"
"T20190022894","18/11/19",06:30:00,"Collision with vehicle","Monday","Day",2,2,"Not at intersection",3,80,"A",2008,"TRAY","FORD","Light Commercial Vehicle (Rigid) <= 4.5 Tonnes GVM","M",36,"30-39","Drivers"
"T20190022894","18/11/19",06:30:00,"Collision with vehicle","Monday","Day",2,2,"Not at intersection",3,80,"B",2016,"DC UTE","FORD","Utility","M",67,"64-69","Drivers"
"T20190022896","14/11/19",15:20:00,"Collision with vehicle","Thursday","Day",3,2,"T intersection",3,50,"A",2016,"SEDAN","MERC B","Car","F",58,"50-59","Drivers"
"T20190022896","14/11/19",15:20:00,"Collision with vehicle","Thursday","Day",3,2,"T intersection",3,50,"B",2014,"SEDAN","VOLKS","Car","F",47,"40-49","Drivers"
"T20190022900","18/11/19",08:40:00,"Collision with vehicle","Monday","Day",2,2,"T intersection",3,40,"A",2019,"SEDAN","HYNDAI","Car","F",37,"30-39","Drivers"
"T20190022900","18/11/19",08:40:00,"Collision with vehicle","Monday","Day",2,2,"T intersection",3,40,"B",2008,"SEDAN","HONDA","Car","F",34,"30-39","Drivers"
"T20190022903","18/11/19",09:59:00,"Collision with vehicle","Monday","Day",3,2,"T intersection",3,80,"A",2019,"COUPE","B M W","Car","M",51,"50-59","Drivers"
"T20190022903","18/11/19",09:59:00,"Collision with vehicle","Monday","Day",3,2,"T intersection",3,80,"B",2007,"SEDAN","HOLDEN","Car","F",27,"26-29","Drivers"
"T20190022904","11/11/19",13:00:00,"Collision with vehicle","Monday","Day",2,2,"Not at intersection",3,60,"B",2016,"SED","HOLDEN","Car","F",38,"30-39","Drivers"
"T20190022907","4/11/19",17:10:00,"Collision with vehicle","Monday","Day",2,2,"T intersection",3,100,"A",2003,"SEDAN","FORD","Car","M",21,"17-21","Drivers"
"T20190022907","4/11/19",17:10:00,"Collision with vehicle","Monday","Day",2,2,"T intersection",3,100,"B",2006,"TRAY","TOYOTA","Light Commercial Vehicle (Rigid) <= 4.5 Tonnes GVM","M",24,"22-25","Drivers"
"T20190022908","19/10/19",15:20:00,"Collision with vehicle","Saturday","Day",2,2,"Not at intersection",3,60,"A",2010,"WAGON","HONDA","Station Wagon","F",40,"40-49","Drivers"
"T20190022908","19/10/19",15:20:00,"Collision with vehicle","Saturday","Day",2,2,"Not at intersection",3,60,"B",2018,"WAGON","SUZUKI","Station Wagon","M",20,"17-21","Drivers"
"T20190022909","18/11/19",12:23:00,"Struck Pedestrian","Monday","Day",1,2,"Cross intersection",3,50,"A",2012,"WAGON","HONDA","Station Wagon","M",35,"30-39","Drivers"
"T20190022910","18/11/19",11:16:00,"Vehicle overturned (no collision)","Monday","Day",1,2,"Not at intersection",3,100,"A",2011,"UTIL","FORD","Utility","M",67,"64-69","Drivers"
"T20190022912","15/7/19",17:20:00,"Struck animal","Monday","Day",1,1,"Not at intersection",3,999,"A",2014,"SEDAN","MERC B","Car","M",39,"30-39","Drivers"
"T20190022913","26/9/19",10:30:00,"Collision with vehicle","Thursday","Day",2,2,"Not at intersection",3,80,"A",2013,"SEDAN","TOYOTA","Car","M",64,"60-64","Drivers"
"T20190022913","26/9/19",10:30:00,"Collision with vehicle","Thursday","Day",2,2,"Not at intersection",3,80,"B",2002,"DC UTE","TOYOTA","Utility","M",33,"30-39","Drivers"
"T20190022914","28/7/19",06:42:00,"Collision with vehicle","Sunday","Dark Street lights on",2,1,"Not at intersection",3,50,"A",2015,"SEDAN","NISSAN","Car","F",20,"17-21","Drivers"
"T20190022915","18/11/19",08:03:00,"Collision with vehicle","Monday","Day",3,3,"Not at intersection",3,70,"A",2019,"SEDAN","HONDA","Car","M",45,"40-49","Drivers"
"T20190022915","18/11/19",08:03:00,"Collision with vehicle","Monday","Day",3,3,"Not at intersection",3,70,"B",2001,"SEDAN","VOLKS","Car","F",23,"22-25","Drivers"
"T20190022915","18/11/19",08:03:00,"Collision with vehicle","Monday","Day",3,3,"Not at intersection",3,70,"C",2014,"SEDAN","MERC B","Car","M",41,"40-49","Drivers"
"T20190022917","18/11/19",11:30:00,"Collision with vehicle","Monday","Day",2,3,"Cross intersection",3,70,"A",0,"SEDAN","HOLDEN","Car","M",80,"70+","Drivers"
"T20190022917","18/11/19",11:30:00,"Collision with vehicle","Monday","Day",2,3,"Cross intersection",3,70,"B",2013,"COUPE","HYNDAI","Car","F",58,"50-59","Drivers"
"T20190022919","15/11/19",17:00:00,"Collision with vehicle","Friday","Day",2,3,"Cross intersection",3,60,"A",2003,"WAGON","TOYOTA","Station Wagon","M",34,"30-39","Drivers"
"T20190022919","15/11/19",17:00:00,"Collision with vehicle","Friday","Day",2,3,"Cross intersection",3,60,"B",2002,"SEDAN","FORD","Car","F",23,"22-25","Drivers"
"T20190022921","15/11/19",21:58:00,"Collision with vehicle","Friday","Dark Street lights on",2,3,"Cross intersection",3,60,"A",2003,"SED","HONDA","Car","M",30,"30-39","Drivers"
"T20190022921","15/11/19",21:58:00,"Collision with vehicle","Friday","Dark Street lights on",2,3,"Cross intersection",3,60,"B",2015,"SEDAN","VOLKS","Car","F",58,"50-59","Drivers"
"T20190022922","18/11/19",08:35:00,"Collision with vehicle","Monday","Day",2,2,"Cross intersection",3,80,"A",2011,"SEDAN","TOYOTA","Car","M",52,"50-59","Drivers"
"T20190022922","18/11/19",08:35:00,"Collision with vehicle","Monday","Day",2,2,"Cross intersection",3,80,"B",2013,"WAGON","PORSCH","Station Wagon","F",62,"60-64","Drivers"
"T20190022925","15/11/19",02:55:00,"Collision with a fixed object","Friday","Dark Street lights on",1,1,"T intersection",2,60,"A",2005,"SEDAN","MAZDA","Car","M",39,"30-39","Drivers"
"T20190022927","18/11/19",07:38:00,"Collision with a fixed object","Monday","Dusk/Dawn",1,1,"Not at intersection",3,100,"A",2006,"WAGON","TOYOTA","Station Wagon","F",49,"40-49","Drivers"
"T20190022928","18/11/19",13:25:00,"Collision with vehicle","Monday","Day",2,3,"T intersection",3,60,"A",2017,"DC UTE","FORD","Utility","M",35,"30-39","Drivers"
"T20190022928","18/11/19",13:25:00,"Collision with vehicle","Monday","Day",2,3,"T intersection",3,60,"B",2005,"SEDAN","MAZDA","Car","M",66,"64-69","Drivers"
"T20190022929","24/10/19",17:45:00,"Collision with vehicle","Thursday","Unknown",3,2,"T intersection",3,999,"A",2005,"SEDAN","VOLKS","Car","M",83,"70+","Drivers"
"T20190022932","18/11/19",11:46:00,"Collision with vehicle","Monday","Day",2,3,"Not at intersection",3,100,"A",2006,"SEDAN","TOYOTA","Car","M",18,"17-21","Drivers"
"T20190022932","18/11/19",11:46:00,"Collision with vehicle","Monday","Day",2,3,"Not at intersection",3,100,"B",2007,"C MIX","STERLI","Heavy Vehicle (Rigid) > 4.5 Tonnes","M",62,"60-64","Drivers"
"T20190022933","9/9/19",14:35:00,"Collision with vehicle","Monday","Day",2,2,"Not at intersection",3,80,"A",2016,"SEDAN","SUZUKI","Car","M",30,"30-39","Drivers"
"T20190022933","9/9/19",14:35:00,"Collision with vehicle","Monday","Day",2,2,"Not at intersection",3,80,"B",2007,"DC UTE","TOYOTA","Utility","M",35,"30-39","Drivers"
"T20190022936","18/11/19",16:00:00,"Collision with vehicle","Monday","Day",2,2,"Not at intersection",3,60,"A",2005,"SEDAN","VOLKS","Car","F",48,"40-49","Drivers"
"T20190022936","18/11/19",16:00:00,"Collision with vehicle","Monday","Day",2,2,"Not at intersection",3,60,"B",2016,"WAGON","MERC B","Station Wagon","F",30,"30-39","Drivers"
"T20190022937","18/11/19",13:43:00,"Collision with vehicle","Monday","Day",4,4,"Cross intersection",3,80,"A",2009,"WAGON","MAZDA","Station Wagon","U",NA,"unknown","Drivers"
"T20190022937","18/11/19",13:43:00,"Collision with vehicle","Monday","Day",4,4,"Cross intersection",3,80,"B",2018,"WAGON","TOYOTA","Station Wagon","F",48,"40-49","Drivers"
"T20190022937","18/11/19",13:43:00,"Collision with vehicle","Monday","Day",4,4,"Cross intersection",3,80,"C",2013,"SEDAN","HOLDEN","Car","F",19,"17-21","Drivers"
"T20190022937","18/11/19",13:43:00,"Collision with vehicle","Monday","Day",4,4,"Cross intersection",3,80,"D",2014,"UTIL","ISUZU","Utility","M",56,"50-59","Drivers"
"T20190022939","17/10/19",08:30:00,"Collision with vehicle","Thursday","Day",3,4,"Not at intersection",3,80,"A",2008,"WAGON","NISSAN","Station Wagon","F",21,"17-21","Drivers"
"T20190022939","17/10/19",08:30:00,"Collision with vehicle","Thursday","Day",3,4,"Not at intersection",3,80,"B",1992,"SEDAN","TOYOTA","Car","M",87,"70+","Drivers"
"T20190022939","17/10/19",08:30:00,"Collision with vehicle","Thursday","Day",3,4,"Not at intersection",3,80,"C",2019,"WAGON","KIA","Station Wagon","M",33,"30-39","Drivers"
"T20190022940","18/11/19",14:15:00,"Collision with vehicle","Monday","Day",3,3,"T intersection",3,80,"A",2019,"SEDAN","KIA","Car","M",29,"26-29","Drivers"
"T20190022940","18/11/19",14:15:00,"Collision with vehicle","Monday","Day",3,3,"T intersection",3,80,"B",2016,"DC UTE","NISSAN","Utility","M",54,"50-59","Drivers"
"T20190022940","18/11/19",14:15:00,"Collision with vehicle","Monday","Day",3,3,"T intersection",3,80,"C",2009,"SEDAN","TOYOTA","Car","M",40,"40-49","Drivers"
"T20190022941","18/11/19",15:00:00,"Collision with vehicle","Monday","Day",2,2,"Cross intersection",3,50,"A",2012,"SEDAN","HYNDAI","Car","F",43,"40-49","Drivers"
"T20190022941","18/11/19",15:00:00,"Collision with vehicle","Monday","Day",2,2,"Cross intersection",3,50,"B",2008,"SEDAN","TOYOTA","Car","F",35,"30-39","Drivers"
"T20190022942","21/1/19",13:00:00,"Collision with vehicle","Monday","Day",2,2,"T intersection",3,999,"A",2014,"VAN","TOYOTA","Panel Van","M",42,"40-49","Drivers"
"T20190022942","21/1/19",13:00:00,"Collision with vehicle","Monday","Day",2,2,"T intersection",3,999,"B",2012,"DC UTE","FORD","Utility","M",21,"17-21","Drivers"
"T20190022944","18/11/19",16:36:00,"Collision with vehicle","Monday","Day",2,2,"T intersection",3,60,"A",2010,"TRAY","ISUZU","Light Commercial Vehicle (Rigid) <= 4.5 Tonnes GVM","M",45,"40-49","Drivers"
"T20190022946","18/11/19",16:15:00,"Collision with vehicle","Monday","Day",2,1,"Not at intersection",3,50,"A",2002,"SEDAN","NISSAN","Car","F",42,"40-49","Drivers"
"T20190022947","16/10/19",20:10:00,"Collision with vehicle","Wednesday","Dark Street lights on",2,5,"Cross intersection",3,60,"A",2018,"WAGON","JEEP","Station Wagon","F",28,"26-29","Drivers"
"T20190022947","16/10/19",20:10:00,"Collision with vehicle","Wednesday","Dark Street lights on",2,5,"Cross intersection",3,60,"B",2011,"WAGON","HOLDEN","Station Wagon","M",45,"40-49","Drivers"
"T20190022948","18/11/19",16:00:00,"Collision with vehicle","Monday","Day",2,3,"T intersection",3,100,"A",0,"SED","FORD","Car","F",68,"64-69","Drivers"
"T20190022948","18/11/19",16:00:00,"Collision with vehicle","Monday","Day",2,3,"T intersection",3,100,"B",0,"SED","KIA","Car","F",30,"30-39","Drivers"
"T20190022949","18/11/19",16:37:00,"Collision with vehicle","Monday","Day",3,3,"Cross intersection",3,50,"A",2017,"UTIL","NISSAN","Utility","M",43,"40-49","Drivers"
"T20190022949","18/11/19",16:37:00,"Collision with vehicle","Monday","Day",3,3,"Cross intersection",3,50,"B",2011,"SEDAN","HOLDEN","Car","F",36,"30-39","Drivers"
"T20190022949","18/11/19",16:37:00,"Collision with vehicle","Monday","Day",3,3,"Cross intersection",3,50,"C",2010,"SEDAN","TOYOTA","Car","F",57,"50-59","Drivers"
"T20190022950","18/11/19",17:40:00,"Collision with vehicle","Monday","Day",2,2,"Not at intersection",3,60,"A",1998,"SEDAN","VOLKS","Car","M",40,"40-49","Drivers"
"T20190022952","18/11/19",16:50:00,"Collision with vehicle","Monday","Day",2,3,"Not at intersection",3,60,"A",2016,"WAGON","MITSUB","Station Wagon","M",65,"64-69","Drivers"
"T20190022955","18/11/19",17:41:00,"Collision with vehicle","Monday","Day",2,2,"Not at intersection",3,50,"A",1999,"SEDAN","SUBARU","Car","M",18,"17-21","Drivers"
"T20190022957","17/11/19",14:22:00,"Struck Pedestrian","Sunday","Day",1,3,"Not at intersection",3,999,"A",2017,"SED","KIA","Car","M",28,"26-29","Drivers"
"T20190022958","18/11/19",16:30:00,"Fall from or in moving vehicle","Monday","Day",1,2,"Not at intersection",3,888,"A",2019,"SEDAN","TOYOTA","Taxi","M",27,"26-29","Drivers"
"T20190022959","18/11/19",17:30:00,"Collision with vehicle","Monday","Day",4,4,"Not at intersection",3,70,"A",2016,"WAGON","NISSAN","Station Wagon","F",36,"30-39","Drivers"
"T20190022959","18/11/19",17:30:00,"Collision with vehicle","Monday","Day",4,4,"Not at intersection",3,70,"B",2001,"SEDAN","MAZDA","Car","F",24,"22-25","Drivers"
"T20190022959","18/11/19",17:30:00,"Collision with vehicle","Monday","Day",4,4,"Not at intersection",3,70,"C",2011,"SEDAN","NISSAN","Car","F",28,"26-29","Drivers"
"T20190022959","18/11/19",17:30:00,"Collision with vehicle","Monday","Day",4,4,"Not at intersection",3,70,"D",2010,"UTIL","FORD","Utility","M",48,"40-49","Drivers"
"T20190022961","18/11/19",19:15:00,"Collision with a fixed object","Monday","Day",1,2,"T intersection",3,60,"A",2008,"SEDAN","HOLDEN","Car","F",18,"17-21","Drivers"
"T20190022964","18/11/19",19:45:00,"Collision with vehicle","Monday","Dusk/Dawn",2,2,"Not at intersection",3,80,"A",2018,"SEDAN","HYNDAI","Car","F",20,"17-21","Drivers"
"T20190022964","18/11/19",19:45:00,"Collision with vehicle","Monday","Dusk/Dawn",2,2,"Not at intersection",3,80,"B",2005,"DC UTE","HOLDEN","Utility","M",23,"22-25","Drivers"