"ACCIDENT_NO","ACCIDENTDATE","ACCIDENTTIME","Accident Type Desc","Day Week Description","Light Condition Desc","NO_OF_VEHICLES","NO_PERSONS","Road Geometry Desc","SEVERITY","SPEED_ZONE","VEHICLE_ID","VEHICLE_YEAR_MANUF","VEHICLE_BODY_STYLE","VEHICLE_MAKE","Vehicle Type Desc","SEX","AGE","Age Group","Road User Type Desc"
"T20190022966","18/11/19",16:30:00,"Collision with vehicle","Monday","Day",2,2,"Cross intersection",3,60,"A",2016,"UTIL","TOYOTA","Utility","M",35,"30-39","Drivers"
"T20190022966","18/11/19",16:30:00,"Collision with vehicle","Monday","Day",2,2,"Cross intersection",3,60,"B",2015,"SEDAN","SUZUKI","Car","F",33,"30-39","Drivers"
"T20190022970","5/11/19",06:40:00,"Collision with vehicle","Tuesday","Dusk/Dawn",2,2,"Not at intersection",3,60,"A",2003,"SEDAN","TOYOTA","Car","M",21,"17-21","Drivers"
"T20190022970","5/11/19",06:40:00,"Collision with vehicle","Tuesday","Dusk/Dawn",2,2,"Not at intersection",3,60,"B",2019,"WAGON","HYNDAI","Station Wagon","F",21,"17-21","Drivers"
"T20190022971","18/11/19",16:35:00,"Collision with vehicle","Monday","Day",2,2,"Not at intersection",3,60,"B",2002,"SEDAN","TOYOTA","Car","M",25,"22-25","Drivers"
"T20190022972","18/11/19",17:10:00,"Collision with vehicle","Monday","Day",3,2,"Not at intersection",3,50,"A",2006,"SEDAN","MAZDA","Car","F",46,"40-49","Drivers"
"T20190022972","18/11/19",17:10:00,"Collision with vehicle","Monday","Day",3,2,"Not at intersection",3,50,"B",2009,"SEDAN","MAZDA","Car","F",65,"64-69","Drivers"
"T20190022973","18/11/19",15:54:00,"Collision with vehicle","Monday","Day",3,3,"Not at intersection",3,70,"A",2003,"SEDAN","MERC B","Car","M",74,"70+","Drivers"
"T20190022973","18/11/19",15:54:00,"Collision with vehicle","Monday","Day",3,3,"Not at intersection",3,70,"B",2011,"SEDAN","TOYOTA","Car","F",49,"40-49","Drivers"
"T20190022973","18/11/19",15:54:00,"Collision with vehicle","Monday","Day",3,3,"Not at intersection",3,70,"C",2010,"WAGON","FORD","Station Wagon","F",38,"30-39","Drivers"
"T20190022976","18/11/19",18:38:00,"Collision with vehicle","Monday","Day",2,3,"Not at intersection",2,70,"A",2000,"WAGON","TOYOTA","Station Wagon","F",38,"30-39","Drivers"
"T20190022976","18/11/19",18:38:00,"Collision with vehicle","Monday","Day",2,3,"Not at intersection",2,70,"B",2010,"SEDAN","MAZDA","Car","M",20,"17-21","Drivers"
"T20190022977","18/11/19",16:23:00,"Collision with a fixed object","Monday","Day",1,1,"Not at intersection",3,50,"A",2009,"WAGON","VOLKS","Station Wagon","M",40,"40-49","Drivers"
"T20190022981","11/11/19",22:00:00,"Collision with vehicle","Monday","Dark Street lights on",2,3,"Cross intersection",3,999,"A",2004,"SED","HYNDAI","Car","F",32,"30-39","Drivers"
"T20190022981","11/11/19",22:00:00,"Collision with vehicle","Monday","Dark Street lights on",2,3,"Cross intersection",3,999,"B",2018,"SEDAN","MERC B","Car","F",34,"30-39","Drivers"
"T20190022982","18/11/19",17:25:00,"Collision with vehicle","Monday","Day",2,2,"Cross intersection",3,80,"A",2001,"TRAY","NISSAN","Utility","M",83,"70+","Drivers"
"T20190022982","18/11/19",17:25:00,"Collision with vehicle","Monday","Day",2,2,"Cross intersection",3,80,"B",2012,"P MVR","KENWTH","Prime Mover B-Triple","M",32,"30-39","Drivers"
"T20190022983","18/11/19",19:00:00,"Collision with a fixed object","Monday","Dusk/Dawn",1,1,"Not at intersection",3,50,"A",2008,"UTIL","HOLDEN","Utility","F",18,"17-21","Drivers"
"T20190022984","18/11/19",20:00:00,"Collision with vehicle","Monday","Dusk/Dawn",2,2,"Not at intersection",3,80,"A",2015,"SEDAN","TOYOTA","Taxi","M",34,"30-39","Drivers"
"T20190022992","18/11/19",22:25:00,"Collision with vehicle","Monday","Dark No street lights",2,2,"Not at intersection",1,100,"A",2002,"S WAG","SUBARU","Station Wagon","M",47,"40-49","Drivers"
"T20190022993","13/11/19",20:45:00,"Collision with vehicle","Wednesday","Dark Street lights on",2,4,"Cross intersection",3,60,"A",2018,"S WAG","MAZDA","Station Wagon","M",31,"30-39","Drivers"
"T20190022993","13/11/19",20:45:00,"Collision with vehicle","Wednesday","Dark Street lights on",2,4,"Cross intersection",3,60,"B",1991,"S WAG","HOLDEN","Station Wagon","M",47,"40-49","Drivers"
"T20190022994","19/11/19",05:00:00,"Collision with vehicle","Tuesday","Dusk/Dawn",3,3,"T intersection",3,60,"A",2005,"SEDAN","TOYOTA","Car","F",40,"40-49","Drivers"
"T20190022994","19/11/19",05:00:00,"Collision with vehicle","Tuesday","Dusk/Dawn",3,3,"T intersection",3,60,"B",2013,"DC UTE","NISSAN","Utility","M",29,"26-29","Drivers"
"T20190022994","19/11/19",05:00:00,"Collision with vehicle","Tuesday","Dusk/Dawn",3,3,"T intersection",3,60,"C",2007,"TIPPER","VOLVO","Heavy Vehicle (Rigid) > 4.5 Tonnes","M",32,"30-39","Drivers"
"T20190022996","22/10/19",13:20:00,"Collision with vehicle","Tuesday","Day",2,2,"Not at intersection",3,100,"A",2000,"P MVR","VOLVO","Prime Mover - Single Trailer","M",54,"50-59","Drivers"
"T20190022996","22/10/19",13:20:00,"Collision with vehicle","Tuesday","Day",2,2,"Not at intersection",3,100,"B",2001,"SEDAN","HOLDEN","Car","M",49,"40-49","Drivers"
"T20190022997","19/11/19",06:45:00,"Struck animal","Tuesday","Day",2,2,"Not at intersection",3,100,"A",2014,"WAGON","KIA","Station Wagon","F",23,"22-25","Drivers"
"T20190022999","18/11/19",21:40:00,"Collision with a fixed object","Monday","Dark No street lights",1,1,"Not at intersection",2,100,"A",2003,"UTIL","FORD","Utility","M",68,"64-69","Drivers"
"T20190023000","19/11/19",08:15:00,"Collision with vehicle","Tuesday","Day",2,2,"T intersection",3,999,"A",2017,"SED","VOLKSW","Car","M",23,"22-25","Drivers"
"T20190023001","19/11/19",07:14:00,"Collision with vehicle","Tuesday","Dusk/Dawn",2,2,"Not at intersection",3,999,"A",2013,"TIPPER","ISUZU","Light Commercial Vehicle (Rigid) <= 4.5 Tonnes GVM","M",57,"50-59","Drivers"
"T20190023002","19/11/19",08:56:00,"Struck Pedestrian","Tuesday","Day",2,5,"Not at intersection",3,40,"A",2014,"WAGON","HOLDEN","Station Wagon","F",42,"40-49","Drivers"
"T20190023002","19/11/19",08:56:00,"Struck Pedestrian","Tuesday","Day",2,5,"Not at intersection",3,40,"B",2002,"SEDAN","TOYOTA","Car","F",47,"40-49","Drivers"
"T20190023004","18/11/19",17:30:00,"Collision with vehicle","Monday","Day",2,2,"Not at intersection",3,80,"A",2010,"DC UTE","TOYOTA","Utility","F",29,"26-29","Drivers"
"T20190023004","18/11/19",17:30:00,"Collision with vehicle","Monday","Day",2,2,"Not at intersection",3,80,"B",2015,"SEDAN","HYNDAI","Car","F",30,"30-39","Drivers"
"T20190023008","4/11/19",14:09:00,"Collision with vehicle","Monday","Day",2,2,"T intersection",3,80,"A",2014,"SEDAN","HONDA","Car","M",48,"40-49","Drivers"
"T20190023008","4/11/19",14:09:00,"Collision with vehicle","Monday","Day",2,2,"T intersection",3,80,"B",2018,"WAGON","HYNDAI","Station Wagon","F",42,"40-49","Drivers"
"T20190023009","19/11/19",09:40:00,"Collision with vehicle","Tuesday","Day",2,3,"Cross intersection",3,60,"A",2001,"SEDAN","SUBARU","Car","F",20,"17-21","Drivers"
"T20190023009","19/11/19",09:40:00,"Collision with vehicle","Tuesday","Day",2,3,"Cross intersection",3,60,"B",2013,"COUPE","TOYOTA","Car","M",56,"50-59","Drivers"
"T20190023013","19/11/19",11:15:00,"Collision with vehicle","Tuesday","Day",2,2,"Not at intersection",3,60,"A",2006,"SED","HOLDEN","Car","F",51,"50-59","Drivers"
"T20190023013","19/11/19",11:15:00,"Collision with vehicle","Tuesday","Day",2,2,"Not at intersection",3,60,"B",2016,"WAGON","FORD","Station Wagon","F",26,"26-29","Drivers"
"T20190023017","19/11/19",06:00:00,"Collision with vehicle","Tuesday","Dusk/Dawn",2,2,"T intersection",3,60,"A",2008,"SEDAN","KIA","Car","F",50,"50-59","Drivers"
"T20190023017","19/11/19",06:00:00,"Collision with vehicle","Tuesday","Dusk/Dawn",2,2,"T intersection",3,60,"B",2012,"DC UTE","TOYOTA","Utility","M",30,"30-39","Drivers"
"T20190023018","11/10/19",09:30:00,"Collision with vehicle","Friday","Unknown",2,2,"T intersection",3,999,"A",2008,"WAGON","FORD","Station Wagon","M",42,"40-49","Drivers"
"T20190023019","12/11/19",21:30:00,"Struck Pedestrian","Tuesday","Dark No street lights",1,2,"Not at intersection",2,60,"A",2001,"SEDAN","HOLDEN","Car","M",29,"26-29","Drivers"
"T20190023022","18/11/19",07:45:00,"Collision with vehicle","Monday","Day",2,2,"Y intersection",3,60,"A",2015,"WAGON","HONDA","Station Wagon","F",41,"40-49","Drivers"
"T20190023022","18/11/19",07:45:00,"Collision with vehicle","Monday","Day",2,2,"Y intersection",3,60,"B",2004,"WAGON","TOYOTA","Station Wagon","F",22,"22-25","Drivers"
"T20190023026","19/11/19",12:30:00,"Collision with vehicle","Tuesday","Day",2,2,"Cross intersection",3,60,"B",2009,"WAGON","HYNDAI","Station Wagon","F",77,"70+","Drivers"
"T20190023030","19/11/19",07:40:00,"Collision with vehicle","Tuesday","Day",3,3,"Not at intersection",3,60,"A",2018,"WAGON","HYNDAI","Station Wagon","F",22,"22-25","Drivers"
"T20190023030","19/11/19",07:40:00,"Collision with vehicle","Tuesday","Day",3,3,"Not at intersection",3,60,"B",2013,"WAGON","HYNDAI","Station Wagon","F",47,"40-49","Drivers"
"T20190023030","19/11/19",07:40:00,"Collision with vehicle","Tuesday","Day",3,3,"Not at intersection",3,60,"C",2009,"VAN","ISUZU","Heavy Vehicle (Rigid) > 4.5 Tonnes","M",23,"22-25","Drivers"
"T20190023033","19/11/19",13:00:00,"Collision with vehicle","Tuesday","Day",2,2,"Cross intersection",3,80,"A",2015,"COUPE","TOYOTA","Car","M",18,"17-21","Drivers"
"T20190023033","19/11/19",13:00:00,"Collision with vehicle","Tuesday","Day",2,2,"Cross intersection",3,80,"B",2000,"SEDAN","TOYOTA","Car","F",33,"30-39","Drivers"
"T20190023034","8/11/19",12:30:00,"Struck Pedestrian","Friday","Day",1,2,"Not at intersection",3,999,"A",2015,"WAGON","HYNDAI","Station Wagon","F",24,"22-25","Drivers"
"T20190023036","31/8/19",10:00:00,"Collision with a fixed object","Saturday","Day",1,1,"Not at intersection",3,80,"A",2015,"WAGON","HOLDEN","Station Wagon","M",54,"50-59","Drivers"
"T20190023039","22/9/19",00:06:00,"Collision with vehicle","Sunday","Dark Street lights on",2,3,"Cross intersection",3,80,"A",2015,"WAGON","TOYOTA","Station Wagon","F",32,"30-39","Drivers"
"T20190023039","22/9/19",00:06:00,"Collision with vehicle","Sunday","Dark Street lights on",2,3,"Cross intersection",3,80,"B",2009,"SEDAN","HONDA","Car","M",65,"64-69","Drivers"
"T20190023040","11/11/19",21:30:00,"Collision with vehicle","Monday","Dark Street lights unknown",2,3,"Not at intersection",3,777,"A",2002,"S WAG","VOLVO","Station Wagon","U",NA,"unknown","Drivers"
"T20190023040","11/11/19",21:30:00,"Collision with vehicle","Monday","Dark Street lights unknown",2,3,"Not at intersection",3,777,"B",2004,"SEDAN","TOYOTA","Car","M",58,"50-59","Drivers"
"T20190023042","19/11/19",14:15:00,"Collision with vehicle","Tuesday","Day",4,4,"T intersection",3,80,"A",0,"JEEP","TOYOTA","Car","M",31,"30-39","Drivers"
"T20190023042","19/11/19",14:15:00,"Collision with vehicle","Tuesday","Day",4,4,"T intersection",3,80,"B",2012,"COUPE","KIA","Car","F",27,"26-29","Drivers"
"T20190023042","19/11/19",14:15:00,"Collision with vehicle","Tuesday","Day",4,4,"T intersection",3,80,"C",2008,"SEDAN","TOYOTA","Car","F",28,"26-29","Drivers"
"T20190023042","19/11/19",14:15:00,"Collision with vehicle","Tuesday","Day",4,4,"T intersection",3,80,"D",2011,"SEDAN","TOYOTA","Car","M",21,"17-21","Drivers"
"T20190023044","13/11/19",18:00:00,"Collision with vehicle","Wednesday","Day",2,2,"T intersection",3,60,"A",2016,"WAGON","MITSUB","Station Wagon","F",41,"40-49","Drivers"
"T20190023044","13/11/19",18:00:00,"Collision with vehicle","Wednesday","Day",2,2,"T intersection",3,60,"B",2002,"SEDAN","VOLKS","Car","F",25,"22-25","Drivers"
"T20190023045","18/11/19",17:20:00,"Vehicle overturned (no collision)","Monday","Day",2,2,"Not at intersection",3,50,"B",2018,"SEDAN","VOLKS","Car","F",26,"26-29","Drivers"
"T20190023046","19/11/19",14:40:00,"Collision with vehicle","Tuesday","Day",2,2,"Not at intersection",3,60,"A",2018,"SEDAN","MAZDA","Car","M",25,"22-25","Drivers"
"T20190023048","13/11/19",20:30:00,"Collision with vehicle","Wednesday","Dark Street lights unknown",2,2,"Cross intersection",3,50,"A",2003,"DC UTE","HOLDEN","Utility","F",49,"40-49","Drivers"
"T20190023048","13/11/19",20:30:00,"Collision with vehicle","Wednesday","Dark Street lights unknown",2,2,"Cross intersection",3,50,"B",2012,"SEDAN","KIA","Car","F",19,"17-21","Drivers"
"T20190023049","19/11/19",14:30:00,"Collision with vehicle","Tuesday","Day",3,2,"Not at intersection",3,60,"A",2007,"SEDAN","TOYOTA","Car","M",55,"50-59","Drivers"
"T20190023049","19/11/19",14:30:00,"Collision with vehicle","Tuesday","Day",3,2,"Not at intersection",3,60,"B",2007,"TRAY","FORD","Light Commercial Vehicle (Rigid) <= 4.5 Tonnes GVM","M",61,"60-64","Drivers"
"T20190023053","19/11/19",15:30:00,"Struck Pedestrian","Tuesday","Day",1,2,"Not at intersection",3,40,"A",2007,"COUPE","AUDI","Car","M",19,"17-21","Drivers"
"T20190023054","30/10/19",10:00:00,"Collision with vehicle","Wednesday","Day",3,3,"Not at intersection",3,40,"A",2012,"SEDAN","HYNDAI","Car","F",23,"22-25","Drivers"
"T20190023054","30/10/19",10:00:00,"Collision with vehicle","Wednesday","Day",3,3,"Not at intersection",3,40,"B",2000,"SEDAN","MITSUB","Car","M",25,"22-25","Drivers"
"T20190023054","30/10/19",10:00:00,"Collision with vehicle","Wednesday","Day",3,3,"Not at intersection",3,40,"C",2018,"WAGON","VOLKS","Station Wagon","M",39,"30-39","Drivers"
"T20190023059","19/11/19",17:35:00,"Struck Pedestrian","Tuesday","Day",1,2,"T intersection",3,60,"A",2010,"WAGON","FORD","Station Wagon","F",42,"40-49","Drivers"
"T20190023062","19/11/19",15:40:00,"Collision with vehicle","Tuesday","Day",3,5,"Not at intersection",3,60,"A",2018,"S WAG","TOYOTA","Station Wagon","M",32,"30-39","Drivers"
"T20190023062","19/11/19",15:40:00,"Collision with vehicle","Tuesday","Day",3,5,"Not at intersection",3,60,"B",2003,"SEDAN","TOYOTA","Car","F",44,"40-49","Drivers"
"T20190023062","19/11/19",15:40:00,"Collision with vehicle","Tuesday","Day",3,5,"Not at intersection",3,60,"C",2017,"UTIL","MITSUB","Utility","M",22,"22-25","Drivers"
"T20190023065","19/11/19",18:10:00,"Collision with a fixed object","Tuesday","Day",1,1,"Y intersection",2,110,"A",0,"SED","HOLDEN","Car","M",89,"70+","Drivers"
"T20190023068","19/11/19",18:50:00,"Collision with vehicle","Tuesday","Day",2,2,"Not at intersection",3,50,"A",2012,"SEDAN","KIA","Car","F",28,"26-29","Drivers"
"T20190023069","19/11/19",15:48:00,"Collision with vehicle","Tuesday","Day",2,2,"Not at intersection",3,60,"A",2013,"SEDAN","HOLDEN","Car","F",59,"50-59","Drivers"
"T20190023070","19/11/19",17:58:00,"Collision with vehicle","Tuesday","Day",2,2,"T intersection",3,30,"A",2007,"SEDAN","TOYOTA","Car","M",23,"22-25","Drivers"
"T20190023078","19/11/19",16:30:00,"Collision with vehicle","Tuesday","Day",3,3,"Cross intersection",3,60,"A",2010,"SEDAN","FORD","Taxi","M",32,"30-39","Drivers"
"T20190023078","19/11/19",16:30:00,"Collision with vehicle","Tuesday","Day",3,3,"Cross intersection",3,60,"B",2011,"VAN","MERC B","Panel Van","M",51,"50-59","Drivers"
"T20190023078","19/11/19",16:30:00,"Collision with vehicle","Tuesday","Day",3,3,"Cross intersection",3,60,"C",2010,"SEDAN","TOYOTA","Car","M",34,"30-39","Drivers"
"T20190023079","19/11/19",15:06:00,"Collision with a fixed object","Tuesday","Day",1,1,"Not at intersection",2,100,"A",2013,"TIPPER","CATPLR","Heavy Vehicle (Rigid) > 4.5 Tonnes","M",36,"30-39","Drivers"
"T20190023082","19/11/19",17:25:00,"Struck Pedestrian","Tuesday","Day",1,2,"Cross intersection",3,50,"A",2016,"WAGON","MITSUB","Station Wagon","M",38,"30-39","Drivers"
"T20190023083","2/11/19",13:50:00,"Collision with vehicle","Saturday","Unknown",2,2,"Not at intersection",3,60,"A",2007,"P MVR","M A N","Prime Mover Only","M",55,"50-59","Drivers"
"T20190023083","2/11/19",13:50:00,"Collision with vehicle","Saturday","Unknown",2,2,"Not at intersection",3,60,"B",2015,"WAGON","HYNDAI","Station Wagon","F",NA,"unknown","Drivers"
"T20190023085","19/11/19",21:10:00,"Collision with vehicle","Tuesday","Dark No street lights",2,4,"T intersection",2,60,"B",1999,"S WAG","NISSAN","Station Wagon","M",21,"17-21","Drivers"
"T20190023086","19/11/19",18:30:00,"Collision with vehicle","Tuesday","Unknown",2,3,"T intersection",3,60,"A",2001,"S WAG","TOYOTA","Station Wagon","F",32,"30-39","Drivers"
"T20190023086","19/11/19",18:30:00,"Collision with vehicle","Tuesday","Unknown",2,3,"T intersection",3,60,"B",2009,"SEDAN","VOLKS","Car","M",50,"50-59","Drivers"
"T20190023087","19/11/19",14:45:00,"Collision with vehicle","Tuesday","Day",2,2,"Cross intersection",3,50,"A",2016,"WAGON","HYNDAI","Station Wagon","F",42,"40-49","Drivers"
"T20190023092","19/11/19",22:00:00,"Collision with a fixed object","Tuesday","Dark Street lights off",1,1,"Unknown",3,80,"A",1998,"SEDAN","HOLDEN","Car","M",23,"22-25","Drivers"
"T20190023093","19/11/19",21:13:00,"Collision with vehicle","Tuesday","Dark Street lights on",2,1,"T intersection",3,50,"A",2011,"S WAG","L ROV","Station Wagon","F",49,"40-49","Drivers"
"T20190023094","19/11/19",18:35:00,"Collision with vehicle","Tuesday","Day",2,2,"T intersection",3,50,"A",2011,"COUPE","MERC B","Car","M",61,"60-64","Drivers"
"T20190023095","18/11/19",15:00:00,"Struck Pedestrian","Monday","Day",1,2,"T intersection",3,40,"A",2016,"VAN","TOYOTA","Panel Van","M",52,"50-59","Drivers"
"T20190023096","19/11/19",16:10:00,"Collision with vehicle","Tuesday","Day",2,2,"Not at intersection",3,999,"A",2011,"SEDAN","SUZUKI","Car","F",27,"26-29","Drivers"
"T20190023096","19/11/19",16:10:00,"Collision with vehicle","Tuesday","Day",2,2,"Not at intersection",3,999,"B",2012,"SED","HONDA","Car","F",37,"30-39","Drivers"
"T20190023099","19/11/19",22:10:00,"Collision with vehicle","Tuesday","Dark Street lights on",2,2,"Cross intersection",3,80,"A",2016,"SEDAN","HOLDEN","Car","M",28,"26-29","Drivers"
"T20190023099","19/11/19",22:10:00,"Collision with vehicle","Tuesday","Dark Street lights on",2,2,"Cross intersection",3,80,"B",2012,"SEDAN","TOYOTA","Car","F",71,"70+","Drivers"
"T20190023106","26/10/19",14:30:00,"Struck Pedestrian","Saturday","Day",1,2,"T intersection",3,999,"A",2014,"SEDAN","TOYOTA","Car","M",29,"26-29","Drivers"
"T20190023109","16/10/19",21:15:00,"Collision with a fixed object","Wednesday","Dark No street lights",1,1,"Not at intersection",3,80,"A",2008,"SED","HYNDAI","Car","F",21,"17-21","Drivers"
"T20190023111","20/11/19",07:22:00,"Collision with vehicle","Wednesday","Day",2,3,"Cross intersection",3,100,"A",2018,"SEDAN","TOYOTA","Car","M",32,"30-39","Drivers"
"T20190023111","20/11/19",07:22:00,"Collision with vehicle","Wednesday","Day",2,3,"Cross intersection",3,100,"B",2003,"SEDAN","FORD","Car","F",51,"50-59","Drivers"
"T20190023112","20/11/19",08:50:00,"Struck Pedestrian","Wednesday","Day",1,2,"T intersection",3,40,"A",2011,"VAN","IVECO","Panel Van","M",21,"17-21","Drivers"
"T20190023116","20/11/19",08:20:00,"Collision with vehicle","Wednesday","Day",2,3,"Cross intersection",3,40,"A",2019,"WAGON","TOYOTA","Station Wagon","M",32,"30-39","Drivers"
"T20190023120","20/11/19",06:55:00,"Collision with vehicle","Wednesday","Day",2,2,"T intersection",3,60,"A",2014,"SEDAN","TOYOTA","Car","M",34,"30-39","Drivers"
"T20190023120","20/11/19",06:55:00,"Collision with vehicle","Wednesday","Day",2,2,"T intersection",3,60,"B",2018,"WAGON","NISSAN","Station Wagon","F",49,"40-49","Drivers"
"T20190023122","19/11/19",16:21:00,"Collision with a fixed object","Tuesday","Day",1,1,"Not at intersection",3,50,"A",2008,"SEDAN","TOYOTA","Car","M",76,"70+","Drivers"
"T20190023123","20/11/19",08:55:00,"Collision with vehicle","Wednesday","Day",2,2,"T intersection",3,999,"A",2018,"SEDAN","MAZDA","Car","F",28,"26-29","Drivers"
"T20190023124","20/11/19",08:15:00,"Collision with vehicle","Wednesday","Day",3,3,"Not at intersection",3,999,"A",2019,"SEDAN","MAZDA","Car","M",33,"30-39","Drivers"
"T20190023124","20/11/19",08:15:00,"Collision with vehicle","Wednesday","Day",3,3,"Not at intersection",3,999,"B",2015,"SEDAN","HYNDAI","Car","M",25,"22-25","Drivers"
"T20190023124","20/11/19",08:15:00,"Collision with vehicle","Wednesday","Day",3,3,"Not at intersection",3,999,"C",1999,"SEDAN","MAZDA","Car","F",66,"64-69","Drivers"
"T20190023128","19/11/19",16:55:00,"Collision with a fixed object","Tuesday","Day",1,1,"Not at intersection",3,60,"A",2016,"S WAG","MITSUB","Station Wagon","M",62,"60-64","Drivers"
"T20190023130","20/11/19",07:00:00,"Collision with a fixed object","Wednesday","Day",1,2,"Not at intersection",3,80,"A",2010,"UTIL","NISSAN","Utility","M",22,"22-25","Drivers"
"T20190023134","20/11/19",08:30:00,"Collision with vehicle","Wednesday","Day",2,2,"Cross intersection",3,60,"A",2017,"WAGON","VOLKS","Station Wagon","F",59,"50-59","Drivers"
"T20190023134","20/11/19",08:30:00,"Collision with vehicle","Wednesday","Day",2,2,"Cross intersection",3,60,"B",2010,"SEDAN","TOYOTA","Car","F",59,"50-59","Drivers"
"T20190023136","20/11/19",07:10:00,"Collision with vehicle","Wednesday","Day",2,2,"Cross intersection",3,70,"A",1999,"SEDAN","TOYOTA","Car","M",33,"30-39","Drivers"
"T20190023136","20/11/19",07:10:00,"Collision with vehicle","Wednesday","Day",2,2,"Cross intersection",3,70,"B",2011,"S WAG","HOLDEN","Station Wagon","M",19,"17-21","Drivers"
"T20190023137","20/11/19",12:17:00,"Collision with vehicle","Wednesday","Day",2,2,"T intersection",3,80,"A",2003,"WAGON","HOLDEN","Station Wagon","M",39,"30-39","Drivers"
"T20190023137","20/11/19",12:17:00,"Collision with vehicle","Wednesday","Day",2,2,"T intersection",3,80,"B",1998,"WAGON","MITSUB","Station Wagon","M",39,"30-39","Drivers"
"T20190023138","20/11/19",10:51:00,"Collision with vehicle","Wednesday","Day",3,7,"Not at intersection",2,50,"A",1993,"SEDAN","FORD","Car","M",27,"26-29","Drivers"
"T20190023138","20/11/19",10:51:00,"Collision with vehicle","Wednesday","Day",3,7,"Not at intersection",2,50,"B",2007,"SEDAN","FORD","Car","F",31,"30-39","Drivers"
"T20190023138","20/11/19",10:51:00,"Collision with vehicle","Wednesday","Day",3,7,"Not at intersection",2,50,"C",2014,"SEDAN","MAZDA","Car","F",34,"30-39","Drivers"
"T20190023140","11/7/19",15:30:00,"Collision with vehicle","Thursday","Day",3,3,"Not at intersection",3,999,"A",2016,"RDSTR","AUDI","Car","F",64,"60-64","Drivers"
"T20190023140","11/7/19",15:30:00,"Collision with vehicle","Thursday","Day",3,3,"Not at intersection",3,999,"B",2008,"SEDAN","AUDI","Car","M",24,"22-25","Drivers"
"T20190023140","11/7/19",15:30:00,"Collision with vehicle","Thursday","Day",3,3,"Not at intersection",3,999,"C",1999,"WAGON","MITSUB","Station Wagon","F",60,"60-64","Drivers"
"T20190023141","20/11/19",14:00:00,"Collision with vehicle","Wednesday","Day",2,2,"T intersection",3,80,"A",2005,"SEDAN","NISSAN","Car","F",56,"50-59","Drivers"
"T20190023141","20/11/19",14:00:00,"Collision with vehicle","Wednesday","Day",2,2,"T intersection",3,80,"B",1999,"VAN","MERC B","Panel Van","M",47,"40-49","Drivers"
"T20190023142","19/11/19",17:15:00,"Collision with vehicle","Tuesday","Day",2,6,"Not at intersection",3,60,"A",2009,"WAGON","UNKN","Station Wagon","M",41,"40-49","Drivers"
"T20190023142","19/11/19",17:15:00,"Collision with vehicle","Tuesday","Day",2,6,"Not at intersection",3,60,"B",2014,"WAGON","JEEP","Station Wagon","M",62,"60-64","Drivers"
"T20190023143","20/11/19",08:20:00,"Collision with vehicle","Wednesday","Day",2,2,"T intersection",2,999,"A",2004,"TRAY","ISUZU","Heavy Vehicle (Rigid) > 4.5 Tonnes","M",44,"40-49","Drivers"
"T20190023143","20/11/19",08:20:00,"Collision with vehicle","Wednesday","Day",2,2,"T intersection",2,999,"B",2015,"WAGON","MAZDA","Station Wagon","F",27,"26-29","Drivers"
"T20190023146","20/11/19",06:45:00,"Collision with vehicle","Wednesday","Dusk/Dawn",2,2,"Multiple intersection",3,80,"A",2011,"VAN","UNKN","Panel Van","F",30,"30-39","Drivers"
"T20190023147","14/11/19",14:35:00,"Struck Pedestrian","Thursday","Day",1,2,"T intersection",3,40,"A",0,NA,"FORD","Taxi","M",NA,"unknown","Drivers"
"T20190023150","20/11/19",14:15:00,"Collision with a fixed object","Wednesday","Day",1,1,"Not at intersection",3,100,"A",1989,"RDSTR","MAZDA","Car","M",72,"70+","Drivers"
"T20190023151","20/11/19",15:15:00,"Collision with vehicle","Wednesday","Day",2,2,"Not at intersection",3,70,"A",2000,"T SDS","MITSUB","Light Commercial Vehicle (Rigid) <= 4.5 Tonnes GVM","M",69,"64-69","Drivers"
"T20190023151","20/11/19",15:15:00,"Collision with vehicle","Wednesday","Day",2,2,"Not at intersection",3,70,"B",2019,"WAGON","NISSAN","Station Wagon","F",36,"30-39","Drivers"
"T20190023152","19/11/19",16:10:00,"Collision with vehicle","Tuesday","Day",3,3,"T intersection",3,40,"A",2013,"SEDAN","MAZDA","Car","F",62,"60-64","Drivers"
"T20190023152","19/11/19",16:10:00,"Collision with vehicle","Tuesday","Day",3,3,"T intersection",3,40,"B",2013,"WAGON","B M W","Station Wagon","M",24,"22-25","Drivers"
"T20190023152","19/11/19",16:10:00,"Collision with vehicle","Tuesday","Day",3,3,"T intersection",3,40,"C",1992,"SEDAN","MERC B","Car","F",69,"64-69","Drivers"
"T20190023154","20/11/19",12:25:00,"Collision with vehicle","Wednesday","Day",2,3,"Not at intersection",3,60,"A",2005,"SED","MITSUB","Car","M",39,"30-39","Drivers"
"T20190023156","20/11/19",15:00:00,"Collision with vehicle","Wednesday","Day",2,2,"T intersection",3,50,"A",1998,"SEDAN","AUDI","Car","F",26,"26-29","Drivers"
"T20190023156","20/11/19",15:00:00,"Collision with vehicle","Wednesday","Day",2,2,"T intersection",3,50,"B",2014,"SEDAN","HOLDEN","Car","F",59,"50-59","Drivers"
"T20190023157","20/11/19",15:00:00,"Collision with vehicle","Wednesday","Day",2,2,"Cross intersection",3,60,"A",2012,"VAN","TOYOTA","Panel Van","M",32,"30-39","Drivers"
"T20190023157","20/11/19",15:00:00,"Collision with vehicle","Wednesday","Day",2,2,"Cross intersection",3,60,"B",2018,"TIPPER","ISUZU","Heavy Vehicle (Rigid) > 4.5 Tonnes","M",57,"50-59","Drivers"