"ACCIDENT_NO","ACCIDENTDATE","ACCIDENTTIME","Accident Type Desc","Day Week Description","Light Condition Desc","NO_OF_VEHICLES","NO_PERSONS","Road Geometry Desc","SEVERITY","SPEED_ZONE","VEHICLE_ID","VEHICLE_YEAR_MANUF","VEHICLE_BODY_STYLE","VEHICLE_MAKE","Vehicle Type Desc","SEX","AGE","Age Group","Road User Type Desc"
"T20190023158","20/11/19",15:44:00,"Collision with vehicle","Wednesday","Day",3,3,"Not at intersection",3,100,"A",2014,"UTIL","TOYOTA","Utility","M",33,"30-39","Drivers"
"T20190023158","20/11/19",15:44:00,"Collision with vehicle","Wednesday","Day",3,3,"Not at intersection",3,100,"B",2016,"COUPE","FORD","Car","M",56,"50-59","Drivers"
"T20190023158","20/11/19",15:44:00,"Collision with vehicle","Wednesday","Day",3,3,"Not at intersection",3,100,"C",2016,"WAGON","JEEP","Station Wagon","F",28,"26-29","Drivers"
"T20190023160","20/11/19",16:05:00,"Struck Pedestrian","Wednesday","Day",1,2,"Not at intersection",3,40,"A",2004,"SED","HOLDEN","Car","M",38,"30-39","Drivers"
"T20190023163","20/11/19",11:22:00,"Collision with vehicle","Wednesday","Day",2,2,"T intersection",3,70,"A",2006,"SEDAN","NISSAN","Car","F",44,"40-49","Drivers"
"T20190023164","20/11/19",13:30:00,"Collision with vehicle","Wednesday","Day",2,2,"Not at intersection",3,100,"A",0,NA,"UNKN","Heavy Vehicle (Rigid) > 4.5 Tonnes","U",NA,"unknown","Drivers"
"T20190023164","20/11/19",13:30:00,"Collision with vehicle","Wednesday","Day",2,2,"Not at intersection",3,100,"B",2016,"WAGON","NISSAN","Station Wagon","F",47,"40-49","Drivers"
"T20190023165","20/11/19",09:30:00,"Collision with vehicle","Wednesday","Day",2,2,"T intersection",1,60,"B",2013,"WAGON","TOYOTA","Station Wagon","F",26,"26-29","Drivers"
"T20190023166","19/11/19",22:42:00,"Collision with vehicle","Tuesday","Dark Street lights on",2,2,"Cross intersection",3,60,"A",2013,"SEDAN","FORD","Car","M",44,"40-49","Drivers"
"T20190023166","19/11/19",22:42:00,"Collision with vehicle","Tuesday","Dark Street lights on",2,2,"Cross intersection",3,60,"B",2005,"WAGON","FORD","Station Wagon","M",21,"17-21","Drivers"
"T20190023168","20/11/19",15:22:00,"Collision with vehicle","Wednesday","Day",4,6,"Not at intersection",3,60,"A",2017,"WAGON","MERC B","Station Wagon","F",55,"50-59","Drivers"
"T20190023168","20/11/19",15:22:00,"Collision with vehicle","Wednesday","Day",4,6,"Not at intersection",3,60,"B",2015,"WAGON","HONDA","Station Wagon","F",49,"40-49","Drivers"
"T20190023168","20/11/19",15:22:00,"Collision with vehicle","Wednesday","Day",4,6,"Not at intersection",3,60,"C",2013,"TRAY","TOYOTA","Light Commercial Vehicle (Rigid) <= 4.5 Tonnes GVM","M",60,"60-64","Drivers"
"T20190023168","20/11/19",15:22:00,"Collision with vehicle","Wednesday","Day",4,6,"Not at intersection",3,60,"D",2016,"SEDAN","TOYOTA","Taxi","M",37,"30-39","Drivers"
"T20190023169","8/11/19",15:00:00,"Collision with vehicle","Friday","Day",2,5,"Cross intersection",3,60,"A",2011,"WAGON","HYNDAI","Station Wagon","M",73,"70+","Drivers"
"T20190023169","8/11/19",15:00:00,"Collision with vehicle","Friday","Day",2,5,"Cross intersection",3,60,"B",2001,"SEDAN","TOYOTA","Car","F",33,"30-39","Drivers"
"T20190023170","16/11/19",11:37:00,"Collision with vehicle","Saturday","Day",2,2,"Cross intersection",3,60,"A",2019,"SEDAN","HYNDAI","Car","M",25,"22-25","Drivers"
"T20190023171","20/11/19",16:15:00,"Collision with a fixed object","Wednesday","Day",1,1,"Not at intersection",3,100,"A",2002,"SEDAN","TOYOTA","Car","F",34,"30-39","Drivers"
"T20190023172","20/11/19",17:10:00,"Collision with vehicle","Wednesday","Day",2,2,"T intersection",3,80,"A",2008,"SEDAN","HONDA","Car","M",30,"30-39","Drivers"
"T20190023172","20/11/19",17:10:00,"Collision with vehicle","Wednesday","Day",2,2,"T intersection",3,80,"B",2011,"SEDAN","MITSUB","Car","M",20,"17-21","Drivers"
"T20190023173","1/11/19",16:50:00,"Collision with vehicle","Friday","Day",2,3,"Cross intersection",3,80,"A",2017,"WAGON","HYNDAI","Station Wagon","F",32,"30-39","Drivers"
"T20190023173","1/11/19",16:50:00,"Collision with vehicle","Friday","Day",2,3,"Cross intersection",3,80,"B",2016,"UTIL","TOYOTA","Utility","M",50,"50-59","Drivers"
"T20190023174","20/11/19",16:30:00,"Collision with vehicle","Wednesday","Day",2,2,"T intersection",3,60,"A",2008,"VAN","TOYOTA","Panel Van","M",30,"30-39","Drivers"
"T20190023174","20/11/19",16:30:00,"Collision with vehicle","Wednesday","Day",2,2,"T intersection",3,60,"B",2007,"SEDAN","TOYOTA","Car","F",37,"30-39","Drivers"
"T20190023175","20/11/19",17:03:00,"Collision with vehicle","Wednesday","Day",2,3,"T intersection",3,60,"A",2015,"SEDAN","VOLKS","Car","F",49,"40-49","Drivers"
"T20190023176","20/11/19",18:45:00,"Collision with vehicle","Wednesday","Dusk/Dawn",2,2,"Not at intersection",3,40,"A",2013,"WAGON","MAZDA","Station Wagon","F",24,"22-25","Drivers"
"T20190023176","20/11/19",18:45:00,"Collision with vehicle","Wednesday","Dusk/Dawn",2,2,"Not at intersection",3,40,"B",2017,"SEDAN","B M W","Car","F",41,"40-49","Drivers"
"T20190023178","20/11/19",16:04:00,"Collision with vehicle","Wednesday","Day",2,2,"Cross intersection",3,50,"A",2016,"SEDAN","FORD","Car","F",66,"64-69","Drivers"
"T20190023178","20/11/19",16:04:00,"Collision with vehicle","Wednesday","Day",2,2,"Cross intersection",3,50,"B",2016,"SEDAN","TOYOTA","Car","F",62,"60-64","Drivers"
"T20190023179","20/11/19",18:40:00,"Collision with vehicle","Wednesday","Day",2,2,"T intersection",3,50,"A",2000,"SEDAN","MERC B","Car","F",31,"30-39","Drivers"
"T20190023187","20/11/19",18:40:00,"Struck Pedestrian","Wednesday","Day",1,2,"T intersection",2,50,"A",1999,"TRAY","FORD","Light Commercial Vehicle (Rigid) <= 4.5 Tonnes GVM","M",40,"40-49","Drivers"
"T20190023189","20/11/19",16:22:00,"Collision with vehicle","Wednesday","Day",2,2,"Not at intersection",3,70,"A",2018,"WAGON","AUDI","Station Wagon","F",27,"26-29","Drivers"
"T20190023189","20/11/19",16:22:00,"Collision with vehicle","Wednesday","Day",2,2,"Not at intersection",3,70,"B",2007,"SEDAN","FORD","Car","M",49,"40-49","Drivers"
"T20190023190","20/11/19",18:39:00,"Struck Pedestrian","Wednesday","Day",1,3,"T intersection",3,60,"A",2009,"SEDAN","B M W","Car","M",22,"22-25","Drivers"
"T20190023191","20/11/19",14:00:00,"Collision with vehicle","Wednesday","Day",2,2,"Not at intersection",3,60,"A",2005,"SEDAN","HONDA","Car","F",23,"22-25","Drivers"
"T20190023191","20/11/19",14:00:00,"Collision with vehicle","Wednesday","Day",2,2,"Not at intersection",3,60,"B",2018,"S WAG","B M W","Taxi","M",46,"40-49","Drivers"
"T20190023192","20/11/19",18:40:00,"Collision with vehicle","Wednesday","Day",2,2,"Cross intersection",3,60,"A",2012,"COUPE","HYNDAI","Car","F",25,"22-25","Drivers"
"T20190023192","20/11/19",18:40:00,"Collision with vehicle","Wednesday","Day",2,2,"Cross intersection",3,60,"B",2005,"SEDAN","NISSAN","Car","F",20,"17-21","Drivers"
"T20190023197","20/11/19",22:04:00,"Collision with a fixed object","Wednesday","Dark No street lights",1,1,"Not at intersection",2,100,"A",2005,"DC UTE","NISSAN","Utility","M",33,"30-39","Drivers"
"T20190023198","20/11/19",21:37:00,"Collision with a fixed object","Wednesday","Dark Street lights on",1,8,"T intersection",3,50,"A",2015,"WAGON","DODGE","Station Wagon","F",30,"30-39","Drivers"
"T20190023200","20/11/19",23:16:00,"Collision with vehicle","Wednesday","Dark Street lights on",4,4,"Not at intersection",3,60,"A",2010,"DC UTE","FORD","Utility","M",26,"26-29","Drivers"
"T20190023200","20/11/19",23:16:00,"Collision with vehicle","Wednesday","Dark Street lights on",4,4,"Not at intersection",3,60,"B",2005,"SEDAN","VOLKS","Car","M",27,"26-29","Drivers"
"T20190023200","20/11/19",23:16:00,"Collision with vehicle","Wednesday","Dark Street lights on",4,4,"Not at intersection",3,60,"D",2015,"SEDAN","HYNDAI","Car","M",38,"30-39","Drivers"
"T20190023202","20/11/19",04:00:00,"Collision with a fixed object","Wednesday","Dark Street lights on",1,1,"Not at intersection",3,50,"A",2017,"SEDAN","MAZDA","Car","F",35,"30-39","Drivers"
"T20190023207","21/11/19",05:10:00,"Collision with vehicle","Thursday","Dusk/Dawn",2,3,"Not at intersection",2,60,"A",2003,"SEDAN","SUBARU","Car","M",49,"40-49","Drivers"
"T20190023207","21/11/19",05:10:00,"Collision with vehicle","Thursday","Dusk/Dawn",2,3,"Not at intersection",2,60,"B",2011,"SEDAN","FORD","Car","F",39,"30-39","Drivers"
"T20190023209","3/11/19",12:30:00,"Collision with vehicle","Sunday","Day",2,2,"T intersection",3,50,"A",2019,"SEDAN","TOYOTA","Car","U",26,"26-29","Drivers"
"T20190023211","11/10/19",15:15:00,"Collision with vehicle","Friday","Day",3,3,"Not at intersection",3,80,"A",2011,"WAGON","NISSAN","Station Wagon","M",43,"40-49","Drivers"
"T20190023211","11/10/19",15:15:00,"Collision with vehicle","Friday","Day",3,3,"Not at intersection",3,80,"B",2010,"UTIL","FORD","Utility","M",22,"22-25","Drivers"
"T20190023211","11/10/19",15:15:00,"Collision with vehicle","Friday","Day",3,3,"Not at intersection",3,80,"C",2016,"DC UTE","FORD","Utility","M",23,"22-25","Drivers"
"T20190023214","21/11/19",06:15:00,"Collision with a fixed object","Thursday","Dusk/Dawn",1,1,"Not at intersection",2,100,"A",1999,"WAGON","CHRYS","Station Wagon","M",18,"17-21","Drivers"
"T20190023217","15/11/19",17:45:00,"Collision with vehicle","Friday","Day",3,3,"T intersection",3,80,"A",2016,"SEDAN","HYNDAI","Car","F",19,"17-21","Drivers"
"T20190023217","15/11/19",17:45:00,"Collision with vehicle","Friday","Day",3,3,"T intersection",3,80,"B",2013,"UTIL","TOYOTA","Utility","M",59,"50-59","Drivers"
"T20190023217","15/11/19",17:45:00,"Collision with vehicle","Friday","Day",3,3,"T intersection",3,80,"C",2017,"SEDAN","MAZDA","Car","M",40,"40-49","Drivers"
"T20190023218","20/11/19",09:40:00,"Collision with vehicle","Wednesday","Day",2,2,"T intersection",3,70,"B",2017,"SEDAN","TOYOTA","Car","M",37,"30-39","Drivers"
"T20190023220","18/11/19",14:25:00,"Collision with a fixed object","Monday","Day",1,1,"Not at intersection",3,80,"A",2016,"UTIL","MAZDA","Utility","M",64,"60-64","Drivers"
"T20190023221","21/11/19",10:01:00,"Collision with vehicle","Thursday","Day",2,2,"Cross intersection",3,80,"A",2014,"VAN","MERC B","Panel Van","M",34,"30-39","Drivers"
"T20190023221","21/11/19",10:01:00,"Collision with vehicle","Thursday","Day",2,2,"Cross intersection",3,80,"B",2016,"UTIL","MITSUB","Utility","M",32,"30-39","Drivers"
"T20190023222","21/11/19",10:30:00,"Collision with vehicle","Thursday","Day",2,2,"Not at intersection",3,50,"A",2017,"SEDAN","TOYOTA","Car","F",48,"40-49","Drivers"
"T20190023222","21/11/19",10:30:00,"Collision with vehicle","Thursday","Day",2,2,"Not at intersection",3,50,"B",2007,"DC UTE","NISSAN","Utility","M",40,"40-49","Drivers"
"T20190023229","21/11/19",12:00:00,"collision with some other object","Thursday","Day",1,2,"Unknown",3,100,"A",1998,"S WAG","HOLDEN","Station Wagon","M",64,"60-64","Drivers"
"T20190023232","31/10/19",08:43:00,"Collision with vehicle","Thursday","Day",2,4,"Cross intersection",3,60,"A",2010,"SEDAN","VOLKS","Car","F",41,"40-49","Drivers"
"T20190023232","31/10/19",08:43:00,"Collision with vehicle","Thursday","Day",2,4,"Cross intersection",3,60,"B",2015,"SEDAN","HONDA","Car","M",21,"17-21","Drivers"
"T20190023233","21/11/19",09:00:00,"Struck Pedestrian","Thursday","Day",1,2,"T intersection",3,60,"A",2007,"SED","MAZDA","Car","M",46,"40-49","Drivers"
"T20190023235","21/11/19",07:54:00,"Collision with vehicle","Thursday","Dusk/Dawn",2,2,"Cross intersection",3,60,"A",0,"DC UTE","UNKN","Utility","M",64,"60-64","Drivers"
"T20190023238","30/9/19",14:30:00,"Collision with vehicle","Monday","Day",2,2,"T intersection",3,90,"A",2017,"DC UTE","FORD","Utility","M",47,"40-49","Drivers"
"T20190023238","30/9/19",14:30:00,"Collision with vehicle","Monday","Day",2,2,"T intersection",3,90,"B",2001,"VAN","TOYOTA","Panel Van","M",35,"30-39","Drivers"
"T20190023239","20/11/19",17:20:00,"Collision with vehicle","Wednesday","Day",4,4,"T intersection",3,60,"A",2017,"WAGON","TOYOTA","Station Wagon","M",38,"30-39","Drivers"
"T20190023239","20/11/19",17:20:00,"Collision with vehicle","Wednesday","Day",4,4,"T intersection",3,60,"B",2009,"SEDAN","TOYOTA","Car","F",39,"30-39","Drivers"
"T20190023239","20/11/19",17:20:00,"Collision with vehicle","Wednesday","Day",4,4,"T intersection",3,60,"C",2013,"COUPE","TOYOTA","Car","M",21,"17-21","Drivers"
"T20190023239","20/11/19",17:20:00,"Collision with vehicle","Wednesday","Day",4,4,"T intersection",3,60,"D",2013,"SED","KIA","Car","M",33,"30-39","Drivers"
"T20190023244","21/11/19",06:20:00,"Collision with vehicle","Thursday","Dusk/Dawn",2,2,"Cross intersection",3,70,"A",2009,"SED","FORD","Car","M",71,"70+","Drivers"
"T20190023247","29/10/19",16:30:00,"Collision with vehicle","Tuesday","Day",2,2,"T intersection",3,80,"A",2017,"SEDAN","FORD","Car","F",20,"17-21","Drivers"
"T20190023247","29/10/19",16:30:00,"Collision with vehicle","Tuesday","Day",2,2,"T intersection",3,80,"B",2012,"VAN","MERC B","Panel Van","M",32,"30-39","Drivers"
"T20190023249","21/11/19",14:29:00,"Collision with vehicle","Thursday","Day",2,5,"T intersection",3,60,"A",2006,"SEDAN","TOYOTA","Car","F",43,"40-49","Drivers"
"T20190023249","21/11/19",14:29:00,"Collision with vehicle","Thursday","Day",2,5,"T intersection",3,60,"B",2018,"SEDAN","TOYOTA","Car","M",33,"30-39","Drivers"
"T20190023250","21/11/19",14:15:00,"Collision with vehicle","Thursday","Day",3,9,"Cross intersection",3,100,"A",2001,"WAGON","TOYOTA","Station Wagon","M",34,"30-39","Drivers"
"T20190023250","21/11/19",14:15:00,"Collision with vehicle","Thursday","Day",3,9,"Cross intersection",3,100,"B",2007,"WAGON","MAZDA","Station Wagon","F",55,"50-59","Drivers"
"T20190023250","21/11/19",14:15:00,"Collision with vehicle","Thursday","Day",3,9,"Cross intersection",3,100,"C",2015,"WAGON","KIA","Station Wagon","F",58,"50-59","Drivers"
"T20190023253","21/11/19",10:30:00,"Collision with vehicle","Thursday","Day",3,3,"T intersection",3,80,"A",2007,"WAGON","NISSAN","Station Wagon","M",31,"30-39","Drivers"
"T20190023253","21/11/19",10:30:00,"Collision with vehicle","Thursday","Day",3,3,"T intersection",3,80,"B",2008,"DC UTE","TOYOTA","Utility","M",50,"50-59","Drivers"
"T20190023253","21/11/19",10:30:00,"Collision with vehicle","Thursday","Day",3,3,"T intersection",3,80,"C",2015,"SEDAN","REN","Car","F",56,"50-59","Drivers"
"T20190023254","18/11/19",17:00:00,"Collision with vehicle","Monday","Day",2,3,"T intersection",3,60,"A",2018,"WAGON","HYNDAI","Station Wagon","F",53,"50-59","Drivers"
"T20190023254","18/11/19",17:00:00,"Collision with vehicle","Monday","Day",2,3,"T intersection",3,60,"B",2013,"VAN","MERC B","Panel Van","M",51,"50-59","Drivers"
"T20190023256","21/11/19",16:15:00,"Collision with vehicle","Thursday","Day",2,2,"Not at intersection",3,50,"B",2010,"SEDAN","HONDA","Car","F",36,"30-39","Drivers"
"T20190023259","9/11/19",22:30:00,"Collision with vehicle","Saturday","Dark Street lights on",2,6,"Cross intersection",3,60,"A",2006,"COUPE","HYNDAI","Car","F",25,"22-25","Drivers"
"T20190023259","9/11/19",22:30:00,"Collision with vehicle","Saturday","Dark Street lights on",2,6,"Cross intersection",3,60,"B",2002,"SEDAN","MITSUB","Car","F",23,"22-25","Drivers"
"T20190023264","21/11/19",17:50:00,"Collision with vehicle","Thursday","Day",3,3,"Not at intersection",3,60,"A",2016,"WAGON","TOYOTA","Station Wagon","F",34,"30-39","Drivers"
"T20190023264","21/11/19",17:50:00,"Collision with vehicle","Thursday","Day",3,3,"Not at intersection",3,60,"B",2014,"UTIL","MITSUB","Utility","M",23,"22-25","Drivers"
"T20190023265","11/11/19",12:40:00,"Collision with vehicle","Monday","Unknown",2,2,"T intersection",3,70,"A",2014,"SEDAN","FORD","Car","M",47,"40-49","Drivers"
"T20190023265","11/11/19",12:40:00,"Collision with vehicle","Monday","Unknown",2,2,"T intersection",3,70,"B",2015,"SEDAN","VOLKS","Car","M",43,"40-49","Drivers"
"T20190023267","21/11/19",17:20:00,"Collision with vehicle","Thursday","Day",2,2,"Cross intersection",3,60,"A",2018,"SEDAN","MAZDA","Car","F",66,"64-69","Drivers"
"T20190023267","21/11/19",17:20:00,"Collision with vehicle","Thursday","Day",2,2,"Cross intersection",3,60,"B",2004,"SEDAN","UNKN","Car","M",30,"30-39","Drivers"
"T20190023269","21/11/19",15:23:00,"Struck Pedestrian","Thursday","Day",1,3,"Cross intersection",3,60,"A",2011,"WAGON","SUBARU","Station Wagon","M",20,"17-21","Drivers"
"T20190023270","27/10/19",11:20:00,"Collision with vehicle","Sunday","Day",2,2,"Not at intersection",3,50,"A",2016,"WAGON","SKODA","Station Wagon","M",43,"40-49","Drivers"
"T20190023272","18/10/19",11:00:00,"Collision with vehicle","Friday","Day",2,2,"Not at intersection",3,999,"A",2012,"SEDAN","MAZDA","Car","F",61,"60-64","Drivers"
"T20190023272","18/10/19",11:00:00,"Collision with vehicle","Friday","Day",2,2,"Not at intersection",3,999,"C",0,"C MIX","UNKN","Heavy Vehicle (Rigid) > 4.5 Tonnes","M",58,"50-59","Drivers"
"T20190023274","21/11/19",16:50:00,"Collision with vehicle","Thursday","Day",3,4,"Not at intersection",1,80,"A",1998,"VAN","ISUZU","Heavy Vehicle (Rigid) > 4.5 Tonnes","M",19,"17-21","Drivers"
"T20190023274","21/11/19",16:50:00,"Collision with vehicle","Thursday","Day",3,4,"Not at intersection",1,80,"B",2014,"TRAY","FORD","Light Commercial Vehicle (Rigid) <= 4.5 Tonnes GVM","M",20,"17-21","Drivers"
"T20190023274","21/11/19",16:50:00,"Collision with vehicle","Thursday","Day",3,4,"Not at intersection",1,80,"C",2003,"SED","HOLDEN","Car","M",34,"30-39","Drivers"
"T20190023277","21/11/19",15:00:00,"Collision with vehicle","Thursday","Day",2,2,"Not at intersection",3,60,"A",1991,"COUPE","FORD","Car","M",38,"30-39","Drivers"
"T20190023277","21/11/19",15:00:00,"Collision with vehicle","Thursday","Day",2,2,"Not at intersection",3,60,"B",2018,"WAGON","HONDA","Station Wagon","F",86,"70+","Drivers"
"T20190023278","21/11/19",17:20:00,"Collision with vehicle","Thursday","Day",2,2,"Cross intersection",3,60,"A",2011,"UTIL","MAZDA","Utility","M",51,"50-59","Drivers"
"T20190023279","30/10/19",12:10:00,"Collision with vehicle","Wednesday","Day",2,2,"Cross intersection",3,50,"A",2002,"SEDAN","TOYOTA","Car","F",69,"64-69","Drivers"
"T20190023279","30/10/19",12:10:00,"Collision with vehicle","Wednesday","Day",2,2,"Cross intersection",3,50,"B",2000,"S WAG","MITSUB","Station Wagon","F",56,"50-59","Drivers"
"T20190023280","21/11/19",18:47:00,"Collision with vehicle","Thursday","Dusk/Dawn",2,6,"T intersection",3,70,"A",2015,"SEDAN","TOYOTA","Car","M",31,"30-39","Drivers"
"T20190023280","21/11/19",18:47:00,"Collision with vehicle","Thursday","Dusk/Dawn",2,6,"T intersection",3,70,"B",2010,"WAGON","TOYOTA","Station Wagon","F",38,"30-39","Drivers"
"T20190023281","21/11/19",20:00:00,"Collision with a fixed object","Thursday","Dusk/Dawn",1,2,"Not at intersection",3,50,"A",2008,"SEDAN","HOLDEN","Car","M",23,"22-25","Drivers"
"T20190023289","21/11/19",16:16:00,"Collision with a fixed object","Thursday","Day",1,3,"Not at intersection",1,50,"A",2005,"SEDAN","MAZDA","Car","M",33,"30-39","Drivers"
"T20190023293","21/11/19",13:15:00,"Collision with vehicle","Thursday","Day",2,3,"Cross intersection",3,50,"A",2012,"UTIL","TOYOTA","Utility","M",24,"22-25","Drivers"
"T20190023293","21/11/19",13:15:00,"Collision with vehicle","Thursday","Day",2,3,"Cross intersection",3,50,"B",1999,"WAGON","TOYOTA","Station Wagon","M",22,"22-25","Drivers"
"T20190023297","22/11/19",06:20:00,"Collision with vehicle","Friday","Dusk/Dawn",2,2,"Not at intersection",3,40,"A",2014,"WAGON","NISSAN","Station Wagon","F",40,"40-49","Drivers"
"T20190023297","22/11/19",06:20:00,"Collision with vehicle","Friday","Dusk/Dawn",2,2,"Not at intersection",3,40,"B",1998,"S WAG","HOLDEN","Station Wagon","U",NA,"unknown","Drivers"
"T20190023298","24/10/19",23:50:00,"Collision with vehicle","Thursday","Dark Street lights on",2,2,"Cross intersection",3,80,"A",2005,"WAGON","SUBARU","Station Wagon","M",66,"64-69","Drivers"
"T20190023298","24/10/19",23:50:00,"Collision with vehicle","Thursday","Dark Street lights on",2,2,"Cross intersection",3,80,"B",2000,"SEDAN","TOYOTA","Car","M",33,"30-39","Drivers"
"T20190023300","22/11/19",08:00:00,"Collision with vehicle","Friday","Day",2,2,"Cross intersection",3,999,"A",2004,"COUPE","MERC B","Car","F",19,"17-21","Drivers"
"T20190023300","22/11/19",08:00:00,"Collision with vehicle","Friday","Day",2,2,"Cross intersection",3,999,"B",2003,"SEDAN","NISSAN","Car","M",80,"70+","Drivers"
"T20190023304","22/11/19",07:58:00,"Collision with vehicle","Friday","Day",2,2,"Not at intersection",3,100,"B",2008,"UTIL","MITSUB","Utility","F",47,"40-49","Drivers"
"T20190023306","22/11/19",08:35:00,"Collision with vehicle","Friday","Day",2,3,"Cross intersection",3,60,"A",2012,"SEDAN","MITSUB","Car","M",38,"30-39","Drivers"
"T20190023307","22/11/19",05:58:00,"Collision with vehicle","Friday","Dark No street lights",2,2,"T intersection",3,70,"A",2018,"UTIL","TOYOTA","Utility","M",46,"40-49","Drivers"
"T20190023307","22/11/19",05:58:00,"Collision with vehicle","Friday","Dark No street lights",2,2,"T intersection",3,70,"B",2015,"WAGON","SUBARU","Station Wagon","F",45,"40-49","Drivers"
"T20190023308","10/11/19",07:30:00,"Collision with a fixed object","Sunday","Day",1,1,"Not at intersection",3,60,"A",2016,"SEDAN","TOYOTA","Car","F",29,"26-29","Drivers"
"T20190023309","22/11/19",08:45:00,"Struck Pedestrian","Friday","Day",1,2,"Cross intersection",3,50,"A",2014,"WAGON","TOYOTA","Station Wagon","M",51,"50-59","Drivers"
"T20190023310","22/11/19",07:30:00,"Collision with vehicle","Friday","Day",2,2,"Cross intersection",3,100,"A",2016,"DC UTE","MITSUB","Utility","F",35,"30-39","Drivers"
"T20190023310","22/11/19",07:30:00,"Collision with vehicle","Friday","Day",2,2,"Cross intersection",3,100,"B",2003,"S WAG","HOLDEN","Station Wagon","M",48,"40-49","Drivers"
"T20190023312","20/11/19",12:53:00,"Collision with vehicle","Wednesday","Day",2,2,"Cross intersection",3,50,"A",2016,"WAGON","TOYOTA","Station Wagon","M",44,"40-49","Drivers"
"T20190023312","20/11/19",12:53:00,"Collision with vehicle","Wednesday","Day",2,2,"Cross intersection",3,50,"B",2010,"SEDAN","SUBARU","Car","F",33,"30-39","Drivers"
"T20190023316","28/10/19",16:00:00,"Collision with vehicle","Monday","Day",2,3,"Not at intersection",3,80,"A",2009,"SEDAN","HOLDEN","Car","M",77,"70+","Drivers"
"T20190023316","28/10/19",16:00:00,"Collision with vehicle","Monday","Day",2,3,"Not at intersection",3,80,"B",2016,"SEDAN","TOYOTA","Car","U",NA,"unknown","Drivers"
"T20190023319","22/11/19",10:10:00,"Collision with vehicle","Friday","Day",2,2,"T intersection",3,50,"A",2013,"SEDAN","FORD","Car","M",87,"70+","Drivers"
"T20190023319","22/11/19",10:10:00,"Collision with vehicle","Friday","Day",2,2,"T intersection",3,50,"B",2011,"WAGON","HONDA","Station Wagon","M",84,"70+","Drivers"
"T20190023321","4/11/19",13:15:00,"Collision with vehicle","Monday","Day",2,2,"Cross intersection",3,999,"A",2008,"SEDAN","HOLDEN","Car","M",56,"50-59","Drivers"
"T20190023321","4/11/19",13:15:00,"Collision with vehicle","Monday","Day",2,2,"Cross intersection",3,999,"B",2000,"SEDAN","TOYOTA","Car","F",23,"22-25","Drivers"
"T20190023325","22/11/19",10:30:00,"Collision with vehicle","Friday","Day",2,3,"Cross intersection",3,60,"A",0,"P VAN","SUBARU","Panel Van","F",22,"22-25","Drivers"
"T20190023325","22/11/19",10:30:00,"Collision with vehicle","Friday","Day",2,3,"Cross intersection",3,60,"B",2012,"SEDAN","TOYOTA","Taxi","M",67,"64-69","Drivers"
"T20190023328","22/11/19",12:30:00,"Collision with vehicle","Friday","Day",2,4,"Not at intersection",3,50,"A",2009,"SEDAN","HOLDEN","Car","M",24,"22-25","Drivers"
"T20190023328","22/11/19",12:30:00,"Collision with vehicle","Friday","Day",2,4,"Not at intersection",3,50,"B",2013,"SEDAN","NISSAN","Car","M",27,"26-29","Drivers"
"T20190023335","13/11/19",13:20:00,"Collision with vehicle","Wednesday","Day",2,2,"Multiple intersection",3,999,"A",2015,"SEDAN","MITSUB","Car","F",22,"22-25","Drivers"
"T20190023336","22/11/19",07:30:00,"Collision with vehicle","Friday","Dusk/Dawn",2,2,"Cross intersection",3,60,"A",2012,"WAGON","NISSAN","Station Wagon","F",45,"40-49","Drivers"
"T20190023336","22/11/19",07:30:00,"Collision with vehicle","Friday","Dusk/Dawn",2,2,"Cross intersection",3,60,"B",2009,"TRAY","MITSUB","Heavy Vehicle (Rigid) > 4.5 Tonnes","M",47,"40-49","Drivers"
"T20190023338","22/11/19",09:40:00,"Struck Pedestrian","Friday","Day",1,2,"Not at intersection",3,60,"A",2016,"COUPE","M MOVE","Car","M",21,"17-21","Drivers"
"T20190023339","22/11/19",11:25:00,"Collision with vehicle","Friday","Day",2,2,"Cross intersection",3,80,"B",2008,"S WAG","HONDA","Station Wagon","M",54,"50-59","Drivers"
"T20190023340","22/11/19",12:05:00,"Collision with vehicle","Friday","Day",2,2,"Cross intersection",3,999,"A",2017,"WAGON","KIA","Station Wagon","F",45,"40-49","Drivers"
"T20190023340","22/11/19",12:05:00,"Collision with vehicle","Friday","Day",2,2,"Cross intersection",3,999,"B",2010,"SEDAN","NISSAN","Car","M",30,"30-39","Drivers"
"T20190023341","22/11/19",12:50:00,"Vehicle overturned (no collision)","Friday","Day",1,2,"Not at intersection",3,110,"A",2014,"WAGON","MITSUB","Station Wagon","F",60,"60-64","Drivers"
"T20190023344","22/11/19",08:45:00,"Collision with vehicle","Friday","Day",2,4,"T intersection",3,999,"A",2000,"SEDAN","FORD","Car","M",45,"40-49","Drivers"
"T20190023344","22/11/19",08:45:00,"Collision with vehicle","Friday","Day",2,4,"T intersection",3,999,"B",2014,"SEDAN","FORD","Car","M",58,"50-59","Drivers"
"T20190023345","22/11/19",15:00:00,"Collision with vehicle","Friday","Day",3,3,"Cross intersection",3,60,"A",2013,"WAGON","TOYOTA","Station Wagon","F",27,"26-29","Drivers"
"T20190023345","22/11/19",15:00:00,"Collision with vehicle","Friday","Day",3,3,"Cross intersection",3,60,"B",2004,"WAGON","TOYOTA","Station Wagon","F",28,"26-29","Drivers"