"ACCIDENT_NO","ACCIDENTDATE","ACCIDENTTIME","Accident Type Desc","Day Week Description","Light Condition Desc","NO_OF_VEHICLES","NO_PERSONS","Road Geometry Desc","SEVERITY","SPEED_ZONE","VEHICLE_ID","VEHICLE_YEAR_MANUF","VEHICLE_BODY_STYLE","VEHICLE_MAKE","Vehicle Type Desc","SEX","AGE","Age Group","Road User Type Desc"
"T20190023345","22/11/19",15:00:00,"Collision with vehicle","Friday","Day",3,3,"Cross intersection",3,60,"C",2017,"DC UTE","NISSAN","Utility","M",57,"50-59","Drivers"
"T20190023348","22/11/19",16:35:00,"collision with some other object","Friday","Day",1,1,"Not at intersection",3,100,"A",2004,"DC UTE","TOYOTA","Utility","M",20,"17-21","Drivers"
"T20190023349","21/11/19",12:15:00,"Collision with vehicle","Thursday","Day",2,2,"Not at intersection",3,60,"A",2004,"SEDAN","MAZDA","Car","M",23,"22-25","Drivers"
"T20190023349","21/11/19",12:15:00,"Collision with vehicle","Thursday","Day",2,2,"Not at intersection",3,60,"B",2019,"WAGON","HOLDEN","Car","M",32,"30-39","Drivers"
"T20190023350","22/11/19",15:48:00,"Collision with vehicle","Friday","Day",2,2,"Cross intersection",3,60,"A",2013,"SEDAN","MAZDA","Car","M",30,"30-39","Drivers"
"T20190023351","22/11/19",13:30:00,"Collision with vehicle","Friday","Day",2,2,"Cross intersection",3,60,"A",2004,"WAGON","FORD","Station Wagon","U",NA,"unknown","Drivers"
"T20190023351","22/11/19",13:30:00,"Collision with vehicle","Friday","Day",2,2,"Cross intersection",3,60,"B",2003,"WAGON","NISSAN","Station Wagon","M",41,"40-49","Drivers"
"T20190023355","24/10/19",04:58:00,"Collision with vehicle","Thursday","Dark Street lights on",3,4,"Not at intersection",3,100,"A",2010,"SEDAN","TOYOTA","Taxi","M",50,"50-59","Drivers"
"T20190023355","24/10/19",04:58:00,"Collision with vehicle","Thursday","Dark Street lights on",3,4,"Not at intersection",3,100,"B",2015,"SED","CHRYS","Taxi","M",39,"30-39","Drivers"
"T20190023355","24/10/19",04:58:00,"Collision with vehicle","Thursday","Dark Street lights on",3,4,"Not at intersection",3,100,"C",2018,"P MVR","MACK","Prime Mover - Single Trailer","M",51,"50-59","Drivers"
"T20190023358","22/11/19",15:32:00,"Collision with vehicle","Friday","Day",2,2,"Cross intersection",3,40,"A",2006,"SEDAN","MERC B","Car","M",81,"70+","Drivers"
"T20190023359","22/11/19",15:30:00,"Collision with vehicle","Friday","Day",3,5,"Cross intersection",3,100,"A",1999,"SEDAN","NISSAN","Car","M",23,"22-25","Drivers"
"T20190023359","22/11/19",15:30:00,"Collision with vehicle","Friday","Day",3,5,"Cross intersection",3,100,"B",0,"SEDAN","UNKN","Car","M",57,"50-59","Drivers"
"T20190023359","22/11/19",15:30:00,"Collision with vehicle","Friday","Day",3,5,"Cross intersection",3,100,"C",2017,"SEDAN","KIA","Car","M",39,"30-39","Drivers"
"T20190023360","22/11/19",17:20:00,"Collision with vehicle","Friday","Day",2,2,"Cross intersection",3,50,"A",2008,"WAGON","LEXUS","Station Wagon","F",54,"50-59","Drivers"
"T20190023360","22/11/19",17:20:00,"Collision with vehicle","Friday","Day",2,2,"Cross intersection",3,50,"B",2015,"SEDAN","MASER","Car","M",29,"26-29","Drivers"
"T20190023361","22/11/19",16:27:00,"Collision with vehicle","Friday","Day",2,2,"Cross intersection",3,60,"A",2002,"SEDAN","TOYOTA","Car","M",27,"26-29","Drivers"
"T20190023361","22/11/19",16:27:00,"Collision with vehicle","Friday","Day",2,2,"Cross intersection",3,60,"B",2013,"WAGON","HOLDEN","Station Wagon","F",59,"50-59","Drivers"
"T20190023363","22/11/19",14:10:00,"Collision with vehicle","Friday","Day",2,2,"Cross intersection",3,50,"A",2018,"SEDAN","TOYOTA","Car","M",65,"64-69","Drivers"
"T20190023363","22/11/19",14:10:00,"Collision with vehicle","Friday","Day",2,2,"Cross intersection",3,50,"B",2002,"SEDAN","MITSUB","Car","F",19,"17-21","Drivers"
"T20190023364","22/11/19",17:40:00,"Collision with vehicle","Friday","Day",2,3,"T intersection",3,50,"A",2004,"COUPE","HOLDEN","Car","F",18,"17-21","Drivers"
"T20190023364","22/11/19",17:40:00,"Collision with vehicle","Friday","Day",2,3,"T intersection",3,50,"B",2011,"SEDAN","TOYOTA","Car","M",72,"70+","Drivers"
"T20190023365","22/11/19",15:20:00,"Collision with a fixed object","Friday","Day",1,1,"Not at intersection",3,999,"A",2013,"DC UTE","TOYOTA","Utility","M",20,"17-21","Drivers"
"T20190023366","22/11/19",17:15:00,"Collision with vehicle","Friday","Day",2,2,"T intersection",3,40,"A",2007,"SEDAN","TOYOTA","Car","M",53,"50-59","Drivers"
"T20190023366","22/11/19",17:15:00,"Collision with vehicle","Friday","Day",2,2,"T intersection",3,40,"B",2010,"SEDAN","FORD","Car","M",24,"22-25","Drivers"
"T20190023367","21/11/19",17:50:00,"Collision with vehicle","Thursday","Day",3,3,"Cross intersection",3,60,"A",2008,"SEDAN","REN","Car","M",59,"50-59","Drivers"
"T20190023367","21/11/19",17:50:00,"Collision with vehicle","Thursday","Day",3,3,"Cross intersection",3,60,"B",2014,"S WAG","HOLDEN","Station Wagon","M",43,"40-49","Drivers"
"T20190023367","21/11/19",17:50:00,"Collision with vehicle","Thursday","Day",3,3,"Cross intersection",3,60,"C",2013,"SEDAN","SUBARU","Car","M",66,"64-69","Drivers"
"T20190023368","22/11/19",17:41:00,"Collision with vehicle","Friday","Day",2,2,"Not at intersection",3,100,"A",2013,"UTIL","TOYOTA","Utility","M",53,"50-59","Drivers"
"T20190023369","22/11/19",15:00:00,"Collision with vehicle","Friday","Day",2,1,"Not at intersection",3,50,"A",1995,"SEDAN","MAZDA","Car","M",85,"70+","Drivers"
"T20190023371","22/11/19",17:55:00,"Collision with vehicle","Friday","Day",2,5,"Cross intersection",3,110,"A",2013,"WAGON","UNKN","Station Wagon","F",38,"30-39","Drivers"
"T20190023371","22/11/19",17:55:00,"Collision with vehicle","Friday","Day",2,5,"Cross intersection",3,110,"B",2012,"WAGON","TOYOTA","Station Wagon","F",30,"30-39","Drivers"
"T20190023372","22/11/19",19:00:00,"Collision with vehicle","Friday","Day",3,3,"Not at intersection",3,60,"A",2007,"S WAG","SUBARU","Station Wagon","M",46,"40-49","Drivers"
"T20190023372","22/11/19",19:00:00,"Collision with vehicle","Friday","Day",3,3,"Not at intersection",3,60,"B",2016,"WAGON","MAZDA","Station Wagon","M",35,"30-39","Drivers"
"T20190023372","22/11/19",19:00:00,"Collision with vehicle","Friday","Day",3,3,"Not at intersection",3,60,"C",2016,"SEDAN","KIA","Car","F",21,"17-21","Drivers"
"T20190023374","15/11/19",17:30:00,"Collision with vehicle","Friday","Dusk/Dawn",2,2,"Not at intersection",3,80,"A",2016,"SEDAN","SUZUKI","Car","F",43,"40-49","Drivers"
"T20190023374","15/11/19",17:30:00,"Collision with vehicle","Friday","Dusk/Dawn",2,2,"Not at intersection",3,80,"B",2010,"WAGON","HOLDEN","Car","F",48,"40-49","Drivers"
"T20190023376","22/11/19",08:00:00,"Collision with vehicle","Friday","Day",2,2,"Cross intersection",3,50,"A",2015,"COUPE","SUBARU","Car","M",19,"17-21","Drivers"
"T20190023378","22/11/19",19:23:00,"Collision with vehicle","Friday","Dusk/Dawn",2,2,"T intersection",3,40,"A",2017,"SEDAN","HOLDEN","Car","M",53,"50-59","Drivers"
"T20190023379","22/11/19",20:09:00,"Collision with vehicle","Friday","Dark Street lights on",2,2,"Not at intersection",3,60,"A",2006,"UTIL","HOLDEN","Utility","M",33,"30-39","Drivers"
"T20190023379","22/11/19",20:09:00,"Collision with vehicle","Friday","Dark Street lights on",2,2,"Not at intersection",3,60,"B",2007,"SEDAN","TOYOTA","Car","M",18,"17-21","Drivers"
"T20190023380","22/11/19",20:48:00,"Collision with vehicle","Friday","Dark Street lights on",5,1,"Not at intersection",3,50,"C",2007,"SEDAN","FORD","Car","M",48,"40-49","Drivers"
"T20190023383","22/11/19",15:39:00,"Struck Pedestrian","Friday","Day",1,3,"T intersection",3,50,"A",2001,"SEDAN","HOLDEN","Car","U",15,"13-15","Drivers"
"T20190023385","22/11/19",22:05:00,"Collision with vehicle","Friday","Dark No street lights",2,4,"Cross intersection",3,100,"A",2008,"WAGON","HOLDEN","Station Wagon","M",19,"17-21","Drivers"
"T20190023385","22/11/19",22:05:00,"Collision with vehicle","Friday","Dark No street lights",2,4,"Cross intersection",3,100,"B",2000,"SEDAN","FORD","Car","F",20,"17-21","Drivers"
"T20190023386","23/11/19",00:30:00,"Collision with vehicle","Saturday","Dark Street lights on",2,5,"Cross intersection",3,50,"A",1989,"COUPE","B M W","Car","M",29,"26-29","Drivers"
"T20190023386","23/11/19",00:30:00,"Collision with vehicle","Saturday","Dark Street lights on",2,5,"Cross intersection",3,50,"B",2004,"UTIL","FORD","Utility","M",27,"26-29","Drivers"
"T20190023387","22/11/19",21:00:00,"Struck Pedestrian","Friday","Dark Street lights on",1,2,"T intersection",3,60,"A",2019,"WAGON","NISSAN","Station Wagon","M",22,"22-25","Drivers"
"T20190023392","22/11/19",22:45:00,"Collision with a fixed object","Friday","Dark Street lights on",1,1,"Not at intersection",3,50,"A",2009,"SEDAN","MITSUB","Car","M",22,"22-25","Drivers"
"T20190023395","14/11/19",10:13:00,"Collision with vehicle","Thursday","Day",2,2,"T intersection",3,60,"A",2010,"TRAY","FORD","Car","M",45,"40-49","Drivers"
"T20190023395","14/11/19",10:13:00,"Collision with vehicle","Thursday","Day",2,2,"T intersection",3,60,"B",0,"SEDAN","HOLDEN","Car","M",64,"60-64","Drivers"
"T20190023396","29/10/19",14:59:00,"Collision with vehicle","Tuesday","Day",2,3,"Not at intersection",3,80,"A",2013,"SEDAN","NISSAN","Car","F",57,"50-59","Drivers"
"T20190023396","29/10/19",14:59:00,"Collision with vehicle","Tuesday","Day",2,3,"Not at intersection",3,80,"B",2014,"P MVR","W STAR","Prime Mover - Single Trailer","M",78,"70+","Drivers"
"T20190023403","23/11/19",09:40:00,"Collision with a fixed object","Saturday","Day",1,1,"Not at intersection",2,60,"A",2011,"WAGON","KIA","Station Wagon","F",27,"26-29","Drivers"
"T20190023405","23/11/19",10:38:00,"Collision with vehicle","Saturday","Day",2,5,"Not at intersection",3,110,"A",2015,"SEDAN","SKODA","Car","M",52,"50-59","Drivers"
"T20190023405","23/11/19",10:38:00,"Collision with vehicle","Saturday","Day",2,5,"Not at intersection",3,110,"B",2018,"SEDAN","HONDA","Car","F",20,"17-21","Drivers"
"T20190023407","15/11/19",15:00:00,"Collision with vehicle","Friday","Day",2,3,"Not at intersection",3,50,"A",2016,"SEDAN","VOLKS","Car","M",75,"70+","Drivers"
"T20190023407","15/11/19",15:00:00,"Collision with vehicle","Friday","Day",2,3,"Not at intersection",3,50,"B",2013,"WAGON","HOLDEN","Car","M",44,"40-49","Drivers"
"T20190023409","23/11/19",11:57:00,"Collision with vehicle","Saturday","Day",2,2,"T intersection",3,80,"A",2018,"SEDAN","TOYOTA","Car","F",78,"70+","Drivers"
"T20190023409","23/11/19",11:57:00,"Collision with vehicle","Saturday","Day",2,2,"T intersection",3,80,"B",2018,"WAGON","MITSUB","Station Wagon","F",30,"30-39","Drivers"
"T20190023416","23/11/19",08:15:00,"Collision with vehicle","Saturday","Day",2,2,"T intersection",3,60,"A",2007,"SEDAN","TOYOTA","Car","F",24,"22-25","Drivers"
"T20190023416","23/11/19",08:15:00,"Collision with vehicle","Saturday","Day",2,2,"T intersection",3,60,"B",2015,"WAGON","SUBARU","Station Wagon","F",55,"50-59","Drivers"
"T20190023418","23/11/19",11:45:00,"Collision with vehicle","Saturday","Day",2,4,"T intersection",3,60,"A",2011,"SEDAN","HOLDEN","Car","M",24,"22-25","Drivers"
"T20190023418","23/11/19",11:45:00,"Collision with vehicle","Saturday","Day",2,4,"T intersection",3,60,"B",2019,"UTIL","TOYOTA","Utility","M",20,"17-21","Drivers"
"T20190023420","23/11/19",13:18:00,"Collision with vehicle","Saturday","Day",3,3,"Not at intersection",3,80,"A",2013,"DC UTE","NISSAN","Utility","M",22,"22-25","Drivers"
"T20190023420","23/11/19",13:18:00,"Collision with vehicle","Saturday","Day",3,3,"Not at intersection",3,80,"B",2017,"SEDAN","TOYOTA","Car","F",42,"40-49","Drivers"
"T20190023420","23/11/19",13:18:00,"Collision with vehicle","Saturday","Day",3,3,"Not at intersection",3,80,"C",2006,"SEDAN","MERC B","Car","M",30,"30-39","Drivers"
"T20190023421","22/11/19",21:10:00,"Collision with vehicle","Friday","Dusk/Dawn",2,2,"Not at intersection",3,40,"A",2018,"SEDAN","SKODA","Car","M",22,"22-25","Drivers"
"T20190023421","22/11/19",21:10:00,"Collision with vehicle","Friday","Dusk/Dawn",2,2,"Not at intersection",3,40,"B",2015,"WAGON","HOLDEN","Station Wagon","F",18,"17-21","Drivers"
"T20190023422","23/11/19",12:35:00,"Collision with vehicle","Saturday","Day",3,5,"Cross intersection",3,100,"A",1999,"S WAG","HOLDEN","Station Wagon","F",18,"17-21","Drivers"
"T20190023422","23/11/19",12:35:00,"Collision with vehicle","Saturday","Day",3,5,"Cross intersection",3,100,"B",2003,"SEDAN","HOLDEN","Car","M",43,"40-49","Drivers"
"T20190023422","23/11/19",12:35:00,"Collision with vehicle","Saturday","Day",3,5,"Cross intersection",3,100,"C",2013,"WAGON","HOLDEN","Station Wagon","F",68,"64-69","Drivers"
"T20190023424","23/11/19",13:29:00,"Collision with vehicle","Saturday","Day",2,6,"Cross intersection",3,50,"A",2006,"TRAY","FORD","Utility","M",32,"30-39","Drivers"
"T20190023424","23/11/19",13:29:00,"Collision with vehicle","Saturday","Day",2,6,"Cross intersection",3,50,"B",2015,"SEDAN","VOLKS","Car","F",28,"26-29","Drivers"
"T20190023425","23/11/19",12:50:00,"Collision with vehicle","Saturday","Day",2,2,"Cross intersection",3,60,"A",2009,"SEDAN","HONDA","Car","F",26,"26-29","Drivers"
"T20190023425","23/11/19",12:50:00,"Collision with vehicle","Saturday","Day",2,2,"Cross intersection",3,60,"B",2014,"TOURER","FIAT","Car","F",61,"60-64","Drivers"
"T20190023426","23/11/19",11:50:00,"Collision with vehicle","Saturday","Day",3,3,"Not at intersection",3,100,"A",2008,"SEDAN","FORD","Car","M",58,"50-59","Drivers"
"T20190023426","23/11/19",11:50:00,"Collision with vehicle","Saturday","Day",3,3,"Not at intersection",3,100,"B",2016,"VAN","MERC B","Panel Van","M",41,"40-49","Drivers"
"T20190023426","23/11/19",11:50:00,"Collision with vehicle","Saturday","Day",3,3,"Not at intersection",3,100,"C",2015,"WAGON","HOLDEN","Station Wagon","M",52,"50-59","Drivers"
"T20190023429","23/11/19",14:40:00,"Collision with vehicle","Saturday","Day",3,7,"Not at intersection",3,80,"A",2018,"WAGON","MITSUB","Station Wagon","F",65,"64-69","Drivers"
"T20190023429","23/11/19",14:40:00,"Collision with vehicle","Saturday","Day",3,7,"Not at intersection",3,80,"B",2010,"WAGON","L ROV","Station Wagon","M",45,"40-49","Drivers"
"T20190023429","23/11/19",14:40:00,"Collision with vehicle","Saturday","Day",3,7,"Not at intersection",3,80,"C",2009,"SEDAN","MITSUB","Car","M",32,"30-39","Drivers"
"T20190023431","21/11/19",16:15:00,"Collision with vehicle","Thursday","Day",2,2,"Not at intersection",3,80,"A",2015,"SED","NISSAN","Car","F",54,"50-59","Drivers"
"T20190023433","23/11/19",14:40:00,"Collision with vehicle","Saturday","Day",2,6,"Cross intersection",3,70,"A",2010,"WAGON","HYNDAI","Station Wagon","M",37,"30-39","Drivers"
"T20190023433","23/11/19",14:40:00,"Collision with vehicle","Saturday","Day",2,6,"Cross intersection",3,70,"B",2002,"SEDAN","FORD","Car","F",59,"50-59","Drivers"
"T20190023434","23/11/19",14:19:00,"Collision with vehicle","Saturday","Day",2,2,"Not at intersection",3,100,"A",2007,"SEDAN","HONDA","Car","F",29,"26-29","Drivers"
"T20190023434","23/11/19",14:19:00,"Collision with vehicle","Saturday","Day",2,2,"Not at intersection",3,100,"B",2019,"UTIL","TOYOTA","Utility","M",57,"50-59","Drivers"
"T20190023436","23/11/19",14:25:00,"Collision with vehicle","Saturday","Day",2,3,"Not at intersection",3,80,"A",2006,"SEDAN","MAZDA","Car","F",18,"17-21","Drivers"
"T20190023436","23/11/19",14:25:00,"Collision with vehicle","Saturday","Day",2,3,"Not at intersection",3,80,"B",2018,"UTIL","MAZDA","Utility","M",42,"40-49","Drivers"
"T20190023437","23/11/19",15:25:00,"Collision with vehicle","Saturday","Day",2,7,"T intersection",3,70,"A",2005,"S WAG","TOYOTA","Station Wagon","F",35,"30-39","Drivers"
"T20190023437","23/11/19",15:25:00,"Collision with vehicle","Saturday","Day",2,7,"T intersection",3,70,"B",2015,"WAGON","FORD","Station Wagon","F",43,"40-49","Drivers"
"T20190023439","23/11/19",16:25:00,"collision with some other object","Saturday","Day",1,2,"Not at intersection",3,60,"A",2016,"WAGON","REN","Station Wagon","M",23,"22-25","Drivers"
"T20190023440","10/11/19",09:30:00,"Collision with vehicle","Sunday","Day",2,2,"Cross intersection",3,50,"A",2008,"SEDAN","HOLDEN","Car","F",47,"40-49","Drivers"
"T20190023440","10/11/19",09:30:00,"Collision with vehicle","Sunday","Day",2,2,"Cross intersection",3,50,"B",2002,"SEDAN","JAGUAR","Car","M",66,"64-69","Drivers"
"T20190023443","23/11/19",16:30:00,"Collision with vehicle","Saturday","Day",2,5,"T intersection",2,60,"A",2015,"SEDAN","SKODA","Car","M",61,"60-64","Drivers"
"T20190023443","23/11/19",16:30:00,"Collision with vehicle","Saturday","Day",2,5,"T intersection",2,60,"B",2011,"SEDAN","HYNDAI","Car","F",30,"30-39","Drivers"
"T20190023447","23/11/19",17:00:00,"Collision with vehicle","Saturday","Day",2,2,"T intersection",3,40,"A",2015,"WAGON","L ROV","Station Wagon","F",37,"30-39","Drivers"
"T20190023448","23/11/19",19:28:00,"Collision with vehicle","Saturday","Day",2,2,"Not at intersection",3,50,"A",2005,"DC UTE","TOYOTA","Utility","M",45,"40-49","Drivers"
"T20190023452","23/11/19",18:20:00,"Collision with vehicle","Saturday","Day",3,6,"Not at intersection",3,40,"A",2002,"SEDAN","HOLDEN","Car","F",72,"70+","Drivers"
"T20190023452","23/11/19",18:20:00,"Collision with vehicle","Saturday","Day",3,6,"Not at intersection",3,40,"B",2006,"SEDAN","TOYOTA","Car","F",44,"40-49","Drivers"
"T20190023452","23/11/19",18:20:00,"Collision with vehicle","Saturday","Day",3,6,"Not at intersection",3,40,"C",2010,"SEDAN","MAZDA","Car","F",51,"50-59","Drivers"
"T20190023457","23/11/19",16:50:00,"Collision with vehicle","Saturday","Day",4,4,"Not at intersection",3,50,"A",2004,"WAGON","TOYOTA","Station Wagon","M",27,"26-29","Drivers"
"T20190023457","23/11/19",16:50:00,"Collision with vehicle","Saturday","Day",4,4,"Not at intersection",3,50,"B",1993,"SEDAN","TOYOTA","Car","M",53,"50-59","Drivers"
"T20190023457","23/11/19",16:50:00,"Collision with vehicle","Saturday","Day",4,4,"Not at intersection",3,50,"C",2002,"S WAG","TOYOTA","Station Wagon","M",42,"40-49","Drivers"
"T20190023457","23/11/19",16:50:00,"Collision with vehicle","Saturday","Day",4,4,"Not at intersection",3,50,"D",2001,"SED","HONDA","Car","M",28,"26-29","Drivers"
"T20190023458","23/11/19",21:15:00,"Struck animal","Saturday","Dark No street lights",1,1,"Not at intersection",3,100,"A",2019,"SWV1","HONDA","Quad Bike","M",45,"40-49","Drivers"
"T20190023461","22/11/19",02:15:00,"Collision with a fixed object","Friday","Dark No street lights",1,1,"Not at intersection",3,100,"A",2003,"SEDAN","MAZDA","Car","M",28,"26-29","Drivers"
"T20190023467","24/11/19",00:27:00,"Collision with a fixed object","Sunday","Dark Street lights on",2,1,"Not at intersection",3,50,"A",2015,"SEDAN","VOLKS","Car","F",31,"30-39","Drivers"
"T20190023469","24/11/19",02:45:00,"Collision with a fixed object","Sunday","Dark No street lights",1,1,"Not at intersection",3,80,"A",2015,"DC UTE","NISSAN","Utility","M",21,"17-21","Drivers"
"T20190023470","24/11/19",00:30:00,"Collision with vehicle","Sunday","Dark Street lights on",2,2,"Not at intersection",3,50,"A",2005,"UTIL","FORD","Utility","M",28,"26-29","Drivers"
"T20190023472","24/11/19",05:35:00,"Collision with vehicle","Sunday","Dusk/Dawn",2,2,"T intersection",3,60,"A",2010,"SED","MAZDA","Car","M",26,"26-29","Drivers"
"T20190023472","24/11/19",05:35:00,"Collision with vehicle","Sunday","Dusk/Dawn",2,2,"T intersection",3,60,"B",2001,"SED","MITSUB","Car","F",78,"70+","Drivers"
"T20190023475","24/11/19",07:42:00,"Collision with a fixed object","Sunday","Day",1,1,"Not at intersection",3,60,"A",2000,"SEDAN","HOLDEN","Car","M",18,"17-21","Drivers"
"T20190023478","12/11/19",18:19:00,"Collision with vehicle","Tuesday","Day",3,3,"T intersection",3,60,"A",2009,"COUPE","FORD","Car","F",37,"30-39","Drivers"
"T20190023478","12/11/19",18:19:00,"Collision with vehicle","Tuesday","Day",3,3,"T intersection",3,60,"B",2003,"WAGON","NISSAN","Car","M",31,"30-39","Drivers"
"T20190023478","12/11/19",18:19:00,"Collision with vehicle","Tuesday","Day",3,3,"T intersection",3,60,"C",2014,"WAGON","TOYOTA","Car","F",50,"50-59","Drivers"
"T20190023479","24/11/19",10:35:00,"Collision with vehicle","Sunday","Day",2,2,"Cross intersection",3,40,"A",2001,"SEDAN","TOYOTA","Car","M",37,"30-39","Drivers"
"T20190023485","24/11/19",11:09:00,"Struck Pedestrian","Sunday","Day",1,2,"Cross intersection",3,50,"A",2018,"WAGON","MITSUB","Station Wagon","M",36,"30-39","Drivers"
"T20190023486","23/11/19",19:04:00,"Collision with vehicle","Saturday","Day",2,3,"Cross intersection",3,80,"A",2010,"SEDAN","FORD","Car","F",31,"30-39","Drivers"
"T20190023486","23/11/19",19:04:00,"Collision with vehicle","Saturday","Day",2,3,"Cross intersection",3,80,"B",2001,"DC UTE","HOLDEN","Utility","U",NA,"unknown","Drivers"
"T20190023487","24/11/19",11:38:00,"Collision with vehicle","Sunday","Day",4,7,"Not at intersection",3,100,"A",2018,"WAGON","TOYOTA","Station Wagon","M",53,"50-59","Drivers"
"T20190023487","24/11/19",11:38:00,"Collision with vehicle","Sunday","Day",4,7,"Not at intersection",3,100,"B",1999,"SEDAN","HOLDEN","Car","M",61,"60-64","Drivers"
"T20190023487","24/11/19",11:38:00,"Collision with vehicle","Sunday","Day",4,7,"Not at intersection",3,100,"C",0,"S WAG","MITSUB","Station Wagon","F",26,"26-29","Drivers"
"T20190023487","24/11/19",11:38:00,"Collision with vehicle","Sunday","Day",4,7,"Not at intersection",3,100,"D",2018,"SEDAN","MAZDA","Car","M",77,"70+","Drivers"
"T20190023488","24/11/19",10:35:00,"Collision with vehicle","Sunday","Day",3,6,"T intersection",3,70,"A",2008,"TRAY","TOYOTA","Light Commercial Vehicle (Rigid) <= 4.5 Tonnes GVM","M",61,"60-64","Drivers"
"T20190023488","24/11/19",10:35:00,"Collision with vehicle","Sunday","Day",3,6,"T intersection",3,70,"B",2017,"WAGON","HOLDEN","Station Wagon","F",68,"64-69","Drivers"
"T20190023488","24/11/19",10:35:00,"Collision with vehicle","Sunday","Day",3,6,"T intersection",3,70,"C",2009,"SEDAN","HOLDEN","Car","M",31,"30-39","Drivers"
"T20190023489","24/11/19",12:15:00,"Collision with vehicle","Sunday","Day",2,2,"Not at intersection",3,60,"A",2018,"S WAG","SUZUKI","Station Wagon","M",31,"30-39","Drivers"
"T20190023489","24/11/19",12:15:00,"Collision with vehicle","Sunday","Day",2,2,"Not at intersection",3,60,"B",2017,"SEDAN","TOYOTA","Car","F",25,"22-25","Drivers"
"T20190023490","24/11/19",10:04:00,"Struck Pedestrian","Sunday","Day",1,2,"Cross intersection",2,60,"A",2011,"SEDAN","HOLDEN","Car","F",32,"30-39","Drivers"
"T20190023491","24/11/19",11:39:00,"Collision with vehicle","Sunday","Day",2,5,"Not at intersection",3,60,"A",1994,"SEDAN","TOYOTA","Car","M",79,"70+","Drivers"
"T20190023491","24/11/19",11:39:00,"Collision with vehicle","Sunday","Day",2,5,"Not at intersection",3,60,"B",2009,"S WAG","NISSAN","Station Wagon","F",32,"30-39","Drivers"
"T20190023493","24/11/19",06:53:00,"Collision with vehicle","Sunday","Day",2,2,"T intersection",3,60,"A",2013,"WAGON","KIA","Station Wagon","M",29,"26-29","Drivers"
"T20190023493","24/11/19",06:53:00,"Collision with vehicle","Sunday","Day",2,2,"T intersection",3,60,"B",1998,"SEDAN","TOYOTA","Car","U",27,"26-29","Drivers"
"T20190023494","24/11/19",10:26:00,"Collision with vehicle","Sunday","Day",2,2,"Not at intersection",3,60,"A",2016,"SEDAN","TOYOTA","Car","M",35,"30-39","Drivers"
"T20190023497","20/11/19",09:00:00,"Collision with vehicle","Wednesday","Day",2,2,"Not at intersection",3,60,"A",2005,"WAGON","HONDA","Station Wagon","F",32,"30-39","Drivers"
"T20190023497","20/11/19",09:00:00,"Collision with vehicle","Wednesday","Day",2,2,"Not at intersection",3,60,"B",2008,"SEDAN","FORD","Car","M",39,"30-39","Drivers"
"T20190023498","20/11/19",16:15:00,"Collision with vehicle","Wednesday","Day",2,2,"Cross intersection",3,999,"A",2010,"WAGON","TOYOTA","Station Wagon","M",61,"60-64","Drivers"
"T20190023498","20/11/19",16:15:00,"Collision with vehicle","Wednesday","Day",2,2,"Cross intersection",3,999,"B",2008,"SEDAN","TOYOTA","Car","F",51,"50-59","Drivers"
"T20190023507","24/11/19",16:15:00,"Collision with vehicle","Sunday","Day",2,4,"Cross intersection",3,60,"A",2016,"WAGON","MAZDA","Station Wagon","M",26,"26-29","Drivers"
"T20190023507","24/11/19",16:15:00,"Collision with vehicle","Sunday","Day",2,4,"Cross intersection",3,60,"B",1998,"SED","HYUNDA","Car","M",42,"40-49","Drivers"
"T20190023508","24/11/19",16:20:00,"Collision with vehicle","Sunday","Day",2,4,"Cross intersection",3,100,"A",2004,"SEDAN","HOLDEN","Car","F",64,"60-64","Drivers"
"T20190023508","24/11/19",16:20:00,"Collision with vehicle","Sunday","Day",2,4,"Cross intersection",3,100,"B",2005,"TOURER","MERC B","Car","M",63,"60-64","Drivers"
"T20190023509","24/11/19",14:30:00,"Collision with vehicle","Sunday","Day",2,3,"T intersection",3,80,"A",2013,"SEDAN","TOYOTA","Car","M",35,"30-39","Drivers"
"T20190023509","24/11/19",14:30:00,"Collision with vehicle","Sunday","Day",2,3,"T intersection",3,80,"B",1999,"SEDAN","TOYOTA","Car","M",88,"70+","Drivers"
"T20190023513","24/11/19",17:29:00,"Collision with vehicle","Sunday","Day",4,5,"Not at intersection",3,60,"A",2002,"SEDAN","SUBARU","Car","M",39,"30-39","Drivers"
"T20190023513","24/11/19",17:29:00,"Collision with vehicle","Sunday","Day",4,5,"Not at intersection",3,60,"B",2008,"SEDAN","TOYOTA","Car","M",42,"40-49","Drivers"
"T20190023513","24/11/19",17:29:00,"Collision with vehicle","Sunday","Day",4,5,"Not at intersection",3,60,"C",2008,"S WAG","HOLDEN","Station Wagon","F",32,"30-39","Drivers"
"T20190023513","24/11/19",17:29:00,"Collision with vehicle","Sunday","Day",4,5,"Not at intersection",3,60,"D",2010,"WAGON","SUBARU","Station Wagon","M",40,"40-49","Drivers"
"T20190023514","22/11/19",17:05:00,"Collision with vehicle","Friday","Day",2,4,"T intersection",3,999,"A",2010,"WAGON","MAZDA","Station Wagon","M",39,"30-39","Drivers"