"ACCIDENT_NO","ACCIDENTDATE","ACCIDENTTIME","Accident Type Desc","Day Week Description","Light Condition Desc","NO_OF_VEHICLES","NO_PERSONS","Road Geometry Desc","SEVERITY","SPEED_ZONE","VEHICLE_ID","VEHICLE_YEAR_MANUF","VEHICLE_BODY_STYLE","VEHICLE_MAKE","Vehicle Type Desc","SEX","AGE","Age Group","Road User Type Desc"
"T20190023514","22/11/19",17:05:00,"Collision with vehicle","Friday","Day",2,4,"T intersection",3,999,"B",2006,"SEDAN","TOYOTA","Car","F",43,"40-49","Drivers"
"T20190023515","24/11/19",16:59:00,"Collision with vehicle","Sunday","Day",2,4,"Cross intersection",3,80,"A",2002,"SEDAN","TOYOTA","Car","M",80,"70+","Drivers"
"T20190023515","24/11/19",16:59:00,"Collision with vehicle","Sunday","Day",2,4,"Cross intersection",3,80,"B",2018,"WAGON","TOYOTA","Station Wagon","F",40,"40-49","Drivers"
"T20190023516","24/11/19",16:16:00,"Collision with a fixed object","Sunday","Day",1,1,"Not at intersection",1,60,"A",2000,"S WAG","SUBARU","Station Wagon","M",66,"64-69","Drivers"
"T20190023520","24/11/19",15:30:00,"Collision with vehicle","Sunday","Day",2,5,"Cross intersection",3,50,"A",2018,"WAGON","NISSAN","Station Wagon","M",39,"30-39","Drivers"
"T20190023520","24/11/19",15:30:00,"Collision with vehicle","Sunday","Day",2,5,"Cross intersection",3,50,"B",2004,"SEDAN","TOYOTA","Car","M",21,"17-21","Drivers"
"T20190023524","24/11/19",20:35:00,"Collision with a fixed object","Sunday","Dark Street lights on",1,1,"Not at intersection",2,888,"A",2010,"SEDAN","HOLDEN","Car","M",53,"50-59","Drivers"
"T20190023525","24/11/19",20:10:00,"Collision with vehicle","Sunday","Dusk/Dawn",2,1,"Not at intersection",3,60,"A",1995,"SEDAN","MAZDA","Car","M",34,"30-39","Drivers"
"T20190023527","24/11/19",20:36:00,"Collision with vehicle","Sunday","Dusk/Dawn",2,2,"Cross intersection",3,60,"A",2013,"UTIL","MITSUB","Utility","M",20,"17-21","Drivers"
"T20190023531","24/11/19",22:07:00,"Collision with vehicle","Sunday","Dark No street lights",2,2,"Cross intersection",3,100,"A",2012,"SEDAN","HYNDAI","Car","F",26,"26-29","Drivers"
"T20190023531","24/11/19",22:07:00,"Collision with vehicle","Sunday","Dark No street lights",2,2,"Cross intersection",3,100,"B",2011,"SEDAN","KIA","Car","U",32,"30-39","Drivers"
"T20190023534","23/8/19",21:05:00,"Collision with vehicle","Friday","Dark Street lights unknown",2,2,"T intersection",3,999,"A",2015,"WAGON","VOLKS","Station Wagon","F",40,"40-49","Drivers"
"T20190023534","23/8/19",21:05:00,"Collision with vehicle","Friday","Dark Street lights unknown",2,2,"T intersection",3,999,"B",2018,"SEDAN","AUDI","Car","F",60,"60-64","Drivers"
"T20190023536","15/11/19",17:30:00,"Collision with vehicle","Friday","Day",2,2,"Not at intersection",3,60,"A",2016,"WAGON","HOLDEN","Station Wagon","F",45,"40-49","Drivers"
"T20190023539","21/10/19",22:00:00,"Collision with vehicle","Monday","Dark Street lights unknown",2,2,"Cross intersection",3,40,"B",2019,"SEDAN","TOYOTA","Car","U",19,"17-21","Drivers"
"T20190023541","6/11/19",16:37:00,"Collision with a fixed object","Wednesday","Day",1,1,"Not at intersection",3,100,"A",2004,"UTIL","HOLDEN","Utility","M",55,"50-59","Drivers"
"T20190023546","25/11/19",06:50:00,"Collision with vehicle","Monday","Day",3,3,"Not at intersection",3,80,"A",2015,"BUS","SCANIA","Bus/Coach","M",35,"30-39","Drivers"
"T20190023546","25/11/19",06:50:00,"Collision with vehicle","Monday","Day",3,3,"Not at intersection",3,80,"B",2019,"SEDAN","HONDA","Car","M",44,"40-49","Drivers"
"T20190023546","25/11/19",06:50:00,"Collision with vehicle","Monday","Day",3,3,"Not at intersection",3,80,"C",2017,"UTIL","NISSAN","Utility","M",40,"40-49","Drivers"
"T20190023547","22/11/19",22:50:00,"Collision with a fixed object","Friday","Dark No street lights",1,1,"Not at intersection",3,100,"A",2003,"SEDAN","SUBARU","Car","M",24,"22-25","Drivers"
"T20190023548","25/11/19",07:27:00,"Collision with vehicle","Monday","Day",3,3,"Not at intersection",3,100,"A",2010,"SEDAN","HOLDEN","Car","M",19,"17-21","Drivers"
"T20190023548","25/11/19",07:27:00,"Collision with vehicle","Monday","Day",3,3,"Not at intersection",3,100,"B",2000,"S WAG","HOLDEN","Car","M",34,"30-39","Drivers"
"T20190023548","25/11/19",07:27:00,"Collision with vehicle","Monday","Day",3,3,"Not at intersection",3,100,"C",2007,"WAGON","AUDI","Car","F",31,"30-39","Drivers"
"T20190023549","25/11/19",06:50:00,"Collision with vehicle","Monday","Day",2,2,"Y intersection",3,80,"A",1988,"COUPE","UNKN","Car","M",57,"50-59","Drivers"
"T20190023554","25/11/19",07:00:00,"Collision with a fixed object","Monday","Day",1,1,"Not at intersection",3,80,"A",2003,"UTIL","HOLDEN","Utility","M",32,"30-39","Drivers"
"T20190023555","25/11/19",06:40:00,"Collision with vehicle","Monday","Day",3,3,"Not at intersection",3,100,"B",2011,"SEDAN","HOLDEN","Car","M",65,"64-69","Drivers"
"T20190023555","25/11/19",06:40:00,"Collision with vehicle","Monday","Day",3,3,"Not at intersection",3,100,"C",2007,"SEDAN","HYNDAI","Car","M",28,"26-29","Drivers"
"T20190023556","23/11/19",00:53:00,"Collision with a fixed object","Saturday","Dark Street lights on",1,2,"T intersection",3,80,"A",2010,"SEDAN","TOYOTA","Car","F",22,"22-25","Drivers"
"T20190023557","25/11/19",06:45:00,"Collision with vehicle","Monday","Day",2,2,"Cross intersection",3,60,"A",2005,"SEDAN","TOYOTA","Car","F",29,"26-29","Drivers"
"T20190023557","25/11/19",06:45:00,"Collision with vehicle","Monday","Day",2,2,"Cross intersection",3,60,"B",2006,"WAGON","HOLDEN","Station Wagon","M",56,"50-59","Drivers"
"T20190023559","25/11/19",08:00:00,"Vehicle overturned (no collision)","Monday","Day",2,2,"Not at intersection",3,50,"A",2008,"WAGON","FORD","Station Wagon","M",45,"40-49","Drivers"
"T20190023560","25/11/19",07:30:00,"Collision with vehicle","Monday","Day",2,4,"Cross intersection",3,100,"A",0,"SED","SUB","Car","M",74,"70+","Drivers"
"T20190023560","25/11/19",07:30:00,"Collision with vehicle","Monday","Day",2,4,"Cross intersection",3,100,"B",2018,"UTIL","TOYOTA","Utility","M",30,"30-39","Drivers"
"T20190023561","25/11/19",08:30:00,"Collision with vehicle","Monday","Day",2,3,"T intersection",3,60,"A",2010,"SEDAN","MITSUB","Car","F",53,"50-59","Drivers"
"T20190023561","25/11/19",08:30:00,"Collision with vehicle","Monday","Day",2,3,"T intersection",3,60,"B",2006,"SEDAN","TOYOTA","Car","F",55,"50-59","Drivers"
"T20190023563","25/11/19",09:15:00,"Collision with vehicle","Monday","Day",3,3,"Not at intersection",3,80,"A",2009,"SEDAN","FORD","Car","F",43,"40-49","Drivers"
"T20190023563","25/11/19",09:15:00,"Collision with vehicle","Monday","Day",3,3,"Not at intersection",3,80,"B",2010,"WAGON","MAZDA","Station Wagon","F",30,"30-39","Drivers"
"T20190023563","25/11/19",09:15:00,"Collision with vehicle","Monday","Day",3,3,"Not at intersection",3,80,"C",2015,"SEDAN","VOLKS","Car","F",23,"22-25","Drivers"
"T20190023566","25/11/19",07:03:00,"Collision with vehicle","Monday","Day",2,2,"Cross intersection",3,80,"A",2000,"UTIL","NISSAN","Utility","M",19,"17-21","Drivers"
"T20190023566","25/11/19",07:03:00,"Collision with vehicle","Monday","Day",2,2,"Cross intersection",3,80,"B",2006,"SEDAN","FORD","Car","M",47,"40-49","Drivers"
"T20190023567","14/11/19",13:45:00,"Collision with vehicle","Thursday","Day",2,2,"T intersection",3,40,"A",2015,"WAGON","MAZDA","Station Wagon","F",65,"64-69","Drivers"
"T20190023569","25/11/19",11:40:00,"Collision with vehicle","Monday","Day",2,3,"Not at intersection",3,60,"B",2016,"VAN","HYNDAI","Panel Van","M",40,"40-49","Drivers"
"T20190023570","24/11/19",12:00:00,"Vehicle overturned (no collision)","Sunday","Day",2,2,"Multiple intersection",3,999,"B",2012,"WAGON","KIA","Station Wagon","F",38,"30-39","Drivers"
"T20190023573","22/11/19",16:55:00,"Collision with vehicle","Friday","Day",2,2,"Not at intersection",3,100,"A",1999,"SEDAN","TOYOTA","Car","F",62,"60-64","Drivers"
"T20190023573","22/11/19",16:55:00,"Collision with vehicle","Friday","Day",2,2,"Not at intersection",3,100,"B",2004,"SEDAN","MAZDA","Car","M",42,"40-49","Drivers"
"T20190023575","24/11/19",15:50:00,"Collision with vehicle","Sunday","Unknown",2,2,"Cross intersection",3,40,"B",2012,"WAGON","AUDI","Car","F",45,"40-49","Drivers"
"T20190023577","25/11/19",12:09:00,"Collision with vehicle","Monday","Day",2,4,"Cross intersection",3,50,"A",2018,"SEDAN","HOLDEN","Car","F",38,"30-39","Drivers"
"T20190023577","25/11/19",12:09:00,"Collision with vehicle","Monday","Day",2,4,"Cross intersection",3,50,"B",2015,"WAGON","MAZDA","Station Wagon","F",23,"22-25","Drivers"
"T20190023578","25/11/19",12:30:00,"Collision with vehicle","Monday","Day",2,2,"T intersection",3,50,"A",2014,"WAGON","TOYOTA","Station Wagon","F",61,"60-64","Drivers"
"T20190023579","25/11/19",09:20:00,"Collision with vehicle","Monday","Day",2,2,"Cross intersection",3,50,"A",2015,"WAGON","HOLDEN","Station Wagon","F",54,"50-59","Drivers"
"T20190023581","25/11/19",08:57:00,"Collision with vehicle","Monday","Day",2,2,"Cross intersection",3,60,"B",2005,"SEDAN","TOYOTA","Car","F",31,"30-39","Drivers"
"T20190023586","25/11/19",14:18:00,"Collision with vehicle","Monday","Day",2,2,"Cross intersection",3,100,"A",2013,"DC UTE","MITSUB","Utility","M",28,"26-29","Drivers"
"T20190023586","25/11/19",14:18:00,"Collision with vehicle","Monday","Day",2,2,"Cross intersection",3,100,"B",2017,"UTIL","ISUZU","Utility","M",51,"50-59","Drivers"
"T20190023587","25/11/19",14:45:00,"Collision with vehicle","Monday","Day",3,2,"Not at intersection",3,60,"A",2006,"WAGON","HONDA","Station Wagon","M",26,"26-29","Drivers"
"T20190023588","13/11/19",21:30:00,"Collision with a fixed object","Wednesday","Dark No street lights",2,2,"Cross intersection",3,60,"A",2012,"SEDAN","HOLDEN","Car","M",33,"30-39","Drivers"
"T20190023591","25/11/19",16:30:00,"Collision with vehicle","Monday","Day",2,2,"Not at intersection",3,60,"A",2001,"TRAY","NISSAN","Light Commercial Vehicle (Rigid) <= 4.5 Tonnes GVM","M",34,"30-39","Drivers"
"T20190023593","25/11/19",10:50:00,"Collision with vehicle","Monday","Unknown",2,2,"T intersection",3,80,"A",2017,"SEDAN","MITSUB","Car","F",49,"40-49","Drivers"
"T20190023593","25/11/19",10:50:00,"Collision with vehicle","Monday","Unknown",2,2,"T intersection",3,80,"B",2003,"RDSTR","MERC B","Car","F",73,"70+","Drivers"
"T20190023595","24/11/19",17:50:00,"Collision with vehicle","Sunday","Day",2,2,"Not at intersection",3,60,"A",2016,"SEDAN","B M W","Car","F",57,"50-59","Drivers"
"T20190023598","23/11/19",09:30:00,"Collision with vehicle","Saturday","Day",2,3,"T intersection",3,50,"A",2016,"SEDAN","HYNDAI","Car","F",77,"70+","Drivers"
"T20190023598","23/11/19",09:30:00,"Collision with vehicle","Saturday","Day",2,3,"T intersection",3,50,"B",2016,"WAGON","MAZDA","Station Wagon","F",25,"22-25","Drivers"
"T20190023599","25/11/19",16:07:00,"Collision with vehicle","Monday","Day",3,3,"Not at intersection",3,60,"B",2012,"SEDAN","HOLDEN","Car","M",61,"60-64","Drivers"
"T20190023599","25/11/19",16:07:00,"Collision with vehicle","Monday","Day",3,3,"Not at intersection",3,60,"C",2007,"WAGON","TOYOTA","Station Wagon","U",NA,"unknown","Drivers"
"T20190023601","20/11/19",18:10:00,"Struck Pedestrian","Wednesday","Day",1,2,"Cross intersection",3,60,"A",2010,"DC UTE","TOYOTA","Utility","M",70,"70+","Drivers"
"T20190023605","6/11/19",07:05:00,"Collision with vehicle","Wednesday","Dusk/Dawn",2,2,"Cross intersection",3,999,"A",2015,"SEDAN","MAZDA","Car","M",59,"50-59","Drivers"
"T20190023605","6/11/19",07:05:00,"Collision with vehicle","Wednesday","Dusk/Dawn",2,2,"Cross intersection",3,999,"B",1999,"TRAY","NISSAN","Light Commercial Vehicle (Rigid) <= 4.5 Tonnes GVM","F",49,"40-49","Drivers"
"T20190023608","25/11/19",17:17:00,"Struck Pedestrian","Monday","Day",1,4,"Cross intersection",3,60,"A",2010,"SEDAN","MITSUB","Car","M",20,"17-21","Drivers"
"T20190023610","23/11/19",11:58:00,"Collision with vehicle","Saturday","Day",2,2,"Not at intersection",3,70,"A",2017,"S WAG","HONDA","Station Wagon","M",36,"30-39","Drivers"
"T20190023611","25/11/19",19:54:00,"Collision with a fixed object","Monday","Dusk/Dawn",1,1,"Multiple intersection",3,100,"A",2008,"SEDAN","HOLDEN","Car","F",18,"17-21","Drivers"
"T20190023612","25/11/19",19:00:00,"Collision with vehicle","Monday","Day",2,2,"Not at intersection",3,80,"A",2017,"SEDAN","HOLDEN","Car","F",23,"22-25","Drivers"
"T20190023612","25/11/19",19:00:00,"Collision with vehicle","Monday","Day",2,2,"Not at intersection",3,80,"B",2017,"SEDAN","HYNDAI","Car","M",24,"22-25","Drivers"
"T20190023613","24/11/19",11:50:00,"Collision with vehicle","Sunday","Day",2,3,"T intersection",3,50,"A",2010,"SEDAN","TOYOTA","Car","M",22,"22-25","Drivers"
"T20190023613","24/11/19",11:50:00,"Collision with vehicle","Sunday","Day",2,3,"T intersection",3,50,"B",1999,"SEDAN","HONDA","Car","M",86,"70+","Drivers"
"T20190023616","20/11/19",17:30:00,"Collision with vehicle","Wednesday","Unknown",2,2,"Not at intersection",3,999,"A",2017,"COUPE","FORD","Car","M",43,"40-49","Drivers"
"T20190023619","26/11/19",00:35:00,"Collision with a fixed object","Tuesday","Dark Street lights on",1,1,"Not at intersection",3,60,"A",2004,"SEDAN","HOLDEN","Car","M",23,"22-25","Drivers"
"T20190023621","26/11/19",07:30:00,"Collision with vehicle","Tuesday","Day",2,6,"Cross intersection",2,60,"A",2013,"SEDAN","HYNDAI","Car","F",74,"70+","Drivers"
"T20190023621","26/11/19",07:30:00,"Collision with vehicle","Tuesday","Day",2,6,"Cross intersection",2,60,"B",0,"IND/CN","TOYOTA","Car","M",24,"22-25","Drivers"
"T20190023622","13/9/19",16:00:00,"Collision with vehicle","Friday","Day",2,2,"Cross intersection",3,60,"B",0,"SEDAN","UNKN","Car","U",NA,"unknown","Drivers"
"T20190023624","20/11/19",14:30:00,"Collision with vehicle","Wednesday","Day",2,2,"Not at intersection",3,70,"A",2002,"S WAG","SUBARU","Station Wagon","M",39,"30-39","Drivers"
"T20190023624","20/11/19",14:30:00,"Collision with vehicle","Wednesday","Day",2,2,"Not at intersection",3,70,"B",2004,"SEDAN","HOLDEN","Car","M",18,"17-21","Drivers"
"T20190023628","26/11/19",09:15:00,"Collision with vehicle","Tuesday","Day",2,2,"T intersection",3,60,"A",2002,"SEDAN","FORD","Car","M",49,"40-49","Drivers"
"T20190023628","26/11/19",09:15:00,"Collision with vehicle","Tuesday","Day",2,2,"T intersection",3,60,"B",2009,"SEDAN","HOLDEN","Car","M",26,"26-29","Drivers"
"T20190023633","26/11/19",08:56:00,"Collision with vehicle","Tuesday","Day",2,2,"T intersection",3,50,"A",2015,"SEDAN","HOLDEN","Car","F",25,"22-25","Drivers"
"T20190023633","26/11/19",08:56:00,"Collision with vehicle","Tuesday","Day",2,2,"T intersection",3,50,"B",0,"SEDAN","UNKN","Car","U",NA,"unknown","Drivers"
"T20190023636","26/11/19",09:28:00,"Collision with vehicle","Tuesday","Day",2,2,"Not at intersection",3,40,"A",2014,"SEDAN","UNKN","Car","F",30,"30-39","Drivers"
"T20190023636","26/11/19",09:28:00,"Collision with vehicle","Tuesday","Day",2,2,"Not at intersection",3,40,"B",2017,"SEDAN","TOYOTA","Car","F",33,"30-39","Drivers"
"T20190023638","26/11/19",10:25:00,"Struck Pedestrian","Tuesday","Day",3,2,"Not at intersection",3,50,"C",2003,"SEDAN","FORD","Car","F",43,"40-49","Drivers"
"T20190023640","25/11/19",16:00:00,"Collision with vehicle","Monday","Day",2,4,"Not at intersection",3,80,"A",2019,"WAGON","MERC B","Station Wagon","F",59,"50-59","Drivers"
"T20190023640","25/11/19",16:00:00,"Collision with vehicle","Monday","Day",2,4,"Not at intersection",3,80,"B",2012,"WAGON","FORD","Station Wagon","F",42,"40-49","Drivers"
"T20190023641","25/11/19",12:10:00,"Collision with vehicle","Monday","Day",2,3,"T intersection",3,70,"A",2003,"SEDAN","HOLDEN","Car","M",71,"70+","Drivers"
"T20190023641","25/11/19",12:10:00,"Collision with vehicle","Monday","Day",2,3,"T intersection",3,70,"B",2008,"BUS","MERC B","Bus/Coach","M",68,"64-69","Drivers"
"T20190023642","26/11/19",07:30:00,"Collision with vehicle","Tuesday","Day",3,7,"T intersection",3,50,"A",1998,"SEDAN","HONDA","Car","M",19,"17-21","Drivers"
"T20190023642","26/11/19",07:30:00,"Collision with vehicle","Tuesday","Day",3,7,"T intersection",3,50,"B",2018,"TRAY","HINO","Light Commercial Vehicle (Rigid) <= 4.5 Tonnes GVM","M",31,"30-39","Drivers"
"T20190023642","26/11/19",07:30:00,"Collision with vehicle","Tuesday","Day",3,7,"T intersection",3,50,"C",2007,"WAGON","TOYOTA","Station Wagon","F",45,"40-49","Drivers"
"T20190023643","26/11/19",11:33:00,"Collision with vehicle","Tuesday","Day",2,4,"Cross intersection",3,60,"A",2006,"SEDAN","FORD","Car","F",35,"30-39","Drivers"
"T20190023643","26/11/19",11:33:00,"Collision with vehicle","Tuesday","Day",2,4,"Cross intersection",3,60,"B",2009,"SEDAN","FORD","Car","F",20,"17-21","Drivers"
"T20190023644","24/11/19",16:15:00,"Collision with vehicle","Sunday","Day",2,2,"Cross intersection",3,80,"A",2013,"WAGON","TOYOTA","Station Wagon","F",59,"50-59","Drivers"
"T20190023644","24/11/19",16:15:00,"Collision with vehicle","Sunday","Day",2,2,"Cross intersection",3,80,"B",2005,"WAGON","FORD","Station Wagon","M",34,"30-39","Drivers"
"T20190023648","23/10/19",15:50:00,"Collision with vehicle","Wednesday","Day",2,3,"T intersection",3,60,"A",2014,"SEDAN","MAZDA","Car","F",25,"22-25","Drivers"
"T20190023648","23/10/19",15:50:00,"Collision with vehicle","Wednesday","Day",2,3,"T intersection",3,60,"B",2014,"SEDAN","MAZDA","Car","F",36,"30-39","Drivers"
"T20190023651","26/11/19",10:02:00,"Collision with vehicle","Tuesday","Day",2,9,"Cross intersection",3,70,"A",2015,"P MVR","SCANIA","Prime Mover Only","M",47,"40-49","Drivers"
"T20190023651","26/11/19",10:02:00,"Collision with vehicle","Tuesday","Day",2,9,"Cross intersection",3,70,"B",2004,"BUS","SCANIA","Bus/Coach","M",48,"40-49","Drivers"
"T20190023652","16/9/19",14:15:00,"Collision with vehicle","Monday","Day",2,3,"Not at intersection",3,70,"A",2014,"WAGON","NISSAN","Station Wagon","F",33,"30-39","Drivers"
"T20190023652","16/9/19",14:15:00,"Collision with vehicle","Monday","Day",2,3,"Not at intersection",3,70,"B",2014,"DC UTE","TOYOTA","Utility","M",25,"22-25","Drivers"
"T20190023653","26/11/19",08:00:00,"Collision with vehicle","Tuesday","Day",2,2,"Not at intersection",3,60,"A",2015,"WAGON","MAZDA","Station Wagon","F",36,"30-39","Drivers"
"T20190023653","26/11/19",08:00:00,"Collision with vehicle","Tuesday","Day",2,2,"Not at intersection",3,60,"B",2001,"SEDAN","AUDI","Car","M",39,"30-39","Drivers"
"T20190023655","27/6/19",15:38:00,"Collision with vehicle","Thursday","Day",2,4,"Cross intersection",3,60,"A",2010,"WAGON","TOYOTA","Station Wagon","F",62,"60-64","Drivers"
"T20190023655","27/6/19",15:38:00,"Collision with vehicle","Thursday","Day",2,4,"Cross intersection",3,60,"B",2016,"DC UTE","TOYOTA","Utility","M",35,"30-39","Drivers"
"T20190023658","19/11/19",17:30:00,"Collision with vehicle","Tuesday","Unknown",3,3,"Not at intersection",3,70,"A",2013,"DC UTE","TOYOTA","Utility","M",24,"22-25","Drivers"
"T20190023658","19/11/19",17:30:00,"Collision with vehicle","Tuesday","Unknown",3,3,"Not at intersection",3,70,"B",2013,"SEDAN","MAZDA","Car","U",NA,"unknown","Drivers"
"T20190023658","19/11/19",17:30:00,"Collision with vehicle","Tuesday","Unknown",3,3,"Not at intersection",3,70,"C",2011,"SEDAN","FORD","Car","U",NA,"unknown","Drivers"
"T20190023659","26/11/19",11:15:00,"Struck Pedestrian","Tuesday","Day",1,2,"T intersection",2,60,"A",2005,"VAN","MERC B","Panel Van","M",52,"50-59","Drivers"
"T20190023660","26/11/19",13:19:00,"Collision with vehicle","Tuesday","Day",3,5,"Cross intersection",3,60,"A",2004,"S WAG","TOYOTA","Station Wagon","F",40,"40-49","Drivers"
"T20190023660","26/11/19",13:19:00,"Collision with vehicle","Tuesday","Day",3,5,"Cross intersection",3,60,"B",2004,"S WAG","TOYOTA","Station Wagon","F",35,"30-39","Drivers"
"T20190023660","26/11/19",13:19:00,"Collision with vehicle","Tuesday","Day",3,5,"Cross intersection",3,60,"C",2013,"WAGON","B M W","Station Wagon","M",22,"22-25","Drivers"
"T20190023661","26/11/19",13:56:00,"Collision with vehicle","Tuesday","Day",2,2,"Cross intersection",3,80,"A",2006,"WAGON","HONDA","Station Wagon","F",72,"70+","Drivers"
"T20190023661","26/11/19",13:56:00,"Collision with vehicle","Tuesday","Day",2,2,"Cross intersection",3,80,"B",2016,"SEDAN","KIA","Car","F",74,"70+","Drivers"
"T20190023664","25/11/19",11:30:00,"Struck animal","Monday","Day",1,2,"Not at intersection",3,100,"A",2004,"S WAG","TOYOTA","Station Wagon","M",40,"40-49","Drivers"
"T20190023665","26/11/19",06:48:00,"Collision with vehicle","Tuesday","Day",2,2,"Not at intersection",3,60,"A",2012,"SEDAN","KIA","Car","M",66,"64-69","Drivers"
"T20190023667","21/11/19",15:28:00,"Collision with vehicle","Thursday","Day",2,2,"Not at intersection",3,60,"A",2014,"SEDAN","MAZDA","Car","F",18,"17-21","Drivers"
"T20190023667","21/11/19",15:28:00,"Collision with vehicle","Thursday","Day",2,2,"Not at intersection",3,60,"B",2016,"WAGON","MAZDA","Station Wagon","F",58,"50-59","Drivers"
"T20190023668","25/11/19",17:30:00,"Collision with vehicle","Monday","Day",2,2,"T intersection",3,50,"B",2015,"SEDAN","HOLDEN","Car","M",56,"50-59","Drivers"
"T20190023669","26/11/19",14:37:00,"Collision with a fixed object","Tuesday","Day",1,1,"Not at intersection",3,80,"A",2006,"DC UTE","NISSAN","Utility","M",62,"60-64","Drivers"
"T20190023670","26/11/19",12:38:00,"Collision with a fixed object","Tuesday","Day",1,1,"Cross intersection",3,60,"A",1998,"SEDAN","HOLDEN","Car","M",63,"60-64","Drivers"
"T20190023671","26/11/19",14:55:00,"Collision with vehicle","Tuesday","Day",2,3,"T intersection",3,60,"A",2010,"SEDAN","MAZDA","Car","F",59,"50-59","Drivers"
"T20190023671","26/11/19",14:55:00,"Collision with vehicle","Tuesday","Day",2,3,"T intersection",3,60,"B",2010,"WAGON","HOLDEN","Station Wagon","F",42,"40-49","Drivers"
"T20190023672","26/11/19",14:50:00,"Collision with vehicle","Tuesday","Day",3,5,"Unknown",3,60,"A",2006,"SEDAN","TOYOTA","Car","F",18,"17-21","Drivers"
"T20190023672","26/11/19",14:50:00,"Collision with vehicle","Tuesday","Day",3,5,"Unknown",3,60,"B",2018,"SEDAN","TOYOTA","Car","M",39,"30-39","Drivers"
"T20190023672","26/11/19",14:50:00,"Collision with vehicle","Tuesday","Day",3,5,"Unknown",3,60,"C",2006,"SEDAN","VOLKS","Car","M",26,"26-29","Drivers"
"T20190023675","11/10/19",09:00:00,"Collision with vehicle","Friday","Day",2,2,"Cross intersection",3,60,"A",2015,"WAGON","HONDA","Station Wagon","F",26,"26-29","Drivers"
"T20190023675","11/10/19",09:00:00,"Collision with vehicle","Friday","Day",2,2,"Cross intersection",3,60,"B",2015,"WAGON","NISSAN","Station Wagon","M",60,"60-64","Drivers"
"T20190023678","26/11/19",15:20:00,"Collision with vehicle","Tuesday","Day",2,3,"Cross intersection",1,50,"A",1998,"SEDAN","HOLDEN","Car","F",63,"60-64","Drivers"
"T20190023678","26/11/19",15:20:00,"Collision with vehicle","Tuesday","Day",2,3,"Cross intersection",1,50,"B",2006,"SEDAN","LEXUS","Car","M",52,"50-59","Drivers"
"T20190023681","26/11/19",15:00:00,"Collision with a fixed object","Tuesday","Day",1,1,"Not at intersection",2,100,"A",2008,"S WAG","HOLDEN","Station Wagon","M",21,"17-21","Drivers"
"T20190023685","26/11/19",15:40:00,"Collision with vehicle","Tuesday","Day",2,4,"Cross intersection",3,50,"A",2019,"WAGON","TOYOTA","Station Wagon","M",33,"30-39","Drivers"
"T20190023685","26/11/19",15:40:00,"Collision with vehicle","Tuesday","Day",2,4,"Cross intersection",3,50,"B",2016,"COUPE","M MOVE","Car","F",21,"17-21","Drivers"
"T20190023687","25/11/19",15:28:00,"Collision with a fixed object","Monday","Day",1,2,"Not at intersection",3,40,"A",1998,"SEDAN","TOYOTA","Car","F",41,"40-49","Drivers"
"T20190023689","22/11/19",14:00:00,"Collision with vehicle","Friday","Day",2,3,"Not at intersection",3,60,"A",1987,"SEDAN","NISSAN","Car","F",89,"70+","Drivers"
"T20190023689","22/11/19",14:00:00,"Collision with vehicle","Friday","Day",2,3,"Not at intersection",3,60,"B",2008,"SEDAN","TOYOTA","Car","F",28,"26-29","Drivers"
"T20190023690","26/11/19",08:00:00,"Collision with vehicle","Tuesday","Unknown",2,2,"Not at intersection",3,999,"B",0,"UTIL","UNKN","Utility","U",NA,"unknown","Drivers"
"T20190023693","26/11/19",18:30:00,"Collision with vehicle","Tuesday","Day",2,2,"T intersection",3,50,"A",2016,"WAGON","JEEP","Station Wagon","M",32,"30-39","Drivers"
"T20190023695","26/11/19",16:50:00,"Collision with vehicle","Tuesday","Day",2,2,"T intersection",3,60,"A",2010,"SEDAN","MAZDA","Car","F",27,"26-29","Drivers"
"T20190023696","26/11/19",08:20:00,"Collision with vehicle","Tuesday","Day",2,2,"Not at intersection",3,40,"B",2013,"S WAG","PORSCH","Station Wagon","F",48,"40-49","Drivers"
"T20190023697","21/11/19",09:14:00,"Collision with vehicle","Thursday","Day",2,2,"Cross intersection",3,50,"B",2008,"WAGON","MAZDA","Car","F",35,"30-39","Drivers"
"T20190023698","26/11/19",15:30:00,"Collision with a fixed object","Tuesday","Day",1,3,"Not at intersection",3,60,"A",2008,"SEDAN","HOLDEN","Car","M",18,"17-21","Drivers"
"T20190023703","19/11/19",16:25:00,"Collision with vehicle","Tuesday","Day",2,2,"Cross intersection",3,60,"A",2011,"COUPE","MERC B","Car","F",25,"22-25","Drivers"
"T20190023703","19/11/19",16:25:00,"Collision with vehicle","Tuesday","Day",2,2,"Cross intersection",3,60,"B",2009,"T SDS","TOYOTA","Light Commercial Vehicle (Rigid) <= 4.5 Tonnes GVM","M",19,"17-21","Drivers"
"T20190023704","26/11/19",15:30:00,"Collision with vehicle","Tuesday","Day",3,4,"Multiple intersection",3,80,"A",2013,"SEDAN","MAZDA","Car","M",61,"60-64","Drivers"
"T20190023704","26/11/19",15:30:00,"Collision with vehicle","Tuesday","Day",3,4,"Multiple intersection",3,80,"B",2010,"WAGON","MITSUB","Station Wagon","M",47,"40-49","Drivers"
"T20190023704","26/11/19",15:30:00,"Collision with vehicle","Tuesday","Day",3,4,"Multiple intersection",3,80,"C",2013,"UTIL","HOLDEN","Utility","F",62,"60-64","Drivers"