"ACCIDENT_NO","ACCIDENTDATE","ACCIDENTTIME","Accident Type Desc","Day Week Description","Light Condition Desc","NO_OF_VEHICLES","NO_PERSONS","Road Geometry Desc","SEVERITY","SPEED_ZONE","VEHICLE_ID","VEHICLE_YEAR_MANUF","VEHICLE_BODY_STYLE","VEHICLE_MAKE","Vehicle Type Desc","SEX","AGE","Age Group","Road User Type Desc"
"T20190023709","26/11/19",15:55:00,"Collision with vehicle","Tuesday","Day",2,4,"Cross intersection",3,60,"A",2018,"SEDAN","TOYOTA","Car","M",18,"17-21","Drivers"
"T20190023709","26/11/19",15:55:00,"Collision with vehicle","Tuesday","Day",2,4,"Cross intersection",3,60,"B",2017,"S WAG","MERC B","Station Wagon","F",41,"40-49","Drivers"
"T20190023713","27/11/19",01:20:00,"Struck animal","Wednesday","Dark No street lights",1,3,"Not at intersection",3,100,"A",2019,"DC UTE","HOLDEN","Utility","U",NA,"unknown","Drivers"
"T20190023715","27/11/19",00:07:00,"Collision with a fixed object","Wednesday","Dark Street lights on",1,1,"Not at intersection",3,60,"A",2015,"COUPE","HOLDEN","Car","M",82,"70+","Drivers"
"T20190023717","26/11/19",15:40:00,"Collision with vehicle","Tuesday","Day",2,2,"T intersection",3,50,"A",2007,"SEDAN","MAZDA","Car","F",71,"70+","Drivers"
"T20190023717","26/11/19",15:40:00,"Collision with vehicle","Tuesday","Day",2,2,"T intersection",3,50,"B",2011,"S WAG","HOLDEN","Station Wagon","M",26,"26-29","Drivers"
"T20190023719","26/11/19",19:04:00,"Collision with vehicle","Tuesday","Day",2,2,"Cross intersection",2,50,"A",2002,"SEDAN","FORD","Car","F",46,"40-49","Drivers"
"T20190023720","21/10/19",16:50:00,"Collision with vehicle","Monday","Day",3,3,"Not at intersection",3,100,"A",2005,"P MVR","W STAR","Prime Mover - Single Trailer","M",61,"60-64","Drivers"
"T20190023720","21/10/19",16:50:00,"Collision with vehicle","Monday","Day",3,3,"Not at intersection",3,100,"C",2009,"SEDAN","SUBARU","Car","M",49,"40-49","Drivers"
"T20190023720","21/10/19",16:50:00,"Collision with vehicle","Monday","Day",3,3,"Not at intersection",3,100,"D",2016,"WAGON","MITSUB","Station Wagon","F",31,"30-39","Drivers"
"T20190023721","26/11/19",10:38:00,"Collision with vehicle","Tuesday","Day",3,3,"Not at intersection",3,50,"A",2007,"VAN","MERC B","Panel Van","M",55,"50-59","Drivers"
"T20190023721","26/11/19",10:38:00,"Collision with vehicle","Tuesday","Day",3,3,"Not at intersection",3,50,"B",2004,"TRAY","HINO","Heavy Vehicle (Rigid) > 4.5 Tonnes","M",49,"40-49","Drivers"
"T20190023721","26/11/19",10:38:00,"Collision with vehicle","Tuesday","Day",3,3,"Not at intersection",3,50,"C",2001,"S WAG","ALFA R","Station Wagon","U",NA,"unknown","Drivers"
"T20190023722","27/11/19",07:50:00,"Collision with vehicle","Wednesday","Day",2,2,"Cross intersection",3,60,"A",2017,"SEDAN","KIA","Car","F",48,"40-49","Drivers"
"T20190023723","27/11/19",08:14:00,"Struck Pedestrian","Wednesday","Day",1,5,"Not at intersection",3,60,"A",2014,"WAGON","TOYOTA","Station Wagon","M",23,"22-25","Drivers"
"T20190023724","22/11/19",08:20:00,"Collision with vehicle","Friday","Day",2,2,"Not at intersection",3,100,"A",2009,"SEDAN","FORD","Car","F",21,"17-21","Drivers"
"T20190023724","22/11/19",08:20:00,"Collision with vehicle","Friday","Day",2,2,"Not at intersection",3,100,"B",2016,"SEDAN","TOYOTA","Car","F",25,"22-25","Drivers"
"T20190023727","27/11/19",09:30:00,"Collision with a fixed object","Wednesday","Day",1,1,"Not at intersection",3,60,"A",1999,"SEDAN","B M W","Car","F",21,"17-21","Drivers"
"T20190023730","21/11/19",14:00:00,"Collision with a fixed object","Thursday","Day",1,1,"Not at intersection",3,100,"A",2007,"P MVR","W STAR","Prime Mover B-Double","M",62,"60-64","Drivers"
"T20190023731","22/11/19",20:55:00,"Struck animal","Friday","Dark Street lights on",1,1,"Not at intersection",3,100,"A",2017,"WAGON","KIA","Station Wagon","F",21,"17-21","Drivers"
"T20190023732","27/11/19",09:10:00,"Collision with vehicle","Wednesday","Day",2,2,"T intersection",3,60,"A",2016,"WAGON","MITSUB","Station Wagon","F",39,"30-39","Drivers"
"T20190023732","27/11/19",09:10:00,"Collision with vehicle","Wednesday","Day",2,2,"T intersection",3,60,"B",2006,"COUPE","TOYOTA","Car","F",24,"22-25","Drivers"
"T20190023733","24/11/19",06:35:00,"Collision with vehicle","Sunday","Day",2,2,"Cross intersection",3,60,"A",2016,"SEDAN","TOYOTA","Car","F",44,"40-49","Drivers"
"T20190023733","24/11/19",06:35:00,"Collision with vehicle","Sunday","Day",2,2,"Cross intersection",3,60,"B",2014,"VAN","TOYOTA","Panel Van","M",57,"50-59","Drivers"
"T20190023734","27/11/19",09:50:00,"Collision with vehicle","Wednesday","Day",3,3,"Not at intersection",3,80,"A",2009,"TRAY","M A N","Heavy Vehicle (Rigid) > 4.5 Tonnes","M",39,"30-39","Drivers"
"T20190023734","27/11/19",09:50:00,"Collision with vehicle","Wednesday","Day",3,3,"Not at intersection",3,80,"B",2011,"SEDAN","TOYOTA","Car","M",53,"50-59","Drivers"
"T20190023734","27/11/19",09:50:00,"Collision with vehicle","Wednesday","Day",3,3,"Not at intersection",3,80,"C",2017,"DC UTE","NISSAN","Utility","F",59,"50-59","Drivers"
"T20190023737","25/11/19",16:15:00,"Collision with vehicle","Monday","Day",2,2,"Not at intersection",3,80,"A",2014,"SEDAN","KIA","Car","F",62,"60-64","Drivers"
"T20190023737","25/11/19",16:15:00,"Collision with vehicle","Monday","Day",2,2,"Not at intersection",3,80,"B",2005,"DC UTE","TOYOTA","Utility","M",17,"16-17","Drivers"
"T20190023739","20/11/19",14:00:00,"Collision with vehicle","Wednesday","Day",2,2,"Cross intersection",3,60,"A",2014,"SEDAN","HYNDAI","Car","F",21,"17-21","Drivers"
"T20190023739","20/11/19",14:00:00,"Collision with vehicle","Wednesday","Day",2,2,"Cross intersection",3,60,"B",2007,"SEDAN","MAZDA","Car","M",NA,"unknown","Drivers"
"T20190023740","27/11/19",09:40:00,"Collision with vehicle","Wednesday","Day",2,2,"Not at intersection",3,80,"A",2013,"S WAG","VOLKS","Station Wagon","M",53,"50-59","Drivers"
"T20190023741","27/11/19",08:19:00,"Struck Pedestrian","Wednesday","Day",1,4,"T intersection",3,50,"A",2001,"SEDAN","TOYOTA","Car","F",44,"40-49","Drivers"
"T20190023743","27/11/19",09:30:00,"Collision with vehicle","Wednesday","Day",2,3,"Not at intersection",3,50,"A",1997,"WAGON","TOYOTA","Station Wagon","M",75,"70+","Drivers"
"T20190023743","27/11/19",09:30:00,"Collision with vehicle","Wednesday","Day",2,3,"Not at intersection",3,50,"B",1998,"SEDAN","HOLDEN","Car","F",71,"70+","Drivers"
"T20190023744","31/10/19",17:43:00,"Collision with vehicle","Thursday","Day",3,3,"Not at intersection",3,100,"A",2016,"SEDAN","TOYOTA","Car","F",31,"30-39","Drivers"
"T20190023744","31/10/19",17:43:00,"Collision with vehicle","Thursday","Day",3,3,"Not at intersection",3,100,"B",2008,"SEDAN","TOYOTA","Car","F",26,"26-29","Drivers"
"T20190023744","31/10/19",17:43:00,"Collision with vehicle","Thursday","Day",3,3,"Not at intersection",3,100,"C",2014,"SEDAN","KIA","Car","F",25,"22-25","Drivers"
"T20190023745","26/11/19",21:30:00,"Collision with vehicle","Tuesday","Dark Street lights on",3,5,"T intersection",3,999,"A",2015,"WAGON","LEXUS","Station Wagon","F",82,"70+","Drivers"
"T20190023745","26/11/19",21:30:00,"Collision with vehicle","Tuesday","Dark Street lights on",3,5,"T intersection",3,999,"B",2011,"SEDAN","HONDA","Car","F",28,"26-29","Drivers"
"T20190023745","26/11/19",21:30:00,"Collision with vehicle","Tuesday","Dark Street lights on",3,5,"T intersection",3,999,"C",2016,"SED","TOYOTA","Taxi","M",45,"40-49","Drivers"
"T20190023747","27/11/19",10:00:00,"Collision with vehicle","Wednesday","Day",2,2,"Not at intersection",3,100,"A",2014,"WAGON","NISSAN","Station Wagon","M",19,"17-21","Drivers"
"T20190023747","27/11/19",10:00:00,"Collision with vehicle","Wednesday","Day",2,2,"Not at intersection",3,100,"B",2018,"UTIL","MITSUB","Utility","M",65,"64-69","Drivers"
"T20190023748","24/11/19",16:35:00,"Collision with vehicle","Sunday","Day",2,2,"T intersection",3,60,"A",2015,"SEDAN","SUZUKI","Car","F",20,"17-21","Drivers"
"T20190023748","24/11/19",16:35:00,"Collision with vehicle","Sunday","Day",2,2,"T intersection",3,60,"B",2010,"SEDAN","FORD","Car","M",23,"22-25","Drivers"
"T20190023749","26/11/19",16:30:00,"Collision with vehicle","Tuesday","Day",2,2,"Not at intersection",3,999,"A",2013,"VAN","REN","Panel Van","M",58,"50-59","Drivers"
"T20190023750","18/9/19",15:00:00,"Collision with vehicle","Wednesday","Day",2,2,"Cross intersection",3,70,"A",2019,"WAGON","NISSAN","Station Wagon","F",39,"30-39","Drivers"
"T20190023750","18/9/19",15:00:00,"Collision with vehicle","Wednesday","Day",2,2,"Cross intersection",3,70,"B",2009,"WAGON","MAZDA","Station Wagon","F",47,"40-49","Drivers"
"T20190023752","27/11/19",12:40:00,"Struck Pedestrian","Wednesday","Day",1,2,"Not at intersection",2,50,"A",2014,"WAGON","TOYOTA","Car","F",20,"17-21","Drivers"
"T20190023753","27/11/19",12:30:00,"Vehicle overturned (no collision)","Wednesday","Day",2,2,"Not at intersection",3,40,"B",2011,"WAGON","AUDI","Station Wagon","M",76,"70+","Drivers"
"T20190023755","18/11/19",18:35:00,"Collision with vehicle","Monday","Day",4,5,"Not at intersection",3,40,"A",2001,"SEDAN","NISSAN","Car","M",30,"30-39","Drivers"
"T20190023755","18/11/19",18:35:00,"Collision with vehicle","Monday","Day",4,5,"Not at intersection",3,40,"B",2017,"SEDAN","HONDA","Car","M",32,"30-39","Drivers"
"T20190023755","18/11/19",18:35:00,"Collision with vehicle","Monday","Day",4,5,"Not at intersection",3,40,"C",2016,"WAGON","MAZDA","Station Wagon","M",32,"30-39","Drivers"
"T20190023755","18/11/19",18:35:00,"Collision with vehicle","Monday","Day",4,5,"Not at intersection",3,40,"D",2017,"WAGON","MITSUB","Station Wagon","F",56,"50-59","Drivers"
"T20190023756","27/11/19",09:17:00,"Collision with vehicle","Wednesday","Day",2,2,"Not at intersection",2,100,"A",2012,"SEDAN","HOLDEN","Car","F",30,"30-39","Drivers"
"T20190023756","27/11/19",09:17:00,"Collision with vehicle","Wednesday","Day",2,2,"Not at intersection",2,100,"B",2006,"SEDAN","HONDA","Car","F",36,"30-39","Drivers"
"T20190023757","27/11/19",12:15:00,"Vehicle overturned (no collision)","Wednesday","Day",1,2,"Not at intersection",3,100,"A",2004,"WAGON","FORD","Station Wagon","F",32,"30-39","Drivers"
"T20190023758","27/11/19",12:15:00,"Collision with vehicle","Wednesday","Day",3,3,"Cross intersection",3,40,"A",2011,"SEDAN","TOYOTA","Car","F",75,"70+","Drivers"
"T20190023760","27/11/19",08:10:00,"Collision with vehicle","Wednesday","Day",2,2,"Cross intersection",3,999,"B",2017,"WAGON","KIA","Station Wagon","M",48,"40-49","Drivers"
"T20190023761","24/11/19",15:14:00,"Collision with vehicle","Sunday","Day",2,2,"Not at intersection",3,50,"A",2013,"SEDAN","HOLDEN","Car","F",25,"22-25","Drivers"
"T20190023761","24/11/19",15:14:00,"Collision with vehicle","Sunday","Day",2,2,"Not at intersection",3,50,"B",2007,"SEDAN","AUDI","Car","M",32,"30-39","Drivers"
"T20190023762","27/11/19",13:43:00,"Struck Pedestrian","Wednesday","Day",1,3,"Cross intersection",2,60,"A",2008,"SEDAN","TOYOTA","Car","F",80,"70+","Drivers"
"T20190023764","26/11/19",15:10:00,"Struck Pedestrian","Tuesday","Day",1,2,"Not at intersection",3,50,"A",2009,"SEDAN","FORD","Car","M",30,"30-39","Drivers"
"T20190023765","27/11/19",07:38:00,"Collision with vehicle","Wednesday","Day",3,3,"T intersection",3,60,"A",2005,"WAGON","UNKN","Station Wagon","F",30,"30-39","Drivers"
"T20190023765","27/11/19",07:38:00,"Collision with vehicle","Wednesday","Day",3,3,"T intersection",3,60,"B",2016,"SEDAN","FORD","Car","F",47,"40-49","Drivers"
"T20190023766","26/11/19",12:51:00,"Collision with vehicle","Tuesday","Day",2,2,"Cross intersection",3,60,"A",2017,"SEDAN","MAZDA","Car","F",23,"22-25","Drivers"
"T20190023766","26/11/19",12:51:00,"Collision with vehicle","Tuesday","Day",2,2,"Cross intersection",3,60,"B",2008,"WAGON","HYNDAI","Station Wagon","F",80,"70+","Drivers"
"T20190023770","27/11/19",12:15:00,"Collision with vehicle","Wednesday","Day",2,2,"Not at intersection",3,60,"A",2001,"SEDAN","NISSAN","Car","F",38,"30-39","Drivers"
"T20190023770","27/11/19",12:15:00,"Collision with vehicle","Wednesday","Day",2,2,"Not at intersection",3,60,"B",2013,"WAGON","HYNDAI","Station Wagon","F",41,"40-49","Drivers"
"T20190023772","27/11/19",16:15:00,"Collision with vehicle","Wednesday","Day",2,3,"Cross intersection",3,50,"A",2013,"SEDAN","TOYOTA","Taxi","M",27,"26-29","Drivers"
"T20190023772","27/11/19",16:15:00,"Collision with vehicle","Wednesday","Day",2,3,"Cross intersection",3,50,"B",2014,"SEDAN","NISSAN","Car","M",50,"50-59","Drivers"
"T20190023774","27/11/19",15:50:00,"Collision with vehicle","Wednesday","Day",3,3,"Not at intersection",3,100,"A",2017,"WAGON","TOYOTA","Car","M",61,"60-64","Drivers"
"T20190023774","27/11/19",15:50:00,"Collision with vehicle","Wednesday","Day",3,3,"Not at intersection",3,100,"B",2014,"SEDAN","TOYOTA","Car","F",46,"40-49","Drivers"
"T20190023774","27/11/19",15:50:00,"Collision with vehicle","Wednesday","Day",3,3,"Not at intersection",3,100,"C",2017,"SEDAN","KIA","Car","F",58,"50-59","Drivers"
"T20190023777","21/11/19",07:30:00,"Collision with vehicle","Thursday","Dusk/Dawn",3,3,"Not at intersection",3,999,"A",2016,"SEDAN","TOYOTA","Car","M",52,"50-59","Drivers"
"T20190023777","21/11/19",07:30:00,"Collision with vehicle","Thursday","Dusk/Dawn",3,3,"Not at intersection",3,999,"B",2002,"WAGON","TOYOTA","Station Wagon","M",19,"17-21","Drivers"
"T20190023777","21/11/19",07:30:00,"Collision with vehicle","Thursday","Dusk/Dawn",3,3,"Not at intersection",3,999,"C",2002,"SEDAN","HOLDEN","Car","F",20,"17-21","Drivers"
"T20190023780","27/11/19",16:50:00,"Collision with vehicle","Wednesday","Day",4,4,"Not at intersection",3,60,"A",2010,"S WAG","HOLDEN","Station Wagon","M",31,"30-39","Drivers"
"T20190023780","27/11/19",16:50:00,"Collision with vehicle","Wednesday","Day",4,4,"Not at intersection",3,60,"B",2006,"UTIL","TOYOTA","Utility","M",26,"26-29","Drivers"
"T20190023780","27/11/19",16:50:00,"Collision with vehicle","Wednesday","Day",4,4,"Not at intersection",3,60,"C",2016,"S WAG","MAZDA","Station Wagon","M",56,"50-59","Drivers"
"T20190023780","27/11/19",16:50:00,"Collision with vehicle","Wednesday","Day",4,4,"Not at intersection",3,60,"D",2005,"SEDAN","HOLDEN","Car","F",19,"17-21","Drivers"
"T20190023781","27/11/19",16:15:00,"Collision with vehicle","Wednesday","Day",2,5,"Cross intersection",3,60,"A",2019,"WAGON","NISSAN","Station Wagon","F",22,"22-25","Drivers"
"T20190023781","27/11/19",16:15:00,"Collision with vehicle","Wednesday","Day",2,5,"Cross intersection",3,60,"B",2011,"VAN","MERC B","Panel Van","M",46,"40-49","Drivers"
"T20190023782","27/11/19",15:13:00,"Vehicle overturned (no collision)","Wednesday","Day",1,2,"Cross intersection",2,80,"A",2016,"SKIP C","MERC B","Heavy Vehicle (Rigid) > 4.5 Tonnes","M",23,"22-25","Drivers"
"T20190023785","27/11/19",17:55:00,"Collision with vehicle","Wednesday","Day",2,3,"Not at intersection",3,60,"A",2003,"SEDAN","MAZDA","Car","M",42,"40-49","Drivers"
"T20190023785","27/11/19",17:55:00,"Collision with vehicle","Wednesday","Day",2,3,"Not at intersection",3,60,"B",2018,"WAGON","HONDA","Station Wagon","F",44,"40-49","Drivers"
"T20190023786","27/11/19",18:30:00,"Collision with a fixed object","Wednesday","Dusk/Dawn",1,1,"Not at intersection",3,60,"A",2016,"SEDAN","HOLDEN","Car","M",20,"17-21","Drivers"
"T20190023787","27/11/19",16:56:00,"Collision with a fixed object","Wednesday","Day",1,1,"Cross intersection",3,100,"A",2005,"COUPE","TOYOTA","Car","F",81,"70+","Drivers"
"T20190023793","27/11/19",19:30:00,"Collision with vehicle","Wednesday","Dusk/Dawn",2,2,"Cross intersection",3,60,"A",1991,"SEDAN","TOYOTA","Car","F",24,"22-25","Drivers"
"T20190023793","27/11/19",19:30:00,"Collision with vehicle","Wednesday","Dusk/Dawn",2,2,"Cross intersection",3,60,"B",2012,"WAGON","KIA","Station Wagon","F",23,"22-25","Drivers"
"T20190023796","27/11/19",21:03:00,"Collision with vehicle","Wednesday","Dark Street lights on",2,2,"Cross intersection",3,60,"A",2003,"WAGON","NISSAN","Station Wagon","M",18,"17-21","Drivers"
"T20190023796","27/11/19",21:03:00,"Collision with vehicle","Wednesday","Dark Street lights on",2,2,"Cross intersection",3,60,"B",2013,"SEDAN","SUBARU","Car","M",42,"40-49","Drivers"
"T20190023798","27/11/19",17:10:00,"Collision with vehicle","Wednesday","Day",2,2,"Cross intersection",3,50,"A",2011,"S WAG","MAZDA","Station Wagon","M",57,"50-59","Drivers"
"T20190023801","27/11/19",16:00:00,"Collision with vehicle","Wednesday","Day",2,2,"T intersection",3,50,"A",2008,"COUPE","TOYOTA","Car","M",40,"40-49","Drivers"
"T20190023801","27/11/19",16:00:00,"Collision with vehicle","Wednesday","Day",2,2,"T intersection",3,50,"B",2014,"WAGON","TOYOTA","Station Wagon","F",87,"70+","Drivers"
"T20190023803","22/11/19",09:10:00,"Collision with a fixed object","Friday","Day",1,2,"T intersection",3,50,"A",2004,"SEDAN","FORD","Car","F",30,"30-39","Drivers"
"T20190023804","28/11/19",03:23:00,"Struck Pedestrian","Thursday","Dark Street lights on",1,2,"Not at intersection",1,80,"A",2004,"SEDAN","HOLDEN","Car","M",23,"22-25","Drivers"
"T20190023805","18/11/19",09:00:00,"Collision with vehicle","Monday","Day",2,2,"T intersection",3,40,"B",0,"SEDAN","UNKN","Car","M",56,"50-59","Drivers"
"T20190023806","27/11/19",13:46:00,"Collision with vehicle","Wednesday","Day",2,2,"Not at intersection",3,50,"A",2007,"SEDAN","HOLDEN","Car","F",42,"40-49","Drivers"
"T20190023810","6/11/19",21:20:00,"Collision with vehicle","Wednesday","Dark Street lights on",2,3,"Not at intersection",3,50,"A",2008,"SEDAN","TOYOTA","Car","F",37,"30-39","Drivers"
"T20190023810","6/11/19",21:20:00,"Collision with vehicle","Wednesday","Dark Street lights on",2,3,"Not at intersection",3,50,"B",2012,"WAGON","B M W","Station Wagon","M",30,"30-39","Drivers"
"T20190023811","25/11/19",18:30:00,"Collision with vehicle","Monday","Day",2,2,"Not at intersection",3,60,"B",2007,"DC UTE","NISSAN","Utility","M",43,"40-49","Drivers"
"T20190023812","28/11/19",08:30:00,"Collision with vehicle","Thursday","Day",2,2,"T intersection",3,60,"A",2016,"WAGON","HONDA","Station Wagon","M",51,"50-59","Drivers"
"T20190023816","20/11/19",17:15:00,"Collision with vehicle","Wednesday","Day",2,2,"Not at intersection",3,40,"A",2019,"SEDAN","UNKN","Car","F",50,"50-59","Drivers"
"T20190023817","27/11/19",18:20:00,"Collision with vehicle","Wednesday","Day",2,3,"Not at intersection",3,60,"A",2008,"SEDAN","VOLKS","Car","M",32,"30-39","Drivers"
"T20190023817","27/11/19",18:20:00,"Collision with vehicle","Wednesday","Day",2,3,"Not at intersection",3,60,"B",2007,"SED","MERC B","Car","M",32,"30-39","Drivers"
"T20190023819","28/11/19",06:46:00,"Collision with vehicle","Thursday","Unknown",2,2,"Not at intersection",3,80,"A",2015,"SEDAN","TOYOTA","Car","M",32,"30-39","Drivers"
"T20190023819","28/11/19",06:46:00,"Collision with vehicle","Thursday","Unknown",2,2,"Not at intersection",3,80,"B",2001,"P MVR","UNKN","Prime Mover - Single Trailer","M",56,"50-59","Drivers"
"T20190023822","27/11/19",15:38:00,"Collision with vehicle","Wednesday","Unknown",2,2,"Not at intersection",3,888,"A",2016,"VAN","FORD","Panel Van","M",36,"30-39","Drivers"
"T20190023823","28/11/19",10:43:00,"Collision with vehicle","Thursday","Day",2,3,"T intersection",3,60,"A",2018,"WAGON","REN","Station Wagon","M",77,"70+","Drivers"
"T20190023823","28/11/19",10:43:00,"Collision with vehicle","Thursday","Day",2,3,"T intersection",3,60,"B",2010,"SED","TOYOTA","Car","F",30,"30-39","Drivers"
"T20190023825","26/11/19",18:58:00,"Collision with vehicle","Tuesday","Day",2,2,"T intersection",3,80,"A",2001,"SEDAN","VOLKS","Car","M",25,"22-25","Drivers"
"T20190023825","26/11/19",18:58:00,"Collision with vehicle","Tuesday","Day",2,2,"T intersection",3,80,"B",2014,"SEDAN","FORD","Car","F",27,"26-29","Drivers"
"T20190023828","27/11/19",17:35:00,"Collision with a fixed object","Wednesday","Day",1,1,"Not at intersection",2,60,"A",2005,"SEDAN","FORD","Car","M",42,"40-49","Drivers"
"T20190023829","28/11/19",05:40:00,"Vehicle overturned (no collision)","Thursday","Dusk/Dawn",1,1,"Not at intersection",2,100,"A",2014,"CONVRT","WESTER","Prime Mover B-Double","M",29,"26-29","Drivers"
"T20190023831","28/11/19",10:15:00,"Struck Pedestrian","Thursday","Unknown",1,2,"Not at intersection",3,40,"A",2014,"SEDAN","TOYOTA","Car","F",64,"60-64","Drivers"
"T20190023832","28/11/19",08:50:00,"Collision with vehicle","Thursday","Day",4,3,"Not at intersection",3,60,"A",2016,"BUS","SCANIA","Bus/Coach","M",66,"64-69","Drivers"
"T20190023833","28/11/19",09:56:00,"Collision with vehicle","Thursday","Day",3,4,"Not at intersection",2,80,"A",2010,"SEDAN","HOLDEN","Car","F",31,"30-39","Drivers"
"T20190023833","28/11/19",09:56:00,"Collision with vehicle","Thursday","Day",3,4,"Not at intersection",2,80,"B",2005,"WAGON","B M W","Station Wagon","F",29,"26-29","Drivers"
"T20190023833","28/11/19",09:56:00,"Collision with vehicle","Thursday","Day",3,4,"Not at intersection",2,80,"C",2011,"P MVR","W STAR","Prime Mover Only","M",65,"64-69","Drivers"
"T20190023839","28/11/19",13:25:00,"Collision with vehicle","Thursday","Day",2,2,"T intersection",3,80,"A",2019,"WAGON","TOYOTA","Station Wagon","M",33,"30-39","Drivers"
"T20190023839","28/11/19",13:25:00,"Collision with vehicle","Thursday","Day",2,2,"T intersection",3,80,"B",2003,"SEDAN","KIA","Car","F",69,"64-69","Drivers"
"T20190023840","28/11/19",13:40:00,"Vehicle overturned (no collision)","Thursday","Day",2,2,"Cross intersection",3,60,"A",2002,"SEDAN","VOLKS","Car","M",35,"30-39","Drivers"
"T20190023841","24/11/19",17:00:00,"Collision with vehicle","Sunday","Day",2,2,"T intersection",3,60,"A",2005,"SED","MERC B","Car","F",45,"40-49","Drivers"
"T20190023841","24/11/19",17:00:00,"Collision with vehicle","Sunday","Day",2,2,"T intersection",3,60,"B",2015,"WAGON","KIA","Station Wagon","F",32,"30-39","Drivers"
"T20190023844","14/11/19",11:30:00,"Collision with vehicle","Thursday","Day",2,2,"Cross intersection",3,40,"A",2014,"SEDAN","HYNDAI","Car","F",77,"70+","Drivers"
"T20190023844","14/11/19",11:30:00,"Collision with vehicle","Thursday","Day",2,2,"Cross intersection",3,40,"B",2010,"SEDAN","MAZDA","Car","M",22,"22-25","Drivers"
"T20190023845","27/11/19",21:30:00,"Collision with vehicle","Wednesday","Dark Street lights on",2,3,"T intersection",3,80,"A",2014,"JEEP","JEEP","Car","M",69,"64-69","Drivers"
"T20190023845","27/11/19",21:30:00,"Collision with vehicle","Wednesday","Dark Street lights on",2,3,"T intersection",3,80,"B",2017,"SEDAN","TOYOTA","Car","F",69,"64-69","Drivers"
"T20190023848","28/11/19",13:40:00,"Collision with vehicle","Thursday","Day",2,4,"Cross intersection",3,80,"A",2010,"WAGON","TOYOTA","Station Wagon","M",22,"22-25","Drivers"
"T20190023848","28/11/19",13:40:00,"Collision with vehicle","Thursday","Day",2,4,"Cross intersection",3,80,"B",2014,"WAGON","FORD","Station Wagon","M",64,"60-64","Drivers"
"T20190023849","28/11/19",06:45:00,"Collision with vehicle","Thursday","Day",2,4,"Cross intersection",3,50,"A",1999,"SEDAN","NISSAN","Car","M",39,"30-39","Drivers"
"T20190023849","28/11/19",06:45:00,"Collision with vehicle","Thursday","Day",2,4,"Cross intersection",3,50,"B",2007,"SEDAN","HOLDEN","Car","U",NA,"unknown","Drivers"
"T20190023853","28/11/19",06:01:00,"Collision with a fixed object","Thursday","Dusk/Dawn",1,2,"Not at intersection",3,100,"A",2004,"SEDAN","HOLDEN","Car","F",28,"26-29","Drivers"
"T20190023854","28/11/19",11:00:00,"Collision with vehicle","Thursday","Day",2,2,"Not at intersection",3,100,"A",2009,"TRAY","NISSAN","Light Commercial Vehicle (Rigid) <= 4.5 Tonnes GVM","M",21,"17-21","Drivers"
"T20190023854","28/11/19",11:00:00,"Collision with vehicle","Thursday","Day",2,2,"Not at intersection",3,100,"B",2019,"T SDS","FORD","Light Commercial Vehicle (Rigid) <= 4.5 Tonnes GVM","M",25,"22-25","Drivers"
"T20190023855","28/11/19",15:35:00,"Collision with vehicle","Thursday","Day",2,2,"T intersection",3,50,"A",2004,"SEDAN","MAZDA","Car","M",22,"22-25","Drivers"
"T20190023856","28/11/19",14:30:00,"Collision with vehicle","Thursday","Day",2,3,"Cross intersection",3,80,"A",2016,"WAGON","NISSAN","Station Wagon","F",50,"50-59","Drivers"
"T20190023856","28/11/19",14:30:00,"Collision with vehicle","Thursday","Day",2,3,"Cross intersection",3,80,"B",2017,"VAN","MERC B","Panel Van","M",24,"22-25","Drivers"
"T20190023858","28/11/19",15:10:00,"Collision with vehicle","Thursday","Day",4,1,"Not at intersection",3,50,"A",2017,"SEDAN","MITSUB","Car","M",19,"17-21","Drivers"
"T20190023860","22/11/19",08:26:00,"Collision with vehicle","Friday","Day",2,2,"Cross intersection",3,60,"A",2017,"DC UTE","FORD","Utility","M",50,"50-59","Drivers"
"T20190023860","22/11/19",08:26:00,"Collision with vehicle","Friday","Day",2,2,"Cross intersection",3,60,"B",2016,"WAGON","MERC B","Station Wagon","M",73,"70+","Drivers"
"T20190023861","28/11/19",14:50:00,"Collision with a fixed object","Thursday","Day",1,1,"Not at intersection",3,100,"A",2003,"P MVR","F LINE","Prime Mover Only","M",66,"64-69","Drivers"
"T20190023863","28/11/19",15:45:00,"Collision with vehicle","Thursday","Day",2,3,"Not at intersection",3,100,"A",2005,"SEDAN","HOLDEN","Car","M",45,"40-49","Drivers"
"T20190023863","28/11/19",15:45:00,"Collision with vehicle","Thursday","Day",2,3,"Not at intersection",3,100,"B",2019,"SEDAN","VOLKS","Car","M",59,"50-59","Drivers"
"T20190023866","4/4/19",17:00:00,"Collision with vehicle","Thursday","Unknown",3,3,"Not at intersection",3,999,"A",2018,"WRKP U","ISUZU","Heavy Vehicle (Rigid) > 4.5 Tonnes","M",54,"50-59","Drivers"
"T20190023866","4/4/19",17:00:00,"Collision with vehicle","Thursday","Unknown",3,3,"Not at intersection",3,999,"B",0,"SED","TOYOTA","Car","U",NA,"unknown","Drivers"
"T20190023866","4/4/19",17:00:00,"Collision with vehicle","Thursday","Unknown",3,3,"Not at intersection",3,999,"C",2006,"UTIL","TOYOTA","Utility","M",29,"26-29","Drivers"