"ACCIDENT_NO","ACCIDENTDATE","ACCIDENTTIME","Accident Type Desc","Day Week Description","Light Condition Desc","NO_OF_VEHICLES","NO_PERSONS","Road Geometry Desc","SEVERITY","SPEED_ZONE","VEHICLE_ID","VEHICLE_YEAR_MANUF","VEHICLE_BODY_STYLE","VEHICLE_MAKE","Vehicle Type Desc","SEX","AGE","Age Group","Road User Type Desc"
"T20190023867","28/11/19",16:49:00,"Collision with vehicle","Thursday","Day",3,3,"Not at intersection",3,60,"A",2016,"SEDAN","TOYOTA","Car","F",52,"50-59","Drivers"
"T20190023867","28/11/19",16:49:00,"Collision with vehicle","Thursday","Day",3,3,"Not at intersection",3,60,"B",2011,"WAGON","NISSAN","Station Wagon","M",74,"70+","Drivers"
"T20190023870","28/11/19",17:18:00,"Collision with vehicle","Thursday","Day",2,2,"Cross intersection",3,70,"A",2014,"WAGON","NISSAN","Station Wagon","M",29,"26-29","Drivers"
"T20190023870","28/11/19",17:18:00,"Collision with vehicle","Thursday","Day",2,2,"Cross intersection",3,70,"B",2009,"SEDAN","VOLKS","Car","M",28,"26-29","Drivers"
"T20190023871","28/11/19",15:46:00,"Collision with vehicle","Thursday","Day",2,2,"Not at intersection",3,60,"A",2012,"COUPE","MERC B","Car","F",32,"30-39","Drivers"
"T20190023871","28/11/19",15:46:00,"Collision with vehicle","Thursday","Day",2,2,"Not at intersection",3,60,"B",2013,"SEDAN","TOYOTA","Car","F",28,"26-29","Drivers"
"T20190023872","28/11/19",07:00:00,"Collision with vehicle","Thursday","Dusk/Dawn",2,2,"Cross intersection",3,50,"A",2010,"WAGON","PEUG","Station Wagon","M",39,"30-39","Drivers"
"T20190023873","28/11/19",18:20:00,"Collision with vehicle","Thursday","Day",2,2,"Not at intersection",3,60,"A",1995,"SEDAN","TOYOTA","Car","M",45,"40-49","Drivers"
"T20190023874","28/11/19",19:47:00,"Collision with vehicle","Thursday","Dusk/Dawn",2,2,"T intersection",3,60,"A",2006,"WAGON","TOYOTA","Station Wagon","M",20,"17-21","Drivers"
"T20190023875","28/11/19",13:08:00,"Collision with a fixed object","Thursday","Day",1,1,"Not at intersection",3,100,"A",1996,"WAGON","TOYOTA","Station Wagon","M",84,"70+","Drivers"
"T20190023878","28/11/19",14:24:00,"Collision with a fixed object","Thursday","Day",1,1,"Not at intersection",3,60,"A",2012,"SED","UNKN","Car","F",37,"30-39","Drivers"
"T20190023883","28/11/19",18:15:00,"Collision with vehicle","Thursday","Day",2,2,"T intersection",3,50,"A",2014,"SED","TOYOTA","Car","M",51,"50-59","Drivers"
"T20190023884","28/11/19",15:54:00,"Collision with a fixed object","Thursday","Day",1,1,"Not at intersection",2,100,"A",2003,"TRAY","FORD","Light Commercial Vehicle (Rigid) <= 4.5 Tonnes GVM","M",25,"22-25","Drivers"
"T20190023886","28/11/19",05:20:00,"Collision with vehicle","Thursday","Dark Street lights on",4,1,"Not at intersection",3,50,"A",2013,"SEDAN","MAZDA","Car","F",28,"26-29","Drivers"
"T20190023888","20/11/19",19:30:00,"Collision with a fixed object","Wednesday","Dusk/Dawn",2,2,"Not at intersection",3,100,"A",1993,"SEDAN","MERC B","Car","M",59,"50-59","Drivers"
"T20190023889","28/11/19",15:40:00,"Collision with vehicle","Thursday","Day",2,2,"Cross intersection",3,60,"A",2009,"WAGON","NISSAN","Station Wagon","F",32,"30-39","Drivers"
"T20190023889","28/11/19",15:40:00,"Collision with vehicle","Thursday","Day",2,2,"Cross intersection",3,60,"B",2006,"WAGON","LEXUS","Station Wagon","F",49,"40-49","Drivers"
"T20190023890","28/11/19",23:00:00,"Collision with vehicle","Thursday","Dark Street lights on",2,3,"T intersection",3,60,"A",2004,"SEDAN","NISSAN","Car","M",20,"17-21","Drivers"
"T20190023890","28/11/19",23:00:00,"Collision with vehicle","Thursday","Dark Street lights on",2,3,"T intersection",3,60,"B",2014,"SEDAN","TOYOTA","Car","M",24,"22-25","Drivers"
"T20190023892","28/11/19",21:50:00,"Collision with vehicle","Thursday","Dark Street lights off",4,6,"Not at intersection",3,40,"A",2014,"SEDAN","MITSUB","Car","M",20,"17-21","Drivers"
"T20190023892","28/11/19",21:50:00,"Collision with vehicle","Thursday","Dark Street lights off",4,6,"Not at intersection",3,40,"B",2017,"WAGON","NISSAN","Station Wagon","F",45,"40-49","Drivers"
"T20190023892","28/11/19",21:50:00,"Collision with vehicle","Thursday","Dark Street lights off",4,6,"Not at intersection",3,40,"C",2016,"SEDAN","AUDI","Car","F",61,"60-64","Drivers"
"T20190023892","28/11/19",21:50:00,"Collision with vehicle","Thursday","Dark Street lights off",4,6,"Not at intersection",3,40,"D",2009,"SEDAN","HONDA","Car","M",32,"30-39","Drivers"
"T20190023894","29/10/19",14:04:00,"Collision with a fixed object","Tuesday","Day",1,1,"Cross intersection",3,60,"A",1994,"SEDAN","HOLDEN","Car","M",46,"40-49","Drivers"
"T20190023895","26/11/19",13:30:00,"Collision with vehicle","Tuesday","Day",2,2,"T intersection",3,50,"A",2010,"S WAG","KIA","Station Wagon","M",68,"64-69","Drivers"
"T20190023895","26/11/19",13:30:00,"Collision with vehicle","Tuesday","Day",2,2,"T intersection",3,50,"B",2019,"SEDAN","HONDA","Car","F",30,"30-39","Drivers"
"T20190023897","23/11/19",15:37:00,"Collision with vehicle","Saturday","Day",2,2,"Cross intersection",3,60,"A",2015,"WAGON","NISSAN","Station Wagon","M",34,"30-39","Drivers"
"T20190023897","23/11/19",15:37:00,"Collision with vehicle","Saturday","Day",2,2,"Cross intersection",3,60,"B",2011,"SEDAN","MAZDA","Car","M",31,"30-39","Drivers"
"T20190023898","30/8/19",19:00:00,"Collision with vehicle","Friday","Dark Street lights on",2,2,"T intersection",3,80,"A",2012,"S WAG","HOLDEN","Station Wagon","M",24,"22-25","Drivers"
"T20190023898","30/8/19",19:00:00,"Collision with vehicle","Friday","Dark Street lights on",2,2,"T intersection",3,80,"B",2017,"WAGON","MAZDA","Station Wagon","M",26,"26-29","Drivers"
"T20190023899","29/11/19",08:48:00,"Collision with vehicle","Friday","Day",2,2,"T intersection",3,60,"A",1997,"SEDAN","MITSUB","Car","M",46,"40-49","Drivers"
"T20190023899","29/11/19",08:48:00,"Collision with vehicle","Friday","Day",2,2,"T intersection",3,60,"B",2013,"SEDAN","VOLKS","Car","F",45,"40-49","Drivers"
"T20190023900","21/11/19",12:15:00,"Collision with vehicle","Thursday","Day",2,1,"Not at intersection",3,50,"A",2005,"SEDAN","B M W","Car","F",30,"30-39","Drivers"
"T20190023901","29/11/19",08:00:00,"Collision with vehicle","Friday","Day",2,2,"Not at intersection",3,60,"A",2014,"UTIL","FORD","Utility","M",25,"22-25","Drivers"
"T20190023903","29/11/19",07:50:00,"Vehicle overturned (no collision)","Friday","Day",1,1,"Not at intersection",2,100,"A",2017,"COUPE","HYNDAI","Car","F",23,"22-25","Drivers"
"T20190023905","28/10/19",09:20:00,"Collision with vehicle","Monday","Day",2,2,"Cross intersection",3,50,"A",2002,"SEDAN","TOYOTA","Car","F",73,"70+","Drivers"
"T20190023905","28/10/19",09:20:00,"Collision with vehicle","Monday","Day",2,2,"Cross intersection",3,50,"B",2003,"SEDAN","HOLDEN","Car","F",74,"70+","Drivers"
"T20190023906","22/11/19",17:00:00,"Collision with a fixed object","Friday","Day",1,1,"Not at intersection",3,50,"A",1995,"SEDAN","MAZDA","Car","F",83,"70+","Drivers"
"T20190023907","22/7/19",03:30:00,"Collision with vehicle","Monday","Dark Street lights unknown",2,2,"Cross intersection",3,80,"A",2004,"SEDAN","B M W","Car","M",22,"22-25","Drivers"
"T20190023907","22/7/19",03:30:00,"Collision with vehicle","Monday","Dark Street lights unknown",2,2,"Cross intersection",3,80,"B",2004,"SEDAN","TOYOTA","Car","M",48,"40-49","Drivers"
"T20190023909","29/11/19",10:20:00,"Collision with vehicle","Friday","Day",2,2,"Not at intersection",2,60,"A",2006,"P MVR","MERC B","Prime Mover - Single Trailer","M",59,"50-59","Drivers"
"T20190023909","29/11/19",10:20:00,"Collision with vehicle","Friday","Day",2,2,"Not at intersection",2,60,"B",2005,"SEDAN","TOYOTA","Car","M",72,"70+","Drivers"
"T20190023910","18/11/19",14:10:00,"Collision with vehicle","Monday","Day",2,2,"Cross intersection",3,70,"A",2018,"TRAY","TOYOTA","Utility","M",34,"30-39","Drivers"
"T20190023910","18/11/19",14:10:00,"Collision with vehicle","Monday","Day",2,2,"Cross intersection",3,70,"B",2006,"TOURER","NISSAN","Car","F",25,"22-25","Drivers"
"T20190023914","29/11/19",07:14:00,"Collision with a fixed object","Friday","Day",1,1,"T intersection",3,70,"A",2005,"SEDAN","TOYOTA","Car","F",28,"26-29","Drivers"
"T20190023916","29/11/19",10:50:00,"Collision with vehicle","Friday","Day",2,2,"T intersection",3,999,"A",2003,"S WAG","PEUG","Car","M",67,"64-69","Drivers"
"T20190023916","29/11/19",10:50:00,"Collision with vehicle","Friday","Day",2,2,"T intersection",3,999,"B",2016,"SEDAN","HOLDEN","Car","F",41,"40-49","Drivers"
"T20190023921","29/11/19",11:09:00,"Collision with vehicle","Friday","Day",2,2,"T intersection",2,60,"A",2014,"WAGON","VOLKS","Station Wagon","M",62,"60-64","Drivers"
"T20190023921","29/11/19",11:09:00,"Collision with vehicle","Friday","Day",2,2,"T intersection",2,60,"B",2006,"SEDAN","TOYOTA","Car","M",62,"60-64","Drivers"
"T20190023923","23/11/19",11:40:00,"Collision with vehicle","Saturday","Day",2,2,"Not at intersection",3,60,"A",2011,"WAGON","KIA","Station Wagon","F",33,"30-39","Drivers"
"T20190023923","23/11/19",11:40:00,"Collision with vehicle","Saturday","Day",2,2,"Not at intersection",3,60,"B",2005,"SEDAN","HONDA","Car","M",26,"26-29","Drivers"
"T20190023925","19/11/19",21:30:00,"Collision with vehicle","Tuesday","Dusk/Dawn",2,2,"Not at intersection",3,999,"A",2007,"SEDAN","MITSUB","Car","M",46,"40-49","Drivers"
"T20190023925","19/11/19",21:30:00,"Collision with vehicle","Tuesday","Dusk/Dawn",2,2,"Not at intersection",3,999,"B",2003,"UTIL","HOLDEN","Utility","M",29,"26-29","Drivers"
"T20190023926","23/11/19",14:00:00,"Collision with vehicle","Saturday","Day",2,2,"Cross intersection",3,60,"B",2017,"WAGON","NISSAN","Station Wagon","M",32,"30-39","Drivers"
"T20190023927","25/11/19",08:40:00,"No collision and no object struck","Monday","Day",2,2,"T intersection",3,999,"A",2018,"WAGON","MITSUB","Station Wagon","M",48,"40-49","Drivers"
"T20190023928","27/11/19",15:40:00,"Collision with vehicle","Wednesday","Day",2,2,"Cross intersection",3,999,"A",2015,"WAGON","NISSAN","Station Wagon","F",38,"30-39","Drivers"
"T20190023928","27/11/19",15:40:00,"Collision with vehicle","Wednesday","Day",2,2,"Cross intersection",3,999,"B",2010,"WAGON","B M W","Station Wagon","F",63,"60-64","Drivers"
"T20190023929","29/11/19",09:10:00,"Collision with vehicle","Friday","Day",3,3,"T intersection",3,80,"A",2011,"SEDAN","MAZDA","Car","F",19,"17-21","Drivers"
"T20190023929","29/11/19",09:10:00,"Collision with vehicle","Friday","Day",3,3,"T intersection",3,80,"B",2003,"SEDAN","HOLDEN","Car","F",41,"40-49","Drivers"
"T20190023929","29/11/19",09:10:00,"Collision with vehicle","Friday","Day",3,3,"T intersection",3,80,"C",2012,"SEDAN","TOYOTA","Car","F",72,"70+","Drivers"
"T20190023930","28/11/19",16:45:00,"Collision with vehicle","Thursday","Day",2,2,"Not at intersection",3,999,"A",2011,"S WAG","HOLDEN","Station Wagon","F",45,"40-49","Drivers"
"T20190023930","28/11/19",16:45:00,"Collision with vehicle","Thursday","Day",2,2,"Not at intersection",3,999,"B",2014,"SEDAN","HYNDAI","Car","F",33,"30-39","Drivers"
"T20190023932","29/11/19",13:00:00,"Collision with a fixed object","Friday","Day",1,2,"Not at intersection",2,100,"A",2012,"DC UTE","TOYOTA","Utility","M",81,"70+","Drivers"
"T20190023935","29/11/19",09:10:00,"Collision with vehicle","Friday","Day",3,2,"Cross intersection",3,60,"A",2002,"SEDAN","NISSAN","Car","F",28,"26-29","Drivers"
"T20190023935","29/11/19",09:10:00,"Collision with vehicle","Friday","Day",3,2,"Cross intersection",3,60,"B",2015,"WAGON","PEUG","Station Wagon","M",61,"60-64","Drivers"
"T20190023937","24/11/19",18:54:00,"Collision with a fixed object","Sunday","Day",1,2,"Not at intersection",3,100,"A",2001,"S WAG","LROVER","Station Wagon","F",19,"17-21","Drivers"
"T20190023938","29/11/19",15:00:00,"Collision with vehicle","Friday","Day",2,2,"Multiple intersection",3,80,"A",2011,"SEDAN","MAZDA","Car","F",72,"70+","Drivers"
"T20190023938","29/11/19",15:00:00,"Collision with vehicle","Friday","Day",2,2,"Multiple intersection",3,80,"B",2010,"UTIL","TOYOTA","Utility","M",18,"17-21","Drivers"
"T20190023942","11/11/19",14:30:00,"Collision with vehicle","Monday","Day",2,3,"T intersection",3,999,"A",2010,"S WAG","HOLDEN","Station Wagon","M",45,"40-49","Drivers"
"T20190023942","11/11/19",14:30:00,"Collision with vehicle","Monday","Day",2,3,"T intersection",3,999,"B",2010,"BUS","VOLVO","Bus/Coach","M",57,"50-59","Drivers"
"T20190023944","29/11/19",15:30:00,"Struck Pedestrian","Friday","Day",1,2,"Not at intersection",3,60,"A",2016,"T SDS","MITSUB","Light Commercial Vehicle (Rigid) <= 4.5 Tonnes GVM","M",22,"22-25","Drivers"
"T20190023949","29/11/19",13:50:00,"Collision with vehicle","Friday","Day",2,3,"Not at intersection",3,80,"A",2004,"SEDAN","TOYOTA","Car","M",62,"60-64","Drivers"
"T20190023949","29/11/19",13:50:00,"Collision with vehicle","Friday","Day",2,3,"Not at intersection",3,80,"B",2017,"WAGON","HAVAL","Station Wagon","M",69,"64-69","Drivers"
"T20190023950","29/11/19",18:15:00,"Collision with vehicle","Friday","Day",3,3,"T intersection",3,60,"A",2009,"WAGON","B M W","Station Wagon","M",24,"22-25","Drivers"
"T20190023950","29/11/19",18:15:00,"Collision with vehicle","Friday","Day",3,3,"T intersection",3,60,"B",2003,"SEDAN","MAZDA","Car","F",51,"50-59","Drivers"
"T20190023950","29/11/19",18:15:00,"Collision with vehicle","Friday","Day",3,3,"T intersection",3,60,"C",2010,"SEDAN","MAZDA","Car","F",27,"26-29","Drivers"
"T20190023951","29/11/19",16:32:00,"Collision with vehicle","Friday","Day",2,2,"T intersection",3,60,"A",2013,"WAGON","HYNDAI","Station Wagon","F",52,"50-59","Drivers"
"T20190023951","29/11/19",16:32:00,"Collision with vehicle","Friday","Day",2,2,"T intersection",3,60,"B",2007,"SEDAN","HYNDAI","Car","M",92,"70+","Drivers"
"T20190023952","29/11/19",14:57:00,"Collision with a fixed object","Friday","Day",1,1,"Cross intersection",3,50,"A",2014,"SEDAN","MAZDA","Car","F",57,"50-59","Drivers"
"T20190023953","29/11/19",19:00:00,"Collision with a fixed object","Friday","Day",2,3,"Not at intersection",3,100,"A",1999,"SEDAN","MERC B","Car","M",46,"40-49","Drivers"
"T20190023953","29/11/19",19:00:00,"Collision with a fixed object","Friday","Day",2,3,"Not at intersection",3,100,"B",0,"S WAG","VLK","Station Wagon","M",63,"60-64","Drivers"
"T20190023954","29/11/19",16:20:00,"Collision with vehicle","Friday","Day",4,6,"Not at intersection",3,100,"A",2002,"SEDAN","FORD","Car","M",20,"17-21","Drivers"
"T20190023954","29/11/19",16:20:00,"Collision with vehicle","Friday","Day",4,6,"Not at intersection",3,100,"B",2010,"SED","FORD","Car","F",42,"40-49","Drivers"
"T20190023954","29/11/19",16:20:00,"Collision with vehicle","Friday","Day",4,6,"Not at intersection",3,100,"C",2013,"S WAG","MAZDA","Station Wagon","M",41,"40-49","Drivers"
"T20190023954","29/11/19",16:20:00,"Collision with vehicle","Friday","Day",4,6,"Not at intersection",3,100,"D",2012,"WAGON","FORD","Station Wagon","F",35,"30-39","Drivers"
"T20190023958","29/11/19",19:25:00,"Collision with vehicle","Friday","Dusk/Dawn",2,2,"Cross intersection",3,60,"A",2013,"SEDAN","TOYOTA","Car","F",88,"70+","Drivers"
"T20190023958","29/11/19",19:25:00,"Collision with vehicle","Friday","Dusk/Dawn",2,2,"Cross intersection",3,60,"B",2010,"WAGON","L ROV","Station Wagon","M",65,"64-69","Drivers"
"T20190023959","29/11/19",17:06:00,"Collision with a fixed object","Friday","Dusk/Dawn",1,1,"T intersection",2,60,"A",2017,"WAGON","HONDA","Station Wagon","F",68,"64-69","Drivers"
"T20190023960","27/11/19",15:00:00,"Collision with vehicle","Wednesday","Day",2,2,"Not at intersection",3,60,"A",2016,"WAGON","MAZDA","Station Wagon","F",25,"22-25","Drivers"
"T20190023960","27/11/19",15:00:00,"Collision with vehicle","Wednesday","Day",2,2,"Not at intersection",3,60,"B",2002,"SEDAN","HOLDEN","Car","U",NA,"unknown","Drivers"
"T20190023963","29/11/19",15:43:00,"Struck Pedestrian","Friday","Day",1,3,"Not at intersection",3,60,"A",2014,"WAGON","NISSAN","Station Wagon","F",60,"60-64","Drivers"
"T20190023964","29/11/19",18:30:00,"Vehicle overturned (no collision)","Friday","Day",1,1,"Not at intersection",2,100,"A",2010,"SEDAN","SUZUKI","Car","F",31,"30-39","Drivers"
"T20190023968","9/11/19",09:00:00,"Collision with vehicle","Saturday","Day",3,3,"Not at intersection",3,80,"A",2017,"SEDAN","TOYOTA","Car","F",44,"40-49","Drivers"
"T20190023968","9/11/19",09:00:00,"Collision with vehicle","Saturday","Day",3,3,"Not at intersection",3,80,"B",2015,"SEDAN","HOLDEN","Car","F",40,"40-49","Drivers"
"T20190023968","9/11/19",09:00:00,"Collision with vehicle","Saturday","Day",3,3,"Not at intersection",3,80,"C",2018,"SEDAN","SUZUKI","Car","F",56,"50-59","Drivers"
"T20190023972","29/11/19",18:50:00,"Collision with vehicle","Friday","Day",2,3,"Not at intersection",3,60,"A",2003,"VAN","HOLDEN","Panel Van","M",30,"30-39","Drivers"
"T20190023972","29/11/19",18:50:00,"Collision with vehicle","Friday","Day",2,3,"Not at intersection",3,60,"B",2012,"WAGON","MAZDA","Station Wagon","F",69,"64-69","Drivers"
"T20190023973","29/11/19",21:40:00,"Collision with vehicle","Friday","Dark Street lights on",2,2,"Cross intersection",3,50,"A",2012,"SEDAN","HOLDEN","Taxi","M",62,"60-64","Drivers"
"T20190023974","29/11/19",15:30:00,"Collision with vehicle","Friday","Day",2,4,"Not at intersection",3,40,"A",2017,"WAGON","R ROV","Station Wagon","M",46,"40-49","Drivers"
"T20190023974","29/11/19",15:30:00,"Collision with vehicle","Friday","Day",2,4,"Not at intersection",3,40,"B",2004,"SEDAN","FORD","Car","F",25,"22-25","Drivers"
"T20190023975","29/11/19",20:56:00,"Collision with vehicle","Friday","Dark Street lights on",2,3,"T intersection",3,80,"A",2019,"WAGON","VOLKS","Station Wagon","M",36,"30-39","Drivers"
"T20190023975","29/11/19",20:56:00,"Collision with vehicle","Friday","Dark Street lights on",2,3,"T intersection",3,80,"B",2010,"WAGON","NISSAN","Station Wagon","F",52,"50-59","Drivers"
"T20190023976","29/11/19",22:15:00,"Collision with vehicle","Friday","Dark Street lights on",2,2,"Not at intersection",3,60,"A",2014,"WAGON","TOYOTA","Station Wagon","F",36,"30-39","Drivers"
"T20190023976","29/11/19",22:15:00,"Collision with vehicle","Friday","Dark Street lights on",2,2,"Not at intersection",3,60,"B",2012,"UTIL","FORD","Utility","M",24,"22-25","Drivers"
"T20190023977","29/11/19",23:00:00,"Struck Pedestrian","Friday","Dark Street lights on",1,2,"Cross intersection",3,60,"A",2014,"TRAY","FORD","Light Commercial Vehicle (Rigid) <= 4.5 Tonnes GVM","M",29,"26-29","Drivers"
"T20190023980","29/11/19",22:56:00,"Collision with vehicle","Friday","Dark Street lights on",3,3,"Cross intersection",3,80,"A",2017,"S WAG","HOLDEN","Station Wagon","U",NA,"unknown","Drivers"
"T20190023980","29/11/19",22:56:00,"Collision with vehicle","Friday","Dark Street lights on",3,3,"Cross intersection",3,80,"B",2018,"WAGON","L ROV","Station Wagon","F",32,"30-39","Drivers"
"T20190023980","29/11/19",22:56:00,"Collision with vehicle","Friday","Dark Street lights on",3,3,"Cross intersection",3,80,"C",2017,"SEDAN","HONDA","Car","F",24,"22-25","Drivers"
"T20190023981","29/11/19",23:20:00,"Struck Pedestrian","Friday","Dark Street lights on",1,2,"Not at intersection",3,100,"A",2009,"S WAG","FORD","Station Wagon","M",43,"40-49","Drivers"
"T20190023983","30/11/19",00:04:00,"Collision with vehicle","Saturday","Dark Street lights on",4,4,"Not at intersection",3,60,"A",2011,"SEDAN","FORD","Car","M",30,"30-39","Drivers"
"T20190023983","30/11/19",00:04:00,"Collision with vehicle","Saturday","Dark Street lights on",4,4,"Not at intersection",3,60,"B",2007,"SEDAN","HONDA","Car","M",22,"22-25","Drivers"
"T20190023983","30/11/19",00:04:00,"Collision with vehicle","Saturday","Dark Street lights on",4,4,"Not at intersection",3,60,"C",2014,"SEDAN","TOYOTA","Taxi","M",37,"30-39","Drivers"
"T20190023983","30/11/19",00:04:00,"Collision with vehicle","Saturday","Dark Street lights on",4,4,"Not at intersection",3,60,"D",0,"SEDAN","TOYOTA","Car","M",36,"30-39","Drivers"
"T20190023984","29/11/19",23:48:00,"Collision with vehicle","Friday","Dark Street lights on",2,3,"T intersection",3,80,"A",2004,"SEDAN","MAZDA","Car","F",23,"22-25","Drivers"
"T20190023984","29/11/19",23:48:00,"Collision with vehicle","Friday","Dark Street lights on",2,3,"T intersection",3,80,"B",2005,"SEDAN","FORD","Car","F",18,"17-21","Drivers"
"T20190023986","29/11/19",23:10:00,"Collision with vehicle","Friday","Dark Street lights on",2,2,"Not at intersection",2,60,"A",2008,"SEDAN","TOYOTA","Car","F",37,"30-39","Drivers"
"T20190023993","30/11/19",06:20:00,"Struck animal","Saturday","Dusk/Dawn",1,1,"Not at intersection",3,50,"A",2009,"COUPE","TOYOTA","Car","F",19,"17-21","Drivers"
"T20190023994","8/11/19",15:30:00,"Collision with vehicle","Friday","Day",2,2,"Cross intersection",3,60,"A",2011,"SEDAN","KIA","Car","F",28,"26-29","Drivers"
"T20190023994","8/11/19",15:30:00,"Collision with vehicle","Friday","Day",2,2,"Cross intersection",3,60,"B",2006,"S WAG","HOLDEN","Station Wagon","F",45,"40-49","Drivers"
"T20190024003","29/11/19",14:00:00,"Collision with vehicle","Friday","Day",2,2,"T intersection",3,50,"A",2014,"UTIL","TOYOTA","Utility","M",29,"26-29","Drivers"
"T20190024003","29/11/19",14:00:00,"Collision with vehicle","Friday","Day",2,2,"T intersection",3,50,"B",2004,"DC UTE","HOLDEN","Utility","M",49,"40-49","Drivers"
"T20190024011","30/11/19",00:30:00,"Collision with vehicle","Saturday","Dark Street lights on",2,2,"T intersection",3,50,"A",0,"SEDAN","UNKN","Unknown","U",NA,"unknown","Drivers"
"T20190024012","30/11/19",12:00:00,"Struck Pedestrian","Saturday","Day",1,2,"Not at intersection",3,50,"A",2016,"S WAG","SUBARU","Station Wagon","M",23,"22-25","Drivers"
"T20190024013","30/11/19",09:35:00,"Collision with vehicle","Saturday","Day",2,2,"Not at intersection",3,100,"A",2005,"SEDAN","HOLDEN","Car","F",47,"40-49","Drivers"
"T20190024013","30/11/19",09:35:00,"Collision with vehicle","Saturday","Day",2,2,"Not at intersection",3,100,"B",2017,"WAGON","HOLDEN","Station Wagon","F",38,"30-39","Drivers"
"T20190024014","30/11/19",12:00:00,"Collision with vehicle","Saturday","Day",2,4,"T intersection",3,80,"A",2010,"SEDAN","TOYOTA","Car","F",65,"64-69","Drivers"
"T20190024014","30/11/19",12:00:00,"Collision with vehicle","Saturday","Day",2,4,"T intersection",3,80,"B",2016,"SEDAN","TOYOTA","Car","M",73,"70+","Drivers"
"T20190024015","28/11/19",09:00:00,"Collision with vehicle","Thursday","Day",2,2,"Not at intersection",3,50,"A",2000,"SEDAN","HOLDEN","Car","F",64,"60-64","Drivers"
"T20190024015","28/11/19",09:00:00,"Collision with vehicle","Thursday","Day",2,2,"Not at intersection",3,50,"B",0,"SEDAN","UNKN","Car","U",NA,"unknown","Drivers"
"T20190024017","30/11/19",13:32:00,"Collision with vehicle","Saturday","Day",2,4,"Cross intersection",3,70,"A",2002,"SEDAN","VOLKS","Car","M",38,"30-39","Drivers"
"T20190024017","30/11/19",13:32:00,"Collision with vehicle","Saturday","Day",2,4,"Cross intersection",3,70,"B",2011,"DC UTE","VOLKS","Utility","M",24,"22-25","Drivers"
"T20190024023","29/11/19",23:05:00,"Fall from or in moving vehicle","Friday","Dark Street lights on",1,5,"T intersection",3,60,"A",2010,"SEDAN","TOYOTA","Car","F",21,"17-21","Drivers"
"T20190024027","30/11/19",14:35:00,"Collision with vehicle","Saturday","Day",3,5,"Not at intersection",3,80,"A",2015,"SEDAN","MITSUB","Car","F",24,"22-25","Drivers"
"T20190024027","30/11/19",14:35:00,"Collision with vehicle","Saturday","Day",3,5,"Not at intersection",3,80,"B",2012,"SEDAN","TOYOTA","Car","M",44,"40-49","Drivers"
"T20190024027","30/11/19",14:35:00,"Collision with vehicle","Saturday","Day",3,5,"Not at intersection",3,80,"C",2018,"WAGON","HYNDAI","Station Wagon","F",60,"60-64","Drivers"
"T20190024028","30/11/19",12:00:00,"Collision with vehicle","Saturday","Day",2,4,"T intersection",3,70,"A",2018,"SEDAN","KIA","Car","M",34,"30-39","Drivers"
"T20190024028","30/11/19",12:00:00,"Collision with vehicle","Saturday","Day",2,4,"T intersection",3,70,"B",2016,"VAN","TOYOTA","Panel Van","M",42,"40-49","Drivers"
"T20190024034","30/11/19",15:30:00,"Struck Pedestrian","Saturday","Day",1,2,"Cross intersection",3,60,"A",2017,"SEDAN","TOYOTA","Car","F",59,"50-59","Drivers"
"T20190024036","30/11/19",17:30:00,"Collision with vehicle","Saturday","Day",2,2,"Not at intersection",3,50,"A",2016,"WAGON","MAZDA","Station Wagon","F",40,"40-49","Drivers"
"T20190024036","30/11/19",17:30:00,"Collision with vehicle","Saturday","Day",2,2,"Not at intersection",3,50,"B",2016,"SEDAN","HOLDEN","Car","F",39,"30-39","Drivers"
"T20190024038","30/11/19",10:50:00,"Collision with vehicle","Saturday","Day",2,2,"Not at intersection",3,50,"A",2012,"SEDAN","FORD","Car","M",54,"50-59","Drivers"
"T20190024040","30/11/19",00:35:00,"collision with some other object","Saturday","Dark No street lights",1,1,"Not at intersection",3,100,"A",2011,"SEDAN","MAZDA","Car","F",41,"40-49","Drivers"
"T20190024041","30/11/19",17:40:00,"Collision with vehicle","Saturday","Day",2,2,"Cross intersection",3,60,"A",2010,"S WAG","HOLDEN","Station Wagon","F",50,"50-59","Drivers"
"T20190024043","30/11/19",17:49:00,"Collision with vehicle","Saturday","Day",2,2,"Not at intersection",3,50,"B",1995,"WAGON","TOYOTA","Station Wagon","M",50,"50-59","Drivers"
"T20190024045","30/11/19",19:00:00,"Struck Pedestrian","Saturday","Dusk/Dawn",1,2,"T intersection",3,60,"A",2014,"SED","TOYOTA","Taxi","U",NA,"unknown","Drivers"
"T20190024050","30/11/19",18:03:00,"Collision with vehicle","Saturday","Day",3,4,"Not at intersection",3,50,"A",2008,"SEDAN","SUBARU","Car","M",25,"22-25","Drivers"
"T20190024050","30/11/19",18:03:00,"Collision with vehicle","Saturday","Day",3,4,"Not at intersection",3,50,"B",2014,"SEDAN","MAZDA","Car","F",27,"26-29","Drivers"
"T20190024051","30/11/19",14:30:00,"Collision with a fixed object","Saturday","Day",1,1,"T intersection",3,50,"A",2016,"WAGON","SUBARU","Station Wagon","F",57,"50-59","Drivers"