"ACCIDENT_NO","ACCIDENTDATE","ACCIDENTTIME","Accident Type Desc","Day Week Description","Light Condition Desc","NO_OF_VEHICLES","NO_PERSONS","Road Geometry Desc","SEVERITY","SPEED_ZONE","VEHICLE_ID","VEHICLE_YEAR_MANUF","VEHICLE_BODY_STYLE","VEHICLE_MAKE","Vehicle Type Desc","SEX","AGE","Age Group","Road User Type Desc"
"T20190024052","30/11/19",19:30:00,"Collision with a fixed object","Saturday","Day",1,2,"T intersection",2,50,"A",1994,"SEDAN","FORD","Car","M",20,"17-21","Drivers"
"T20190024058","30/11/19",21:25:00,"Collision with vehicle","Saturday","Dark Street lights on",2,2,"Cross intersection",3,60,"A",2015,"WAGON","VOLKS","Station Wagon","M",20,"17-21","Drivers"
"T20190024059","30/11/19",17:50:00,"Collision with vehicle","Saturday","Day",2,4,"T intersection",3,100,"A",2003,"TRAY","FORD","Utility","M",60,"60-64","Drivers"
"T20190024059","30/11/19",17:50:00,"Collision with vehicle","Saturday","Day",2,4,"T intersection",3,100,"B",2002,"S WAG","FORD","Station Wagon","M",39,"30-39","Drivers"
"T20190024065","1/12/19",01:20:00,"Collision with vehicle","Sunday","Dark Street lights on",3,4,"Not at intersection",3,60,"A",2013,"UTIL","FORD","Utility","M",31,"30-39","Drivers"
"T20190024065","1/12/19",01:20:00,"Collision with vehicle","Sunday","Dark Street lights on",3,4,"Not at intersection",3,60,"B",2015,"SEDAN","HONDA","Taxi","M",29,"26-29","Drivers"
"T20190024065","1/12/19",01:20:00,"Collision with vehicle","Sunday","Dark Street lights on",3,4,"Not at intersection",3,60,"C",2016,"SEDAN","FORD","Taxi","U",NA,"unknown","Drivers"
"T20190024066","30/11/19",20:54:00,"Collision with a fixed object","Saturday","Dark No street lights",1,2,"Not at intersection",3,100,"A",2017,"S WAG","VOLKS","Station Wagon","M",44,"40-49","Drivers"
"T20190024075","30/11/19",09:50:00,"Collision with vehicle","Saturday","Day",2,2,"T intersection",3,40,"A",2014,"UTIL","FORD","Utility","M",32,"30-39","Drivers"
"T20190024077","25/11/19",06:00:00,"Collision with vehicle","Monday","Day",2,2,"T intersection",3,60,"A",2010,"SEDAN","HONDA","Car","M",36,"30-39","Drivers"
"T20190024077","25/11/19",06:00:00,"Collision with vehicle","Monday","Day",2,2,"T intersection",3,60,"B",2006,"SEDAN","FORD","Car","M",23,"22-25","Drivers"
"T20190024081","18/11/19",07:30:00,"Collision with vehicle","Monday","Dusk/Dawn",2,2,"Cross intersection",3,60,"A",2009,"SEDAN","FORD","Car","M",86,"70+","Drivers"
"T20190024081","18/11/19",07:30:00,"Collision with vehicle","Monday","Dusk/Dawn",2,2,"Cross intersection",3,60,"B",2016,"SEDAN","HYNDAI","Car","M",59,"50-59","Drivers"
"T20190024082","1/12/19",08:20:00,"Collision with vehicle","Sunday","Day",3,4,"Not at intersection",3,40,"B",2013,"WAGON","MITSUB","Station Wagon","M",44,"40-49","Drivers"
"T20190024084","29/11/19",19:00:00,"Collision with vehicle","Friday","Dusk/Dawn",2,2,"Not at intersection",3,40,"A",2011,"SEDAN","FORD","Car","M",41,"40-49","Drivers"
"T20190024086","28/11/19",09:45:00,"Struck Pedestrian","Thursday","Day",1,4,"Not at intersection",3,40,"A",1998,"SEDAN","FORD","Taxi","M",72,"70+","Drivers"
"T20190024087","30/11/19",12:48:00,"Struck Pedestrian","Saturday","Day",1,2,"Not at intersection",3,999,"A",2018,"WAGON","LEXUS","Station Wagon","M",71,"70+","Drivers"
"T20190024092","30/11/19",21:10:00,"Collision with vehicle","Saturday","Dark Street lights on",2,2,"Not at intersection",3,60,"A",2010,"SEDAN","B M W","Car","M",52,"50-59","Drivers"
"T20190024092","30/11/19",21:10:00,"Collision with vehicle","Saturday","Dark Street lights on",2,2,"Not at intersection",3,60,"B",2013,"WAGON","MITSUB","Station Wagon","F",66,"64-69","Drivers"
"T20190024095","1/12/19",12:32:00,"Collision with vehicle","Sunday","Unknown",2,3,"Cross intersection",3,60,"A",2013,"SEDAN","TOYOTA","Car","F",49,"40-49","Drivers"
"T20190024095","1/12/19",12:32:00,"Collision with vehicle","Sunday","Unknown",2,3,"Cross intersection",3,60,"B",2017,"SEDAN","HYNDAI","Car","F",47,"40-49","Drivers"
"T20190024098","1/12/19",12:33:00,"Collision with vehicle","Sunday","Day",3,5,"Not at intersection",2,999,"A",2013,"SEDAN","UNKN","Car","F",65,"64-69","Drivers"
"T20190024098","1/12/19",12:33:00,"Collision with vehicle","Sunday","Day",3,5,"Not at intersection",2,999,"B",2012,"WAGON","VOLKS","Station Wagon","F",48,"40-49","Drivers"
"T20190024098","1/12/19",12:33:00,"Collision with vehicle","Sunday","Day",3,5,"Not at intersection",2,999,"C",2015,"SEDAN","PEUG","Car","M",61,"60-64","Drivers"
"T20190024099","1/12/19",12:40:00,"Collision with a fixed object","Sunday","Day",1,1,"Not at intersection",3,100,"A",2009,"DC UTE","MITSUB","Utility","F",53,"50-59","Drivers"
"T20190024105","1/12/19",14:15:00,"Collision with vehicle","Sunday","Day",2,3,"Cross intersection",3,50,"A",2016,"SEDAN","VOLKS","Car","F",24,"22-25","Drivers"
"T20190024105","1/12/19",14:15:00,"Collision with vehicle","Sunday","Day",2,3,"Cross intersection",3,50,"B",2013,"SEDAN","HOLDEN","Car","F",66,"64-69","Drivers"
"T20190024108","30/11/19",12:15:00,"Collision with vehicle","Saturday","Day",2,4,"T intersection",3,60,"A",2005,"SEDAN","TOYOTA","Car","F",67,"64-69","Drivers"
"T20190024108","30/11/19",12:15:00,"Collision with vehicle","Saturday","Day",2,4,"T intersection",3,60,"B",2000,"COUPE","TOYOTA","Car","F",59,"50-59","Drivers"
"T20190024113","1/12/19",15:15:00,"Collision with vehicle","Sunday","Day",2,3,"Cross intersection",3,80,"A",2007,"SEDAN","TOYOTA","Car","M",36,"30-39","Drivers"
"T20190024113","1/12/19",15:15:00,"Collision with vehicle","Sunday","Day",2,3,"Cross intersection",3,80,"B",2007,"DC UTE","HOLDEN","Utility","F",42,"40-49","Drivers"
"T20190024116","1/12/19",16:00:00,"Collision with vehicle","Sunday","Day",2,4,"Not at intersection",2,100,"A",1995,"SEDAN","TOYOTA","Car","M",32,"30-39","Drivers"
"T20190024116","1/12/19",16:00:00,"Collision with vehicle","Sunday","Day",2,4,"Not at intersection",2,100,"B",2011,"S WAG","HOLDEN","Station Wagon","M",17,"16-17","Drivers"
"T20190024120","26/11/19",06:00:00,"Collision with vehicle","Tuesday","Day",3,3,"Cross intersection",3,999,"A",2003,"SEDAN","TOYOTA","Car","M",60,"60-64","Drivers"
"T20190024120","26/11/19",06:00:00,"Collision with vehicle","Tuesday","Day",3,3,"Cross intersection",3,999,"B",2001,"WAGON","NISSAN","Station Wagon","M",22,"22-25","Drivers"
"T20190024120","26/11/19",06:00:00,"Collision with vehicle","Tuesday","Day",3,3,"Cross intersection",3,999,"C",2008,"TRAY","MITSUB","Light Commercial Vehicle (Rigid) <= 4.5 Tonnes GVM","M",58,"50-59","Drivers"
"T20190024121","1/12/19",16:15:00,"Collision with vehicle","Sunday","Day",2,7,"Not at intersection",3,60,"A",2005,"WAGON","MITSUB","Station Wagon","M",41,"40-49","Drivers"
"T20190024121","1/12/19",16:15:00,"Collision with vehicle","Sunday","Day",2,7,"Not at intersection",3,60,"B",2012,"WAGON","MITSUB","Station Wagon","M",63,"60-64","Drivers"
"T20190024122","1/12/19",18:05:00,"Collision with a fixed object","Sunday","Day",1,1,"Not at intersection",3,50,"A",2002,"S WAG","HOLDEN","Station Wagon","M",50,"50-59","Drivers"
"T20190024128","1/12/19",17:10:00,"Collision with vehicle","Sunday","Day",2,4,"Cross intersection",3,60,"A",2018,"WAGON","NISSAN","Station Wagon","M",58,"50-59","Drivers"
"T20190024131","1/12/19",19:00:00,"Collision with a fixed object","Sunday","Day",1,1,"Not at intersection",2,100,"A",2005,"SEDAN","HOLDEN","Car","F",49,"40-49","Drivers"
"T20190024132","18/11/19",16:35:00,"Collision with vehicle","Monday","Day",2,2,"Cross intersection",3,60,"A",2001,"SEDAN","HOLDEN","Car","M",22,"22-25","Drivers"
"T20190024132","18/11/19",16:35:00,"Collision with vehicle","Monday","Day",2,2,"Cross intersection",3,60,"B",2001,"SEDAN","TOYOTA","Car","M",31,"30-39","Drivers"
"T20190024133","1/12/19",20:34:00,"Collision with vehicle","Sunday","Dark Street lights unknown",2,2,"Cross intersection",2,50,"B",2013,"SEDAN","FORD","Car","M",37,"30-39","Drivers"
"T20190024135","1/12/19",18:36:00,"Collision with a fixed object","Sunday","Dusk/Dawn",1,2,"Not at intersection",2,100,"A",2005,"SED","TOYOTA","Car","F",33,"30-39","Drivers"
"T20190024136","1/12/19",08:20:00,"Collision with vehicle","Sunday","Day",2,2,"T intersection",3,60,"A",2016,"UTIL","HOLDEN","Utility","F",20,"17-21","Drivers"
"T20190024136","1/12/19",08:20:00,"Collision with vehicle","Sunday","Day",2,2,"T intersection",3,60,"B",2013,"WAGON","HOLDEN","Car","F",44,"40-49","Drivers"
"T20190024139","11/9/19",08:15:00,"Collision with vehicle","Wednesday","Day",2,2,"Not at intersection",3,80,"A",2009,"SEDAN","HONDA","Car","F",44,"40-49","Drivers"
"T20190024139","11/9/19",08:15:00,"Collision with vehicle","Wednesday","Day",2,2,"Not at intersection",3,80,"B",2015,"SEDAN","TOYOTA","Car","M",19,"17-21","Drivers"
"T20190024140","1/12/19",23:49:00,"Collision with vehicle","Sunday","Dark Street lights on",2,5,"T intersection",3,60,"A",2017,"WAGON","HOLDEN","Station Wagon","U",NA,"unknown","Drivers"
"T20190024140","1/12/19",23:49:00,"Collision with vehicle","Sunday","Dark Street lights on",2,5,"T intersection",3,60,"B",2007,"SEDAN","TOYOTA","Car","M",31,"30-39","Drivers"
"T20190024142","1/12/19",21:06:00,"Collision with vehicle","Sunday","Dark Street lights on",2,3,"Not at intersection",1,60,"A",2005,"WAGON","KIA","Station Wagon","M",20,"17-21","Drivers"
"T20190024142","1/12/19",21:06:00,"Collision with vehicle","Sunday","Dark Street lights on",2,3,"Not at intersection",1,60,"B",2004,"SEDAN","VOLKS","Car","F",25,"22-25","Drivers"
"T20190024148","13/9/19",07:40:00,"Collision with vehicle","Friday","Dusk/Dawn",2,2,"T intersection",3,999,"A",2008,"WAGON","HONDA","Station Wagon","F",30,"30-39","Drivers"
"T20190024148","13/9/19",07:40:00,"Collision with vehicle","Friday","Dusk/Dawn",2,2,"T intersection",3,999,"B",2003,"SEDAN","HOLDEN","Car","M",26,"26-29","Drivers"
"T20190024149","2/12/19",06:20:00,"Collision with vehicle","Monday","Day",4,4,"Not at intersection",3,70,"A",2008,"TRAY","MITSUB","Light Commercial Vehicle (Rigid) <= 4.5 Tonnes GVM","M",20,"17-21","Drivers"
"T20190024149","2/12/19",06:20:00,"Collision with vehicle","Monday","Day",4,4,"Not at intersection",3,70,"C",2004,"TIPPER","KENWTH","Heavy Vehicle (Rigid) > 4.5 Tonnes","M",54,"50-59","Drivers"
"T20190024149","2/12/19",06:20:00,"Collision with vehicle","Monday","Day",4,4,"Not at intersection",3,70,"D",2004,"TIPPER","NISSAN","Heavy Vehicle (Rigid) > 4.5 Tonnes","M",57,"50-59","Drivers"
"T20190024149","2/12/19",06:20:00,"Collision with vehicle","Monday","Day",4,4,"Not at intersection",3,70,"E",2013,"DC UTE","FORD","Utility","M",18,"17-21","Drivers"
"T20190024150","17/11/19",15:15:00,"Collision with vehicle","Sunday","Day",2,3,"Not at intersection",3,50,"A",2003,"WAGON","MITSUB","Station Wagon","M",45,"40-49","Drivers"
"T20190024150","17/11/19",15:15:00,"Collision with vehicle","Sunday","Day",2,3,"Not at intersection",3,50,"B",2005,"SEDAN","HOLDEN","Car","M",42,"40-49","Drivers"
"T20190024153","22/11/19",09:15:00,"Collision with vehicle","Friday","Day",2,3,"T intersection",3,50,"A",2009,"VAN","TOYOTA","Panel Van","M",59,"50-59","Drivers"
"T20190024153","22/11/19",09:15:00,"Collision with vehicle","Friday","Day",2,3,"T intersection",3,50,"B",2018,"WAGON","HYNDAI","Station Wagon","F",30,"30-39","Drivers"
"T20190024155","2/12/19",08:50:00,"Collision with vehicle","Monday","Day",2,2,"T intersection",3,70,"A",2008,"WAGON","B M W","Station Wagon","F",26,"26-29","Drivers"
"T20190024155","2/12/19",08:50:00,"Collision with vehicle","Monday","Day",2,2,"T intersection",3,70,"B",2015,"SEDAN","SUZUKI","Car","M",61,"60-64","Drivers"
"T20190024158","2/12/19",06:40:00,"Collision with vehicle","Monday","Day",2,2,"Cross intersection",3,80,"A",2008,"TIPPER","KENWTH","Heavy Vehicle (Rigid) > 4.5 Tonnes","M",44,"40-49","Drivers"
"T20190024158","2/12/19",06:40:00,"Collision with vehicle","Monday","Day",2,2,"Cross intersection",3,80,"B",2019,"SEDAN","AUDI","Car","M",55,"50-59","Drivers"
"T20190024160","9/10/19",19:00:00,"Collision with vehicle","Wednesday","Unknown",2,2,"Not at intersection",3,60,"A",2018,"COUPE","FORD","Car","M",31,"30-39","Drivers"
"T20190024160","9/10/19",19:00:00,"Collision with vehicle","Wednesday","Unknown",2,2,"Not at intersection",3,60,"B",2015,"WAGON","B M W","Station Wagon","U",NA,"unknown","Drivers"
"T20190024162","16/10/19",17:50:00,"Collision with vehicle","Wednesday","Day",2,2,"Cross intersection",3,70,"A",2010,"SEDAN","TOYOTA","Car","M",23,"22-25","Drivers"
"T20190024162","16/10/19",17:50:00,"Collision with vehicle","Wednesday","Day",2,2,"Cross intersection",3,70,"B",2017,"SEDAN","UNKN","Car","M",80,"70+","Drivers"
"T20190024165","29/11/19",15:30:00,"Struck Pedestrian","Friday","Unknown",1,2,"Cross intersection",3,999,"A",2015,"SED","HOLDEN","Car","M",19,"17-21","Drivers"
"T20190024166","2/12/19",04:49:00,"Vehicle overturned (no collision)","Monday","Dusk/Dawn",1,1,"Not at intersection",3,110,"A",2015,"TRAY","ADLER","Heavy Vehicle (Rigid) > 4.5 Tonnes","M",40,"40-49","Drivers"
"T20190024168","2/12/19",09:07:00,"Collision with vehicle","Monday","Day",2,5,"Not at intersection",3,60,"A",2007,"SEDAN","MAZDA","Car","F",35,"30-39","Drivers"
"T20190024168","2/12/19",09:07:00,"Collision with vehicle","Monday","Day",2,5,"Not at intersection",3,60,"B",2019,"SEDAN","MERC B","Car","M",33,"30-39","Drivers"
"T20190024169","9/6/19",17:10:00,"Collision with vehicle","Sunday","Unknown",2,6,"Cross intersection",3,80,"A",2002,"WAGON","MITSUB","Station Wagon","M",45,"40-49","Drivers"
"T20190024169","9/6/19",17:10:00,"Collision with vehicle","Sunday","Unknown",2,6,"Cross intersection",3,80,"B",2009,"SEDAN","HONDA","Car","M",43,"40-49","Drivers"
"T20190024176","5/9/19",14:07:00,"Collision with vehicle","Thursday","Day",2,3,"Not at intersection",3,80,"A",2004,"UTIL","TOYOTA","Utility","M",46,"40-49","Drivers"
"T20190024176","5/9/19",14:07:00,"Collision with vehicle","Thursday","Day",2,3,"Not at intersection",3,80,"B",2007,"BUS","TOYOTA","Taxi","M",42,"40-49","Drivers"
"T20190024177","2/12/19",10:50:00,"Collision with vehicle","Monday","Day",2,3,"T intersection",3,50,"A",2006,"SED","HONDA","Car","F",25,"22-25","Drivers"
"T20190024179","27/11/19",20:13:00,"Collision with vehicle","Wednesday","Day",2,2,"T intersection",3,50,"B",2005,"SEDAN","HOLDEN","Car","M",36,"30-39","Drivers"
"T20190024181","27/11/19",08:45:00,"Collision with vehicle","Wednesday","Day",2,2,"Cross intersection",3,999,"A",2005,"SEDAN","MITSUB","Car","M",50,"50-59","Drivers"
"T20190024181","27/11/19",08:45:00,"Collision with vehicle","Wednesday","Day",2,2,"Cross intersection",3,999,"B",2017,"SEDAN","MAZDA","Car","M",41,"40-49","Drivers"
"T20190024182","29/11/19",20:30:00,"Collision with vehicle","Friday","Dark Street lights on",2,3,"Not at intersection",3,80,"A",2008,"SEDAN","TOYOTA","Car","M",32,"30-39","Drivers"
"T20190024182","29/11/19",20:30:00,"Collision with vehicle","Friday","Dark Street lights on",2,3,"Not at intersection",3,80,"B",2014,"SEDAN","TOYOTA","Car","M",NA,"unknown","Drivers"
"T20190024191","2/12/19",13:05:00,"Collision with vehicle","Monday","Day",3,2,"T intersection",3,60,"A",2012,"VAN","HYNDAI","Panel Van","M",31,"30-39","Drivers"
"T20190024192","11/11/19",16:30:00,"Collision with vehicle","Monday","Unknown",3,3,"T intersection",3,50,"A",2012,"COUPE","TOYOTA","Car","M",42,"40-49","Drivers"
"T20190024192","11/11/19",16:30:00,"Collision with vehicle","Monday","Unknown",3,3,"T intersection",3,50,"B",2017,"WAGON","JEEP","Station Wagon","M",40,"40-49","Drivers"
"T20190024192","11/11/19",16:30:00,"Collision with vehicle","Monday","Unknown",3,3,"T intersection",3,50,"C",2000,"WAGON","NISSAN","Station Wagon","M",57,"50-59","Drivers"
"T20190024194","1/12/19",10:00:00,"Collision with vehicle","Sunday","Day",2,2,"Not at intersection",3,80,"A",2006,"SEDAN","NISSAN","Car","F",42,"40-49","Drivers"
"T20190024194","1/12/19",10:00:00,"Collision with vehicle","Sunday","Day",2,2,"Not at intersection",3,80,"B",2010,"SEDAN","TOYOTA","Car","M",46,"40-49","Drivers"
"T20190024195","2/12/19",14:36:00,"Collision with vehicle","Monday","Day",2,3,"T intersection",3,50,"A",2019,"DC UTE","MERC B","Utility","M",46,"40-49","Drivers"
"T20190024195","2/12/19",14:36:00,"Collision with vehicle","Monday","Day",2,3,"T intersection",3,50,"B",0,"P MVR","KENWOR","Prime Mover - Single Trailer","M",75,"70+","Drivers"
"T20190024196","24/11/19",10:45:00,"Collision with vehicle","Sunday","Day",2,2,"T intersection",3,60,"A",2015,"SEDAN","TOYOTA","Car","M",53,"50-59","Drivers"
"T20190024196","24/11/19",10:45:00,"Collision with vehicle","Sunday","Day",2,2,"T intersection",3,60,"B",2014,"SEDAN","FORD","Car","M",26,"26-29","Drivers"
"T20190024197","2/12/19",15:30:00,"Collision with vehicle","Monday","Day",2,2,"Cross intersection",3,50,"B",2005,"SEDAN","TOYOTA","Car","F",79,"70+","Drivers"
"T20190024197","2/12/19",15:30:00,"Collision with vehicle","Monday","Day",2,2,"Cross intersection",3,50,"C",2016,"UTIL","FORD","Utility","M",46,"40-49","Drivers"
"T20190024199","29/11/19",17:05:00,"Collision with vehicle","Friday","Day",2,2,"T intersection",3,60,"A",2008,"SEDAN","MAZDA","Car","M",31,"30-39","Drivers"
"T20190024199","29/11/19",17:05:00,"Collision with vehicle","Friday","Day",2,2,"T intersection",3,60,"B",2018,"WAGON","TOYOTA","Station Wagon","M",43,"40-49","Drivers"
"T20190024204","22/11/19",14:30:00,"Collision with vehicle","Friday","Day",2,3,"T intersection",3,60,"A",2005,"SEDAN","HONDA","Car","M",35,"30-39","Drivers"
"T20190024204","22/11/19",14:30:00,"Collision with vehicle","Friday","Day",2,3,"T intersection",3,60,"B",2018,"WAGON","HONDA","Station Wagon","F",40,"40-49","Drivers"
"T20190024205","2/12/19",16:14:00,"Collision with vehicle","Monday","Day",2,3,"Not at intersection",3,60,"A",2016,"SEDAN","TOYOTA","Car","F",45,"40-49","Drivers"
"T20190024206","2/12/19",16:42:00,"Collision with vehicle","Monday","Day",2,4,"Not at intersection",2,80,"A",2003,"SEDAN","FORD","Car","F",22,"22-25","Drivers"
"T20190024206","2/12/19",16:42:00,"Collision with vehicle","Monday","Day",2,4,"Not at intersection",2,80,"B",2019,"TRAY","ISUZU","Heavy Vehicle (Rigid) > 4.5 Tonnes","M",24,"22-25","Drivers"
"T20190024210","2/12/19",15:10:00,"Struck Pedestrian","Monday","Day",1,2,"Not at intersection",3,50,"A",2002,"SEDAN","TOYOTA","Car","F",48,"40-49","Drivers"
"T20190024217","2/12/19",15:57:00,"Collision with vehicle","Monday","Day",2,2,"Cross intersection",2,50,"A",2016,"UTIL","MITSUB","Utility","M",26,"26-29","Drivers"
"T20190024218","30/11/19",14:00:00,"Collision with vehicle","Saturday","Day",3,3,"T intersection",3,80,"A",2003,"WAGON","SUBARU","Station Wagon","F",41,"40-49","Drivers"
"T20190024218","30/11/19",14:00:00,"Collision with vehicle","Saturday","Day",3,3,"T intersection",3,80,"B",2014,"S WAG","MAZDA","Station Wagon","M",46,"40-49","Drivers"
"T20190024218","30/11/19",14:00:00,"Collision with vehicle","Saturday","Day",3,3,"T intersection",3,80,"C",2008,"COUPE","AUDI","Car","M",53,"50-59","Drivers"
"T20190024221","1/11/19",21:35:00,"Collision with vehicle","Friday","Dark Street lights on",2,3,"Cross intersection",3,70,"A",2009,"WAGON","TOYOTA","Station Wagon","F",37,"30-39","Drivers"
"T20190024221","1/11/19",21:35:00,"Collision with vehicle","Friday","Dark Street lights on",2,3,"Cross intersection",3,70,"B",2007,"SEDAN","TOYOTA","Car","M",24,"22-25","Drivers"
"T20190024222","15/9/19",18:50:00,"Struck Pedestrian","Sunday","Dark Street lights unknown",1,3,"T intersection",3,60,"A",2013,"SEDAN","MAZDA","Car","F",54,"50-59","Drivers"
"T20190024224","14/11/19",12:00:00,"collision with some other object","Thursday","Day",1,1,"Not at intersection",3,70,"A",2007,"SEDAN","MAZDA","Car","F",59,"50-59","Drivers"
"T20190024227","2/12/19",18:30:00,"Collision with vehicle","Monday","Day",2,2,"T intersection",3,50,"A",1991,"S WAG","TOYOTA","Station Wagon","M",56,"50-59","Drivers"
"T20190024227","2/12/19",18:30:00,"Collision with vehicle","Monday","Day",2,2,"T intersection",3,50,"B",2019,"SEDAN","TOYOTA","Car","F",62,"60-64","Drivers"
"T20190024229","2/12/19",18:26:00,"Collision with a fixed object","Monday","Day",1,1,"Unknown",2,50,"A",2002,"SEDAN","HOLDEN","Car","M",66,"64-69","Drivers"
"T20190024230","2/12/19",16:00:00,"Collision with vehicle","Monday","Day",2,3,"Not at intersection",2,50,"A",2010,"WAGON","UNKN","Station Wagon","F",52,"50-59","Drivers"
"T20190024234","2/12/19",21:29:00,"Collision with vehicle","Monday","Dark No street lights",2,2,"Not at intersection",2,80,"A",2011,"WAGON","MAZDA","Station Wagon","F",31,"30-39","Drivers"
"T20190024234","2/12/19",21:29:00,"Collision with vehicle","Monday","Dark No street lights",2,2,"Not at intersection",2,80,"B",2009,"SEDAN","B M W","Car","M",19,"17-21","Drivers"
"T20190024236","2/12/19",20:58:00,"Struck Pedestrian","Monday","Dark Street lights on",1,2,"Not at intersection",2,80,"A",0,"SEDAN","UNKN","Car","U",NA,"unknown","Drivers"
"T20190024239","2/12/19",23:17:00,"Collision with a fixed object","Monday","Dark No street lights",1,2,"Not at intersection",3,110,"A",2017,"SEDAN","HONDA","Car","F",43,"40-49","Drivers"
"T20190024240","2/12/19",22:00:00,"Collision with a fixed object","Monday","Dark Street lights on",1,1,"Not at intersection",3,100,"A",2002,"SED","TOYOTA","Car","F",51,"50-59","Drivers"
"T20190024244","30/10/19",13:30:00,"Collision with vehicle","Wednesday","Day",2,2,"Not at intersection",3,60,"B",2017,"WAGON","TOYOTA","Station Wagon","M",30,"30-39","Drivers"
"T20190024245","3/12/19",05:55:00,"Collision with vehicle","Tuesday","Day",2,2,"Cross intersection",3,80,"A",2000,"SEDAN","FORD","Car","M",56,"50-59","Drivers"
"T20190024246","25/11/19",09:40:00,"Collision with vehicle","Monday","Day",2,2,"Not at intersection",3,100,"A",2011,"WAGON","NISSAN","Station Wagon","F",42,"40-49","Drivers"
"T20190024246","25/11/19",09:40:00,"Collision with vehicle","Monday","Day",2,2,"Not at intersection",3,100,"B",1998,"VAN","MITSUB","Light Commercial Vehicle (Rigid) <= 4.5 Tonnes GVM","M",58,"50-59","Drivers"
"T20190024254","2/12/19",12:18:00,"Collision with vehicle","Monday","Day",2,5,"Not at intersection",3,110,"A",2003,"S WAG","HOLDEN","Station Wagon","M",55,"50-59","Drivers"
"T20190024254","2/12/19",12:18:00,"Collision with vehicle","Monday","Day",2,5,"Not at intersection",3,110,"B",1995,"P MVR","KENWTH","Prime Mover - Single Trailer","M",24,"22-25","Drivers"
"T20190024255","1/12/19",11:50:00,"Collision with vehicle","Sunday","Day",2,3,"Not at intersection",3,100,"A",2003,"SEDAN","NISSAN","Car","M",21,"17-21","Drivers"
"T20190024255","1/12/19",11:50:00,"Collision with vehicle","Sunday","Day",2,3,"Not at intersection",3,100,"B",1998,"SEDAN","HOLDEN","Car","M",24,"22-25","Drivers"
"T20190024256","18/11/19",12:00:00,"Collision with vehicle","Monday","Day",2,2,"Not at intersection",3,100,"A",2010,"SEDAN","TOYOTA","Car","F",26,"26-29","Drivers"
"T20190024256","18/11/19",12:00:00,"Collision with vehicle","Monday","Day",2,2,"Not at intersection",3,100,"B",2003,"SEDAN","HYNDAI","Car","F",48,"40-49","Drivers"
"T20190024259","31/10/19",16:45:00,"Collision with vehicle","Thursday","Day",4,5,"Not at intersection",3,80,"A",2011,"SEDAN","TOYOTA","Car","M",25,"22-25","Drivers"
"T20190024259","31/10/19",16:45:00,"Collision with vehicle","Thursday","Day",4,5,"Not at intersection",3,80,"B",2001,"SEDAN","TOYOTA","Car","F",25,"22-25","Drivers"
"T20190024259","31/10/19",16:45:00,"Collision with vehicle","Thursday","Day",4,5,"Not at intersection",3,80,"C",2012,"SEDAN","VOLKS","Car","F",31,"30-39","Drivers"
"T20190024259","31/10/19",16:45:00,"Collision with vehicle","Thursday","Day",4,5,"Not at intersection",3,80,"D",2016,"WAGON","SUZUKI","Station Wagon","F",67,"64-69","Drivers"
"T20190024260","3/12/19",08:00:00,"Collision with a fixed object","Tuesday","Day",1,1,"Not at intersection",3,100,"A",2009,"SEDAN","FORD","Car","F",21,"17-21","Drivers"
"T20190024261","3/12/19",09:20:00,"Collision with vehicle","Tuesday","Day",3,3,"T intersection",3,80,"A",2019,"SEDAN","MERC B","Car","F",39,"30-39","Drivers"
"T20190024261","3/12/19",09:20:00,"Collision with vehicle","Tuesday","Day",3,3,"T intersection",3,80,"B",2001,"SEDAN","TOYOTA","Car","F",30,"30-39","Drivers"
"T20190024261","3/12/19",09:20:00,"Collision with vehicle","Tuesday","Day",3,3,"T intersection",3,80,"C",2006,"UTIL","FORD","Utility","M",20,"17-21","Drivers"
"T20190024262","3/12/19",08:33:00,"Collision with vehicle","Tuesday","Day",2,2,"Not at intersection",2,40,"A",2015,"SEDAN","MERC B","Car","F",45,"40-49","Drivers"
"T20190024263","3/12/19",09:21:00,"Collision with vehicle","Tuesday","Day",5,5,"Not at intersection",3,80,"A",2016,"SEDAN","AUDI","Car","U",NA,"unknown","Drivers"
"T20190024263","3/12/19",09:21:00,"Collision with vehicle","Tuesday","Day",5,5,"Not at intersection",3,80,"B",2018,"WAGON","MITSUB","Station Wagon","M",32,"30-39","Drivers"
"T20190024263","3/12/19",09:21:00,"Collision with vehicle","Tuesday","Day",5,5,"Not at intersection",3,80,"C",2016,"WAGON","NISSAN","Station Wagon","M",39,"30-39","Drivers"
"T20190024263","3/12/19",09:21:00,"Collision with vehicle","Tuesday","Day",5,5,"Not at intersection",3,80,"D",2016,"VAN","TOYOTA","Panel Van","M",35,"30-39","Drivers"
"T20190024263","3/12/19",09:21:00,"Collision with vehicle","Tuesday","Day",5,5,"Not at intersection",3,80,"E",2006,"P MVR","VOLVO","Prime Mover - Single Trailer","M",35,"30-39","Drivers"
"T20190024267","29/11/19",15:41:00,"Collision with vehicle","Friday","Day",3,1,"Not at intersection",3,60,"A",2016,"SEDAN","SUZUKI","Car","F",45,"40-49","Drivers"
"T20190024271","3/12/19",12:40:00,"Collision with vehicle","Tuesday","Day",2,2,"T intersection",3,60,"B",2014,"S WAG","HYNDAI","Station Wagon","M",36,"30-39","Drivers"