"ACCIDENT_NO","ACCIDENTDATE","ACCIDENTTIME","Accident Type Desc","Day Week Description","Light Condition Desc","NO_OF_VEHICLES","NO_PERSONS","Road Geometry Desc","SEVERITY","SPEED_ZONE","VEHICLE_ID","VEHICLE_YEAR_MANUF","VEHICLE_BODY_STYLE","VEHICLE_MAKE","Vehicle Type Desc","SEX","AGE","Age Group","Road User Type Desc"
"T20190024272","3/12/19",07:25:00,"Collision with vehicle","Tuesday","Day",2,2,"Not at intersection",3,60,"A",2009,"TRAY","HOLDEN","Light Commercial Vehicle (Rigid) <= 4.5 Tonnes GVM","M",33,"30-39","Drivers"
"T20190024272","3/12/19",07:25:00,"Collision with vehicle","Tuesday","Day",2,2,"Not at intersection",3,60,"B",2011,"SEDAN","HYNDAI","Car","M",51,"50-59","Drivers"
"T20190024273","3/12/19",09:48:00,"Collision with vehicle","Tuesday","Day",2,3,"Cross intersection",3,100,"A",2004,"SED","TOYOTA","Car","F",27,"26-29","Drivers"
"T20190024273","3/12/19",09:48:00,"Collision with vehicle","Tuesday","Day",2,3,"Cross intersection",3,100,"B",2003,"S WAG","MITSUB","Station Wagon","F",32,"30-39","Drivers"
"T20190024276","29/11/19",17:30:00,"Collision with vehicle","Friday","Unknown",3,4,"Not at intersection",3,999,"A",2015,"SEDAN","HOLDEN","Car","M",27,"26-29","Drivers"
"T20190024276","29/11/19",17:30:00,"Collision with vehicle","Friday","Unknown",3,4,"Not at intersection",3,999,"B",2009,"SEDAN","KIA","Car","F",28,"26-29","Drivers"
"T20190024276","29/11/19",17:30:00,"Collision with vehicle","Friday","Unknown",3,4,"Not at intersection",3,999,"C",2005,"SEDAN","TOYOTA","Car","F",27,"26-29","Drivers"
"T20190024277","20/11/19",15:25:00,"Collision with vehicle","Wednesday","Day",2,2,"T intersection",3,70,"A",2004,"WAGON","LEXUS","Station Wagon","F",18,"17-21","Drivers"
"T20190024277","20/11/19",15:25:00,"Collision with vehicle","Wednesday","Day",2,2,"T intersection",3,70,"B",2016,"WAGON","B M W","Station Wagon","F",44,"40-49","Drivers"
"T20190024278","30/11/19",07:46:00,"Collision with vehicle","Saturday","Day",2,4,"Multiple intersection",3,70,"A",1999,"SEDAN","HOLDEN","Car","M",50,"50-59","Drivers"
"T20190024278","30/11/19",07:46:00,"Collision with vehicle","Saturday","Day",2,4,"Multiple intersection",3,70,"B",2003,"SEDAN","HOLDEN","Car","M",23,"22-25","Drivers"
"T20190024279","7/9/19",23:45:00,"Struck animal","Saturday","Dark No street lights",1,1,"Not at intersection",3,60,"A",2016,"WAGON","MAZDA","Station Wagon","F",50,"50-59","Drivers"
"T20190024280","2/12/19",10:15:00,"Struck Pedestrian","Monday","Day",1,2,"Not at intersection",3,999,"A",2004,"SEDAN","FORD","Car","M",67,"64-69","Drivers"
"T20190024282","3/12/19",10:50:00,"Collision with vehicle","Tuesday","Day",4,3,"Not at intersection",2,60,"A",2017,"WAGON","ISUZU","Station Wagon","F",53,"50-59","Drivers"
"T20190024282","3/12/19",10:50:00,"Collision with vehicle","Tuesday","Day",4,3,"Not at intersection",2,60,"B",0,"S WAG","MERC B","Station Wagon","M",25,"22-25","Drivers"
"T20190024283","3/12/19",11:20:00,"Collision with vehicle","Tuesday","Day",2,2,"Not at intersection",3,50,"A",2017,"WAGON","VOLKS","Station Wagon","U",NA,"unknown","Drivers"
"T20190024283","3/12/19",11:20:00,"Collision with vehicle","Tuesday","Day",2,2,"Not at intersection",3,50,"B",2016,"SEDAN","MAZDA","Car","F",64,"60-64","Drivers"
"T20190024284","29/11/19",21:15:00,"Collision with a fixed object","Friday","Dark No street lights",1,1,"Not at intersection",2,100,"A",1985,"UTIL","TOYOTA","Utility","M",48,"40-49","Drivers"
"T20190024286","3/12/19",12:00:00,"Collision with a fixed object","Tuesday","Day",1,2,"Not at intersection",3,80,"A",1996,"P VAN","FORD","Panel Van","M",38,"30-39","Drivers"
"T20190024287","3/12/19",12:40:00,"Collision with a fixed object","Tuesday","Day",1,1,"Not at intersection",3,50,"A",2013,"SEDAN","KIA","Car","F",68,"64-69","Drivers"
"T20190024288","31/7/19",06:50:00,"Collision with vehicle","Wednesday","Unknown",2,2,"Cross intersection",3,999,"A",2010,"SEDAN","HOLDEN","Car","F",19,"17-21","Drivers"
"T20190024288","31/7/19",06:50:00,"Collision with vehicle","Wednesday","Unknown",2,2,"Cross intersection",3,999,"B",2003,"S WAG","MITSUB","Station Wagon","M",33,"30-39","Drivers"
"T20190024290","3/12/19",08:55:00,"Collision with vehicle","Tuesday","Day",3,3,"Not at intersection",3,50,"A",2017,"WAGON","HONDA","Station Wagon","F",39,"30-39","Drivers"
"T20190024290","3/12/19",08:55:00,"Collision with vehicle","Tuesday","Day",3,3,"Not at intersection",3,50,"B",0,"P MVR","IVECO","Prime Mover Only","M",24,"22-25","Drivers"
"T20190024290","3/12/19",08:55:00,"Collision with vehicle","Tuesday","Day",3,3,"Not at intersection",3,50,"C",2008,"SEDAN","FORD","Car","M",48,"40-49","Drivers"
"T20190024292","2/12/19",16:30:00,"Collision with vehicle","Monday","Day",2,4,"Not at intersection",3,80,"A",1990,"TIPPER","ISUZU","Heavy Vehicle (Rigid) > 4.5 Tonnes","M",45,"40-49","Drivers"
"T20190024292","2/12/19",16:30:00,"Collision with vehicle","Monday","Day",2,4,"Not at intersection",3,80,"B",2006,"SEDAN","PEUG","Car","F",47,"40-49","Drivers"
"T20190024296","30/11/19",01:45:00,"Collision with vehicle","Saturday","Dark Street lights on",2,2,"Cross intersection",3,50,"A",2018,"WAGON","NISSAN","Taxi","M",37,"30-39","Drivers"
"T20190024296","30/11/19",01:45:00,"Collision with vehicle","Saturday","Dark Street lights on",2,2,"Cross intersection",3,50,"B",2010,"WAGON","MAZDA","Station Wagon","M",41,"40-49","Drivers"
"T20190024297","3/12/19",01:30:00,"Collision with vehicle","Tuesday","Unknown",3,1,"Not at intersection",3,60,"B",0,"SEDAN","FORD","Car","F",29,"26-29","Drivers"
"T20190024298","29/11/19",15:10:00,"Collision with vehicle","Friday","Day",2,2,"Cross intersection",3,60,"A",2013,"SEDAN","KIA","Car","F",31,"30-39","Drivers"
"T20190024298","29/11/19",15:10:00,"Collision with vehicle","Friday","Day",2,2,"Cross intersection",3,60,"B",2006,"SEDAN","HOLDEN","Car","M",45,"40-49","Drivers"
"T20190024299","23/11/19",22:36:00,"Collision with vehicle","Saturday","Dark Street lights unknown",2,2,"Not at intersection",3,60,"A",2016,"WAGON","HOLDEN","Station Wagon","M",39,"30-39","Drivers"
"T20190024299","23/11/19",22:36:00,"Collision with vehicle","Saturday","Dark Street lights unknown",2,2,"Not at intersection",3,60,"B",2016,"WAGON","TOYOTA","Station Wagon","U",NA,"unknown","Drivers"
"T20190024307","20/11/19",16:45:00,"Collision with vehicle","Wednesday","Day",2,2,"Cross intersection",3,80,"A",2015,"DC UTE","HOLDEN","Utility","M",23,"22-25","Drivers"
"T20190024307","20/11/19",16:45:00,"Collision with vehicle","Wednesday","Day",2,2,"Cross intersection",3,80,"B",2012,"DC UTE","MITSUB","Utility","M",35,"30-39","Drivers"
"T20190024308","3/12/19",15:00:00,"Collision with a fixed object","Tuesday","Day",1,4,"Not at intersection",3,110,"A",2002,"SEDAN","NISSAN","Car","M",45,"40-49","Drivers"
"T20190024310","3/12/19",18:15:00,"Collision with vehicle","Tuesday","Day",2,2,"Cross intersection",3,999,"A",2003,"SEDAN","MITSUB","Car","M",38,"30-39","Drivers"
"T20190024310","3/12/19",18:15:00,"Collision with vehicle","Tuesday","Day",2,2,"Cross intersection",3,999,"B",2016,"SED","HOLDEN","Car","F",23,"22-25","Drivers"
"T20190024312","30/11/19",00:30:00,"Collision with vehicle","Saturday","Dark Street lights on",2,4,"Cross intersection",3,40,"A",2018,"WAGON","MITSUB","Station Wagon","M",44,"40-49","Drivers"
"T20190024312","30/11/19",00:30:00,"Collision with vehicle","Saturday","Dark Street lights on",2,4,"Cross intersection",3,40,"B",2010,"SEDAN","FORD","Taxi","M",38,"30-39","Drivers"
"T20190024319","3/12/19",17:58:00,"Collision with vehicle","Tuesday","Day",2,2,"T intersection",3,60,"A",2007,"SEDAN","MITSUB","Car","M",20,"17-21","Drivers"
"T20190024321","23/11/19",14:49:00,"Collision with vehicle","Saturday","Day",2,2,"Not at intersection",3,999,"B",2012,"SEDAN","HOLDEN","Car","M",24,"22-25","Drivers"
"T20190024321","23/11/19",14:49:00,"Collision with vehicle","Saturday","Day",2,2,"Not at intersection",3,999,"C",2018,"SEDAN","HOLDEN","Car","M",39,"30-39","Drivers"
"T20190024324","3/12/19",18:46:00,"Collision with a fixed object","Tuesday","Day",1,1,"Not at intersection",3,70,"A",2012,"VAN","TOYOTA","Panel Van","M",27,"26-29","Drivers"
"T20190024325","1/12/19",15:00:00,"Collision with vehicle","Sunday","Day",3,4,"Multiple intersection",3,80,"A",2010,"S WAG","VOLKS","Station Wagon","F",46,"40-49","Drivers"
"T20190024325","1/12/19",15:00:00,"Collision with vehicle","Sunday","Day",3,4,"Multiple intersection",3,80,"B",2018,"SEDAN","TOYOTA","Car","M",67,"64-69","Drivers"
"T20190024325","1/12/19",15:00:00,"Collision with vehicle","Sunday","Day",3,4,"Multiple intersection",3,80,"C",1995,"SEDAN","TOYOTA","Car","F",82,"70+","Drivers"
"T20190024326","25/10/19",14:58:00,"Collision with vehicle","Friday","Unknown",2,4,"Multiple intersection",3,80,"A",2000,"SEDAN","B M W","Car","M",27,"26-29","Drivers"
"T20190024326","25/10/19",14:58:00,"Collision with vehicle","Friday","Unknown",2,4,"Multiple intersection",3,80,"B",0,"DC UTE","TOYOTA","Utility","M",19,"17-21","Drivers"
"T20190024327","27/11/19",16:45:00,"Collision with vehicle","Wednesday","Day",2,2,"Cross intersection",3,70,"A",1998,"SEDAN","HOLDEN","Car","F",48,"40-49","Drivers"
"T20190024327","27/11/19",16:45:00,"Collision with vehicle","Wednesday","Day",2,2,"Cross intersection",3,70,"B",2004,"SEDAN","HONDA","Car","F",68,"64-69","Drivers"
"T20190024328","3/12/19",18:15:00,"Collision with vehicle","Tuesday","Day",2,2,"Cross intersection",3,50,"A",2008,"SEDAN","TOYOTA","Car","M",20,"17-21","Drivers"
"T20190024328","3/12/19",18:15:00,"Collision with vehicle","Tuesday","Day",2,2,"Cross intersection",3,50,"B",2013,"SEDAN","TOYOTA","Car","M",68,"64-69","Drivers"
"T20190024329","12/11/19",06:45:00,"Collision with vehicle","Tuesday","Unknown",2,2,"T intersection",3,999,"A",2012,"SEDAN","MAZDA","Car","F",25,"22-25","Drivers"
"T20190024329","12/11/19",06:45:00,"Collision with vehicle","Tuesday","Unknown",2,2,"T intersection",3,999,"B",2009,"SEDAN","MAZDA","Car","F",35,"30-39","Drivers"
"T20190024332","3/12/19",19:30:00,"Collision with vehicle","Tuesday","Day",3,4,"Cross intersection",3,40,"A",2006,"SEDAN","MAZDA","Car","M",33,"30-39","Drivers"
"T20190024332","3/12/19",19:30:00,"Collision with vehicle","Tuesday","Day",3,4,"Cross intersection",3,40,"B",2014,"WAGON","JEEP","Station Wagon","F",44,"40-49","Drivers"
"T20190024332","3/12/19",19:30:00,"Collision with vehicle","Tuesday","Day",3,4,"Cross intersection",3,40,"C",2008,"COUPE","AUDI","Car","F",57,"50-59","Drivers"
"T20190024333","3/12/19",16:50:00,"Collision with vehicle","Tuesday","Day",3,6,"Not at intersection",3,100,"A",1998,"UTIL","HOLDEN","Utility","M",46,"40-49","Drivers"
"T20190024333","3/12/19",16:50:00,"Collision with vehicle","Tuesday","Day",3,6,"Not at intersection",3,100,"B",2007,"WAGON","TOYOTA","Station Wagon","M",48,"40-49","Drivers"
"T20190024334","3/12/19",14:15:00,"Collision with a fixed object","Tuesday","Day",2,2,"Not at intersection",2,70,"A",2009,"DC UTE","MITSUB","Utility","M",51,"50-59","Drivers"
"T20190024334","3/12/19",14:15:00,"Collision with a fixed object","Tuesday","Day",2,2,"Not at intersection",2,70,"B",2018,"VAN","IVECO","Panel Van","M",46,"40-49","Drivers"
"T20190024338","3/12/19",21:08:00,"Collision with vehicle","Tuesday","Unknown",2,2,"Cross intersection",3,60,"A",2007,"SEDAN","SUBARU","Car","M",27,"26-29","Drivers"
"T20190024338","3/12/19",21:08:00,"Collision with vehicle","Tuesday","Unknown",2,2,"Cross intersection",3,60,"B",0,"SEDAN","VOLKS","Car","M",62,"60-64","Drivers"
"T20190024340","3/12/19",17:45:00,"Struck Pedestrian","Tuesday","Day",1,2,"Not at intersection",2,60,"A",2008,"SEDAN","MAZDA","Car","F",35,"30-39","Drivers"
"T20190024343","4/12/19",00:15:00,"Collision with a fixed object","Wednesday","Dark Street lights on",1,2,"Not at intersection",3,70,"A",2002,"SEDAN","HYNDAI","Car","M",35,"30-39","Drivers"
"T20190024344","25/11/19",16:15:00,"Collision with vehicle","Monday","Day",2,2,"Not at intersection",3,80,"A",2014,"DC UTE","VOLKS","Utility","M",27,"26-29","Drivers"
"T20190024344","25/11/19",16:15:00,"Collision with vehicle","Monday","Day",2,2,"Not at intersection",3,80,"B",2018,"DC UTE","HOLDEN","Utility","M",37,"30-39","Drivers"
"T20190024347","18/11/19",09:00:00,"Collision with vehicle","Monday","Day",2,2,"Not at intersection",3,100,"A",1990,"ST TRK","ISUZU","Heavy Vehicle (Rigid) > 4.5 Tonnes","M",65,"64-69","Drivers"
"T20190024347","18/11/19",09:00:00,"Collision with vehicle","Monday","Day",2,2,"Not at intersection",3,100,"B",2017,"SEDAN","HYNDAI","Car","F",55,"50-59","Drivers"
"T20190024349","21/11/19",09:00:00,"Collision with vehicle","Thursday","Day",3,3,"Not at intersection",3,60,"A",2018,"WAGON","TOYOTA","Station Wagon","F",39,"30-39","Drivers"
"T20190024349","21/11/19",09:00:00,"Collision with vehicle","Thursday","Day",3,3,"Not at intersection",3,60,"B",2017,"SEDAN","TOYOTA","Car","M",22,"22-25","Drivers"
"T20190024349","21/11/19",09:00:00,"Collision with vehicle","Thursday","Day",3,3,"Not at intersection",3,60,"C",2017,"SEDAN","TOYOTA","Car","M",20,"17-21","Drivers"
"T20190024350","4/12/19",07:45:00,"Collision with vehicle","Wednesday","Day",2,2,"Not at intersection",3,60,"A",2006,"SEDAN","MAZDA","Car","F",58,"50-59","Drivers"
"T20190024351","4/12/19",08:00:00,"Collision with a fixed object","Wednesday","Day",1,1,"T intersection",3,80,"A",2008,"WAGON","HOLDEN","Station Wagon","F",35,"30-39","Drivers"
"T20190024352","4/12/19",07:00:00,"Collision with vehicle","Wednesday","Day",2,2,"Not at intersection",3,80,"A",2013,"VAN","TOYOTA","Panel Van","M",59,"50-59","Drivers"
"T20190024352","4/12/19",07:00:00,"Collision with vehicle","Wednesday","Day",2,2,"Not at intersection",3,80,"B",2018,"UTIL","TOYOTA","Utility","M",48,"40-49","Drivers"
"T20190024353","2/12/19",17:13:00,"Collision with vehicle","Monday","Day",3,3,"Not at intersection",3,60,"A",1994,"MULTI","TOYOTA","Utility","M",52,"50-59","Drivers"
"T20190024353","2/12/19",17:13:00,"Collision with vehicle","Monday","Day",3,3,"Not at intersection",3,60,"B",2008,"WAGON","NISSAN","Station Wagon","F",44,"40-49","Drivers"
"T20190024353","2/12/19",17:13:00,"Collision with vehicle","Monday","Day",3,3,"Not at intersection",3,60,"C",2009,"COUPE","HYNDAI","Car","F",53,"50-59","Drivers"
"T20190024355","29/11/19",16:19:00,"Collision with vehicle","Friday","Unknown",2,2,"Not at intersection",3,999,"A",2007,"UTIL","FORD","Utility","M",25,"22-25","Drivers"
"T20190024355","29/11/19",16:19:00,"Collision with vehicle","Friday","Unknown",2,2,"Not at intersection",3,999,"B",2008,"WAGON","HOLDEN","Station Wagon","F",20,"17-21","Drivers"
"T20190024358","4/12/19",07:20:00,"Collision with vehicle","Wednesday","Day",2,2,"Not at intersection",3,80,"A",2019,"SEDAN","HYNDAI","Car","F",23,"22-25","Drivers"
"T20190024358","4/12/19",07:20:00,"Collision with vehicle","Wednesday","Day",2,2,"Not at intersection",3,80,"B",2018,"WAGON","KIA","Station Wagon","F",63,"60-64","Drivers"
"T20190024360","4/12/19",09:00:00,"Collision with vehicle","Wednesday","Day",2,2,"Cross intersection",3,60,"A",2016,"SEDAN","HOLDEN","Car","M",85,"70+","Drivers"
"T20190024361","4/12/19",09:20:00,"Collision with vehicle","Wednesday","Day",2,2,"T intersection",3,50,"A",2012,"SEDAN","SUZUKI","Car","F",74,"70+","Drivers"
"T20190024363","4/12/19",09:40:00,"Collision with vehicle","Wednesday","Day",2,3,"Not at intersection",2,40,"A",2014,"SEDAN","CHRYS","Car","M",33,"30-39","Drivers"
"T20190024364","4/12/19",07:15:00,"Collision with vehicle","Wednesday","Day",2,3,"Cross intersection",2,100,"A",2002,"SEDAN","TOYOTA","Car","M",31,"30-39","Drivers"
"T20190024364","4/12/19",07:15:00,"Collision with vehicle","Wednesday","Day",2,3,"Cross intersection",2,100,"B",2003,"TRAY","FORD","Light Commercial Vehicle (Rigid) <= 4.5 Tonnes GVM","M",61,"60-64","Drivers"
"T20190024368","30/11/19",16:20:00,"Collision with vehicle","Saturday","Day",3,6,"Not at intersection",3,60,"A",2017,"WAGON","SUBARU","Station Wagon","M",42,"40-49","Drivers"
"T20190024368","30/11/19",16:20:00,"Collision with vehicle","Saturday","Day",3,6,"Not at intersection",3,60,"B",2009,"WAGON","SUBARU","Station Wagon","M",45,"40-49","Drivers"
"T20190024369","3/12/19",15:30:00,"Collision with vehicle","Tuesday","Day",2,3,"T intersection",3,80,"A",2010,"WAGON","NISSAN","Station Wagon","M",64,"60-64","Drivers"
"T20190024369","3/12/19",15:30:00,"Collision with vehicle","Tuesday","Day",2,3,"T intersection",3,80,"C",2015,"SEDAN","HYNDAI","Car","M",30,"30-39","Drivers"
"T20190024370","4/12/19",06:55:00,"Collision with vehicle","Wednesday","Day",2,2,"Not at intersection",3,60,"A",2011,"WAGON","MAZDA","Station Wagon","F",44,"40-49","Drivers"
"T20190024370","4/12/19",06:55:00,"Collision with vehicle","Wednesday","Day",2,2,"Not at intersection",3,60,"B",2007,"DC UTE","MITSUB","Utility","M",35,"30-39","Drivers"
"T20190024371","3/12/19",07:15:00,"Collision with vehicle","Tuesday","Unknown",2,2,"Cross intersection",3,999,"B",0,"P MVR","UNKN","Prime Mover - Single Trailer","U",NA,"unknown","Drivers"
"T20190024374","4/12/19",10:17:00,"Collision with vehicle","Wednesday","Day",2,3,"Cross intersection",3,999,"A",2004,"SED","TOYOTA","Car","F",38,"30-39","Drivers"
"T20190024374","4/12/19",10:17:00,"Collision with vehicle","Wednesday","Day",2,3,"Cross intersection",3,999,"B",2010,"SEDAN","HYNDAI","Car","F",34,"30-39","Drivers"
"T20190024376","4/12/19",09:15:00,"Collision with a fixed object","Wednesday","Day",1,1,"T intersection",3,30,"A",2012,"SEDAN","HYNDAI","Car","M",79,"70+","Drivers"
"T20190024377","3/12/19",18:34:00,"Collision with vehicle","Tuesday","Day",4,5,"Not at intersection",3,100,"A",2014,"WAGON","NISSAN","Station Wagon","F",44,"40-49","Drivers"
"T20190024377","3/12/19",18:34:00,"Collision with vehicle","Tuesday","Day",4,5,"Not at intersection",3,100,"B",2005,"SED","FORD","Car","F",33,"30-39","Drivers"
"T20190024377","3/12/19",18:34:00,"Collision with vehicle","Tuesday","Day",4,5,"Not at intersection",3,100,"C",2014,"SEDAN","MAZDA","Car","F",42,"40-49","Drivers"
"T20190024377","3/12/19",18:34:00,"Collision with vehicle","Tuesday","Day",4,5,"Not at intersection",3,100,"D",2004,"VAN","ISUZU","Light Commercial Vehicle (Rigid) <= 4.5 Tonnes GVM","M",29,"26-29","Drivers"
"T20190024380","4/12/19",08:45:00,"Collision with vehicle","Wednesday","Day",2,3,"T intersection",3,60,"B",2012,"WAGON","NISSAN","Station Wagon","F",35,"30-39","Drivers"
"T20190024381","3/12/19",16:32:00,"Collision with vehicle","Tuesday","Day",2,2,"Cross intersection",3,70,"A",2018,"WAGON","NISSAN","Station Wagon","F",20,"17-21","Drivers"
"T20190024381","3/12/19",16:32:00,"Collision with vehicle","Tuesday","Day",2,2,"Cross intersection",3,70,"B",2015,"VAN","MERC B","Panel Van","M",29,"26-29","Drivers"
"T20190024382","4/12/19",11:40:00,"Collision with a fixed object","Wednesday","Day",1,1,"Not at intersection",3,60,"A",2006,"SEDAN","HOLDEN","Car","F",21,"17-21","Drivers"
"T20190024383","4/12/19",09:30:00,"Collision with a fixed object","Wednesday","Day",1,2,"Not at intersection",3,100,"A",1995,"COUPE","MITSUB","Car","M",41,"40-49","Drivers"
"T20190024385","30/11/19",12:00:00,"Collision with vehicle","Saturday","Day",3,1,"Cross intersection",3,60,"A",2011,"SEDAN","HOLDEN","Car","F",46,"40-49","Drivers"
"T20190024390","30/11/19",15:26:00,"Collision with a fixed object","Saturday","Day",1,1,"Not at intersection",3,100,"A",2015,"UTIL","HOLDEN","Utility","M",30,"30-39","Drivers"
"T20190024392","18/11/19",18:30:00,"Collision with vehicle","Monday","Day",2,2,"T intersection",3,50,"A",2009,"SEDAN","FORD","Car","M",25,"22-25","Drivers"
"T20190024392","18/11/19",18:30:00,"Collision with vehicle","Monday","Day",2,2,"T intersection",3,50,"B",2007,"WAGON","FORD","Station Wagon","M",26,"26-29","Drivers"
"T20190024396","3/12/19",19:00:00,"Collision with vehicle","Tuesday","Day",2,2,"T intersection",3,60,"A",2014,"SEDAN","MAZDA","Car","F",19,"17-21","Drivers"
"T20190024396","3/12/19",19:00:00,"Collision with vehicle","Tuesday","Day",2,2,"T intersection",3,60,"B",2008,"WAGON","TOYOTA","Station Wagon","F",41,"40-49","Drivers"
"T20190024397","19/11/19",08:05:00,"Collision with vehicle","Tuesday","Day",2,3,"Cross intersection",3,100,"A",2016,"SEDAN","MERC B","Car","M",82,"70+","Drivers"
"T20190024397","19/11/19",08:05:00,"Collision with vehicle","Tuesday","Day",2,3,"Cross intersection",3,100,"B",2019,"WAGON","MAZDA","Station Wagon","F",24,"22-25","Drivers"
"T20190024398","9/11/19",10:45:00,"Collision with vehicle","Saturday","Day",2,3,"Not at intersection",3,40,"A",2018,"DC UTE","TOYOTA","Utility","M",52,"50-59","Drivers"
"T20190024398","9/11/19",10:45:00,"Collision with vehicle","Saturday","Day",2,3,"Not at intersection",3,40,"B",1998,"SEDAN","NISSAN","Car","U",NA,"unknown","Drivers"
"T20190024399","4/12/19",15:41:00,"Collision with vehicle","Wednesday","Day",2,2,"Unknown",3,80,"A",2015,"SEDAN","TOYOTA","Car","F",60,"60-64","Drivers"
"T20190024399","4/12/19",15:41:00,"Collision with vehicle","Wednesday","Day",2,2,"Unknown",3,80,"B",2018,"T SDS","MITSUB","Utility","M",34,"30-39","Drivers"
"T20190024406","30/11/19",11:25:00,"Collision with vehicle","Saturday","Day",2,2,"Cross intersection",3,80,"A",2012,"SEDAN","HONDA","Car","F",19,"17-21","Drivers"
"T20190024406","30/11/19",11:25:00,"Collision with vehicle","Saturday","Day",2,2,"Cross intersection",3,80,"B",2005,"SEDAN","MAZDA","Car","M",31,"30-39","Drivers"
"T20190024411","4/12/19",16:30:00,"Collision with vehicle","Wednesday","Day",2,5,"Not at intersection",3,60,"A",1990,"SEDAN","SUZUKI","Car","M",28,"26-29","Drivers"
"T20190024411","4/12/19",16:30:00,"Collision with vehicle","Wednesday","Day",2,5,"Not at intersection",3,60,"B",2018,"WAGON","HOLDEN","Taxi","M",51,"50-59","Drivers"
"T20190024413","3/12/19",14:00:00,"Collision with vehicle","Tuesday","Day",2,2,"T intersection",3,60,"A",2010,"SEDAN","MERC B","Car","F",57,"50-59","Drivers"
"T20190024415","4/12/19",18:51:00,"Struck Pedestrian","Wednesday","Day",1,2,"Cross intersection",3,40,"A",1991,"SEDAN","SUBARU","Car","M",20,"17-21","Drivers"
"T20190024417","4/12/19",17:20:00,"Collision with vehicle","Wednesday","Day",3,3,"Y intersection",3,100,"A",1999,"SEDAN","FORD","Car","F",50,"50-59","Drivers"
"T20190024417","4/12/19",17:20:00,"Collision with vehicle","Wednesday","Day",3,3,"Y intersection",3,100,"B",2005,"SEDAN","MAZDA","Car","F",25,"22-25","Drivers"
"T20190024417","4/12/19",17:20:00,"Collision with vehicle","Wednesday","Day",3,3,"Y intersection",3,100,"C",2010,"UTIL","NISSAN","Utility","M",59,"50-59","Drivers"
"T20190024422","4/12/19",17:45:00,"Struck Pedestrian","Wednesday","Day",1,2,"T intersection",3,60,"A",2006,"SEDAN","HONDA","Car","M",35,"30-39","Drivers"
"T20190024424","4/12/19",19:15:00,"Collision with vehicle","Wednesday","Day",2,4,"T intersection",3,70,"A",2004,"SEDAN","HOLDEN","Car","M",20,"17-21","Drivers"
"T20190024424","4/12/19",19:15:00,"Collision with vehicle","Wednesday","Day",2,4,"T intersection",3,70,"B",2015,"SEDAN","HOLDEN","Car","M",39,"30-39","Drivers"
"T20190024425","4/12/19",12:20:00,"Collision with vehicle","Wednesday","Day",2,2,"T intersection",3,60,"A",2005,"SEDAN","MAZDA","Car","F",34,"30-39","Drivers"
"T20190024425","4/12/19",12:20:00,"Collision with vehicle","Wednesday","Day",2,2,"T intersection",3,60,"B",2018,"WAGON","HOLDEN","Car","M",48,"40-49","Drivers"
"T20190024426","4/12/19",20:10:00,"Collision with a fixed object","Wednesday","Day",1,1,"Not at intersection",3,60,"A",2004,"COUPE","VOLKS","Car","M",58,"50-59","Drivers"
"T20190024427","4/12/19",19:30:00,"Collision with vehicle","Wednesday","Day",3,3,"Not at intersection",3,999,"A",1997,"WAGON","TOYOTA","Station Wagon","M",63,"60-64","Drivers"
"T20190024427","4/12/19",19:30:00,"Collision with vehicle","Wednesday","Day",3,3,"Not at intersection",3,999,"B",2008,"SEDAN","VOLKS","Car","M",34,"30-39","Drivers"
"T20190024427","4/12/19",19:30:00,"Collision with vehicle","Wednesday","Day",3,3,"Not at intersection",3,999,"C",2000,"SEDAN","TOYOTA","Car","F",46,"40-49","Drivers"
"T20190024428","4/12/19",17:19:00,"Collision with vehicle","Wednesday","Day",3,4,"Not at intersection",3,80,"A",1996,"SEDAN","FORD","Car","F",76,"70+","Drivers"
"T20190024428","4/12/19",17:19:00,"Collision with vehicle","Wednesday","Day",3,4,"Not at intersection",3,80,"C",0,"SEDAN","HOLDEN","Car","M",19,"17-21","Drivers"
"T20190024429","4/12/19",19:05:00,"Struck Pedestrian","Wednesday","Day",1,2,"Not at intersection",3,60,"A",2003,"WAGON","HOLDEN","Station Wagon","M",51,"50-59","Drivers"
"T20190024430","4/12/19",21:00:00,"Collision with vehicle","Wednesday","Dark No street lights",2,2,"Not at intersection",3,60,"A",2000,"SEDAN","SUBARU","Car","M",38,"30-39","Drivers"
"T20190024430","4/12/19",21:00:00,"Collision with vehicle","Wednesday","Dark No street lights",2,2,"Not at intersection",3,60,"B",2015,"WAGON","MAZDA","Station Wagon","F",55,"50-59","Drivers"
"T20190024432","4/12/19",21:55:00,"Struck Pedestrian","Wednesday","Dark No street lights",1,2,"T intersection",3,60,"A",1997,"SEDAN","MAZDA","Car","M",33,"30-39","Drivers"
"T20190024433","7/11/19",15:40:00,"Collision with vehicle","Thursday","Day",2,2,"Cross intersection",3,60,"A",2007,"SEDAN","TOYOTA","Car","F",26,"26-29","Drivers"
"T20190024433","7/11/19",15:40:00,"Collision with vehicle","Thursday","Day",2,2,"Cross intersection",3,60,"B",2019,"SEDAN","HOLDEN","Car","M",32,"30-39","Drivers"
"T20190024434","4/12/19",16:00:00,"Collision with vehicle","Wednesday","Day",2,2,"Not at intersection",3,80,"A",2009,"SEDAN","SUBARU","Car","F",34,"30-39","Drivers"
"T20190024434","4/12/19",16:00:00,"Collision with vehicle","Wednesday","Day",2,2,"Not at intersection",3,80,"B",1998,"SEDAN","HYNDAI","Car","F",81,"70+","Drivers"
"T20190024436","4/12/19",20:50:00,"Collision with vehicle","Wednesday","Dark Street lights on",4,4,"Cross intersection",3,60,"A",2015,"SEDAN","AUDI","Car","U",NA,"unknown","Drivers"