"ACCIDENT_NO","ACCIDENTDATE","ACCIDENTTIME","Accident Type Desc","Day Week Description","Light Condition Desc","NO_OF_VEHICLES","NO_PERSONS","Road Geometry Desc","SEVERITY","SPEED_ZONE","VEHICLE_ID","VEHICLE_YEAR_MANUF","VEHICLE_BODY_STYLE","VEHICLE_MAKE","Vehicle Type Desc","SEX","AGE","Age Group","Road User Type Desc"
"T20190024436","4/12/19",20:50:00,"Collision with vehicle","Wednesday","Dark Street lights on",4,4,"Cross intersection",3,60,"B",2010,"SEDAN","MAZDA","Car","F",46,"40-49","Drivers"
"T20190024436","4/12/19",20:50:00,"Collision with vehicle","Wednesday","Dark Street lights on",4,4,"Cross intersection",3,60,"C",2017,"SEDAN","TOYOTA","Car","F",29,"26-29","Drivers"
"T20190024438","27/11/19",15:50:00,"Collision with vehicle","Wednesday","Day",2,2,"Not at intersection",3,999,"A",2005,"WAGON","FORD","Station Wagon","M",49,"40-49","Drivers"
"T20190024438","27/11/19",15:50:00,"Collision with vehicle","Wednesday","Day",2,2,"Not at intersection",3,999,"B",2016,"UTIL","TOYOTA","Utility","M",36,"30-39","Drivers"
"T20190024439","4/12/19",20:24:00,"Collision with vehicle","Wednesday","Day",3,3,"Not at intersection",3,50,"A",2018,"SEDAN","HONDA","Car","M",41,"40-49","Drivers"
"T20190024439","4/12/19",20:24:00,"Collision with vehicle","Wednesday","Day",3,3,"Not at intersection",3,50,"B",2014,"SEDAN","TOYOTA","Taxi","M",26,"26-29","Drivers"
"T20190024439","4/12/19",20:24:00,"Collision with vehicle","Wednesday","Day",3,3,"Not at intersection",3,50,"C",2005,"SEDAN","TOYOTA","Car","M",45,"40-49","Drivers"
"T20190024440","4/12/19",22:00:00,"Collision with vehicle","Wednesday","Dark No street lights",2,3,"T intersection",2,100,"A",2007,"WAGON","VOLVO","Station Wagon","M",80,"70+","Drivers"
"T20190024440","4/12/19",22:00:00,"Collision with vehicle","Wednesday","Dark No street lights",2,3,"T intersection",2,100,"B",2018,"UTIL","HOLDEN","Utility","M",64,"60-64","Drivers"
"T20190024441","12/11/19",17:20:00,"Collision with vehicle","Tuesday","Day",2,2,"T intersection",3,60,"A",2010,"SEDAN","TOYOTA","Car","F",44,"40-49","Drivers"
"T20190024441","12/11/19",17:20:00,"Collision with vehicle","Tuesday","Day",2,2,"T intersection",3,60,"B",2010,"UTIL","HOLDEN","Utility","M",49,"40-49","Drivers"
"T20190024443","4/12/19",21:30:00,"Collision with vehicle","Wednesday","Dark Street lights on",2,2,"Not at intersection",3,50,"A",2009,"WAGON","JEEP","Station Wagon","M",31,"30-39","Drivers"
"T20190024443","4/12/19",21:30:00,"Collision with vehicle","Wednesday","Dark Street lights on",2,2,"Not at intersection",3,50,"B",2007,"SEDAN","SUZUKI","Car","F",20,"17-21","Drivers"
"T20190024446","5/12/19",03:30:00,"Collision with vehicle","Thursday","Dark No street lights",2,2,"Not at intersection",3,80,"A",2013,"DC UTE","VOLKS","Utility","M",37,"30-39","Drivers"
"T20190024446","5/12/19",03:30:00,"Collision with vehicle","Thursday","Dark No street lights",2,2,"Not at intersection",3,80,"B",2011,"DC UTE","NISSAN","Utility","U",NA,"unknown","Drivers"
"T20190024447","5/12/19",05:12:00,"Collision with vehicle","Thursday","Dusk/Dawn",2,2,"Cross intersection",2,100,"A",2016,"SEDAN","KIA","Car","M",47,"40-49","Drivers"
"T20190024447","5/12/19",05:12:00,"Collision with vehicle","Thursday","Dusk/Dawn",2,2,"Cross intersection",2,100,"B",2000,"WAGON","TOYOTA","Station Wagon","M",58,"50-59","Drivers"
"T20190024449","5/12/19",04:39:00,"Collision with a fixed object","Thursday","Dark No street lights",1,1,"Not at intersection",3,60,"A",2004,"SEDAN","SUBARU","Car","M",27,"26-29","Drivers"
"T20190024450","4/12/19",10:20:00,"Collision with vehicle","Wednesday","Day",2,2,"Not at intersection",3,60,"A",2001,"SEDAN","HOLDEN","Car","F",20,"17-21","Drivers"
"T20190024450","4/12/19",10:20:00,"Collision with vehicle","Wednesday","Day",2,2,"Not at intersection",3,60,"B",2012,"WAGON","SUBARU","Station Wagon","F",44,"40-49","Drivers"
"T20190024452","5/12/19",07:35:00,"Collision with vehicle","Thursday","Day",2,2,"T intersection",3,60,"A",2016,"VAN","VOLKS","Panel Van","M",32,"30-39","Drivers"
"T20190024453","5/12/19",07:20:00,"Collision with vehicle","Thursday","Day",2,2,"Not at intersection",3,60,"A",2012,"SEDAN","MAZDA","Car","F",20,"17-21","Drivers"
"T20190024453","5/12/19",07:20:00,"Collision with vehicle","Thursday","Day",2,2,"Not at intersection",3,60,"B",2009,"VAN","SCANIA","Heavy Vehicle (Rigid) > 4.5 Tonnes","M",28,"26-29","Drivers"
"T20190024454","16/10/19",12:52:00,"Collision with a fixed object","Wednesday","Day",1,1,"Not at intersection",3,50,"A",2001,"TIPPER","ISUZU","Heavy Vehicle (Rigid) > 4.5 Tonnes","M",65,"64-69","Drivers"
"T20190024455","19/11/19",17:00:00,"Collision with vehicle","Tuesday","Unknown",2,2,"T intersection",3,60,"A",1998,"DC UTE","TOYOTA","Utility","M",20,"17-21","Drivers"
"T20190024455","19/11/19",17:00:00,"Collision with vehicle","Tuesday","Unknown",2,2,"T intersection",3,60,"B",2015,"SEDAN","SUZUKI","Car","M",53,"50-59","Drivers"
"T20190024456","1/12/19",13:00:00,"Collision with vehicle","Sunday","Day",6,5,"Not at intersection",3,50,"A",2016,"SEDAN","FORD","Car","M",87,"70+","Drivers"
"T20190024456","1/12/19",13:00:00,"Collision with vehicle","Sunday","Day",6,5,"Not at intersection",3,50,"B",1996,"SEDAN","MAZDA","Car","F",26,"26-29","Drivers"
"T20190024456","1/12/19",13:00:00,"Collision with vehicle","Sunday","Day",6,5,"Not at intersection",3,50,"C",2007,"SEDAN","TOYOTA","Car","F",55,"50-59","Drivers"
"T20190024457","7/7/19",12:48:00,"Collision with vehicle","Sunday","Day",2,2,"Cross intersection",3,50,"A",2000,"SEDAN","HONDA","Car","M",19,"17-21","Drivers"
"T20190024457","7/7/19",12:48:00,"Collision with vehicle","Sunday","Day",2,2,"Cross intersection",3,50,"B",2006,"SEDAN","HOLDEN","Car","M",50,"50-59","Drivers"
"T20190024460","5/12/19",10:10:00,"Collision with vehicle","Thursday","Day",2,2,"T intersection",3,60,"A",2018,"WAGON","MAZDA","Station Wagon","F",57,"50-59","Drivers"
"T20190024462","5/12/19",08:20:00,"Collision with vehicle","Thursday","Day",2,3,"Not at intersection",3,60,"A",2005,"SEDAN","FORD","Car","F",44,"40-49","Drivers"
"T20190024462","5/12/19",08:20:00,"Collision with vehicle","Thursday","Day",2,3,"Not at intersection",3,60,"B",2018,"WAGON","MAZDA","Station Wagon","F",52,"50-59","Drivers"
"T20190024463","5/12/19",06:30:00,"Collision with vehicle","Thursday","Day",4,4,"Not at intersection",1,999,"A",2005,"DC UTE","NISSAN","Utility","M",20,"17-21","Drivers"
"T20190024463","5/12/19",06:30:00,"Collision with vehicle","Thursday","Day",4,4,"Not at intersection",1,999,"B",1996,"SEDAN","MAZDA","Car","F",43,"40-49","Drivers"
"T20190024463","5/12/19",06:30:00,"Collision with vehicle","Thursday","Day",4,4,"Not at intersection",1,999,"C",2002,"WAGON","SUBARU","Station Wagon","F",27,"26-29","Drivers"
"T20190024463","5/12/19",06:30:00,"Collision with vehicle","Thursday","Day",4,4,"Not at intersection",1,999,"D",2015,"SEDAN","HYNDAI","Car","M",37,"30-39","Drivers"
"T20190024464","5/12/19",09:15:00,"Collision with vehicle","Thursday","Day",2,2,"Cross intersection",3,40,"A",2005,"SEDAN","HYNDAI","Car","F",69,"64-69","Drivers"
"T20190024464","5/12/19",09:15:00,"Collision with vehicle","Thursday","Day",2,2,"Cross intersection",3,40,"B",2008,"S WAG","HOLDEN","Station Wagon","M",29,"26-29","Drivers"
"T20190024465","4/12/19",18:58:00,"Struck Pedestrian","Wednesday","Day",1,2,"Not at intersection",3,40,"A",2005,"SEDAN","HONDA","Car","M",23,"22-25","Drivers"
"T20190024467","2/12/19",08:17:00,"Collision with vehicle","Monday","Day",2,2,"Cross intersection",3,999,"A",2018,"VAN","FIAT","Panel Van","F",44,"40-49","Drivers"
"T20190024468","4/12/19",20:21:00,"Collision with vehicle","Wednesday","Dusk/Dawn",2,2,"Not at intersection",3,60,"A",2015,"WAGON","LEXUS","Station Wagon","F",53,"50-59","Drivers"
"T20190024469","19/10/19",13:00:00,"Collision with vehicle","Saturday","Day",2,2,"T intersection",3,60,"A",2012,"SEDAN","HOLDEN","Car","F",45,"40-49","Drivers"
"T20190024469","19/10/19",13:00:00,"Collision with vehicle","Saturday","Day",2,2,"T intersection",3,60,"B",2014,"TRAY","HINO","Light Commercial Vehicle (Rigid) <= 4.5 Tonnes GVM","M",42,"40-49","Drivers"
"T20190024470","5/12/19",07:47:00,"Collision with vehicle","Thursday","Day",3,3,"Not at intersection",3,999,"A",2016,"DC UTE","HOLDEN","Utility","M",41,"40-49","Drivers"
"T20190024470","5/12/19",07:47:00,"Collision with vehicle","Thursday","Day",3,3,"Not at intersection",3,999,"B",2019,"SEDAN","MAZDA","Car","F",50,"50-59","Drivers"
"T20190024470","5/12/19",07:47:00,"Collision with vehicle","Thursday","Day",3,3,"Not at intersection",3,999,"C",2013,"SEDAN","TOYOTA","Car","M",23,"22-25","Drivers"
"T20190024471","4/12/19",19:30:00,"Collision with vehicle","Wednesday","Day",2,2,"Cross intersection",3,60,"A",2009,"SEDAN","TOYOTA","Car","M",23,"22-25","Drivers"
"T20190024471","4/12/19",19:30:00,"Collision with vehicle","Wednesday","Day",2,2,"Cross intersection",3,60,"B",2012,"WAGON","NISSAN","Station Wagon","F",34,"30-39","Drivers"
"T20190024472","5/12/19",11:44:00,"Collision with vehicle","Thursday","Day",2,2,"T intersection",3,70,"B",2002,"UTIL","HOLDEN","Utility","M",42,"40-49","Drivers"
"T20190024474","2/12/19",15:00:00,"Collision with vehicle","Monday","Day",2,2,"Multiple intersection",3,999,"A",2015,"SEDAN","NISSAN","Car","M",30,"30-39","Drivers"
"T20190024474","2/12/19",15:00:00,"Collision with vehicle","Monday","Day",2,2,"Multiple intersection",3,999,"B",2013,"WAGON","MAZDA","Station Wagon","F",30,"30-39","Drivers"
"T20190024475","5/12/19",11:05:00,"Collision with vehicle","Thursday","Day",2,2,"T intersection",3,80,"A",2018,"WAGON","VOLVO","Car","F",46,"40-49","Drivers"
"T20190024480","5/12/19",07:00:00,"Struck Pedestrian","Thursday","Day",1,2,"Not at intersection",3,999,"A",2016,"VAN","REN","Panel Van","M",57,"50-59","Drivers"
"T20190024484","4/12/19",18:13:00,"Collision with vehicle","Wednesday","Unknown",2,2,"Not at intersection",3,999,"A",2011,"SEDAN","HOLDEN","Car","M",33,"30-39","Drivers"
"T20190024484","4/12/19",18:13:00,"Collision with vehicle","Wednesday","Unknown",2,2,"Not at intersection",3,999,"B",0,"DC UTE","UNKN","Utility","M",NA,"unknown","Drivers"
"T20190024488","25/11/19",07:30:00,"Collision with vehicle","Monday","Dusk/Dawn",2,2,"Not at intersection",3,60,"A",2013,"SEDAN","SUBARU","Car","F",36,"30-39","Drivers"
"T20190024488","25/11/19",07:30:00,"Collision with vehicle","Monday","Dusk/Dawn",2,2,"Not at intersection",3,60,"B",2017,"VAN","HYNDAI","Panel Van","M",34,"30-39","Drivers"
"T20190024489","4/12/19",14:28:00,"Collision with a fixed object","Wednesday","Day",1,1,"Multiple intersection",3,60,"A",2007,"SEDAN","VOLKS","Car","M",37,"30-39","Drivers"
"T20190024490","5/12/19",01:45:00,"Collision with a fixed object","Thursday","Dark Street lights on",1,1,"Not at intersection",3,80,"A",2001,"SED","HONDA","Car","M",32,"30-39","Drivers"
"T20190024492","5/12/19",07:59:00,"Collision with vehicle","Thursday","Day",2,2,"Y intersection",3,80,"B",2002,"S WAG","MERC B","Station Wagon","M",78,"70+","Drivers"
"T20190024494","5/12/19",12:38:00,"Collision with vehicle","Thursday","Day",3,2,"Not at intersection",3,30,"A",2008,"SEDAN","TOYOTA","Car","F",86,"70+","Drivers"
"T20190024494","5/12/19",12:38:00,"Collision with vehicle","Thursday","Day",3,2,"Not at intersection",3,30,"B",2007,"WAGON","JEEP","Station Wagon","M",60,"60-64","Drivers"
"T20190024499","21/11/19",15:21:00,"Collision with vehicle","Thursday","Day",2,2,"Not at intersection",3,60,"A",2016,"UTIL","MAZDA","Utility","M",34,"30-39","Drivers"
"T20190024499","21/11/19",15:21:00,"Collision with vehicle","Thursday","Day",2,2,"Not at intersection",3,60,"B",2013,"SEDAN","UNKN","Car","F",67,"64-69","Drivers"
"T20190024500","4/12/19",18:40:00,"Collision with vehicle","Wednesday","Dusk/Dawn",2,2,"Cross intersection",3,50,"A",2006,"SEDAN","MERC B","Car","M",72,"70+","Drivers"
"T20190024504","3/12/19",09:20:00,"Collision with vehicle","Tuesday","Unknown",2,2,"Not at intersection",3,100,"A",2014,"WAGON","VOLKS","Station Wagon","F",42,"40-49","Drivers"
"T20190024504","3/12/19",09:20:00,"Collision with vehicle","Tuesday","Unknown",2,2,"Not at intersection",3,100,"B",2014,"SEDAN","CHERY","Car","M",24,"22-25","Drivers"
"T20190024505","4/12/19",15:30:00,"Collision with vehicle","Wednesday","Day",3,3,"Cross intersection",3,50,"A",1998,"SEDAN","HOLDEN","Car","F",74,"70+","Drivers"
"T20190024505","4/12/19",15:30:00,"Collision with vehicle","Wednesday","Day",3,3,"Cross intersection",3,50,"C",2013,"WAGON","L ROV","Station Wagon","M",62,"60-64","Drivers"
"T20190024509","5/12/19",15:47:00,"Collision with vehicle","Thursday","Day",2,2,"Not at intersection",3,999,"A",2008,"SEDAN","TOYOTA","Car","F",57,"50-59","Drivers"
"T20190024509","5/12/19",15:47:00,"Collision with vehicle","Thursday","Day",2,2,"Not at intersection",3,999,"B",2013,"SEDAN","FORD","Car","M",36,"30-39","Drivers"
"T20190024511","5/12/19",14:40:00,"Collision with vehicle","Thursday","Day",2,3,"Cross intersection",3,60,"A",2011,"SEDAN","TOYOTA","Car","F",40,"40-49","Drivers"
"T20190024511","5/12/19",14:40:00,"Collision with vehicle","Thursday","Day",2,3,"Cross intersection",3,60,"B",2019,"BUS","SCANIA","Bus/Coach","M",62,"60-64","Drivers"
"T20190024513","5/12/19",16:38:00,"Collision with vehicle","Thursday","Day",3,3,"Not at intersection",3,70,"A",2002,"SEDAN","TOYOTA","Car","M",52,"50-59","Drivers"
"T20190024513","5/12/19",16:38:00,"Collision with vehicle","Thursday","Day",3,3,"Not at intersection",3,70,"B",2008,"SEDAN","TOYOTA","Car","F",39,"30-39","Drivers"
"T20190024513","5/12/19",16:38:00,"Collision with vehicle","Thursday","Day",3,3,"Not at intersection",3,70,"C",2005,"SEDAN","MAZDA","Car","F",82,"70+","Drivers"
"T20190024514","5/12/19",17:00:00,"Collision with vehicle","Thursday","Day",2,2,"Not at intersection",3,40,"A",2011,"SEDAN","HONDA","Car","M",60,"60-64","Drivers"
"T20190024517","5/12/19",14:15:00,"Struck Pedestrian","Thursday","Day",1,2,"Cross intersection",3,40,"A",2008,"SEDAN","PEUG","Car","F",47,"40-49","Drivers"
"T20190024518","5/12/19",16:48:00,"Collision with vehicle","Thursday","Day",2,2,"Not at intersection",3,60,"A",2016,"SEDAN","MERC B","Car","M",82,"70+","Drivers"
"T20190024518","5/12/19",16:48:00,"Collision with vehicle","Thursday","Day",2,2,"Not at intersection",3,60,"B",2017,"VAN","FORD","Panel Van","M",46,"40-49","Drivers"
"T20190024522","4/12/19",16:30:00,"Struck Pedestrian","Wednesday","Day",1,2,"Not at intersection",3,888,"A",2016,"VAN","MERC B","Panel Van","M",23,"22-25","Drivers"
"T20190024523","5/12/19",15:50:00,"Fall from or in moving vehicle","Thursday","Day",2,2,"Cross intersection",3,40,"A",2017,"VAN","FORD","Panel Van","M",35,"30-39","Drivers"
"T20190024524","5/12/19",18:40:00,"Collision with vehicle","Thursday","Unknown",2,2,"Cross intersection",3,60,"A",2011,"WAGON","KIA","Station Wagon","F",62,"60-64","Drivers"
"T20190024524","5/12/19",18:40:00,"Collision with vehicle","Thursday","Unknown",2,2,"Cross intersection",3,60,"B",2012,"UTIL","TOYOTA","Utility","M",22,"22-25","Drivers"
"T20190024525","5/12/19",14:50:00,"Struck Pedestrian","Thursday","Day",1,2,"Cross intersection",1,60,"A",2011,"WAGON","TOYOTA","Station Wagon","F",46,"40-49","Drivers"
"T20190024526","5/12/19",17:30:00,"Collision with vehicle","Thursday","Day",2,2,"Not at intersection",3,70,"A",2007,"UTIL","FORD","Utility","M",64,"60-64","Drivers"
"T20190024528","5/12/19",19:44:00,"Collision with vehicle","Thursday","Dusk/Dawn",2,2,"T intersection",3,80,"A",2007,"WAGON","FORD","Station Wagon","F",50,"50-59","Drivers"
"T20190024528","5/12/19",19:44:00,"Collision with vehicle","Thursday","Dusk/Dawn",2,2,"T intersection",3,80,"B",2005,"SEDAN","HOLDEN","Car","F",30,"30-39","Drivers"
"T20190024533","5/12/19",18:00:00,"Collision with vehicle","Thursday","Day",2,4,"Not at intersection",3,80,"A",2011,"WAGON","TOYOTA","Station Wagon","M",44,"40-49","Drivers"
"T20190024533","5/12/19",18:00:00,"Collision with vehicle","Thursday","Day",2,4,"Not at intersection",3,80,"B",2004,"SEDAN","SUBARU","Car","M",20,"17-21","Drivers"
"T20190024537","5/12/19",18:25:00,"Collision with vehicle","Thursday","Day",2,4,"Cross intersection",2,50,"A",2012,"WAGON","MAZDA","Station Wagon","F",21,"17-21","Drivers"
"T20190024537","5/12/19",18:25:00,"Collision with vehicle","Thursday","Day",2,4,"Cross intersection",2,50,"B",2013,"DC UTE","NISSAN","Utility","M",71,"70+","Drivers"
"T20190024539","5/12/19",20:40:00,"Collision with a fixed object","Thursday","Dusk/Dawn",1,1,"Not at intersection",3,50,"A",2011,"WAGON","MERC B","Station Wagon","F",44,"40-49","Drivers"
"T20190024540","5/12/19",21:30:00,"Collision with a fixed object","Thursday","Dusk/Dawn",2,3,"Not at intersection",3,80,"A",2008,"WAGON","JEEP","Station Wagon","M",27,"26-29","Drivers"
"T20190024541","11/11/19",16:00:00,"Collision with vehicle","Monday","Day",3,3,"Not at intersection",3,60,"A",2008,"SEDAN","HYNDAI","Car","F",37,"30-39","Drivers"
"T20190024541","11/11/19",16:00:00,"Collision with vehicle","Monday","Day",3,3,"Not at intersection",3,60,"B",2011,"WAGON","NISSAN","Station Wagon","F",34,"30-39","Drivers"
"T20190024541","11/11/19",16:00:00,"Collision with vehicle","Monday","Day",3,3,"Not at intersection",3,60,"C",1999,"SEDAN","HONDA","Car","M",39,"30-39","Drivers"
"T20190024543","5/12/19",22:10:00,"Collision with vehicle","Thursday","Dark Street lights on",2,2,"Cross intersection",3,50,"A",2015,"SEDAN","MAZDA","Car","F",18,"17-21","Drivers"
"T20190024543","5/12/19",22:10:00,"Collision with vehicle","Thursday","Dark Street lights on",2,2,"Cross intersection",3,50,"B",2005,"SEDAN","B M W","Car","M",28,"26-29","Drivers"
"T20190024544","5/12/19",21:40:00,"Collision with vehicle","Thursday","Dark Street lights on",2,4,"Cross intersection",3,60,"A",2008,"SEDAN","FORD","Car","F",35,"30-39","Drivers"
"T20190024544","5/12/19",21:40:00,"Collision with vehicle","Thursday","Dark Street lights on",2,4,"Cross intersection",3,60,"B",2016,"WAGON","B M W","Station Wagon","F",38,"30-39","Drivers"
"T20190024545","5/12/19",22:40:00,"Collision with vehicle","Thursday","Dark Street lights on",3,5,"Not at intersection",3,40,"A",2013,"P MVR","F LINE","Prime Mover - Single Trailer","M",33,"30-39","Drivers"
"T20190024545","5/12/19",22:40:00,"Collision with vehicle","Thursday","Dark Street lights on",3,5,"Not at intersection",3,40,"B",2012,"WAGON","MITSUB","Station Wagon","M",32,"30-39","Drivers"
"T20190024545","5/12/19",22:40:00,"Collision with vehicle","Thursday","Dark Street lights on",3,5,"Not at intersection",3,40,"C",2014,"T SDS","FORD","Light Commercial Vehicle (Rigid) <= 4.5 Tonnes GVM","M",37,"30-39","Drivers"
"T20190024546","4/12/19",17:00:00,"Collision with vehicle","Wednesday","Day",2,2,"T intersection",3,60,"A",2008,"WAGON","NISSAN","Station Wagon","F",39,"30-39","Drivers"
"T20190024546","4/12/19",17:00:00,"Collision with vehicle","Wednesday","Day",2,2,"T intersection",3,60,"B",2012,"UTIL","FORD","Utility","M",23,"22-25","Drivers"
"T20190024547","6/12/19",00:00:00,"Collision with a fixed object","Friday","Dark Street lights on",1,3,"Unknown",2,60,"A",1999,"WAGON","L ROV","Station Wagon","M",18,"17-21","Drivers"
"T20190024550","6/11/19",12:33:00,"Collision with vehicle","Wednesday","Unknown",2,2,"Not at intersection",3,999,"A",2014,"SEDAN","FORD","Car","M",NA,"unknown","Drivers"
"T20190024551","23/10/19",15:06:00,"Collision with vehicle","Wednesday","Day",2,2,"Not at intersection",3,60,"A",2015,"SEDAN","TOYOTA","Car","F",52,"50-59","Drivers"
"T20190024552","6/12/19",06:15:00,"Collision with a fixed object","Friday","Day",1,1,"T intersection",2,40,"A",0,"SEDAN","UNKN","Car","M",30,"30-39","Drivers"
"T20190024553","28/11/19",12:57:00,"No collision and no object struck","Thursday","Day",1,2,"Not at intersection",3,100,"A",1987,"C CHAS","ISUZU","Heavy Vehicle (Rigid) > 4.5 Tonnes","M",70,"70+","Drivers"
"T20190024554","5/12/19",21:30:00,"Collision with a fixed object","Thursday","Dark Street lights on",1,1,"Not at intersection",2,80,"A",2003,"WAGON","TOYOTA","Station Wagon","M",46,"40-49","Drivers"
"T20190024555","6/12/19",07:50:00,"Collision with vehicle","Friday","Day",2,4,"Cross intersection",3,80,"A",2006,"COUPE","TOYOTA","Car","F",75,"70+","Drivers"
"T20190024555","6/12/19",07:50:00,"Collision with vehicle","Friday","Day",2,4,"Cross intersection",3,80,"B",2011,"WAGON","L ROV","Car","F",53,"50-59","Drivers"
"T20190024556","6/12/19",08:55:00,"Collision with vehicle","Friday","Day",2,2,"T intersection",3,50,"A",2009,"T SDS","TOYOTA","Light Commercial Vehicle (Rigid) <= 4.5 Tonnes GVM","M",42,"40-49","Drivers"
"T20190024557","30/11/19",11:45:00,"Collision with vehicle","Saturday","Day",2,2,"T intersection",3,60,"B",2005,"DC UTE","NISSAN","Utility","M",51,"50-59","Drivers"
"T20190024558","5/12/19",16:35:00,"Collision with vehicle","Thursday","Day",2,4,"Cross intersection",3,60,"A",2006,"WAGON","HOLDEN","Station Wagon","M",24,"22-25","Drivers"
"T20190024558","5/12/19",16:35:00,"Collision with vehicle","Thursday","Day",2,4,"Cross intersection",3,60,"B",1999,"SEDAN","MAZDA","Car","F",20,"17-21","Drivers"
"T20190024559","6/7/19",16:00:00,"Collision with vehicle","Saturday","Day",2,4,"Not at intersection",3,60,"A",2014,"SEDAN","KIA","Car","F",41,"40-49","Drivers"
"T20190024559","6/7/19",16:00:00,"Collision with vehicle","Saturday","Day",2,4,"Not at intersection",3,60,"B",2017,"UTIL","NISSAN","Utility","M",39,"30-39","Drivers"
"T20190024563","28/11/19",12:05:00,"Collision with vehicle","Thursday","Day",2,2,"Cross intersection",3,60,"A",1999,"SEDAN","FORD","Car","M",69,"64-69","Drivers"
"T20190024563","28/11/19",12:05:00,"Collision with vehicle","Thursday","Day",2,2,"Cross intersection",3,60,"B",1999,"T TRK","KENWTH","Light Commercial Vehicle (Rigid) <= 4.5 Tonnes GVM","M",24,"22-25","Drivers"
"T20190024566","6/12/19",11:05:00,"Collision with vehicle","Friday","Day",2,2,"Cross intersection",3,60,"A",2012,"WAGON","SUBARU","Station Wagon","M",29,"26-29","Drivers"
"T20190024566","6/12/19",11:05:00,"Collision with vehicle","Friday","Day",2,2,"Cross intersection",3,60,"B",1993,"SED","TOYOTA","Car","F",57,"50-59","Drivers"
"T20190024568","21/11/19",14:30:00,"Collision with vehicle","Thursday","Day",4,6,"Cross intersection",3,80,"A",2006,"WAGON","JEEP","Station Wagon","M",69,"64-69","Drivers"
"T20190024568","21/11/19",14:30:00,"Collision with vehicle","Thursday","Day",4,6,"Cross intersection",3,80,"B",2014,"WAGON","HOLDEN","Station Wagon","F",32,"30-39","Drivers"
"T20190024569","6/12/19",11:10:00,"Collision with vehicle","Friday","Day",3,2,"Not at intersection",3,50,"A",2005,"SEDAN","HOLDEN","Car","M",91,"70+","Drivers"
"T20190024569","6/12/19",11:10:00,"Collision with vehicle","Friday","Day",3,2,"Not at intersection",3,50,"B",2018,"WAGON","HOLDEN","Station Wagon","F",67,"64-69","Drivers"
"T20190024570","6/12/19",13:05:00,"Collision with vehicle","Friday","Day",2,3,"Not at intersection",3,80,"A",2014,"WAGON","MITSUB","Station Wagon","M",65,"64-69","Drivers"
"T20190024570","6/12/19",13:05:00,"Collision with vehicle","Friday","Day",2,3,"Not at intersection",3,80,"B",2014,"SEDAN","HONDA","Car","M",25,"22-25","Drivers"
"T20190024571","6/12/19",13:24:00,"Collision with vehicle","Friday","Day",2,2,"Cross intersection",3,50,"A",2009,"VAN","HYNDAI","Panel Van","M",28,"26-29","Drivers"
"T20190024572","6/12/19",13:05:00,"Collision with vehicle","Friday","Day",3,3,"Not at intersection",3,70,"A",2007,"SEDAN","HOLDEN","Car","F",65,"64-69","Drivers"
"T20190024572","6/12/19",13:05:00,"Collision with vehicle","Friday","Day",3,3,"Not at intersection",3,70,"B",2018,"VAN","VOLKS","Panel Van","M",59,"50-59","Drivers"
"T20190024572","6/12/19",13:05:00,"Collision with vehicle","Friday","Day",3,3,"Not at intersection",3,70,"C",2003,"WAGON","SUZUKI","Station Wagon","F",29,"26-29","Drivers"
"T20190024574","5/12/19",18:00:00,"Collision with vehicle","Thursday","Day",2,2,"Cross intersection",3,60,"A",2017,"WAGON","KIA","Station Wagon","M",28,"26-29","Drivers"
"T20190024578","6/12/19",12:51:00,"Collision with vehicle","Friday","Day",2,2,"Not at intersection",3,50,"A",2005,"SEDAN","FORD","Car","M",57,"50-59","Drivers"
"T20190024579","6/12/19",14:52:00,"Collision with vehicle","Friday","Day",2,2,"T intersection",3,80,"A",2009,"SEDAN","HYNDAI","Car","F",64,"60-64","Drivers"
"T20190024579","6/12/19",14:52:00,"Collision with vehicle","Friday","Day",2,2,"T intersection",3,80,"B",2007,"DC UTE","MITSUB","Utility","M",56,"50-59","Drivers"
"T20190024580","6/11/19",12:00:00,"Collision with vehicle","Wednesday","Day",2,2,"Cross intersection",3,60,"A",2005,"COUPE","VOLKS","Car","M",34,"30-39","Drivers"
"T20190024580","6/11/19",12:00:00,"Collision with vehicle","Wednesday","Day",2,2,"Cross intersection",3,60,"B",2018,"VAN","TOYOTA","Panel Van","M",34,"30-39","Drivers"
"T20190024582","6/12/19",09:16:00,"Collision with vehicle","Friday","Day",2,2,"Not at intersection",3,999,"A",2014,"WAGON","KIA","Station Wagon","M",38,"30-39","Drivers"
"T20190024582","6/12/19",09:16:00,"Collision with vehicle","Friday","Day",2,2,"Not at intersection",3,999,"B",2012,"SEDAN","TOYOTA","Taxi","U",NA,"unknown","Drivers"
"T20190024584","6/12/19",14:26:00,"Collision with a fixed object","Friday","Day",1,2,"Not at intersection",2,110,"A",2016,"WAGON","NISSAN","Station Wagon","M",74,"70+","Drivers"
"T20190024585","6/12/19",14:00:00,"collision with some other object","Friday","Day",1,1,"Not at intersection",3,100,"A",2018,"SEDAN","HYNDAI","Car","F",54,"50-59","Drivers"
"T20190024586","6/12/19",10:50:00,"Collision with vehicle","Friday","Day",2,6,"T intersection",3,70,"A",2016,"WAGON","TOYOTA","Station Wagon","F",53,"50-59","Drivers"
"T20190024586","6/12/19",10:50:00,"Collision with vehicle","Friday","Day",2,6,"T intersection",3,70,"B",2017,"TIPPER","ISUZU","Heavy Vehicle (Rigid) > 4.5 Tonnes","M",32,"30-39","Drivers"