"ACCIDENT_NO","ACCIDENTDATE","ACCIDENTTIME","Accident Type Desc","Day Week Description","Light Condition Desc","NO_OF_VEHICLES","NO_PERSONS","Road Geometry Desc","SEVERITY","SPEED_ZONE","VEHICLE_ID","VEHICLE_YEAR_MANUF","VEHICLE_BODY_STYLE","VEHICLE_MAKE","Vehicle Type Desc","SEX","AGE","Age Group","Road User Type Desc"
"T20190024588","30/11/19",21:00:00,"Collision with vehicle","Saturday","Dusk/Dawn",2,4,"Not at intersection",3,60,"A",2015,"SEDAN","NISSAN","Car","F",55,"50-59","Drivers"
"T20190024588","30/11/19",21:00:00,"Collision with vehicle","Saturday","Dusk/Dawn",2,4,"Not at intersection",3,60,"B",2004,"RDSTR","NISSAN","Car","M",28,"26-29","Drivers"
"T20190024589","30/11/19",15:00:00,"Collision with vehicle","Saturday","Day",2,4,"Cross intersection",3,60,"A",2016,"WAGON","KIA","Taxi","M",45,"40-49","Drivers"
"T20190024589","30/11/19",15:00:00,"Collision with vehicle","Saturday","Day",2,4,"Cross intersection",3,60,"B",2018,"TRAY","TOYOTA","Light Commercial Vehicle (Rigid) <= 4.5 Tonnes GVM","M",28,"26-29","Drivers"
"T20190024591","6/12/19",13:30:00,"Collision with vehicle","Friday","Day",3,3,"T intersection",3,80,"A",2008,"SEDAN","HYNDAI","Car","M",40,"40-49","Drivers"
"T20190024591","6/12/19",13:30:00,"Collision with vehicle","Friday","Day",3,3,"T intersection",3,80,"B",2006,"TOURER","HOLDEN","Car","M",54,"50-59","Drivers"
"T20190024591","6/12/19",13:30:00,"Collision with vehicle","Friday","Day",3,3,"T intersection",3,80,"C",2015,"WAGON","KIA","Station Wagon","M",55,"50-59","Drivers"
"T20190024592","6/12/19",13:30:00,"Collision with vehicle","Friday","Day",2,2,"Not at intersection",3,100,"A",2014,"WAGON","MITSUB","Station Wagon","M",61,"60-64","Drivers"
"T20190024592","6/12/19",13:30:00,"Collision with vehicle","Friday","Day",2,2,"Not at intersection",3,100,"B",2019,"C MIX","KENWTH","Light Commercial Vehicle (Rigid) <= 4.5 Tonnes GVM","M",49,"40-49","Drivers"
"T20190024593","6/12/19",14:24:00,"Collision with vehicle","Friday","Day",2,3,"Multiple intersection",3,60,"A",1997,"S WAG","HONDA","Station Wagon","M",43,"40-49","Drivers"
"T20190024593","6/12/19",14:24:00,"Collision with vehicle","Friday","Day",2,3,"Multiple intersection",3,60,"B",2010,"S WAG","HOLDEN","Station Wagon","M",55,"50-59","Drivers"
"T20190024594","6/12/19",13:50:00,"Collision with vehicle","Friday","Day",3,4,"Multiple intersection",3,80,"A",1999,"SEDAN","TOYOTA","Car","M",20,"17-21","Drivers"
"T20190024594","6/12/19",13:50:00,"Collision with vehicle","Friday","Day",3,4,"Multiple intersection",3,80,"B",2018,"WAGON","TOYOTA","Station Wagon","F",53,"50-59","Drivers"
"T20190024594","6/12/19",13:50:00,"Collision with vehicle","Friday","Day",3,4,"Multiple intersection",3,80,"C",2011,"WAGON","KIA","Station Wagon","F",48,"40-49","Drivers"
"T20190024596","3/11/19",07:00:00,"Collision with a fixed object","Sunday","Dusk/Dawn",1,3,"Multiple intersection",3,80,"A",2009,"UTIL","TOYOTA","Utility","F",21,"17-21","Drivers"
"T20190024597","6/12/19",14:39:00,"Collision with a fixed object","Friday","Day",1,1,"Not at intersection",3,60,"A",2006,"SEDAN","MITSUB","Car","F",53,"50-59","Drivers"
"T20190024599","6/12/19",07:00:00,"Collision with vehicle","Friday","Day",2,2,"Not at intersection",3,80,"A",2017,"SEDAN","HYNDAI","Car","F",31,"30-39","Drivers"
"T20190024599","6/12/19",07:00:00,"Collision with vehicle","Friday","Day",2,2,"Not at intersection",3,80,"B",2004,"SEDAN","HONDA","Car","F",18,"17-21","Drivers"
"T20190024601","6/12/19",16:25:00,"Collision with vehicle","Friday","Day",2,2,"Cross intersection",3,110,"B",1999,"SEDAN","MITSUB","Car","M",27,"26-29","Drivers"
"T20190024604","4/12/19",17:10:00,"Collision with vehicle","Wednesday","Day",3,5,"Cross intersection",3,60,"A",2010,"SEDAN","MAZDA","Car","F",47,"40-49","Drivers"
"T20190024604","4/12/19",17:10:00,"Collision with vehicle","Wednesday","Day",3,5,"Cross intersection",3,60,"B",2016,"UTIL","FORD","Utility","M",39,"30-39","Drivers"
"T20190024604","4/12/19",17:10:00,"Collision with vehicle","Wednesday","Day",3,5,"Cross intersection",3,60,"C",2018,"SEDAN","KIA","Car","M",37,"30-39","Drivers"
"T20190024605","6/12/19",14:49:00,"Collision with vehicle","Friday","Day",2,2,"Cross intersection",3,70,"A",2009,"SEDAN","MAZDA","Car","F",37,"30-39","Drivers"
"T20190024605","6/12/19",14:49:00,"Collision with vehicle","Friday","Day",2,2,"Cross intersection",3,70,"B",1999,"SEDAN","TOYOTA","Car","M",48,"40-49","Drivers"
"T20190024606","5/12/19",16:45:00,"Collision with vehicle","Thursday","Day",2,2,"Not at intersection",2,40,"A",2008,"SEDAN","B M W","Car","M",38,"30-39","Drivers"
"T20190024610","6/12/19",16:30:00,"Collision with a fixed object","Friday","Day",1,2,"Not at intersection",3,100,"A",2019,"TRAY","TOYOTA","Light Commercial Vehicle (Rigid) <= 4.5 Tonnes GVM","M",64,"60-64","Drivers"
"T20190024612","6/12/19",19:00:00,"Collision with vehicle","Friday","Dusk/Dawn",2,4,"Cross intersection",3,60,"A",2014,"WAGON","NISSAN","Station Wagon","F",57,"50-59","Drivers"
"T20190024612","6/12/19",19:00:00,"Collision with vehicle","Friday","Dusk/Dawn",2,4,"Cross intersection",3,60,"B",2000,"SEDAN","HYNDAI","Car","M",57,"50-59","Drivers"
"T20190024613","4/12/19",17:54:00,"Collision with vehicle","Wednesday","Day",3,3,"Not at intersection",3,100,"A",1998,"DC UTE","TOYOTA","Utility","F",34,"30-39","Drivers"
"T20190024613","4/12/19",17:54:00,"Collision with vehicle","Wednesday","Day",3,3,"Not at intersection",3,100,"B",2013,"DC UTE","G WALL","Utility","M",49,"40-49","Drivers"
"T20190024613","4/12/19",17:54:00,"Collision with vehicle","Wednesday","Day",3,3,"Not at intersection",3,100,"C",2001,"SEDAN","NISSAN","Car","M",35,"30-39","Drivers"
"T20190024614","6/12/19",15:15:00,"Collision with vehicle","Friday","Day",2,2,"Multiple intersection",3,60,"A",0,NA,"UNKN","Prime Mover - Single Trailer","U",NA,"unknown","Drivers"
"T20190024615","5/12/19",22:00:00,"Collision with vehicle","Thursday","Dark Street lights on",2,6,"Not at intersection",3,60,"A",2014,"WAGON","KIA","Station Wagon","M",25,"22-25","Drivers"
"T20190024615","5/12/19",22:00:00,"Collision with vehicle","Thursday","Dark Street lights on",2,6,"Not at intersection",3,60,"B",2013,"WAGON","JEEP","Station Wagon","M",31,"30-39","Drivers"
"T20190024616","6/12/19",15:55:00,"Collision with vehicle","Friday","Day",2,2,"Not at intersection",3,70,"A",2012,"TRAY","HINO","Prime Mover Only","M",50,"50-59","Drivers"
"T20190024616","6/12/19",15:55:00,"Collision with vehicle","Friday","Day",2,2,"Not at intersection",3,70,"B",2017,"TRAY","TOYOTA","Utility","M",32,"30-39","Drivers"
"T20190024622","6/12/19",18:30:00,"Struck Pedestrian","Friday","Day",1,2,"Not at intersection",2,50,"A",2012,"WAGON","HOLDEN","Station Wagon","M",NA,"unknown","Drivers"
"T20190024623","3/12/19",15:15:00,"Collision with vehicle","Tuesday","Day",3,4,"Not at intersection",3,50,"A",2013,"SEDAN","HYNDAI","Car","F",22,"22-25","Drivers"
"T20190024623","3/12/19",15:15:00,"Collision with vehicle","Tuesday","Day",3,4,"Not at intersection",3,50,"B",2001,"SEDAN","FORD","Car","M",20,"17-21","Drivers"
"T20190024623","3/12/19",15:15:00,"Collision with vehicle","Tuesday","Day",3,4,"Not at intersection",3,50,"C",2017,"SEDAN","MAZDA","Car","F",22,"22-25","Drivers"
"T20190024626","6/12/19",19:50:00,"Struck Pedestrian","Friday","Day",1,3,"Not at intersection",3,60,"A",2009,"COUPE","VOLKS","Car","M",28,"26-29","Drivers"
"T20190024629","6/12/19",17:29:00,"Collision with vehicle","Friday","Day",2,2,"T intersection",3,40,"A",2010,"SEDAN","MAZDA","Car","F",32,"30-39","Drivers"
"T20190024630","6/12/19",17:18:00,"Collision with vehicle","Friday","Day",2,2,"Not at intersection",3,70,"A",2008,"WAGON","JEEP","Car","M",24,"22-25","Drivers"
"T20190024630","6/12/19",17:18:00,"Collision with vehicle","Friday","Day",2,2,"Not at intersection",3,70,"B",2016,"SEDAN","HYNDAI","Car","F",37,"30-39","Drivers"
"T20190024635","6/12/19",23:13:00,"Struck Pedestrian","Friday","Dark Street lights on",1,4,"Not at intersection",3,40,"A",2018,"WAGON","HOLDEN","Taxi","M",54,"50-59","Drivers"
"T20190024637","7/12/19",00:05:00,"Collision with vehicle","Saturday","Dark Street lights on",2,3,"Cross intersection",3,80,"A",2009,"SEDAN","HOLDEN","Car","M",25,"22-25","Drivers"
"T20190024637","7/12/19",00:05:00,"Collision with vehicle","Saturday","Dark Street lights on",2,3,"Cross intersection",3,80,"B",2002,"SEDAN","MAZDA","Car","M",21,"17-21","Drivers"
"T20190024638","7/12/19",00:14:00,"Collision with a fixed object","Saturday","Dark No street lights",1,1,"Not at intersection",3,70,"A",1997,"SEDAN","TOYOTA","Car","M",26,"26-29","Drivers"
"T20190024640","6/12/19",22:05:00,"Collision with vehicle","Friday","Dark No street lights",2,4,"Not at intersection",3,100,"A",2004,"SEDAN","HOLDEN","Car","M",20,"17-21","Drivers"
"T20190024640","6/12/19",22:05:00,"Collision with vehicle","Friday","Dark No street lights",2,4,"Not at intersection",3,100,"B",2015,"SEDAN","TOYOTA","Taxi","M",31,"30-39","Drivers"
"T20190024641","7/12/19",01:25:00,"Collision with vehicle","Saturday","Dark Street lights on",2,2,"Not at intersection",3,60,"B",2007,"SEDAN","B M W","Car","U",NA,"unknown","Drivers"
"T20190024642","6/12/19",21:59:00,"Collision with a fixed object","Friday","Dusk/Dawn",1,1,"Not at intersection",3,50,"A",2006,"SEDAN","MAZDA","Car","M",40,"40-49","Drivers"
"T20190024643","7/12/19",02:00:00,"Collision with vehicle","Saturday","Dark Street lights on",2,6,"T intersection",3,70,"A",2015,"WAGON","NISSAN","Taxi","M",62,"60-64","Drivers"
"T20190024643","7/12/19",02:00:00,"Collision with vehicle","Saturday","Dark Street lights on",2,6,"T intersection",3,70,"B",2010,"SEDAN","HOLDEN","Car","M",33,"30-39","Drivers"
"T20190024644","7/12/19",02:39:00,"Collision with a fixed object","Saturday","Dark Street lights on",1,3,"Not at intersection",3,60,"A",2000,"S WAG","HOLDEN","Station Wagon","F",30,"30-39","Drivers"
"T20190024645","7/12/19",02:40:00,"Collision with a fixed object","Saturday","Dark Street lights on",1,1,"Cross intersection",3,60,"A",2001,"WAGON","TOYOTA","Station Wagon","M",25,"22-25","Drivers"
"T20190024647","7/12/19",05:00:00,"Collision with vehicle","Saturday","Dusk/Dawn",2,2,"Not at intersection",3,70,"A",2007,"S WAG","HOLDEN","Station Wagon","F",33,"30-39","Drivers"
"T20190024647","7/12/19",05:00:00,"Collision with vehicle","Saturday","Dusk/Dawn",2,2,"Not at intersection",3,70,"B",2008,"WAGON","TOYOTA","Station Wagon","M",43,"40-49","Drivers"
"T20190024648","7/12/19",05:00:00,"Collision with a fixed object","Saturday","Dusk/Dawn",1,1,"Not at intersection",3,60,"A",2006,"DC UTE","TOYOTA","Utility","F",32,"30-39","Drivers"
"T20190024649","15/11/19",06:00:00,"Collision with a fixed object","Friday","Dusk/Dawn",1,1,"Not at intersection",3,100,"A",2007,"SEDAN","TOYOTA","Car","M",23,"22-25","Drivers"
"T20190024650","12/11/19",20:30:00,"Collision with vehicle","Tuesday","Dark Street lights on",2,3,"Cross intersection",3,60,"A",2007,"SEDAN","HOLDEN","Car","M",27,"26-29","Drivers"
"T20190024650","12/11/19",20:30:00,"Collision with vehicle","Tuesday","Dark Street lights on",2,3,"Cross intersection",3,60,"B",2010,"SEDAN","FORD","Car","F",18,"17-21","Drivers"
"T20190024651","7/12/19",05:00:00,"Collision with a fixed object","Saturday","Dark No street lights",1,1,"Not at intersection",2,100,"A",2003,"WAGON","HONDA","Station Wagon","M",56,"50-59","Drivers"
"T20190024653","6/12/19",08:50:00,"Collision with vehicle","Friday","Day",2,2,"Not at intersection",3,50,"A",2007,"WAGON","NISSAN","Station Wagon","M",32,"30-39","Drivers"
"T20190024655","7/12/19",10:30:00,"Collision with vehicle","Saturday","Day",3,2,"Cross intersection",3,999,"A",2006,"SED","KIA","Car","M",75,"70+","Drivers"
"T20190024657","5/12/19",18:35:00,"Collision with vehicle","Thursday","Day",2,3,"Not at intersection",3,999,"A",2010,"SEDAN","MAZDA","Car","M",26,"26-29","Drivers"
"T20190024657","5/12/19",18:35:00,"Collision with vehicle","Thursday","Day",2,3,"Not at intersection",3,999,"B",2013,"S WAG","FORD","Station Wagon","F",45,"40-49","Drivers"
"T20190024663","5/12/19",08:30:00,"Collision with vehicle","Thursday","Day",2,2,"T intersection",3,70,"A",2018,"WAGON","NISSAN","Station Wagon","M",19,"17-21","Drivers"
"T20190024663","5/12/19",08:30:00,"Collision with vehicle","Thursday","Day",2,2,"T intersection",3,70,"B",2007,"SEDAN","HONDA","Car","M",65,"64-69","Drivers"
"T20190024666","7/12/19",11:30:00,"Collision with vehicle","Saturday","Day",2,2,"Cross intersection",3,60,"A",2012,"SEDAN","HYNDAI","Car","M",83,"70+","Drivers"
"T20190024666","7/12/19",11:30:00,"Collision with vehicle","Saturday","Day",2,2,"Cross intersection",3,60,"B",2002,"SEDAN","MAZDA","Car","F",23,"22-25","Drivers"
"T20190024668","7/12/19",06:30:00,"Collision with vehicle","Saturday","Dusk/Dawn",2,2,"Not at intersection",3,80,"B",0,NA,"UNKN","Utility","U",NA,"unknown","Drivers"
"T20190024670","4/12/19",09:47:00,"Collision with vehicle","Wednesday","Day",3,3,"Not at intersection",2,60,"C",2007,"TRAY","FORD","Light Commercial Vehicle (Rigid) <= 4.5 Tonnes GVM","M",45,"40-49","Drivers"
"T20190024671","31/10/19",12:45:00,"Collision with vehicle","Thursday","Day",2,2,"Not at intersection",3,60,"A",2011,"WAGON","L ROV","Station Wagon","M",44,"40-49","Drivers"
"T20190024678","7/12/19",14:10:00,"Collision with vehicle","Saturday","Day",2,2,"T intersection",3,50,"B",0,"SED","B M W","Car","M",19,"17-21","Drivers"
"T20190024679","7/12/19",15:00:00,"Struck Pedestrian","Saturday","Day",1,2,"Not at intersection",3,40,"A",2006,"WAGON","TOYOTA","Station Wagon","F",35,"30-39","Drivers"
"T20190024680","7/12/19",15:00:00,"Collision with vehicle","Saturday","Day",2,4,"Cross intersection",3,50,"A",2014,"WAGON","TOYOTA","Station Wagon","M",77,"70+","Drivers"
"T20190024680","7/12/19",15:00:00,"Collision with vehicle","Saturday","Day",2,4,"Cross intersection",3,50,"B",2007,"SEDAN","PEUG","Car","M",69,"64-69","Drivers"
"T20190024686","7/12/19",15:35:00,"Collision with vehicle","Saturday","Day",2,2,"T intersection",3,80,"A",2010,"S WAG","FORD","Taxi","M",30,"30-39","Drivers"
"T20190024686","7/12/19",15:35:00,"Collision with vehicle","Saturday","Day",2,2,"T intersection",3,80,"B",2000,"SEDAN","TOYOTA","Car","M",31,"30-39","Drivers"
"T20190024687","7/12/19",16:25:00,"Collision with a fixed object","Saturday","Day",1,1,"Not at intersection",3,100,"A",2011,"WAGON","SUBARU","Station Wagon","F",70,"70+","Drivers"
"T20190024688","7/12/19",16:00:00,"Collision with vehicle","Saturday","Day",2,4,"Not at intersection",3,70,"A",2003,"S WAG","DAEWOO","Station Wagon","M",67,"64-69","Drivers"
"T20190024688","7/12/19",16:00:00,"Collision with vehicle","Saturday","Day",2,4,"Not at intersection",3,70,"B",2005,"WAGON","NISSAN","Station Wagon","M",62,"60-64","Drivers"
"T20190024694","7/12/19",15:03:00,"Collision with vehicle","Saturday","Day",2,2,"Cross intersection",3,80,"B",2002,"UTIL","HOLDEN","Utility","M",35,"30-39","Drivers"
"T20190024700","7/12/19",18:30:00,"Collision with vehicle","Saturday","Day",2,2,"Cross intersection",3,999,"A",1998,"VAN","TOYOTA","Panel Van","M",47,"40-49","Drivers"
"T20190024700","7/12/19",18:30:00,"Collision with vehicle","Saturday","Day",2,2,"Cross intersection",3,999,"B",2014,"SEDAN","HYNDAI","Car","F",47,"40-49","Drivers"
"T20190024703","7/12/19",04:49:00,"Collision with a fixed object","Saturday","Dusk/Dawn",1,1,"Not at intersection",3,60,"A",1998,"SEDAN","HYNDAI","Car","M",28,"26-29","Drivers"
"T20190024704","28/11/19",07:10:00,"Collision with vehicle","Thursday","Day",2,2,"Cross intersection",3,60,"A",2011,"WAGON","TOYOTA","Station Wagon","M",44,"40-49","Drivers"
"T20190024704","28/11/19",07:10:00,"Collision with vehicle","Thursday","Day",2,2,"Cross intersection",3,60,"B",2018,"P MVR","KENWTH","Prime Mover - Single Trailer","M",31,"30-39","Drivers"
"T20190024705","7/12/19",23:32:00,"Collision with vehicle","Saturday","Dark Street lights on",3,8,"Cross intersection",3,60,"A",2003,"SEDAN","TOYOTA","Car","M",37,"30-39","Drivers"
"T20190024705","7/12/19",23:32:00,"Collision with vehicle","Saturday","Dark Street lights on",3,8,"Cross intersection",3,60,"B",2019,"SEDAN","HYNDAI","Car","M",24,"22-25","Drivers"
"T20190024705","7/12/19",23:32:00,"Collision with vehicle","Saturday","Dark Street lights on",3,8,"Cross intersection",3,60,"C",2012,"WAGON","MITSUB","Station Wagon","M",45,"40-49","Drivers"
"T20190024706","7/12/19",23:00:00,"Collision with vehicle","Saturday","Dark No street lights",2,4,"Not at intersection",3,999,"A",2019,"WAGON","NISSAN","Station Wagon","U",46,"40-49","Drivers"
"T20190024706","7/12/19",23:00:00,"Collision with vehicle","Saturday","Dark No street lights",2,4,"Not at intersection",3,999,"B",2007,"TRAY","MITSUB","Light Commercial Vehicle (Rigid) <= 4.5 Tonnes GVM","U",36,"30-39","Drivers"
"T20190024716","8/12/19",02:20:00,"Collision with vehicle","Sunday","Dark Street lights on",2,2,"T intersection",3,80,"B",2002,"COUPE","MITSUB","Car","M",25,"22-25","Drivers"
"T20190024718","8/12/19",04:50:00,"Collision with vehicle","Sunday","Dusk/Dawn",2,2,"T intersection",3,80,"A",1995,"SED","HONDA","Car","M",25,"22-25","Drivers"
"T20190024718","8/12/19",04:50:00,"Collision with vehicle","Sunday","Dusk/Dawn",2,2,"T intersection",3,80,"B",2013,"DC UTE","TOYOTA","Utility","M",25,"22-25","Drivers"
"T20190024723","19/10/19",17:00:00,"Collision with vehicle","Saturday","Day",2,2,"Not at intersection",3,100,"A",2011,"WAGON","TOYOTA","Station Wagon","F",45,"40-49","Drivers"
"T20190024726","7/12/19",13:00:00,"Collision with vehicle","Saturday","Day",2,2,"Cross intersection",3,80,"A",2009,"SEDAN","TOYOTA","Car","F",69,"64-69","Drivers"
"T20190024726","7/12/19",13:00:00,"Collision with vehicle","Saturday","Day",2,2,"Cross intersection",3,80,"B",2012,"SEDAN","TOYOTA","Car","F",52,"50-59","Drivers"
"T20190024727","31/10/19",08:50:00,"Collision with vehicle","Thursday","Day",2,7,"Not at intersection",3,40,"A",2004,"WAGON","TOYOTA","Station Wagon","F",30,"30-39","Drivers"
"T20190024727","31/10/19",08:50:00,"Collision with vehicle","Thursday","Day",2,7,"Not at intersection",3,40,"B",2016,"VAN","LDV","Panel Van","M",30,"30-39","Drivers"
"T20190024728","8/12/19",11:00:00,"Collision with vehicle","Sunday","Day",2,4,"Cross intersection",3,60,"A",2004,"SEDAN","MAZDA","Car","M",36,"30-39","Drivers"
"T20190024728","8/12/19",11:00:00,"Collision with vehicle","Sunday","Day",2,4,"Cross intersection",3,60,"B",2017,"WAGON","TOYOTA","Car","M",55,"50-59","Drivers"
"T20190024731","19/11/19",21:30:00,"Collision with vehicle","Tuesday","Dark Street lights on",2,2,"Cross intersection",3,70,"A",2008,"VAN","MITSUB","Panel Van","M",54,"50-59","Drivers"
"T20190024731","19/11/19",21:30:00,"Collision with vehicle","Tuesday","Dark Street lights on",2,2,"Cross intersection",3,70,"B",2012,"WAGON","TOYOTA","Station Wagon","M",35,"30-39","Drivers"
"T20190024732","8/12/19",10:50:00,"Collision with vehicle","Sunday","Day",2,2,"T intersection",3,60,"A",2015,"SKIP C","IVECO","Heavy Vehicle (Rigid) > 4.5 Tonnes","M",42,"40-49","Drivers"
"T20190024732","8/12/19",10:50:00,"Collision with vehicle","Sunday","Day",2,2,"T intersection",3,60,"B",2012,"SEDAN","TOYOTA","Car","F",58,"50-59","Drivers"
"T20190024734","6/12/19",13:55:00,"Collision with a fixed object","Friday","Day",1,1,"T intersection",3,60,"A",2017,"WAGON","MAZDA","Station Wagon","M",33,"30-39","Drivers"
"T20190024738","8/12/19",13:00:00,"Collision with vehicle","Sunday","Day",4,4,"Unknown",3,80,"A",2010,"WAGON","NISSAN","Station Wagon","F",35,"30-39","Drivers"
"T20190024738","8/12/19",13:00:00,"Collision with vehicle","Sunday","Day",4,4,"Unknown",3,80,"B",2015,"SEDAN","HYNDAI","Car","F",25,"22-25","Drivers"
"T20190024738","8/12/19",13:00:00,"Collision with vehicle","Sunday","Day",4,4,"Unknown",3,80,"C",2016,"S WAG","TOYOTA","Station Wagon","F",28,"26-29","Drivers"
"T20190024738","8/12/19",13:00:00,"Collision with vehicle","Sunday","Day",4,4,"Unknown",3,80,"D",2018,"DC UTE","FORD","Utility","M",29,"26-29","Drivers"
"T20190024739","8/12/19",07:15:00,"Collision with vehicle","Sunday","Day",2,3,"Not at intersection",3,80,"A",2012,"WAGON","TOYOTA","Station Wagon","F",66,"64-69","Drivers"
"T20190024739","8/12/19",07:15:00,"Collision with vehicle","Sunday","Day",2,3,"Not at intersection",3,80,"B",2013,"SEDAN","MERC B","Taxi","M",36,"30-39","Drivers"
"T20190024741","20/11/19",22:09:00,"Collision with vehicle","Wednesday","Dark Street lights on",3,4,"Cross intersection",3,70,"A",2007,"SED","HYUNDA","Car","M",27,"26-29","Drivers"
"T20190024741","20/11/19",22:09:00,"Collision with vehicle","Wednesday","Dark Street lights on",3,4,"Cross intersection",3,70,"B",2007,"SEDAN","TOYOTA","Car","M",85,"70+","Drivers"
"T20190024741","20/11/19",22:09:00,"Collision with vehicle","Wednesday","Dark Street lights on",3,4,"Cross intersection",3,70,"C",2013,"WAGON","HONDA","Station Wagon","F",18,"17-21","Drivers"
"T20190024743","8/12/19",14:00:00,"Collision with vehicle","Sunday","Day",2,3,"Cross intersection",3,60,"A",2016,"SEDAN","MAZDA","Car","M",38,"30-39","Drivers"
"T20190024745","8/12/19",11:48:00,"Collision with vehicle","Sunday","Day",2,3,"Cross intersection",3,80,"A",2009,"SEDAN","HOLDEN","Car","F",23,"22-25","Drivers"
"T20190024745","8/12/19",11:48:00,"Collision with vehicle","Sunday","Day",2,3,"Cross intersection",3,80,"B",2014,"SEDAN","TOYOTA","Car","M",35,"30-39","Drivers"
"T20190024746","8/12/19",14:00:00,"Collision with vehicle","Sunday","Day",2,4,"T intersection",3,70,"A",2015,"SEDAN","SUZUKI","Car","F",26,"26-29","Drivers"
"T20190024746","8/12/19",14:00:00,"Collision with vehicle","Sunday","Day",2,4,"T intersection",3,70,"B",1974,"SEDAN","HOLDEN","Car","M",48,"40-49","Drivers"
"T20190024747","8/12/19",12:53:00,"Collision with vehicle","Sunday","Day",2,3,"Cross intersection",3,70,"A",2014,"WAGON","VOLVO","Station Wagon","F",39,"30-39","Drivers"
"T20190024747","8/12/19",12:53:00,"Collision with vehicle","Sunday","Day",2,3,"Cross intersection",3,70,"B",2018,"SEDAN","MAZDA","Car","F",32,"30-39","Drivers"
"T20190024748","29/11/19",21:25:00,"Collision with vehicle","Friday","Dark No street lights",2,2,"Not at intersection",3,60,"A",2014,"SEDAN","HOLDEN","Car","M",27,"26-29","Drivers"
"T20190024748","29/11/19",21:25:00,"Collision with vehicle","Friday","Dark No street lights",2,2,"Not at intersection",3,60,"B",2017,"WAGON","HYNDAI","Station Wagon","F",26,"26-29","Drivers"
"T20190024750","8/12/19",11:00:00,"Collision with vehicle","Sunday","Day",2,3,"Cross intersection",3,100,"A",1993,"SEDAN","HOLDEN","Car","M",26,"26-29","Drivers"
"T20190024750","8/12/19",11:00:00,"Collision with vehicle","Sunday","Day",2,3,"Cross intersection",3,100,"B",2009,"WAGON","L ROV","Station Wagon","M",64,"60-64","Drivers"
"T20190024752","22/10/19",18:20:00,"Collision with vehicle","Tuesday","Day",2,2,"Not at intersection",3,60,"A",2011,"SEDAN","AUDI","Car","F",32,"30-39","Drivers"
"T20190024752","22/10/19",18:20:00,"Collision with vehicle","Tuesday","Day",2,2,"Not at intersection",3,60,"B",2008,"S WAG","B M W","Station Wagon","M",25,"22-25","Drivers"
"T20190024755","8/12/19",09:27:00,"Collision with a fixed object","Sunday","Day",1,1,"Not at intersection",3,60,"A",2003,"SEDAN","FORD","Car","M",28,"26-29","Drivers"
"T20190024756","8/12/19",15:05:00,"Collision with vehicle","Sunday","Day",2,4,"Cross intersection",3,50,"A",2016,"WAGON","SUBARU","Station Wagon","M",83,"70+","Drivers"
"T20190024756","8/12/19",15:05:00,"Collision with vehicle","Sunday","Day",2,4,"Cross intersection",3,50,"B",2014,"SEDAN","B M W","Car","F",42,"40-49","Drivers"
"T20190024757","8/12/19",14:30:00,"Collision with vehicle","Sunday","Day",2,3,"Not at intersection",3,60,"A",2004,"WAGON","MAZDA","Station Wagon","F",48,"40-49","Drivers"
"T20190024757","8/12/19",14:30:00,"Collision with vehicle","Sunday","Day",2,3,"Not at intersection",3,60,"B",1992,"WAGON","NISSAN","Station Wagon","M",56,"50-59","Drivers"
"T20190024765","8/12/19",17:10:00,"Collision with a fixed object","Sunday","Day",1,1,"Not at intersection",3,100,"A",1999,"TRAY","HOLDEN","Light Commercial Vehicle (Rigid) <= 4.5 Tonnes GVM","F",32,"30-39","Drivers"
"T20190024767","8/12/19",17:30:00,"Vehicle overturned (no collision)","Sunday","Day",1,1,"Not at intersection",3,80,"A",2018,"WAGON","TOYOTA","Station Wagon","F",52,"50-59","Drivers"
"T20190024768","8/12/19",17:20:00,"Collision with vehicle","Sunday","Day",3,2,"Not at intersection",3,60,"A",2011,"S WAG","HOLDEN","Station Wagon","F",63,"60-64","Drivers"
"T20190024768","8/12/19",17:20:00,"Collision with vehicle","Sunday","Day",3,2,"Not at intersection",3,60,"C",1998,"DC UTE","HOLDEN","Utility","M",25,"22-25","Drivers"
"T20190024769","25/11/19",10:00:00,"Vehicle overturned (no collision)","Monday","Day",2,2,"Not at intersection",3,50,"B",2015,"SEDAN","MAZDA","Taxi","M",58,"50-59","Drivers"
"T20190024770","8/12/19",18:29:00,"Collision with vehicle","Sunday","Day",3,3,"Cross intersection",3,60,"A",2013,"S WAG","FORD","Station Wagon","M",56,"50-59","Drivers"
"T20190024770","8/12/19",18:29:00,"Collision with vehicle","Sunday","Day",3,3,"Cross intersection",3,60,"B",2016,"WAGON","MITSUB","Station Wagon","M",67,"64-69","Drivers"
"T20190024770","8/12/19",18:29:00,"Collision with vehicle","Sunday","Day",3,3,"Cross intersection",3,60,"C",2008,"SEDAN","MITSUB","Car","M",20,"17-21","Drivers"
"T20190024777","8/12/19",17:42:00,"Collision with vehicle","Sunday","Day",3,6,"T intersection",2,80,"A",2010,"DC UTE","NISSAN","Utility","M",28,"26-29","Drivers"
"T20190024777","8/12/19",17:42:00,"Collision with vehicle","Sunday","Day",3,6,"T intersection",2,80,"B",2006,"WAGON","TOYOTA","Station Wagon","M",63,"60-64","Drivers"