"ACCIDENT_NO","ACCIDENTDATE","ACCIDENTTIME","Accident Type Desc","Day Week Description","Light Condition Desc","NO_OF_VEHICLES","NO_PERSONS","Road Geometry Desc","SEVERITY","SPEED_ZONE","VEHICLE_ID","VEHICLE_YEAR_MANUF","VEHICLE_BODY_STYLE","VEHICLE_MAKE","Vehicle Type Desc","SEX","AGE","Age Group","Road User Type Desc"
"T20190024777","8/12/19",17:42:00,"Collision with vehicle","Sunday","Day",3,6,"T intersection",2,80,"C",2004,"WAGON","HOLDEN","Station Wagon","F",40,"40-49","Drivers"
"T20190024778","8/12/19",16:42:00,"Collision with a fixed object","Sunday","Day",1,2,"Not at intersection",3,80,"A",2005,"SEDAN","HOLDEN","Car","F",21,"17-21","Drivers"
"T20190024779","8/12/19",17:25:00,"Collision with vehicle","Sunday","Day",2,4,"Not at intersection",3,80,"A",2017,"WAGON","SUBARU","Station Wagon","F",44,"40-49","Drivers"
"T20190024779","8/12/19",17:25:00,"Collision with vehicle","Sunday","Day",2,4,"Not at intersection",3,80,"B",1997,"SEDAN","SAAB","Car","F",38,"30-39","Drivers"
"T20190024780","8/12/19",15:35:00,"Collision with vehicle","Sunday","Day",2,2,"Cross intersection",3,80,"A",2002,"SEDAN","FORD","Car","F",27,"26-29","Drivers"
"T20190024780","8/12/19",15:35:00,"Collision with vehicle","Sunday","Day",2,2,"Cross intersection",3,80,"B",2016,"VAN","HYNDAI","Panel Van","M",27,"26-29","Drivers"
"T20190024781","8/12/19",21:16:00,"Struck Pedestrian","Sunday","Dark Street lights on",1,2,"T intersection",3,60,"A",2010,"SEDAN","VOLKS","Car","M",25,"22-25","Drivers"
"T20190024783","8/12/19",21:32:00,"Collision with vehicle","Sunday","Dark Street lights on",2,3,"T intersection",3,80,"A",2012,"SEDAN","SUBARU","Car","M",80,"70+","Drivers"
"T20190024783","8/12/19",21:32:00,"Collision with vehicle","Sunday","Dark Street lights on",2,3,"T intersection",3,80,"B",2013,"UTIL","TOYOTA","Utility","M",76,"70+","Drivers"
"T20190024784","8/12/19",22:23:00,"Collision with vehicle","Sunday","Dark Street lights on",2,2,"T intersection",3,80,"A",2011,"SEDAN","HOLDEN","Car","M",41,"40-49","Drivers"
"T20190024786","31/10/19",19:30:00,"Collision with vehicle","Thursday","Day",2,3,"Not at intersection",3,60,"A",2014,"SEDAN","TOYOTA","Car","F",30,"30-39","Drivers"
"T20190024786","31/10/19",19:30:00,"Collision with vehicle","Thursday","Day",2,3,"Not at intersection",3,60,"B",2013,"WAGON","MAZDA","Station Wagon","F",38,"30-39","Drivers"
"T20190024790","7/12/19",17:00:00,"Collision with vehicle","Saturday","Day",2,2,"Not at intersection",3,60,"A",2015,"UTIL","MITSUB","Utility","M",67,"64-69","Drivers"
"T20190024790","7/12/19",17:00:00,"Collision with vehicle","Saturday","Day",2,2,"Not at intersection",3,60,"B",2008,"SED","TOYOTA","Car","M",39,"30-39","Drivers"
"T20190024792","8/12/19",21:55:00,"Collision with vehicle","Sunday","Dusk/Dawn",2,3,"Not at intersection",3,60,"A",2004,"SEDAN","MAZDA","Car","M",25,"22-25","Drivers"
"T20190024792","8/12/19",21:55:00,"Collision with vehicle","Sunday","Dusk/Dawn",2,3,"Not at intersection",3,60,"B",2012,"SEDAN","TOYOTA","Car","F",30,"30-39","Drivers"
"T20190024794","9/12/19",06:55:00,"Collision with vehicle","Monday","Dusk/Dawn",2,2,"Cross intersection",3,50,"A",2014,"SEDAN","NISSAN","Car","M",74,"70+","Drivers"
"T20190024794","9/12/19",06:55:00,"Collision with vehicle","Monday","Dusk/Dawn",2,2,"Cross intersection",3,50,"B",2004,"WAGON","NISSAN","Station Wagon","M",33,"30-39","Drivers"
"T20190024795","8/12/19",12:50:00,"Collision with vehicle","Sunday","Day",2,3,"T intersection",3,60,"A",2000,"DC UTE","TOYOTA","Utility","M",18,"17-21","Drivers"
"T20190024795","8/12/19",12:50:00,"Collision with vehicle","Sunday","Day",2,3,"T intersection",3,60,"B",2007,"SEDAN","TOYOTA","Car","M",83,"70+","Drivers"
"T20190024796","9/12/19",07:30:00,"Collision with vehicle","Monday","Day",2,2,"Not at intersection",3,50,"A",2012,"DC UTE","TOYOTA","Utility","M",18,"17-21","Drivers"
"T20190024796","9/12/19",07:30:00,"Collision with vehicle","Monday","Day",2,2,"Not at intersection",3,50,"B",2007,"SEDAN","HOLDEN","Car","M",28,"26-29","Drivers"
"T20190024798","5/12/19",06:20:00,"Collision with vehicle","Thursday","Dusk/Dawn",2,2,"T intersection",3,60,"A",2009,"SEDAN","TOYOTA","Car","F",62,"60-64","Drivers"
"T20190024798","5/12/19",06:20:00,"Collision with vehicle","Thursday","Dusk/Dawn",2,2,"T intersection",3,60,"B",0,"S WAG","B M W","Station Wagon","U",NA,"unknown","Drivers"
"T20190024801","9/12/19",06:57:00,"Collision with vehicle","Monday","Day",2,3,"Cross intersection",3,60,"A",2010,"SEDAN","FORD","Car","M",23,"22-25","Drivers"
"T20190024801","9/12/19",06:57:00,"Collision with vehicle","Monday","Day",2,3,"Cross intersection",3,60,"B",2015,"SEDAN","HYNDAI","Car","F",23,"22-25","Drivers"
"T20190024803","8/12/19",18:45:00,"Collision with vehicle","Sunday","Day",2,2,"T intersection",2,60,"A",2001,"UTIL","NISSAN","Utility","M",30,"30-39","Drivers"
"T20190024806","9/10/19",08:45:00,"Fall from or in moving vehicle","Wednesday","Unknown",1,2,"Not at intersection",2,40,"A",2011,"BUS","TOYOTA","Taxi","M",58,"50-59","Drivers"
"T20190024810","29/11/19",13:15:00,"Collision with vehicle","Friday","Unknown",2,2,"Not at intersection",3,999,"A",2014,"SEDAN","HOLDEN","Car","M",30,"30-39","Drivers"
"T20190024810","29/11/19",13:15:00,"Collision with vehicle","Friday","Unknown",2,2,"Not at intersection",3,999,"B",1999,"S WAG","MITSUB","Station Wagon","U",NA,"unknown","Drivers"
"T20190024812","8/12/19",13:45:00,"Collision with vehicle","Sunday","Day",2,2,"T intersection",3,999,"A",2008,"SEDAN","VOLKS","Car","M",45,"40-49","Drivers"
"T20190024812","8/12/19",13:45:00,"Collision with vehicle","Sunday","Day",2,2,"T intersection",3,999,"B",2010,"WAGON","KIA","Station Wagon","M",77,"70+","Drivers"
"T20190024815","8/12/19",16:20:00,"Collision with vehicle","Sunday","Day",2,3,"T intersection",3,60,"A",2005,"WAGON","TOYOTA","Station Wagon","F",45,"40-49","Drivers"
"T20190024815","8/12/19",16:20:00,"Collision with vehicle","Sunday","Day",2,3,"T intersection",3,60,"B",2013,"WAGON","FORD","Station Wagon","F",41,"40-49","Drivers"
"T20190024824","27/11/19",16:10:00,"Collision with vehicle","Wednesday","Day",2,2,"Not at intersection",3,999,"A",2015,"TRAY","HINO","Light Commercial Vehicle (Rigid) <= 4.5 Tonnes GVM","M",29,"26-29","Drivers"
"T20190024824","27/11/19",16:10:00,"Collision with vehicle","Wednesday","Day",2,2,"Not at intersection",3,999,"B",2005,"DC UTE","TOYOTA","Utility","M",38,"30-39","Drivers"
"T20190024826","9/12/19",10:25:00,"Collision with vehicle","Monday","Day",2,5,"Not at intersection",3,70,"A",2016,"SEDAN","JEEP","Car","M",69,"64-69","Drivers"
"T20190024826","9/12/19",10:25:00,"Collision with vehicle","Monday","Day",2,5,"Not at intersection",3,70,"B",2019,"S WAG","VOLKS","Station Wagon","F",20,"17-21","Drivers"
"T20190024829","7/12/19",17:00:00,"Collision with vehicle","Saturday","Day",2,2,"Not at intersection",3,80,"A",2014,"WAGON","HONDA","Station Wagon","F",42,"40-49","Drivers"
"T20190024829","7/12/19",17:00:00,"Collision with vehicle","Saturday","Day",2,2,"Not at intersection",3,80,"B",2005,"SED","HOLDEN","Car","F",18,"17-21","Drivers"
"T20190024831","9/12/19",13:16:00,"Collision with vehicle","Monday","Day",2,3,"Cross intersection",3,80,"A",2017,"WAGON","TOYOTA","Station Wagon","F",NA,"unknown","Drivers"
"T20190024831","9/12/19",13:16:00,"Collision with vehicle","Monday","Day",2,3,"Cross intersection",3,80,"B",2016,"SEDAN","FORD","Car","F",50,"50-59","Drivers"
"T20190024832","9/12/19",06:35:00,"Collision with vehicle","Monday","Unknown",2,2,"Cross intersection",3,60,"B",0,"SEDAN","HOLDEN","Car","U",NA,"unknown","Drivers"
"T20190024834","13/11/19",06:30:00,"Collision with vehicle","Wednesday","Dusk/Dawn",2,3,"Multiple intersection",3,40,"A",2016,"WAGON","NISSAN","Station Wagon","M",58,"50-59","Drivers"
"T20190024834","13/11/19",06:30:00,"Collision with vehicle","Wednesday","Dusk/Dawn",2,3,"Multiple intersection",3,40,"B",2011,"BUS","SCANIA","Bus/Coach","M",31,"30-39","Drivers"
"T20190024836","3/12/19",17:30:00,"No collision and no object struck","Tuesday","Day",2,3,"Not at intersection",3,80,"A",2012,"WAGON","JEEP","Station Wagon","M",33,"30-39","Drivers"
"T20190024836","3/12/19",17:30:00,"No collision and no object struck","Tuesday","Day",2,3,"Not at intersection",3,80,"B",2016,"WAGON","HYNDAI","Station Wagon","F",47,"40-49","Drivers"
"T20190024838","21/11/19",06:15:00,"Collision with vehicle","Thursday","Dusk/Dawn",2,2,"Not at intersection",3,80,"A",2019,"VAN","HYNDAI","Panel Van","M",27,"26-29","Drivers"
"T20190024838","21/11/19",06:15:00,"Collision with vehicle","Thursday","Dusk/Dawn",2,2,"Not at intersection",3,80,"B",2003,"SEDAN","MITSUB","Car","M",18,"17-21","Drivers"
"T20190024839","8/12/19",02:00:00,"Struck animal","Sunday","Dark No street lights",1,1,"Not at intersection",3,110,"A",1996,"SEDAN","MITSUB","Car","M",34,"30-39","Drivers"
"T20190024842","5/12/19",14:00:00,"Collision with vehicle","Thursday","Unknown",2,2,"T intersection",3,60,"A",2001,"SEDAN","VOLKS","Car","F",27,"26-29","Drivers"
"T20190024842","5/12/19",14:00:00,"Collision with vehicle","Thursday","Unknown",2,2,"T intersection",3,60,"B",2005,"TRAY","DAF","Light Commercial Vehicle (Rigid) <= 4.5 Tonnes GVM","M",63,"60-64","Drivers"
"T20190024844","9/12/19",13:30:00,"Collision with vehicle","Monday","Day",2,3,"Cross intersection",3,100,"A",1998,"SEDAN","HOLDEN","Car","F",67,"64-69","Drivers"
"T20190024844","9/12/19",13:30:00,"Collision with vehicle","Monday","Day",2,3,"Cross intersection",3,100,"B",2017,"SEDAN","MITSUB","Car","M",25,"22-25","Drivers"
"T20190024847","8/12/19",15:30:00,"Collision with vehicle","Sunday","Day",2,3,"T intersection",3,40,"A",2011,"SEDAN","TOYOTA","Car","U",NA,"unknown","Drivers"
"T20190024849","4/12/19",09:00:00,"Collision with vehicle","Wednesday","Unknown",2,2,"Not at intersection",3,50,"A",2008,"S WAG","VOLKS","Station Wagon","F",47,"40-49","Drivers"
"T20190024849","4/12/19",09:00:00,"Collision with vehicle","Wednesday","Unknown",2,2,"Not at intersection",3,50,"B",2017,"WAGON","VOLVO","Station Wagon","F",40,"40-49","Drivers"
"T20190024850","9/12/19",13:35:00,"Collision with vehicle","Monday","Day",2,4,"Cross intersection",3,50,"A",2014,"SEDAN","MAZDA","Car","M",37,"30-39","Drivers"
"T20190024850","9/12/19",13:35:00,"Collision with vehicle","Monday","Day",2,4,"Cross intersection",3,50,"B",2012,"SEDAN","HOLDEN","Car","F",79,"70+","Drivers"
"T20190024852","9/12/19",17:45:00,"Collision with vehicle","Monday","Day",2,5,"T intersection",3,70,"A",2018,"WAGON","MITSUB","Station Wagon","F",22,"22-25","Drivers"
"T20190024852","9/12/19",17:45:00,"Collision with vehicle","Monday","Day",2,5,"T intersection",3,70,"B",2014,"DC UTE","VOLKS","Utility","F",62,"60-64","Drivers"
"T20190024853","9/12/19",14:45:00,"Collision with vehicle","Monday","Day",4,4,"Not at intersection",3,80,"A",2014,"TRAY","NISSAN","Light Commercial Vehicle (Rigid) <= 4.5 Tonnes GVM","M",26,"26-29","Drivers"
"T20190024853","9/12/19",14:45:00,"Collision with vehicle","Monday","Day",4,4,"Not at intersection",3,80,"B",2013,"UTIL","TOYOTA","Utility","M",60,"60-64","Drivers"
"T20190024853","9/12/19",14:45:00,"Collision with vehicle","Monday","Day",4,4,"Not at intersection",3,80,"C",2000,"SEDAN","HOLDEN","Car","M",61,"60-64","Drivers"
"T20190024853","9/12/19",14:45:00,"Collision with vehicle","Monday","Day",4,4,"Not at intersection",3,80,"D",2014,"UTIL","MITSUB","Utility","M",49,"40-49","Drivers"
"T20190024855","9/12/19",19:30:00,"Collision with vehicle","Monday","Day",2,2,"Cross intersection",3,80,"A",2003,"WAGON","TOYOTA","Station Wagon","M",21,"17-21","Drivers"
"T20190024855","9/12/19",19:30:00,"Collision with vehicle","Monday","Day",2,2,"Cross intersection",3,80,"B",2017,"VAN","LDV","Panel Van","M",38,"30-39","Drivers"
"T20190024856","9/12/19",16:00:00,"collision with some other object","Monday","Day",1,2,"Not at intersection",3,90,"A",1998,"SEDAN","HOLDEN","Car","F",36,"30-39","Drivers"
"T20190024861","9/12/19",18:25:00,"Collision with a fixed object","Monday","Day",1,1,"Not at intersection",3,100,"A",2004,"DC UTE","TOYOTA","Utility","M",18,"17-21","Drivers"
"T20190024864","9/12/19",20:12:00,"Collision with a fixed object","Monday","Dusk/Dawn",1,2,"Not at intersection",1,80,"A",1990,"COUPE","FORD","Car","M",62,"60-64","Drivers"
"T20190024865","6/12/19",16:10:00,"Collision with vehicle","Friday","Day",2,2,"Not at intersection",2,80,"A",2002,"UTIL","HOLDEN","Utility","M",58,"50-59","Drivers"
"T20190024865","6/12/19",16:10:00,"Collision with vehicle","Friday","Day",2,2,"Not at intersection",2,80,"B",2001,"WAGON","FORD","Station Wagon","F",43,"40-49","Drivers"
"T20190024869","9/12/19",01:00:00,"Collision with vehicle","Monday","Unknown",2,4,"T intersection",3,50,"A",2017,"SEDAN","HONDA","Car","F",21,"17-21","Drivers"
"T20190024870","9/12/19",07:20:00,"Collision with vehicle","Monday","Day",3,5,"Not at intersection",3,80,"A",2011,"UTIL","NISSAN","Utility","M",44,"40-49","Drivers"
"T20190024870","9/12/19",07:20:00,"Collision with vehicle","Monday","Day",3,5,"Not at intersection",3,80,"B",2019,"VAN","HYNDAI","Panel Van","M",34,"30-39","Drivers"
"T20190024870","9/12/19",07:20:00,"Collision with vehicle","Monday","Day",3,5,"Not at intersection",3,80,"C",2002,"SEDAN","HYNDAI","Car","M",26,"26-29","Drivers"
"T20190024872","8/11/19",14:50:00,"Struck Pedestrian","Friday","Day",1,2,"Not at intersection",3,999,"A",2019,"SEDAN","VOLKS","Car","M",51,"50-59","Drivers"
"T20190024875","10/12/19",07:00:00,"Collision with vehicle","Tuesday","Day",2,2,"Cross intersection",3,60,"A",2015,"SED","HOLDEN","Car","M",27,"26-29","Drivers"
"T20190024875","10/12/19",07:00:00,"Collision with vehicle","Tuesday","Day",2,2,"Cross intersection",3,60,"B",2014,"SEDAN","TOYOTA","Car","F",46,"40-49","Drivers"
"T20190024876","10/12/19",08:55:00,"Struck Pedestrian","Tuesday","Day",1,3,"Not at intersection",3,777,"A",2017,"WAGON","L ROV","Station Wagon","F",46,"40-49","Drivers"
"T20190024877","6/12/19",17:05:00,"Collision with vehicle","Friday","Day",2,2,"Cross intersection",3,999,"A",2014,"UTIL","NISSAN","Utility","M",29,"26-29","Drivers"
"T20190024877","6/12/19",17:05:00,"Collision with vehicle","Friday","Day",2,2,"Cross intersection",3,999,"B",2018,"SEDAN","KIA","Car","M",58,"50-59","Drivers"
"T20190024878","5/12/19",22:15:00,"Collision with vehicle","Thursday","Dark Street lights on",2,2,"Cross intersection",3,50,"A",1995,"WAGON","TOYOTA","Car","M",76,"70+","Drivers"
"T20190024878","5/12/19",22:15:00,"Collision with vehicle","Thursday","Dark Street lights on",2,2,"Cross intersection",3,50,"B",2007,"S WAG","PEUG","Car","F",51,"50-59","Drivers"
"T20190024883","10/12/19",08:00:00,"Collision with vehicle","Tuesday","Day",2,2,"Cross intersection",3,60,"A",2013,"WAGON","HOLDEN","Station Wagon","F",54,"50-59","Drivers"
"T20190024886","19/10/19",17:20:00,"Collision with vehicle","Saturday","Day",2,3,"Not at intersection",3,80,"A",2015,"SEDAN","AUDI","Car","F",35,"30-39","Drivers"
"T20190024886","19/10/19",17:20:00,"Collision with vehicle","Saturday","Day",2,3,"Not at intersection",3,80,"B",1990,"S WAG","R ROV","Car","M",71,"70+","Drivers"
"T20190024887","9/12/19",14:00:00,"Collision with vehicle","Monday","Day",3,3,"Y intersection",3,100,"A",2003,"P MVR","KENWTH","Prime Mover - Single Trailer","M",50,"50-59","Drivers"
"T20190024887","9/12/19",14:00:00,"Collision with vehicle","Monday","Day",3,3,"Y intersection",3,100,"B",1977,"WAGON","CHEV","Station Wagon","M",33,"30-39","Drivers"
"T20190024887","9/12/19",14:00:00,"Collision with vehicle","Monday","Day",3,3,"Y intersection",3,100,"C",2008,"SEDAN","MAZDA","Car","M",67,"64-69","Drivers"
"T20190024889","10/12/19",09:55:00,"Collision with vehicle","Tuesday","Day",3,3,"Not at intersection",3,100,"A",2013,"WAGON","JEEP","Station Wagon","M",40,"40-49","Drivers"
"T20190024889","10/12/19",09:55:00,"Collision with vehicle","Tuesday","Day",3,3,"Not at intersection",3,100,"B",2013,"WAGON","HOLDEN","Station Wagon","F",26,"26-29","Drivers"
"T20190024889","10/12/19",09:55:00,"Collision with vehicle","Tuesday","Day",3,3,"Not at intersection",3,100,"C",2014,"WAGON","MAZDA","Station Wagon","M",36,"30-39","Drivers"
"T20190024890","10/12/19",07:00:00,"Collision with a fixed object","Tuesday","Day",1,1,"Cross intersection",3,60,"A",2006,"SEDAN","TOYOTA","Car","F",22,"22-25","Drivers"
"T20190024892","10/12/19",10:53:00,"Collision with vehicle","Tuesday","Day",2,4,"T intersection",3,60,"A",2015,"WAGON","MAZDA","Station Wagon","F",35,"30-39","Drivers"
"T20190024892","10/12/19",10:53:00,"Collision with vehicle","Tuesday","Day",2,4,"T intersection",3,60,"B",2008,"SEDAN","HONDA","Car","F",69,"64-69","Drivers"
"T20190024894","7/12/19",22:50:00,"Collision with vehicle","Saturday","Dark Street lights unknown",2,6,"Not at intersection",3,999,"A",2008,"SEDAN","HOLDEN","Car","M",39,"30-39","Drivers"
"T20190024894","7/12/19",22:50:00,"Collision with vehicle","Saturday","Dark Street lights unknown",2,6,"Not at intersection",3,999,"B",2001,"SEDAN","HOLDEN","Car","M",35,"30-39","Drivers"
"T20190024895","10/12/19",07:20:00,"Collision with vehicle","Tuesday","Day",2,2,"Not at intersection",3,50,"A",2007,"SEDAN","TOYOTA","Car","F",25,"22-25","Drivers"
"T20190024896","8/12/19",11:45:00,"Collision with vehicle","Sunday","Day",2,2,"Not at intersection",3,80,"A",2015,"SEDAN","PEUG","Car","F",69,"64-69","Drivers"
"T20190024896","8/12/19",11:45:00,"Collision with vehicle","Sunday","Day",2,2,"Not at intersection",3,80,"B",2014,"SEDAN","MAZDA","Car","F",25,"22-25","Drivers"
"T20190024899","23/11/19",10:50:00,"Collision with vehicle","Saturday","Day",2,4,"T intersection",3,50,"A",2018,"WAGON","KIA","Station Wagon","F",43,"40-49","Drivers"
"T20190024899","23/11/19",10:50:00,"Collision with vehicle","Saturday","Day",2,4,"T intersection",3,50,"B",2017,"SEDAN","MITSUB","Car","F",19,"17-21","Drivers"
"T20190024901","10/12/19",09:35:00,"Collision with vehicle","Tuesday","Day",2,2,"Cross intersection",3,80,"A",2016,"S WAG","MAZDA","Station Wagon","F",21,"17-21","Drivers"
"T20190024901","10/12/19",09:35:00,"Collision with vehicle","Tuesday","Day",2,2,"Cross intersection",3,80,"B",2019,"SEDAN","VOLKS","Car","M",47,"40-49","Drivers"
"T20190024903","10/12/19",12:01:00,"Collision with vehicle","Tuesday","Day",3,3,"Y intersection",3,80,"A",2016,"P MVR","W STAR","Prime Mover (No of Trailers Unknown)","M",72,"70+","Drivers"
"T20190024903","10/12/19",12:01:00,"Collision with vehicle","Tuesday","Day",3,3,"Y intersection",3,80,"B",2010,"SEDAN","NISSAN","Car","F",59,"50-59","Drivers"
"T20190024903","10/12/19",12:01:00,"Collision with vehicle","Tuesday","Day",3,3,"Y intersection",3,80,"C",2012,"SEDAN","FORD","Car","M",24,"22-25","Drivers"
"T20190024904","22/10/19",20:50:00,"No collision and no object struck","Tuesday","Day",1,1,"Not at intersection",3,60,"A",2014,"SEDAN","KIA","Car","M",50,"50-59","Drivers"
"T20190024907","10/12/19",13:00:00,"Collision with vehicle","Tuesday","Day",2,2,"T intersection",3,60,"A",2012,"SEDAN","KIA","Car","F",51,"50-59","Drivers"
"T20190024907","10/12/19",13:00:00,"Collision with vehicle","Tuesday","Day",2,2,"T intersection",3,60,"B",0,"SEDAN","UNKN","Car","M",82,"70+","Drivers"
"T20190024908","10/12/19",13:45:00,"Collision with vehicle","Tuesday","Day",2,2,"Cross intersection",3,100,"A",2006,"SEDAN","HOLDEN","Car","F",18,"17-21","Drivers"
"T20190024908","10/12/19",13:45:00,"Collision with vehicle","Tuesday","Day",2,2,"Cross intersection",3,100,"B",2010,"WAGON","HOLDEN","Station Wagon","F",67,"64-69","Drivers"
"T20190024910","10/12/19",13:30:00,"Collision with vehicle","Tuesday","Day",2,2,"T intersection",3,50,"A",2007,"SEDAN","HYNDAI","Car","M",30,"30-39","Drivers"
"T20190024912","10/12/19",14:30:00,"Collision with vehicle","Tuesday","Day",2,3,"Cross intersection",3,50,"A",2017,"SEDAN","TOYOTA","Car","F",79,"70+","Drivers"
"T20190024912","10/12/19",14:30:00,"Collision with vehicle","Tuesday","Day",2,3,"Cross intersection",3,50,"B",2007,"DC UTE","HOLDEN","Utility","M",55,"50-59","Drivers"
"T20190024913","10/12/19",14:05:00,"Collision with vehicle","Tuesday","Day",4,6,"Not at intersection",2,60,"A",2007,"SEDAN","HOLDEN","Car","F",78,"70+","Drivers"
"T20190024913","10/12/19",14:05:00,"Collision with vehicle","Tuesday","Day",4,6,"Not at intersection",2,60,"B",2004,"SEDAN","NISSAN","Car","M",49,"40-49","Drivers"
"T20190024913","10/12/19",14:05:00,"Collision with vehicle","Tuesday","Day",4,6,"Not at intersection",2,60,"C",2013,"SEDAN","MERC B","Car","M",26,"26-29","Drivers"
"T20190024913","10/12/19",14:05:00,"Collision with vehicle","Tuesday","Day",4,6,"Not at intersection",2,60,"D",1998,"WAGON","L ROV","Station Wagon","F",32,"30-39","Drivers"
"T20190024914","5/12/19",09:00:00,"Collision with vehicle","Thursday","Day",2,2,"Not at intersection",3,999,"A",2011,"SEDAN","SUBARU","Car","M",27,"26-29","Drivers"
"T20190024914","5/12/19",09:00:00,"Collision with vehicle","Thursday","Day",2,2,"Not at intersection",3,999,"B",2017,"WAGON","R ROV","Station Wagon","M",77,"70+","Drivers"
"T20190024915","10/12/19",12:45:00,"Collision with vehicle","Tuesday","Day",2,3,"T intersection",3,80,"A",2013,"SEDAN","VOLKS","Car","F",22,"22-25","Drivers"
"T20190024915","10/12/19",12:45:00,"Collision with vehicle","Tuesday","Day",2,3,"T intersection",3,80,"B",1999,"UTIL","MAZDA","Utility","M",33,"30-39","Drivers"
"T20190024916","10/12/19",09:00:00,"Collision with a fixed object","Tuesday","Unknown",1,1,"Not at intersection",1,100,"A",1998,"COUPE","MAZDA","Car","M",56,"50-59","Drivers"
"T20190024917","7/12/19",13:00:00,"Collision with a fixed object","Saturday","Day",1,1,"Not at intersection",3,80,"A",2003,"WAGON","NISSAN","Station Wagon","M",19,"17-21","Drivers"
"T20190024920","21/11/19",10:35:00,"collision with some other object","Thursday","Day",1,1,"Not at intersection",3,80,"A",2008,"SEDAN","HONDA","Car","M",83,"70+","Drivers"
"T20190024921","10/12/19",15:25:00,"Collision with a fixed object","Tuesday","Day",1,1,"Cross intersection",3,100,"A",2006,"SED","VOLKS","Car","F",39,"30-39","Drivers"
"T20190024922","10/12/19",15:30:00,"Collision with vehicle","Tuesday","Day",2,2,"Not at intersection",3,80,"A",2002,"TRAY","ISUZU","Light Commercial Vehicle (Rigid) <= 4.5 Tonnes GVM","M",22,"22-25","Drivers"
"T20190024926","10/12/19",16:07:00,"Collision with a fixed object","Tuesday","Day",1,1,"Not at intersection",2,60,"A",2010,"S WAG","MAZDA","Station Wagon","M",66,"64-69","Drivers"
"T20190024931","10/12/19",13:45:00,"Struck Pedestrian","Tuesday","Day",1,2,"T intersection",3,60,"A",2018,"COUPE","ROLLS","Car","F",42,"40-49","Drivers"
"T20190024932","24/10/19",16:00:00,"Collision with vehicle","Thursday","Day",2,2,"Not at intersection",3,60,"A",0,"SEDAN","HYNDAI","Car","U",NA,"unknown","Drivers"
"T20190024934","10/12/19",16:50:00,"Collision with a fixed object","Tuesday","Day",1,1,"Not at intersection",2,100,"A",2012,"SEDAN","FORD","Car","F",44,"40-49","Drivers"
"T20190024935","10/12/19",18:50:00,"Collision with vehicle","Tuesday","Dusk/Dawn",2,4,"Not at intersection",3,60,"A",1995,"UTIL","HOLDEN","Utility","M",26,"26-29","Drivers"
"T20190024935","10/12/19",18:50:00,"Collision with vehicle","Tuesday","Dusk/Dawn",2,4,"Not at intersection",3,60,"B",2001,"WAGON","B M W","Station Wagon","M",53,"50-59","Drivers"
"T20190024936","10/12/19",18:59:00,"Collision with vehicle","Tuesday","Day",2,3,"T intersection",2,60,"A",2004,"SEDAN","TOYOTA","Car","M",24,"22-25","Drivers"
"T20190024942","10/11/19",21:00:00,"Collision with vehicle","Sunday","Dark Street lights on",2,3,"Cross intersection",3,999,"A",2013,"COUPE","MERC B","Car","M",29,"26-29","Drivers"
"T20190024942","10/11/19",21:00:00,"Collision with vehicle","Sunday","Dark Street lights on",2,3,"Cross intersection",3,999,"B",2014,"SEDAN","TOYOTA","Taxi","M",25,"22-25","Drivers"
"T20190024944","10/12/19",21:39:00,"Collision with vehicle","Tuesday","Dark Street lights on",2,3,"T intersection",3,100,"A",2014,"WAGON","SUBARU","Station Wagon","F",69,"64-69","Drivers"
"T20190024944","10/12/19",21:39:00,"Collision with vehicle","Tuesday","Dark Street lights on",2,3,"T intersection",3,100,"B",2014,"SEDAN","HYNDAI","Car","M",48,"40-49","Drivers"
"T20190024945","10/12/19",16:26:00,"Collision with vehicle","Tuesday","Day",2,2,"Cross intersection",2,40,"A",2011,"SEDAN","MAZDA","Car","M",44,"40-49","Drivers"
"T20190024949","10/12/19",21:58:00,"Collision with vehicle","Tuesday","Dusk/Dawn",2,5,"T intersection",3,50,"A",2017,"SEDAN","TOYOTA","Car","M",26,"26-29","Drivers"
"T20190024949","10/12/19",21:58:00,"Collision with vehicle","Tuesday","Dusk/Dawn",2,5,"T intersection",3,50,"B",2019,"BUS","SCANIA","Bus/Coach","M",33,"30-39","Drivers"
"T20190024952","10/12/19",20:53:00,"Collision with vehicle","Tuesday","Dusk/Dawn",2,2,"T intersection",3,60,"A",2007,"SEDAN","HOLDEN","Car","M",17,"16-17","Drivers"
"T20190024952","10/12/19",20:53:00,"Collision with vehicle","Tuesday","Dusk/Dawn",2,2,"T intersection",3,60,"B",2010,"TRAY","HOLDEN","Utility","M",49,"40-49","Drivers"
"T20190024957","18/11/19",17:30:00,"Collision with vehicle","Monday","Day",2,2,"Not at intersection",3,60,"A",2006,"SEDAN","MITSUB","Car","M",20,"17-21","Drivers"
"T20190024957","18/11/19",17:30:00,"Collision with vehicle","Monday","Day",2,2,"Not at intersection",3,60,"B",2004,"DC UTE","HOLDEN","Utility","M",23,"22-25","Drivers"
"T20190024958","10/12/19",22:45:00,"Struck Pedestrian","Tuesday","Dark Street lights on",1,2,"Cross intersection",3,60,"A",2014,"S WAG","VOLKS","Station Wagon","F",51,"50-59","Drivers"
"T20190024960","11/12/19",00:00:00,"Struck Pedestrian","Wednesday","Dark Street lights on",2,2,"T intersection",3,60,"A",2011,"SEDAN","SUZUKI","Car","M",27,"26-29","Drivers"
"T20190024962","11/12/19",01:50:00,"Collision with a fixed object","Wednesday","Dark Street lights on",1,1,"T intersection",3,70,"A",2007,"WAGON","FORD","Station Wagon","M",29,"26-29","Drivers"