"ACCIDENT_NO","ACCIDENTDATE","ACCIDENTTIME","Accident Type Desc","Day Week Description","Light Condition Desc","NO_OF_VEHICLES","NO_PERSONS","Road Geometry Desc","SEVERITY","SPEED_ZONE","VEHICLE_ID","VEHICLE_YEAR_MANUF","VEHICLE_BODY_STYLE","VEHICLE_MAKE","Vehicle Type Desc","SEX","AGE","Age Group","Road User Type Desc"
"T20190024965","11/12/19",02:10:00,"Collision with vehicle","Wednesday","Dark Street lights on",2,2,"Cross intersection",2,40,"A",2011,"SEDAN","TOYOTA","Car","M",49,"40-49","Drivers"
"T20190024968","1/12/19",21:05:00,"Collision with vehicle","Sunday","Unknown",2,2,"Cross intersection",3,999,"A",2012,"S WAG","L ROV","Station Wagon","M",77,"70+","Drivers"
"T20190024968","1/12/19",21:05:00,"Collision with vehicle","Sunday","Unknown",2,2,"Cross intersection",3,999,"B",2012,"SEDAN","SUZUKI","Taxi","M",28,"26-29","Drivers"
"T20190024969","11/12/19",07:09:00,"Struck Pedestrian","Wednesday","Day",1,2,"Cross intersection",3,50,"A",2014,"WAGON","SUBARU","Station Wagon","F",44,"40-49","Drivers"
"T20190024971","10/12/19",20:05:00,"Collision with vehicle","Tuesday","Dusk/Dawn",3,3,"Multiple intersection",3,80,"A",2018,"SEDAN","HYNDAI","Car","M",33,"30-39","Drivers"
"T20190024971","10/12/19",20:05:00,"Collision with vehicle","Tuesday","Dusk/Dawn",3,3,"Multiple intersection",3,80,"B",2013,"UTIL","FORD","Utility","M",28,"26-29","Drivers"
"T20190024971","10/12/19",20:05:00,"Collision with vehicle","Tuesday","Dusk/Dawn",3,3,"Multiple intersection",3,80,"C",2002,"SEDAN","HOLDEN","Car","F",49,"40-49","Drivers"
"T20190024973","5/12/19",08:30:00,"Collision with vehicle","Thursday","Day",2,6,"Not at intersection",3,60,"A",1999,"COUPE","TOYOTA","Car","M",22,"22-25","Drivers"
"T20190024973","5/12/19",08:30:00,"Collision with vehicle","Thursday","Day",2,6,"Not at intersection",3,60,"B",2017,"WAGON","KIA","Station Wagon","F",39,"30-39","Drivers"
"T20190024974","12/11/19",15:24:00,"Collision with vehicle","Tuesday","Day",3,3,"T intersection",3,60,"A",2006,"SEDAN","SUZUKI","Car","F",21,"17-21","Drivers"
"T20190024974","12/11/19",15:24:00,"Collision with vehicle","Tuesday","Day",3,3,"T intersection",3,60,"B",1999,"SEDAN","SUZUKI","Car","U",NA,"unknown","Drivers"
"T20190024974","12/11/19",15:24:00,"Collision with vehicle","Tuesday","Day",3,3,"T intersection",3,60,"C",2005,"SEDAN","MAZDA","Car","U",NA,"unknown","Drivers"
"T20190024975","11/12/19",08:45:00,"Collision with vehicle","Wednesday","Day",3,7,"T intersection",3,80,"A",2015,"TRAY","TOYOTA","Light Commercial Vehicle (Rigid) <= 4.5 Tonnes GVM","M",30,"30-39","Drivers"
"T20190024975","11/12/19",08:45:00,"Collision with vehicle","Wednesday","Day",3,7,"T intersection",3,80,"B",2011,"WAGON","HOLDEN","Station Wagon","F",28,"26-29","Drivers"
"T20190024975","11/12/19",08:45:00,"Collision with vehicle","Wednesday","Day",3,7,"T intersection",3,80,"C",2016,"SEDAN","MAZDA","Car","F",53,"50-59","Drivers"
"T20190024978","11/12/19",10:44:00,"Struck Pedestrian","Wednesday","Day",1,3,"Cross intersection",3,60,"A",2016,"WAGON","TOYOTA","Station Wagon","F",31,"30-39","Drivers"
"T20190024979","16/11/19",11:00:00,"Collision with vehicle","Saturday","Day",2,2,"Not at intersection",3,70,"A",2009,"SEDAN","HOLDEN","Car","M",55,"50-59","Drivers"
"T20190024979","16/11/19",11:00:00,"Collision with vehicle","Saturday","Day",2,2,"Not at intersection",3,70,"B",2002,"SEDAN","TOYOTA","Car","F",51,"50-59","Drivers"
"T20190024980","11/12/19",11:20:00,"Collision with vehicle","Wednesday","Day",3,3,"T intersection",3,80,"A",2014,"COUPE","B M W","Car","M",18,"17-21","Drivers"
"T20190024980","11/12/19",11:20:00,"Collision with vehicle","Wednesday","Day",3,3,"T intersection",3,80,"B",2005,"WAGON","NISSAN","Station Wagon","M",27,"26-29","Drivers"
"T20190024980","11/12/19",11:20:00,"Collision with vehicle","Wednesday","Day",3,3,"T intersection",3,80,"C",2012,"WAGON","NISSAN","Station Wagon","F",35,"30-39","Drivers"
"T20190024984","24/11/19",18:40:00,"Collision with vehicle","Sunday","Day",3,3,"Not at intersection",3,80,"A",2016,"SEDAN","TOYOTA","Car","M",84,"70+","Drivers"
"T20190024984","24/11/19",18:40:00,"Collision with vehicle","Sunday","Day",3,3,"Not at intersection",3,80,"B",2007,"DC UTE","NISSAN","Utility","M",18,"17-21","Drivers"
"T20190024984","24/11/19",18:40:00,"Collision with vehicle","Sunday","Day",3,3,"Not at intersection",3,80,"C",2010,"WAGON","TOYOTA","Station Wagon","F",50,"50-59","Drivers"
"T20190024985","9/12/19",17:30:00,"Collision with vehicle","Monday","Unknown",2,2,"Not at intersection",3,999,"A",1999,"SEDAN","NISSAN","Car","M",41,"40-49","Drivers"
"T20190024986","11/12/19",10:15:00,"Collision with a fixed object","Wednesday","Day",1,1,"Not at intersection",3,90,"A",2008,"SEDAN","FORD","Car","M",27,"26-29","Drivers"
"T20190024987","4/11/19",14:00:00,"Collision with a fixed object","Monday","Day",1,1,"Not at intersection",3,999,"A",1993,"WAGON","TOYOTA","Station Wagon","F",43,"40-49","Drivers"
"T20190024988","10/12/19",11:30:00,"Collision with vehicle","Tuesday","Day",2,1,"Not at intersection",3,60,"A",2013,"WAGON","HYNDAI","Station Wagon","F",63,"60-64","Drivers"
"T20190024989","23/11/19",10:30:00,"Collision with vehicle","Saturday","Day",2,2,"Cross intersection",3,80,"A",2013,"SEDAN","SUBARU","Car","F",30,"30-39","Drivers"
"T20190024989","23/11/19",10:30:00,"Collision with vehicle","Saturday","Day",2,2,"Cross intersection",3,80,"B",2018,"WAGON","HOLDEN","Station Wagon","U",NA,"unknown","Drivers"
"T20190024990","11/12/19",09:45:00,"Collision with a fixed object","Wednesday","Day",1,2,"T intersection",2,60,"A",2005,"SEDAN","HOLDEN","Car","M",30,"30-39","Drivers"
"T20190024993","11/11/19",09:30:00,"Collision with vehicle","Monday","Day",2,3,"Cross intersection",3,60,"A",2001,"SEDAN","FORD","Car","F",32,"30-39","Drivers"
"T20190024993","11/11/19",09:30:00,"Collision with vehicle","Monday","Day",2,3,"Cross intersection",3,60,"B",2012,"DC UTE","NISSAN","Utility","M",29,"26-29","Drivers"
"T20190024996","14/11/19",10:00:00,"Collision with vehicle","Thursday","Day",2,2,"T intersection",3,999,"A",2015,"WAGON","AUDI","Station Wagon","M",57,"50-59","Drivers"
"T20190024997","3/12/19",17:25:00,"Collision with vehicle","Tuesday","Day",4,5,"Not at intersection",3,100,"A",2018,"VAN","ISUZU","Heavy Vehicle (Rigid) > 4.5 Tonnes","M",25,"22-25","Drivers"
"T20190024997","3/12/19",17:25:00,"Collision with vehicle","Tuesday","Day",4,5,"Not at intersection",3,100,"B",2008,"UTIL","FORD","Utility","M",19,"17-21","Drivers"
"T20190024997","3/12/19",17:25:00,"Collision with vehicle","Tuesday","Day",4,5,"Not at intersection",3,100,"C",2011,"SEDAN","HONDA","Car","F",31,"30-39","Drivers"
"T20190024997","3/12/19",17:25:00,"Collision with vehicle","Tuesday","Day",4,5,"Not at intersection",3,100,"D",2006,"SEDAN","TOYOTA","Car","F",28,"26-29","Drivers"
"T20190025002","11/12/19",08:35:00,"Collision with vehicle","Wednesday","Day",2,4,"Cross intersection",3,60,"A",2017,"SEDAN","TOYOTA","Car","M",38,"30-39","Drivers"
"T20190025002","11/12/19",08:35:00,"Collision with vehicle","Wednesday","Day",2,4,"Cross intersection",3,60,"B",2017,"COUPE","FORD","Car","F",48,"40-49","Drivers"
"T20190025003","11/12/19",11:05:00,"Collision with vehicle","Wednesday","Day",2,2,"T intersection",3,50,"A",2002,"SEDAN","HOLDEN","Car","M",77,"70+","Drivers"
"T20190025004","11/12/19",11:16:00,"Collision with a fixed object","Wednesday","Day",1,2,"Y intersection",3,80,"A",2003,"COUPE","FORD","Car","M",44,"40-49","Drivers"
"T20190025007","11/12/19",13:30:00,"Collision with vehicle","Wednesday","Day",2,3,"Not at intersection",3,80,"A",2016,"WAGON","HOLDEN","Station Wagon","M",27,"26-29","Drivers"
"T20190025007","11/12/19",13:30:00,"Collision with vehicle","Wednesday","Day",2,3,"Not at intersection",3,80,"B",2002,"VAN","FORD","Panel Van","F",23,"22-25","Drivers"
"T20190025010","11/12/19",14:30:00,"Collision with vehicle","Wednesday","Day",2,2,"T intersection",3,70,"A",2011,"SEDAN","TOYOTA","Car","F",85,"70+","Drivers"
"T20190025010","11/12/19",14:30:00,"Collision with vehicle","Wednesday","Day",2,2,"T intersection",3,70,"B",2005,"SEDAN","VOLKS","Car","F",19,"17-21","Drivers"
"T20190025011","11/12/19",13:37:00,"Collision with vehicle","Wednesday","Day",2,2,"T intersection",3,60,"A",1996,"S WAG","HOLDEN","Station Wagon","M",58,"50-59","Drivers"
"T20190025011","11/12/19",13:37:00,"Collision with vehicle","Wednesday","Day",2,2,"T intersection",3,60,"B",1993,"WAGON","TOYOTA","Station Wagon","M",30,"30-39","Drivers"
"T20190025013","11/12/19",14:23:00,"Struck Pedestrian","Wednesday","Day",1,2,"Not at intersection",3,40,"A",2005,"SEDAN","REN","Car","M",23,"22-25","Drivers"
"T20190025014","27/11/19",09:15:00,"Collision with vehicle","Wednesday","Day",2,2,"T intersection",3,50,"A",2007,"WAGON","TOYOTA","Station Wagon","F",41,"40-49","Drivers"
"T20190025014","27/11/19",09:15:00,"Collision with vehicle","Wednesday","Day",2,2,"T intersection",3,50,"B",2018,"WAGON","NISSAN","Station Wagon","F",34,"30-39","Drivers"
"T20190025017","9/12/19",18:15:00,"Struck Pedestrian","Monday","Day",1,2,"T intersection",3,50,"A",2003,"SEDAN","TOYOTA","Car","M",28,"26-29","Drivers"
"T20190025018","7/12/19",12:40:00,"Collision with vehicle","Saturday","Day",2,2,"T intersection",3,999,"A",2015,"WAGON","MAZDA","Station Wagon","F",39,"30-39","Drivers"
"T20190025018","7/12/19",12:40:00,"Collision with vehicle","Saturday","Day",2,2,"T intersection",3,999,"B",2015,"WAGON","FORD","Station Wagon","F",46,"40-49","Drivers"
"T20190025021","10/12/19",14:30:00,"Collision with vehicle","Tuesday","Day",2,4,"Not at intersection",3,60,"A",2000,"SEDAN","DAIHAT","Car","F",21,"17-21","Drivers"
"T20190025023","11/12/19",01:30:00,"Collision with a fixed object","Wednesday","Dark Street lights unknown",1,1,"Not at intersection",3,50,"A",2013,"SEDAN","HOLDEN","Car","F",30,"30-39","Drivers"
"T20190025024","2/12/19",14:55:00,"Collision with vehicle","Monday","Day",3,4,"T intersection",3,60,"A",1998,"S WAG","FORD","Station Wagon","M",54,"50-59","Drivers"
"T20190025024","2/12/19",14:55:00,"Collision with vehicle","Monday","Day",3,4,"T intersection",3,60,"B",2010,"SEDAN","TOYOTA","Car","M",53,"50-59","Drivers"
"T20190025024","2/12/19",14:55:00,"Collision with vehicle","Monday","Day",3,4,"T intersection",3,60,"C",2013,"WAGON","VOLVO","Station Wagon","F",46,"40-49","Drivers"
"T20190025027","11/12/19",17:30:00,"Collision with vehicle","Wednesday","Day",2,3,"Cross intersection",3,50,"A",2018,"SEDAN","SUZUKI","Car","F",28,"26-29","Drivers"
"T20190025027","11/12/19",17:30:00,"Collision with vehicle","Wednesday","Day",2,3,"Cross intersection",3,50,"B",1999,"SEDAN","HOLDEN","Car","M",78,"70+","Drivers"
"T20190025031","11/12/19",17:00:00,"Collision with vehicle","Wednesday","Day",2,2,"T intersection",3,80,"A",2002,"SEDAN","MERC B","Car","M",40,"40-49","Drivers"
"T20190025031","11/12/19",17:00:00,"Collision with vehicle","Wednesday","Day",2,2,"T intersection",3,80,"B",2004,"UTIL","TOYOTA","Utility","M",24,"22-25","Drivers"
"T20190025032","11/12/19",17:34:00,"Collision with vehicle","Wednesday","Day",2,3,"Not at intersection",3,40,"A",2011,"WAGON","FORD","Station Wagon","M",52,"50-59","Drivers"
"T20190025036","11/12/19",15:00:00,"Collision with vehicle","Wednesday","Day",2,2,"Not at intersection",3,70,"A",2013,"UTIL","MAZDA","Utility","U",NA,"unknown","Drivers"
"T20190025036","11/12/19",15:00:00,"Collision with vehicle","Wednesday","Day",2,2,"Not at intersection",3,70,"B",2011,"SEDAN","VOLKS","Car","F",24,"22-25","Drivers"
"T20190025037","11/12/19",15:05:00,"Collision with vehicle","Wednesday","Day",2,2,"Not at intersection",3,60,"A",2019,"WAGON","MAZDA","Station Wagon","F",69,"64-69","Drivers"
"T20190025037","11/12/19",15:05:00,"Collision with vehicle","Wednesday","Day",2,2,"Not at intersection",3,60,"B",2008,"SED","B M W","Car","M",24,"22-25","Drivers"
"T20190025039","11/12/19",17:25:00,"Collision with vehicle","Wednesday","Day",2,2,"Not at intersection",3,100,"A",2009,"SEDAN","HYNDAI","Car","F",44,"40-49","Drivers"
"T20190025040","11/12/19",18:00:00,"Collision with vehicle","Wednesday","Day",2,3,"Not at intersection",3,60,"A",2016,"TRAY","TOYOTA","Utility","M",24,"22-25","Drivers"
"T20190025040","11/12/19",18:00:00,"Collision with vehicle","Wednesday","Day",2,3,"Not at intersection",3,60,"B",2009,"SEDAN","HYNDAI","Car","M",23,"22-25","Drivers"
"T20190025041","10/12/19",15:30:00,"Collision with vehicle","Tuesday","Day",2,2,"Not at intersection",3,999,"A",2013,"SEDAN","NISSAN","Car","F",28,"26-29","Drivers"
"T20190025041","10/12/19",15:30:00,"Collision with vehicle","Tuesday","Day",2,2,"Not at intersection",3,999,"B",2018,"TRAY","TOYOTA","Light Commercial Vehicle (Rigid) <= 4.5 Tonnes GVM","M",31,"30-39","Drivers"
"T20190025042","11/12/19",17:00:00,"Collision with vehicle","Wednesday","Day",2,3,"T intersection",3,70,"A",2003,"S WAG","SUBARU","Station Wagon","M",42,"40-49","Drivers"
"T20190025042","11/12/19",17:00:00,"Collision with vehicle","Wednesday","Day",2,3,"T intersection",3,70,"B",2017,"SEDAN","HONDA","Car","F",24,"22-25","Drivers"
"T20190025044","2/12/19",13:04:00,"Collision with vehicle","Monday","Day",2,3,"Not at intersection",3,50,"A",1998,"SEDAN","MERC B","Car","M",46,"40-49","Drivers"
"T20190025044","2/12/19",13:04:00,"Collision with vehicle","Monday","Day",2,3,"Not at intersection",3,50,"B",2009,"SEDAN","B M W","Car","M",37,"30-39","Drivers"
"T20190025048","11/12/19",18:30:00,"Collision with vehicle","Wednesday","Day",3,8,"T intersection",3,70,"A",2011,"WAGON","UNKN","Car","F",26,"26-29","Drivers"
"T20190025048","11/12/19",18:30:00,"Collision with vehicle","Wednesday","Day",3,8,"T intersection",3,70,"B",2008,"SEDAN","VOLKS","Car","F",24,"22-25","Drivers"
"T20190025048","11/12/19",18:30:00,"Collision with vehicle","Wednesday","Day",3,8,"T intersection",3,70,"C",2012,"UTIL","G WALL","Utility","M",42,"40-49","Drivers"
"T20190025050","11/12/19",17:15:00,"Collision with vehicle","Wednesday","Day",2,5,"T intersection",3,80,"A",2004,"DC UTE","NISSAN","Utility","M",19,"17-21","Drivers"
"T20190025050","11/12/19",17:15:00,"Collision with vehicle","Wednesday","Day",2,5,"T intersection",3,80,"B",2010,"WAGON","VOLKS","Station Wagon","F",48,"40-49","Drivers"
"T20190025052","8/12/19",19:00:00,"Collision with vehicle","Sunday","Dusk/Dawn",2,2,"Cross intersection",3,80,"A",2014,"SEDAN","TOYOTA","Car","M",31,"30-39","Drivers"
"T20190025052","8/12/19",19:00:00,"Collision with vehicle","Sunday","Dusk/Dawn",2,2,"Cross intersection",3,80,"B",2013,"P VAN","FORD","Panel Van","M",31,"30-39","Drivers"
"T20190025053","11/12/19",19:23:00,"Collision with vehicle","Wednesday","Day",2,2,"Not at intersection",3,60,"B",2010,"SEDAN","FORD","Car","M",68,"64-69","Drivers"
"T20190025055","7/8/19",08:50:00,"Collision with vehicle","Wednesday","Day",2,2,"Not at intersection",3,999,"A",2005,"SEDAN","MAZDA","Car","F",24,"22-25","Drivers"
"T20190025055","7/8/19",08:50:00,"Collision with vehicle","Wednesday","Day",2,2,"Not at intersection",3,999,"B",2007,"WAGON","FORD","Station Wagon","M",40,"40-49","Drivers"
"T20190025057","11/12/19",18:45:00,"Collision with vehicle","Wednesday","Dusk/Dawn",2,4,"T intersection",2,50,"A",2003,"WAGON","TOYOTA","Station Wagon","F",22,"22-25","Drivers"
"T20190025058","11/12/19",17:15:00,"Collision with a fixed object","Wednesday","Day",1,1,"Not at intersection",3,999,"A",2018,"UTIL","MITSUB","Utility","M",23,"22-25","Drivers"
"T20190025059","6/12/19",13:30:00,"Fall from or in moving vehicle","Friday","Day",1,5,"Cross intersection",3,50,"A",2010,"SEDAN","HOLDEN","Taxi","M",23,"22-25","Drivers"
"T20190025061","11/12/19",19:53:00,"Collision with vehicle","Wednesday","Day",3,6,"Not at intersection",2,60,"A",2007,"SEDAN","HOLDEN","Car","M",32,"30-39","Drivers"
"T20190025061","11/12/19",19:53:00,"Collision with vehicle","Wednesday","Day",3,6,"Not at intersection",2,60,"B",2008,"SEDAN","DODGE","Car","M",47,"40-49","Drivers"
"T20190025061","11/12/19",19:53:00,"Collision with vehicle","Wednesday","Day",3,6,"Not at intersection",2,60,"C",2017,"WAGON","HYNDAI","Station Wagon","F",44,"40-49","Drivers"
"T20190025062","9/12/19",06:02:00,"Collision with vehicle","Monday","Dusk/Dawn",2,3,"T intersection",3,60,"A",2001,"SEDAN","HOLDEN","Car","F",27,"26-29","Drivers"
"T20190025062","9/12/19",06:02:00,"Collision with vehicle","Monday","Dusk/Dawn",2,3,"T intersection",3,60,"B",2003,"SEDAN","NISSAN","Car","F",44,"40-49","Drivers"
"T20190025063","11/12/19",16:50:00,"Collision with vehicle","Wednesday","Day",2,4,"Not at intersection",3,60,"A",2009,"SEDAN","VOLKS","Car","M",18,"17-21","Drivers"
"T20190025063","11/12/19",16:50:00,"Collision with vehicle","Wednesday","Day",2,4,"Not at intersection",3,60,"B",2014,"SEDAN","HOLDEN","Car","M",48,"40-49","Drivers"
"T20190025064","30/11/19",13:10:00,"Collision with vehicle","Saturday","Day",2,3,"Not at intersection",3,999,"A",2010,"DC UTE","HOLDEN","Utility","U",NA,"unknown","Drivers"
"T20190025064","30/11/19",13:10:00,"Collision with vehicle","Saturday","Day",2,3,"Not at intersection",3,999,"B",2001,"SEDAN","HONDA","Car","M",26,"26-29","Drivers"
"T20190025070","11/12/19",20:00:00,"Collision with vehicle","Wednesday","Dusk/Dawn",2,4,"T intersection",3,60,"A",2009,"SEDAN","TOYOTA","Car","M",20,"17-21","Drivers"
"T20190025070","11/12/19",20:00:00,"Collision with vehicle","Wednesday","Dusk/Dawn",2,4,"T intersection",3,60,"B",2008,"S WAG","FORD","Station Wagon","M",22,"22-25","Drivers"
"T20190025073","12/12/19",06:00:00,"Collision with vehicle","Thursday","Dusk/Dawn",3,7,"Cross intersection",3,80,"B",2016,"VAN","TOYOTA","Panel Van","M",34,"30-39","Drivers"
"T20190025073","12/12/19",06:00:00,"Collision with vehicle","Thursday","Dusk/Dawn",3,7,"Cross intersection",3,80,"C",2012,"SEDAN","HONDA","Car","M",34,"30-39","Drivers"
"T20190025075","11/12/19",11:00:00,"Collision with vehicle","Wednesday","Day",2,2,"Cross intersection",3,40,"A",2015,"WAGON","B M W","Station Wagon","F",54,"50-59","Drivers"
"T20190025075","11/12/19",11:00:00,"Collision with vehicle","Wednesday","Day",2,2,"Cross intersection",3,40,"B",2000,"S WAG","HOLDEN","Station Wagon","M",80,"70+","Drivers"
"T20190025076","12/12/19",06:10:00,"Collision with vehicle","Thursday","Dusk/Dawn",3,3,"Y intersection",3,999,"A",2018,"P MVR","KENWTH","Prime Mover Only","M",54,"50-59","Drivers"
"T20190025076","12/12/19",06:10:00,"Collision with vehicle","Thursday","Dusk/Dawn",3,3,"Y intersection",3,999,"B",2010,"DC UTE","TOYOTA","Utility","M",23,"22-25","Drivers"
"T20190025076","12/12/19",06:10:00,"Collision with vehicle","Thursday","Dusk/Dawn",3,3,"Y intersection",3,999,"C",2018,"WAGON","TOYOTA","Station Wagon","M",33,"30-39","Drivers"
"T20190025077","12/12/19",07:23:00,"Collision with a fixed object","Thursday","Day",1,1,"Not at intersection",3,60,"A",2019,"WAGON","R ROV","Station Wagon","M",59,"50-59","Drivers"
"T20190025084","4/10/19",13:00:00,"Collision with vehicle","Friday","Day",2,2,"T intersection",3,999,"A",2016,"SEDAN","UNKN","Car","M",75,"70+","Drivers"
"T20190025084","4/10/19",13:00:00,"Collision with vehicle","Friday","Day",2,2,"T intersection",3,999,"B",2015,"WAGON","VOLKS","Station Wagon","F",NA,"unknown","Drivers"
"T20190025085","3/12/19",16:45:00,"Collision with vehicle","Tuesday","Unknown",3,3,"T intersection",3,999,"A",2008,"SEDAN","VOLKS","Car","F",53,"50-59","Drivers"
"T20190025085","3/12/19",16:45:00,"Collision with vehicle","Tuesday","Unknown",3,3,"T intersection",3,999,"B",2016,"WAGON","LEXUS","Station Wagon","F",51,"50-59","Drivers"
"T20190025087","10/12/19",19:26:00,"Struck Pedestrian","Tuesday","Dusk/Dawn",1,2,"Not at intersection",3,50,"A",2012,"SEDAN","MAZDA","Car","M",28,"26-29","Drivers"
"T20190025090","12/12/19",06:50:00,"Collision with vehicle","Thursday","Day",2,2,"Not at intersection",3,40,"A",2016,"SEDAN","VOLVO","Car","M",47,"40-49","Drivers"
"T20190025091","31/10/19",11:10:00,"Collision with vehicle","Thursday","Day",2,2,"Cross intersection",3,999,"A",2008,"SEDAN","HOLDEN","Car","F",63,"60-64","Drivers"
"T20190025091","31/10/19",11:10:00,"Collision with vehicle","Thursday","Day",2,2,"Cross intersection",3,999,"B",2017,"TIPPER","ISUZU","Light Commercial Vehicle (Rigid) <= 4.5 Tonnes GVM","M",22,"22-25","Drivers"
"T20190025093","17/10/19",17:41:00,"Collision with vehicle","Thursday","Day",2,2,"Cross intersection",2,80,"B",2019,"SEDAN","HOLDEN","Car","M",36,"30-39","Drivers"
"T20190025093","17/10/19",17:41:00,"Collision with vehicle","Thursday","Day",2,2,"Cross intersection",2,80,"C",2006,"VAN","TOYOTA","Panel Van","M",30,"30-39","Drivers"
"T20190025095","12/12/19",04:40:00,"Collision with vehicle","Thursday","Dusk/Dawn",2,2,"T intersection",3,50,"A",2013,"G UNIT","U D","Heavy Vehicle (Rigid) > 4.5 Tonnes","M",58,"50-59","Drivers"
"T20190025103","12/12/19",10:15:00,"Collision with a fixed object","Thursday","Day",1,1,"T intersection",3,70,"A",2011,"SEDAN","TOYOTA","Car","F",85,"70+","Drivers"
"T20190025106","28/11/19",13:00:00,"Collision with vehicle","Thursday","Day",2,2,"Cross intersection",3,999,"A",2013,"SEDAN","TOYOTA","Car","F",36,"30-39","Drivers"
"T20190025106","28/11/19",13:00:00,"Collision with vehicle","Thursday","Day",2,2,"Cross intersection",3,999,"B",2014,"TRAY","MITSUB","Heavy Vehicle (Rigid) > 4.5 Tonnes","M",46,"40-49","Drivers"
"T20190025107","12/12/19",06:33:00,"Collision with vehicle","Thursday","Dusk/Dawn",2,2,"Not at intersection",3,60,"A",2017,"SEDAN","TOYOTA","Car","F",30,"30-39","Drivers"
"T20190025108","10/12/19",06:25:00,"Collision with vehicle","Tuesday","Unknown",2,2,"Cross intersection",3,999,"A",2004,"SED","MAZDA","Car","M",49,"40-49","Drivers"
"T20190025108","10/12/19",06:25:00,"Collision with vehicle","Tuesday","Unknown",2,2,"Cross intersection",3,999,"B",2015,"SEDAN","HYNDAI","Car","M",25,"22-25","Drivers"
"T20190025111","12/12/19",11:15:00,"Collision with a fixed object","Thursday","Day",1,1,"Not at intersection",3,80,"A",2001,"WAGON","TOYOTA","Station Wagon","F",59,"50-59","Drivers"
"T20190025113","12/12/19",01:00:00,"Collision with vehicle","Thursday","Dark Street lights on",3,2,"Not at intersection",3,50,"A",2018,"WAGON","MAZDA","Station Wagon","F",30,"30-39","Drivers"
"T20190025114","12/12/19",13:00:00,"Collision with vehicle","Thursday","Day",5,2,"Not at intersection",3,50,"A",2002,"TIPPER","ISUZU","Light Commercial Vehicle (Rigid) <= 4.5 Tonnes GVM","M",24,"22-25","Drivers"
"T20190025114","12/12/19",13:00:00,"Collision with vehicle","Thursday","Day",5,2,"Not at intersection",3,50,"B",2019,"TRAY","TOYOTA","Light Commercial Vehicle (Rigid) <= 4.5 Tonnes GVM","M",50,"50-59","Drivers"
"T20190025115","12/12/19",13:14:00,"Collision with vehicle","Thursday","Day",2,3,"Not at intersection",3,40,"A",1996,"SEDAN","SUBARU","Car","U",NA,"unknown","Drivers"
"T20190025115","12/12/19",13:14:00,"Collision with vehicle","Thursday","Day",2,3,"Not at intersection",3,40,"B",2007,"TRAY","ISUZU","Heavy Vehicle (Rigid) > 4.5 Tonnes","M",29,"26-29","Drivers"
"T20190025116","12/12/19",08:45:00,"Collision with vehicle","Thursday","Day",4,5,"Not at intersection",3,80,"A",2012,"WAGON","TOYOTA","Station Wagon","M",41,"40-49","Drivers"
"T20190025116","12/12/19",08:45:00,"Collision with vehicle","Thursday","Day",4,5,"Not at intersection",3,80,"B",2003,"SEDAN","FORD","Car","F",76,"70+","Drivers"
"T20190025116","12/12/19",08:45:00,"Collision with vehicle","Thursday","Day",4,5,"Not at intersection",3,80,"C",1987,"MULTI","NISSAN","Utility","M",42,"40-49","Drivers"
"T20190025116","12/12/19",08:45:00,"Collision with vehicle","Thursday","Day",4,5,"Not at intersection",3,80,"D",2017,"TRAY","MITSUB","Light Commercial Vehicle (Rigid) <= 4.5 Tonnes GVM","M",25,"22-25","Drivers"
"T20190025118","12/12/19",13:53:00,"Collision with vehicle","Thursday","Day",2,4,"Cross intersection",3,999,"A",2007,"SED","TOYOTA","Car","M",62,"60-64","Drivers"
"T20190025118","12/12/19",13:53:00,"Collision with vehicle","Thursday","Day",2,4,"Cross intersection",3,999,"B",2013,"SEDAN","NISSAN","Car","F",39,"30-39","Drivers"
"T20190025119","12/12/19",13:07:00,"Collision with vehicle","Thursday","Day",2,2,"Cross intersection",2,80,"A",2009,"SEDAN","SUBARU","Car","M",60,"60-64","Drivers"
"T20190025120","10/12/19",15:10:00,"Collision with vehicle","Tuesday","Day",2,2,"Not at intersection",3,40,"A",2013,"SEDAN","NISSAN","Car","F",74,"70+","Drivers"
"T20190025125","10/12/19",21:47:00,"Struck Pedestrian","Tuesday","Dusk/Dawn",1,3,"T intersection",3,999,"A",2009,"SED","HYUNDA","Car","M",28,"26-29","Drivers"
"T20190025126","8/11/19",14:45:00,"Collision with vehicle","Friday","Day",2,2,"Cross intersection",3,70,"A",2013,"SEDAN","HOLDEN","Car","F",26,"26-29","Drivers"
"T20190025126","8/11/19",14:45:00,"Collision with vehicle","Friday","Day",2,2,"Cross intersection",3,70,"B",2012,"WAGON","TOYOTA","Station Wagon","M",65,"64-69","Drivers"
"T20190025127","8/12/19",13:30:00,"Collision with vehicle","Sunday","Day",2,3,"T intersection",3,60,"A",2016,"DC UTE","HOLDEN","Utility","M",72,"70+","Drivers"
"T20190025127","8/12/19",13:30:00,"Collision with vehicle","Sunday","Day",2,3,"T intersection",3,60,"B",2014,"SEDAN","REN","Car","M",68,"64-69","Drivers"
"T20190025129","12/12/19",08:15:00,"Collision with vehicle","Thursday","Day",3,3,"Not at intersection",3,80,"A",2017,"WAGON","NISSAN","Station Wagon","F",37,"30-39","Drivers"
"T20190025129","12/12/19",08:15:00,"Collision with vehicle","Thursday","Day",3,3,"Not at intersection",3,80,"B",2016,"SEDAN","MAZDA","Car","F",20,"17-21","Drivers"
"T20190025129","12/12/19",08:15:00,"Collision with vehicle","Thursday","Day",3,3,"Not at intersection",3,80,"C",2004,"UTIL","HOLDEN","Utility","M",25,"22-25","Drivers"