"ACCIDENT_NO","ACCIDENTDATE","ACCIDENTTIME","Accident Type Desc","Day Week Description","Light Condition Desc","NO_OF_VEHICLES","NO_PERSONS","Road Geometry Desc","SEVERITY","SPEED_ZONE","VEHICLE_ID","VEHICLE_YEAR_MANUF","VEHICLE_BODY_STYLE","VEHICLE_MAKE","Vehicle Type Desc","SEX","AGE","Age Group","Road User Type Desc"
"T20190025130","12/12/19",13:15:00,"Collision with vehicle","Thursday","Day",2,3,"Not at intersection",3,80,"A",2002,"WAGON","HOLDEN","Station Wagon","M",30,"30-39","Drivers"
"T20190025130","12/12/19",13:15:00,"Collision with vehicle","Thursday","Day",2,3,"Not at intersection",3,80,"B",2010,"WAGON","AUDI","Station Wagon","M",67,"64-69","Drivers"
"T20190025132","8/12/19",09:50:00,"collision with some other object","Sunday","Day",2,3,"Not at intersection",3,60,"A",2019,"SED","B M W","Car","M",63,"60-64","Drivers"
"T20190025132","8/12/19",09:50:00,"collision with some other object","Sunday","Day",2,3,"Not at intersection",3,60,"B",2002,"UTIL","TOYOTA","Utility","M",63,"60-64","Drivers"
"T20190025137","12/12/19",16:50:00,"Collision with vehicle","Thursday","Day",2,2,"Not at intersection",3,60,"A",2015,"DC UTE","VOLKS","Utility","M",24,"22-25","Drivers"
"T20190025137","12/12/19",16:50:00,"Collision with vehicle","Thursday","Day",2,2,"Not at intersection",3,60,"B",2014,"SEDAN","VOLKS","Car","F",68,"64-69","Drivers"
"T20190025138","17/9/19",09:45:00,"Collision with vehicle","Tuesday","Day",3,4,"T intersection",3,60,"A",2017,"SEDAN","KIA","Car","F",33,"30-39","Drivers"
"T20190025138","17/9/19",09:45:00,"Collision with vehicle","Tuesday","Day",3,4,"T intersection",3,60,"B",2006,"SEDAN","FIAT","Car","F",18,"17-21","Drivers"
"T20190025138","17/9/19",09:45:00,"Collision with vehicle","Tuesday","Day",3,4,"T intersection",3,60,"C",2009,"WAGON","JEEP","Station Wagon","F",17,"16-17","Drivers"
"T20190025140","5/12/19",07:30:00,"Collision with vehicle","Thursday","Day",2,2,"Not at intersection",3,60,"A",2012,"WAGON","MAZDA","Station Wagon","M",43,"40-49","Drivers"
"T20190025143","12/12/19",08:00:00,"Collision with vehicle","Thursday","Day",2,2,"T intersection",3,50,"B",2008,"SEDAN","TOYOTA","Car","F",44,"40-49","Drivers"
"T20190025144","12/12/19",15:45:00,"Collision with vehicle","Thursday","Day",2,3,"Not at intersection",3,80,"A",2019,"C CHAS","FUSO","Light Commercial Vehicle (Rigid) <= 4.5 Tonnes GVM","M",44,"40-49","Drivers"
"T20190025144","12/12/19",15:45:00,"Collision with vehicle","Thursday","Day",2,3,"Not at intersection",3,80,"B",2015,"UTIL","ISUZU","Utility","M",30,"30-39","Drivers"
"T20190025145","12/12/19",15:54:00,"Collision with vehicle","Thursday","Day",2,2,"Multiple intersection",3,80,"A",2003,"SEDAN","FORD","Car","M",89,"70+","Drivers"
"T20190025145","12/12/19",15:54:00,"Collision with vehicle","Thursday","Day",2,2,"Multiple intersection",3,80,"B",2010,"SEDAN","MAZDA","Car","F",19,"17-21","Drivers"
"T20190025148","12/12/19",17:00:00,"Collision with vehicle","Thursday","Day",2,2,"Cross intersection",3,50,"A",2012,"WAGON","KIA","Station Wagon","F",37,"30-39","Drivers"
"T20190025150","6/12/19",11:30:00,"Collision with vehicle","Friday","Day",2,3,"Cross intersection",3,100,"A",2015,"WAGON","TOYOTA","Station Wagon","M",69,"64-69","Drivers"
"T20190025150","6/12/19",11:30:00,"Collision with vehicle","Friday","Day",2,3,"Cross intersection",3,100,"B",2004,"UTIL","HOLDEN","Utility","M",64,"60-64","Drivers"
"T20190025152","11/12/19",21:45:00,"Struck Pedestrian","Wednesday","Dusk/Dawn",1,2,"Not at intersection",3,999,"A",2018,"WAGON","B M W","Station Wagon","M",59,"50-59","Drivers"
"T20190025153","12/12/19",17:15:00,"Collision with vehicle","Thursday","Day",2,2,"Not at intersection",3,80,"A",1998,"S WAG","HOLDEN","Station Wagon","M",25,"22-25","Drivers"
"T20190025153","12/12/19",17:15:00,"Collision with vehicle","Thursday","Day",2,2,"Not at intersection",3,80,"B",2019,"SEDAN","VOLKS","Car","F",36,"30-39","Drivers"
"T20190025156","3/12/19",18:40:00,"Collision with vehicle","Tuesday","Day",3,3,"T intersection",3,60,"A",2018,"SEDAN","FORD","Car","M",26,"26-29","Drivers"
"T20190025156","3/12/19",18:40:00,"Collision with vehicle","Tuesday","Day",3,3,"T intersection",3,60,"B",2013,"SEDAN","MAZDA","Car","F",24,"22-25","Drivers"
"T20190025156","3/12/19",18:40:00,"Collision with vehicle","Tuesday","Day",3,3,"T intersection",3,60,"C",2012,"SEDAN","MAZDA","Car","F",34,"30-39","Drivers"
"T20190025157","12/12/19",16:34:00,"Vehicle overturned (no collision)","Thursday","Day",1,1,"Not at intersection",2,80,"A",2010,"P MVR","W STAR","Prime Mover - Single Trailer","M",57,"50-59","Drivers"
"T20190025160","11/12/19",17:50:00,"Collision with vehicle","Wednesday","Day",2,2,"T intersection",3,60,"A",2009,"WAGON","B M W","Station Wagon","F",25,"22-25","Drivers"
"T20190025161","4/12/19",14:10:00,"Collision with vehicle","Wednesday","Day",2,2,"Not at intersection",3,50,"A",2005,"SEDAN","HOLDEN","Car","M",73,"70+","Drivers"
"T20190025164","12/12/19",16:50:00,"Vehicle overturned (no collision)","Thursday","Day",1,4,"T intersection",3,50,"A",2005,"SED","AUDI","Car","M",17,"16-17","Drivers"
"T20190025165","12/12/19",19:24:00,"Collision with a fixed object","Thursday","Dusk/Dawn",1,1,"Not at intersection",3,70,"A",2013,"SEDAN","HYNDAI","Car","F",64,"60-64","Drivers"
"T20190025169","12/12/19",21:18:00,"Collision with vehicle","Thursday","Dark No street lights",2,4,"Not at intersection",3,100,"B",2005,"SEDAN","FORD","Car","F",19,"17-21","Drivers"
"T20190025175","13/12/19",02:20:00,"Collision with vehicle","Friday","Dark Street lights on",2,3,"Not at intersection",2,60,"A",2017,"SEDAN","HOLDEN","Car","M",25,"22-25","Drivers"
"T20190025175","13/12/19",02:20:00,"Collision with vehicle","Friday","Dark Street lights on",2,3,"Not at intersection",2,60,"B",2008,"T SDS","TOYOTA","Light Commercial Vehicle (Rigid) <= 4.5 Tonnes GVM","M",49,"40-49","Drivers"
"T20190025176","13/12/19",07:28:00,"Collision with a fixed object","Friday","Day",1,1,"Not at intersection",3,100,"A",1999,"DC UTE","TOYOTA","Utility","M",73,"70+","Drivers"
"T20190025180","13/12/19",07:14:00,"Collision with a fixed object","Friday","Day",1,1,"Not at intersection",3,60,"A",0,"SED","HOLDEN","Car","M",50,"50-59","Drivers"
"T20190025183","13/12/19",08:20:00,"Collision with vehicle","Friday","Day",2,2,"Cross intersection",3,60,"A",2018,"SEDAN","TOYOTA","Car","F",60,"60-64","Drivers"
"T20190025183","13/12/19",08:20:00,"Collision with vehicle","Friday","Day",2,2,"Cross intersection",3,60,"B",1996,"S WAG","HOLDEN","Station Wagon","M",70,"70+","Drivers"
"T20190025185","13/12/19",08:40:00,"Collision with vehicle","Friday","Day",2,5,"T intersection",3,100,"A",2012,"WAGON","MITSUB","Station Wagon","M",44,"40-49","Drivers"
"T20190025185","13/12/19",08:40:00,"Collision with vehicle","Friday","Day",2,5,"T intersection",3,100,"B",2010,"SEDAN","HOLDEN","Car","M",64,"60-64","Drivers"
"T20190025188","13/12/19",07:03:00,"Collision with vehicle","Friday","Day",2,2,"Cross intersection",3,100,"A",2015,"TRAY","HOLDEN","Light Commercial Vehicle (Rigid) <= 4.5 Tonnes GVM","M",65,"64-69","Drivers"
"T20190025188","13/12/19",07:03:00,"Collision with vehicle","Friday","Day",2,2,"Cross intersection",3,100,"B",2016,"SEDAN","TOYOTA","Car","F",38,"30-39","Drivers"
"T20190025191","11/12/19",17:40:00,"Collision with vehicle","Wednesday","Day",3,3,"Not at intersection",3,80,"A",2014,"SEDAN","MAZDA","Car","M",42,"40-49","Drivers"
"T20190025191","11/12/19",17:40:00,"Collision with vehicle","Wednesday","Day",3,3,"Not at intersection",3,80,"B",1998,"SEDAN","MITSUB","Car","M",28,"26-29","Drivers"
"T20190025191","11/12/19",17:40:00,"Collision with vehicle","Wednesday","Day",3,3,"Not at intersection",3,80,"C",2004,"SEDAN","MAZDA","Car","M",25,"22-25","Drivers"
"T20190025193","13/12/19",08:15:00,"Collision with vehicle","Friday","Day",4,5,"Not at intersection",3,60,"A",2006,"SEDAN","MAZDA","Car","M",29,"26-29","Drivers"
"T20190025193","13/12/19",08:15:00,"Collision with vehicle","Friday","Day",4,5,"Not at intersection",3,60,"B",2014,"SEDAN","HOLDEN","Car","F",54,"50-59","Drivers"
"T20190025193","13/12/19",08:15:00,"Collision with vehicle","Friday","Day",4,5,"Not at intersection",3,60,"C",1994,"SEDAN","FORD","Car","M",67,"64-69","Drivers"
"T20190025193","13/12/19",08:15:00,"Collision with vehicle","Friday","Day",4,5,"Not at intersection",3,60,"D",2005,"P VAN","REN","Panel Van","M",85,"70+","Drivers"
"T20190025195","13/12/19",10:30:00,"Collision with vehicle","Friday","Day",2,3,"T intersection",3,80,"A",2006,"SEDAN","VOLKS","Car","F",46,"40-49","Drivers"
"T20190025195","13/12/19",10:30:00,"Collision with vehicle","Friday","Day",2,3,"T intersection",3,80,"B",2008,"SEDAN","TOYOTA","Car","F",82,"70+","Drivers"
"T20190025196","12/12/19",18:25:00,"Collision with vehicle","Thursday","Day",2,2,"T intersection",3,100,"A",1993,"SEDAN","VOLVO","Car","M",67,"64-69","Drivers"
"T20190025196","12/12/19",18:25:00,"Collision with vehicle","Thursday","Day",2,2,"T intersection",3,100,"B",2006,"SEDAN","AUDI","Car","F",20,"17-21","Drivers"
"T20190025197","13/12/19",12:40:00,"Collision with vehicle","Friday","Day",2,2,"T intersection",3,60,"A",2019,"SEDAN","KIA","Car","M",43,"40-49","Drivers"
"T20190025197","13/12/19",12:40:00,"Collision with vehicle","Friday","Day",2,2,"T intersection",3,60,"B",2004,"SEDAN","MITSUB","Car","F",29,"26-29","Drivers"
"T20190025201","13/12/19",08:30:00,"Collision with vehicle","Friday","Day",2,2,"Not at intersection",3,50,"A",2016,"WAGON","MAZDA","Station Wagon","F",46,"40-49","Drivers"
"T20190025203","13/12/19",08:57:00,"Collision with vehicle","Friday","Day",2,2,"Not at intersection",3,60,"A",2013,"UTIL","MITSUB","Utility","M",25,"22-25","Drivers"
"T20190025203","13/12/19",08:57:00,"Collision with vehicle","Friday","Day",2,2,"Not at intersection",3,60,"B",2014,"SEDAN","MAZDA","Car","M",34,"30-39","Drivers"
"T20190025206","13/12/19",12:37:00,"Collision with a fixed object","Friday","Day",1,1,"Not at intersection",3,80,"A",2004,"SEDAN","MAZDA","Car","F",62,"60-64","Drivers"
"T20190025212","12/12/19",16:35:00,"Collision with vehicle","Thursday","Day",2,4,"Cross intersection",3,60,"A",2018,"WAGON","MAZDA","Station Wagon","F",30,"30-39","Drivers"
"T20190025212","12/12/19",16:35:00,"Collision with vehicle","Thursday","Day",2,4,"Cross intersection",3,60,"B",2007,"SEDAN","FORD","Car","F",30,"30-39","Drivers"
"T20190025214","9/12/19",13:00:00,"Collision with vehicle","Monday","Day",3,3,"Not at intersection",3,40,"A",2013,"WAGON","HONDA","Station Wagon","M",38,"30-39","Drivers"
"T20190025214","9/12/19",13:00:00,"Collision with vehicle","Monday","Day",3,3,"Not at intersection",3,40,"B",1999,"WAGON","NISSAN","Station Wagon","M",66,"64-69","Drivers"
"T20190025214","9/12/19",13:00:00,"Collision with vehicle","Monday","Day",3,3,"Not at intersection",3,40,"C",2015,"TRAY","ISUZU","Heavy Vehicle (Rigid) > 4.5 Tonnes","M",67,"64-69","Drivers"
"T20190025216","13/12/19",14:15:00,"Collision with vehicle","Friday","Day",3,5,"Not at intersection",3,100,"A",2002,"SEDAN","TOYOTA","Car","F",54,"50-59","Drivers"
"T20190025216","13/12/19",14:15:00,"Collision with vehicle","Friday","Day",3,5,"Not at intersection",3,100,"B",2016,"SEDAN","HYNDAI","Car","F",62,"60-64","Drivers"
"T20190025216","13/12/19",14:15:00,"Collision with vehicle","Friday","Day",3,5,"Not at intersection",3,100,"C",1900,"CRANE","LIEBHR","Heavy Vehicle (Rigid) > 4.5 Tonnes","M",53,"50-59","Drivers"
"T20190025220","13/12/19",11:40:00,"Struck Pedestrian","Friday","Day",1,2,"Not at intersection",3,999,"A",2009,"VAN","MERC B","Panel Van","M",36,"30-39","Drivers"
"T20190025221","9/12/19",07:20:00,"Collision with vehicle","Monday","Day",2,2,"Not at intersection",3,70,"A",2010,"DC UTE","TOYOTA","Utility","M",47,"40-49","Drivers"
"T20190025221","9/12/19",07:20:00,"Collision with vehicle","Monday","Day",2,2,"Not at intersection",3,70,"B",2011,"WAGON","TOYOTA","Station Wagon","M",45,"40-49","Drivers"
"T20190025222","13/12/19",15:30:00,"Struck Pedestrian","Friday","Day",1,2,"Not at intersection",3,80,"A",2017,"WAGON","NISSAN","Station Wagon","F",45,"40-49","Drivers"
"T20190025225","13/12/19",14:35:00,"Collision with vehicle","Friday","Day",2,2,"Not at intersection",3,80,"A",2012,"SEDAN","TOYOTA","Car","M",82,"70+","Drivers"
"T20190025227","13/12/19",14:20:00,"Collision with vehicle","Friday","Day",2,2,"Not at intersection",3,50,"A",2016,"SEDAN","KIA","Car","F",30,"30-39","Drivers"
"T20190025227","13/12/19",14:20:00,"Collision with vehicle","Friday","Day",2,2,"Not at intersection",3,50,"B",2016,"SEDAN","HOLDEN","Car","M",43,"40-49","Drivers"
"T20190025229","13/12/19",16:30:00,"Collision with vehicle","Friday","Day",2,5,"T intersection",3,60,"A",2012,"SEDAN","HOLDEN","Car","F",29,"26-29","Drivers"
"T20190025229","13/12/19",16:30:00,"Collision with vehicle","Friday","Day",2,5,"T intersection",3,60,"B",2019,"WAGON","HONDA","Station Wagon","M",38,"30-39","Drivers"
"T20190025230","13/12/19",12:40:00,"Collision with vehicle","Friday","Day",2,3,"Cross intersection",2,80,"A",1996,"S WAG","NISSAN","Station Wagon","M",75,"70+","Drivers"
"T20190025230","13/12/19",12:40:00,"Collision with vehicle","Friday","Day",2,3,"Cross intersection",2,80,"B",2012,"SEDAN","HONDA","Car","M",85,"70+","Drivers"
"T20190025233","28/11/19",17:00:00,"Collision with vehicle","Thursday","Unknown",2,2,"Not at intersection",3,999,"A",2018,"WAGON","AUDI","Station Wagon","M",32,"30-39","Drivers"
"T20190025235","13/12/19",18:06:00,"Collision with vehicle","Friday","Day",2,2,"Not at intersection",3,60,"B",2015,"COUPE","VOLKS","Car","F",46,"40-49","Drivers"
"T20190025235","13/12/19",18:06:00,"Collision with vehicle","Friday","Day",2,2,"Not at intersection",3,60,"C",0,"SCOOTR","UNKN","Other Vehicle","M",28,"26-29","Drivers"
"T20190025236","13/12/19",16:50:00,"Collision with vehicle","Friday","Day",2,2,"Cross intersection",3,50,"A",2018,"UTIL","NISSAN","Utility","M",27,"26-29","Drivers"
"T20190025236","13/12/19",16:50:00,"Collision with vehicle","Friday","Day",2,2,"Cross intersection",3,50,"B",2001,"SEDAN","MAZDA","Car","F",80,"70+","Drivers"
"T20190025241","13/12/19",15:10:00,"Collision with vehicle","Friday","Day",2,2,"Cross intersection",3,70,"A",2008,"SEDAN","MAZDA","Car","M",42,"40-49","Drivers"
"T20190025241","13/12/19",15:10:00,"Collision with vehicle","Friday","Day",2,2,"Cross intersection",3,70,"B",2018,"DC UTE","TOYOTA","Utility","M",22,"22-25","Drivers"
"T20190025242","13/12/19",15:14:00,"Collision with a fixed object","Friday","Day",1,1,"Not at intersection",2,80,"A",2009,"SEDAN","HOLDEN","Car","M",55,"50-59","Drivers"
"T20190025244","13/12/19",16:52:00,"Collision with vehicle","Friday","Day",2,6,"T intersection",3,60,"A",1999,"SEDAN","TOYOTA","Car","F",57,"50-59","Drivers"
"T20190025244","13/12/19",16:52:00,"Collision with vehicle","Friday","Day",2,6,"T intersection",3,60,"B",2002,"WAGON","HONDA","Station Wagon","M",69,"64-69","Drivers"
"T20190025245","13/12/19",18:00:00,"Collision with vehicle","Friday","Day",2,2,"T intersection",3,60,"A",2011,"WAGON","MITSUB","Station Wagon","M",29,"26-29","Drivers"
"T20190025245","13/12/19",18:00:00,"Collision with vehicle","Friday","Day",2,2,"T intersection",3,60,"B",2016,"SEDAN","AUDI","Car","F",19,"17-21","Drivers"
"T20190025246","13/12/19",20:00:00,"Collision with vehicle","Friday","Dusk/Dawn",2,2,"Not at intersection",3,40,"B",2000,"COUPE","FORD","Car","U",23,"22-25","Drivers"
"T20190025250","13/12/19",19:40:00,"Collision with vehicle","Friday","Dusk/Dawn",6,9,"Not at intersection",3,70,"A",2018,"SEDAN","HONDA","Car","F",55,"50-59","Drivers"
"T20190025250","13/12/19",19:40:00,"Collision with vehicle","Friday","Dusk/Dawn",6,9,"Not at intersection",3,70,"B",1996,"WAGON","TOYOTA","Station Wagon","M",29,"26-29","Drivers"
"T20190025250","13/12/19",19:40:00,"Collision with vehicle","Friday","Dusk/Dawn",6,9,"Not at intersection",3,70,"C",2001,"S WAG","HONDA","Station Wagon","M",55,"50-59","Drivers"
"T20190025250","13/12/19",19:40:00,"Collision with vehicle","Friday","Dusk/Dawn",6,9,"Not at intersection",3,70,"D",2011,"SEDAN","MAZDA","Car","F",62,"60-64","Drivers"
"T20190025250","13/12/19",19:40:00,"Collision with vehicle","Friday","Dusk/Dawn",6,9,"Not at intersection",3,70,"E",2009,"SEDAN","MAZDA","Car","M",42,"40-49","Drivers"
"T20190025250","13/12/19",19:40:00,"Collision with vehicle","Friday","Dusk/Dawn",6,9,"Not at intersection",3,70,"F",2018,"SEDAN","SUBARU","Car","M",46,"40-49","Drivers"
"T20190025253","13/12/19",17:45:00,"Collision with vehicle","Friday","Day",2,4,"Not at intersection",3,50,"A",2015,"SEDAN","TOYOTA","Car","M",29,"26-29","Drivers"
"T20190025253","13/12/19",17:45:00,"Collision with vehicle","Friday","Day",2,4,"Not at intersection",3,50,"B",2019,"SEDAN","KIA","Car","U",NA,"unknown","Drivers"
"T20190025254","13/12/19",18:20:00,"Collision with vehicle","Friday","Day",2,2,"T intersection",3,60,"A",2014,"WAGON","NISSAN","Station Wagon","F",48,"40-49","Drivers"
"T20190025254","13/12/19",18:20:00,"Collision with vehicle","Friday","Day",2,2,"T intersection",3,60,"B",2007,"WAGON","MITSUB","Station Wagon","M",58,"50-59","Drivers"
"T20190025255","13/12/19",19:00:00,"Collision with a fixed object","Friday","Day",1,1,"Not at intersection",2,100,"A",2009,"SEDAN","TOYOTA","Car","F",30,"30-39","Drivers"
"T20190025256","13/12/19",14:18:00,"collision with some other object","Friday","Day",1,1,"Not at intersection",1,100,"A",2018,"WAGON","HYNDAI","Station Wagon","F",37,"30-39","Drivers"
"T20190025260","13/12/19",16:28:00,"Collision with vehicle","Friday","Day",3,3,"T intersection",3,80,"A",2010,"DC UTE","TOYOTA","Utility","M",44,"40-49","Drivers"
"T20190025260","13/12/19",16:28:00,"Collision with vehicle","Friday","Day",3,3,"T intersection",3,80,"B",2016,"WAGON","SUBARU","Station Wagon","F",26,"26-29","Drivers"
"T20190025260","13/12/19",16:28:00,"Collision with vehicle","Friday","Day",3,3,"T intersection",3,80,"C",2011,"WAGON","TOYOTA","Station Wagon","F",35,"30-39","Drivers"
"T20190025264","13/12/19",21:10:00,"Collision with vehicle","Friday","Dusk/Dawn",2,2,"T intersection",3,50,"A",2016,"WAGON","HYNDAI","Station Wagon","F",40,"40-49","Drivers"
"T20190025264","13/12/19",21:10:00,"Collision with vehicle","Friday","Dusk/Dawn",2,2,"T intersection",3,50,"B",2012,"SEDAN","MERC B","Car","M",28,"26-29","Drivers"
"T20190025269","25/11/19",15:25:00,"Collision with vehicle","Monday","Day",2,2,"Not at intersection",3,999,"A",2017,"SEDAN","HOLDEN","Car","F",29,"26-29","Drivers"
"T20190025269","25/11/19",15:25:00,"Collision with vehicle","Monday","Day",2,2,"Not at intersection",3,999,"B",2013,"VAN","ISUZU","Heavy Vehicle (Rigid) > 4.5 Tonnes","M",49,"40-49","Drivers"
"T20190025271","13/12/19",19:24:00,"Collision with vehicle","Friday","Day",2,3,"T intersection",3,60,"A",2010,"SEDAN","VOLKS","Car","F",41,"40-49","Drivers"
"T20190025271","13/12/19",19:24:00,"Collision with vehicle","Friday","Day",2,3,"T intersection",3,60,"B",2005,"SEDAN","TOYOTA","Car","F",57,"50-59","Drivers"
"T20190025272","13/12/19",21:40:00,"Collision with vehicle","Friday","Dusk/Dawn",2,2,"Not at intersection",3,60,"A",2001,"SEDAN","SUBARU","Car","M",22,"22-25","Drivers"
"T20190025272","13/12/19",21:40:00,"Collision with vehicle","Friday","Dusk/Dawn",2,2,"Not at intersection",3,60,"B",2010,"SEDAN","TOYOTA","Car","M",44,"40-49","Drivers"
"T20190025273","13/12/19",14:15:00,"Collision with a fixed object","Friday","Day",1,1,"Not at intersection",1,80,"A",2005,"SEDAN","HOLDEN","Car","M",67,"64-69","Drivers"
"T20190025275","13/12/19",20:00:00,"Collision with a fixed object","Friday","Day",1,1,"T intersection",3,50,"A",2015,"COUPE","MERC B","Car","F",20,"17-21","Drivers"
"T20190025278","13/12/19",18:13:00,"Collision with vehicle","Friday","Day",2,2,"Not at intersection",3,100,"B",2016,"WAGON","HYNDAI","Station Wagon","F",49,"40-49","Drivers"
"T20190025280","13/12/19",23:00:00,"Struck Pedestrian","Friday","Dark Street lights on",1,2,"Not at intersection",3,60,"A",0,"SED","MITSUB","Car","M",22,"22-25","Drivers"
"T20190025282","13/12/19",23:15:00,"Fall from or in moving vehicle","Friday","Dark Street lights on",1,2,"Not at intersection",3,60,"A",2001,"BUS","SCANIA","Bus/Coach","M",31,"30-39","Drivers"
"T20190025290","14/12/19",06:10:00,"Collision with vehicle","Saturday","Dusk/Dawn",2,2,"Cross intersection",1,80,"A",2012,"TIPPER","SCANIA","Heavy Vehicle (Rigid) > 4.5 Tonnes","M",35,"30-39","Drivers"
"T20190025290","14/12/19",06:10:00,"Collision with vehicle","Saturday","Dusk/Dawn",2,2,"Cross intersection",1,80,"B",1992,"TRAY","NISSAN","Light Commercial Vehicle (Rigid) <= 4.5 Tonnes GVM","M",29,"26-29","Drivers"
"T20190025291","14/12/19",08:05:00,"Collision with a fixed object","Saturday","Day",1,1,"Not at intersection",3,60,"A",2009,"SEDAN","TOYOTA","Car","F",36,"30-39","Drivers"
"T20190025293","14/12/19",09:50:00,"Collision with vehicle","Saturday","Day",2,2,"Cross intersection",2,999,"A",2016,"COUPE","B M W","Car","M",58,"50-59","Drivers"
"T20190025295","14/12/19",10:52:00,"Collision with vehicle","Saturday","Day",2,2,"T intersection",3,80,"A",2003,"WAGON","TOYOTA","Station Wagon","F",18,"17-21","Drivers"
"T20190025295","14/12/19",10:52:00,"Collision with vehicle","Saturday","Day",2,2,"T intersection",3,80,"B",2016,"P MVR","W STAR","Prime Mover Only","M",49,"40-49","Drivers"
"T20190025302","13/12/19",17:15:00,"Struck Pedestrian","Friday","Day",1,2,"T intersection",3,50,"A",2011,"WAGON","VOLVO","Car","F",45,"40-49","Drivers"
"T20190025303","14/12/19",09:30:00,"Collision with vehicle","Saturday","Unknown",2,2,"Cross intersection",3,60,"B",2019,"WAGON","SUBARU","Station Wagon","M",25,"22-25","Drivers"
"T20190025304","14/12/19",09:42:00,"Struck Pedestrian","Saturday","Day",1,3,"T intersection",3,60,"A",2010,"SEDAN","MAZDA","Car","F",28,"26-29","Drivers"
"T20190025306","14/12/19",11:38:00,"Collision with vehicle","Saturday","Day",2,4,"Not at intersection",2,100,"B",2016,"WAGON","TOYOTA","Station Wagon","M",65,"64-69","Drivers"
"T20190025308","14/12/19",13:22:00,"Collision with vehicle","Saturday","Day",3,5,"Not at intersection",3,80,"A",2013,"DC UTE","MAZDA","Utility","F",18,"17-21","Drivers"
"T20190025308","14/12/19",13:22:00,"Collision with vehicle","Saturday","Day",3,5,"Not at intersection",3,80,"B",2014,"SEDAN","HYNDAI","Car","F",40,"40-49","Drivers"
"T20190025308","14/12/19",13:22:00,"Collision with vehicle","Saturday","Day",3,5,"Not at intersection",3,80,"C",2000,"SEDAN","TOYOTA","Car","M",50,"50-59","Drivers"
"T20190025311","14/12/19",14:30:00,"Collision with vehicle","Saturday","Day",2,3,"Cross intersection",3,60,"A",2011,"SEDAN","PEUG","Car","F",27,"26-29","Drivers"
"T20190025311","14/12/19",14:30:00,"Collision with vehicle","Saturday","Day",2,3,"Cross intersection",3,60,"B",1997,"WAGON","TOYOTA","Station Wagon","M",56,"50-59","Drivers"
"T20190025314","14/12/19",16:20:00,"Collision with vehicle","Saturday","Day",2,8,"Cross intersection",3,60,"A",2006,"SEDAN","VOLKS","Car","M",20,"17-21","Drivers"
"T20190025314","14/12/19",16:20:00,"Collision with vehicle","Saturday","Day",2,8,"Cross intersection",3,60,"B",2012,"SEDAN","HYNDAI","Car","M",60,"60-64","Drivers"
"T20190025315","12/12/19",18:15:00,"Collision with vehicle","Thursday","Day",4,4,"Not at intersection",3,100,"A",2017,"WAGON","TESLA","Station Wagon","M",57,"50-59","Drivers"
"T20190025315","12/12/19",18:15:00,"Collision with vehicle","Thursday","Day",4,4,"Not at intersection",3,100,"B",2014,"DC UTE","MITSUB","Utility","M",18,"17-21","Drivers"
"T20190025315","12/12/19",18:15:00,"Collision with vehicle","Thursday","Day",4,4,"Not at intersection",3,100,"C",2004,"WAGON","HONDA","Station Wagon","F",80,"70+","Drivers"
"T20190025315","12/12/19",18:15:00,"Collision with vehicle","Thursday","Day",4,4,"Not at intersection",3,100,"D",2005,"SEDAN","TOYOTA","Car","M",79,"70+","Drivers"
"T20190025317","14/12/19",16:35:00,"Collision with vehicle","Saturday","Day",3,4,"T intersection",3,60,"A",2017,"WAGON","NISSAN","Station Wagon","F",63,"60-64","Drivers"
"T20190025317","14/12/19",16:35:00,"Collision with vehicle","Saturday","Day",3,4,"T intersection",3,60,"B",2014,"COUPE","TOYOTA","Car","F",30,"30-39","Drivers"
"T20190025317","14/12/19",16:35:00,"Collision with vehicle","Saturday","Day",3,4,"T intersection",3,60,"C",1994,"SEDAN","HOLDEN","Car","F",86,"70+","Drivers"
"T20190025318","14/12/19",14:40:00,"Collision with vehicle","Saturday","Day",2,2,"T intersection",3,60,"B",2007,"SEDAN","TOYOTA","Car","M",60,"60-64","Drivers"
"T20190025323","13/12/19",14:40:00,"Collision with vehicle","Friday","Day",2,3,"T intersection",3,60,"A",2013,"WAGON","MITSUB","Station Wagon","M",68,"64-69","Drivers"
"T20190025323","13/12/19",14:40:00,"Collision with vehicle","Friday","Day",2,3,"T intersection",3,60,"B",2000,"SEDAN","MAZDA","Car","F",76,"70+","Drivers"
"T20190025324","14/12/19",16:46:00,"Collision with a fixed object","Saturday","Day",1,4,"Not at intersection",3,100,"A",2016,"WAGON","ISUZU","Station Wagon","F",59,"50-59","Drivers"
"T20190025325","14/12/19",16:27:00,"Collision with vehicle","Saturday","Day",2,2,"T intersection",3,50,"A",2016,"WAGON","FORD","Station Wagon","F",55,"50-59","Drivers"
"T20190025326","14/12/19",17:45:00,"Collision with vehicle","Saturday","Day",2,3,"Cross intersection",3,70,"A",2011,"WAGON","NISSAN","Station Wagon","M",41,"40-49","Drivers"
"T20190025326","14/12/19",17:45:00,"Collision with vehicle","Saturday","Day",2,3,"Cross intersection",3,70,"B",2015,"WAGON","AUDI","Station Wagon","F",51,"50-59","Drivers"
"T20190025327","14/12/19",17:22:00,"Collision with vehicle","Saturday","Day",6,7,"Not at intersection",3,80,"A",2010,"SEDAN","TOYOTA","Car","M",26,"26-29","Drivers"
"T20190025327","14/12/19",17:22:00,"Collision with vehicle","Saturday","Day",6,7,"Not at intersection",3,80,"B",2009,"SEDAN","FORD","Car","F",22,"22-25","Drivers"