"ACCIDENT_NO","ACCIDENTDATE","ACCIDENTTIME","Accident Type Desc","Day Week Description","Light Condition Desc","NO_OF_VEHICLES","NO_PERSONS","Road Geometry Desc","SEVERITY","SPEED_ZONE","VEHICLE_ID","VEHICLE_YEAR_MANUF","VEHICLE_BODY_STYLE","VEHICLE_MAKE","Vehicle Type Desc","SEX","AGE","Age Group","Road User Type Desc"
"T20190025327","14/12/19",17:22:00,"Collision with vehicle","Saturday","Day",6,7,"Not at intersection",3,80,"C",2011,"SEDAN","UNKN","Car","M",20,"17-21","Drivers"
"T20190025327","14/12/19",17:22:00,"Collision with vehicle","Saturday","Day",6,7,"Not at intersection",3,80,"D",2010,"SEDAN","HYNDAI","Car","F",22,"22-25","Drivers"
"T20190025327","14/12/19",17:22:00,"Collision with vehicle","Saturday","Day",6,7,"Not at intersection",3,80,"E",2008,"SEDAN","MAZDA","Car","F",43,"40-49","Drivers"
"T20190025327","14/12/19",17:22:00,"Collision with vehicle","Saturday","Day",6,7,"Not at intersection",3,80,"F",2011,"SEDAN","HOLDEN","Car","M",33,"30-39","Drivers"
"T20190025329","14/12/19",18:15:00,"Collision with vehicle","Saturday","Day",2,2,"Cross intersection",3,70,"A",2008,"SEDAN","AUDI","Car","M",26,"26-29","Drivers"
"T20190025329","14/12/19",18:15:00,"Collision with vehicle","Saturday","Day",2,2,"Cross intersection",3,70,"B",2000,"SEDAN","TOYOTA","Car","F",26,"26-29","Drivers"
"T20190025332","14/12/19",15:44:00,"Collision with vehicle","Saturday","Day",2,2,"Not at intersection",3,60,"A",2004,"SEDAN","TOYOTA","Car","M",26,"26-29","Drivers"
"T20190025333","14/12/19",18:55:00,"collision with some other object","Saturday","Day",1,1,"T intersection",3,100,"A",2017,"UTIL","HOLDEN","Utility","F",31,"30-39","Drivers"
"T20190025336","14/12/19",11:02:00,"Collision with vehicle","Saturday","Day",2,2,"Not at intersection",3,80,"B",2013,"WAGON","JEEP","Station Wagon","M",22,"22-25","Drivers"
"T20190025338","3/12/19",13:38:00,"Collision with vehicle","Tuesday","Day",3,4,"Cross intersection",3,60,"A",2012,"SEDAN","HONDA","Car","F",32,"30-39","Drivers"
"T20190025338","3/12/19",13:38:00,"Collision with vehicle","Tuesday","Day",3,4,"Cross intersection",3,60,"B",1991,"SEDAN","MAZDA","Car","M",62,"60-64","Drivers"
"T20190025338","3/12/19",13:38:00,"Collision with vehicle","Tuesday","Day",3,4,"Cross intersection",3,60,"C",1998,"TRAY","TOYOTA","Light Commercial Vehicle (Rigid) <= 4.5 Tonnes GVM","M",59,"50-59","Drivers"
"T20190025341","14/12/19",18:30:00,"Struck animal","Saturday","Day",1,1,"Not at intersection",3,100,"A",2019,"WAGON","MERC B","Station Wagon","F",66,"64-69","Drivers"
"T20190025343","14/12/19",18:25:00,"Collision with vehicle","Saturday","Day",2,2,"Not at intersection",2,50,"A",2003,"SEDAN","TOYOTA","Car","M",86,"70+","Drivers"
"T20190025346","18/9/19",09:00:00,"Collision with vehicle","Wednesday","Day",2,2,"Cross intersection",3,60,"A",2001,"SEDAN","TOYOTA","Car","F",81,"70+","Drivers"
"T20190025346","18/9/19",09:00:00,"Collision with vehicle","Wednesday","Day",2,2,"Cross intersection",3,60,"B",2018,"S WAG","NISSAN","Station Wagon","F",31,"30-39","Drivers"
"T20190025348","14/12/19",22:20:00,"Collision with vehicle","Saturday","Dark Street lights on",2,3,"Not at intersection",3,80,"A",2005,"SEDAN","HONDA","Car","F",40,"40-49","Drivers"
"T20190025348","14/12/19",22:20:00,"Collision with vehicle","Saturday","Dark Street lights on",2,3,"Not at intersection",3,80,"B",2019,"S WAG","VOLKS","Station Wagon","U",NA,"unknown","Drivers"
"T20190025351","14/12/19",16:10:00,"Collision with vehicle","Saturday","Day",2,2,"Not at intersection",3,50,"B",2018,"WAGON","TOYOTA","Station Wagon","F",68,"64-69","Drivers"
"T20190025353","15/12/19",01:30:00,"Collision with vehicle","Sunday","Dark Street lights on",3,2,"Not at intersection",3,50,"A",1999,"SEDAN","FORD","Car","F",21,"17-21","Drivers"
"T20190025354","15/12/19",01:58:00,"Collision with a fixed object","Sunday","Dark No street lights",1,1,"Not at intersection",3,80,"A",2005,"SED","FORD","Car","M",28,"26-29","Drivers"
"T20190025358","15/12/19",04:35:00,"Collision with a fixed object","Sunday","Dark Street lights on",1,1,"Not at intersection",3,60,"A",1997,"SEDAN","HONDA","Car","M",25,"22-25","Drivers"
"T20190025361","15/12/19",03:30:00,"Collision with a fixed object","Sunday","Dark No street lights",1,1,"Not at intersection",3,60,"A",2016,"SEDAN","NISSAN","Car","M",19,"17-21","Drivers"
"T20190025362","15/12/19",05:30:00,"Collision with vehicle","Sunday","Dusk/Dawn",2,5,"T intersection",3,60,"A",2007,"SED","DODGE","Car","F",33,"30-39","Drivers"
"T20190025362","15/12/19",05:30:00,"Collision with vehicle","Sunday","Dusk/Dawn",2,5,"T intersection",3,60,"B",2001,"SEDAN","NISSAN","Car","M",30,"30-39","Drivers"
"T20190025364","6/12/19",15:25:00,"Collision with vehicle","Friday","Day",3,4,"Not at intersection",3,100,"A",2005,"WAGON","FORD","Station Wagon","M",20,"17-21","Drivers"
"T20190025364","6/12/19",15:25:00,"Collision with vehicle","Friday","Day",3,4,"Not at intersection",3,100,"B",2007,"VAN","TOYOTA","Panel Van","M",55,"50-59","Drivers"
"T20190025364","6/12/19",15:25:00,"Collision with vehicle","Friday","Day",3,4,"Not at intersection",3,100,"C",2016,"WAGON","MAZDA","Station Wagon","U",NA,"unknown","Drivers"
"T20190025367","15/12/19",05:20:00,"Struck Pedestrian","Sunday","Dark No street lights",1,2,"Not at intersection",3,80,"A",2009,"WAGON","MITSUB","Station Wagon","M",50,"50-59","Drivers"
"T20190025368","14/12/19",16:30:00,"Collision with vehicle","Saturday","Day",2,2,"T intersection",3,100,"A",1998,"SEDAN","TOYOTA","Car","F",59,"50-59","Drivers"
"T20190025370","15/12/19",07:35:00,"Collision with a fixed object","Sunday","Day",1,2,"Not at intersection",3,60,"A",2009,"SEDAN","FORD","Car","F",19,"17-21","Drivers"
"T20190025376","14/12/19",22:00:00,"Collision with a fixed object","Saturday","Dark No street lights",1,1,"T intersection",2,50,"A",2011,"SEDAN","VOLKS","Car","F",18,"17-21","Drivers"
"T20190025378","14/12/19",09:43:00,"Struck Pedestrian","Saturday","Day",1,2,"Not at intersection",2,60,"A",2001,"S WAG","HOLDEN","Station Wagon","M",29,"26-29","Drivers"
"T20190025379","15/12/19",10:39:00,"Collision with vehicle","Sunday","Day",2,2,"Cross intersection",3,60,"A",2013,"SEDAN","TOYOTA","Car","F",67,"64-69","Drivers"
"T20190025379","15/12/19",10:39:00,"Collision with vehicle","Sunday","Day",2,2,"Cross intersection",3,60,"B",2018,"VAN","REN","Panel Van","M",25,"22-25","Drivers"
"T20190025382","15/12/19",10:30:00,"Collision with vehicle","Sunday","Day",2,7,"T intersection",3,50,"A",2002,"SEDAN","VOLVO","Car","F",40,"40-49","Drivers"
"T20190025382","15/12/19",10:30:00,"Collision with vehicle","Sunday","Day",2,7,"T intersection",3,50,"B",2019,"WAGON","FORD","Station Wagon","M",52,"50-59","Drivers"
"T20190025383","15/12/19",12:15:00,"Collision with vehicle","Sunday","Day",2,3,"Not at intersection",3,40,"A",2009,"SEDAN","AUDI","Car","M",27,"26-29","Drivers"
"T20190025383","15/12/19",12:15:00,"Collision with vehicle","Sunday","Day",2,3,"Not at intersection",3,40,"B",2010,"COUPE","HYNDAI","Car","F",33,"30-39","Drivers"
"T20190025389","15/12/19",07:30:00,"Collision with vehicle","Sunday","Day",2,2,"Not at intersection",3,100,"A",2019,"SEDAN","KIA","Car","U",NA,"unknown","Drivers"
"T20190025389","15/12/19",07:30:00,"Collision with vehicle","Sunday","Day",2,2,"Not at intersection",3,100,"B",2016,"WAGON","NISSAN","Station Wagon","M",48,"40-49","Drivers"
"T20190025395","10/12/19",19:30:00,"Collision with vehicle","Tuesday","Day",2,2,"Not at intersection",3,60,"A",1996,"SEDAN","FORD","Car","M",60,"60-64","Drivers"
"T20190025396","21/11/19",08:40:00,"No collision and no object struck","Thursday","Day",1,1,"Not at intersection",3,70,"A",2017,"WAGON","HYNDAI","Station Wagon","M",48,"40-49","Drivers"
"T20190025400","15/12/19",17:14:00,"Collision with vehicle","Sunday","Day",2,2,"T intersection",3,80,"A",2009,"SED","HOLDEN","Car","F",53,"50-59","Drivers"
"T20190025403","15/12/19",13:30:00,"Collision with vehicle","Sunday","Day",2,6,"T intersection",3,80,"A",2018,"WAGON","MAZDA","Station Wagon","M",38,"30-39","Drivers"
"T20190025403","15/12/19",13:30:00,"Collision with vehicle","Sunday","Day",2,6,"T intersection",3,80,"B",2007,"DC UTE","HOLDEN","Utility","M",19,"17-21","Drivers"
"T20190025404","15/12/19",19:35:00,"Collision with vehicle","Sunday","Dusk/Dawn",2,5,"Not at intersection",3,100,"A",2007,"SEDAN","TOYOTA","Car","F",59,"50-59","Drivers"
"T20190025404","15/12/19",19:35:00,"Collision with vehicle","Sunday","Dusk/Dawn",2,5,"Not at intersection",3,100,"B",2016,"WAGON","TOYOTA","Station Wagon","F",34,"30-39","Drivers"
"T20190025407","15/12/19",20:20:00,"Collision with vehicle","Sunday","Dusk/Dawn",2,2,"Cross intersection",3,60,"A",2010,"SEDAN","HYNDAI","Car","F",42,"40-49","Drivers"
"T20190025407","15/12/19",20:20:00,"Collision with vehicle","Sunday","Dusk/Dawn",2,2,"Cross intersection",3,60,"B",2001,"SEDAN","FORD","Car","F",24,"22-25","Drivers"
"T20190025412","15/12/19",23:15:00,"Collision with vehicle","Sunday","Dark Street lights on",2,2,"Cross intersection",3,60,"A",2015,"SEDAN","HONDA","Car","M",33,"30-39","Drivers"
"T20190025412","15/12/19",23:15:00,"Collision with vehicle","Sunday","Dark Street lights on",2,2,"Cross intersection",3,60,"B",1997,"SEDAN","TOYOTA","Car","F",78,"70+","Drivers"
"T20190025413","15/12/19",23:20:00,"Collision with vehicle","Sunday","Dark Street lights on",2,3,"Cross intersection",3,60,"A",2016,"WAGON","HOLDEN","Station Wagon","F",73,"70+","Drivers"
"T20190025414","10/11/19",17:00:00,"Collision with vehicle","Sunday","Day",2,2,"Cross intersection",3,999,"A",0,"S WAG","B.M.W.","Station Wagon","M",46,"40-49","Drivers"
"T20190025414","10/11/19",17:00:00,"Collision with vehicle","Sunday","Day",2,2,"Cross intersection",3,999,"B",2018,"S WAG","M MOVE","Station Wagon","F",18,"17-21","Drivers"
"T20190025415","15/12/19",20:00:00,"Collision with vehicle","Sunday","Dusk/Dawn",2,3,"Not at intersection",1,100,"A",2019,"DC UTE","FORD","Utility","M",24,"22-25","Drivers"
"T20190025417","16/12/19",03:10:00,"Collision with vehicle","Monday","Dark Street lights on",2,2,"Not at intersection",3,80,"A",2005,"SEDAN","SUZUKI","Car","M",29,"26-29","Drivers"
"T20190025417","16/12/19",03:10:00,"Collision with vehicle","Monday","Dark Street lights on",2,2,"Not at intersection",3,80,"B",2010,"SEDAN","SUZUKI","Car","M",44,"40-49","Drivers"
"T20190025422","16/12/19",06:40:00,"Collision with vehicle","Monday","Dusk/Dawn",3,3,"Not at intersection",3,100,"A",1998,"SEDAN","MAZDA","Car","M",25,"22-25","Drivers"
"T20190025422","16/12/19",06:40:00,"Collision with vehicle","Monday","Dusk/Dawn",3,3,"Not at intersection",3,100,"B",2008,"SEDAN","MITSUB","Car","M",27,"26-29","Drivers"
"T20190025422","16/12/19",06:40:00,"Collision with vehicle","Monday","Dusk/Dawn",3,3,"Not at intersection",3,100,"C",2010,"SEDAN","TOYOTA","Car","M",19,"17-21","Drivers"
"T20190025423","14/8/19",14:50:00,"Collision with a fixed object","Wednesday","Day",1,1,"T intersection",3,999,"A",2003,"DC UTE","TOYOTA","Utility","M",36,"30-39","Drivers"
"T20190025424","12/12/19",21:00:00,"Collision with vehicle","Thursday","Dusk/Dawn",2,2,"Cross intersection",3,50,"A",2011,"SEDAN","HOLDEN","Car","F",32,"30-39","Drivers"
"T20190025424","12/12/19",21:00:00,"Collision with vehicle","Thursday","Dusk/Dawn",2,2,"Cross intersection",3,50,"B",2007,"SEDAN","HYNDAI","Car","F",56,"50-59","Drivers"
"T20190025425","23/7/19",06:30:00,"Collision with a fixed object","Tuesday","Dusk/Dawn",1,1,"Not at intersection",3,100,"A",1998,"SEDAN","SUBARU","Car","M",36,"30-39","Drivers"
"T20190025426","16/12/19",09:21:00,"Collision with a fixed object","Monday","Day",1,1,"Not at intersection",3,50,"A",1995,"SEDAN","TOYOTA","Car","F",90,"70+","Drivers"
"T20190025427","16/12/19",09:55:00,"Collision with vehicle","Monday","Day",2,2,"Cross intersection",2,60,"A",2008,"VAN","TOYOTA","Panel Van","M",62,"60-64","Drivers"
"T20190025427","16/12/19",09:55:00,"Collision with vehicle","Monday","Day",2,2,"Cross intersection",2,60,"B",2014,"SEDAN","HOLDEN","Car","F",76,"70+","Drivers"
"T20190025428","16/12/19",09:32:00,"Collision with vehicle","Monday","Day",2,2,"Not at intersection",3,40,"A",2014,"SEDAN","TOYOTA","Car","M",56,"50-59","Drivers"
"T20190025428","16/12/19",09:32:00,"Collision with vehicle","Monday","Day",2,2,"Not at intersection",3,40,"B",2015,"WAGON","JEEP","Station Wagon","M",39,"30-39","Drivers"
"T20190025429","16/12/19",10:10:00,"Collision with vehicle","Monday","Day",2,2,"T intersection",3,60,"A",2008,"SEDAN","HONDA","Car","F",29,"26-29","Drivers"
"T20190025429","16/12/19",10:10:00,"Collision with vehicle","Monday","Day",2,2,"T intersection",3,60,"B",2016,"SEDAN","HOLDEN","Car","F",66,"64-69","Drivers"
"T20190025431","4/11/19",12:20:00,"Collision with vehicle","Monday","Day",2,2,"T intersection",3,60,"A",2012,"WAGON","JEEP","Station Wagon","F",77,"70+","Drivers"
"T20190025431","4/11/19",12:20:00,"Collision with vehicle","Monday","Day",2,2,"T intersection",3,60,"B",2005,"COUPE","TOYOTA","Car","M",63,"60-64","Drivers"
"T20190025432","16/12/19",08:30:00,"Collision with a fixed object","Monday","Day",1,1,"Not at intersection",2,70,"A",2001,"WAGON","MITSUB","Station Wagon","F",78,"70+","Drivers"
"T20190025436","16/12/19",10:23:00,"Collision with vehicle","Monday","Day",2,2,"T intersection",3,60,"A",2018,"WAGON","HONDA","Car","M",38,"30-39","Drivers"
"T20190025436","16/12/19",10:23:00,"Collision with vehicle","Monday","Day",2,2,"T intersection",3,60,"B",1995,"S WAG","TOYOTA","Car","F",24,"22-25","Drivers"
"T20190025438","11/12/19",09:45:00,"Collision with vehicle","Wednesday","Day",2,2,"Not at intersection",3,80,"A",2013,"SEDAN","KIA","Car","F",32,"30-39","Drivers"
"T20190025438","11/12/19",09:45:00,"Collision with vehicle","Wednesday","Day",2,2,"Not at intersection",3,80,"B",2009,"S WAG","FORD","Station Wagon","M",60,"60-64","Drivers"
"T20190025440","16/12/19",11:05:00,"Collision with vehicle","Monday","Day",2,2,"T intersection",3,60,"A",2007,"SEDAN","TOYOTA","Car","F",31,"30-39","Drivers"
"T20190025440","16/12/19",11:05:00,"Collision with vehicle","Monday","Day",2,2,"T intersection",3,60,"B",2002,"WAGON","TOYOTA","Station Wagon","M",48,"40-49","Drivers"
"T20190025446","16/12/19",07:30:00,"Collision with a fixed object","Monday","Dusk/Dawn",1,1,"Cross intersection",3,80,"A",2004,"SEDAN","HYNDAI","Car","F",33,"30-39","Drivers"
"T20190025448","16/12/19",11:40:00,"Collision with vehicle","Monday","Day",2,2,"Not at intersection",3,60,"A",1997,"WAGON","TOYOTA","Station Wagon","M",38,"30-39","Drivers"
"T20190025448","16/12/19",11:40:00,"Collision with vehicle","Monday","Day",2,2,"Not at intersection",3,60,"B",2010,"SEDAN","CHRYS","Car","F",52,"50-59","Drivers"
"T20190025449","14/12/19",11:00:00,"Collision with vehicle","Saturday","Day",3,3,"Cross intersection",3,999,"A",2009,"COUPE","VOLKS","Car","F",18,"17-21","Drivers"
"T20190025449","14/12/19",11:00:00,"Collision with vehicle","Saturday","Day",3,3,"Cross intersection",3,999,"B",2004,"SEDAN","TOYOTA","Car","M",70,"70+","Drivers"
"T20190025449","14/12/19",11:00:00,"Collision with vehicle","Saturday","Day",3,3,"Cross intersection",3,999,"C",2007,"SEDAN","HOLDEN","Car","U",NA,"unknown","Drivers"
"T20190025453","16/12/19",13:00:00,"Collision with a fixed object","Monday","Day",1,1,"Not at intersection",3,100,"A",2001,"UTIL","MAZDA","Utility","M",69,"64-69","Drivers"
"T20190025454","16/12/19",11:30:00,"Collision with vehicle","Monday","Unknown",3,3,"T intersection",3,60,"A",2014,"SEDAN","HONDA","Car","F",18,"17-21","Drivers"
"T20190025454","16/12/19",11:30:00,"Collision with vehicle","Monday","Unknown",3,3,"T intersection",3,60,"B",2014,"SEDAN","NISSAN","Car","M",36,"30-39","Drivers"
"T20190025454","16/12/19",11:30:00,"Collision with vehicle","Monday","Unknown",3,3,"T intersection",3,60,"C",2018,"SEDAN","MERC B","Car","M",70,"70+","Drivers"
"T20190025456","6/12/19",09:25:00,"Collision with vehicle","Friday","Day",2,3,"Not at intersection",3,60,"A",2003,"SED","TOYOTA","Car","M",23,"22-25","Drivers"
"T20190025456","6/12/19",09:25:00,"Collision with vehicle","Friday","Day",2,3,"Not at intersection",3,60,"B",2019,"WAGON","HOLDEN","Station Wagon","F",29,"26-29","Drivers"
"T20190025457","27/11/19",15:15:00,"Collision with vehicle","Wednesday","Day",2,2,"Cross intersection",3,60,"A",2015,"SEDAN","MAZDA","Car","F",70,"70+","Drivers"
"T20190025457","27/11/19",15:15:00,"Collision with vehicle","Wednesday","Day",2,2,"Cross intersection",3,60,"B",2012,"WAGON","FORD","Station Wagon","M",39,"30-39","Drivers"
"T20190025459","16/12/19",14:57:00,"Collision with vehicle","Monday","Day",2,2,"T intersection",3,60,"A",2010,"TRAY","ISUZU","Light Commercial Vehicle (Rigid) <= 4.5 Tonnes GVM","M",60,"60-64","Drivers"
"T20190025459","16/12/19",14:57:00,"Collision with vehicle","Monday","Day",2,2,"T intersection",3,60,"B",2014,"WAGON","JEEP","Station Wagon","F",44,"40-49","Drivers"
"T20190025460","16/12/19",15:48:00,"Collision with vehicle","Monday","Day",2,2,"T intersection",3,80,"A",2002,"SEDAN","HOLDEN","Car","M",19,"17-21","Drivers"
"T20190025461","12/12/19",18:25:00,"Collision with a fixed object","Thursday","Day",1,1,"Not at intersection",3,100,"A",2006,"SEDAN","HOLDEN","Car","F",28,"26-29","Drivers"
"T20190025463","7/11/19",17:20:00,"Collision with a fixed object","Thursday","Day",1,1,"Not at intersection",3,100,"A",2008,"WAGON","PEUG","Station Wagon","F",65,"64-69","Drivers"
"T20190025464","16/12/19",16:15:00,"Collision with vehicle","Monday","Day",2,2,"Not at intersection",3,60,"A",2013,"SEDAN","HONDA","Car","F",26,"26-29","Drivers"
"T20190025464","16/12/19",16:15:00,"Collision with vehicle","Monday","Day",2,2,"Not at intersection",3,60,"B",2009,"SEDAN","TOYOTA","Car","F",43,"40-49","Drivers"
"T20190025467","10/12/19",17:50:00,"Collision with vehicle","Tuesday","Day",2,2,"Cross intersection",3,80,"A",2013,"DC UTE","MITSUB","Utility","F",50,"50-59","Drivers"
"T20190025467","10/12/19",17:50:00,"Collision with vehicle","Tuesday","Day",2,2,"Cross intersection",3,80,"B",2013,"WAGON","MAZDA","Station Wagon","M",42,"40-49","Drivers"
"T20190025472","16/12/19",18:30:00,"Collision with vehicle","Monday","Day",3,3,"Cross intersection",3,60,"A",2017,"SEDAN","MITSUB","Car","F",42,"40-49","Drivers"
"T20190025472","16/12/19",18:30:00,"Collision with vehicle","Monday","Day",3,3,"Cross intersection",3,60,"B",2017,"VAN","FORD","Panel Van","M",32,"30-39","Drivers"
"T20190025472","16/12/19",18:30:00,"Collision with vehicle","Monday","Day",3,3,"Cross intersection",3,60,"C",2018,"WAGON","MERC B","Station Wagon","M",41,"40-49","Drivers"
"T20190025475","16/12/19",16:40:00,"Collision with vehicle","Monday","Day",3,4,"T intersection",3,80,"A",2006,"WAGON","NISSAN","Station Wagon","M",NA,"unknown","Drivers"
"T20190025475","16/12/19",16:40:00,"Collision with vehicle","Monday","Day",3,4,"T intersection",3,80,"B",2007,"WAGON","TOYOTA","Station Wagon","M",43,"40-49","Drivers"
"T20190025475","16/12/19",16:40:00,"Collision with vehicle","Monday","Day",3,4,"T intersection",3,80,"C",2009,"P VAN","MERCED","Panel Van","M",38,"30-39","Drivers"
"T20190025476","16/12/19",17:25:00,"Collision with vehicle","Monday","Day",2,2,"Cross intersection",3,40,"A",2019,"VAN","VOLKS","Panel Van","U",NA,"unknown","Drivers"
"T20190025477","9/12/19",09:00:00,"Collision with vehicle","Monday","Day",2,2,"Multiple intersection",3,60,"A",2018,"WAGON","VOLKS","Station Wagon","F",37,"30-39","Drivers"
"T20190025477","9/12/19",09:00:00,"Collision with vehicle","Monday","Day",2,2,"Multiple intersection",3,60,"B",2012,"SEDAN","TOYOTA","Car","F",22,"22-25","Drivers"
"T20190025478","16/12/19",17:15:00,"Collision with vehicle","Monday","Day",3,4,"Not at intersection",3,60,"A",2006,"SEDAN","TOYOTA","Car","M",35,"30-39","Drivers"
"T20190025478","16/12/19",17:15:00,"Collision with vehicle","Monday","Day",3,4,"Not at intersection",3,60,"C",2005,"SEDAN","HOLDEN","Car","F",18,"17-21","Drivers"
"T20190025482","16/12/19",16:00:00,"Collision with vehicle","Monday","Day",2,2,"Multiple intersection",3,60,"A",2006,"TRAY","HINO","Light Commercial Vehicle (Rigid) <= 4.5 Tonnes GVM","M",45,"40-49","Drivers"
"T20190025482","16/12/19",16:00:00,"Collision with vehicle","Monday","Day",2,2,"Multiple intersection",3,60,"B",2018,"DC UTE","MERC B","Utility","M",28,"26-29","Drivers"
"T20190025486","16/12/19",13:50:00,"Collision with vehicle","Monday","Day",2,2,"T intersection",3,40,"B",2010,"SEDAN","HONDA","Car","M",37,"30-39","Drivers"
"T20190025489","16/12/19",15:25:00,"Collision with vehicle","Monday","Day",2,3,"T intersection",3,100,"A",2016,"DC UTE","NISSAN","Utility","M",63,"60-64","Drivers"
"T20190025489","16/12/19",15:25:00,"Collision with vehicle","Monday","Day",2,3,"T intersection",3,100,"B",2007,"S WAG","SUBARU","Station Wagon","M",30,"30-39","Drivers"
"T20190025490","16/12/19",15:00:00,"Collision with a fixed object","Monday","Day",1,1,"Not at intersection",3,50,"A",2009,"WAGON","HYNDAI","Station Wagon","M",73,"70+","Drivers"
"T20190025494","16/12/19",14:30:00,"Collision with vehicle","Monday","Day",3,3,"T intersection",3,60,"A",2002,"UTIL","HOLDEN","Utility","M",22,"22-25","Drivers"
"T20190025494","16/12/19",14:30:00,"Collision with vehicle","Monday","Day",3,3,"T intersection",3,60,"B",2012,"SEDAN","KIA","Car","F",55,"50-59","Drivers"
"T20190025494","16/12/19",14:30:00,"Collision with vehicle","Monday","Day",3,3,"T intersection",3,60,"C",2017,"T SDS","ISUZU","Light Commercial Vehicle (Rigid) <= 4.5 Tonnes GVM","M",42,"40-49","Drivers"
"T20190025495","16/12/19",05:30:00,"Collision with a fixed object","Monday","Day",1,1,"Not at intersection",3,100,"A",2010,"UTIL","NISSAN","Utility","M",31,"30-39","Drivers"
"T20190025498","16/12/19",02:40:00,"Collision with a fixed object","Monday","Dark Street lights on",1,1,"Cross intersection",2,80,"A",2013,"WAGON","HOLDEN","Station Wagon","M",36,"30-39","Drivers"
"T20190025500","13/12/19",00:05:00,"Struck Pedestrian","Friday","Dark Street lights on",1,2,"Road closure",3,40,"A",1997,"SEDAN","HOLDEN","Car","M",61,"60-64","Drivers"
"T20190025501","9/12/19",12:00:00,"Collision with vehicle","Monday","Day",2,2,"T intersection",3,999,"B",2019,"WAGON","TOYOTA","Station Wagon","F",18,"17-21","Drivers"
"T20190025502","30/11/19",12:30:00,"Collision with vehicle","Saturday","Unknown",2,2,"Cross intersection",3,60,"A",2010,"WAGON","NISSAN","Station Wagon","F",24,"22-25","Drivers"
"T20190025502","30/11/19",12:30:00,"Collision with vehicle","Saturday","Unknown",2,2,"Cross intersection",3,60,"B",2010,"SEDAN","MAZDA","Car","F",18,"17-21","Drivers"
"T20190025506","17/12/19",07:17:00,"Collision with a fixed object","Tuesday","Day",1,1,"Not at intersection",3,80,"A",2002,"SEDAN","FORD","Car","M",30,"30-39","Drivers"
"T20190025512","17/12/19",06:25:00,"Struck animal","Tuesday","Day",1,1,"Not at intersection",2,100,"A",1992,"UTIL","SUBARU","Utility","F",24,"22-25","Drivers"
"T20190025517","17/12/19",08:45:00,"Collision with vehicle","Tuesday","Day",2,2,"T intersection",2,80,"A",2008,"SEDAN","TOYOTA","Car","F",26,"26-29","Drivers"
"T20190025517","17/12/19",08:45:00,"Collision with vehicle","Tuesday","Day",2,2,"T intersection",2,80,"B",2013,"UTIL","VOLKS","Utility","M",61,"60-64","Drivers"
"T20190025518","17/12/19",09:12:00,"Collision with vehicle","Tuesday","Day",5,5,"Not at intersection",3,60,"A",2012,"WAGON","MAZDA","Station Wagon","F",46,"40-49","Drivers"
"T20190025518","17/12/19",09:12:00,"Collision with vehicle","Tuesday","Day",5,5,"Not at intersection",3,60,"B",2008,"S WAG","L ROV","Station Wagon","M",25,"22-25","Drivers"
"T20190025518","17/12/19",09:12:00,"Collision with vehicle","Tuesday","Day",5,5,"Not at intersection",3,60,"C",1999,"SEDAN","TOYOTA","Car","F",25,"22-25","Drivers"
"T20190025518","17/12/19",09:12:00,"Collision with vehicle","Tuesday","Day",5,5,"Not at intersection",3,60,"D",2003,"SEDAN","NISSAN","Car","M",35,"30-39","Drivers"
"T20190025518","17/12/19",09:12:00,"Collision with vehicle","Tuesday","Day",5,5,"Not at intersection",3,60,"E",2015,"UTIL","FORD","Utility","M",32,"30-39","Drivers"
"T20190025519","17/12/19",06:30:00,"Collision with vehicle","Tuesday","Day",2,2,"Cross intersection",3,60,"A",2012,"S WAG","FORD","Station Wagon","M",29,"26-29","Drivers"
"T20190025519","17/12/19",06:30:00,"Collision with vehicle","Tuesday","Day",2,2,"Cross intersection",3,60,"B",2007,"SEDAN","SUBARU","Car","F",23,"22-25","Drivers"
"T20190025520","17/12/19",07:10:00,"Collision with vehicle","Tuesday","Day",2,2,"T intersection",2,50,"A",2018,"VAN","MERC B","Panel Van","M",59,"50-59","Drivers"
"T20190025522","14/12/19",12:00:00,"Collision with vehicle","Saturday","Day",2,3,"Not at intersection",3,100,"A",2009,"SEDAN","PORSCH","Car","M",53,"50-59","Drivers"
"T20190025522","14/12/19",12:00:00,"Collision with vehicle","Saturday","Day",2,3,"Not at intersection",3,100,"B",2008,"SEDAN","MAZDA","Car","F",42,"40-49","Drivers"
"T20190025525","17/12/19",10:50:00,"Collision with vehicle","Tuesday","Day",2,4,"T intersection",3,80,"A",2015,"UTIL","MITSUB","Utility","M",57,"50-59","Drivers"
"T20190025525","17/12/19",10:50:00,"Collision with vehicle","Tuesday","Day",2,4,"T intersection",3,80,"B",2010,"VAN","TOYOTA","Panel Van","M",23,"22-25","Drivers"
"T20190025527","24/11/19",13:19:00,"Collision with vehicle","Sunday","Day",2,2,"Cross intersection",3,60,"A",2016,"WAGON","B M W","Station Wagon","M",38,"30-39","Drivers"
"T20190025527","24/11/19",13:19:00,"Collision with vehicle","Sunday","Day",2,2,"Cross intersection",3,60,"B",2012,"SEDAN","CHRYS","Car","M",27,"26-29","Drivers"
"T20190025530","17/12/19",11:37:00,"Collision with vehicle","Tuesday","Day",2,3,"Not at intersection",3,70,"A",2012,"WAGON","VOLKS","Station Wagon","F",57,"50-59","Drivers"