"ACCIDENT_NO","ACCIDENTDATE","ACCIDENTTIME","Accident Type Desc","Day Week Description","Light Condition Desc","NO_OF_VEHICLES","NO_PERSONS","Road Geometry Desc","SEVERITY","SPEED_ZONE","VEHICLE_ID","VEHICLE_YEAR_MANUF","VEHICLE_BODY_STYLE","VEHICLE_MAKE","Vehicle Type Desc","SEX","AGE","Age Group","Road User Type Desc"
"T20190025530","17/12/19",11:37:00,"Collision with vehicle","Tuesday","Day",2,3,"Not at intersection",3,70,"B",2007,"WAGON","L ROV","Station Wagon","M",60,"60-64","Drivers"
"T20190025531","11/12/19",11:00:00,"Collision with vehicle","Wednesday","Day",2,2,"Not at intersection",3,80,"A",2012,"SEDAN","HOLDEN","Car","M",48,"40-49","Drivers"
"T20190025531","11/12/19",11:00:00,"Collision with vehicle","Wednesday","Day",2,2,"Not at intersection",3,80,"B",1999,"DC UTE","MITSUB","Utility","M",61,"60-64","Drivers"
"T20190025532","1/12/19",14:00:00,"Collision with a fixed object","Sunday","Day",1,5,"Not at intersection",3,999,"A",2010,"SEDAN","TOYOTA","Car","F",28,"26-29","Drivers"
"T20190025534","14/11/19",07:50:00,"Collision with vehicle","Thursday","Day",2,2,"Not at intersection",3,60,"A",2014,"WAGON","PORSCH","Station Wagon","F",43,"40-49","Drivers"
"T20190025541","17/12/19",13:20:00,"Collision with vehicle","Tuesday","Day",2,2,"Not at intersection",3,60,"A",2012,"TIPPER","VOLVO","Prime Mover - Single Trailer","M",54,"50-59","Drivers"
"T20190025541","17/12/19",13:20:00,"Collision with vehicle","Tuesday","Day",2,2,"Not at intersection",3,60,"B",2012,"WAGON","PEUG","Station Wagon","F",71,"70+","Drivers"
"T20190025544","17/12/19",12:45:00,"Collision with vehicle","Tuesday","Day",2,3,"T intersection",3,60,"A",2016,"SEDAN","MAZDA","Car","F",34,"30-39","Drivers"
"T20190025550","11/12/19",09:30:00,"Collision with vehicle","Wednesday","Day",2,3,"Y intersection",3,100,"A",2017,"WAGON","HOLDEN","Station Wagon","F",33,"30-39","Drivers"
"T20190025550","11/12/19",09:30:00,"Collision with vehicle","Wednesday","Day",2,3,"Y intersection",3,100,"B",2014,"SEDAN","FORD","Car","F",32,"30-39","Drivers"
"T20190025558","14/12/19",19:00:00,"Collision with vehicle","Saturday","Dusk/Dawn",2,2,"Cross intersection",3,50,"A",2012,"DC UTE","MAZDA","Utility","F",34,"30-39","Drivers"
"T20190025560","11/12/19",15:30:00,"Collision with vehicle","Wednesday","Day",3,3,"Not at intersection",3,60,"A",2012,"WAGON","FORD","Station Wagon","M",47,"40-49","Drivers"
"T20190025560","11/12/19",15:30:00,"Collision with vehicle","Wednesday","Day",3,3,"Not at intersection",3,60,"B",2007,"WAGON","MITSUB","Station Wagon","M",21,"17-21","Drivers"
"T20190025560","11/12/19",15:30:00,"Collision with vehicle","Wednesday","Day",3,3,"Not at intersection",3,60,"C",2018,"UTIL","ISUZU","Utility","U",NA,"unknown","Drivers"
"T20190025561","17/12/19",15:52:00,"Collision with vehicle","Tuesday","Day",2,2,"T intersection",3,60,"A",2006,"WAGON","CHRYS","Station Wagon","F",36,"30-39","Drivers"
"T20190025562","17/12/19",16:44:00,"Collision with vehicle","Tuesday","Day",3,3,"Not at intersection",3,999,"A",2011,"SEDAN","MAZDA","Car","M",38,"30-39","Drivers"
"T20190025562","17/12/19",16:44:00,"Collision with vehicle","Tuesday","Day",3,3,"Not at intersection",3,999,"B",2013,"SEDAN","TOYOTA","Car","M",65,"64-69","Drivers"
"T20190025562","17/12/19",16:44:00,"Collision with vehicle","Tuesday","Day",3,3,"Not at intersection",3,999,"C",2012,"SEDAN","HOLDEN","Car","M",24,"22-25","Drivers"
"T20190025563","17/12/19",16:08:00,"Collision with vehicle","Tuesday","Day",5,9,"Not at intersection",3,100,"A",2012,"SEDAN","VOLKS","Car","M",53,"50-59","Drivers"
"T20190025563","17/12/19",16:08:00,"Collision with vehicle","Tuesday","Day",5,9,"Not at intersection",3,100,"B",2018,"DC UTE","FORD","Utility","M",30,"30-39","Drivers"
"T20190025563","17/12/19",16:08:00,"Collision with vehicle","Tuesday","Day",5,9,"Not at intersection",3,100,"C",2008,"DC UTE","NISSAN","Utility","M",21,"17-21","Drivers"
"T20190025563","17/12/19",16:08:00,"Collision with vehicle","Tuesday","Day",5,9,"Not at intersection",3,100,"D",2017,"T SDS","FORD","Light Commercial Vehicle (Rigid) <= 4.5 Tonnes GVM","M",27,"26-29","Drivers"
"T20190025563","17/12/19",16:08:00,"Collision with vehicle","Tuesday","Day",5,9,"Not at intersection",3,100,"E",0,"SED","HOLDEN","Car","F",33,"30-39","Drivers"
"T20190025567","17/12/19",14:25:00,"Collision with a fixed object","Tuesday","Day",1,1,"Not at intersection",3,100,"A",2004,"UTIL","FORD","Utility","F",29,"26-29","Drivers"
"T20190025573","16/12/19",14:30:00,"Collision with vehicle","Monday","Day",2,2,"Cross intersection",3,999,"A",2010,"WAGON","NISSAN","Station Wagon","M",63,"60-64","Drivers"
"T20190025576","17/12/19",17:35:00,"Collision with vehicle","Tuesday","Day",2,2,"Not at intersection",3,80,"A",2009,"SEDAN","UNKN","Car","F",44,"40-49","Drivers"
"T20190025576","17/12/19",17:35:00,"Collision with vehicle","Tuesday","Day",2,2,"Not at intersection",3,80,"B",2006,"SED","HOLDEN","Car","M",20,"17-21","Drivers"
"T20190025578","17/12/19",16:24:00,"Collision with vehicle","Tuesday","Day",2,2,"Cross intersection",3,50,"A",2012,"P MVR","W STAR","Prime Mover Only","M",46,"40-49","Drivers"
"T20190025578","17/12/19",16:24:00,"Collision with vehicle","Tuesday","Day",2,2,"Cross intersection",3,50,"B",2009,"SEDAN","TOYOTA","Car","M",92,"70+","Drivers"
"T20190025579","17/12/19",18:17:00,"Struck Pedestrian","Tuesday","Day",1,2,"Not at intersection",3,50,"A",2017,"SEDAN","SUBARU","Car","F",70,"70+","Drivers"
"T20190025581","17/12/19",19:30:00,"Collision with vehicle","Tuesday","Dusk/Dawn",2,2,"Cross intersection",3,60,"A",2000,"SEDAN","VOLKS","Car","F",58,"50-59","Drivers"
"T20190025581","17/12/19",19:30:00,"Collision with vehicle","Tuesday","Dusk/Dawn",2,2,"Cross intersection",3,60,"B",2004,"SEDAN","FORD","Car","F",31,"30-39","Drivers"
"T20190025582","17/12/19",17:45:00,"Collision with vehicle","Tuesday","Day",2,5,"Not at intersection",3,110,"A",2007,"SEDAN","HOLDEN","Car","M",21,"17-21","Drivers"
"T20190025582","17/12/19",17:45:00,"Collision with vehicle","Tuesday","Day",2,5,"Not at intersection",3,110,"B",2003,"SEDAN","TOYOTA","Car","M",58,"50-59","Drivers"
"T20190025583","17/12/19",19:45:00,"Collision with vehicle","Tuesday","Dusk/Dawn",2,3,"Multiple intersection",3,40,"A",2014,"TRAY","HINO","Light Commercial Vehicle (Rigid) <= 4.5 Tonnes GVM","M",61,"60-64","Drivers"
"T20190025583","17/12/19",19:45:00,"Collision with vehicle","Tuesday","Dusk/Dawn",2,3,"Multiple intersection",3,40,"B",2019,"WAGON","HOLDEN","Station Wagon","M",27,"26-29","Drivers"
"T20190025585","17/12/19",20:02:00,"Collision with vehicle","Tuesday","Dusk/Dawn",2,4,"Cross intersection",3,60,"A",2013,"SEDAN","HOLDEN","Car","M",26,"26-29","Drivers"
"T20190025585","17/12/19",20:02:00,"Collision with vehicle","Tuesday","Dusk/Dawn",2,4,"Cross intersection",3,60,"B",2015,"SEDAN","HOLDEN","Car","F",58,"50-59","Drivers"
"T20190025586","17/12/19",14:35:00,"Vehicle overturned (no collision)","Tuesday","Day",1,5,"Not at intersection",2,80,"A",0,"S WAG","VLK","Station Wagon","M",65,"64-69","Drivers"
"T20190025587","17/12/19",17:40:00,"Collision with vehicle","Tuesday","Day",2,2,"Not at intersection",3,40,"A",0,"IND/CN","UNKN","Car","U",NA,"unknown","Drivers"
"T20190025588","17/12/19",18:16:00,"Collision with vehicle","Tuesday","Day",2,2,"Not at intersection",3,50,"A",2011,"SEDAN","FORD","Car","F",26,"26-29","Drivers"
"T20190025589","17/12/19",16:55:00,"Collision with a fixed object","Tuesday","Day",1,2,"Not at intersection",2,100,"A",2014,"S WAG","FORD","Station Wagon","F",65,"64-69","Drivers"
"T20190025591","17/12/19",20:00:00,"Collision with vehicle","Tuesday","Dusk/Dawn",2,3,"Cross intersection",2,80,"A",2010,"SEDAN","HYNDAI","Car","F",18,"17-21","Drivers"
"T20190025591","17/12/19",20:00:00,"Collision with vehicle","Tuesday","Dusk/Dawn",2,3,"Cross intersection",2,80,"B",2010,"SEDAN","FORD","Car","M",62,"60-64","Drivers"
"T20190025593","27/4/19",15:30:00,"Collision with vehicle","Saturday","Day",2,2,"T intersection",3,60,"A",2012,"S WAG","HYNDAI","Station Wagon","F",36,"30-39","Drivers"
"T20190025593","27/4/19",15:30:00,"Collision with vehicle","Saturday","Day",2,2,"T intersection",3,60,"B",2012,"SED","HYNDAI","Car","F",67,"64-69","Drivers"
"T20190025595","17/12/19",22:25:00,"Collision with vehicle","Tuesday","Dark No street lights",3,3,"Not at intersection",3,100,"A",2004,"WAGON","HYNDAI","Station Wagon","M",68,"64-69","Drivers"
"T20190025595","17/12/19",22:25:00,"Collision with vehicle","Tuesday","Dark No street lights",3,3,"Not at intersection",3,100,"B",2007,"SEDAN","MAZDA","Car","F",25,"22-25","Drivers"
"T20190025595","17/12/19",22:25:00,"Collision with vehicle","Tuesday","Dark No street lights",3,3,"Not at intersection",3,100,"C",2017,"P MVR","VOLVO","Prime Mover - Single Trailer","M",48,"40-49","Drivers"
"T20190025597","12/12/19",14:30:00,"Collision with a fixed object","Thursday","Day",1,1,"T intersection",3,999,"A",2001,"SEDAN","TOYOTA","Car","M",76,"70+","Drivers"
"T20190025599","17/12/19",22:10:00,"Collision with a fixed object","Tuesday","Dark No street lights",1,2,"T intersection",2,60,"A",2014,"TRAY","ISUZU","Utility","U",NA,"unknown","Drivers"
"T20190025609","18/12/19",08:00:00,"Collision with vehicle","Wednesday","Day",2,2,"Not at intersection",3,70,"A",2016,"WAGON","MAZDA","Station Wagon","F",33,"30-39","Drivers"
"T20190025609","18/12/19",08:00:00,"Collision with vehicle","Wednesday","Day",2,2,"Not at intersection",3,70,"B",2016,"WAGON","JEEP","Station Wagon","M",24,"22-25","Drivers"
"T20190025610","17/12/19",16:55:00,"Collision with a fixed object","Tuesday","Day",1,2,"T intersection",2,100,"A",1996,"SEDAN","FORD","Car","M",80,"70+","Drivers"
"T20190025611","18/12/19",06:51:00,"Collision with vehicle","Wednesday","Day",3,3,"Unknown",3,60,"A",2013,"UTIL","ISUZU","Utility","M",24,"22-25","Drivers"
"T20190025612","13/12/19",17:19:00,"Collision with vehicle","Friday","Day",2,3,"Cross intersection",3,50,"A",2013,"SED","MITSUB","Car","M",29,"26-29","Drivers"
"T20190025612","13/12/19",17:19:00,"Collision with vehicle","Friday","Day",2,3,"Cross intersection",3,50,"B",2015,"WAGON","JEEP","Station Wagon","M",77,"70+","Drivers"
"T20190025615","12/12/19",00:45:00,"Collision with a fixed object","Thursday","Dark Street lights unknown",1,1,"Not at intersection",3,70,"A",1997,"SEDAN","SAAB","Car","F",28,"26-29","Drivers"
"T20190025616","18/12/19",09:15:00,"Collision with vehicle","Wednesday","Day",2,2,"Cross intersection",3,60,"A",2005,"SEDAN","TOYOTA","Car","M",21,"17-21","Drivers"
"T20190025616","18/12/19",09:15:00,"Collision with vehicle","Wednesday","Day",2,2,"Cross intersection",3,60,"B",2015,"VAN","REN","Panel Van","M",30,"30-39","Drivers"
"T20190025617","18/12/19",06:13:00,"Collision with a fixed object","Wednesday","Dusk/Dawn",1,1,"Not at intersection",3,50,"A",2010,"WAGON","TOYOTA","Station Wagon","F",38,"30-39","Drivers"
"T20190025618","18/12/19",09:40:00,"Collision with vehicle","Wednesday","Day",3,3,"Not at intersection",3,60,"A",2013,"SEDAN","TOYOTA","Car","F",62,"60-64","Drivers"
"T20190025618","18/12/19",09:40:00,"Collision with vehicle","Wednesday","Day",3,3,"Not at intersection",3,60,"B",2017,"WAGON","TOYOTA","Station Wagon","M",39,"30-39","Drivers"
"T20190025620","18/12/19",09:40:00,"Collision with vehicle","Wednesday","Day",2,2,"Multiple intersection",3,80,"A",2013,"SEDAN","SUBARU","Car","F",21,"17-21","Drivers"
"T20190025620","18/12/19",09:40:00,"Collision with vehicle","Wednesday","Day",2,2,"Multiple intersection",3,80,"B",2010,"SEDAN","AUDI","Car","M",24,"22-25","Drivers"
"T20190025621","5/12/19",16:20:00,"Collision with vehicle","Thursday","Day",2,3,"Not at intersection",3,50,"B",2015,"COUPE","TOYOTA","Car","F",23,"22-25","Drivers"
"T20190025625","27/6/19",11:30:00,"Struck Pedestrian","Thursday","Unknown",2,2,"Not at intersection",3,60,"B",2018,"VAN","HYNDAI","Panel Van","M",48,"40-49","Drivers"
"T20190025626","18/12/19",09:40:00,"Collision with a fixed object","Wednesday","Day",1,3,"Not at intersection",3,100,"A",2015,"SED","TOYOTA","Car","F",45,"40-49","Drivers"
"T20190025631","18/12/19",12:27:00,"Collision with vehicle","Wednesday","Day",2,2,"T intersection",3,60,"A",2015,"WAGON","MAZDA","Station Wagon","F",32,"30-39","Drivers"
"T20190025631","18/12/19",12:27:00,"Collision with vehicle","Wednesday","Day",2,2,"T intersection",3,60,"B",2011,"SEDAN","NISSAN","Car","F",20,"17-21","Drivers"
"T20190025634","18/12/19",12:45:00,"Collision with a fixed object","Wednesday","Day",1,1,"Not at intersection",3,80,"A",2010,"WAGON","KIA","Station Wagon","F",52,"50-59","Drivers"
"T20190025635","13/12/19",08:12:00,"Collision with vehicle","Friday","Day",3,3,"Not at intersection",3,60,"A",2017,"P MVR","IVECO","Prime Mover - Single Trailer","M",53,"50-59","Drivers"
"T20190025635","13/12/19",08:12:00,"Collision with vehicle","Friday","Day",3,3,"Not at intersection",3,60,"B",2016,"SEDAN","TOYOTA","Car","F",33,"30-39","Drivers"
"T20190025635","13/12/19",08:12:00,"Collision with vehicle","Friday","Day",3,3,"Not at intersection",3,60,"C",2010,"SEDAN","MITSUB","Car","U",NA,"unknown","Drivers"
"T20190025636","13/9/19",17:40:00,"Collision with vehicle","Friday","Dusk/Dawn",2,2,"Cross intersection",3,60,"A",2018,"WAGON","MITSUB","Station Wagon","M",40,"40-49","Drivers"
"T20190025636","13/9/19",17:40:00,"Collision with vehicle","Friday","Dusk/Dawn",2,2,"Cross intersection",3,60,"B",2005,"UTIL","TOYOTA","Utility","M",60,"60-64","Drivers"
"T20190025638","20/11/19",17:00:00,"Collision with vehicle","Wednesday","Day",2,3,"Not at intersection",3,40,"A",2004,"SEDAN","HOLDEN","Car","F",44,"40-49","Drivers"
"T20190025638","20/11/19",17:00:00,"Collision with vehicle","Wednesday","Day",2,3,"Not at intersection",3,40,"B",2014,"SEDAN","TOYOTA","Taxi","M",29,"26-29","Drivers"
"T20190025639","18/12/19",11:40:00,"Struck Pedestrian","Wednesday","Day",1,2,"Cross intersection",2,50,"A",1999,"VAN","TOYOTA","Panel Van","M",65,"64-69","Drivers"
"T20190025641","8/12/19",19:00:00,"Collision with vehicle","Sunday","Day",2,2,"T intersection",3,60,"A",0,NA,"SUBARU","Station Wagon","U",NA,"unknown","Drivers"
"T20190025643","18/12/19",08:11:00,"Collision with vehicle","Wednesday","Day",2,2,"T intersection",3,60,"A",2012,"SEDAN","MAZDA","Car","F",50,"50-59","Drivers"
"T20190025643","18/12/19",08:11:00,"Collision with vehicle","Wednesday","Day",2,2,"T intersection",3,60,"B",2007,"SEDAN","HYNDAI","Car","M",85,"70+","Drivers"
"T20190025647","7/12/19",16:30:00,"Collision with vehicle","Saturday","Day",2,2,"Not at intersection",3,50,"A",2005,"SEDAN","HOLDEN","Car","M",22,"22-25","Drivers"
"T20190025648","18/12/19",14:43:00,"Collision with a fixed object","Wednesday","Day",1,2,"Not at intersection",2,60,"A",2004,"WAGON","MAZDA","Station Wagon","M",82,"70+","Drivers"
"T20190025649","17/12/19",17:50:00,"Collision with vehicle","Tuesday","Day",2,2,"T intersection",3,80,"A",2009,"SEDAN","TOYOTA","Car","F",54,"50-59","Drivers"
"T20190025649","17/12/19",17:50:00,"Collision with vehicle","Tuesday","Day",2,2,"T intersection",3,80,"B",2005,"SEDAN","HOLDEN","Car","F",32,"30-39","Drivers"
"T20190025650","18/12/19",13:20:00,"Collision with vehicle","Wednesday","Day",2,2,"Not at intersection",3,50,"A",2011,"SEDAN","TOYOTA","Car","F",36,"30-39","Drivers"
"T20190025650","18/12/19",13:20:00,"Collision with vehicle","Wednesday","Day",2,2,"Not at intersection",3,50,"B",1999,"SED","HOLDEN","Car","M",81,"70+","Drivers"
"T20190025651","19/11/19",04:00:00,"Struck animal","Tuesday","Unknown",1,1,"Not at intersection",3,80,"A",2015,"COUPE","MERC B","Car","F",50,"50-59","Drivers"
"T20190025653","22/7/19",08:30:00,"Collision with vehicle","Monday","Day",2,3,"Not at intersection",3,60,"A",2009,"S WAG","DODGE","Station Wagon","F",40,"40-49","Drivers"
"T20190025653","22/7/19",08:30:00,"Collision with vehicle","Monday","Day",2,3,"Not at intersection",3,60,"B",2012,"WAGON","TOYOTA","Station Wagon","F",59,"50-59","Drivers"
"T20190025657","30/11/19",01:15:00,"Collision with vehicle","Saturday","Dark Street lights on",2,2,"Not at intersection",3,60,"A",2003,"COUPE","HOLDEN","Car","F",30,"30-39","Drivers"
"T20190025657","30/11/19",01:15:00,"Collision with vehicle","Saturday","Dark Street lights on",2,2,"Not at intersection",3,60,"B",2016,"WAGON","FORD","Station Wagon","M",33,"30-39","Drivers"
"T20190025665","18/12/19",18:45:00,"Collision with vehicle","Wednesday","Day",2,5,"T intersection",3,60,"A",2015,"WAGON","MAZDA","Station Wagon","F",54,"50-59","Drivers"
"T20190025665","18/12/19",18:45:00,"Collision with vehicle","Wednesday","Day",2,5,"T intersection",3,60,"B",2013,"SEDAN","MAZDA","Car","F",31,"30-39","Drivers"
"T20190025670","5/12/19",16:30:00,"Collision with vehicle","Thursday","Day",2,2,"T intersection",3,50,"A",2002,"SEDAN","FORD","Car","F",52,"50-59","Drivers"
"T20190025670","5/12/19",16:30:00,"Collision with vehicle","Thursday","Day",2,2,"T intersection",3,50,"B",2000,"SEDAN","MAZDA","Car","F",84,"70+","Drivers"
"T20190025673","12/12/19",11:40:00,"Collision with vehicle","Thursday","Day",4,5,"Not at intersection",3,100,"A",2003,"WAGON","MITSUB","Station Wagon","M",27,"26-29","Drivers"
"T20190025673","12/12/19",11:40:00,"Collision with vehicle","Thursday","Day",4,5,"Not at intersection",3,100,"B",2010,"S WAG","FORD","Station Wagon","M",34,"30-39","Drivers"
"T20190025673","12/12/19",11:40:00,"Collision with vehicle","Thursday","Day",4,5,"Not at intersection",3,100,"C",2015,"SEDAN","MITSUB","Car","M",23,"22-25","Drivers"
"T20190025675","18/12/19",22:20:00,"Struck Pedestrian","Wednesday","Dark Street lights on",1,2,"Not at intersection",2,60,"A",2016,"SEDAN","HYNDAI","Car","M",22,"22-25","Drivers"
"T20190025676","12/12/19",08:30:00,"Collision with vehicle","Thursday","Day",2,2,"T intersection",3,60,"A",2016,"SEDAN","MAZDA","Car","F",38,"30-39","Drivers"
"T20190025681","19/12/19",08:05:00,"Collision with vehicle","Thursday","Day",2,2,"Cross intersection",3,50,"A",1963,"SEDAN","FORD","Car","M",68,"64-69","Drivers"
"T20190025683","1/10/19",17:00:00,"Collision with vehicle","Tuesday","Day",2,5,"T intersection",3,70,"A",2008,"SEDAN","MERC B","Car","F",35,"30-39","Drivers"
"T20190025683","1/10/19",17:00:00,"Collision with vehicle","Tuesday","Day",2,5,"T intersection",3,70,"B",2010,"WAGON","TOYOTA","Station Wagon","F",49,"40-49","Drivers"
"T20190025684","17/12/19",16:35:00,"Collision with vehicle","Tuesday","Day",2,5,"T intersection",3,70,"A",2012,"TIPPER","HINO","Heavy Vehicle (Rigid) > 4.5 Tonnes","M",29,"26-29","Drivers"
"T20190025684","17/12/19",16:35:00,"Collision with vehicle","Tuesday","Day",2,5,"T intersection",3,70,"B",2016,"WAGON","NISSAN","Station Wagon","F",31,"30-39","Drivers"
"T20190025687","19/12/19",11:20:00,"Collision with vehicle","Thursday","Day",2,2,"T intersection",3,50,"A",2006,"P MVR","KENWTH","Prime Mover - Single Trailer","M",46,"40-49","Drivers"
"T20190025687","19/12/19",11:20:00,"Collision with vehicle","Thursday","Day",2,2,"T intersection",3,50,"B",2017,"UTIL","FORD","Utility","M",32,"30-39","Drivers"
"T20190025690","19/12/19",09:03:00,"Collision with vehicle","Thursday","Day",2,4,"Not at intersection",3,40,"A",2011,"WAGON","B M W","Station Wagon","M",23,"22-25","Drivers"
"T20190025691","17/12/19",22:00:00,"Collision with vehicle","Tuesday","Dark Street lights on",2,2,"T intersection",3,50,"A",2013,"SEDAN","SUZUKI","Car","M",29,"26-29","Drivers"
"T20190025691","17/12/19",22:00:00,"Collision with vehicle","Tuesday","Dark Street lights on",2,2,"T intersection",3,50,"B",2005,"SEDAN","HOLDEN","Car","F",49,"40-49","Drivers"
"T20190025692","19/12/19",11:00:00,"Collision with vehicle","Thursday","Day",2,1,"Not at intersection",3,50,"A",2018,"WAGON","MAZDA","Station Wagon","F",62,"60-64","Drivers"
"T20190025694","19/12/19",09:40:00,"Collision with vehicle","Thursday","Day",2,2,"Not at intersection",3,60,"A",2017,"WAGON","AUDI","Station Wagon","F",54,"50-59","Drivers"
"T20190025694","19/12/19",09:40:00,"Collision with vehicle","Thursday","Day",2,2,"Not at intersection",3,60,"B",2016,"WAGON","KIA","Station Wagon","F",52,"50-59","Drivers"
"T20190025695","18/12/19",18:00:00,"Collision with vehicle","Wednesday","Day",2,2,"T intersection",3,999,"A",2014,"SEDAN","UNKN","Car","M",27,"26-29","Drivers"
"T20190025696","19/12/19",11:45:00,"Collision with vehicle","Thursday","Day",2,5,"Cross intersection",3,80,"A",2008,"SEDAN","MAZDA","Car","F",22,"22-25","Drivers"
"T20190025696","19/12/19",11:45:00,"Collision with vehicle","Thursday","Day",2,5,"Cross intersection",3,80,"B",0,"S WAG","TOYOTA","Station Wagon","M",31,"30-39","Drivers"
"T20190025698","19/12/19",10:25:00,"Collision with vehicle","Thursday","Day",2,3,"Cross intersection",3,999,"A",2019,"SEDAN","MAZDA","Car","M",24,"22-25","Drivers"
"T20190025698","19/12/19",10:25:00,"Collision with vehicle","Thursday","Day",2,3,"Cross intersection",3,999,"B",2012,"SEDAN","MAZDA","Car","F",25,"22-25","Drivers"
"T20190025700","19/12/19",07:14:00,"Collision with vehicle","Thursday","Day",2,2,"Not at intersection",1,50,"A",2013,"G UNIT","ISUZU","Heavy Vehicle (Rigid) > 4.5 Tonnes","M",50,"50-59","Drivers"
"T20190025700","19/12/19",07:14:00,"Collision with vehicle","Thursday","Day",2,2,"Not at intersection",1,50,"B",2012,"P MVR","MERC B","Prime Mover - Single Trailer","M",42,"40-49","Drivers"
"T20190025701","17/12/19",23:30:00,"Vehicle overturned (no collision)","Tuesday","Dark No street lights",1,1,"Not at intersection",3,80,"A",2014,"SEDAN","SUBARU","Car","M",23,"22-25","Drivers"
"T20190025703","19/12/19",12:08:00,"Collision with vehicle","Thursday","Day",2,3,"T intersection",3,60,"A",2013,"SEDAN","VOLKS","Car","M",51,"50-59","Drivers"
"T20190025703","19/12/19",12:08:00,"Collision with vehicle","Thursday","Day",2,3,"T intersection",3,60,"B",0,"S WAG","SUB","Station Wagon","F",69,"64-69","Drivers"
"T20190025705","18/12/19",09:00:00,"Collision with vehicle","Wednesday","Day",2,2,"Not at intersection",3,40,"B",2018,"SEDAN","HYNDAI","Car","F",54,"50-59","Drivers"
"T20190025707","19/12/19",12:00:00,"Collision with vehicle","Thursday","Day",4,2,"Cross intersection",3,60,"A",2017,"SEDAN","KIA","Car","F",84,"70+","Drivers"
"T20190025707","19/12/19",12:00:00,"Collision with vehicle","Thursday","Day",4,2,"Cross intersection",3,60,"B",2014,"WAGON","SKODA","Station Wagon","M",33,"30-39","Drivers"
"T20190025708","19/12/19",13:45:00,"Collision with vehicle","Thursday","Day",2,2,"T intersection",3,40,"B",2017,"WAGON","NISSAN","Station Wagon","F",34,"30-39","Drivers"
"T20190025709","19/12/19",12:40:00,"Collision with vehicle","Thursday","Day",2,2,"T intersection",3,60,"A",2017,"SEDAN","SUBARU","Car","F",59,"50-59","Drivers"
"T20190025710","19/12/19",08:33:00,"Collision with vehicle","Thursday","Day",2,1,"Not at intersection",3,60,"A",2002,"SEDAN","HOLDEN","Car","F",39,"30-39","Drivers"
"T20190025711","19/12/19",13:30:00,"Collision with vehicle","Thursday","Day",2,1,"Not at intersection",3,60,"A",1999,"SEDAN","FORD","Car","F",84,"70+","Drivers"
"T20190025712","19/12/19",11:30:00,"Collision with vehicle","Thursday","Day",2,2,"Not at intersection",3,999,"A",2013,"WAGON","B M W","Station Wagon","M",32,"30-39","Drivers"
"T20190025712","19/12/19",11:30:00,"Collision with vehicle","Thursday","Day",2,2,"Not at intersection",3,999,"B",2012,"UTIL","FORD","Utility","M",21,"17-21","Drivers"
"T20190025715","17/12/19",18:30:00,"Collision with vehicle","Tuesday","Day",2,2,"T intersection",3,999,"B",2012,"SEDAN","TOYOTA","Car","F",46,"40-49","Drivers"
"T20190025716","19/12/19",07:50:00,"Struck Pedestrian","Thursday","Day",1,2,"Cross intersection",3,60,"A",2014,"SEDAN","FORD","Taxi","M",67,"64-69","Drivers"
"T20190025717","19/12/19",13:04:00,"Collision with vehicle","Thursday","Day",2,2,"Not at intersection",3,50,"A",2002,"SEDAN","HOLDEN","Car","M",46,"40-49","Drivers"
"T20190025717","19/12/19",13:04:00,"Collision with vehicle","Thursday","Day",2,2,"Not at intersection",3,50,"B",2001,"COUPE","FORD","Car","M",24,"22-25","Drivers"
"T20190025718","19/12/19",15:58:00,"Collision with vehicle","Thursday","Day",3,3,"T intersection",3,60,"A",2010,"DC UTE","TOYOTA","Utility","M",62,"60-64","Drivers"
"T20190025718","19/12/19",15:58:00,"Collision with vehicle","Thursday","Day",3,3,"T intersection",3,60,"B",2000,"SEDAN","NISSAN","Car","M",60,"60-64","Drivers"
"T20190025722","19/12/19",14:45:00,"Collision with vehicle","Thursday","Day",3,3,"Cross intersection",2,60,"A",2016,"WAGON","SUZUKI","Station Wagon","F",20,"17-21","Drivers"
"T20190025722","19/12/19",14:45:00,"Collision with vehicle","Thursday","Day",3,3,"Cross intersection",2,60,"B",2018,"SEDAN","KIA","Car","M",41,"40-49","Drivers"
"T20190025722","19/12/19",14:45:00,"Collision with vehicle","Thursday","Day",3,3,"Cross intersection",2,60,"C",2014,"DC UTE","TOYOTA","Utility","M",35,"30-39","Drivers"
"T20190025723","29/8/19",20:00:00,"Collision with vehicle","Thursday","Dark Street lights on",2,2,"T intersection",3,60,"A",1992,"WAGON","TOYOTA","Station Wagon","M",32,"30-39","Drivers"
"T20190025723","29/8/19",20:00:00,"Collision with vehicle","Thursday","Dark Street lights on",2,2,"T intersection",3,60,"B",2003,"SEDAN","SUBARU","Car","M",37,"30-39","Drivers"
"T20190025724","12/12/19",09:00:00,"Collision with vehicle","Thursday","Unknown",2,2,"T intersection",3,999,"A",2007,"SEDAN","MAZDA","Car","M",34,"30-39","Drivers"
"T20190025724","12/12/19",09:00:00,"Collision with vehicle","Thursday","Unknown",2,2,"T intersection",3,999,"B",2009,"S WAG","HOLDEN","Station Wagon","M",39,"30-39","Drivers"
"T20190025726","19/12/19",16:40:00,"Struck Pedestrian","Thursday","Day",1,2,"T intersection",3,40,"A",2009,"S WAG","FORD","Station Wagon","M",91,"70+","Drivers"
"T20190025727","19/12/19",15:20:00,"Collision with vehicle","Thursday","Day",2,2,"Not at intersection",3,60,"A",2010,"SEDAN","TOYOTA","Car","F",64,"60-64","Drivers"