"ACCIDENT_NO","ACCIDENTDATE","ACCIDENTTIME","Accident Type Desc","Day Week Description","Light Condition Desc","NO_OF_VEHICLES","NO_PERSONS","Road Geometry Desc","SEVERITY","SPEED_ZONE","VEHICLE_ID","VEHICLE_YEAR_MANUF","VEHICLE_BODY_STYLE","VEHICLE_MAKE","Vehicle Type Desc","SEX","AGE","Age Group","Road User Type Desc"
"T20190025727","19/12/19",15:20:00,"Collision with vehicle","Thursday","Day",2,2,"Not at intersection",3,60,"B",0,"UTIL","HOLDEN","Utility","M",41,"40-49","Drivers"
"T20190025730","19/12/19",15:45:00,"Collision with vehicle","Thursday","Day",2,2,"Not at intersection",3,100,"A",2015,"VAN","HINO","Light Commercial Vehicle (Rigid) <= 4.5 Tonnes GVM","M",39,"30-39","Drivers"
"T20190025730","19/12/19",15:45:00,"Collision with vehicle","Thursday","Day",2,2,"Not at intersection",3,100,"B",1983,"TRAY","HOLDEN","Light Commercial Vehicle (Rigid) <= 4.5 Tonnes GVM","M",54,"50-59","Drivers"
"T20190025731","19/12/19",16:55:00,"Collision with vehicle","Thursday","Day",2,2,"T intersection",3,70,"A",2009,"SEDAN","HYNDAI","Car","M",23,"22-25","Drivers"
"T20190025731","19/12/19",16:55:00,"Collision with vehicle","Thursday","Day",2,2,"T intersection",3,70,"B",2016,"DC UTE","FORD","Utility","M",35,"30-39","Drivers"
"T20190025732","19/12/19",17:30:00,"Collision with vehicle","Thursday","Day",2,3,"Not at intersection",3,100,"A",2014,"WAGON","FORD","Station Wagon","F",42,"40-49","Drivers"
"T20190025732","19/12/19",17:30:00,"Collision with vehicle","Thursday","Day",2,3,"Not at intersection",3,100,"B",2016,"P MVR","VOLVO","Prime Mover - Single Trailer","M",32,"30-39","Drivers"
"T20190025734","19/12/19",16:10:00,"Collision with vehicle","Thursday","Day",2,2,"Cross intersection",3,60,"A",2018,"UTIL","FORD","Utility","M",40,"40-49","Drivers"
"T20190025735","19/12/19",16:00:00,"Collision with vehicle","Thursday","Day",5,8,"Not at intersection",2,999,"A",2004,"SEDAN","TOYOTA","Car","M",23,"22-25","Drivers"
"T20190025735","19/12/19",16:00:00,"Collision with vehicle","Thursday","Day",5,8,"Not at intersection",2,999,"B",2011,"SEDAN","MAZDA","Car","F",27,"26-29","Drivers"
"T20190025735","19/12/19",16:00:00,"Collision with vehicle","Thursday","Day",5,8,"Not at intersection",2,999,"C",2014,"SEDAN","FORD","Car","F",46,"40-49","Drivers"
"T20190025735","19/12/19",16:00:00,"Collision with vehicle","Thursday","Day",5,8,"Not at intersection",2,999,"D",2014,"SEDAN","HOLDEN","Car","M",47,"40-49","Drivers"
"T20190025735","19/12/19",16:00:00,"Collision with vehicle","Thursday","Day",5,8,"Not at intersection",2,999,"E",2010,"SEDAN","FORD","Car","F",25,"22-25","Drivers"
"T20190025736","19/12/19",13:30:00,"Collision with vehicle","Thursday","Day",2,2,"Cross intersection",3,60,"A",2014,"S WAG","MAZDA","Station Wagon","F",64,"60-64","Drivers"
"T20190025736","19/12/19",13:30:00,"Collision with vehicle","Thursday","Day",2,2,"Cross intersection",3,60,"B",2011,"DC UTE","NISSAN","Utility","M",30,"30-39","Drivers"
"T20190025745","18/12/19",05:45:00,"Collision with a fixed object","Wednesday","Dark Street lights on",1,1,"Not at intersection",3,60,"A",2015,"SEDAN","TOYOTA","Car","M",34,"30-39","Drivers"
"T20190025746","19/12/19",18:15:00,"Collision with a fixed object","Thursday","Day",1,1,"Not at intersection",3,50,"A",2016,"SED","HONDA","Car","F",82,"70+","Drivers"
"T20190025747","19/12/19",17:05:00,"Collision with a fixed object","Thursday","Day",1,1,"Not at intersection",1,100,"A",2006,"DC UTE","HOLDEN","Utility","M",24,"22-25","Drivers"
"T20190025748","19/12/19",14:15:00,"Collision with vehicle","Thursday","Day",2,2,"Not at intersection",2,60,"A",2011,"SEDAN","HONDA","Car","F",46,"40-49","Drivers"
"T20190025751","19/12/19",19:00:00,"Collision with vehicle","Thursday","Day",2,2,"Cross intersection",3,50,"A",2006,"SEDAN","MAZDA","Car","F",18,"17-21","Drivers"
"T20190025751","19/12/19",19:00:00,"Collision with vehicle","Thursday","Day",2,2,"Cross intersection",3,50,"B",1998,"SEDAN","HONDA","Car","M",30,"30-39","Drivers"
"T20190025753","19/12/19",16:55:00,"Collision with vehicle","Thursday","Day",2,2,"Cross intersection",3,60,"A",2014,"WAGON","PEUG","Station Wagon","M",30,"30-39","Drivers"
"T20190025753","19/12/19",16:55:00,"Collision with vehicle","Thursday","Day",2,2,"Cross intersection",3,60,"B",2016,"WAGON","MAZDA","Station Wagon","F",27,"26-29","Drivers"
"T20190025757","19/12/19",16:15:00,"Collision with vehicle","Thursday","Day",7,9,"Not at intersection",2,50,"A",2017,"TIPPER","HINO","Heavy Vehicle (Rigid) > 4.5 Tonnes","M",30,"30-39","Drivers"
"T20190025757","19/12/19",16:15:00,"Collision with vehicle","Thursday","Day",7,9,"Not at intersection",2,50,"B",2012,"SEDAN","SUZUKI","Car","M",55,"50-59","Drivers"
"T20190025757","19/12/19",16:15:00,"Collision with vehicle","Thursday","Day",7,9,"Not at intersection",2,50,"C",2013,"SEDAN","TOYOTA","Car","F",40,"40-49","Drivers"
"T20190025757","19/12/19",16:15:00,"Collision with vehicle","Thursday","Day",7,9,"Not at intersection",2,50,"D",2012,"SEDAN","MERC B","Car","M",44,"40-49","Drivers"
"T20190025757","19/12/19",16:15:00,"Collision with vehicle","Thursday","Day",7,9,"Not at intersection",2,50,"E",2018,"SEDAN","TOYOTA","Car","F",77,"70+","Drivers"
"T20190025757","19/12/19",16:15:00,"Collision with vehicle","Thursday","Day",7,9,"Not at intersection",2,50,"F",2004,"WAGON","TOYOTA","Station Wagon","M",27,"26-29","Drivers"
"T20190025757","19/12/19",16:15:00,"Collision with vehicle","Thursday","Day",7,9,"Not at intersection",2,50,"G",2010,"UTIL","MITSUB","Utility","M",25,"22-25","Drivers"
"T20190025760","19/12/19",16:30:00,"Struck Pedestrian","Thursday","Day",1,2,"Not at intersection",2,60,"A",2009,"SEDAN","TOYOTA","Car","M",31,"30-39","Drivers"
"T20190025764","19/12/19",10:30:00,"Collision with vehicle","Thursday","Unknown",3,3,"Not at intersection",3,60,"A",2012,"COUPE","B M W","Car","F",28,"26-29","Drivers"
"T20190025764","19/12/19",10:30:00,"Collision with vehicle","Thursday","Unknown",3,3,"Not at intersection",3,60,"B",2012,"S WAG","HYNDAI","Station Wagon","M",36,"30-39","Drivers"
"T20190025764","19/12/19",10:30:00,"Collision with vehicle","Thursday","Unknown",3,3,"Not at intersection",3,60,"C",2016,"WAGON","SUBARU","Station Wagon","M",41,"40-49","Drivers"
"T20190025767","19/12/19",22:15:00,"Collision with vehicle","Thursday","Dark Street lights on",2,2,"Not at intersection",3,60,"B",0,"SEDAN","UNKN","Car","U",NA,"unknown","Drivers"
"T20190025768","20/12/19",01:00:00,"Collision with a fixed object","Friday","Dark No street lights",1,1,"Not at intersection",3,60,"A",2014,"SEDAN","FIAT","Car","F",20,"17-21","Drivers"
"T20190025771","19/12/19",11:00:00,"Collision with vehicle","Thursday","Day",2,2,"T intersection",3,80,"A",2019,"VAN","HYNDAI","Panel Van","M",51,"50-59","Drivers"
"T20190025771","19/12/19",11:00:00,"Collision with vehicle","Thursday","Day",2,2,"T intersection",3,80,"B",2008,"SEDAN","SUBARU","Car","F",35,"30-39","Drivers"
"T20190025772","16/12/19",18:30:00,"Collision with vehicle","Monday","Day",3,3,"T intersection",3,80,"A",2017,"WAGON","SUBARU","Station Wagon","U",NA,"unknown","Drivers"
"T20190025772","16/12/19",18:30:00,"Collision with vehicle","Monday","Day",3,3,"T intersection",3,80,"B",1994,"WAGON","TOYOTA","Station Wagon","F",26,"26-29","Drivers"
"T20190025772","16/12/19",18:30:00,"Collision with vehicle","Monday","Day",3,3,"T intersection",3,80,"C",2009,"DC UTE","HOLDEN","Utility","M",58,"50-59","Drivers"
"T20190025776","4/12/19",17:25:00,"Collision with vehicle","Wednesday","Day",2,2,"T intersection",3,60,"A",2008,"SEDAN","FORD","Car","M",24,"22-25","Drivers"
"T20190025776","4/12/19",17:25:00,"Collision with vehicle","Wednesday","Day",2,2,"T intersection",3,60,"B",2014,"WAGON","SUBARU","Station Wagon","F",40,"40-49","Drivers"
"T20190025777","27/11/19",15:40:00,"Collision with vehicle","Wednesday","Day",2,2,"T intersection",3,80,"A",2010,"WAGON","MAZDA","Station Wagon","F",51,"50-59","Drivers"
"T20190025777","27/11/19",15:40:00,"Collision with vehicle","Wednesday","Day",2,2,"T intersection",3,80,"B",2000,"SEDAN","TOYOTA","Car","F",21,"17-21","Drivers"
"T20190025779","20/12/19",07:35:00,"Collision with vehicle","Friday","Day",2,2,"T intersection",3,50,"A",2003,"SEDAN","FORD","Car","M",23,"22-25","Drivers"
"T20190025779","20/12/19",07:35:00,"Collision with vehicle","Friday","Day",2,2,"T intersection",3,50,"B",2005,"SEDAN","HOLDEN","Car","U",NA,"unknown","Drivers"
"T20190025783","20/12/19",06:00:00,"Struck animal","Friday","Dusk/Dawn",1,1,"Not at intersection",3,100,"A",2019,"WAGON","MITSUB","Station Wagon","F",27,"26-29","Drivers"
"T20190025784","20/12/19",05:20:00,"Struck animal","Friday","Dark No street lights",1,1,"Not at intersection",2,100,"A",2007,"DC UTE","TOYOTA","Utility","M",19,"17-21","Drivers"
"T20190025785","20/12/19",06:15:00,"Vehicle overturned (no collision)","Friday","Day",1,1,"Not at intersection",3,100,"A",2004,"SEDAN","DAIHAT","Car","M",23,"22-25","Drivers"
"T20190025786","24/7/19",10:30:00,"Collision with vehicle","Wednesday","Unknown",2,2,"Cross intersection",3,80,"A",2002,"S WAG","HOLDEN","Station Wagon","M",59,"50-59","Drivers"
"T20190025786","24/7/19",10:30:00,"Collision with vehicle","Wednesday","Unknown",2,2,"Cross intersection",3,80,"B",2005,"UTIL","MITSUB","Utility","M",42,"40-49","Drivers"
"T20190025788","17/12/19",16:30:00,"Collision with vehicle","Tuesday","Day",2,2,"Cross intersection",3,999,"A",2010,"SEDAN","MAZDA","Car","F",25,"22-25","Drivers"
"T20190025788","17/12/19",16:30:00,"Collision with vehicle","Tuesday","Day",2,2,"Cross intersection",3,999,"B",2000,"WAGON","MITSUB","Car","M",32,"30-39","Drivers"
"T20190025790","20/12/19",11:50:00,"Collision with vehicle","Friday","Day",2,3,"Not at intersection",3,100,"A",2009,"SEDAN","SUBARU","Car","M",20,"17-21","Drivers"
"T20190025790","20/12/19",11:50:00,"Collision with vehicle","Friday","Day",2,3,"Not at intersection",3,100,"B",2009,"WAGON","FORD","Station Wagon","M",62,"60-64","Drivers"
"T20190025791","20/12/19",06:05:00,"Fall from or in moving vehicle","Friday","Day",3,3,"Not at intersection",3,70,"A",2019,"TIPPER","VOLVO","Heavy Vehicle (Rigid) > 4.5 Tonnes","M",34,"30-39","Drivers"
"T20190025792","20/12/19",09:20:00,"Collision with vehicle","Friday","Day",2,3,"Cross intersection",3,50,"A",2003,"SEDAN","TOYOTA","Car","M",37,"30-39","Drivers"
"T20190025792","20/12/19",09:20:00,"Collision with vehicle","Friday","Day",2,3,"Cross intersection",3,50,"B",2012,"SEDAN","HOLDEN","Car","M",27,"26-29","Drivers"
"T20190025794","19/12/19",18:15:00,"Collision with vehicle","Thursday","Day",3,3,"Not at intersection",3,40,"A",2012,"SEDAN","NISSAN","Car","F",25,"22-25","Drivers"
"T20190025794","19/12/19",18:15:00,"Collision with vehicle","Thursday","Day",3,3,"Not at intersection",3,40,"B",2014,"SEDAN","MAZDA","Car","F",66,"64-69","Drivers"
"T20190025794","19/12/19",18:15:00,"Collision with vehicle","Thursday","Day",3,3,"Not at intersection",3,40,"C",2016,"SEDAN","KIA","Car","F",22,"22-25","Drivers"
"T20190025795","19/12/19",11:45:00,"Collision with vehicle","Thursday","Day",2,2,"Not at intersection",2,80,"A",1999,"SEDAN","HOLDEN","Car","F",20,"17-21","Drivers"
"T20190025795","19/12/19",11:45:00,"Collision with vehicle","Thursday","Day",2,2,"Not at intersection",2,80,"B",2015,"SEDAN","HOLDEN","Car","M",45,"40-49","Drivers"
"T20190025801","20/12/19",04:30:00,"Struck Pedestrian","Friday","Dark Street lights unknown",1,3,"T intersection",1,60,"A",1992,"SEDAN","HOLDEN","Car","M",19,"17-21","Drivers"
"T20190025802","20/12/19",12:30:00,"Collision with vehicle","Friday","Day",2,2,"Not at intersection",3,70,"A",2005,"SED","UNKN","Car","M",44,"40-49","Drivers"
"T20190025802","20/12/19",12:30:00,"Collision with vehicle","Friday","Day",2,2,"Not at intersection",3,70,"B",2018,"UTIL","MITSUB","Utility","M",22,"22-25","Drivers"
"T20190025805","20/12/19",13:30:00,"Collision with vehicle","Friday","Day",2,3,"Cross intersection",3,50,"A",2011,"SEDAN","MAZDA","Car","F",74,"70+","Drivers"
"T20190025805","20/12/19",13:30:00,"Collision with vehicle","Friday","Day",2,3,"Cross intersection",3,50,"B",2017,"WAGON","HOLDEN","Station Wagon","F",44,"40-49","Drivers"
"T20190025808","20/12/19",13:55:00,"Collision with vehicle","Friday","Day",3,5,"T intersection",3,60,"A",2019,"WAGON","TOYOTA","Station Wagon","F",35,"30-39","Drivers"
"T20190025808","20/12/19",13:55:00,"Collision with vehicle","Friday","Day",3,5,"T intersection",3,60,"B",2004,"SEDAN","MAZDA","Car","M",23,"22-25","Drivers"
"T20190025808","20/12/19",13:55:00,"Collision with vehicle","Friday","Day",3,5,"T intersection",3,60,"C",2013,"WAGON","NISSAN","Station Wagon","M",56,"50-59","Drivers"
"T20190025810","20/12/19",14:44:00,"Collision with vehicle","Friday","Day",2,2,"Cross intersection",3,60,"A",2016,"WAGON","MAZDA","Car","M",42,"40-49","Drivers"
"T20190025810","20/12/19",14:44:00,"Collision with vehicle","Friday","Day",2,2,"Cross intersection",3,60,"B",2009,"COUPE","HYNDAI","Car","F",55,"50-59","Drivers"
"T20190025813","20/12/19",14:00:00,"Collision with vehicle","Friday","Day",2,2,"Not at intersection",3,999,"A",2017,"SEDAN","TOYOTA","Car","M",52,"50-59","Drivers"
"T20190025814","11/12/19",13:52:00,"Collision with vehicle","Wednesday","Day",2,2,"T intersection",3,60,"A",2008,"S WAG","SUBARU","Station Wagon","F",49,"40-49","Drivers"
"T20190025816","20/12/19",14:30:00,"Collision with vehicle","Friday","Day",3,4,"Unknown",3,40,"A",2019,"SEDAN","TOYOTA","Car","F",61,"60-64","Drivers"
"T20190025816","20/12/19",14:30:00,"Collision with vehicle","Friday","Day",3,4,"Unknown",3,40,"B",1998,"S WAG","FORD","Station Wagon","M",58,"50-59","Drivers"
"T20190025816","20/12/19",14:30:00,"Collision with vehicle","Friday","Day",3,4,"Unknown",3,40,"C",2015,"VAN","TOYOTA","Panel Van","M",54,"50-59","Drivers"
"T20190025817","10/12/19",06:30:00,"Collision with vehicle","Tuesday","Unknown",3,3,"Not at intersection",3,999,"A",2013,"VAN","UNKN","Panel Van","M",38,"30-39","Drivers"
"T20190025817","10/12/19",06:30:00,"Collision with vehicle","Tuesday","Unknown",3,3,"Not at intersection",3,999,"B",2015,"P MVR","MACK","Prime Mover Only","M",30,"30-39","Drivers"
"T20190025817","10/12/19",06:30:00,"Collision with vehicle","Tuesday","Unknown",3,3,"Not at intersection",3,999,"C",0,"S WAG","MITSUB","Station Wagon","M",33,"30-39","Drivers"
"T20190025820","20/12/19",15:06:00,"Collision with vehicle","Friday","Day",2,3,"Cross intersection",3,40,"A",2017,"SEDAN","HONDA","Taxi","M",30,"30-39","Drivers"
"T20190025820","20/12/19",15:06:00,"Collision with vehicle","Friday","Day",2,3,"Cross intersection",3,40,"B",2018,"SEDAN","HYNDAI","Car","U",NA,"unknown","Drivers"
"T20190025823","19/12/19",16:45:00,"Collision with vehicle","Thursday","Day",2,2,"T intersection",3,80,"A",2012,"SEDAN","FORD","Car","M",25,"22-25","Drivers"
"T20190025823","19/12/19",16:45:00,"Collision with vehicle","Thursday","Day",2,2,"T intersection",3,80,"B",2010,"WAGON","TOYOTA","Station Wagon","F",47,"40-49","Drivers"
"T20190025825","20/12/19",16:15:00,"Collision with a fixed object","Friday","Day",1,1,"Not at intersection",3,80,"A",2016,"SEDAN","KIA","Car","F",21,"17-21","Drivers"
"T20190025826","20/12/19",17:25:00,"Collision with vehicle","Friday","Day",2,3,"Not at intersection",3,50,"B",2001,"SEDAN","TOYOTA","Car","M",57,"50-59","Drivers"
"T20190025831","20/12/19",19:10:00,"Collision with vehicle","Friday","Day",3,1,"Not at intersection",3,50,"A",2000,"SEDAN","MITSUB","Car","M",81,"70+","Drivers"
"T20190025832","20/12/19",16:55:00,"Collision with a fixed object","Friday","Day",1,2,"T intersection",3,80,"A",2017,"SED","HYNDAI","Car","F",23,"22-25","Drivers"
"T20190025833","8/12/19",12:00:00,"Collision with vehicle","Sunday","Day",2,2,"Not at intersection",3,50,"C",2006,"SEDAN","HOLDEN","Car","F",60,"60-64","Drivers"
"T20190025835","20/12/19",16:35:00,"Collision with vehicle","Friday","Day",2,3,"Cross intersection",2,80,"A",2010,"SEDAN","MAZDA","Car","M",29,"26-29","Drivers"
"T20190025835","20/12/19",16:35:00,"Collision with vehicle","Friday","Day",2,3,"Cross intersection",2,80,"B",2011,"VAN","REN","Panel Van","M",25,"22-25","Drivers"
"T20190025838","20/12/19",20:20:00,"Collision with vehicle","Friday","Day",2,2,"T intersection",2,60,"A",1992,"SEDAN","SUBARU","Car","F",67,"64-69","Drivers"
"T20190025838","20/12/19",20:20:00,"Collision with vehicle","Friday","Day",2,2,"T intersection",2,60,"B",2017,"UTIL","TOYOTA","Utility","M",65,"64-69","Drivers"
"T20190025840","20/12/19",19:49:00,"Collision with a fixed object","Friday","Dusk/Dawn",1,1,"Not at intersection",3,999,"A",2013,"SEDAN","HONDA","Car","F",68,"64-69","Drivers"
"T20190025842","20/12/19",18:44:00,"Collision with vehicle","Friday","Day",2,3,"Not at intersection",3,60,"A",2003,"SEDAN","HOLDEN","Car","M",23,"22-25","Drivers"
"T20190025842","20/12/19",18:44:00,"Collision with vehicle","Friday","Day",2,3,"Not at intersection",3,60,"B",2004,"S WAG","SUBARU","Station Wagon","F",23,"22-25","Drivers"
"T20190025845","20/12/19",21:10:00,"Collision with vehicle","Friday","Dark No street lights",2,2,"Not at intersection",3,100,"A",2015,"WAGON","FIAT","Station Wagon","M",20,"17-21","Drivers"
"T20190025845","20/12/19",21:10:00,"Collision with vehicle","Friday","Dark No street lights",2,2,"Not at intersection",3,100,"B",2018,"UTIL","TOYOTA","Utility","M",28,"26-29","Drivers"
"T20190025847","20/12/19",17:57:00,"Collision with a fixed object","Friday","Day",1,1,"Not at intersection",3,50,"A",2008,"TRAY","MITSUB","Utility","M",22,"22-25","Drivers"
"T20190025852","20/12/19",21:23:00,"Vehicle overturned (no collision)","Friday","Dark No street lights",1,1,"Not at intersection",2,100,"A",1991,"SEDAN","TOYOTA","Car","M",47,"40-49","Drivers"
"T20190025853","20/12/19",23:32:00,"Struck Pedestrian","Friday","Dark Street lights on",1,2,"Not at intersection",3,70,"A",2018,"WAGON","TOYOTA","Station Wagon","U",NA,"unknown","Drivers"
"T20190025854","20/12/19",19:23:00,"Collision with vehicle","Friday","Day",3,3,"Not at intersection",2,80,"A",2006,"WAGON","HONDA","Station Wagon","F",28,"26-29","Drivers"
"T20190025854","20/12/19",19:23:00,"Collision with vehicle","Friday","Day",3,3,"Not at intersection",2,80,"B",2010,"VAN","TOYOTA","Light Commercial Vehicle (Rigid) <= 4.5 Tonnes GVM","M",37,"30-39","Drivers"
"T20190025854","20/12/19",19:23:00,"Collision with vehicle","Friday","Day",3,3,"Not at intersection",2,80,"C",2006,"DC UTE","TOYOTA","Utility","M",24,"22-25","Drivers"
"T20190025856","20/12/19",18:27:00,"Collision with a fixed object","Friday","Day",1,1,"Cross intersection",3,50,"A",2010,"SEDAN","TOYOTA","Car","F",49,"40-49","Drivers"
"T20190025858","20/12/19",23:45:00,"Collision with a fixed object","Friday","Dark No street lights",1,1,"Not at intersection",3,100,"A",2005,"SEDAN","HOLDEN","Car","M",22,"22-25","Drivers"
"T20190025866","7/12/19",14:00:00,"Collision with vehicle","Saturday","Day",2,2,"Not at intersection",3,40,"A",2010,"SEDAN","FORD","Car","M",24,"22-25","Drivers"
"T20190025866","7/12/19",14:00:00,"Collision with vehicle","Saturday","Day",2,2,"Not at intersection",3,40,"B",2009,"SEDAN","TOYOTA","Car","F",19,"17-21","Drivers"
"T20190025871","20/12/19",19:00:00,"Collision with vehicle","Friday","Dusk/Dawn",2,2,"Cross intersection",3,50,"A",2016,"SEDAN","HOLDEN","Car","F",25,"22-25","Drivers"
"T20190025872","20/12/19",16:10:00,"Struck Pedestrian","Friday","Day",1,3,"Not at intersection",3,40,"A",2012,"SEDAN","MERC B","Car","F",33,"30-39","Drivers"
"T20190025875","3/12/19",18:30:00,"Collision with vehicle","Tuesday","Day",3,3,"Not at intersection",3,999,"A",2017,"WAGON","VOLVO","Station Wagon","M",59,"50-59","Drivers"
"T20190025881","13/11/19",18:23:00,"Collision with a fixed object","Wednesday","Day",1,1,"Not at intersection",3,110,"A",2011,"SED","TOYOTA","Car","F",30,"30-39","Drivers"
"T20190025882","17/12/19",20:30:00,"Collision with vehicle","Tuesday","Dusk/Dawn",2,2,"T intersection",3,50,"A",2015,"SEDAN","TOYOTA","Car","U",NA,"unknown","Drivers"
"T20190025883","21/12/19",07:45:00,"Collision with a fixed object","Saturday","Day",1,1,"Not at intersection",3,100,"A",1999,"UTIL","HOLDEN","Utility","M",64,"60-64","Drivers"
"T20190025886","21/12/19",11:15:00,"Collision with vehicle","Saturday","Day",2,3,"T intersection",2,60,"A",2016,"SEDAN","MERC B","Car","M",30,"30-39","Drivers"
"T20190025886","21/12/19",11:15:00,"Collision with vehicle","Saturday","Day",2,3,"T intersection",2,60,"B",2005,"SEDAN","HOLDEN","Car","F",81,"70+","Drivers"
"T20190025890","21/12/19",11:15:00,"Collision with vehicle","Saturday","Day",2,3,"Not at intersection",3,60,"A",2002,"SEDAN","FORD","Car","M",85,"70+","Drivers"
"T20190025890","21/12/19",11:15:00,"Collision with vehicle","Saturday","Day",2,3,"Not at intersection",3,60,"B",2004,"SEDAN","HOLDEN","Car","F",69,"64-69","Drivers"
"T20190025897","21/12/19",13:50:00,"Collision with vehicle","Saturday","Day",2,1,"Not at intersection",3,50,"A",2012,"WAGON","HYNDAI","Station Wagon","F",60,"60-64","Drivers"
"T20190025899","21/12/19",13:20:00,"Collision with vehicle","Saturday","Day",2,3,"T intersection",3,70,"A",2018,"SEDAN","TOYOTA","Car","F",51,"50-59","Drivers"
"T20190025899","21/12/19",13:20:00,"Collision with vehicle","Saturday","Day",2,3,"T intersection",3,70,"B",2016,"COUPE","B M W","Car","M",62,"60-64","Drivers"
"T20190025900","21/12/19",09:30:00,"Struck Pedestrian","Saturday","Day",1,3,"Cross intersection",1,60,"A",2011,"SEDAN","LEXUS","Car","M",28,"26-29","Drivers"
"T20190025902","21/12/19",12:55:00,"Collision with vehicle","Saturday","Day",3,2,"T intersection",2,60,"B",2014,"SEDAN","TOYOTA","Car","F",28,"26-29","Drivers"
"T20190025904","21/12/19",13:19:00,"Collision with vehicle","Saturday","Day",2,3,"Cross intersection",2,40,"B",2014,"SEDAN","CHRYS","Car","M",25,"22-25","Drivers"
"T20190025905","21/12/19",11:35:00,"Collision with vehicle","Saturday","Day",2,4,"Not at intersection",3,50,"A",2008,"WAGON","FORD","Station Wagon","M",36,"30-39","Drivers"
"T20190025905","21/12/19",11:35:00,"Collision with vehicle","Saturday","Day",2,4,"Not at intersection",3,50,"B",2015,"DC UTE","VOLKS","Utility","M",27,"26-29","Drivers"
"T20190025906","21/12/19",13:40:00,"Collision with vehicle","Saturday","Day",2,2,"T intersection",3,50,"B",2008,"WAGON","FORD","Station Wagon","M",53,"50-59","Drivers"
"T20190025908","21/12/19",07:30:00,"Collision with vehicle","Saturday","Day",2,3,"Cross intersection",3,80,"A",2004,"WAGON","TOYOTA","Station Wagon","M",16,"16-17","Drivers"
"T20190025908","21/12/19",07:30:00,"Collision with vehicle","Saturday","Day",2,3,"Cross intersection",3,80,"B",2012,"WAGON","NISSAN","Station Wagon","F",44,"40-49","Drivers"
"T20190025909","21/12/19",15:15:00,"Collision with a fixed object","Saturday","Day",1,1,"T intersection",3,60,"A",2014,"SEDAN","TOYOTA","Car","F",62,"60-64","Drivers"
"T20190025910","21/12/19",13:40:00,"Collision with a fixed object","Saturday","Day",1,1,"Not at intersection",3,60,"A",2002,"SEDAN","NISSAN","Car","M",71,"70+","Drivers"
"T20190025912","18/11/19",16:30:00,"Collision with vehicle","Monday","Day",2,2,"Not at intersection",3,60,"A",2019,"WAGON","SUZUKI","Station Wagon","M",57,"50-59","Drivers"
"T20190025912","18/11/19",16:30:00,"Collision with vehicle","Monday","Day",2,2,"Not at intersection",3,60,"B",2006,"UTIL","TOYOTA","Utility","M",47,"40-49","Drivers"
"T20190025913","21/12/19",12:00:00,"Collision with vehicle","Saturday","Day",2,5,"T intersection",3,60,"A",2007,"WAGON","MAZDA","Station Wagon","F",40,"40-49","Drivers"
"T20190025913","21/12/19",12:00:00,"Collision with vehicle","Saturday","Day",2,5,"T intersection",3,60,"B",2001,"SEDAN","FORD","Car","M",33,"30-39","Drivers"
"T20190025915","21/12/19",13:54:00,"Collision with vehicle","Saturday","Day",2,3,"T intersection",3,60,"A",1995,"SEDAN","FORD","Car","M",88,"70+","Drivers"
"T20190025915","21/12/19",13:54:00,"Collision with vehicle","Saturday","Day",2,3,"T intersection",3,60,"B",2019,"UTIL","FORD","Utility","M",45,"40-49","Drivers"
"T20190025918","21/12/19",11:50:00,"Collision with a fixed object","Saturday","Day",1,1,"T intersection",2,100,"A",2014,"DC UTE","MITSUB","Utility","M",53,"50-59","Drivers"
"T20190025919","29/3/19",14:35:00,"Collision with vehicle","Friday","Day",2,2,"T intersection",3,60,"A",2015,"SEDAN","TOYOTA","Car","M",65,"64-69","Drivers"
"T20190025919","29/3/19",14:35:00,"Collision with vehicle","Friday","Day",2,2,"T intersection",3,60,"B",2016,"SEDAN","HYNDAI","Car","M",43,"40-49","Drivers"
"T20190025920","21/12/19",12:53:00,"Collision with vehicle","Saturday","Day",2,3,"Cross intersection",3,50,"A",2012,"UTIL","HOLDEN","Utility","M",64,"60-64","Drivers"
"T20190025920","21/12/19",12:53:00,"Collision with vehicle","Saturday","Day",2,3,"Cross intersection",3,50,"B",2014,"SEDAN","HYNDAI","Car","F",20,"17-21","Drivers"
"T20190025921","20/12/19",18:00:00,"Collision with vehicle","Friday","Day",2,2,"Cross intersection",3,70,"A",2007,"COUPE","HYNDAI","Car","M",23,"22-25","Drivers"
"T20190025921","20/12/19",18:00:00,"Collision with vehicle","Friday","Day",2,2,"Cross intersection",3,70,"B",2002,"UTIL","NISSAN","Utility","M",21,"17-21","Drivers"
"T20190025930","21/12/19",15:30:00,"Collision with vehicle","Saturday","Day",2,2,"Not at intersection",3,80,"A",2013,"DC UTE","MAZDA","Utility","M",23,"22-25","Drivers"
"T20190025931","18/12/19",10:00:00,"Collision with vehicle","Wednesday","Day",2,2,"Not at intersection",3,50,"B",2018,"SEDAN","HOLDEN","Car","F",44,"40-49","Drivers"
"T20190025932","21/12/19",18:55:00,"Collision with vehicle","Saturday","Day",2,2,"Not at intersection",3,50,"A",2010,"SEDAN","MAZDA","Car","F",32,"30-39","Drivers"
"T20190025933","21/12/19",17:30:00,"Collision with vehicle","Saturday","Day",2,3,"Not at intersection",3,100,"A",2011,"WAGON","MAZDA","Station Wagon","F",41,"40-49","Drivers"