"ACCIDENT_NO","ACCIDENTDATE","ACCIDENTTIME","Accident Type Desc","Day Week Description","Light Condition Desc","NO_OF_VEHICLES","NO_PERSONS","Road Geometry Desc","SEVERITY","SPEED_ZONE","VEHICLE_ID","VEHICLE_YEAR_MANUF","VEHICLE_BODY_STYLE","VEHICLE_MAKE","Vehicle Type Desc","SEX","AGE","Age Group","Road User Type Desc"
"T20190025933","21/12/19",17:30:00,"Collision with vehicle","Saturday","Day",2,3,"Not at intersection",3,100,"B",2000,"COUPE","DAIHAT","Car","M",21,"17-21","Drivers"
"T20190025934","21/12/19",20:00:00,"Collision with vehicle","Saturday","Day",4,7,"Not at intersection",3,60,"A",2017,"SEDAN","HYNDAI","Car","M",24,"22-25","Drivers"
"T20190025934","21/12/19",20:00:00,"Collision with vehicle","Saturday","Day",4,7,"Not at intersection",3,60,"B",2009,"SEDAN","VOLKS","Car","F",54,"50-59","Drivers"
"T20190025934","21/12/19",20:00:00,"Collision with vehicle","Saturday","Day",4,7,"Not at intersection",3,60,"C",2011,"SEDAN","MAZDA","Car","M",60,"60-64","Drivers"
"T20190025934","21/12/19",20:00:00,"Collision with vehicle","Saturday","Day",4,7,"Not at intersection",3,60,"D",2004,"WAGON","TOYOTA","Station Wagon","M",52,"50-59","Drivers"
"T20190025935","21/12/19",19:00:00,"Collision with vehicle","Saturday","Day",2,2,"Not at intersection",3,80,"A",2009,"WAGON","TOYOTA","Station Wagon","M",63,"60-64","Drivers"
"T20190025940","20/12/19",18:45:00,"Collision with vehicle","Friday","Unknown",2,2,"T intersection",3,60,"A",2010,"SEDAN","TOYOTA","Car","M",31,"30-39","Drivers"
"T20190025940","20/12/19",18:45:00,"Collision with vehicle","Friday","Unknown",2,2,"T intersection",3,60,"B",2015,"WAGON","NISSAN","Station Wagon","M",33,"30-39","Drivers"
"T20190025942","21/12/19",21:15:00,"Collision with a fixed object","Saturday","Dark No street lights",1,1,"Not at intersection",3,80,"A",2006,"SEDAN","MERC B","Car","F",55,"50-59","Drivers"
"T20190025944","21/12/19",21:30:00,"Collision with vehicle","Saturday","Dark No street lights",3,3,"Not at intersection",3,80,"A",2007,"SEDAN","TOYOTA","Car","M",29,"26-29","Drivers"
"T20190025944","21/12/19",21:30:00,"Collision with vehicle","Saturday","Dark No street lights",3,3,"Not at intersection",3,80,"B",2008,"WAGON","HONDA","Station Wagon","F",48,"40-49","Drivers"
"T20190025944","21/12/19",21:30:00,"Collision with vehicle","Saturday","Dark No street lights",3,3,"Not at intersection",3,80,"C",1993,"SEDAN","TOYOTA","Car","M",20,"17-21","Drivers"
"T20190025946","21/12/19",22:38:00,"Collision with vehicle","Saturday","Dark Street lights on",2,4,"T intersection",3,60,"A",2009,"UTIL","TOYOTA","Utility","M",42,"40-49","Drivers"
"T20190025946","21/12/19",22:38:00,"Collision with vehicle","Saturday","Dark Street lights on",2,4,"T intersection",3,60,"B",2009,"SED","NISSAN","Car","M",26,"26-29","Drivers"
"T20190025949","22/12/19",00:44:00,"Vehicle overturned (no collision)","Sunday","Dark No street lights",2,3,"Not at intersection",3,80,"B",2006,"SEDAN","FORD","Car","F",19,"17-21","Drivers"
"T20190025956","22/12/19",02:13:00,"Collision with a fixed object","Sunday","Dark Street lights on",1,1,"Cross intersection",3,80,"A",2004,"SED","HOLDEN","Car","M",39,"30-39","Drivers"
"T20190025959","21/12/19",11:00:00,"Struck Pedestrian","Saturday","Day",1,2,"Multiple intersection",3,50,"A",2008,"SEDAN","MAZDA","Car","F",53,"50-59","Drivers"
"T20190025963","22/12/19",08:30:00,"Collision with vehicle","Sunday","Day",2,2,"Cross intersection",3,50,"A",2003,"SEDAN","MAZDA","Car","F",34,"30-39","Drivers"
"T20190025963","22/12/19",08:30:00,"Collision with vehicle","Sunday","Day",2,2,"Cross intersection",3,50,"B",2009,"SEDAN","TOYOTA","Car","F",28,"26-29","Drivers"
"T20190025965","22/12/19",10:26:00,"Struck Pedestrian","Sunday","Day",1,2,"Cross intersection",3,60,"A",2019,"SEDAN","TOYOTA","Car","F",25,"22-25","Drivers"
"T20190025968","20/11/19",17:20:00,"Collision with vehicle","Wednesday","Day",3,3,"Cross intersection",3,60,"A",2010,"S WAG","HOLDEN","Station Wagon","F",30,"30-39","Drivers"
"T20190025968","20/11/19",17:20:00,"Collision with vehicle","Wednesday","Day",3,3,"Cross intersection",3,60,"B",2014,"WAGON","HOLDEN","Station Wagon","M",39,"30-39","Drivers"
"T20190025968","20/11/19",17:20:00,"Collision with vehicle","Wednesday","Day",3,3,"Cross intersection",3,60,"C",2006,"SEDAN","FORD","Car","F",29,"26-29","Drivers"
"T20190025969","22/12/19",08:50:00,"Collision with vehicle","Sunday","Day",3,7,"Not at intersection",2,100,"A",2008,"SEDAN","HONDA","Car","M",50,"50-59","Drivers"
"T20190025969","22/12/19",08:50:00,"Collision with vehicle","Sunday","Day",3,7,"Not at intersection",2,100,"B",2014,"S WAG","TOYOTA","Station Wagon","M",29,"26-29","Drivers"
"T20190025969","22/12/19",08:50:00,"Collision with vehicle","Sunday","Day",3,7,"Not at intersection",2,100,"C",2019,"WAGON","MITSUB","Station Wagon","M",42,"40-49","Drivers"
"T20190025970","22/12/19",08:30:00,"Vehicle overturned (no collision)","Sunday","Day",1,1,"Not at intersection",2,100,"A",2005,"SEDAN","HOLDEN","Car","M",21,"17-21","Drivers"
"T20190025975","22/12/19",12:00:00,"Collision with vehicle","Sunday","Day",2,2,"T intersection",3,80,"A",2012,"SEDAN","HYNDAI","Car","F",22,"22-25","Drivers"
"T20190025975","22/12/19",12:00:00,"Collision with vehicle","Sunday","Day",2,2,"T intersection",3,80,"B",2009,"WAGON","HYNDAI","Station Wagon","M",45,"40-49","Drivers"
"T20190025976","21/12/19",21:00:00,"Collision with vehicle","Saturday","Dark No street lights",2,2,"Not at intersection",3,80,"A",2017,"WAGON","L ROV","Station Wagon","M",45,"40-49","Drivers"
"T20190025976","21/12/19",21:00:00,"Collision with vehicle","Saturday","Dark No street lights",2,2,"Not at intersection",3,80,"B",2018,"SEDAN","HOLDEN","Car","M",43,"40-49","Drivers"
"T20190025977","22/12/19",09:20:00,"Collision with a fixed object","Sunday","Day",1,1,"Not at intersection",3,100,"A",2010,"SEDAN","TOYOTA","Car","F",70,"70+","Drivers"
"T20190025985","22/12/19",11:18:00,"Struck Pedestrian","Sunday","Day",1,2,"T intersection",2,40,"A",2016,"VAN","REN","Panel Van","M",48,"40-49","Drivers"
"T20190025987","10/9/19",17:00:00,"Collision with vehicle","Tuesday","Unknown",2,2,"Cross intersection",3,999,"A",2000,"WAGON","TOYOTA","Station Wagon","M",5,"5-12","Drivers"
"T20190025987","10/9/19",17:00:00,"Collision with vehicle","Tuesday","Unknown",2,2,"Cross intersection",3,999,"B",1997,"SEDAN","FORD","Car","M",46,"40-49","Drivers"
"T20190026000","22/12/19",19:00:00,"Collision with vehicle","Sunday","Day",2,2,"Cross intersection",3,40,"A",2019,"COUPE","M MOVE","Car","M",51,"50-59","Drivers"
"T20190026001","22/12/19",16:51:00,"Collision with vehicle","Sunday","Day",2,9,"Not at intersection",3,80,"A",2018,"WAGON","TOYOTA","Station Wagon","M",39,"30-39","Drivers"
"T20190026001","22/12/19",16:51:00,"Collision with vehicle","Sunday","Day",2,9,"Not at intersection",3,80,"B",2005,"WAGON","HONDA","Station Wagon","M",38,"30-39","Drivers"
"T20190026012","3/12/19",15:30:00,"Collision with vehicle","Tuesday","Day",2,2,"Cross intersection",3,60,"A",1999,"S WAG","VOLVO","Station Wagon","M",49,"40-49","Drivers"
"T20190026012","3/12/19",15:30:00,"Collision with vehicle","Tuesday","Day",2,2,"Cross intersection",3,60,"B",2017,"WAGON","HOLDEN","Station Wagon","F",47,"40-49","Drivers"
"T20190026016","22/12/19",12:17:00,"Collision with a fixed object","Sunday","Day",1,1,"T intersection",3,50,"A",2014,"SEDAN","HYNDAI","Car","M",77,"70+","Drivers"
"T20190026018","23/12/19",00:53:00,"Collision with vehicle","Monday","Dark Street lights on",2,3,"Not at intersection",3,60,"A",2006,"SEDAN","HYNDAI","Car","F",19,"17-21","Drivers"
"T20190026018","23/12/19",00:53:00,"Collision with vehicle","Monday","Dark Street lights on",2,3,"Not at intersection",3,60,"B",2005,"S WAG","TOYOTA","Station Wagon","M",27,"26-29","Drivers"
"T20190026020","17/12/19",12:10:00,"Collision with vehicle","Tuesday","Day",2,2,"T intersection",3,60,"A",2019,"WAGON","NISSAN","Station Wagon","F",36,"30-39","Drivers"
"T20190026021","21/12/19",03:20:00,"Collision with vehicle","Saturday","Dark Street lights on",2,2,"Cross intersection",3,60,"A",2014,"WAGON","KIA","Station Wagon","M",18,"17-21","Drivers"
"T20190026021","21/12/19",03:20:00,"Collision with vehicle","Saturday","Dark Street lights on",2,2,"Cross intersection",3,60,"B",2003,"S WAG","HOLDEN","Station Wagon","F",36,"30-39","Drivers"
"T20190026022","23/12/19",05:40:00,"Collision with vehicle","Monday","Day",2,5,"Not at intersection",3,80,"A",2005,"WAGON","HOLDEN","Station Wagon","F",70,"70+","Drivers"
"T20190026027","23/12/19",07:38:00,"Collision with vehicle","Monday","Day",2,2,"Not at intersection",3,80,"B",2013,"VAN","TOYOTA","Panel Van","M",74,"70+","Drivers"
"T20190026029","20/12/19",09:10:00,"Collision with vehicle","Friday","Day",3,3,"T intersection",3,50,"A",2002,"SEDAN","MAZDA","Car","M",68,"64-69","Drivers"
"T20190026029","20/12/19",09:10:00,"Collision with vehicle","Friday","Day",3,3,"T intersection",3,50,"B",2014,"SEDAN","HYNDAI","Car","F",26,"26-29","Drivers"
"T20190026029","20/12/19",09:10:00,"Collision with vehicle","Friday","Day",3,3,"T intersection",3,50,"C",2012,"SEDAN","HYNDAI","Car","F",31,"30-39","Drivers"
"T20190026030","29/11/19",21:15:00,"Collision with a fixed object","Friday","Unknown",1,1,"Not at intersection",3,80,"A",2005,"UTIL","NISSAN","Utility","F",27,"26-29","Drivers"
"T20190026033","27/11/19",22:30:00,"Collision with vehicle","Wednesday","Dark Street lights on",2,2,"T intersection",3,70,"A",2005,"SEDAN","HOLDEN","Car","M",43,"40-49","Drivers"
"T20190026033","27/11/19",22:30:00,"Collision with vehicle","Wednesday","Dark Street lights on",2,2,"T intersection",3,70,"B",2004,"SEDAN","MITSUB","Car","M",22,"22-25","Drivers"
"T20190026034","18/12/19",16:20:00,"Collision with vehicle","Wednesday","Day",2,3,"T intersection",3,60,"A",2010,"WAGON","B M W","Station Wagon","F",42,"40-49","Drivers"
"T20190026034","18/12/19",16:20:00,"Collision with vehicle","Wednesday","Day",2,3,"T intersection",3,60,"B",2001,"UTIL","FORD","Utility","M",61,"60-64","Drivers"
"T20190026037","23/12/19",02:50:00,"Collision with vehicle","Monday","Dark Street lights on",2,4,"Cross intersection",3,50,"A",1999,"SEDAN","MITSUB","Car","M",19,"17-21","Drivers"
"T20190026037","23/12/19",02:50:00,"Collision with vehicle","Monday","Dark Street lights on",2,4,"Cross intersection",3,50,"B",2008,"VAN","ISUZU","Heavy Vehicle (Rigid) > 4.5 Tonnes","M",48,"40-49","Drivers"
"T20190026041","23/12/19",12:00:00,"collision with some other object","Monday","Day",1,1,"Not at intersection",3,100,"A",1998,"SEDAN","TOYOTA","Car","F",42,"40-49","Drivers"
"T20190026044","19/12/19",18:30:00,"Collision with vehicle","Thursday","Day",2,2,"Not at intersection",3,999,"B",0,NA,"MERC B","Car","M",51,"50-59","Drivers"
"T20190026045","23/12/19",11:59:00,"Collision with a fixed object","Monday","Day",1,3,"Not at intersection",3,70,"A",1985,"MULTI","FORD","Mini Bus(9-13 seats)","M",59,"50-59","Drivers"
"T20190026047","23/12/19",12:20:00,"Collision with vehicle","Monday","Day",2,6,"T intersection",3,80,"A",2017,"S WAG","HYNDAI","Station Wagon","M",30,"30-39","Drivers"
"T20190026047","23/12/19",12:20:00,"Collision with vehicle","Monday","Day",2,6,"T intersection",3,80,"B",2003,"SEDAN","HOLDEN","Car","M",32,"30-39","Drivers"
"T20190026052","22/12/19",08:00:00,"Collision with vehicle","Sunday","Day",2,2,"T intersection",3,80,"A",2016,"WAGON","FORD","Station Wagon","F",46,"40-49","Drivers"
"T20190026052","22/12/19",08:00:00,"Collision with vehicle","Sunday","Day",2,2,"T intersection",3,80,"B",2019,"VAN","TOYOTA","Panel Van","M",21,"17-21","Drivers"
"T20190026053","23/12/19",10:30:00,"Collision with vehicle","Monday","Day",2,2,"Not at intersection",3,60,"A",2014,"WAGON","SUBARU","Station Wagon","F",70,"70+","Drivers"
"T20190026053","23/12/19",10:30:00,"Collision with vehicle","Monday","Day",2,2,"Not at intersection",3,60,"B",2018,"SEDAN","SUZUKI","Car","F",21,"17-21","Drivers"
"T20190026054","21/12/19",18:30:00,"Collision with vehicle","Saturday","Unknown",2,3,"Not at intersection",3,60,"B",2018,"SEDAN","VOLKS","Car","U",NA,"unknown","Drivers"
"T20190026063","23/12/19",11:35:00,"Collision with vehicle","Monday","Day",2,2,"T intersection",3,50,"A",2014,"SEDAN","TOYOTA","Car","F",62,"60-64","Drivers"
"T20190026063","23/12/19",11:35:00,"Collision with vehicle","Monday","Day",2,2,"T intersection",3,50,"B",2004,"WAGON","TOYOTA","Station Wagon","F",71,"70+","Drivers"
"T20190026064","22/12/19",22:56:00,"Collision with vehicle","Sunday","Dark Street lights on",2,1,"Not at intersection",3,50,"A",2013,"WAGON","MAZDA","Station Wagon","M",29,"26-29","Drivers"
"T20190026065","23/12/19",13:30:00,"Collision with vehicle","Monday","Day",2,10,"Cross intersection",3,80,"A",2015,"WAGON","NISSAN","Station Wagon","M",39,"30-39","Drivers"
"T20190026065","23/12/19",13:30:00,"Collision with vehicle","Monday","Day",2,10,"Cross intersection",3,80,"B",2007,"SEDAN","HOLDEN","Car","F",36,"30-39","Drivers"
"T20190026067","23/12/19",15:00:00,"Collision with vehicle","Monday","Day",2,2,"T intersection",3,40,"B",2015,"WAGON","NISSAN","Station Wagon","F",41,"40-49","Drivers"
"T20190026068","23/12/19",11:45:00,"Collision with vehicle","Monday","Day",2,2,"Cross intersection",3,60,"A",2012,"SEDAN","HYNDAI","Car","M",61,"60-64","Drivers"
"T20190026068","23/12/19",11:45:00,"Collision with vehicle","Monday","Day",2,2,"Cross intersection",3,60,"B",2019,"TRAY","HINO","Light Commercial Vehicle (Rigid) <= 4.5 Tonnes GVM","M",22,"22-25","Drivers"
"T20190026069","15/12/19",20:35:00,"Collision with vehicle","Sunday","Dusk/Dawn",2,2,"Not at intersection",3,80,"A",2015,"P MVR","DAF","Heavy Vehicle (Rigid) > 4.5 Tonnes","M",57,"50-59","Drivers"
"T20190026069","15/12/19",20:35:00,"Collision with vehicle","Sunday","Dusk/Dawn",2,2,"Not at intersection",3,80,"B",2011,"SEDAN","NISSAN","Car","F",33,"30-39","Drivers"
"T20190026070","23/12/19",15:10:00,"Collision with vehicle","Monday","Day",6,3,"Not at intersection",3,999,"A",2008,"S WAG","SUBARU","Station Wagon","M",26,"26-29","Drivers"
"T20190026070","23/12/19",15:10:00,"Collision with vehicle","Monday","Day",6,3,"Not at intersection",3,999,"B",2011,"SEDAN","NISSAN","Car","M",83,"70+","Drivers"
"T20190026074","23/12/19",16:30:00,"Collision with vehicle","Monday","Day",2,3,"T intersection",3,60,"A",1995,"SEDAN","TOYOTA","Car","M",50,"50-59","Drivers"
"T20190026074","23/12/19",16:30:00,"Collision with vehicle","Monday","Day",2,3,"T intersection",3,60,"B",2012,"SEDAN","TOYOTA","Taxi","M",23,"22-25","Drivers"
"T20190026075","11/12/19",14:00:00,"Collision with vehicle","Wednesday","Day",2,2,"Cross intersection",3,60,"A",2004,"WAGON","FORD","Station Wagon","F",69,"64-69","Drivers"
"T20190026076","23/12/19",18:15:00,"Collision with vehicle","Monday","Day",2,3,"Cross intersection",3,60,"A",2007,"S WAG","PEUG","Station Wagon","F",27,"26-29","Drivers"
"T20190026076","23/12/19",18:15:00,"Collision with vehicle","Monday","Day",2,3,"Cross intersection",3,60,"B",1998,"WAGON","TOYOTA","Station Wagon","M",24,"22-25","Drivers"
"T20190026077","21/12/19",19:00:00,"Collision with vehicle","Saturday","Day",2,4,"Cross intersection",3,60,"A",1998,"SEDAN","TOYOTA","Car","M",46,"40-49","Drivers"
"T20190026077","21/12/19",19:00:00,"Collision with vehicle","Saturday","Day",2,4,"Cross intersection",3,60,"B",2005,"WAGON","HONDA","Station Wagon","F",37,"30-39","Drivers"
"T20190026078","23/12/19",19:10:00,"Collision with vehicle","Monday","Day",2,3,"Cross intersection",3,80,"A",2017,"WAGON","HONDA","Station Wagon","M",20,"17-21","Drivers"
"T20190026078","23/12/19",19:10:00,"Collision with vehicle","Monday","Day",2,3,"Cross intersection",3,80,"B",2015,"COUPE","MERC B","Car","F",29,"26-29","Drivers"
"T20190026082","23/12/19",13:00:00,"Collision with vehicle","Monday","Day",2,3,"Not at intersection",3,80,"B",2012,"VAN","MERC B","Light Commercial Vehicle (Rigid) <= 4.5 Tonnes GVM","M",33,"30-39","Drivers"
"T20190026085","23/12/19",19:15:00,"Collision with vehicle","Monday","Day",2,5,"Not at intersection",3,60,"B",2017,"WAGON","TOYOTA","Station Wagon","F",28,"26-29","Drivers"
"T20190026087","23/12/19",08:15:00,"Collision with vehicle","Monday","Day",3,3,"Cross intersection",3,999,"A",2010,"SEDAN","KIA","Car","F",21,"17-21","Drivers"
"T20190026087","23/12/19",08:15:00,"Collision with vehicle","Monday","Day",3,3,"Cross intersection",3,999,"B",0,"S WAG","TOYOTA","Station Wagon","F",36,"30-39","Drivers"
"T20190026087","23/12/19",08:15:00,"Collision with vehicle","Monday","Day",3,3,"Cross intersection",3,999,"C",2017,"WAGON","ISUZU","Station Wagon","M",35,"30-39","Drivers"
"T20190026089","20/12/19",09:30:00,"Collision with vehicle","Friday","Day",2,2,"Not at intersection",1,50,"A",2005,"SEDAN","UNKN","Car","M",90,"70+","Drivers"
"T20190026089","20/12/19",09:30:00,"Collision with vehicle","Friday","Day",2,2,"Not at intersection",1,50,"B",2003,"WAGON","TOYOTA","Station Wagon","F",60,"60-64","Drivers"
"T20190026090","23/12/19",18:35:00,"Collision with vehicle","Monday","Day",2,4,"Not at intersection",3,60,"A",2010,"UTIL","HOLDEN","Utility","M",25,"22-25","Drivers"
"T20190026090","23/12/19",18:35:00,"Collision with vehicle","Monday","Day",2,4,"Not at intersection",3,60,"B",0,"DC UTE","VOLKSW","Utility","M",43,"40-49","Drivers"
"T20190026091","23/12/19",14:54:00,"Collision with vehicle","Monday","Day",2,2,"Cross intersection",3,60,"A",2011,"S WAG","VOLKS","Station Wagon","M",41,"40-49","Drivers"
"T20190026096","23/12/19",22:02:00,"Vehicle overturned (no collision)","Monday","Dark No street lights",1,1,"Not at intersection",3,100,"A",1986,"UTIL","TOYOTA","Utility","M",24,"22-25","Drivers"
"T20190026097","23/12/19",23:35:00,"Collision with a fixed object","Monday","Dark No street lights",1,1,"Not at intersection",3,60,"A",2010,"SEDAN","FORD","Car","F",48,"40-49","Drivers"
"T20190026101","24/12/19",01:30:00,"Collision with vehicle","Tuesday","Dark Street lights on",2,1,"T intersection",2,50,"A",1996,"WAGON","NISSAN","Station Wagon","M",16,"16-17","Drivers"
"T20190026101","24/12/19",01:30:00,"Collision with vehicle","Tuesday","Dark Street lights on",2,1,"T intersection",2,50,"B",2001,"SEDAN","HOLDEN","Car","M",30,"30-39","Drivers"
"T20190026104","23/12/19",22:00:00,"Collision with vehicle","Monday","Dark Street lights on",2,4,"Not at intersection",3,60,"A",2007,"SEDAN","MITSUB","Car","F",67,"64-69","Drivers"
"T20190026104","23/12/19",22:00:00,"Collision with vehicle","Monday","Dark Street lights on",2,4,"Not at intersection",3,60,"B",2009,"SEDAN","HONDA","Car","M",23,"22-25","Drivers"
"T20190026107","24/12/19",08:00:00,"Collision with vehicle","Tuesday","Day",2,2,"Cross intersection",3,999,"A",2012,"WAGON","NISSAN","Station Wagon","F",67,"64-69","Drivers"
"T20190026107","24/12/19",08:00:00,"Collision with vehicle","Tuesday","Day",2,2,"Cross intersection",3,999,"B",2010,"WAGON","HYNDAI","Station Wagon","M",30,"30-39","Drivers"
"T20190026108","24/11/19",16:00:00,"Collision with vehicle","Sunday","Day",2,3,"Not at intersection",3,100,"A",0,"S WAG","TOYOTA","Station Wagon","M",56,"50-59","Drivers"
"T20190026108","24/11/19",16:00:00,"Collision with vehicle","Sunday","Day",2,3,"Not at intersection",3,100,"B",2009,"DC UTE","HOLDEN","Utility","M",50,"50-59","Drivers"
"T20190026111","21/12/19",05:45:00,"Struck animal","Saturday","Dark No street lights",1,1,"Not at intersection",3,100,"A",2017,"WAGON","HYNDAI","Station Wagon","F",22,"22-25","Drivers"
"T20190026114","19/12/19",21:10:00,"Collision with vehicle","Thursday","Dusk/Dawn",2,2,"Cross intersection",3,50,"A",1989,"VAN","TOYOTA","Panel Van","M",54,"50-59","Drivers"
"T20190026115","20/12/19",15:00:00,"Collision with vehicle","Friday","Day",2,2,"T intersection",3,60,"A",2014,"SEDAN","TOYOTA","Car","F",64,"60-64","Drivers"
"T20190026115","20/12/19",15:00:00,"Collision with vehicle","Friday","Day",2,2,"T intersection",3,60,"B",2014,"SEDAN","HYNDAI","Car","M",28,"26-29","Drivers"
"T20190026118","24/12/19",08:15:00,"Collision with vehicle","Tuesday","Day",2,2,"Cross intersection",2,100,"A",2013,"T SDS","MITSUB","Light Commercial Vehicle (Rigid) <= 4.5 Tonnes GVM","M",68,"64-69","Drivers"
"T20190026118","24/12/19",08:15:00,"Collision with vehicle","Tuesday","Day",2,2,"Cross intersection",2,100,"B",1998,"VAN","ISUZU","Light Commercial Vehicle (Rigid) <= 4.5 Tonnes GVM","M",34,"30-39","Drivers"
"T20190026119","12/12/19",17:40:00,"Collision with vehicle","Thursday","Day",2,2,"Not at intersection",3,80,"A",2014,"SEDAN","MAZDA","Car","M",23,"22-25","Drivers"
"T20190026119","12/12/19",17:40:00,"Collision with vehicle","Thursday","Day",2,2,"Not at intersection",3,80,"B",2012,"SEDAN","HYNDAI","Car","F",39,"30-39","Drivers"
"T20190026122","19/12/19",14:00:00,"Collision with vehicle","Thursday","Day",4,6,"Not at intersection",3,80,"A",2005,"SEDAN","MAZDA","Car","F",42,"40-49","Drivers"
"T20190026122","19/12/19",14:00:00,"Collision with vehicle","Thursday","Day",4,6,"Not at intersection",3,80,"B",1984,"TRAY","FORD","Light Commercial Vehicle (Rigid) <= 4.5 Tonnes GVM","M",55,"50-59","Drivers"
"T20190026122","19/12/19",14:00:00,"Collision with vehicle","Thursday","Day",4,6,"Not at intersection",3,80,"C",2008,"TRAY","HINO","Light Commercial Vehicle (Rigid) <= 4.5 Tonnes GVM","M",43,"40-49","Drivers"
"T20190026122","19/12/19",14:00:00,"Collision with vehicle","Thursday","Day",4,6,"Not at intersection",3,80,"D",1998,"TRAY","MAZDA","Light Commercial Vehicle (Rigid) <= 4.5 Tonnes GVM","M",44,"40-49","Drivers"
"T20190026123","24/12/19",10:10:00,"Collision with a fixed object","Tuesday","Day",1,1,"Not at intersection",3,50,"A",2003,"S WAG","HOLDEN","Station Wagon","F",59,"50-59","Drivers"
"T20190026124","24/12/19",06:30:00,"Collision with vehicle","Tuesday","Dusk/Dawn",2,2,"Cross intersection",3,80,"A",2002,"SEDAN","VOLKS","Car","M",18,"17-21","Drivers"
"T20190026124","24/12/19",06:30:00,"Collision with vehicle","Tuesday","Dusk/Dawn",2,2,"Cross intersection",3,80,"B",2006,"SEDAN","TOYOTA","Car","M",37,"30-39","Drivers"
"T20190026125","22/12/19",22:30:00,"collision with some other object","Sunday","Dark No street lights",1,1,"Not at intersection",3,100,"A",2000,"TRAY","FORD","Utility","M",48,"40-49","Drivers"
"T20190026126","24/12/19",11:30:00,"Collision with vehicle","Tuesday","Day",5,13,"Cross intersection",3,80,"A",2018,"UTIL","MITSUB","Utility","M",35,"30-39","Drivers"
"T20190026126","24/12/19",11:30:00,"Collision with vehicle","Tuesday","Day",5,13,"Cross intersection",3,80,"B",2012,"SEDAN","HOLDEN","Car","M",31,"30-39","Drivers"
"T20190026126","24/12/19",11:30:00,"Collision with vehicle","Tuesday","Day",5,13,"Cross intersection",3,80,"C",2006,"WAGON","FORD","Station Wagon","M",50,"50-59","Drivers"
"T20190026126","24/12/19",11:30:00,"Collision with vehicle","Tuesday","Day",5,13,"Cross intersection",3,80,"D",2010,"SEDAN","TOYOTA","Car","M",41,"40-49","Drivers"
"T20190026126","24/12/19",11:30:00,"Collision with vehicle","Tuesday","Day",5,13,"Cross intersection",3,80,"E",0,"S WAG","NISSAN","Station Wagon","M",29,"26-29","Drivers"
"T20190026127","24/12/19",10:40:00,"Collision with vehicle","Tuesday","Day",2,2,"Cross intersection",3,60,"A",2014,"S WAG","HOLDEN","Station Wagon","F",76,"70+","Drivers"
"T20190026127","24/12/19",10:40:00,"Collision with vehicle","Tuesday","Day",2,2,"Cross intersection",3,60,"B",2015,"WAGON","HOLDEN","Car","M",80,"70+","Drivers"
"T20190026133","24/12/19",13:13:00,"Collision with a fixed object","Tuesday","Day",1,1,"T intersection",3,60,"A",2019,"SEDAN","MAZDA","Car","F",71,"70+","Drivers"
"T20190026134","20/12/19",11:35:00,"Collision with vehicle","Friday","Day",2,2,"Not at intersection",2,60,"A",2017,"WAGON","TOYOTA","Station Wagon","F",24,"22-25","Drivers"
"T20190026135","24/12/19",11:30:00,"Collision with vehicle","Tuesday","Unknown",2,3,"Cross intersection",2,50,"A",2009,"SEDAN","TOYOTA","Car","F",23,"22-25","Drivers"
"T20190026135","24/12/19",11:30:00,"Collision with vehicle","Tuesday","Unknown",2,3,"Cross intersection",2,50,"B",2006,"SEDAN","HONDA","Car","M",80,"70+","Drivers"
"T20190026136","9/11/19",15:18:00,"Vehicle overturned (no collision)","Saturday","Day",1,1,"Not at intersection",3,100,"A",1991,"S WAG","SUZUKI","Station Wagon","M",29,"26-29","Drivers"
"T20190026139","24/12/19",09:55:00,"Collision with a fixed object","Tuesday","Day",1,1,"Not at intersection",3,50,"A",2018,"SEDAN","HONDA","Car","F",62,"60-64","Drivers"
"T20190026141","24/12/19",08:15:00,"Collision with vehicle","Tuesday","Day",2,2,"T intersection",3,60,"A",2015,"SEDAN","AUDI","Car","F",22,"22-25","Drivers"
"T20190026141","24/12/19",08:15:00,"Collision with vehicle","Tuesday","Day",2,2,"T intersection",3,60,"B",2011,"WAGON","HYNDAI","Station Wagon","F",27,"26-29","Drivers"
"T20190026143","24/12/19",07:05:00,"Collision with vehicle","Tuesday","Day",4,4,"Not at intersection",2,70,"A",2017,"SEDAN","HOLDEN","Car","M",37,"30-39","Drivers"
"T20190026143","24/12/19",07:05:00,"Collision with vehicle","Tuesday","Day",4,4,"Not at intersection",2,70,"B",2016,"SEDAN","MAZDA","Car","M",52,"50-59","Drivers"
"T20190026143","24/12/19",07:05:00,"Collision with vehicle","Tuesday","Day",4,4,"Not at intersection",2,70,"D",2012,"SEDAN","TOYOTA","Car","F",26,"26-29","Drivers"
"T20190026146","24/12/19",15:15:00,"Collision with vehicle","Tuesday","Day",2,2,"Cross intersection",3,60,"A",2001,"DC UTE","TOYOTA","Utility","M",32,"30-39","Drivers"
"T20190026146","24/12/19",15:15:00,"Collision with vehicle","Tuesday","Day",2,2,"Cross intersection",3,60,"B",2016,"VAN","REN","Panel Van","M",31,"30-39","Drivers"
"T20190026147","17/12/19",21:20:00,"Collision with a fixed object","Tuesday","Dusk/Dawn",1,1,"Not at intersection",3,100,"A",2012,"TRAY","TOYOTA","Light Commercial Vehicle (Rigid) <= 4.5 Tonnes GVM","M",26,"26-29","Drivers"