"ACCIDENT_NO","ACCIDENTDATE","ACCIDENTTIME","Accident Type Desc","Day Week Description","Light Condition Desc","NO_OF_VEHICLES","NO_PERSONS","Road Geometry Desc","SEVERITY","SPEED_ZONE","VEHICLE_ID","VEHICLE_YEAR_MANUF","VEHICLE_BODY_STYLE","VEHICLE_MAKE","Vehicle Type Desc","SEX","AGE","Age Group","Road User Type Desc"
"T20190026148","24/12/19",16:25:00,"Collision with vehicle","Tuesday","Day",2,2,"Cross intersection",3,60,"B",2015,"WAGON","B M W","Station Wagon","M",79,"70+","Drivers"
"T20190026150","24/12/19",15:20:00,"Collision with vehicle","Tuesday","Day",2,2,"Cross intersection",3,50,"A",2013,"WAGON","TOYOTA","Car","F",36,"30-39","Drivers"
"T20190026150","24/12/19",15:20:00,"Collision with vehicle","Tuesday","Day",2,2,"Cross intersection",3,50,"B",2018,"SEDAN","FORD","Car","F",59,"50-59","Drivers"
"T20190026152","24/12/19",15:33:00,"Collision with vehicle","Tuesday","Day",4,4,"Not at intersection",3,80,"A",2002,"S WAG","HOLDEN","Station Wagon","M",37,"30-39","Drivers"
"T20190026152","24/12/19",15:33:00,"Collision with vehicle","Tuesday","Day",4,4,"Not at intersection",3,80,"B",2012,"SEDAN","HYNDAI","Car","M",28,"26-29","Drivers"
"T20190026152","24/12/19",15:33:00,"Collision with vehicle","Tuesday","Day",4,4,"Not at intersection",3,80,"C",2006,"SEDAN","HONDA","Car","M",22,"22-25","Drivers"
"T20190026152","24/12/19",15:33:00,"Collision with vehicle","Tuesday","Day",4,4,"Not at intersection",3,80,"D",2008,"SEDAN","TOYOTA","Car","F",62,"60-64","Drivers"
"T20190026157","24/12/19",17:24:00,"Collision with vehicle","Tuesday","Day",5,5,"T intersection",3,60,"A",2017,"SEDAN","FORD","Car","M",63,"60-64","Drivers"
"T20190026157","24/12/19",17:24:00,"Collision with vehicle","Tuesday","Day",5,5,"T intersection",3,60,"B",2010,"SEDAN","HOLDEN","Car","F",23,"22-25","Drivers"
"T20190026157","24/12/19",17:24:00,"Collision with vehicle","Tuesday","Day",5,5,"T intersection",3,60,"C",2012,"SEDAN","HONDA","Car","M",27,"26-29","Drivers"
"T20190026157","24/12/19",17:24:00,"Collision with vehicle","Tuesday","Day",5,5,"T intersection",3,60,"E",NA,"SEDAN","UNKN","Car","U",NA,"unknown","Drivers"
"T20190026158","23/12/19",15:44:00,"Collision with vehicle","Monday","Day",2,6,"Cross intersection",3,60,"A",2019,"WAGON","JEEP","Station Wagon","F",46,"40-49","Drivers"
"T20190026158","23/12/19",15:44:00,"Collision with vehicle","Monday","Day",2,6,"Cross intersection",3,60,"B",2009,"SEDAN","TOYOTA","Car","M",37,"30-39","Drivers"
"T20190026159","24/12/19",15:00:00,"Collision with vehicle","Tuesday","Day",2,2,"T intersection",3,60,"A",2014,"P MVR","W STAR","Prime Mover - Single Trailer","M",34,"30-39","Drivers"
"T20190026159","24/12/19",15:00:00,"Collision with vehicle","Tuesday","Day",2,2,"T intersection",3,60,"B",1999,"WAGON","MITSUB","Station Wagon","M",46,"40-49","Drivers"
"T20190026162","24/12/19",14:35:00,"Collision with a fixed object","Tuesday","Day",1,1,"Cross intersection",3,60,"A",2015,"DC UTE","MITSUB","Utility","M",18,"17-21","Drivers"
"T20190026165","23/12/19",16:55:00,"Collision with vehicle","Monday","Day",2,3,"T intersection",3,999,"A",2000,"SEDAN","HYNDAI","Car","M",19,"17-21","Drivers"
"T20190026165","23/12/19",16:55:00,"Collision with vehicle","Monday","Day",2,3,"T intersection",3,999,"B",2014,"S WAG","HYUNDA","Station Wagon","M",75,"70+","Drivers"
"T20190026168","24/12/19",18:30:00,"Collision with vehicle","Tuesday","Day",2,2,"Cross intersection",2,50,"A",2012,"SEDAN","TOYOTA","Car","M",39,"30-39","Drivers"
"T20190026172","24/12/19",19:20:00,"Collision with vehicle","Tuesday","Day",2,3,"Cross intersection",3,60,"A",2010,"COUPE","B M W","Car","M",18,"17-21","Drivers"
"T20190026172","24/12/19",19:20:00,"Collision with vehicle","Tuesday","Day",2,3,"Cross intersection",3,60,"B",1997,"SEDAN","MAZDA","Car","M",30,"30-39","Drivers"
"T20190026174","24/12/19",19:10:00,"Collision with vehicle","Tuesday","Day",2,2,"T intersection",3,70,"A",2004,"S WAG","FORD","Station Wagon","M",56,"50-59","Drivers"
"T20190026174","24/12/19",19:10:00,"Collision with vehicle","Tuesday","Day",2,2,"T intersection",3,70,"B",2017,"SEDAN","MERC B","Car","F",61,"60-64","Drivers"
"T20190026175","24/12/19",20:19:00,"Collision with vehicle","Tuesday","Day",2,3,"Not at intersection",2,100,"A",1995,"SEDAN","FORD","Car","M",49,"40-49","Drivers"
"T20190026175","24/12/19",20:19:00,"Collision with vehicle","Tuesday","Day",2,3,"Not at intersection",2,100,"B",2011,"SEDAN","HYNDAI","Car","M",40,"40-49","Drivers"
"T20190026176","24/12/19",21:30:00,"Struck animal","Tuesday","Dark No street lights",1,2,"Not at intersection",3,100,"A",2019,"SEDAN","TOYOTA","Car","F",66,"64-69","Drivers"
"T20190026180","24/12/19",22:19:00,"Collision with vehicle","Tuesday","Dark Street lights on",3,8,"Not at intersection",3,60,"A",2007,"S WAG","HOLDEN","Station Wagon","F",46,"40-49","Drivers"
"T20190026180","24/12/19",22:19:00,"Collision with vehicle","Tuesday","Dark Street lights on",3,8,"Not at intersection",3,60,"B",2016,"WAGON","SUZUKI","Station Wagon","F",25,"22-25","Drivers"
"T20190026180","24/12/19",22:19:00,"Collision with vehicle","Tuesday","Dark Street lights on",3,8,"Not at intersection",3,60,"C",2017,"SEDAN","MITSUB","Car","M",27,"26-29","Drivers"
"T20190026181","24/12/19",22:45:00,"Collision with vehicle","Tuesday","Dark Street lights on",3,3,"T intersection",3,60,"A",2017,"SEDAN","TOYOTA","Car","M",21,"17-21","Drivers"
"T20190026181","24/12/19",22:45:00,"Collision with vehicle","Tuesday","Dark Street lights on",3,3,"T intersection",3,60,"B",2006,"SEDAN","HONDA","Car","M",23,"22-25","Drivers"
"T20190026181","24/12/19",22:45:00,"Collision with vehicle","Tuesday","Dark Street lights on",3,3,"T intersection",3,60,"C",2017,"SEDAN","TOYOTA","Car","M",22,"22-25","Drivers"
"T20190026184","25/12/19",00:20:00,"Collision with a fixed object","Wednesday","Dark Street lights on",1,3,"Not at intersection",2,80,"A",1999,"SEDAN","AUDI","Car","F",26,"26-29","Drivers"
"T20190026188","24/12/19",21:45:00,"Collision with vehicle","Tuesday","Dark Street lights on",2,1,"Not at intersection",3,50,"A",2017,"UTIL","VOLKS","Utility","M",42,"40-49","Drivers"
"T20190026189","24/12/19",23:20:00,"Collision with vehicle","Tuesday","Dark Street lights unknown",2,5,"Not at intersection",2,60,"B",2003,"WAGON","MITSUB","Station Wagon","F",42,"40-49","Drivers"
"T20190026192","24/12/19",17:50:00,"Collision with vehicle","Tuesday","Day",2,5,"Cross intersection",3,50,"A",2017,"WAGON","TOYOTA","Station Wagon","M",46,"40-49","Drivers"
"T20190026192","24/12/19",17:50:00,"Collision with vehicle","Tuesday","Day",2,5,"Cross intersection",3,50,"B",2019,"TRAY","TOYOTA","Light Commercial Vehicle (Rigid) <= 4.5 Tonnes GVM","M",54,"50-59","Drivers"
"T20190026193","25/12/19",02:00:00,"Collision with a fixed object","Wednesday","Dark No street lights",1,1,"Not at intersection",2,100,"A",2009,"DC UTE","NISSAN","Utility","M",26,"26-29","Drivers"
"T20190026200","25/12/19",11:38:00,"Struck Pedestrian","Wednesday","Day",1,2,"Not at intersection",2,60,"A",2005,"SEDAN","HOLDEN","Car","M",51,"50-59","Drivers"
"T20190026201","25/12/19",13:00:00,"Collision with vehicle","Wednesday","Day",2,2,"Not at intersection",3,80,"B",2017,"TRAY","TOYOTA","Light Commercial Vehicle (Rigid) <= 4.5 Tonnes GVM","M",25,"22-25","Drivers"
"T20190026202","24/12/19",11:50:00,"Struck Pedestrian","Tuesday","Day",1,2,"Not at intersection",3,999,"A",2013,"WAGON","HYNDAI","Station Wagon","F",27,"26-29","Drivers"
"T20190026205","25/12/19",13:30:00,"Collision with a fixed object","Wednesday","Day",1,4,"Not at intersection",2,100,"A",0,"S WAG","HONDA","Station Wagon","F",40,"40-49","Drivers"
"T20190026206","20/12/19",17:45:00,"Collision with vehicle","Friday","Day",2,2,"Cross intersection",3,50,"A",2001,"WAGON","TOYOTA","Station Wagon","F",31,"30-39","Drivers"
"T20190026206","20/12/19",17:45:00,"Collision with vehicle","Friday","Day",2,2,"Cross intersection",3,50,"B",2018,"WAGON","HOLDEN","Station Wagon","M",24,"22-25","Drivers"
"T20190026207","25/12/19",14:38:00,"Collision with vehicle","Wednesday","Day",2,4,"Cross intersection",3,60,"A",2011,"SEDAN","MERC B","Car","M",67,"64-69","Drivers"
"T20190026207","25/12/19",14:38:00,"Collision with vehicle","Wednesday","Day",2,4,"Cross intersection",3,60,"B",2018,"SEDAN","HYNDAI","Car","F",18,"17-21","Drivers"
"T20190026209","24/12/19",15:50:00,"Vehicle overturned (no collision)","Tuesday","Day",2,2,"Cross intersection",2,60,"B",2010,"WAGON","HOLDEN","Station Wagon","M",55,"50-59","Drivers"
"T20190026210","25/12/19",14:37:00,"Collision with vehicle","Wednesday","Day",2,2,"Cross intersection",3,80,"A",1999,"SEDAN","MITSUB","Car","F",25,"22-25","Drivers"
"T20190026210","25/12/19",14:37:00,"Collision with vehicle","Wednesday","Day",2,2,"Cross intersection",3,80,"B",2015,"SEDAN","B M W","Car","F",27,"26-29","Drivers"
"T20190026211","25/12/19",15:45:00,"Collision with vehicle","Wednesday","Day",2,4,"Multiple intersection",3,80,"A",2007,"SEDAN","TOYOTA","Car","F",53,"50-59","Drivers"
"T20190026211","25/12/19",15:45:00,"Collision with vehicle","Wednesday","Day",2,4,"Multiple intersection",3,80,"B",2015,"COUPE","M MOVE","Car","M",56,"50-59","Drivers"
"T20190026212","23/12/19",13:15:00,"Collision with vehicle","Monday","Day",2,2,"Cross intersection",3,60,"A",2008,"S WAG","SUBARU","Station Wagon","M",73,"70+","Drivers"
"T20190026214","25/12/19",16:10:00,"Collision with vehicle","Wednesday","Day",2,3,"Cross intersection",3,60,"A",2018,"WAGON","FORD","Station Wagon","M",33,"30-39","Drivers"
"T20190026214","25/12/19",16:10:00,"Collision with vehicle","Wednesday","Day",2,3,"Cross intersection",3,60,"B",2003,"SEDAN","MERC B","Car","M",31,"30-39","Drivers"
"T20190026217","25/12/19",18:05:00,"Collision with vehicle","Wednesday","Day",3,3,"Cross intersection",3,60,"A",2008,"SEDAN","HONDA","Car","M",62,"60-64","Drivers"
"T20190026217","25/12/19",18:05:00,"Collision with vehicle","Wednesday","Day",3,3,"Cross intersection",3,60,"B",2010,"SEDAN","FORD","Car","M",22,"22-25","Drivers"
"T20190026217","25/12/19",18:05:00,"Collision with vehicle","Wednesday","Day",3,3,"Cross intersection",3,60,"C",2017,"SEDAN","TOYOTA","Car","M",22,"22-25","Drivers"
"T20190026219","25/12/19",17:40:00,"Collision with a fixed object","Wednesday","Day",1,1,"Not at intersection",3,80,"A",2008,"SEDAN","HYNDAI","Car","F",52,"50-59","Drivers"
"T20190026220","25/12/19",20:00:00,"Collision with vehicle","Wednesday","Dusk/Dawn",2,2,"Cross intersection",3,60,"A",1998,"WAGON","SUBARU","Station Wagon","F",42,"40-49","Drivers"
"T20190026224","25/12/19",05:35:00,"Struck Pedestrian","Wednesday","Dusk/Dawn",1,2,"Not at intersection",3,40,"A",2015,"SEDAN","TOYOTA","Taxi","U",NA,"unknown","Drivers"
"T20190026226","25/12/19",00:40:00,"Collision with a fixed object","Wednesday","Dark No street lights",1,1,"Not at intersection",2,100,"A",2000,"SEDAN","TOYOTA","Car","F",21,"17-21","Drivers"
"T20190026228","25/12/19",23:50:00,"Collision with vehicle","Wednesday","Dark Street lights on",2,4,"Not at intersection",3,60,"B",2012,"SEDAN","HOLDEN","Car","M",23,"22-25","Drivers"
"T20190026232","25/12/19",17:50:00,"Collision with vehicle","Wednesday","Day",2,1,"Not at intersection",3,100,"A",2016,"DC UTE","FORD","Utility","M",45,"40-49","Drivers"
"T20190026235","19/12/19",12:10:00,"Collision with vehicle","Thursday","Day",2,2,"T intersection",3,60,"A",2004,"SEDAN","FORD","Car","F",70,"70+","Drivers"
"T20190026236","26/12/19",09:30:00,"Collision with vehicle","Thursday","Day",2,4,"Not at intersection",3,60,"A",2012,"WAGON","VOLKS","Station Wagon","F",50,"50-59","Drivers"
"T20190026236","26/12/19",09:30:00,"Collision with vehicle","Thursday","Day",2,4,"Not at intersection",3,60,"B",2018,"UTIL","FORD","Utility","M",25,"22-25","Drivers"
"T20190026240","25/12/19",19:00:00,"Collision with a fixed object","Wednesday","Day",1,1,"Not at intersection",2,80,"A",2012,"UTIL","HOLDEN","Utility","M",57,"50-59","Drivers"
"T20190026246","17/9/19",23:05:00,"collision with some other object","Tuesday","Unknown",1,1,"T intersection",3,60,"A",2013,"RDSTR","B M W","Car","M",53,"50-59","Drivers"
"T20190026247","26/12/19",11:00:00,"Collision with vehicle","Thursday","Day",2,3,"Cross intersection",3,50,"A",2012,"SEDAN","TOYOTA","Car","F",82,"70+","Drivers"
"T20190026247","26/12/19",11:00:00,"Collision with vehicle","Thursday","Day",2,3,"Cross intersection",3,50,"B",2018,"WAGON","HONDA","Station Wagon","F",81,"70+","Drivers"
"T20190026250","26/12/19",06:58:00,"Collision with a fixed object","Thursday","Day",1,1,"Not at intersection",3,80,"A",2016,"SEDAN","MAZDA","Car","F",21,"17-21","Drivers"
"T20190026254","26/12/19",10:43:00,"Collision with a fixed object","Thursday","Day",1,1,"Not at intersection",3,100,"A",2006,"SED","HONDA","Car","M",19,"17-21","Drivers"
"T20190026260","26/12/19",11:50:00,"Collision with vehicle","Thursday","Day",2,2,"Not at intersection",3,50,"A",2006,"SEDAN","MAZDA","Car","F",49,"40-49","Drivers"
"T20190026260","26/12/19",11:50:00,"Collision with vehicle","Thursday","Day",2,2,"Not at intersection",3,50,"B",2009,"WAGON","MAZDA","Station Wagon","M",34,"30-39","Drivers"
"T20190026262","26/12/19",14:34:00,"Collision with vehicle","Thursday","Day",2,2,"Not at intersection",3,50,"A",2017,"WAGON","HONDA","Station Wagon","M",40,"40-49","Drivers"
"T20190026263","24/12/19",20:00:00,"Collision with a fixed object","Tuesday","Day",1,1,"Not at intersection",2,100,"A",1999,"DC UTE","TOYOTA","Utility","M",61,"60-64","Drivers"
"T20190026264","26/12/19",12:34:00,"Collision with vehicle","Thursday","Day",2,2,"Not at intersection",3,80,"A",2017,"TRAY","TOYOTA","Light Commercial Vehicle (Rigid) <= 4.5 Tonnes GVM","M",52,"50-59","Drivers"
"T20190026269","26/12/19",14:17:00,"Collision with a fixed object","Thursday","Day",1,2,"Not at intersection",3,100,"A",2016,"WAGON","TOYOTA","Station Wagon","M",45,"40-49","Drivers"
"T20190026272","26/12/19",17:10:00,"Collision with vehicle","Thursday","Day",2,6,"Not at intersection",3,60,"A",2007,"SEDAN","KIA","Car","F",47,"40-49","Drivers"
"T20190026272","26/12/19",17:10:00,"Collision with vehicle","Thursday","Day",2,6,"Not at intersection",3,60,"B",2002,"DC UTE","FORD","Utility","M",29,"26-29","Drivers"
"T20190026274","26/12/19",16:48:00,"Collision with a fixed object","Thursday","Day",1,1,"Not at intersection",3,60,"A",0,"S WAG","KIA","Station Wagon","F",44,"40-49","Drivers"
"T20190026275","26/12/19",16:35:00,"Collision with vehicle","Thursday","Day",2,4,"T intersection",3,60,"A",2019,"UTIL","RAM","Utility","F",54,"50-59","Drivers"
"T20190026275","26/12/19",16:35:00,"Collision with vehicle","Thursday","Day",2,4,"T intersection",3,60,"B",2007,"SEDAN","MITSUB","Car","F",51,"50-59","Drivers"
"T20190026277","26/12/19",16:00:00,"Collision with vehicle","Thursday","Day",2,2,"T intersection",3,80,"A",2014,"SEDAN","VOLKS","Car","F",53,"50-59","Drivers"
"T20190026277","26/12/19",16:00:00,"Collision with vehicle","Thursday","Day",2,2,"T intersection",3,80,"B",2001,"WAGON","TOYOTA","Station Wagon","F",30,"30-39","Drivers"
"T20190026278","26/12/19",18:00:00,"Collision with vehicle","Thursday","Day",2,4,"Multiple intersection",3,80,"A",2015,"SEDAN","HOLDEN","Car","M",54,"50-59","Drivers"
"T20190026278","26/12/19",18:00:00,"Collision with vehicle","Thursday","Day",2,4,"Multiple intersection",3,80,"B",1998,"SEDAN","NISSAN","Car","U",NA,"unknown","Drivers"
"T20190026280","26/12/19",19:30:00,"Collision with vehicle","Thursday","Day",2,2,"Cross intersection",3,60,"A",2004,"SEDAN","HOLDEN","Car","F",20,"17-21","Drivers"
"T20190026280","26/12/19",19:30:00,"Collision with vehicle","Thursday","Day",2,2,"Cross intersection",3,60,"B",2015,"WAGON","FORD","Station Wagon","F",45,"40-49","Drivers"
"T20190026285","26/12/19",19:00:00,"Collision with vehicle","Thursday","Dark Street lights on",2,3,"T intersection",2,80,"A",1999,"SEDAN","FORD","Car","M",35,"30-39","Drivers"
"T20190026285","26/12/19",19:00:00,"Collision with vehicle","Thursday","Dark Street lights on",2,3,"T intersection",2,80,"B",2008,"SEDAN","TOYOTA","Car","F",39,"30-39","Drivers"
"T20190026287","26/12/19",20:00:00,"Collision with a fixed object","Thursday","Day",1,2,"Cross intersection",3,60,"A",2011,"S WAG","HOLDEN","Station Wagon","M",18,"17-21","Drivers"
"T20190026292","27/12/19",06:55:00,"Collision with vehicle","Friday","Dusk/Dawn",2,2,"Not at intersection",3,100,"A",2004,"P MVR","DAF","Prime Mover - Single Trailer","M",39,"30-39","Drivers"
"T20190026292","27/12/19",06:55:00,"Collision with vehicle","Friday","Dusk/Dawn",2,2,"Not at intersection",3,100,"B",2012,"SEDAN","HOLDEN","Car","F",22,"22-25","Drivers"
"T20190026297","16/12/19",10:50:00,"Collision with a fixed object","Monday","Day",1,1,"T intersection",3,70,"A",0,"SED","MAZ","Car","F",61,"60-64","Drivers"
"T20190026301","12/12/19",06:10:00,"Collision with vehicle","Thursday","Day",2,2,"T intersection",3,80,"A",2014,"SEDAN","HYNDAI","Car","F",21,"17-21","Drivers"
"T20190026301","12/12/19",06:10:00,"Collision with vehicle","Thursday","Day",2,2,"T intersection",3,80,"B",2006,"SEDAN","FORD","Car","F",20,"17-21","Drivers"
"T20190026302","27/12/19",09:33:00,"Collision with vehicle","Friday","Day",2,2,"T intersection",3,60,"A",2011,"SEDAN","MAZDA","Car","F",37,"30-39","Drivers"
"T20190026302","27/12/19",09:33:00,"Collision with vehicle","Friday","Day",2,2,"T intersection",3,60,"B",2006,"SED","B M W","Car","M",59,"50-59","Drivers"
"T20190026306","25/12/19",17:00:00,"Collision with vehicle","Wednesday","Day",2,3,"Not at intersection",3,100,"A",2008,"SEDAN","VOLKS","Car","F",57,"50-59","Drivers"
"T20190026306","25/12/19",17:00:00,"Collision with vehicle","Wednesday","Day",2,3,"Not at intersection",3,100,"B",2010,"SED","AUDI","Car","M",51,"50-59","Drivers"
"T20190026307","27/12/19",11:20:00,"Collision with vehicle","Friday","Day",2,2,"Cross intersection",3,60,"A",2018,"SEDAN","VOLKS","Car","F",70,"70+","Drivers"
"T20190026308","21/12/19",10:45:00,"Collision with vehicle","Saturday","Day",3,3,"Cross intersection",3,60,"A",2017,"SEDAN","VOLKS","Car","M",65,"64-69","Drivers"
"T20190026308","21/12/19",10:45:00,"Collision with vehicle","Saturday","Day",3,3,"Cross intersection",3,60,"B",2006,"WAGON","TOYOTA","Station Wagon","M",47,"40-49","Drivers"
"T20190026308","21/12/19",10:45:00,"Collision with vehicle","Saturday","Day",3,3,"Cross intersection",3,60,"C",2017,"SEDAN","MAZDA","Car","F",21,"17-21","Drivers"
"T20190026310","27/12/19",12:40:00,"Collision with vehicle","Friday","Day",2,3,"T intersection",3,60,"A",2008,"SEDAN","MAZDA","Car","F",81,"70+","Drivers"
"T20190026310","27/12/19",12:40:00,"Collision with vehicle","Friday","Day",2,3,"T intersection",3,60,"B",2011,"SEDAN","HYNDAI","Car","F",25,"22-25","Drivers"
"T20190026311","24/12/19",07:45:00,"Collision with vehicle","Tuesday","Day",2,2,"Cross intersection",3,60,"A",2001,"SEDAN","TOYOTA","Car","M",39,"30-39","Drivers"
"T20190026313","27/12/19",12:28:00,"Collision with a fixed object","Friday","Day",1,1,"Not at intersection",3,60,"A",2013,"SEDAN","HOLDEN","Car","F",72,"70+","Drivers"
"T20190026317","27/12/19",11:50:00,"Collision with vehicle","Friday","Day",4,6,"Not at intersection",3,100,"B",2003,"SEDAN","HOLDEN","Car","F",25,"22-25","Drivers"
"T20190026317","27/12/19",11:50:00,"Collision with vehicle","Friday","Day",4,6,"Not at intersection",3,100,"C",2018,"WAGON","HOLDEN","Station Wagon","M",57,"50-59","Drivers"
"T20190026317","27/12/19",11:50:00,"Collision with vehicle","Friday","Day",4,6,"Not at intersection",3,100,"D",2011,"SEDAN","TOYOTA","Car","M",25,"22-25","Drivers"
"T20190026319","27/12/19",13:15:00,"Collision with vehicle","Friday","Day",3,5,"Y intersection",3,100,"A",1995,"SEDAN","FORD","Car","M",45,"40-49","Drivers"
"T20190026319","27/12/19",13:15:00,"Collision with vehicle","Friday","Day",3,5,"Y intersection",3,100,"B",2004,"WAGON","HONDA","Station Wagon","F",29,"26-29","Drivers"
"T20190026319","27/12/19",13:15:00,"Collision with vehicle","Friday","Day",3,5,"Y intersection",3,100,"C",2016,"WAGON","HYNDAI","Station Wagon","M",56,"50-59","Drivers"
"T20190026320","27/12/19",12:20:00,"Collision with vehicle","Friday","Day",4,7,"Cross intersection",3,60,"A",2008,"SEDAN","TOYOTA","Car","M",66,"64-69","Drivers"
"T20190026320","27/12/19",12:20:00,"Collision with vehicle","Friday","Day",4,7,"Cross intersection",3,60,"B",2012,"SEDAN","TOYOTA","Car","M",70,"70+","Drivers"
"T20190026320","27/12/19",12:20:00,"Collision with vehicle","Friday","Day",4,7,"Cross intersection",3,60,"C",2013,"SEDAN","MAZDA","Car","M",31,"30-39","Drivers"
"T20190026320","27/12/19",12:20:00,"Collision with vehicle","Friday","Day",4,7,"Cross intersection",3,60,"D",2009,"SEDAN","MERC B","Car","F",20,"17-21","Drivers"
"T20190026321","27/12/19",11:00:00,"Collision with vehicle","Friday","Day",3,3,"Not at intersection",3,60,"A",2003,"SEDAN","TOYOTA","Car","F",27,"26-29","Drivers"
"T20190026321","27/12/19",11:00:00,"Collision with vehicle","Friday","Day",3,3,"Not at intersection",3,60,"B",2005,"SEDAN","MERC B","Car","F",54,"50-59","Drivers"
"T20190026321","27/12/19",11:00:00,"Collision with vehicle","Friday","Day",3,3,"Not at intersection",3,60,"C",2019,"DC UTE","TOYOTA","Utility","M",25,"22-25","Drivers"
"T20190026322","27/12/19",13:50:00,"Collision with vehicle","Friday","Day",2,2,"Cross intersection",3,40,"A",2010,"SEDAN","HOLDEN","Car","F",21,"17-21","Drivers"
"T20190026322","27/12/19",13:50:00,"Collision with vehicle","Friday","Day",2,2,"Cross intersection",3,40,"B",2001,"WAGON","TOYOTA","Station Wagon","M",26,"26-29","Drivers"
"T20190026323","27/12/19",11:00:00,"Collision with vehicle","Friday","Day",2,2,"Not at intersection",3,60,"A",2019,"SEDAN","VOLKS","Car","M",57,"50-59","Drivers"
"T20190026323","27/12/19",11:00:00,"Collision with vehicle","Friday","Day",2,2,"Not at intersection",3,60,"B",2013,"TRAY","FORD","Light Commercial Vehicle (Rigid) <= 4.5 Tonnes GVM","M",36,"30-39","Drivers"
"T20190026325","27/12/19",13:40:00,"Collision with vehicle","Friday","Day",2,2,"Cross intersection",3,70,"A",2002,"SEDAN","MAZDA","Car","F",51,"50-59","Drivers"
"T20190026325","27/12/19",13:40:00,"Collision with vehicle","Friday","Day",2,2,"Cross intersection",3,70,"B",2015,"SEDAN","JEEP","Car","F",42,"40-49","Drivers"
"T20190026326","27/12/19",11:24:00,"Collision with a fixed object","Friday","Day",1,1,"Cross intersection",2,80,"A",1992,"VAN","TOYOTA","Panel Van","M",30,"30-39","Drivers"
"T20190026327","19/11/19",13:25:00,"Collision with vehicle","Tuesday","Day",2,2,"Not at intersection",3,60,"A",2017,"UTIL","NISSAN","Utility","M",52,"50-59","Drivers"
"T20190026327","19/11/19",13:25:00,"Collision with vehicle","Tuesday","Day",2,2,"Not at intersection",3,60,"B",2006,"WAGON","TOYOTA","Station Wagon","M",60,"60-64","Drivers"
"T20190026336","27/12/19",15:45:00,"Collision with vehicle","Friday","Day",2,3,"T intersection",3,60,"A",2003,"SEDAN","HOLDEN","Car","M",28,"26-29","Drivers"
"T20190026336","27/12/19",15:45:00,"Collision with vehicle","Friday","Day",2,3,"T intersection",3,60,"B",2012,"WAGON","TOYOTA","Station Wagon","F",58,"50-59","Drivers"
"T20190026337","24/12/19",13:45:00,"Collision with vehicle","Tuesday","Day",2,6,"Not at intersection",3,40,"A",0,"S WAG","MAZ","Station Wagon","M",36,"30-39","Drivers"
"T20190026337","24/12/19",13:45:00,"Collision with vehicle","Tuesday","Day",2,6,"Not at intersection",3,40,"B",2018,"WAGON","TOYOTA","Station Wagon","M",56,"50-59","Drivers"
"T20190026339","27/12/19",17:15:00,"Collision with a fixed object","Friday","Day",1,4,"Not at intersection",3,100,"A",0,"S WAG","LAN","Station Wagon","M",52,"50-59","Drivers"
"T20190026340","27/12/19",18:35:00,"Collision with vehicle","Friday","Day",2,2,"Not at intersection",3,80,"A",2006,"SEDAN","TOYOTA","Car","M",32,"30-39","Drivers"
"T20190026340","27/12/19",18:35:00,"Collision with vehicle","Friday","Day",2,2,"Not at intersection",3,80,"B",2018,"SEDAN","CHRYS","Car","M",48,"40-49","Drivers"
"T20190026341","27/12/19",18:28:00,"Collision with a fixed object","Friday","Day",1,1,"Not at intersection",3,80,"A",2011,"SEDAN","HONDA","Car","F",28,"26-29","Drivers"
"T20190026344","2/12/19",10:45:00,"Collision with vehicle","Monday","Day",2,2,"Not at intersection",3,100,"A",2008,"SEDAN","FORD","Car","F",52,"50-59","Drivers"
"T20190026344","2/12/19",10:45:00,"Collision with vehicle","Monday","Day",2,2,"Not at intersection",3,100,"B",2003,"P MVR","KENWTH","Prime Mover - Single Trailer","M",29,"26-29","Drivers"
"T20190026346","23/12/19",12:39:00,"Collision with vehicle","Monday","Day",2,2,"Cross intersection",3,60,"A",2016,"SEDAN","UNKN","Car","M",37,"30-39","Drivers"
"T20190026346","23/12/19",12:39:00,"Collision with vehicle","Monday","Day",2,2,"Cross intersection",3,60,"B",1999,"S WAG","MITSUB","Station Wagon","F",30,"30-39","Drivers"
"T20190026350","27/12/19",20:10:00,"Collision with vehicle","Friday","Day",2,2,"Cross intersection",3,60,"A",2001,"WAGON","HONDA","Station Wagon","M",34,"30-39","Drivers"
"T20190026350","27/12/19",20:10:00,"Collision with vehicle","Friday","Day",2,2,"Cross intersection",3,60,"B",2019,"WAGON","MERC B","Station Wagon","F",45,"40-49","Drivers"
"T20190026351","27/12/19",21:50:00,"Collision with vehicle","Friday","Dark No street lights",2,1,"Not at intersection",3,60,"A",2015,"SEDAN","HYNDAI","Car","F",35,"30-39","Drivers"
"T20190026356","27/12/19",23:39:00,"Collision with vehicle","Friday","Dark Street lights on",2,2,"Not at intersection",3,110,"A",2013,"WAGON","VOLKS","Station Wagon","M",25,"22-25","Drivers"
"T20190026356","27/12/19",23:39:00,"Collision with vehicle","Friday","Dark Street lights on",2,2,"Not at intersection",3,110,"B",2004,"UTIL","NISSAN","Utility","F",43,"40-49","Drivers"