"ACCIDENT_NO","ACCIDENTDATE","ACCIDENTTIME","Accident Type Desc","Day Week Description","Light Condition Desc","NO_OF_VEHICLES","NO_PERSONS","Road Geometry Desc","SEVERITY","SPEED_ZONE","VEHICLE_ID","VEHICLE_YEAR_MANUF","VEHICLE_BODY_STYLE","VEHICLE_MAKE","Vehicle Type Desc","SEX","AGE","Age Group","Road User Type Desc"
"T20190026359","28/12/19",01:49:00,"Collision with a fixed object","Saturday","Dark No street lights",1,2,"Not at intersection",3,60,"A",2001,"WAGON","TOYOTA","Station Wagon","M",22,"22-25","Drivers"
"T20190026362","28/12/19",00:07:00,"Collision with vehicle","Saturday","Dark Street lights on",2,2,"Cross intersection",2,60,"B",2016,"SEDAN","HYNDAI","Car","M",76,"70+","Drivers"
"T20190026364","27/12/19",06:50:00,"Collision with vehicle","Friday","Day",2,2,"T intersection",3,50,"A",2009,"SEDAN","HOLDEN","Car","M",31,"30-39","Drivers"
"T20190026365","28/12/19",06:09:00,"Collision with a fixed object","Saturday","Dusk/Dawn",2,4,"Not at intersection",3,60,"A",2010,"P MVR","KENWTH","Prime Mover - Single Trailer","M",56,"50-59","Drivers"
"T20190026365","28/12/19",06:09:00,"Collision with a fixed object","Saturday","Dusk/Dawn",2,4,"Not at intersection",3,60,"B",2016,"SEDAN","JEEP","Car","F",21,"17-21","Drivers"
"T20190026366","27/12/19",13:35:00,"Collision with vehicle","Friday","Day",2,2,"Cross intersection",3,60,"A",2013,"SEDAN","MAZDA","Car","F",21,"17-21","Drivers"
"T20190026374","28/12/19",08:42:00,"Collision with vehicle","Saturday","Day",3,3,"T intersection",2,60,"A",2012,"SEDAN","MAZDA","Car","F",47,"40-49","Drivers"
"T20190026379","13/12/19",12:05:00,"Collision with vehicle","Friday","Day",2,2,"Not at intersection",3,40,"B",2016,"VAN","HINO","Heavy Vehicle (Rigid) > 4.5 Tonnes","M",71,"70+","Drivers"
"T20190026381","28/12/19",15:29:00,"Collision with vehicle","Saturday","Day",4,8,"Cross intersection",3,70,"A",2001,"SEDAN","HOLDEN","Car","M",49,"40-49","Drivers"
"T20190026381","28/12/19",15:29:00,"Collision with vehicle","Saturday","Day",4,8,"Cross intersection",3,70,"B",2019,"WAGON","TOYOTA","Car","F",29,"26-29","Drivers"
"T20190026381","28/12/19",15:29:00,"Collision with vehicle","Saturday","Day",4,8,"Cross intersection",3,70,"C",2009,"SEDAN","FORD","Car","M",47,"40-49","Drivers"
"T20190026381","28/12/19",15:29:00,"Collision with vehicle","Saturday","Day",4,8,"Cross intersection",3,70,"D",2011,"SED","MAZDA","Car","F",45,"40-49","Drivers"
"T20190026382","28/12/19",14:00:00,"Collision with vehicle","Saturday","Day",3,9,"Not at intersection",3,60,"A",2019,"UTIL","FORD","Utility","M",26,"26-29","Drivers"
"T20190026382","28/12/19",14:00:00,"Collision with vehicle","Saturday","Day",3,9,"Not at intersection",3,60,"B",2007,"WAGON","HOLDEN","Station Wagon","F",48,"40-49","Drivers"
"T20190026382","28/12/19",14:00:00,"Collision with vehicle","Saturday","Day",3,9,"Not at intersection",3,60,"C",2008,"WAGON","HOLDEN","Station Wagon","F",34,"30-39","Drivers"
"T20190026384","28/12/19",17:30:00,"Collision with a fixed object","Saturday","Day",1,1,"Not at intersection",3,50,"A",2006,"S WAG","HONDA","Station Wagon","F",51,"50-59","Drivers"
"T20190026389","28/12/19",18:10:00,"Collision with a fixed object","Saturday","Day",1,1,"T intersection",3,50,"A",2016,"SEDAN","FORD","Car","M",56,"50-59","Drivers"
"T20190026392","28/12/19",17:45:00,"Collision with vehicle","Saturday","Day",2,4,"Not at intersection",3,100,"A",2014,"DC UTE","ISUZU","Utility","M",44,"40-49","Drivers"
"T20190026392","28/12/19",17:45:00,"Collision with vehicle","Saturday","Day",2,4,"Not at intersection",3,100,"B",1995,"SEDAN","FORD","Car","F",19,"17-21","Drivers"
"T20190026398","28/12/19",06:10:00,"Collision with a fixed object","Saturday","Day",1,1,"Y intersection",3,60,"A",2010,"SEDAN","TOYOTA","Car","M",41,"40-49","Drivers"
"T20190026399","28/12/19",22:32:00,"Collision with vehicle","Saturday","Dark Street lights off",2,2,"Not at intersection",1,80,"A",1999,"SEDAN","NISSAN","Car","F",24,"22-25","Drivers"
"T20190026403","29/12/19",07:33:00,"Collision with vehicle","Sunday","Day",2,2,"Cross intersection",3,50,"A",2007,"SEDAN","HOLDEN","Car","M",29,"26-29","Drivers"
"T20190026404","29/12/19",08:00:00,"Collision with a fixed object","Sunday","Day",1,1,"Not at intersection",3,110,"A",0,"VAN","KIA","Panel Van","M",35,"30-39","Drivers"
"T20190026406","29/12/19",08:01:00,"Collision with vehicle","Sunday","Day",2,2,"Not at intersection",3,100,"A",2009,"VAN","TOYOTA","Panel Van","M",67,"64-69","Drivers"
"T20190026406","29/12/19",08:01:00,"Collision with vehicle","Sunday","Day",2,2,"Not at intersection",3,100,"B",2009,"UTIL","FORD","Utility","M",41,"40-49","Drivers"
"T20190026411","29/12/19",10:30:00,"Collision with vehicle","Sunday","Day",2,2,"Not at intersection",3,80,"A",2013,"DC UTE","ISUZU","Utility","M",44,"40-49","Drivers"
"T20190026412","29/12/19",11:30:00,"Collision with a fixed object","Sunday","Day",1,1,"T intersection",3,50,"A",2012,"WAGON","HOLDEN","Station Wagon","F",62,"60-64","Drivers"
"T20190026413","29/12/19",10:01:00,"Collision with vehicle","Sunday","Day",2,3,"Not at intersection",3,60,"A",2008,"SEDAN","TOYOTA","Car","M",31,"30-39","Drivers"
"T20190026413","29/12/19",10:01:00,"Collision with vehicle","Sunday","Day",2,3,"Not at intersection",3,60,"B",2008,"VAN","TOYOTA","Panel Van","M",35,"30-39","Drivers"
"T20190026416","29/12/19",13:08:00,"Collision with vehicle","Sunday","Day",4,11,"Cross intersection",3,80,"A",2010,"S WAG","HOLDEN","Station Wagon","F",23,"22-25","Drivers"
"T20190026416","29/12/19",13:08:00,"Collision with vehicle","Sunday","Day",4,11,"Cross intersection",3,80,"B",2013,"SEDAN","HOLDEN","Car","M",19,"17-21","Drivers"
"T20190026416","29/12/19",13:08:00,"Collision with vehicle","Sunday","Day",4,11,"Cross intersection",3,80,"C",2010,"WAGON","FORD","Station Wagon","M",21,"17-21","Drivers"
"T20190026416","29/12/19",13:08:00,"Collision with vehicle","Sunday","Day",4,11,"Cross intersection",3,80,"D",0,"DC UTE","MITSUB","Utility","M",20,"17-21","Drivers"
"T20190026421","29/12/19",12:18:00,"Collision with vehicle","Sunday","Day",2,5,"Cross intersection",1,80,"A",1989,"P MVR","KENWOR","Prime Mover Only","M",59,"50-59","Drivers"
"T20190026421","29/12/19",12:18:00,"Collision with vehicle","Sunday","Day",2,5,"Cross intersection",1,80,"B",2011,"WAGON","TOYOTA","Station Wagon","M",37,"30-39","Drivers"
"T20190026424","28/12/19",22:43:00,"Collision with vehicle","Saturday","Dark Street lights on",2,3,"Not at intersection",2,50,"A",0,"VAN","UNKN","Panel Van","M",55,"50-59","Drivers"
"T20190026426","19/12/19",11:40:00,"Collision with vehicle","Thursday","Day",2,2,"Multiple intersection",3,60,"A",2006,"SEDAN","MAZDA","Car","F",51,"50-59","Drivers"
"T20190026426","19/12/19",11:40:00,"Collision with vehicle","Thursday","Day",2,2,"Multiple intersection",3,60,"B",2016,"WAGON","ISUZU","Station Wagon","F",52,"50-59","Drivers"
"T20190026433","29/12/19",16:38:00,"Vehicle overturned (no collision)","Sunday","Day",1,1,"Not at intersection",2,70,"A",2006,"UTIL","HOLDEN","Utility","M",21,"17-21","Drivers"
"T20190026434","29/12/19",19:20:00,"Collision with vehicle","Sunday","Day",2,2,"Cross intersection",3,40,"A",2018,"WAGON","MAZDA","Station Wagon","F",34,"30-39","Drivers"
"T20190026435","29/12/19",19:18:00,"Collision with vehicle","Sunday","Day",2,3,"T intersection",3,60,"A",2017,"SEDAN","TOYOTA","Car","M",54,"50-59","Drivers"
"T20190026435","29/12/19",19:18:00,"Collision with vehicle","Sunday","Day",2,3,"T intersection",3,60,"B",2007,"SEDAN","SUBARU","Car","M",20,"17-21","Drivers"
"T20190026436","29/12/19",21:20:00,"Collision with a fixed object","Sunday","Dark No street lights",1,6,"Not at intersection",3,110,"A",2009,"WAGON","NISSAN","Station Wagon","F",29,"26-29","Drivers"
"T20190026437","26/11/19",15:22:00,"Collision with vehicle","Tuesday","Day",2,4,"T intersection",3,60,"A",2008,"WAGON","HONDA","Station Wagon","M",38,"30-39","Drivers"
"T20190026437","26/11/19",15:22:00,"Collision with vehicle","Tuesday","Day",2,4,"T intersection",3,60,"B",2004,"WAGON","FORD","Station Wagon","F",32,"30-39","Drivers"
"T20190026438","29/12/19",23:30:00,"Collision with a fixed object","Sunday","Dark Street lights on",1,2,"Cross intersection",3,100,"A",2007,"SEDAN","HOLDEN","Car","F",18,"17-21","Drivers"
"T20190026439","30/12/19",02:00:00,"Collision with vehicle","Monday","Dark Street lights on",3,3,"Not at intersection",2,50,"A",1998,"SEDAN","PEUG","Car","F",32,"30-39","Drivers"
"T20190026441","30/12/19",02:58:00,"Collision with vehicle","Monday","Dark Street lights on",2,3,"T intersection",3,60,"A",2010,"WAGON","DODGE","Station Wagon","F",36,"30-39","Drivers"
"T20190026447","30/12/19",06:50:00,"Collision with a fixed object","Monday","Dusk/Dawn",1,1,"Not at intersection",2,80,"A",2004,"SEDAN","HONDA","Car","F",72,"70+","Drivers"
"T20190026448","30/12/19",07:15:00,"Collision with vehicle","Monday","Day",3,5,"T intersection",3,60,"A",2003,"SEDAN","MITSUB","Car","F",45,"40-49","Drivers"
"T20190026448","30/12/19",07:15:00,"Collision with vehicle","Monday","Day",3,5,"T intersection",3,60,"B",2019,"SEDAN","MAZDA","Car","M",62,"60-64","Drivers"
"T20190026448","30/12/19",07:15:00,"Collision with vehicle","Monday","Day",3,5,"T intersection",3,60,"C",2010,"SEDAN","MAZDA","Car","F",40,"40-49","Drivers"
"T20190026449","29/12/19",17:30:00,"Collision with vehicle","Sunday","Day",2,2,"Cross intersection",3,50,"A",2009,"SEDAN","SUZUKI","Car","F",27,"26-29","Drivers"
"T20190026449","29/12/19",17:30:00,"Collision with vehicle","Sunday","Day",2,2,"Cross intersection",3,50,"B",2010,"SEDAN","FORD","Car","F",21,"17-21","Drivers"
"T20190026456","10/12/19",18:50:00,"Collision with vehicle","Tuesday","Unknown",2,2,"Cross intersection",3,60,"A",2016,"WAGON","HONDA","Station Wagon","F",39,"30-39","Drivers"
"T20190026456","10/12/19",18:50:00,"Collision with vehicle","Tuesday","Unknown",2,2,"Cross intersection",3,60,"B",2014,"COUPE","HYNDAI","Car","F",33,"30-39","Drivers"
"T20190026457","2/12/19",16:30:00,"Collision with vehicle","Monday","Day",2,3,"Cross intersection",3,50,"A",2017,"DC UTE","NISSAN","Utility","M",33,"30-39","Drivers"
"T20190026457","2/12/19",16:30:00,"Collision with vehicle","Monday","Day",2,3,"Cross intersection",3,50,"B",1996,"S WAG","HOLDEN","Station Wagon","M",75,"70+","Drivers"
"T20190026461","30/12/19",12:10:00,"Collision with vehicle","Monday","Day",2,2,"Not at intersection",3,60,"A",2004,"SEDAN","NISSAN","Car","F",39,"30-39","Drivers"
"T20190026467","29/12/19",20:45:00,"Vehicle overturned (no collision)","Sunday","Dark No street lights",1,1,"Not at intersection",3,100,"A",1997,"S WAG","DAIHAT","Station Wagon","F",17,"16-17","Drivers"
"T20190026472","26/10/19",18:12:00,"Collision with vehicle","Saturday","Day",2,2,"Not at intersection",3,999,"A",2008,"SEDAN","HONDA","Car","F",39,"30-39","Drivers"
"T20190026472","26/10/19",18:12:00,"Collision with vehicle","Saturday","Day",2,2,"Not at intersection",3,999,"B",2002,"S WAG","MITSUB","Station Wagon","M",27,"26-29","Drivers"
"T20190026473","12/12/19",18:00:00,"Collision with vehicle","Thursday","Unknown",2,2,"Cross intersection",3,70,"B",0,NA,"TOYOTA","Station Wagon","U",NA,"unknown","Drivers"
"T20190026474","30/12/19",11:42:00,"Collision with vehicle","Monday","Day",2,1,"Not at intersection",3,60,"A",2018,"SEDAN","TOYOTA","Car","M",98,"70+","Drivers"
"T20190026476","27/12/19",14:00:00,"Collision with vehicle","Friday","Day",2,2,"T intersection",2,60,"A",2006,"SEDAN","MITSUB","Car","M",29,"26-29","Drivers"
"T20190026476","27/12/19",14:00:00,"Collision with vehicle","Friday","Day",2,2,"T intersection",2,60,"B",2013,"SEDAN","HYNDAI","Car","F",33,"30-39","Drivers"
"T20190026478","28/12/19",22:40:00,"Collision with vehicle","Saturday","Dark Street lights on",2,4,"Cross intersection",3,70,"A",2001,"COUPE","HYNDAI","Car","M",30,"30-39","Drivers"
"T20190026478","28/12/19",22:40:00,"Collision with vehicle","Saturday","Dark Street lights on",2,4,"Cross intersection",3,70,"B",2015,"SEDAN","KIA","Car","F",21,"17-21","Drivers"
"T20190026479","12/10/19",20:30:00,"Collision with vehicle","Saturday","Dark Street lights on",2,2,"Not at intersection",3,60,"A",2010,"SEDAN","HYNDAI","Car","F",20,"17-21","Drivers"
"T20190026479","12/10/19",20:30:00,"Collision with vehicle","Saturday","Dark Street lights on",2,2,"Not at intersection",3,60,"B",2012,"SEDAN","HOLDEN","Car","F",44,"40-49","Drivers"
"T20190026480","28/12/19",19:24:00,"Collision with a fixed object","Saturday","Dusk/Dawn",2,3,"Not at intersection",3,60,"A",1999,"SEDAN","UNKN","Car","M",63,"60-64","Drivers"
"T20190026480","28/12/19",19:24:00,"Collision with a fixed object","Saturday","Dusk/Dawn",2,3,"Not at intersection",3,60,"B",2014,"SEDAN","KIA","Car","F",58,"50-59","Drivers"
"T20190026481","30/12/19",13:45:00,"Struck Pedestrian","Monday","Day",2,2,"T intersection",3,50,"A",2010,"SEDAN","MITSUB","Car","M",73,"70+","Drivers"
"T20190026484","7/12/19",11:30:00,"Collision with vehicle","Saturday","Unknown",2,2,"Not at intersection",3,999,"B",2016,"SEDAN","HONDA","Car","M",31,"30-39","Drivers"
"T20190026487","30/12/19",11:15:00,"Collision with vehicle","Monday","Day",2,2,"Cross intersection",2,60,"A",1997,"SEDAN","HOLDEN","Car","M",91,"70+","Drivers"
"T20190026487","30/12/19",11:15:00,"Collision with vehicle","Monday","Day",2,2,"Cross intersection",2,60,"B",2007,"SEDAN","HOLDEN","Car","F",18,"17-21","Drivers"
"T20190026489","30/12/19",13:15:00,"Collision with vehicle","Monday","Day",2,5,"Cross intersection",3,80,"A",2007,"SEDAN","FORD","Car","M",19,"17-21","Drivers"
"T20190026489","30/12/19",13:15:00,"Collision with vehicle","Monday","Day",2,5,"Cross intersection",3,80,"B",0,"S WAG","HOLDEN","Station Wagon","F",47,"40-49","Drivers"
"T20190026491","30/12/19",15:08:00,"Collision with a fixed object","Monday","Day",1,1,"Not at intersection",3,80,"A",2018,"SEDAN","KIA","Car","F",75,"70+","Drivers"
"T20190026496","30/12/19",16:40:00,"Collision with vehicle","Monday","Day",2,5,"Not at intersection",3,80,"A",2018,"SED","HOLDEN","Car","F",28,"26-29","Drivers"
"T20190026496","30/12/19",16:40:00,"Collision with vehicle","Monday","Day",2,5,"Not at intersection",3,80,"B",2007,"SEDAN","HOLDEN","Car","M",59,"50-59","Drivers"
"T20190026497","30/12/19",18:55:00,"Collision with vehicle","Monday","Day",2,2,"T intersection",3,60,"A",2002,"SEDAN","HYNDAI","Car","F",56,"50-59","Drivers"
"T20190026497","30/12/19",18:55:00,"Collision with vehicle","Monday","Day",2,2,"T intersection",3,60,"B",2011,"SEDAN","SUZUKI","Car","M",25,"22-25","Drivers"
"T20190026501","30/12/19",19:05:00,"Collision with vehicle","Monday","Day",2,2,"T intersection",3,60,"A",2014,"SEDAN","NISSAN","Car","F",36,"30-39","Drivers"
"T20190026501","30/12/19",19:05:00,"Collision with vehicle","Monday","Day",2,2,"T intersection",3,60,"B",2005,"DC UTE","HOLDEN","Utility","M",67,"64-69","Drivers"
"T20190026506","30/12/19",20:45:00,"Collision with a fixed object","Monday","Dark No street lights",1,2,"Not at intersection",2,100,"A",2007,"SEDAN","HONDA","Car","M",66,"64-69","Drivers"
"T20190026507","23/4/19",07:45:00,"Collision with vehicle","Tuesday","Unknown",2,2,"Not at intersection",3,100,"A",2013,"SEDAN","TOYOTA","Car","M",41,"40-49","Drivers"
"T20190026510","30/12/19",15:47:00,"Collision with a fixed object","Monday","Day",1,3,"Not at intersection",2,40,"A",2000,"SEDAN","JAGUAR","Car","M",42,"40-49","Drivers"
"T20190026511","29/12/19",17:50:00,"Collision with vehicle","Sunday","Day",2,2,"Not at intersection",3,80,"A",2012,"WAGON","MAZDA","Station Wagon","F",62,"60-64","Drivers"
"T20190026511","29/12/19",17:50:00,"Collision with vehicle","Sunday","Day",2,2,"Not at intersection",3,80,"C",2010,"P MVR","KENWTH","Prime Mover - Single Trailer","U",NA,"unknown","Drivers"
"T20190026513","31/12/19",01:25:00,"Collision with a fixed object","Tuesday","Dark Street lights on",1,2,"T intersection",3,60,"A",2002,"SED","FORD","Car","M",24,"22-25","Drivers"
"T20190026514","31/12/19",01:40:00,"Collision with a fixed object","Tuesday","Dark Street lights on",1,2,"Not at intersection",3,50,"A",2009,"WAGON","FORD","Station Wagon","M",40,"40-49","Drivers"
"T20190026518","31/12/19",06:00:00,"Collision with a fixed object","Tuesday","Dusk/Dawn",1,1,"Not at intersection",2,100,"A",2012,"SEDAN","TOYOTA","Car","F",47,"40-49","Drivers"
"T20190026520","28/12/19",17:00:00,"Collision with vehicle","Saturday","Day",2,2,"Not at intersection",3,60,"A",2018,"SEDAN","UNKN","Car","F",56,"50-59","Drivers"
"T20190026520","28/12/19",17:00:00,"Collision with vehicle","Saturday","Day",2,2,"Not at intersection",3,60,"B",2010,"SEDAN","HOLDEN","Car","M",21,"17-21","Drivers"
"T20190026521","27/11/19",05:30:00,"Collision with vehicle","Wednesday","Dusk/Dawn",2,2,"T intersection",3,60,"A",2017,"SEDAN","TOYOTA","Car","F",32,"30-39","Drivers"
"T20190026521","27/11/19",05:30:00,"Collision with vehicle","Wednesday","Dusk/Dawn",2,2,"T intersection",3,60,"B",1999,"SEDAN","FORD","Car","F",40,"40-49","Drivers"
"T20190026522","29/12/19",10:30:00,"Collision with vehicle","Sunday","Day",2,2,"Multiple intersection",3,50,"B",2003,"DC UTE","HOLDEN","Utility","M",69,"64-69","Drivers"
"T20190026526","31/12/19",09:05:00,"Collision with vehicle","Tuesday","Day",4,3,"Not at intersection",3,40,"A",2012,"WAGON","MAZDA","Station Wagon","F",64,"60-64","Drivers"
"T20190026526","31/12/19",09:05:00,"Collision with vehicle","Tuesday","Day",4,3,"Not at intersection",3,40,"E",2007,"SEDAN","TOYOTA","Car","F",27,"26-29","Drivers"
"T20190026527","31/12/19",09:55:00,"Collision with a fixed object","Tuesday","Day",1,1,"Cross intersection",3,70,"A",2000,"WAGON","HONDA","Car","M",72,"70+","Drivers"
"T20190026529","31/12/19",10:45:00,"Collision with vehicle","Tuesday","Day",2,2,"Cross intersection",3,50,"A",2018,"WAGON","KIA","Station Wagon","M",55,"50-59","Drivers"
"T20190026529","31/12/19",10:45:00,"Collision with vehicle","Tuesday","Day",2,2,"Cross intersection",3,50,"B",2001,"SEDAN","FORD","Car","M",48,"40-49","Drivers"
"T20190026530","31/12/19",10:00:00,"Collision with vehicle","Tuesday","Day",2,6,"Cross intersection",3,60,"A",2013,"S WAG","HOLDEN","Station Wagon","F",59,"50-59","Drivers"
"T20190026530","31/12/19",10:00:00,"Collision with vehicle","Tuesday","Day",2,6,"Cross intersection",3,60,"B",2005,"WAGON","VOLKS","Station Wagon","M",39,"30-39","Drivers"
"T20190026533","31/12/19",12:12:00,"Collision with vehicle","Tuesday","Day",2,2,"Not at intersection",3,30,"A",2017,"SEDAN","HONDA","Car","F",53,"50-59","Drivers"
"T20190026534","30/12/19",14:27:00,"Collision with vehicle","Monday","Day",2,3,"Cross intersection",3,60,"A",2008,"WAGON","MAZDA","Station Wagon","M",37,"30-39","Drivers"
"T20190026534","30/12/19",14:27:00,"Collision with vehicle","Monday","Day",2,3,"Cross intersection",3,60,"B",2018,"SEDAN","HYNDAI","Car","M",59,"50-59","Drivers"
"T20190026536","20/12/19",12:30:00,"Other accident","Friday","Day",1,1,"Not at intersection",3,100,"A",2010,"TRAY","ISUZU","Heavy Vehicle (Rigid) > 4.5 Tonnes","M",31,"30-39","Drivers"
"T20190026537","31/12/19",11:10:00,"Collision with vehicle","Tuesday","Day",2,3,"Not at intersection",3,100,"A",1996,"WAGON","NISSAN","Station Wagon","M",60,"60-64","Drivers"
"T20190026541","31/12/19",12:15:00,"Collision with vehicle","Tuesday","Day",2,2,"Not at intersection",3,80,"A",2018,"SED","KIA","Car","F",34,"30-39","Drivers"
"T20190026541","31/12/19",12:15:00,"Collision with vehicle","Tuesday","Day",2,2,"Not at intersection",3,80,"B",1976,"COUPE","M G","Car","M",47,"40-49","Drivers"
"T20190026542","28/12/19",05:00:00,"Collision with a fixed object","Saturday","Dark Street lights unknown",1,1,"Not at intersection",2,60,"A",2005,"UTIL","HOLDEN","Utility","M",23,"22-25","Drivers"
"T20190026543","30/12/19",12:50:00,"Collision with vehicle","Monday","Day",2,6,"T intersection",3,100,"A",2017,"WAGON","MAZDA","Station Wagon","F",45,"40-49","Drivers"
"T20190026543","30/12/19",12:50:00,"Collision with vehicle","Monday","Day",2,6,"T intersection",3,100,"B",2012,"UTIL","NISSAN","Utility","M",27,"26-29","Drivers"
"T20190026546","31/12/19",10:29:00,"Collision with vehicle","Tuesday","Day",2,4,"Cross intersection",1,80,"A",2003,"SEDAN","HOLDEN","Car","F",38,"30-39","Drivers"
"T20190026546","31/12/19",10:29:00,"Collision with vehicle","Tuesday","Day",2,4,"Cross intersection",1,80,"B",2018,"DC UTE","MITSUB","Utility","M",39,"30-39","Drivers"
"T20190026550","31/12/19",11:40:00,"Struck Pedestrian","Tuesday","Day",1,2,"Not at intersection",2,60,"A",2007,"SEDAN","VOLKS","Car","F",52,"50-59","Drivers"
"T20190026554","31/12/19",15:47:00,"Collision with vehicle","Tuesday","Day",2,2,"Cross intersection",3,50,"A",1999,"DC UTE","HOLDEN","Utility","M",62,"60-64","Drivers"
"T20190026554","31/12/19",15:47:00,"Collision with vehicle","Tuesday","Day",2,2,"Cross intersection",3,50,"B",2004,"SEDAN","TOYOTA","Car","M",52,"50-59","Drivers"
"T20190026556","31/12/19",15:14:00,"Collision with vehicle","Tuesday","Day",2,4,"Not at intersection",3,80,"A",2012,"SEDAN","TOYOTA","Car","F",22,"22-25","Drivers"
"T20190026556","31/12/19",15:14:00,"Collision with vehicle","Tuesday","Day",2,4,"Not at intersection",3,80,"B",2012,"SEDAN","TOYOTA","Car","F",52,"50-59","Drivers"
"T20190026561","31/12/19",16:10:00,"Collision with vehicle","Tuesday","Day",2,2,"Not at intersection",3,60,"A",2010,"SEDAN","HOLDEN","Car","M",27,"26-29","Drivers"
"T20190026561","31/12/19",16:10:00,"Collision with vehicle","Tuesday","Day",2,2,"Not at intersection",3,60,"B",2006,"SEDAN","VOLKS","Car","M",64,"60-64","Drivers"
"T20190026562","13/12/19",15:30:00,"Collision with vehicle","Friday","Day",3,3,"Not at intersection",3,60,"A",2013,"WAGON","AUDI","Station Wagon","F",33,"30-39","Drivers"
"T20190026562","13/12/19",15:30:00,"Collision with vehicle","Friday","Day",3,3,"Not at intersection",3,60,"B",2004,"S WAG","MITSUB","Station Wagon","F",50,"50-59","Drivers"
"T20190026562","13/12/19",15:30:00,"Collision with vehicle","Friday","Day",3,3,"Not at intersection",3,60,"C",2012,"SEDAN","HYNDAI","Car","F",56,"50-59","Drivers"
"T20190026564","31/12/19",16:01:00,"Collision with vehicle","Tuesday","Day",2,5,"T intersection",3,60,"A",2008,"SEDAN","HOLDEN","Car","M",34,"30-39","Drivers"
"T20190026564","31/12/19",16:01:00,"Collision with vehicle","Tuesday","Day",2,5,"T intersection",3,60,"B",2005,"SEDAN","VOLKS","Car","F",41,"40-49","Drivers"
"T20190026567","31/12/19",17:00:00,"Vehicle overturned (no collision)","Tuesday","Day",1,2,"Not at intersection",3,100,"A",2003,"WAGON","FORD","Station Wagon","M",37,"30-39","Drivers"
"T20190026568","31/12/19",13:45:00,"Collision with vehicle","Tuesday","Day",3,4,"Not at intersection",3,100,"A",2002,"WAGON","TOYOTA","Station Wagon","F",26,"26-29","Drivers"
"T20190026568","31/12/19",13:45:00,"Collision with vehicle","Tuesday","Day",3,4,"Not at intersection",3,100,"B",2007,"SEDAN","B M W","Car","F",67,"64-69","Drivers"
"T20190026568","31/12/19",13:45:00,"Collision with vehicle","Tuesday","Day",3,4,"Not at intersection",3,100,"C",2008,"UTIL","TOYOTA","Utility","M",56,"50-59","Drivers"
"T20190026570","31/12/19",17:51:00,"Collision with vehicle","Tuesday","Day",2,4,"T intersection",3,70,"A",2013,"UTIL","MITSUB","Utility","M",51,"50-59","Drivers"
"T20190026570","31/12/19",17:51:00,"Collision with vehicle","Tuesday","Day",2,4,"T intersection",3,70,"B",2015,"WAGON","TOYOTA","Station Wagon","M",32,"30-39","Drivers"
"T20190026581","31/12/19",18:30:00,"Vehicle overturned (no collision)","Tuesday","Dusk/Dawn",1,1,"Not at intersection",2,100,"A",1998,"SEDAN","TOYOTA","Car","M",67,"64-69","Drivers"
"T20200000002","31/12/19",23:10:00,"Collision with a fixed object","Tuesday","Dark No street lights",1,2,"Not at intersection",3,50,"A",2015,"SEDAN","VOLKS","Car","M",42,"40-49","Drivers"
"T20200000003","31/12/19",23:30:00,"Collision with a fixed object","Tuesday","Dark Street lights on",1,2,"Multiple intersection",3,80,"A",2005,"SEDAN","HOLDEN","Car","M",49,"40-49","Drivers"
"T20200000004","31/12/19",22:00:00,"Collision with vehicle","Tuesday","Dark No street lights",3,11,"Not at intersection",3,60,"A",2007,"SEDAN","FORD","Car","F",45,"40-49","Drivers"
"T20200000004","31/12/19",22:00:00,"Collision with vehicle","Tuesday","Dark No street lights",3,11,"Not at intersection",3,60,"B",2005,"SEDAN","HOLDEN","Car","M",36,"30-39","Drivers"
"T20200000004","31/12/19",22:00:00,"Collision with vehicle","Tuesday","Dark No street lights",3,11,"Not at intersection",3,60,"C",2005,"WAGON","MITSUB","Station Wagon","F",40,"40-49","Drivers"
"T20200000032","31/12/19",17:50:00,"Collision with vehicle","Tuesday","Day",2,4,"T intersection",3,70,"A",2015,"WAGON","HYNDAI","Station Wagon","F",50,"50-59","Drivers"
"T20200000032","31/12/19",17:50:00,"Collision with vehicle","Tuesday","Day",2,4,"T intersection",3,70,"B",2014,"SEDAN","HOLDEN","Car","M",21,"17-21","Drivers"
"T20200000034","31/12/19",23:20:00,"Collision with vehicle","Tuesday","Dark No street lights",2,3,"Not at intersection",3,100,"B",2002,"S WAG","HOLDEN","Station Wagon","M",69,"64-69","Drivers"
"T20200000035","30/12/19",14:50:00,"Collision with vehicle","Monday","Day",2,2,"T intersection",3,999,"A",2009,"SED","SUBARU","Car","F",72,"70+","Drivers"
"T20200000039","3/11/19",23:15:00,"Collision with vehicle","Sunday","Dark Street lights on",2,2,"T intersection",3,60,"A",2004,"SEDAN","NISSAN","Car","F",50,"50-59","Drivers"
"T20200000039","3/11/19",23:15:00,"Collision with vehicle","Sunday","Dark Street lights on",2,2,"T intersection",3,60,"B",2014,"SEDAN","TOYOTA","Car","M",30,"30-39","Drivers"
"T20200000042","24/12/19",22:40:00,"Collision with a fixed object","Tuesday","Dark Street lights on",1,1,"Not at intersection",3,999,"A",2010,"VAN","HYNDAI","Panel Van","M",22,"22-25","Drivers"