"ACCIDENT_NO","ACCIDENTDATE","ACCIDENTTIME","Accident Type Desc","Day Week Description","Light Condition Desc","NO_OF_VEHICLES","NO_PERSONS","Road Geometry Desc","SEVERITY","SPEED_ZONE","VEHICLE_ID","VEHICLE_YEAR_MANUF","VEHICLE_BODY_STYLE","VEHICLE_MAKE","Vehicle Type Desc","SEX","AGE","Age Group","Road User Type Desc"
"T20200000050","31/12/19",16:40:00,"Collision with vehicle","Tuesday","Day",2,2,"T intersection",3,60,"A",2009,"SEDAN","HONDA","Car","F",55,"50-59","Drivers"
"T20200000050","31/12/19",16:40:00,"Collision with vehicle","Tuesday","Day",2,2,"T intersection",3,60,"B",2018,"SEDAN","ALFA R","Car","M",46,"40-49","Drivers"
"T20200000057","31/12/19",21:00:00,"Vehicle overturned (no collision)","Tuesday","Dusk/Dawn",1,1,"Not at intersection",3,100,"A",2001,"S WAG","TOYOTA","Station Wagon","M",19,"17-21","Drivers"
"T20200000059","12/12/19",19:10:00,"Collision with vehicle","Thursday","Day",2,2,"T intersection",3,50,"A",2014,"COUPE","B M W","Car","M",68,"64-69","Drivers"
"T20200000092","31/12/19",10:40:00,"Collision with vehicle","Tuesday","Day",2,2,"Not at intersection",3,60,"A",2008,"S WAG","FORD","Station Wagon","M",57,"50-59","Drivers"
"T20200000106","30/12/19",09:10:00,"Struck Pedestrian","Monday","Day",1,2,"Not at intersection",3,50,"A",2007,"WAGON","FORD","Station Wagon","F",62,"60-64","Drivers"
"T20200000111","29/12/19",17:20:00,"Collision with vehicle","Sunday","Day",2,3,"T intersection",3,100,"A",2014,"SEDAN","TOYOTA","Car","F",34,"30-39","Drivers"
"T20200000111","29/12/19",17:20:00,"Collision with vehicle","Sunday","Day",2,3,"T intersection",3,100,"B",2006,"VAN","TOYOTA","Panel Van","M",33,"30-39","Drivers"
"T20200000125","31/12/19",18:30:00,"Struck Pedestrian","Tuesday","Day",1,2,"T intersection",3,50,"A",2015,"SEDAN","HOLDEN","Car","M",30,"30-39","Drivers"
"T20200000137","28/12/19",13:16:00,"Collision with vehicle","Saturday","Day",2,2,"T intersection",3,999,"A",2018,"WAGON","SKODA","Station Wagon","M",57,"50-59","Drivers"
"T20200000137","28/12/19",13:16:00,"Collision with vehicle","Saturday","Day",2,2,"T intersection",3,999,"B",2011,"WAGON","JEEP","Station Wagon","F",26,"26-29","Drivers"
"T20200000145","4/12/19",17:30:00,"Collision with vehicle","Wednesday","Unknown",2,2,"Y intersection",3,999,"A",2017,"SEDAN","HYNDAI","Car","F",52,"50-59","Drivers"
"T20200000145","4/12/19",17:30:00,"Collision with vehicle","Wednesday","Unknown",2,2,"Y intersection",3,999,"B",2005,"SEDAN","FORD","Car","M",29,"26-29","Drivers"
"T20200000149","28/12/19",15:30:00,"Collision with vehicle","Saturday","Day",2,2,"T intersection",3,80,"A",2011,"SEDAN","FORD","Car","F",24,"22-25","Drivers"
"T20200000149","28/12/19",15:30:00,"Collision with vehicle","Saturday","Day",2,2,"T intersection",3,80,"B",2012,"UTIL","FORD","Utility","M",31,"30-39","Drivers"
"T20200000160","10/11/19",12:14:00,"Collision with vehicle","Sunday","Day",3,3,"Not at intersection",3,60,"A",2017,"DC UTE","FORD","Utility","F",25,"22-25","Drivers"
"T20200000160","10/11/19",12:14:00,"Collision with vehicle","Sunday","Day",3,3,"Not at intersection",3,60,"B",2017,"WAGON","HONDA","Station Wagon","M",29,"26-29","Drivers"
"T20200000179","17/12/19",07:15:00,"Collision with vehicle","Tuesday","Day",2,2,"T intersection",3,100,"A",2010,"WAGON","MERC B","Station Wagon","F",47,"40-49","Drivers"
"T20200000179","17/12/19",07:15:00,"Collision with vehicle","Tuesday","Day",2,2,"T intersection",3,100,"B",2012,"SEDAN","SUBARU","Car","M",33,"30-39","Drivers"
"T20200000182","31/1/19",15:05:00,"Collision with vehicle","Thursday","Day",2,3,"Cross intersection",3,40,"A",2004,"TOURER","MERC B","Car","F",45,"40-49","Drivers"
"T20200000182","31/1/19",15:05:00,"Collision with vehicle","Thursday","Day",2,3,"Cross intersection",3,40,"B",1999,"SEDAN","HOLDEN","Car","M",77,"70+","Drivers"
"T20200000185","15/11/19",09:30:00,"Collision with vehicle","Friday","Day",2,2,"Not at intersection",3,40,"A",2014,"WAGON","MAZDA","Station Wagon","M",36,"30-39","Drivers"
"T20200000185","15/11/19",09:30:00,"Collision with vehicle","Friday","Day",2,2,"Not at intersection",3,40,"B",2011,"SEDAN","HOLDEN","Car","M",26,"26-29","Drivers"
"T20200000193","23/12/19",14:15:00,"Collision with vehicle","Monday","Day",2,4,"Not at intersection",2,80,"A",2013,"WAGON","AUDI","Station Wagon","F",45,"40-49","Drivers"
"T20200000193","23/12/19",14:15:00,"Collision with vehicle","Monday","Day",2,4,"Not at intersection",2,80,"B",2010,"SEDAN","SUZUKI","Car","M",51,"50-59","Drivers"
"T20200000230","23/12/19",13:05:00,"Collision with vehicle","Monday","Day",2,2,"Cross intersection",3,50,"A",2016,"SEDAN","TOYOTA","Car","M",45,"40-49","Drivers"
"T20200000230","23/12/19",13:05:00,"Collision with vehicle","Monday","Day",2,2,"Cross intersection",3,50,"B",2016,"SEDAN","SUBARU","Car","F",59,"50-59","Drivers"
"T20200000309","11/10/19",20:00:00,"collision with some other object","Friday","Dark Street lights unknown",1,2,"Not at intersection",3,999,"A",2011,"UTIL","VOLKS","Utility","M",35,"30-39","Drivers"
"T20200000338","18/12/19",14:45:00,"Collision with vehicle","Wednesday","Day",2,2,"Cross intersection",3,999,"A",2013,"VAN","TOYOTA","Panel Van","M",38,"30-39","Drivers"
"T20200000338","18/12/19",14:45:00,"Collision with vehicle","Wednesday","Day",2,2,"Cross intersection",3,999,"B",2013,"UTIL","TOYOTA","Utility","M",43,"40-49","Drivers"
"T20200000345","19/12/19",14:10:00,"Collision with vehicle","Thursday","Day",2,3,"Not at intersection",3,60,"A",2000,"SEDAN","UNKN","Car","M",48,"40-49","Drivers"
"T20200000345","19/12/19",14:10:00,"Collision with vehicle","Thursday","Day",2,3,"Not at intersection",3,60,"B",2009,"WAGON","TOYOTA","Station Wagon","F",37,"30-39","Drivers"
"T20200000412","16/12/19",05:00:00,"Collision with a fixed object","Monday","Dusk/Dawn",1,1,"Not at intersection",3,80,"A",2014,"DC UTE","TOYOTA","Utility","M",26,"26-29","Drivers"
"T20200000416","2/11/19",12:15:00,"Collision with vehicle","Saturday","Day",2,3,"T intersection",3,60,"A",2014,"SEDAN","FORD","Car","M",19,"17-21","Drivers"
"T20200000416","2/11/19",12:15:00,"Collision with vehicle","Saturday","Day",2,3,"T intersection",3,60,"B",2015,"DC UTE","TOYOTA","Utility","M",26,"26-29","Drivers"
"T20200000427","21/12/19",21:45:00,"Collision with vehicle","Saturday","Dusk/Dawn",2,6,"T intersection",3,50,"A",2016,"WAGON","HOLDEN","Station Wagon","F",44,"40-49","Drivers"
"T20200000427","21/12/19",21:45:00,"Collision with vehicle","Saturday","Dusk/Dawn",2,6,"T intersection",3,50,"B",2004,"SED","MAZDA","Car","M",50,"50-59","Drivers"
"T20200000434","30/12/19",08:40:00,"Collision with vehicle","Monday","Day",2,2,"Cross intersection",2,60,"A",2014,"SEDAN","HOLDEN","Car","M",45,"40-49","Drivers"
"T20200000434","30/12/19",08:40:00,"Collision with vehicle","Monday","Day",2,2,"Cross intersection",2,60,"B",2007,"UTIL","PROTON","Utility","M",21,"17-21","Drivers"
"T20200000435","23/11/19",21:15:00,"Collision with vehicle","Saturday","Dark Street lights on",2,2,"Cross intersection",3,70,"A",2017,"DC UTE","FORD","Utility","M",45,"40-49","Drivers"
"T20200000435","23/11/19",21:15:00,"Collision with vehicle","Saturday","Dark Street lights on",2,2,"Cross intersection",3,70,"B",2001,"COUPE","MITSUB","Car","F",32,"30-39","Drivers"
"T20200000436","12/6/19",12:00:00,"Collision with vehicle","Wednesday","Day",2,2,"Cross intersection",3,999,"A",1998,"COUPE","HYNDAI","Car","M",56,"50-59","Drivers"
"T20200000436","12/6/19",12:00:00,"Collision with vehicle","Wednesday","Day",2,2,"Cross intersection",3,999,"B",2015,"SEDAN","HONDA","Car","M",39,"30-39","Drivers"
"T20200000448","5/12/19",17:45:00,"Collision with vehicle","Thursday","Day",2,2,"Multiple intersection",3,60,"A",2012,"WAGON","SUBARU","Station Wagon","F",36,"30-39","Drivers"
"T20200000448","5/12/19",17:45:00,"Collision with vehicle","Thursday","Day",2,2,"Multiple intersection",3,60,"B",2016,"WAGON","MAZDA","Station Wagon","M",46,"40-49","Drivers"
"T20200000455","31/12/19",20:30:00,"Collision with vehicle","Tuesday","Dusk/Dawn",2,2,"Not at intersection",3,50,"A",2004,"DC UTE","FORD","Utility","M",19,"17-21","Drivers"
"T20200000466","31/12/19",15:01:00,"Collision with vehicle","Tuesday","Unknown",2,2,"Not at intersection",3,100,"A",2012,"WAGON","HYNDAI","Station Wagon","F",62,"60-64","Drivers"
"T20200000466","31/12/19",15:01:00,"Collision with vehicle","Tuesday","Unknown",2,2,"Not at intersection",3,100,"B",2008,"SEDAN","HOLDEN","Car","U",NA,"unknown","Drivers"
"T20200000471","10/11/19",00:30:00,"Collision with a fixed object","Sunday","Dark No street lights",1,1,"T intersection",3,100,"A",2004,"DC UTE","HOLDEN","Utility","M",32,"30-39","Drivers"
"T20200000495","30/12/19",20:30:00,"Collision with vehicle","Monday","Dusk/Dawn",2,2,"Cross intersection",3,50,"B",1961,"SEDAN","CHEV","Car","M",29,"26-29","Drivers"
"T20200000496","3/12/19",15:30:00,"Collision with vehicle","Tuesday","Day",2,2,"Not at intersection",3,999,"A",2015,"WAGON","HONDA","Station Wagon","F",63,"60-64","Drivers"
"T20200000496","3/12/19",15:30:00,"Collision with vehicle","Tuesday","Day",2,2,"Not at intersection",3,999,"B",2018,"DC UTE","ISUZU","Utility","M",51,"50-59","Drivers"
"T20200000498","22/12/19",14:45:00,"Collision with vehicle","Sunday","Day",2,2,"Not at intersection",3,50,"A",2000,"SEDAN","TOYOTA","Car","F",63,"60-64","Drivers"
"T20200000498","22/12/19",14:45:00,"Collision with vehicle","Sunday","Day",2,2,"Not at intersection",3,50,"B",2017,"SEDAN","FORD","Car","F",71,"70+","Drivers"
"T20200000499","16/11/19",15:00:00,"Collision with vehicle","Saturday","Day",2,2,"T intersection",3,60,"A",2014,"SEDAN","KIA","Car","F",52,"50-59","Drivers"
"T20200000499","16/11/19",15:00:00,"Collision with vehicle","Saturday","Day",2,2,"T intersection",3,60,"B",2010,"SEDAN","HOLDEN","Car","M",72,"70+","Drivers"
"T20200000501","25/11/19",07:06:00,"Collision with vehicle","Monday","Day",2,2,"Cross intersection",3,50,"A",2011,"SEDAN","FORD","Car","F",35,"30-39","Drivers"
"T20200000501","25/11/19",07:06:00,"Collision with vehicle","Monday","Day",2,2,"Cross intersection",3,50,"B",2013,"UTIL","MAZDA","Utility","M",21,"17-21","Drivers"
"T20200000503","31/12/19",23:30:00,"Collision with vehicle","Tuesday","Dark Street lights unknown",2,2,"Not at intersection",3,80,"B",2013,"SEDAN","FORD","Car","M",31,"30-39","Drivers"
"T20200000511","22/10/19",17:30:00,"Collision with vehicle","Tuesday","Unknown",2,2,"Not at intersection",3,999,"A",2015,"SEDAN","SKODA","Car","F",36,"30-39","Drivers"
"T20200000511","22/10/19",17:30:00,"Collision with vehicle","Tuesday","Unknown",2,2,"Not at intersection",3,999,"B",2016,"SEDAN","VOLKS","Car","F",38,"30-39","Drivers"
"T20200000513","28/9/19",19:30:00,"Collision with a fixed object","Saturday","Dusk/Dawn",1,1,"Not at intersection",3,100,"A",2005,"WAGON","FORD","Station Wagon","M",28,"26-29","Drivers"
"T20200000517","31/12/19",09:00:00,"Collision with vehicle","Tuesday","Day",2,2,"T intersection",3,60,"A",2017,"SEDAN","TOYOTA","Car","M",30,"30-39","Drivers"
"T20200000517","31/12/19",09:00:00,"Collision with vehicle","Tuesday","Day",2,2,"T intersection",3,60,"B",2016,"S WAG","HOLDEN","Station Wagon","M",42,"40-49","Drivers"
"T20200000522","25/12/19",22:45:00,"Collision with vehicle","Wednesday","Dark Street lights on",2,1,"Not at intersection",3,60,"A",2014,"WAGON","JEEP","Station Wagon","M",32,"30-39","Drivers"
"T20200000586","18/12/19",17:45:00,"Collision with vehicle","Wednesday","Day",2,2,"Not at intersection",3,60,"A",2002,"WAGON","FORD","Station Wagon","F",30,"30-39","Drivers"
"T20200000586","18/12/19",17:45:00,"Collision with vehicle","Wednesday","Day",2,2,"Not at intersection",3,60,"B",2017,"WAGON","NISSAN","Station Wagon","F",36,"30-39","Drivers"
"T20200000588","28/10/19",17:20:00,"Collision with vehicle","Monday","Day",2,2,"Not at intersection",3,80,"A",2014,"S WAG","FORD","Station Wagon","F",50,"50-59","Drivers"
"T20200000588","28/10/19",17:20:00,"Collision with vehicle","Monday","Day",2,2,"Not at intersection",3,80,"B",2011,"SEDAN","FORD","Car","F",27,"26-29","Drivers"
"T20200000592","20/12/19",13:25:00,"Collision with vehicle","Friday","Day",2,4,"Cross intersection",3,80,"A",2011,"WAGON","MITSUB","Station Wagon","F",44,"40-49","Drivers"
"T20200000592","20/12/19",13:25:00,"Collision with vehicle","Friday","Day",2,4,"Cross intersection",3,80,"B",2014,"WAGON","FORD","Station Wagon","F",41,"40-49","Drivers"
"T20200000596","9/12/19",13:40:00,"Collision with vehicle","Monday","Day",2,2,"Not at intersection",3,80,"A",2008,"SEDAN","MAZDA","Car","F",39,"30-39","Drivers"
"T20200000596","9/12/19",13:40:00,"Collision with vehicle","Monday","Day",2,2,"Not at intersection",3,80,"B",1999,"VAN","FORD","Panel Van","U",NA,"unknown","Drivers"
"T20200000600","8/11/19",16:15:00,"Collision with vehicle","Friday","Unknown",2,2,"Not at intersection",3,999,"A",2001,"SEDAN","HOLDEN","Car","M",22,"22-25","Drivers"
"T20200000600","8/11/19",16:15:00,"Collision with vehicle","Friday","Unknown",2,2,"Not at intersection",3,999,"B",2015,"T SDS","IVECO","Light Commercial Vehicle (Rigid) <= 4.5 Tonnes GVM","M",25,"22-25","Drivers"
"T20200000601","17/12/19",17:30:00,"Collision with vehicle","Tuesday","Day",2,2,"Not at intersection",3,50,"A",2004,"SEDAN","MAZDA","Car","F",37,"30-39","Drivers"
"T20200000601","17/12/19",17:30:00,"Collision with vehicle","Tuesday","Day",2,2,"Not at intersection",3,50,"B",2014,"WAGON","JEEP","Station Wagon","M",41,"40-49","Drivers"
"T20200000635","13/12/19",16:30:00,"Collision with vehicle","Friday","Day",2,3,"T intersection",3,60,"A",2016,"WAGON","B M W","Station Wagon","F",67,"64-69","Drivers"
"T20200000635","13/12/19",16:30:00,"Collision with vehicle","Friday","Day",2,3,"T intersection",3,60,"B",2013,"SEDAN","TOYOTA","Car","M",57,"50-59","Drivers"
"T20200000653","30/12/19",18:05:00,"collision with some other object","Monday","Day",2,2,"Not at intersection",3,40,"A",2012,"BUS","VOLVO","Bus/Coach","M",62,"60-64","Drivers"
"T20200000654","29/11/19",07:30:00,"Collision with vehicle","Friday","Day",2,2,"T intersection",3,80,"A",2018,"UTIL","FORD","Utility","M",57,"50-59","Drivers"
"T20200000654","29/11/19",07:30:00,"Collision with vehicle","Friday","Day",2,2,"T intersection",3,80,"B",2013,"WAGON","NISSAN","Station Wagon","F",53,"50-59","Drivers"
"T20200000664","24/12/19",11:20:00,"Struck Pedestrian","Tuesday","Day",1,2,"Not at intersection",3,777,"A",2003,"WAGON","HOLDEN","Station Wagon","M",61,"60-64","Drivers"
"T20200000701","22/10/19",11:25:00,"Collision with vehicle","Tuesday","Day",2,2,"Multiple intersection",3,80,"A",2006,"SEDAN","MAZDA","Car","F",68,"64-69","Drivers"
"T20200000701","22/10/19",11:25:00,"Collision with vehicle","Tuesday","Day",2,2,"Multiple intersection",3,80,"B",2009,"TIPPER","MACK","Heavy Vehicle (Rigid) > 4.5 Tonnes","M",45,"40-49","Drivers"
"T20200000721","14/5/19",13:30:00,"Collision with vehicle","Tuesday","Unknown",2,2,"Not at intersection",3,60,"A",2013,"SEDAN","HONDA","Car","M",70,"70+","Drivers"
"T20200000758","25/12/19",12:15:00,"Collision with vehicle","Wednesday","Unknown",3,13,"Not at intersection",3,40,"A",2006,"WAGON","KIA","Station Wagon","M",32,"30-39","Drivers"
"T20200000758","25/12/19",12:15:00,"Collision with vehicle","Wednesday","Unknown",3,13,"Not at intersection",3,40,"B",2008,"SED","B M W","Car","M",42,"40-49","Drivers"
"T20200000758","25/12/19",12:15:00,"Collision with vehicle","Wednesday","Unknown",3,13,"Not at intersection",3,40,"C",2007,"WAGON","MITSUB","Station Wagon","M",45,"40-49","Drivers"
"T20200000780","31/12/19",15:00:00,"Collision with a fixed object","Tuesday","Day",2,4,"Not at intersection",3,50,"A",2018,"SEDAN","B M W","Car","U",NA,"unknown","Drivers"
"T20200000832","20/12/19",13:45:00,"Collision with vehicle","Friday","Day",2,2,"T intersection",3,999,"A",2008,"SEDAN","TOYOTA","Car","F",29,"26-29","Drivers"
"T20200000832","20/12/19",13:45:00,"Collision with vehicle","Friday","Day",2,2,"T intersection",3,999,"B",2007,"SEDAN","HYNDAI","Car","F",36,"30-39","Drivers"
"T20200000841","30/12/19",07:15:00,"Collision with vehicle","Monday","Day",3,3,"T intersection",3,80,"A",2015,"SEDAN","VOLKS","Car","F",21,"17-21","Drivers"
"T20200000841","30/12/19",07:15:00,"Collision with vehicle","Monday","Day",3,3,"T intersection",3,80,"B",2003,"SED","HOLDEN","Car","F",32,"30-39","Drivers"
"T20200000841","30/12/19",07:15:00,"Collision with vehicle","Monday","Day",3,3,"T intersection",3,80,"C",2013,"S WAG","HOLDEN","Station Wagon","M",28,"26-29","Drivers"
"T20200000862","23/12/19",23:10:00,"Collision with a fixed object","Monday","Dark Street lights on",2,2,"Not at intersection",3,60,"A",1997,"SEDAN","TOYOTA","Car","M",29,"26-29","Drivers"
"T20200000868","31/12/19",10:27:00,"Collision with vehicle","Tuesday","Day",2,2,"Multiple intersection",3,80,"A",2006,"SEDAN","TOYOTA","Car","F",61,"60-64","Drivers"
"T20200000868","31/12/19",10:27:00,"Collision with vehicle","Tuesday","Day",2,2,"Multiple intersection",3,80,"B",2008,"SEDAN","MAZDA","Car","F",52,"50-59","Drivers"
"T20200000894","1/10/19",08:15:00,"Collision with vehicle","Tuesday","Day",2,2,"Cross intersection",3,60,"A",2016,"WAGON","HONDA","Station Wagon","F",81,"70+","Drivers"
"T20200000894","1/10/19",08:15:00,"Collision with vehicle","Tuesday","Day",2,2,"Cross intersection",3,60,"B",2003,"SEDAN","TOYOTA","Car","F",22,"22-25","Drivers"
"T20200000904","8/12/19",16:35:00,"Collision with vehicle","Sunday","Day",3,5,"Cross intersection",2,60,"A",2008,"SEDAN","HONDA","Car","M",29,"26-29","Drivers"
"T20200000904","8/12/19",16:35:00,"Collision with vehicle","Sunday","Day",3,5,"Cross intersection",2,60,"B",2003,"DC UTE","MAZDA","Utility","M",52,"50-59","Drivers"
"T20200000904","8/12/19",16:35:00,"Collision with vehicle","Sunday","Day",3,5,"Cross intersection",2,60,"C",1996,"SEDAN","HOLDEN","Car","M",46,"40-49","Drivers"
"T20200000905","19/12/19",14:50:00,"Collision with vehicle","Thursday","Day",3,6,"T intersection",3,999,"A",2013,"SEDAN","TOYOTA","Car","F",40,"40-49","Drivers"
"T20200000905","19/12/19",14:50:00,"Collision with vehicle","Thursday","Day",3,6,"T intersection",3,999,"B",2005,"SEDAN","MAZDA","Car","F",26,"26-29","Drivers"
"T20200000905","19/12/19",14:50:00,"Collision with vehicle","Thursday","Day",3,6,"T intersection",3,999,"C",2005,"SEDAN","TOYOTA","Car","F",22,"22-25","Drivers"
"T20200000959","26/4/19",13:30:00,"Collision with vehicle","Friday","Day",2,2,"Cross intersection",3,999,"A",2000,"WAGON","TOYOTA","Station Wagon","F",46,"40-49","Drivers"
"T20200000959","26/4/19",13:30:00,"Collision with vehicle","Friday","Day",2,2,"Cross intersection",3,999,"B",2007,"S WAG","HOLDEN","Station Wagon","M",58,"50-59","Drivers"
"T20200000994","12/11/19",19:00:00,"Collision with vehicle","Tuesday","Day",2,2,"Not at intersection",3,999,"A",1998,"WAGON","MITSUB","Station Wagon","M",27,"26-29","Drivers"
"T20200000994","12/11/19",19:00:00,"Collision with vehicle","Tuesday","Day",2,2,"Not at intersection",3,999,"B",2012,"SEDAN","TOYOTA","Car","F",82,"70+","Drivers"
"T20200001030","30/10/19",07:40:00,"Collision with vehicle","Wednesday","Day",2,2,"Not at intersection",3,100,"A",2009,"SEDAN","TOYOTA","Car","F",32,"30-39","Drivers"
"T20200001030","30/10/19",07:40:00,"Collision with vehicle","Wednesday","Day",2,2,"Not at intersection",3,100,"B",2014,"WAGON","HONDA","Station Wagon","F",37,"30-39","Drivers"
"T20200001036","26/12/19",13:00:00,"Collision with vehicle","Thursday","Day",2,7,"Y intersection",3,60,"A",2010,"SEDAN","HOLDEN","Car","M",19,"17-21","Drivers"
"T20200001036","26/12/19",13:00:00,"Collision with vehicle","Thursday","Day",2,7,"Y intersection",3,60,"B",2006,"WAGON","HONDA","Station Wagon","M",33,"30-39","Drivers"
"T20200001051","23/10/19",11:20:00,"Collision with vehicle","Wednesday","Day",3,3,"Not at intersection",3,60,"A",2010,"SEDAN","MAZDA","Car","M",30,"30-39","Drivers"
"T20200001051","23/10/19",11:20:00,"Collision with vehicle","Wednesday","Day",3,3,"Not at intersection",3,60,"B",2012,"VAN","VOLKS","Panel Van","M",40,"40-49","Drivers"
"T20200001051","23/10/19",11:20:00,"Collision with vehicle","Wednesday","Day",3,3,"Not at intersection",3,60,"C",2013,"WAGON","AUDI","Station Wagon","F",79,"70+","Drivers"
"T20200001055","22/12/19",17:45:00,"Collision with vehicle","Sunday","Unknown",2,2,"Not at intersection",3,40,"A",2009,"COUPE","TOYOTA","Car","F",28,"26-29","Drivers"
"T20200001055","22/12/19",17:45:00,"Collision with vehicle","Sunday","Unknown",2,2,"Not at intersection",3,40,"B",2019,"SEDAN","TOYOTA","Car","M",35,"30-39","Drivers"
"T20200001057","22/9/19",23:30:00,"Collision with a fixed object","Sunday","Dark No street lights",1,1,"Not at intersection",3,100,"A",2008,"S WAG","HOLDEN","Station Wagon","M",25,"22-25","Drivers"
"T20200001060","3/10/19",19:30:00,"Struck animal","Thursday","Dusk/Dawn",1,2,"Not at intersection",3,100,"A",1994,"SEDAN","FORD","Car","F",50,"50-59","Drivers"
"T20200001062","1/12/19",02:05:00,"Collision with a fixed object","Sunday","Dark Street lights on",1,2,"T intersection",3,60,"A",2004,"SEDAN","HOLDEN","Car","M",21,"17-21","Drivers"
"T20200001065","29/9/19",19:20:00,"Struck animal","Sunday","Dusk/Dawn",1,1,"Not at intersection",3,999,"A",2006,"SEDAN","VOLKS","Car","F",30,"30-39","Drivers"
"T20200001072","22/8/19",16:00:00,"Collision with vehicle","Thursday","Day",2,3,"T intersection",3,60,"A",2008,"SEDAN","TOYOTA","Car","M",77,"70+","Drivers"
"T20200001072","22/8/19",16:00:00,"Collision with vehicle","Thursday","Day",2,3,"T intersection",3,60,"B",2008,"BUS","M A N","Bus/Coach","M",57,"50-59","Drivers"
"T20200001081","28/10/19",16:30:00,"Collision with vehicle","Monday","Day",2,3,"Not at intersection",3,90,"A",2009,"COUPE","MERC B","Car","F",56,"50-59","Drivers"
"T20200001081","28/10/19",16:30:00,"Collision with vehicle","Monday","Day",2,3,"Not at intersection",3,90,"B",1996,"SED","FORD","Car","M",52,"50-59","Drivers"
"T20200001084","20/12/19",23:00:00,"Collision with a fixed object","Friday","Dark Street lights unknown",1,1,"T intersection",3,50,"A",2014,"SEDAN","TOYOTA","Car","F",50,"50-59","Drivers"
"T20200001112","20/12/19",12:55:00,"Collision with vehicle","Friday","Day",3,3,"Not at intersection",3,50,"A",2010,"SEDAN","TOYOTA","Car","M",72,"70+","Drivers"
"T20200001112","20/12/19",12:55:00,"Collision with vehicle","Friday","Day",3,3,"Not at intersection",3,50,"B",2018,"WAGON","AUDI","Station Wagon","F",37,"30-39","Drivers"
"T20200001112","20/12/19",12:55:00,"Collision with vehicle","Friday","Day",3,3,"Not at intersection",3,50,"C",2006,"SEDAN","HYNDAI","Car","F",28,"26-29","Drivers"
"T20200001122","9/11/19",11:30:00,"Collision with vehicle","Saturday","Unknown",2,2,"Cross intersection",3,999,"A",2013,"SEDAN","KIA","Car","M",38,"30-39","Drivers"
"T20200001122","9/11/19",11:30:00,"Collision with vehicle","Saturday","Unknown",2,2,"Cross intersection",3,999,"B",2012,"WAGON","HOLDEN","Station Wagon","F",35,"30-39","Drivers"
"T20200001133","2/12/19",15:28:00,"Collision with vehicle","Monday","Unknown",2,2,"Multiple intersection",3,80,"A",2003,"SEDAN","VOLKS","Car","U",24,"22-25","Drivers"
"T20200001133","2/12/19",15:28:00,"Collision with vehicle","Monday","Unknown",2,2,"Multiple intersection",3,80,"B",2007,"SEDAN","MAZDA","Car","M",21,"17-21","Drivers"
"T20200001194","16/12/19",02:00:00,"No collision and no object struck","Monday","Dark No street lights",1,1,"Not at intersection",3,999,"A",2003,"P MVR","KENWTH","Prime Mover B-Double","M",43,"40-49","Drivers"
"T20200001207","8/12/19",22:50:00,"Collision with vehicle","Sunday","Dark Street lights on",2,3,"Not at intersection",3,100,"A",2018,"SEDAN","HONDA","Car","M",24,"22-25","Drivers"
"T20200001207","8/12/19",22:50:00,"Collision with vehicle","Sunday","Dark Street lights on",2,3,"Not at intersection",3,100,"B",2001,"SEDAN","FORD","Car","M",22,"22-25","Drivers"
"T20200001241","29/12/19",13:30:00,"Collision with vehicle","Sunday","Day",2,2,"Not at intersection",3,60,"A",2015,"WAGON","MAZDA","Station Wagon","F",51,"50-59","Drivers"
"T20200001241","29/12/19",13:30:00,"Collision with vehicle","Sunday","Day",2,2,"Not at intersection",3,60,"B",2009,"DC UTE","ISUZU","Utility","M",35,"30-39","Drivers"
"T20200001365","14/12/19",22:00:00,"Collision with vehicle","Saturday","Dark No street lights",2,2,"Y intersection",3,80,"A",2016,"UTIL","MITSUB","Utility","F",29,"26-29","Drivers"
"T20200001365","14/12/19",22:00:00,"Collision with vehicle","Saturday","Dark No street lights",2,2,"Y intersection",3,80,"B",2015,"S WAG","HYNDAI","Station Wagon","F",32,"30-39","Drivers"
"T20200001378","28/12/19",14:45:00,"Collision with vehicle","Saturday","Day",2,2,"T intersection",3,999,"A",2008,"SEDAN","TOYOTA","Car","F",27,"26-29","Drivers"
"T20200001378","28/12/19",14:45:00,"Collision with vehicle","Saturday","Day",2,2,"T intersection",3,999,"B",2008,"SEDAN","FORD","Car","M",23,"22-25","Drivers"
"T20200001416","24/12/19",11:15:00,"Collision with vehicle","Tuesday","Day",2,2,"T intersection",3,60,"A",2011,"DC UTE","ISUZU","Utility","M",73,"70+","Drivers"
"T20200001463","10/12/19",08:00:00,"Collision with vehicle","Tuesday","Day",2,2,"Not at intersection",3,100,"A",0,NA,"UNKN","Other Vehicle","M",50,"50-59","Drivers"
"T20200001463","10/12/19",08:00:00,"Collision with vehicle","Tuesday","Day",2,2,"Not at intersection",3,100,"B",2016,"SEDAN","HYNDAI","Car","F",23,"22-25","Drivers"
"T20200001467","25/12/19",13:15:00,"Collision with vehicle","Wednesday","Day",2,2,"Not at intersection",2,999,"A",2009,"WAGON","MITSUB","Station Wagon","M",22,"22-25","Drivers"
"T20200001494","21/10/19",06:05:00,"Collision with vehicle","Monday","Dusk/Dawn",2,2,"Cross intersection",3,50,"A",2004,"COUPE","TOYOTA","Car","M",34,"30-39","Drivers"
"T20200001512","3/12/19",13:00:00,"Collision with vehicle","Tuesday","Day",3,3,"Not at intersection",3,999,"A",2017,"SEDAN","HYNDAI","Car","M",35,"30-39","Drivers"