"ACCIDENT_NO","ACCIDENTDATE","ACCIDENTTIME","Accident Type Desc","Day Week Description","Light Condition Desc","NO_OF_VEHICLES","NO_PERSONS","Road Geometry Desc","SEVERITY","SPEED_ZONE","VEHICLE_ID","VEHICLE_YEAR_MANUF","VEHICLE_BODY_STYLE","VEHICLE_MAKE","Vehicle Type Desc","SEX","AGE","Age Group","Road User Type Desc"
"T20200001512","3/12/19",13:00:00,"Collision with vehicle","Tuesday","Day",3,3,"Not at intersection",3,999,"B",2013,"SEDAN","AUDI","Car","F",32,"30-39","Drivers"
"T20200001512","3/12/19",13:00:00,"Collision with vehicle","Tuesday","Day",3,3,"Not at intersection",3,999,"C",2011,"COUPE","B M W","Car","M",58,"50-59","Drivers"
"T20200001521","23/9/19",07:00:00,"Collision with vehicle","Monday","Dusk/Dawn",2,2,"Not at intersection",3,60,"A",2001,"SEDAN","MITSUB","Car","M",22,"22-25","Drivers"
"T20200001521","23/9/19",07:00:00,"Collision with vehicle","Monday","Dusk/Dawn",2,2,"Not at intersection",3,60,"B",2015,"CONVRT","WESTER","Prime Mover - Single Trailer","U",NA,"unknown","Drivers"
"T20200001536","6/12/19",17:20:00,"Collision with vehicle","Friday","Day",2,2,"T intersection",3,80,"A",2014,"SEDAN","TOYOTA","Car","F",22,"22-25","Drivers"
"T20200001536","6/12/19",17:20:00,"Collision with vehicle","Friday","Day",2,2,"T intersection",3,80,"B",2009,"TRAY","NISSAN","Utility","M",18,"17-21","Drivers"
"T20200001566","23/11/19",14:00:00,"Vehicle overturned (no collision)","Saturday","Day",1,2,"Not at intersection",3,888,"A",1997,"TRAY","TOYOTA","Light Commercial Vehicle (Rigid) <= 4.5 Tonnes GVM","M",18,"17-21","Drivers"
"T20200001641","19/2/19",11:45:00,"Collision with vehicle","Tuesday","Day",2,2,"T intersection",3,60,"B",2007,"DC UTE","NISSAN","Utility","M",49,"40-49","Drivers"
"T20200001667","28/12/19",11:00:00,"Collision with vehicle","Saturday","Unknown",2,2,"Cross intersection",3,999,"A",2013,"SEDAN","TOYOTA","Taxi","M",21,"17-21","Drivers"
"T20200001667","28/12/19",11:00:00,"Collision with vehicle","Saturday","Unknown",2,2,"Cross intersection",3,999,"B",2018,"WAGON","HONDA","Station Wagon","F",39,"30-39","Drivers"
"T20200001782","31/10/19",05:30:00,"No collision and no object struck","Thursday","Day",1,1,"Not at intersection",3,80,"A",2010,"DC UTE","HOLDEN","Utility","M",36,"30-39","Drivers"
"T20200001866","24/12/19",07:00:00,"Collision with vehicle","Tuesday","Day",3,3,"Not at intersection",3,60,"A",2018,"WAGON","NISSAN","Station Wagon","M",44,"40-49","Drivers"
"T20200001866","24/12/19",07:00:00,"Collision with vehicle","Tuesday","Day",3,3,"Not at intersection",3,60,"B",2018,"WAGON","M G","Station Wagon","M",26,"26-29","Drivers"
"T20200001866","24/12/19",07:00:00,"Collision with vehicle","Tuesday","Day",3,3,"Not at intersection",3,60,"C",2007,"SEDAN","FORD","Car","F",43,"40-49","Drivers"
"T20200001876","11/12/19",16:40:00,"Collision with vehicle","Wednesday","Day",2,2,"Not at intersection",3,60,"A",2009,"SEDAN","HOLDEN","Car","M",36,"30-39","Drivers"
"T20200001876","11/12/19",16:40:00,"Collision with vehicle","Wednesday","Day",2,2,"Not at intersection",3,60,"B",2007,"SEDAN","TOYOTA","Car","F",27,"26-29","Drivers"
"T20200001932","13/12/19",08:00:00,"Collision with vehicle","Friday","Day",3,3,"Cross intersection",3,60,"A",2003,"SEDAN","MAZDA","Car","F",21,"17-21","Drivers"
"T20200001932","13/12/19",08:00:00,"Collision with vehicle","Friday","Day",3,3,"Cross intersection",3,60,"B",2014,"SEDAN","TOYOTA","Car","M",26,"26-29","Drivers"
"T20200001932","13/12/19",08:00:00,"Collision with vehicle","Friday","Day",3,3,"Cross intersection",3,60,"C",2012,"VAN","TOYOTA","Panel Van","M",62,"60-64","Drivers"
"T20200001973","24/10/19",05:50:00,"Collision with vehicle","Thursday","Dusk/Dawn",2,2,"Not at intersection",3,80,"A",2019,"SEDAN","VOLKS","Car","F",56,"50-59","Drivers"
"T20200001998","19/12/19",18:30:00,"Collision with vehicle","Thursday","Day",2,2,"Cross intersection",3,60,"A",2008,"SEDAN","VOLKS","Car","F",24,"22-25","Drivers"
"T20200001998","19/12/19",18:30:00,"Collision with vehicle","Thursday","Day",2,2,"Cross intersection",3,60,"B",2009,"DC UTE","MITSUB","Utility","M",38,"30-39","Drivers"
"T20200002032","8/11/19",23:00:00,"Collision with vehicle","Friday","Dark Street lights unknown",2,2,"Cross intersection",3,999,"A",2007,"COUPE","HYNDAI","Car","M",34,"30-39","Drivers"
"T20200002032","8/11/19",23:00:00,"Collision with vehicle","Friday","Dark Street lights unknown",2,2,"Cross intersection",3,999,"B",1996,"UTIL","HOLDEN","Utility","M",53,"50-59","Drivers"
"T20200002052","3/12/19",10:45:00,"Collision with vehicle","Tuesday","Day",2,3,"Cross intersection",3,60,"A",2012,"SEDAN","TOYOTA","Car","M",72,"70+","Drivers"
"T20200002052","3/12/19",10:45:00,"Collision with vehicle","Tuesday","Day",2,3,"Cross intersection",3,60,"B",2003,"SEDAN","FORD","Car","M",67,"64-69","Drivers"
"T20200002053","20/12/19",11:40:00,"Collision with vehicle","Friday","Day",2,2,"Not at intersection",3,999,"A",2005,"WAGON","FORD","Station Wagon","M",52,"50-59","Drivers"
"T20200002053","20/12/19",11:40:00,"Collision with vehicle","Friday","Day",2,2,"Not at intersection",3,999,"B",1990,"SEDAN","FORD","Car","M",47,"40-49","Drivers"
"T20200002083","21/9/19",13:20:00,"Collision with vehicle","Saturday","Day",2,3,"T intersection",3,80,"A",2004,"SEDAN","MAZDA","Car","M",24,"22-25","Drivers"
"T20200002083","21/9/19",13:20:00,"Collision with vehicle","Saturday","Day",2,3,"T intersection",3,80,"B",1995,"SED","B M W","Car","M",63,"60-64","Drivers"
"T20200002108","27/12/19",09:27:00,"Collision with vehicle","Friday","Day",2,2,"T intersection",3,60,"A",2007,"SEDAN","HOLDEN","Car","M",86,"70+","Drivers"
"T20200002108","27/12/19",09:27:00,"Collision with vehicle","Friday","Day",2,2,"T intersection",3,60,"B",2004,"SED","TOYOTA","Car","F",34,"30-39","Drivers"
"T20200002133","18/12/19",08:30:00,"Collision with vehicle","Wednesday","Day",2,2,"Not at intersection",3,60,"A",2010,"WAGON","MAZDA","Station Wagon","F",41,"40-49","Drivers"
"T20200002133","18/12/19",08:30:00,"Collision with vehicle","Wednesday","Day",2,2,"Not at intersection",3,60,"B",2017,"WAGON","KIA","Station Wagon","F",39,"30-39","Drivers"
"T20200002168","16/10/19",07:40:00,"Collision with vehicle","Wednesday","Unknown",2,2,"T intersection",3,70,"A",2019,"SEDAN","VOLKS","Car","F",35,"30-39","Drivers"
"T20200002168","16/10/19",07:40:00,"Collision with vehicle","Wednesday","Unknown",2,2,"T intersection",3,70,"B",2001,"COUPE","HYNDAI","Car","M",33,"30-39","Drivers"
"T20200002172","4/9/19",08:00:00,"Collision with vehicle","Wednesday","Day",3,2,"Multiple intersection",3,80,"A",2011,"SEDAN","TOYOTA","Car","M",27,"26-29","Drivers"
"T20200002172","4/9/19",08:00:00,"Collision with vehicle","Wednesday","Day",3,2,"Multiple intersection",3,80,"B",2014,"S WAG","HOLDEN","Station Wagon","M",30,"30-39","Drivers"
"T20200002172","4/9/19",08:00:00,"Collision with vehicle","Wednesday","Day",3,2,"Multiple intersection",3,80,"C",0,"TRAY","UNKN","Light Commercial Vehicle (Rigid) <= 4.5 Tonnes GVM","U",NA,"unknown","Drivers"
"T20200002239","14/11/19",15:00:00,"Collision with vehicle","Thursday","Day",2,2,"T intersection",3,80,"A",2016,"SEDAN","VOLKS","Car","M",45,"40-49","Drivers"
"T20200002239","14/11/19",15:00:00,"Collision with vehicle","Thursday","Day",2,2,"T intersection",3,80,"B",2008,"DC UTE","TOYOTA","Utility","U",NA,"unknown","Drivers"
"T20200002267","24/9/19",07:50:00,"Vehicle overturned (no collision)","Tuesday","Day",1,1,"Not at intersection",3,100,"A",0,"C CHAS","HINO","Heavy Vehicle (Rigid) > 4.5 Tonnes","M",24,"22-25","Drivers"
"T20200002308","12/11/19",12:00:00,"Fall from or in moving vehicle","Tuesday","Day",1,2,"Not at intersection",3,30,"A",2010,"SEDAN","FORD","Taxi","M",47,"40-49","Drivers"
"T20200002312","26/10/19",22:00:00,"Collision with vehicle","Saturday","Dark Street lights on",2,2,"Cross intersection",3,50,"A",2006,"SEDAN","MAZDA","Car","F",57,"50-59","Drivers"
"T20200002312","26/10/19",22:00:00,"Collision with vehicle","Saturday","Dark Street lights on",2,2,"Cross intersection",3,50,"B",2018,"WAGON","VOLKS","Station Wagon","F",47,"40-49","Drivers"
"T20200002313","12/11/19",13:30:00,"Collision with vehicle","Tuesday","Day",2,2,"Not at intersection",3,80,"A",2005,"WAGON","FORD","Station Wagon","F",71,"70+","Drivers"
"T20200002355","16/12/19",16:00:00,"Collision with vehicle","Monday","Day",2,3,"T intersection",3,60,"A",2013,"SEDAN","MAZDA","Car","M",47,"40-49","Drivers"
"T20200002363","22/7/19",12:20:00,"Collision with vehicle","Monday","Day",2,2,"Not at intersection",3,60,"A",2008,"SEDAN","KIA","Car","M",62,"60-64","Drivers"
"T20200002363","22/7/19",12:20:00,"Collision with vehicle","Monday","Day",2,2,"Not at intersection",3,60,"B",2018,"SEDAN","HYNDAI","Car","M",47,"40-49","Drivers"
"T20200002371","2/12/19",15:40:00,"Collision with vehicle","Monday","Unknown",5,5,"Not at intersection",3,100,"A",2014,"WAGON","L ROV","Station Wagon","F",24,"22-25","Drivers"
"T20200002371","2/12/19",15:40:00,"Collision with vehicle","Monday","Unknown",5,5,"Not at intersection",3,100,"B",2018,"UTIL","HOLDEN","Utility","M",29,"26-29","Drivers"
"T20200002371","2/12/19",15:40:00,"Collision with vehicle","Monday","Unknown",5,5,"Not at intersection",3,100,"C",2013,"SEDAN","VOLKS","Car","M",20,"17-21","Drivers"
"T20200002371","2/12/19",15:40:00,"Collision with vehicle","Monday","Unknown",5,5,"Not at intersection",3,100,"D",2011,"SEDAN","AUDI","Car","M",47,"40-49","Drivers"
"T20200002371","2/12/19",15:40:00,"Collision with vehicle","Monday","Unknown",5,5,"Not at intersection",3,100,"E",2016,"SEDAN","VOLKS","Car","F",25,"22-25","Drivers"
"T20200002372","23/12/19",13:04:00,"Collision with vehicle","Monday","Day",2,3,"Cross intersection",3,80,"A",2009,"SEDAN","MAZDA","Car","F",42,"40-49","Drivers"
"T20200002372","23/12/19",13:04:00,"Collision with vehicle","Monday","Day",2,3,"Cross intersection",3,80,"B",2018,"SEDAN","HYNDAI","Car","F",60,"60-64","Drivers"
"T20200002422","1/12/19",11:40:00,"Collision with vehicle","Sunday","Day",2,2,"T intersection",3,60,"A",2014,"SEDAN","SUZUKI","Car","F",44,"40-49","Drivers"
"T20200002505","22/12/19",10:00:00,"No collision and no object struck","Sunday","Day",1,1,"Not at intersection",3,70,"A",2005,"SEDAN","TOYOTA","Car","F",27,"26-29","Drivers"
"T20200002519","3/11/19",10:35:00,"Collision with a fixed object","Sunday","Day",2,2,"Not at intersection",3,60,"A",0,"SEDAN","HOLDEN","Car","U",NA,"unknown","Drivers"
"T20200002519","3/11/19",10:35:00,"Collision with a fixed object","Sunday","Day",2,2,"Not at intersection",3,60,"B",2009,"SEDAN","MITSUB","Car","M",20,"17-21","Drivers"
"T20200002537","12/11/19",07:30:00,"No collision and no object struck","Tuesday","Dusk/Dawn",1,1,"Not at intersection",3,60,"A",2005,"SEDAN","HOLDEN","Car","M",20,"17-21","Drivers"
"T20200002584","10/12/19",08:40:00,"Collision with vehicle","Tuesday","Day",2,2,"T intersection",3,80,"A",2013,"WAGON","SUBARU","Station Wagon","F",39,"30-39","Drivers"
"T20200002584","10/12/19",08:40:00,"Collision with vehicle","Tuesday","Day",2,2,"T intersection",3,80,"B",2014,"SEDAN","MAZDA","Car","F",31,"30-39","Drivers"
"T20200002601","23/10/19",21:00:00,"Collision with vehicle","Wednesday","Dark Street lights on",2,2,"Not at intersection",3,40,"A",2008,"SEDAN","MERC B","Car","F",58,"50-59","Drivers"
"T20200002628","18/12/19",15:00:00,"Collision with vehicle","Wednesday","Unknown",2,2,"Not at intersection",3,999,"A",2017,"SEDAN","HYNDAI","Car","F",59,"50-59","Drivers"
"T20200002628","18/12/19",15:00:00,"Collision with vehicle","Wednesday","Unknown",2,2,"Not at intersection",3,999,"B",2017,"P MVR","M A N","Prime Mover - Single Trailer","M",61,"60-64","Drivers"
"T20200002674","18/12/19",16:10:00,"Collision with vehicle","Wednesday","Day",2,5,"Unknown",3,60,"A",2009,"WAGON","HOLDEN","Station Wagon","F",30,"30-39","Drivers"
"T20200002674","18/12/19",16:10:00,"Collision with vehicle","Wednesday","Day",2,5,"Unknown",3,60,"B",2009,"WAGON","MITSUB","Station Wagon","M",35,"30-39","Drivers"
"T20200002722","13/12/19",16:10:00,"Collision with vehicle","Friday","Day",2,2,"Cross intersection",3,60,"A",2006,"SEDAN","MAZDA","Car","F",63,"60-64","Drivers"
"T20200002722","13/12/19",16:10:00,"Collision with vehicle","Friday","Day",2,2,"Cross intersection",3,60,"B",2019,"DC UTE","ISUZU","Utility","U",NA,"unknown","Drivers"
"T20200002732","26/11/19",08:40:00,"Collision with vehicle","Tuesday","Unknown",2,2,"Not at intersection",3,60,"A",2014,"SEDAN","MAZDA","Car","F",28,"26-29","Drivers"
"T20200002732","26/11/19",08:40:00,"Collision with vehicle","Tuesday","Unknown",2,2,"Not at intersection",3,60,"B",2018,"WAGON","UNKN","Station Wagon","M",31,"30-39","Drivers"
"T20200002734","31/12/19",13:40:00,"Collision with vehicle","Tuesday","Day",3,4,"Not at intersection",3,80,"A",0,"SEDAN","UNKN","Taxi","U",NA,"unknown","Drivers"
"T20200002745","2/11/19",18:14:00,"Collision with vehicle","Saturday","Day",2,3,"T intersection",3,60,"A",2010,"WAGON","PORSCH","Station Wagon","F",48,"40-49","Drivers"
"T20200002745","2/11/19",18:14:00,"Collision with vehicle","Saturday","Day",2,3,"T intersection",3,60,"B",2019,"SEDAN","TOYOTA","Car","F",29,"26-29","Drivers"
"T20200002762","2/12/19",13:15:00,"Collision with a fixed object","Monday","Day",1,1,"Not at intersection",3,60,"A",2001,"WAGON","HONDA","Station Wagon","M",20,"17-21","Drivers"
"T20200002770","18/12/19",16:05:00,"Collision with vehicle","Wednesday","Day",4,5,"Not at intersection",3,100,"A",1999,"SEDAN","MERC B","Car","M",85,"70+","Drivers"
"T20200002770","18/12/19",16:05:00,"Collision with vehicle","Wednesday","Day",4,5,"Not at intersection",3,100,"B",2007,"S WAG","SUBARU","Station Wagon","M",24,"22-25","Drivers"
"T20200002770","18/12/19",16:05:00,"Collision with vehicle","Wednesday","Day",4,5,"Not at intersection",3,100,"C",2012,"SEDAN","MITSUB","Car","M",34,"30-39","Drivers"
"T20200002770","18/12/19",16:05:00,"Collision with vehicle","Wednesday","Day",4,5,"Not at intersection",3,100,"D",1999,"SEDAN","MITSUB","Car","M",20,"17-21","Drivers"
"T20200002826","18/7/19",18:00:00,"Collision with vehicle","Thursday","Dark Street lights unknown",2,2,"Not at intersection",2,999,"A",2007,"SEDAN","TOYOTA","Car","M",46,"40-49","Drivers"
"T20200002826","18/7/19",18:00:00,"Collision with vehicle","Thursday","Dark Street lights unknown",2,2,"Not at intersection",2,999,"B",2008,"SEDAN","HYNDAI","Car","F",31,"30-39","Drivers"
"T20200002859","25/11/19",06:30:00,"Collision with vehicle","Monday","Unknown",2,2,"Cross intersection",3,50,"A",2011,"UTIL","FORD","Utility","M",28,"26-29","Drivers"
"T20200002859","25/11/19",06:30:00,"Collision with vehicle","Monday","Unknown",2,2,"Cross intersection",3,50,"B",0,NA,"MAZDA","Car","M",47,"40-49","Drivers"
"T20200002890","3/10/19",18:20:00,"Collision with vehicle","Thursday","Day",2,5,"Not at intersection",3,100,"A",2014,"SEDAN","MERC B","Car","F",66,"64-69","Drivers"
"T20200002890","3/10/19",18:20:00,"Collision with vehicle","Thursday","Day",2,5,"Not at intersection",3,100,"B",2007,"P MVR","W STAR","Prime Mover - Single Trailer","M",56,"50-59","Drivers"
"T20200002989","20/12/19",16:30:00,"Collision with vehicle","Friday","Day",3,3,"Not at intersection",3,70,"A",2003,"SEDAN","HOLDEN","Car","M",24,"22-25","Drivers"
"T20200002989","20/12/19",16:30:00,"Collision with vehicle","Friday","Day",3,3,"Not at intersection",3,70,"B",2005,"SEDAN","HONDA","Car","F",31,"30-39","Drivers"
"T20200002989","20/12/19",16:30:00,"Collision with vehicle","Friday","Day",3,3,"Not at intersection",3,70,"C",2002,"WAGON","HONDA","Station Wagon","F",35,"30-39","Drivers"
"T20200003100","10/12/19",14:45:00,"Collision with vehicle","Tuesday","Unknown",2,2,"Not at intersection",3,60,"A",2007,"SEDAN","TOYOTA","Car","M",60,"60-64","Drivers"
"T20200003100","10/12/19",14:45:00,"Collision with vehicle","Tuesday","Unknown",2,2,"Not at intersection",3,60,"B",2016,"DC UTE","FORD","Utility","M",76,"70+","Drivers"
"T20200003168","26/12/19",14:35:00,"Collision with vehicle","Thursday","Day",2,7,"T intersection",3,60,"A",2013,"WAGON","NISSAN","Station Wagon","F",32,"30-39","Drivers"
"T20200003168","26/12/19",14:35:00,"Collision with vehicle","Thursday","Day",2,7,"T intersection",3,60,"B",2008,"SEDAN","HONDA","Car","M",42,"40-49","Drivers"
"T20200003222","30/3/19",12:55:00,"Collision with vehicle","Saturday","Day",3,3,"Not at intersection",3,60,"A",2011,"WAGON","TOYOTA","Station Wagon","F",40,"40-49","Drivers"
"T20200003222","30/3/19",12:55:00,"Collision with vehicle","Saturday","Day",3,3,"Not at intersection",3,60,"B",2016,"SEDAN","TOYOTA","Car","F",57,"50-59","Drivers"
"T20200003222","30/3/19",12:55:00,"Collision with vehicle","Saturday","Day",3,3,"Not at intersection",3,60,"C",2005,"DC UTE","MITSUB","Utility","M",19,"17-21","Drivers"
"T20200003245","17/8/19",11:30:00,"Collision with vehicle","Saturday","Day",2,2,"T intersection",3,60,"A",1996,"SEDAN","FORD","Car","M",34,"30-39","Drivers"
"T20200003298","20/12/19",11:23:00,"Collision with a fixed object","Friday","Day",1,1,"Not at intersection",3,80,"A",2017,"DC UTE","MITSUB","Utility","M",29,"26-29","Drivers"
"T20200003315","12/9/19",15:00:00,"Collision with vehicle","Thursday","Day",2,2,"Cross intersection",3,80,"A",2011,"SEDAN","HONDA","Car","F",24,"22-25","Drivers"
"T20200003315","12/9/19",15:00:00,"Collision with vehicle","Thursday","Day",2,2,"Cross intersection",3,80,"B",2011,"SEDAN","TOYOTA","Car","M",34,"30-39","Drivers"
"T20200003353","3/12/19",10:00:00,"Collision with vehicle","Tuesday","Day",2,2,"Not at intersection",2,999,"A",2014,"DC UTE","TOYOTA","Utility","M",52,"50-59","Drivers"
"T20200003353","3/12/19",10:00:00,"Collision with vehicle","Tuesday","Day",2,2,"Not at intersection",2,999,"B",2016,"COUPE","ISUZU","Heavy Vehicle (Rigid) > 4.5 Tonnes","M",24,"22-25","Drivers"
"T20200003359","1/9/19",13:00:00,"Collision with vehicle","Sunday","Day",2,2,"Not at intersection",3,80,"A",2005,"WAGON","MITSUB","Station Wagon","F",26,"26-29","Drivers"
"T20200003359","1/9/19",13:00:00,"Collision with vehicle","Sunday","Day",2,2,"Not at intersection",3,80,"B",2000,"SEDAN","HOLDEN","Car","M",21,"17-21","Drivers"
"T20200003362","24/12/19",18:20:00,"Collision with a fixed object","Tuesday","Day",1,2,"Not at intersection",3,100,"A",1991,"SED","HOLDEN","Car","M",21,"17-21","Drivers"
"T20200003415","24/10/19",17:30:00,"Collision with vehicle","Thursday","Day",2,2,"Not at intersection",3,60,"A",2009,"SEDAN","TOYOTA","Car","M",49,"40-49","Drivers"
"T20200003415","24/10/19",17:30:00,"Collision with vehicle","Thursday","Day",2,2,"Not at intersection",3,60,"B",2014,"WAGON","TOYOTA","Station Wagon","F",38,"30-39","Drivers"
"T20200003453","11/12/19",20:30:00,"Collision with vehicle","Wednesday","Dusk/Dawn",2,2,"Not at intersection",3,50,"A",2016,"SEDAN","MERC B","Taxi","M",41,"40-49","Drivers"
"T20200003453","11/12/19",20:30:00,"Collision with vehicle","Wednesday","Dusk/Dawn",2,2,"Not at intersection",3,50,"B",2011,"SEDAN","NISSAN","Car","F",29,"26-29","Drivers"
"T20200003792","29/10/19",17:00:00,"Collision with vehicle","Tuesday","Unknown",2,3,"Not at intersection",3,60,"A",2003,"WAGON","TOYOTA","Car","M",33,"30-39","Drivers"
"T20200003796","15/10/19",05:30:00,"Collision with vehicle","Tuesday","Dusk/Dawn",2,2,"Not at intersection",3,100,"A",2005,"WAGON","FORD","Station Wagon","M",40,"40-49","Drivers"
"T20200003796","15/10/19",05:30:00,"Collision with vehicle","Tuesday","Dusk/Dawn",2,2,"Not at intersection",3,100,"B",2011,"UTIL","TOYOTA","Utility","M",65,"64-69","Drivers"
"T20200003906","1/2/19",15:46:00,"Collision with vehicle","Friday","Day",2,1,"Cross intersection",3,100,"A",2017,"WAGON","LDV","Mini Bus(9-13 seats)","F",75,"70+","Drivers"
"T20200003986","23/12/19",18:55:00,"Collision with vehicle","Monday","Day",2,4,"T intersection",3,50,"A",2012,"WAGON","NISSAN","Station Wagon","M",29,"26-29","Drivers"
"T20200003986","23/12/19",18:55:00,"Collision with vehicle","Monday","Day",2,4,"T intersection",3,50,"B",2006,"WAGON","KIA","Station Wagon","F",48,"40-49","Drivers"
"T20200004120","12/10/19",07:46:00,"Collision with a fixed object","Saturday","Day",1,2,"Not at intersection",3,40,"A",2004,"SEDAN","FORD","Car","M",50,"50-59","Drivers"
"T20200004126","13/5/19",20:34:00,"Collision with vehicle","Monday","Dark Street lights on",4,4,"Not at intersection",3,60,"B",2017,"DC UTE","NISSAN","Utility","U",NA,"unknown","Drivers"
"T20200004134","14/11/19",01:30:00,"Struck animal","Thursday","Dark No street lights",1,1,"T intersection",2,999,"A",1999,"SEDAN","FORD","Car","M",60,"60-64","Drivers"
"T20200004145","18/9/19",12:28:00,"Collision with vehicle","Wednesday","Unknown",2,2,"Not at intersection",3,999,"A",2017,"TRAY","TOYOTA","Light Commercial Vehicle (Rigid) <= 4.5 Tonnes GVM","F",54,"50-59","Drivers"
"T20200004145","18/9/19",12:28:00,"Collision with vehicle","Wednesday","Unknown",2,2,"Not at intersection",3,999,"B",2017,"DC UTE","HOLDEN","Utility","M",36,"30-39","Drivers"
"T20200004255","31/10/19",17:00:00,"Struck Pedestrian","Thursday","Unknown",1,3,"Not at intersection",3,50,"A",2013,"SEDAN","HYNDAI","Car","F",42,"40-49","Drivers"
"T20200004339","30/11/19",10:00:00,"Collision with vehicle","Saturday","Day",2,5,"Cross intersection",3,60,"A",2004,"COUPE","PEUG","Car","M",68,"64-69","Drivers"
"T20200004339","30/11/19",10:00:00,"Collision with vehicle","Saturday","Day",2,5,"Cross intersection",3,60,"B",2016,"WAGON","SUBARU","Station Wagon","M",43,"40-49","Drivers"
"T20200004347","31/12/19",14:30:00,"Collision with vehicle","Tuesday","Day",2,2,"Not at intersection",3,80,"B",2014,"SEDAN","MAZDA","Car","M",24,"22-25","Drivers"
"T20200004396","20/5/19",07:00:00,"Collision with vehicle","Monday","Day",2,2,"Not at intersection",3,100,"A",2009,"COUPE","HOLDEN","Car","F",57,"50-59","Drivers"
"T20200004396","20/5/19",07:00:00,"Collision with vehicle","Monday","Day",2,2,"Not at intersection",3,100,"B",2004,"TRAY","HINO","Light Commercial Vehicle (Rigid) <= 4.5 Tonnes GVM","M",52,"50-59","Drivers"
"T20200004435","26/12/19",18:55:00,"Collision with vehicle","Thursday","Unknown",2,2,"Multiple intersection",3,60,"A",2010,"SEDAN","TOYOTA","Car","M",80,"70+","Drivers"
"T20200004435","26/12/19",18:55:00,"Collision with vehicle","Thursday","Unknown",2,2,"Multiple intersection",3,60,"B",2013,"TRAY","TOYOTA","Light Commercial Vehicle (Rigid) <= 4.5 Tonnes GVM","M",57,"50-59","Drivers"
"T20200004471","29/12/19",19:32:00,"Collision with vehicle","Sunday","Day",3,4,"Not at intersection",3,999,"A",2014,"SEDAN","TOYOTA","Car","M",25,"22-25","Drivers"
"T20200004471","29/12/19",19:32:00,"Collision with vehicle","Sunday","Day",3,4,"Not at intersection",3,999,"B",2000,"SEDAN","FORD","Car","M",41,"40-49","Drivers"
"T20200004471","29/12/19",19:32:00,"Collision with vehicle","Sunday","Day",3,4,"Not at intersection",3,999,"C",2004,"SEDAN","TOYOTA","Car","M",25,"22-25","Drivers"
"T20200004507","14/11/19",15:15:00,"Collision with vehicle","Thursday","Day",2,2,"T intersection",3,999,"A",0,"SEDAN","UNKN","Car","F",52,"50-59","Drivers"
"T20200004507","14/11/19",15:15:00,"Collision with vehicle","Thursday","Day",2,2,"T intersection",3,999,"B",2014,"SEDAN","UNKN","Car","M",49,"40-49","Drivers"
"T20200004519","4/3/19",01:00:00,"Collision with vehicle","Monday","Dark Street lights on",2,2,"Not at intersection",3,60,"A",2003,"COUPE","HYNDAI","Car","M",45,"40-49","Drivers"
"T20200004519","4/3/19",01:00:00,"Collision with vehicle","Monday","Dark Street lights on",2,2,"Not at intersection",3,60,"B",2008,"WAGON","MERC B","Station Wagon","M",41,"40-49","Drivers"
"T20200004554","23/12/19",11:30:00,"Collision with vehicle","Monday","Day",2,2,"Not at intersection",3,999,"A",2010,"SEDAN","MAZDA","Car","F",69,"64-69","Drivers"
"T20200004554","23/12/19",11:30:00,"Collision with vehicle","Monday","Day",2,2,"Not at intersection",3,999,"B",2012,"SEDAN","HYNDAI","Car","F",56,"50-59","Drivers"
"T20200004593","12/7/19",16:00:00,"Collision with vehicle","Friday","Day",3,3,"Cross intersection",3,60,"A",2011,"SEDAN","TOYOTA","Car","F",82,"70+","Drivers"
"T20200004593","12/7/19",16:00:00,"Collision with vehicle","Friday","Day",3,3,"Cross intersection",3,60,"B",2003,"SEDAN","HOLDEN","Car","M",30,"30-39","Drivers"
"T20200004593","12/7/19",16:00:00,"Collision with vehicle","Friday","Day",3,3,"Cross intersection",3,60,"C",1985,"S WAG","TOYOTA","Station Wagon","M",19,"17-21","Drivers"
"T20200004614","24/11/19",17:15:00,"Vehicle overturned (no collision)","Sunday","Day",1,1,"Not at intersection",3,999,"A",2004,"WAGON","FORD","Station Wagon","M",25,"22-25","Drivers"
"T20200004797","16/10/19",14:00:00,"Collision with vehicle","Wednesday","Day",2,2,"Not at intersection",3,60,"A",2017,"WAGON","TOYOTA","Station Wagon","F",21,"17-21","Drivers"
"T20200004797","16/10/19",14:00:00,"Collision with vehicle","Wednesday","Day",2,2,"Not at intersection",3,60,"B",2013,"SEDAN","TOYOTA","Taxi","M",25,"22-25","Drivers"
"T20200004845","3/6/19",15:30:00,"Collision with vehicle","Monday","Day",2,2,"T intersection",2,60,"A",2017,"SEDAN","HOLDEN","Car","F",25,"22-25","Drivers"
"T20200004845","3/6/19",15:30:00,"Collision with vehicle","Monday","Day",2,2,"T intersection",2,60,"B",1998,"UTIL","TOYOTA","Utility","M",50,"50-59","Drivers"
"T20200004898","8/10/19",14:00:00,"Collision with vehicle","Tuesday","Day",2,2,"Not at intersection",3,999,"B",0,"SEDAN","UNKN","Car","M",43,"40-49","Drivers"
"T20200004906","31/8/19",13:30:00,"Struck Pedestrian","Saturday","Day",1,2,"Not at intersection",3,999,"B",0,"CHAIR","MOBILE","Other Vehicle","U",NA,"unknown","Drivers"
"T20200004963","4/11/19",10:35:00,"Collision with vehicle","Monday","Unknown",2,2,"Multiple intersection",3,80,"A",2016,"SEDAN","TOYOTA","Car","M",44,"40-49","Drivers"