"ACCIDENT_NO","ACCIDENTDATE","ACCIDENTTIME","Accident Type Desc","Day Week Description","Light Condition Desc","NO_OF_VEHICLES","NO_PERSONS","Road Geometry Desc","SEVERITY","SPEED_ZONE","VEHICLE_ID","VEHICLE_YEAR_MANUF","VEHICLE_BODY_STYLE","VEHICLE_MAKE","Vehicle Type Desc","SEX","AGE","Age Group","Road User Type Desc"
"T20200004963","4/11/19",10:35:00,"Collision with vehicle","Monday","Unknown",2,2,"Multiple intersection",3,80,"B",2008,"S WAG","HOLDEN","Station Wagon","M",20,"17-21","Drivers"
"T20200005128","19/12/19",18:40:00,"Collision with vehicle","Thursday","Day",2,2,"Multiple intersection",3,80,"A",2000,"S WAG","HOLDEN","Station Wagon","F",52,"50-59","Drivers"
"T20200005128","19/12/19",18:40:00,"Collision with vehicle","Thursday","Day",2,2,"Multiple intersection",3,80,"B",1998,"SEDAN","MAZDA","Car","F",39,"30-39","Drivers"
"T20200005135","1/9/19",21:34:00,"Struck Pedestrian","Sunday","Dark Street lights on",1,3,"Not at intersection",3,50,"A",2005,"WAGON","FORD","Station Wagon","M",23,"22-25","Drivers"
"T20200005141","17/8/19",12:00:00,"Collision with vehicle","Saturday","Unknown",2,2,"Cross intersection",3,60,"A",2013,"WAGON","FORD","Station Wagon","F",48,"40-49","Drivers"
"T20200005141","17/8/19",12:00:00,"Collision with vehicle","Saturday","Unknown",2,2,"Cross intersection",3,60,"B",0,"COUPE","VOLKS","Car","M",26,"26-29","Drivers"
"T20200005151","30/11/19",12:30:00,"Collision with vehicle","Saturday","Day",2,2,"Not at intersection",3,80,"A",2005,"S WAG","FORD","Station Wagon","M",68,"64-69","Drivers"
"T20200005159","26/11/19",15:20:00,"Collision with vehicle","Tuesday","Day",2,2,"Multiple intersection",3,80,"A",2018,"WAGON","MITSUB","Station Wagon","M",36,"30-39","Drivers"
"T20200005159","26/11/19",15:20:00,"Collision with vehicle","Tuesday","Day",2,2,"Multiple intersection",3,80,"B",2014,"S WAG","HOLDEN","Station Wagon","M",20,"17-21","Drivers"
"T20200005244","1/8/19",22:00:00,"Collision with vehicle","Thursday","Dark Street lights on",2,2,"Cross intersection",3,999,"A",2016,"WAGON","MITSUB","Station Wagon","M",37,"30-39","Drivers"
"T20200005244","1/8/19",22:00:00,"Collision with vehicle","Thursday","Dark Street lights on",2,2,"Cross intersection",3,999,"B",2002,"SEDAN","TOYOTA","Car","F",19,"17-21","Drivers"
"T20200005261","17/9/19",08:30:00,"Collision with vehicle","Tuesday","Day",2,4,"Cross intersection",3,50,"A",2005,"S WAG","FORD","Station Wagon","F",47,"40-49","Drivers"
"T20200005261","17/9/19",08:30:00,"Collision with vehicle","Tuesday","Day",2,4,"Cross intersection",3,50,"B",2010,"SEDAN","HONDA","Car","F",30,"30-39","Drivers"
"T20200005282","31/12/19",05:00:00,"Fall from or in moving vehicle","Tuesday","Dusk/Dawn",1,2,"Not at intersection",3,100,"A",1990,"S WAG","FORD","Station Wagon","M",50,"50-59","Drivers"
"T20200005310","19/12/19",14:31:00,"Collision with vehicle","Thursday","Day",2,2,"Not at intersection",3,100,"A",0,"P MVR","VOLVO","Prime Mover Only","M",25,"22-25","Drivers"
"T20200005310","19/12/19",14:31:00,"Collision with vehicle","Thursday","Day",2,2,"Not at intersection",3,100,"B",2008,"SEDAN","HONDA","Car","F",51,"50-59","Drivers"
"T20200005440","11/10/19",09:00:00,"Collision with vehicle","Friday","Day",4,4,"T intersection",3,60,"A",2014,"SEDAN","FORD","Taxi","M",42,"40-49","Drivers"
"T20200005440","11/10/19",09:00:00,"Collision with vehicle","Friday","Day",4,4,"T intersection",3,60,"B",2007,"SEDAN","HOLDEN","Car","F",20,"17-21","Drivers"
"T20200005440","11/10/19",09:00:00,"Collision with vehicle","Friday","Day",4,4,"T intersection",3,60,"C",NA,"SEDAN","UNKN","Car","U",NA,"unknown","Drivers"
"T20200005440","11/10/19",09:00:00,"Collision with vehicle","Friday","Day",4,4,"T intersection",3,60,"D",NA,"SEDAN","UNKN","Car","U",NA,"unknown","Drivers"
"T20200005448","17/10/19",15:45:00,"Collision with vehicle","Thursday","Day",2,4,"Not at intersection",3,60,"A",2017,"SEDAN","TOYOTA","Car","M",66,"64-69","Drivers"
"T20200005448","17/10/19",15:45:00,"Collision with vehicle","Thursday","Day",2,4,"Not at intersection",3,60,"B",2011,"VAN","IVECO","Light Commercial Vehicle (Rigid) <= 4.5 Tonnes GVM","M",53,"50-59","Drivers"
"T20200005717","5/5/19",06:25:00,"Collision with vehicle","Sunday","Day",2,2,"Cross intersection",3,80,"A",2015,"SEDAN","TOYOTA","Car","F",38,"30-39","Drivers"
"T20200005717","5/5/19",06:25:00,"Collision with vehicle","Sunday","Day",2,2,"Cross intersection",3,80,"B",2017,"SEDAN","TOYOTA","Car","F",35,"30-39","Drivers"
"T20200005853","28/11/19",15:50:00,"Collision with vehicle","Thursday","Day",3,3,"Not at intersection",3,70,"A",2016,"VAN","HYNDAI","Panel Van","U",NA,"unknown","Drivers"
"T20200005853","28/11/19",15:50:00,"Collision with vehicle","Thursday","Day",3,3,"Not at intersection",3,70,"B",2018,"SEDAN","REN","Car","F",56,"50-59","Drivers"
"T20200005853","28/11/19",15:50:00,"Collision with vehicle","Thursday","Day",3,3,"Not at intersection",3,70,"C",1988,"SEDAN","HOLDEN","Car","M",25,"22-25","Drivers"
"T20200005919","20/12/19",13:35:00,"Collision with a fixed object","Friday","Day",1,1,"T intersection",3,60,"A",2005,"SED","MITSUB","Car","F",72,"70+","Drivers"
"T20200005941","5/9/19",07:30:00,"Collision with vehicle","Thursday","Day",2,3,"Not at intersection",3,60,"A",2016,"WAGON","NISSAN","Station Wagon","F",29,"26-29","Drivers"
"T20200005941","5/9/19",07:30:00,"Collision with vehicle","Thursday","Day",2,3,"Not at intersection",3,60,"B",2018,"SEDAN","HOLDEN","Car","F",22,"22-25","Drivers"
"T20200005976","11/11/19",05:30:00,"collision with some other object","Monday","Dusk/Dawn",3,3,"Not at intersection",3,100,"A",2013,"SEDAN","MAZDA","Car","M",37,"30-39","Drivers"
"T20200005976","11/11/19",05:30:00,"collision with some other object","Monday","Dusk/Dawn",3,3,"Not at intersection",3,100,"B",2010,"SERV","UNKN","Heavy Vehicle (Rigid) > 4.5 Tonnes","M",34,"30-39","Drivers"
"T20200005976","11/11/19",05:30:00,"collision with some other object","Monday","Dusk/Dawn",3,3,"Not at intersection",3,100,"C",2007,"VAN","M A N","Heavy Vehicle (Rigid) > 4.5 Tonnes","M",67,"64-69","Drivers"
"T20200006023","13/3/19",18:30:00,"Collision with vehicle","Wednesday","Day",2,2,"Cross intersection",3,60,"B",2009,"WAGON","NISSAN","Car","M",50,"50-59","Drivers"
"T20200006115","19/12/19",15:00:00,"Collision with a fixed object","Thursday","Day",1,1,"Not at intersection",3,100,"A",2000,"TIPPER","NISSAN","Heavy Vehicle (Rigid) > 4.5 Tonnes","M",59,"50-59","Drivers"
"T20200006169","31/12/19",20:50:00,"Collision with vehicle","Tuesday","Dark Street lights on",2,2,"T intersection",3,60,"A",2010,"S WAG","MAZDA","Station Wagon","M",28,"26-29","Drivers"
"T20200006169","31/12/19",20:50:00,"Collision with vehicle","Tuesday","Dark Street lights on",2,2,"T intersection",3,60,"B",2001,"SEDAN","NISSAN","Car","F",51,"50-59","Drivers"
"T20200006217","19/4/19",05:40:00,"Collision with vehicle","Friday","Dark Street lights on",2,2,"Not at intersection",3,100,"A",2012,"SEDAN","HOLDEN","Car","M",56,"50-59","Drivers"
"T20200006217","19/4/19",05:40:00,"Collision with vehicle","Friday","Dark Street lights on",2,2,"Not at intersection",3,100,"B",2010,"UTIL","TOYOTA","Utility","M",44,"40-49","Drivers"
"T20200006314","3/9/19",13:00:00,"Collision with vehicle","Tuesday","Day",2,2,"Not at intersection",3,80,"B",2005,"S WAG","HOLDEN","Station Wagon","M",50,"50-59","Drivers"
"T20200006476","7/3/19",10:20:00,"Collision with vehicle","Thursday","Day",2,2,"Cross intersection",3,80,"A",2018,"SEDAN","HOLDEN","Car","F",24,"22-25","Drivers"
"T20200006476","7/3/19",10:20:00,"Collision with vehicle","Thursday","Day",2,2,"Cross intersection",3,80,"B",1992,"S WAG","FORD","Station Wagon","M",85,"70+","Drivers"
"T20200006521","13/11/19",09:20:00,"Collision with vehicle","Wednesday","Day",2,2,"Not at intersection",3,100,"A",2009,"COUPE","NISSAN","Car","M",38,"30-39","Drivers"
"T20200006521","13/11/19",09:20:00,"Collision with vehicle","Wednesday","Day",2,2,"Not at intersection",3,100,"B",1999,"SEDAN","HOLDEN","Car","F",21,"17-21","Drivers"
"T20200006862","2/9/19",16:00:00,"Vehicle overturned (no collision)","Monday","Day",1,1,"T intersection",3,60,"A",2017,"VAN","TOYOTA","Panel Van","M",20,"17-21","Drivers"
"T20200006864","28/2/19",10:25:00,"Collision with vehicle","Thursday","Day",2,2,"Not at intersection",3,100,"A",2017,"WAGON","SUBARU","Station Wagon","M",48,"40-49","Drivers"
"T20200006864","28/2/19",10:25:00,"Collision with vehicle","Thursday","Day",2,2,"Not at intersection",3,100,"B",0,"P MVR","UNKN","Prime Mover - Single Trailer","M",38,"30-39","Drivers"
"T20200006878","27/9/19",16:55:00,"Collision with vehicle","Friday","Dusk/Dawn",2,3,"Not at intersection",3,80,"A",2005,"SED","HOLDEN","Car","M",33,"30-39","Drivers"
"T20200006878","27/9/19",16:55:00,"Collision with vehicle","Friday","Dusk/Dawn",2,3,"Not at intersection",3,80,"B",2003,"SEDAN","FORD","Car","M",25,"22-25","Drivers"
"T20200007057","16/12/19",14:30:00,"Collision with vehicle","Monday","Day",2,2,"Not at intersection",3,80,"A",2003,"VAN","VOLVO","Heavy Vehicle (Rigid) > 4.5 Tonnes","M",58,"50-59","Drivers"
"T20200007057","16/12/19",14:30:00,"Collision with vehicle","Monday","Day",2,2,"Not at intersection",3,80,"B",2014,"P MVR","ISUZU","Prime Mover Only","M",34,"30-39","Drivers"
"T20200007457","29/12/19",18:27:00,"Collision with a fixed object","Sunday","Day",1,3,"Not at intersection",3,110,"A",0,"P VAN","TOYOTA","Panel Van","F",57,"50-59","Drivers"
"T20200007555","19/12/19",23:30:00,"Collision with a fixed object","Thursday","Dark Street lights on",1,1,"Not at intersection",3,50,"A",2009,"SED","NISSAN","Car","F",25,"22-25","Drivers"
"T20200007681","12/9/19",12:30:00,"Collision with vehicle","Thursday","Day",3,4,"Cross intersection",3,60,"A",2014,"VAN","VOLKS","Panel Van","M",32,"30-39","Drivers"
"T20200007681","12/9/19",12:30:00,"Collision with vehicle","Thursday","Day",3,4,"Cross intersection",3,60,"B",2002,"DC UTE","TOYOTA","Utility","M",31,"30-39","Drivers"
"T20200007681","12/9/19",12:30:00,"Collision with vehicle","Thursday","Day",3,4,"Cross intersection",3,60,"C",2016,"UTIL","MITSUB","Utility","U",NA,"unknown","Drivers"
"T20200007842","8/11/19",21:10:00,"Collision with vehicle","Friday","Dark Street lights on",2,2,"Not at intersection",3,100,"A",2003,"UTIL","HOLDEN","Utility","M",28,"26-29","Drivers"
"T20200007842","8/11/19",21:10:00,"Collision with vehicle","Friday","Dark Street lights on",2,2,"Not at intersection",3,100,"B",2004,"WAGON","TOYOTA","Station Wagon","M",53,"50-59","Drivers"
"T20200007934","22/12/19",04:00:00,"Collision with vehicle","Sunday","Dark Street lights on",2,2,"T intersection",3,80,"A",2012,"SEDAN","TOYOTA","Car","M",33,"30-39","Drivers"
"T20200007934","22/12/19",04:00:00,"Collision with vehicle","Sunday","Dark Street lights on",2,2,"T intersection",3,80,"B",2016,"SEDAN","HONDA","Car","F",24,"22-25","Drivers"
"T20200007969","17/12/19",07:00:00,"Collision with vehicle","Tuesday","Unknown",2,2,"Not at intersection",3,999,"A",2018,"WAGON","TOYOTA","Station Wagon","F",36,"30-39","Drivers"
"T20200007969","17/12/19",07:00:00,"Collision with vehicle","Tuesday","Unknown",2,2,"Not at intersection",3,999,"B",2014,"SEDAN","TOYOTA","Car","F",45,"40-49","Drivers"
"T20200008005","10/12/19",16:00:00,"Collision with vehicle","Tuesday","Day",2,2,"Not at intersection",3,999,"A",2005,"SEDAN","TOYOTA","Car","F",22,"22-25","Drivers"
"T20200008005","10/12/19",16:00:00,"Collision with vehicle","Tuesday","Day",2,2,"Not at intersection",3,999,"B",2009,"VAN","MERC B","Panel Van","F",34,"30-39","Drivers"
"T20200008174","11/12/19",09:40:00,"Collision with vehicle","Wednesday","Unknown",2,2,"Not at intersection",3,60,"A",2015,"SEDAN","UNKN","Car","M",58,"50-59","Drivers"
"T20200008174","11/12/19",09:40:00,"Collision with vehicle","Wednesday","Unknown",2,2,"Not at intersection",3,60,"B",2009,"UTIL","NISSAN","Utility","M",28,"26-29","Drivers"
"T20200008301","8/10/19",22:00:00,"Collision with vehicle","Tuesday","Unknown",2,3,"Cross intersection",3,80,"A",2005,"COUPE","TOYOTA","Car","M",22,"22-25","Drivers"
"T20200008301","8/10/19",22:00:00,"Collision with vehicle","Tuesday","Unknown",2,3,"Cross intersection",3,80,"B",2005,"SEDAN","PEUG","Car","F",18,"17-21","Drivers"
"T20200008403","23/11/19",13:00:00,"Collision with vehicle","Saturday","Day",2,2,"T intersection",3,40,"A",1996,"WAGON","TOYOTA","Station Wagon","F",57,"50-59","Drivers"
"T20200008403","23/11/19",13:00:00,"Collision with vehicle","Saturday","Day",2,2,"T intersection",3,40,"B",2013,"WAGON","TOYOTA","Station Wagon","M",36,"30-39","Drivers"
"T20200008539","31/12/19",22:25:00,"Collision with vehicle","Tuesday","Dark Street lights unknown",2,1,"Not at intersection",2,50,"A",2011,"SEDAN","VOLKS","Car","M",47,"40-49","Drivers"
"T20200008547","29/7/19",06:30:00,"Collision with vehicle","Monday","Dark Street lights on",3,3,"Cross intersection",3,60,"A",2016,"SEDAN","TOYOTA","Car","F",33,"30-39","Drivers"
"T20200008547","29/7/19",06:30:00,"Collision with vehicle","Monday","Dark Street lights on",3,3,"Cross intersection",3,60,"B",2010,"VAN","TOYOTA","Panel Van","M",49,"40-49","Drivers"
"T20200008547","29/7/19",06:30:00,"Collision with vehicle","Monday","Dark Street lights on",3,3,"Cross intersection",3,60,"C",0,"SEDAN","UNKN","Car","M",36,"30-39","Drivers"
"T20200008621","20/5/19",17:30:00,"Collision with vehicle","Monday","Unknown",2,2,"Not at intersection",3,999,"A",1998,"WAGON","NISSAN","Station Wagon","M",48,"40-49","Drivers"
"T20200008621","20/5/19",17:30:00,"Collision with vehicle","Monday","Unknown",2,2,"Not at intersection",3,999,"B",2016,"WAGON","PEUG","Station Wagon","F",65,"64-69","Drivers"
"T20200008955","20/10/19",16:00:00,"Collision with vehicle","Sunday","Day",2,5,"Cross intersection",3,60,"A",2016,"WAGON","HYNDAI","Station Wagon","M",36,"30-39","Drivers"
"T20200008955","20/10/19",16:00:00,"Collision with vehicle","Sunday","Day",2,5,"Cross intersection",3,60,"B",2011,"VAN","VOLKS","Panel Van","M",69,"64-69","Drivers"
"T20200009048","12/11/19",17:45:00,"Collision with vehicle","Tuesday","Day",2,2,"Cross intersection",3,60,"A",2017,"WAGON","NISSAN","Station Wagon","F",49,"40-49","Drivers"
"T20200009048","12/11/19",17:45:00,"Collision with vehicle","Tuesday","Day",2,2,"Cross intersection",3,60,"B",2004,"SEDAN","MAZDA","Car","F",47,"40-49","Drivers"
"T20200009081","23/10/19",12:25:00,"Collision with vehicle","Wednesday","Day",2,2,"Cross intersection",3,60,"A",2019,"UTIL","HOLDEN","Utility","F",38,"30-39","Drivers"
"T20200009147","2/10/19",12:00:00,"Collision with vehicle","Wednesday","Unknown",3,3,"Not at intersection",3,999,"A",2009,"SEDAN","HYNDAI","Car","F",72,"70+","Drivers"
"T20200009147","2/10/19",12:00:00,"Collision with vehicle","Wednesday","Unknown",3,3,"Not at intersection",3,999,"B",2018,"T SDS","NISSAN","Light Commercial Vehicle (Rigid) <= 4.5 Tonnes GVM","M",29,"26-29","Drivers"
"T20200009147","2/10/19",12:00:00,"Collision with vehicle","Wednesday","Unknown",3,3,"Not at intersection",3,999,"C",2016,"SEDAN","HOLDEN","Car","F",56,"50-59","Drivers"
"T20200009191","28/10/19",15:45:00,"Collision with vehicle","Monday","Day",2,2,"T intersection",3,50,"A",2010,"S WAG","MAZDA","Station Wagon","F",51,"50-59","Drivers"
"T20200009421","1/5/19",08:00:00,"Struck animal","Wednesday","Dusk/Dawn",1,1,"Not at intersection",3,100,"A",2009,"WAGON","TOYOTA","Station Wagon","M",51,"50-59","Drivers"
"T20200009755","26/11/19",08:00:00,"Vehicle overturned (no collision)","Tuesday","Unknown",1,1,"Not at intersection",3,80,"A",1997,"TRAY","TOYOTA","Utility","M",51,"50-59","Drivers"
"T20200009788","16/10/19",18:20:00,"Collision with vehicle","Wednesday","Dusk/Dawn",2,2,"Cross intersection",3,60,"A",2018,"WAGON","NISSAN","Station Wagon","F",36,"30-39","Drivers"
"T20200009788","16/10/19",18:20:00,"Collision with vehicle","Wednesday","Dusk/Dawn",2,2,"Cross intersection",3,60,"B",2018,"DC UTE","LDV","Utility","F",40,"40-49","Drivers"
"T20200010076","13/12/19",17:30:00,"Collision with vehicle","Friday","Unknown",2,2,"Cross intersection",3,60,"A",2015,"SEDAN","TOYOTA","Car","M",48,"40-49","Drivers"
"T20200010316","10/12/19",19:18:00,"Collision with vehicle","Tuesday","Day",2,2,"T intersection",3,60,"B",2009,"SEDAN","MAZDA","Car","M",43,"40-49","Drivers"
"T20200010506","25/10/19",14:00:00,"Collision with vehicle","Friday","Day",2,2,"Cross intersection",3,60,"A",2015,"SEDAN","HOLDEN","Car","F",76,"70+","Drivers"
"T20200010619","25/10/19",16:00:00,"Struck Pedestrian","Friday","Day",1,2,"Unknown",3,50,"A",0,"SEDAN","UNKN","Car","U",NA,"unknown","Drivers"
"T20200010632","19/6/19",15:00:00,"Collision with vehicle","Wednesday","Unknown",2,2,"Cross intersection",3,80,"A",2007,"WAGON","NISSAN","Station Wagon","M",45,"40-49","Drivers"
"T20200010632","19/6/19",15:00:00,"Collision with vehicle","Wednesday","Unknown",2,2,"Cross intersection",3,80,"B",2007,"SEDAN","MAZDA","Car","F",50,"50-59","Drivers"
"T20200010701","6/6/19",08:40:00,"Collision with vehicle","Thursday","Day",2,2,"Not at intersection",3,60,"B",2016,"WAGON","KIA","Station Wagon","M",59,"50-59","Drivers"
"T20200010819","24/12/19",17:42:00,"Collision with vehicle","Tuesday","Day",2,2,"Cross intersection",3,60,"A",1999,"SEDAN","MITSUB","Car","F",23,"22-25","Drivers"
"T20200010819","24/12/19",17:42:00,"Collision with vehicle","Tuesday","Day",2,2,"Cross intersection",3,60,"B",2002,"SEDAN","TOYOTA","Car","M",36,"30-39","Drivers"
"T20200011022","30/11/19",20:45:00,"Collision with vehicle","Saturday","Dusk/Dawn",2,2,"Not at intersection",3,50,"A",2012,"SEDAN","HOLDEN","Car","M",19,"17-21","Drivers"
"T20200011022","30/11/19",20:45:00,"Collision with vehicle","Saturday","Dusk/Dawn",2,2,"Not at intersection",3,50,"B",2009,"SEDAN","FORD","Car","F",54,"50-59","Drivers"
"T20200011105","31/12/19",12:10:00,"Collision with vehicle","Tuesday","Day",2,2,"Cross intersection",3,80,"A",2015,"SEDAN","HYNDAI","Car","F",21,"17-21","Drivers"
"T20200011105","31/12/19",12:10:00,"Collision with vehicle","Tuesday","Day",2,2,"Cross intersection",3,80,"B",2012,"IND/CN","FORD","Car","F",27,"26-29","Drivers"
"T20200011195","19/6/19",07:34:00,"Collision with vehicle","Wednesday","Unknown",2,2,"T intersection",3,50,"A",2007,"SEDAN","MAZDA","Car","F",26,"26-29","Drivers"
"T20200011195","19/6/19",07:34:00,"Collision with vehicle","Wednesday","Unknown",2,2,"T intersection",3,50,"B",2000,"WAGON","TOYOTA","Station Wagon","F",18,"17-21","Drivers"
"T20200011441","20/9/19",16:45:00,"Collision with vehicle","Friday","Day",2,2,"Cross intersection",3,999,"B",2012,"SEDAN","MAZDA","Car","F",27,"26-29","Drivers"
"T20200011455","28/5/19",19:35:00,"Collision with vehicle","Tuesday","Dark Street lights on",2,2,"Cross intersection",3,60,"A",2016,"SEDAN","HONDA","Car","F",35,"30-39","Drivers"
"T20200011455","28/5/19",19:35:00,"Collision with vehicle","Tuesday","Dark Street lights on",2,2,"Cross intersection",3,60,"B",2017,"SEDAN","HONDA","Car","F",46,"40-49","Drivers"
"T20200011565","24/11/19",13:20:00,"Collision with vehicle","Sunday","Day",2,3,"Not at intersection",3,80,"A",2006,"WAGON","FORD","Station Wagon","F",32,"30-39","Drivers"
"T20200011565","24/11/19",13:20:00,"Collision with vehicle","Sunday","Day",2,3,"Not at intersection",3,80,"B",1990,"SEDAN","MAZDA","Car","F",86,"70+","Drivers"
"T20200011986","19/12/19",18:15:00,"Collision with vehicle","Thursday","Day",2,2,"Not at intersection",2,60,"A",2014,"SEDAN","HONDA","Car","F",64,"60-64","Drivers"
"T20200011986","19/12/19",18:15:00,"Collision with vehicle","Thursday","Day",2,2,"Not at intersection",2,60,"B",2017,"WAGON","MAZDA","Station Wagon","M",39,"30-39","Drivers"
"T20200012725","20/6/19",16:00:00,"Collision with vehicle","Thursday","Unknown",2,2,"T intersection",3,60,"A",2017,"S WAG","VOLKS","Station Wagon","F",54,"50-59","Drivers"
"T20200012725","20/6/19",16:00:00,"Collision with vehicle","Thursday","Unknown",2,2,"T intersection",3,60,"B",2007,"SEDAN","FORD","Car","F",23,"22-25","Drivers"
"T20200012956","19/10/19",11:00:00,"Collision with vehicle","Saturday","Unknown",2,2,"Not at intersection",3,40,"B",2009,"COUPE","MERC B","Car","M",67,"64-69","Drivers"
"T20200013309","3/7/19",12:00:00,"Collision with vehicle","Wednesday","Day",2,2,"Cross intersection",3,60,"A",2015,"WAGON","MAZDA","Station Wagon","F",51,"50-59","Drivers"
"T20200013309","3/7/19",12:00:00,"Collision with vehicle","Wednesday","Day",2,2,"Cross intersection",3,60,"B",1975,"TRAY","MAZDA","Utility","M",77,"70+","Drivers"
"T20200013493","28/9/19",16:50:00,"Collision with vehicle","Saturday","Day",2,3,"Cross intersection",3,60,"A",2004,"WAGON","SUBARU","Station Wagon","M",37,"30-39","Drivers"
"T20200013493","28/9/19",16:50:00,"Collision with vehicle","Saturday","Day",2,3,"Cross intersection",3,60,"B",2007,"WAGON","SUBARU","Station Wagon","M",22,"22-25","Drivers"
"T20200013526","7/12/19",14:51:00,"Collision with vehicle","Saturday","Day",2,2,"Cross intersection",3,999,"B",2009,"DC UTE","TOYOTA","Utility","M",55,"50-59","Drivers"
"T20200014016","26/7/19",20:00:00,"Struck Pedestrian","Friday","Dark Street lights unknown",1,2,"T intersection",3,60,"A",2005,"SEDAN","FORD","Car","M",22,"22-25","Drivers"
"T20200014671","20/11/19",17:50:00,"Collision with vehicle","Wednesday","Unknown",2,2,"Cross intersection",3,50,"A",2006,"SED","MITSUB","Car","F",44,"40-49","Drivers"
"T20200014671","20/11/19",17:50:00,"Collision with vehicle","Wednesday","Unknown",2,2,"Cross intersection",3,50,"B",2009,"SEDAN","HYNDAI","Car","M",21,"17-21","Drivers"
"T20200015666","28/8/19",13:45:00,"Collision with vehicle","Wednesday","Day",2,2,"Not at intersection",3,50,"A",2012,"WAGON","TOYOTA","Station Wagon","F",35,"30-39","Drivers"
"T20200015666","28/8/19",13:45:00,"Collision with vehicle","Wednesday","Day",2,2,"Not at intersection",3,50,"B",2003,"WAGON","JEEP","Station Wagon","M",21,"17-21","Drivers"
"T20200015950","18/9/19",08:45:00,"Collision with vehicle","Wednesday","Day",2,2,"Not at intersection",3,60,"B",2015,"RDSTR","MAZDA","Car","U",NA,"unknown","Drivers"
"T20200016363","30/10/19",13:00:00,"Collision with vehicle","Wednesday","Unknown",2,2,"Cross intersection",3,60,"A",2018,"SEDAN","REN","Car","F",47,"40-49","Drivers"
"T20200016363","30/10/19",13:00:00,"Collision with vehicle","Wednesday","Unknown",2,2,"Cross intersection",3,60,"B",2018,"WAGON","TOYOTA","Station Wagon","F",55,"50-59","Drivers"
"T20200016482","17/11/19",08:30:00,"Collision with vehicle","Sunday","Day",2,2,"Not at intersection",3,80,"A",2017,"SEDAN","HYNDAI","Car","M",78,"70+","Drivers"
"T20200016482","17/11/19",08:30:00,"Collision with vehicle","Sunday","Day",2,2,"Not at intersection",3,80,"B",2014,"P MVR","VOLVO","Prime Mover Only","U",NA,"unknown","Drivers"
"T20200016524","22/10/19",12:00:00,"Collision with vehicle","Tuesday","Day",2,2,"Cross intersection",3,50,"C",2003,"SEDAN","HOLDEN","Car","F",27,"26-29","Drivers"
"T20200016524","22/10/19",12:00:00,"Collision with vehicle","Tuesday","Day",2,2,"Cross intersection",3,50,"D",2011,"SEDAN","HOLDEN","Car","M",33,"30-39","Drivers"
"T20200016580","16/9/19",14:23:00,"Collision with vehicle","Monday","Day",2,2,"Not at intersection",2,60,"A",2003,"SEDAN","TOYOTA","Car","F",28,"26-29","Drivers"
"T20200016580","16/9/19",14:23:00,"Collision with vehicle","Monday","Day",2,2,"Not at intersection",2,60,"B",2019,"WAGON","KIA","Station Wagon","M",81,"70+","Drivers"
"T20200017495","9/12/19",07:40:00,"Collision with vehicle","Monday","Day",4,4,"Not at intersection",3,100,"A",2016,"SEDAN","KIA","Car","F",40,"40-49","Drivers"
"T20200017495","9/12/19",07:40:00,"Collision with vehicle","Monday","Day",4,4,"Not at intersection",3,100,"B",2005,"SEDAN","TOYOTA","Car","M",38,"30-39","Drivers"
"T20200017495","9/12/19",07:40:00,"Collision with vehicle","Monday","Day",4,4,"Not at intersection",3,100,"C",2013,"SEDAN","HYNDAI","Car","F",44,"40-49","Drivers"
"T20200017495","9/12/19",07:40:00,"Collision with vehicle","Monday","Day",4,4,"Not at intersection",3,100,"D",2003,"TRAY","HOLDEN","Utility","M",34,"30-39","Drivers"
"T20200017816","14/10/19",12:00:00,"Collision with vehicle","Monday","Day",2,2,"T intersection",3,50,"A",2018,"UTIL","FORD","Utility","M",26,"26-29","Drivers"
"T20200017816","14/10/19",12:00:00,"Collision with vehicle","Monday","Day",2,2,"T intersection",3,50,"B",2019,"DC UTE","TOYOTA","Utility","M",23,"22-25","Drivers"
"T20200017873","29/5/19",18:30:00,"Collision with vehicle","Wednesday","Dusk/Dawn",2,2,"T intersection",3,60,"A",2003,"SEDAN","MERC B","Car","F",54,"50-59","Drivers"
"T20200017873","29/5/19",18:30:00,"Collision with vehicle","Wednesday","Dusk/Dawn",2,2,"T intersection",3,60,"B",2012,"SEDAN","TOYOTA","Car","F",38,"30-39","Drivers"
"T20200017994","13/12/19",19:00:00,"Collision with vehicle","Friday","Day",2,2,"T intersection",3,999,"A",2005,"SEDAN","HOLDEN","Car","M",62,"60-64","Drivers"
"T20200017994","13/12/19",19:00:00,"Collision with vehicle","Friday","Day",2,2,"T intersection",3,999,"B",0,"SEDAN","TOYOTA","Car","U",NA,"unknown","Drivers"
"T20200018108","4/10/19",15:00:00,"Collision with vehicle","Friday","Day",2,2,"Cross intersection",3,60,"A",2003,"SEDAN","MAZDA","Car","F",51,"50-59","Drivers"
"T20200018108","4/10/19",15:00:00,"Collision with vehicle","Friday","Day",2,2,"Cross intersection",3,60,"B",2010,"WAGON","UNKN","Station Wagon","F",50,"50-59","Drivers"
"T20200018308","10/11/19",12:00:00,"Collision with vehicle","Sunday","Unknown",2,2,"Not at intersection",3,40,"A",2004,"TRAY","HOLDEN","Light Commercial Vehicle (Rigid) <= 4.5 Tonnes GVM","M",47,"40-49","Drivers"
"T20200018702","30/9/19",12:00:00,"Collision with vehicle","Monday","Day",2,2,"Not at intersection",3,80,"A",2003,"SEDAN","TOYOTA","Car","M",31,"30-39","Drivers"
"T20200018702","30/9/19",12:00:00,"Collision with vehicle","Monday","Day",2,2,"Not at intersection",3,80,"B",2012,"UTIL","VOLKS","Utility","M",47,"40-49","Drivers"